solid OpenSCAD_Model
  facet normal 0 0 1
    outer loop
      vertex 3.55968 5.01782 22
      vertex 4.09991 4.58701 22
      vertex 4.1413 4.87949 22
    endloop
  endfacet
  facet normal 0 0 1
    outer loop
      vertex 4.09991 4.58701 22
      vertex 3.55968 5.01782 22
      vertex 4.04231 4.33757 22
    endloop
  endfacet
  facet normal -0 0 1
    outer loop
      vertex 3.32932 4.90617 22
      vertex 4.04231 4.33757 22
      vertex 3.55968 5.01782 22
    endloop
  endfacet
  facet normal 0 0 1
    outer loop
      vertex 4.04231 4.33757 22
      vertex 3.32932 4.90617 22
      vertex 3.97556 4.1315 22
    endloop
  endfacet
  facet normal -0 0 1
    outer loop
      vertex 3.55968 5.01782 22
      vertex 4.1413 4.87949 22
      vertex 3.83562 5.12326 22
    endloop
  endfacet
  facet normal -0 0 1
    outer loop
      vertex 3.14326 4.79523 22
      vertex 3.97556 4.1315 22
      vertex 3.32932 4.90617 22
    endloop
  endfacet
  facet normal 0 0 1
    outer loop
      vertex 3.97556 4.1315 22
      vertex 3.14326 4.79523 22
      vertex 3.90662 3.96822 22
    endloop
  endfacet
  facet normal -0 0 1
    outer loop
      vertex 2.99942 4.69168 22
      vertex 3.90662 3.96822 22
      vertex 3.14326 4.79523 22
    endloop
  endfacet
  facet normal 0 0 1
    outer loop
      vertex 3.90662 3.96822 22
      vertex 2.99942 4.69168 22
      vertex 3.84229 3.84631 22
    endloop
  endfacet
  facet normal -0 0 1
    outer loop
      vertex 2.89488 4.60184 22
      vertex 3.84229 3.84631 22
      vertex 2.99942 4.69168 22
    endloop
  endfacet
  facet normal 0 0 1
    outer loop
      vertex 3.84229 3.84631 22
      vertex 2.89488 4.60184 22
      vertex 3.78905 3.76349 22
    endloop
  endfacet
  facet normal -0 0 1
    outer loop
      vertex 2.82597 4.53151 22
      vertex 3.78905 3.76349 22
      vertex 2.89488 4.60184 22
    endloop
  endfacet
  facet normal 0 -0 1
    outer loop
      vertex 3.73984 3.70203 22
      vertex 3.78905 3.76349 22
      vertex 2.82597 4.53151 22
    endloop
  endfacet
  facet normal 0 0 1
    outer loop
      vertex 3.27824 3.2451 22
      vertex 3.06418 2.57115 22
      vertex 3.27661 2.2943 22
    endloop
  endfacet
  facet normal 0 0 1
    outer loop
      vertex 3.78905 3.76349 22
      vertex 3.73984 3.70203 22
      vertex 3.75301 3.71666 22
    endloop
  endfacet
  facet normal 0 0 1
    outer loop
      vertex 3.73984 3.70203 22
      vertex 2.77701 4.46985 22
      vertex 3.27824 3.2451 22
    endloop
  endfacet
  facet normal 0 0 1
    outer loop
      vertex 3.27824 3.2451 22
      vertex 2.82843 2.82843 22
      vertex 3.06418 2.57115 22
    endloop
  endfacet
  facet normal 0 0 1
    outer loop
      vertex 3.73984 3.70203 22
      vertex 2.82597 4.53151 22
      vertex 2.77701 4.46985 22
    endloop
  endfacet
  facet normal 0 0 1
    outer loop
      vertex 2.77701 4.46985 22
      vertex 2.82597 4.53151 22
      vertex 2.78835 4.48595 22
    endloop
  endfacet
  facet normal -0 0 1
    outer loop
      vertex 2.4368 3.92224 22
      vertex 3.27824 3.2451 22
      vertex 2.77701 4.46985 22
    endloop
  endfacet
  facet normal 0 -0 1
    outer loop
      vertex 2.57115 3.06418 22
      vertex 3.27824 3.2451 22
      vertex 2.4368 3.92224 22
    endloop
  endfacet
  facet normal 0 0 1
    outer loop
      vertex 3.27824 3.2451 22
      vertex 2.57115 3.06418 22
      vertex 2.82843 2.82843 22
    endloop
  endfacet
  facet normal 0 0 1
    outer loop
      vertex 2 3.4641 22
      vertex 2.4368 3.92224 22
      vertex 2.41945 3.93581 22
    endloop
  endfacet
  facet normal 0 0 1
    outer loop
      vertex 2.4368 3.92224 22
      vertex 2.2943 3.27661 22
      vertex 2.57115 3.06418 22
    endloop
  endfacet
  facet normal 0 0 1
    outer loop
      vertex 2.4368 3.92224 22
      vertex 2 3.4641 22
      vertex 2.2943 3.27661 22
    endloop
  endfacet
  facet normal 0 0 1
    outer loop
      vertex 2.41945 3.93581 22
      vertex 1.69047 3.62523 22
      vertex 2 3.4641 22
    endloop
  endfacet
  facet normal 0 0 1
    outer loop
      vertex 1.54559 4.3461 22
      vertex 1.69047 3.62523 22
      vertex 2.41945 3.93581 22
    endloop
  endfacet
  facet normal 0 0 1
    outer loop
      vertex 1.69047 3.62523 22
      vertex 1.54559 4.3461 22
      vertex 1.36808 3.75877 22
    endloop
  endfacet
  facet normal 0 0 1
    outer loop
      vertex 5.67867 2.95169 22
      vertex 5.68413 2.35387 22
      vertex 5.84831 2.59941 22
    endloop
  endfacet
  facet normal 0 0 1
    outer loop
      vertex 5.38432 2.97641 22
      vertex 5.68413 2.35387 22
      vertex 5.67867 2.95169 22
    endloop
  endfacet
  facet normal 0 0 1
    outer loop
      vertex 5.68413 2.35387 22
      vertex 5.38432 2.97641 22
      vertex 5.524 2.15411 22
    endloop
  endfacet
  facet normal -0 0 1
    outer loop
      vertex 5.12833 2.97577 22
      vertex 5.524 2.15411 22
      vertex 5.38432 2.97641 22
    endloop
  endfacet
  facet normal 0 0 1
    outer loop
      vertex 5.524 2.15411 22
      vertex 5.12833 2.97577 22
      vertex 5.37445 1.99742 22
    endloop
  endfacet
  facet normal -0 0 1
    outer loop
      vertex 4.91255 2.95654 22
      vertex 5.37445 1.99742 22
      vertex 5.12833 2.97577 22
    endloop
  endfacet
  facet normal 0 0 1
    outer loop
      vertex 5.37445 1.99742 22
      vertex 4.91255 2.95654 22
      vertex 5.24149 1.88022 22
    endloop
  endfacet
  facet normal -0 0 1
    outer loop
      vertex 4.73804 2.92566 22
      vertex 5.24149 1.88022 22
      vertex 4.91255 2.95654 22
    endloop
  endfacet
  facet normal 0 0 1
    outer loop
      vertex 5.24149 1.88022 22
      vertex 4.73804 2.92566 22
      vertex 5.13063 1.79829 22
    endloop
  endfacet
  facet normal -0 0 1
    outer loop
      vertex 4.60487 2.89006 22
      vertex 5.13063 1.79829 22
      vertex 4.73804 2.92566 22
    endloop
  endfacet
  facet normal 0 0 1
    outer loop
      vertex 5.13063 1.79829 22
      vertex 4.60487 2.89006 22
      vertex 5.04674 1.74677 22
    endloop
  endfacet
  facet normal -0 0 1
    outer loop
      vertex 4.51227 2.8566 22
      vertex 5.04674 1.74677 22
      vertex 4.60487 2.89006 22
    endloop
  endfacet
  facet normal 0 -0 1
    outer loop
      vertex 4.97572 1.71275 22
      vertex 5.04674 1.74677 22
      vertex 4.51227 2.8566 22
    endloop
  endfacet
  facet normal 0 0 1
    outer loop
      vertex 5.04674 1.74677 22
      vertex 4.97572 1.71275 22
      vertex 4.99394 1.72021 22
    endloop
  endfacet
  facet normal 0 0 1
    outer loop
      vertex 4.44139 2.8223 22
      vertex 4.51227 2.8566 22
      vertex 4.4586 2.83188 22
    endloop
  endfacet
  facet normal 0 0 1
    outer loop
      vertex 4.51227 2.8566 22
      vertex 4.44139 2.8223 22
      vertex 4.97572 1.71275 22
    endloop
  endfacet
  facet normal 0 0 1
    outer loop
      vertex 4.44139 2.8223 22
      vertex 4.36159 1.50136 22
      vertex 4.97572 1.71275 22
    endloop
  endfacet
  facet normal -0 0 1
    outer loop
      vertex 3.89728 2.47653 22
      vertex 4.36159 1.50136 22
      vertex 4.44139 2.8223 22
    endloop
  endfacet
  facet normal 0 0 1
    outer loop
      vertex 4.36159 1.50136 22
      vertex 3.98478 0.348622 22
      vertex 4 0 22
    endloop
  endfacet
  facet normal 0 0 1
    outer loop
      vertex 4.36159 1.50136 22
      vertex 3.93923 0.694592 22
      vertex 3.98478 0.348622 22
    endloop
  endfacet
  facet normal -0 0 1
    outer loop
      vertex 3.62523 1.69047 22
      vertex 4.36159 1.50136 22
      vertex 3.89728 2.47653 22
    endloop
  endfacet
  facet normal 0 0 1
    outer loop
      vertex 3.27661 2.2943 22
      vertex 3.89728 2.47653 22
      vertex 3.88753 2.49628 22
    endloop
  endfacet
  facet normal 0 0 1
    outer loop
      vertex 4.36159 1.50136 22
      vertex 3.8637 1.03528 22
      vertex 3.93923 0.694592 22
    endloop
  endfacet
  facet normal 0 0 1
    outer loop
      vertex 4.36159 1.50136 22
      vertex 3.75877 1.36808 22
      vertex 3.8637 1.03528 22
    endloop
  endfacet
  facet normal 0 0 1
    outer loop
      vertex 4.36159 1.50136 22
      vertex 3.62523 1.69047 22
      vertex 3.75877 1.36808 22
    endloop
  endfacet
  facet normal 0 0 1
    outer loop
      vertex 3.89728 2.47653 22
      vertex 3.4641 2 22
      vertex 3.62523 1.69047 22
    endloop
  endfacet
  facet normal 0 0 1
    outer loop
      vertex 3.27661 2.2943 22
      vertex 3.88753 2.49628 22
      vertex 3.27824 3.2451 22
    endloop
  endfacet
  facet normal 0 0 1
    outer loop
      vertex 3.89728 2.47653 22
      vertex 3.27661 2.2943 22
      vertex 3.4641 2 22
    endloop
  endfacet
  facet normal 0 0 1
    outer loop
      vertex 6.14253 0.34549 22
      vertex 6.397 -0.195496 22
      vertex 6.397 0.195496 22
    endloop
  endfacet
  facet normal 0 0 1
    outer loop
      vertex 6.14253 0.34549 22
      vertex 6.14253 -0.34549 22
      vertex 6.397 -0.195496 22
    endloop
  endfacet
  facet normal 0 0 1
    outer loop
      vertex 5.91161 0.455978 22
      vertex 6.14253 -0.34549 22
      vertex 6.14253 0.34549 22
    endloop
  endfacet
  facet normal 0 0 1
    outer loop
      vertex 5.91161 0.455978 22
      vertex 5.91161 -0.455978 22
      vertex 6.14253 -0.34549 22
    endloop
  endfacet
  facet normal 0 0 1
    outer loop
      vertex 5.70886 0.532272 22
      vertex 5.91161 -0.455978 22
      vertex 5.91161 0.455978 22
    endloop
  endfacet
  facet normal 0 0 1
    outer loop
      vertex 5.70886 0.532272 22
      vertex 5.70886 -0.532272 22
      vertex 5.91161 -0.455978 22
    endloop
  endfacet
  facet normal 0 0 1
    outer loop
      vertex 5.53822 0.58017 22
      vertex 5.70886 -0.532272 22
      vertex 5.70886 0.532272 22
    endloop
  endfacet
  facet normal 0 0 1
    outer loop
      vertex 5.53822 0.58017 22
      vertex 5.53822 -0.58017 22
      vertex 5.70886 -0.532272 22
    endloop
  endfacet
  facet normal 0 0 1
    outer loop
      vertex 5.4028 0.605881 22
      vertex 5.53822 -0.58017 22
      vertex 5.53822 0.58017 22
    endloop
  endfacet
  facet normal 0 0 1
    outer loop
      vertex 5.4028 0.605881 22
      vertex 5.4028 -0.605881 22
      vertex 5.53822 -0.58017 22
    endloop
  endfacet
  facet normal 0 0 1
    outer loop
      vertex 5.30486 0.615906 22
      vertex 5.4028 -0.605881 22
      vertex 5.4028 0.605881 22
    endloop
  endfacet
  facet normal 0 0 1
    outer loop
      vertex 5.30486 0.615906 22
      vertex 5.30486 -0.615906 22
      vertex 5.4028 -0.605881 22
    endloop
  endfacet
  facet normal 0 0 1
    outer loop
      vertex 5.22612 0.615753 22
      vertex 5.30486 0.615906 22
      vertex 5.24577 0.616928 22
    endloop
  endfacet
  facet normal 0 0 1
    outer loop
      vertex 5.30486 0.615906 22
      vertex 5.22612 0.615753 22
      vertex 5.30486 -0.615906 22
    endloop
  endfacet
  facet normal -0 0 1
    outer loop
      vertex 5.22612 -0.615753 22
      vertex 5.30486 -0.615906 22
      vertex 5.22612 0.615753 22
    endloop
  endfacet
  facet normal 0 0 1
    outer loop
      vertex 5.30486 -0.615906 22
      vertex 5.22612 -0.615753 22
      vertex 5.24577 -0.616928 22
    endloop
  endfacet
  facet normal -0 0 1
    outer loop
      vertex 4.58586 0.540314 22
      vertex 5.22612 -0.615753 22
      vertex 5.22612 0.615753 22
    endloop
  endfacet
  facet normal 0 0 1
    outer loop
      vertex 4.58586 0.540314 22
      vertex 4.58107 -0.539749 22
      vertex 5.22612 -0.615753 22
    endloop
  endfacet
  facet normal 0 0 1
    outer loop
      vertex 4 0 22
      vertex 4.58586 0.540314 22
      vertex 4.58565 0.562332 22
    endloop
  endfacet
  facet normal 0 0 1
    outer loop
      vertex 4.58586 0.540314 22
      vertex 4 0 22
      vertex 4.58107 -0.539749 22
    endloop
  endfacet
  facet normal 0 0 1
    outer loop
      vertex 3.93923 -0.694592 22
      vertex 4.58107 -0.539749 22
      vertex 3.98478 -0.348622 22
    endloop
  endfacet
  facet normal 0 0 1
    outer loop
      vertex 4 0 22
      vertex 4.58565 0.562332 22
      vertex 4.36159 1.50136 22
    endloop
  endfacet
  facet normal 0 0 1
    outer loop
      vertex 5.68413 -2.35387 22
      vertex 5.67867 -2.95169 22
      vertex 5.84831 -2.59941 22
    endloop
  endfacet
  facet normal 0 0 1
    outer loop
      vertex 5.38432 -2.97641 22
      vertex 5.68413 -2.35387 22
      vertex 5.524 -2.15411 22
    endloop
  endfacet
  facet normal 0 0 1
    outer loop
      vertex 5.68413 -2.35387 22
      vertex 5.38432 -2.97641 22
      vertex 5.67867 -2.95169 22
    endloop
  endfacet
  facet normal 0 0 1
    outer loop
      vertex 5.12833 -2.97577 22
      vertex 5.524 -2.15411 22
      vertex 5.37445 -1.99742 22
    endloop
  endfacet
  facet normal 0 0 1
    outer loop
      vertex 4.91255 -2.95654 22
      vertex 5.37445 -1.99742 22
      vertex 5.24149 -1.88022 22
    endloop
  endfacet
  facet normal 0 0 1
    outer loop
      vertex 4.73804 -2.92566 22
      vertex 5.24149 -1.88022 22
      vertex 5.13063 -1.79829 22
    endloop
  endfacet
  facet normal 0 0 1
    outer loop
      vertex 5.524 -2.15411 22
      vertex 5.12833 -2.97577 22
      vertex 5.38432 -2.97641 22
    endloop
  endfacet
  facet normal 0 0 1
    outer loop
      vertex 4.60487 -2.89006 22
      vertex 5.13063 -1.79829 22
      vertex 5.04674 -1.74677 22
    endloop
  endfacet
  facet normal 0 0 1
    outer loop
      vertex 4.97572 -1.71275 22
      vertex 5.04674 -1.74677 22
      vertex 4.99394 -1.72021 22
    endloop
  endfacet
  facet normal 0 0 1
    outer loop
      vertex 5.04674 -1.74677 22
      vertex 4.97572 -1.71275 22
      vertex 4.51227 -2.8566 22
    endloop
  endfacet
  facet normal 0 0 1
    outer loop
      vertex 5.37445 -1.99742 22
      vertex 4.91255 -2.95654 22
      vertex 5.12833 -2.97577 22
    endloop
  endfacet
  facet normal 0 0 1
    outer loop
      vertex 5.24149 -1.88022 22
      vertex 4.73804 -2.92566 22
      vertex 4.91255 -2.95654 22
    endloop
  endfacet
  facet normal 0 0 1
    outer loop
      vertex 5.13063 -1.79829 22
      vertex 4.60487 -2.89006 22
      vertex 4.73804 -2.92566 22
    endloop
  endfacet
  facet normal 0 0 1
    outer loop
      vertex 5.04674 -1.74677 22
      vertex 4.51227 -2.8566 22
      vertex 4.60487 -2.89006 22
    endloop
  endfacet
  facet normal -0 0 1
    outer loop
      vertex 4.44139 -2.8223 22
      vertex 4.51227 -2.8566 22
      vertex 4.97572 -1.71275 22
    endloop
  endfacet
  facet normal 0 0 1
    outer loop
      vertex 4.51227 -2.8566 22
      vertex 4.44139 -2.8223 22
      vertex 4.4586 -2.83188 22
    endloop
  endfacet
  facet normal 0 0 1
    outer loop
      vertex 4.36615 -1.50293 22
      vertex 4.44139 -2.8223 22
      vertex 4.97572 -1.71275 22
    endloop
  endfacet
  facet normal 0 0 1
    outer loop
      vertex 4.58107 -0.539749 22
      vertex 4 0 22
      vertex 3.98478 -0.348622 22
    endloop
  endfacet
  facet normal 0 0 1
    outer loop
      vertex 3.8637 -1.03528 22
      vertex 4.58107 -0.539749 22
      vertex 3.93923 -0.694592 22
    endloop
  endfacet
  facet normal 0 0 1
    outer loop
      vertex 4.58107 -0.539749 22
      vertex 3.8637 -1.03528 22
      vertex 4.3755 -1.48299 22
    endloop
  endfacet
  facet normal -0 0 1
    outer loop
      vertex 3.75877 -1.36808 22
      vertex 4.3755 -1.48299 22
      vertex 3.8637 -1.03528 22
    endloop
  endfacet
  facet normal 0 0 1
    outer loop
      vertex 4.3755 -1.48299 22
      vertex 3.75877 -1.36808 22
      vertex 4.36615 -1.50293 22
    endloop
  endfacet
  facet normal 0 0 1
    outer loop
      vertex 3.62523 -1.69047 22
      vertex 4.36615 -1.50293 22
      vertex 3.75877 -1.36808 22
    endloop
  endfacet
  facet normal 0 0 1
    outer loop
      vertex 4.36615 -1.50293 22
      vertex 3.8932 -2.47395 22
      vertex 4.44139 -2.8223 22
    endloop
  endfacet
  facet normal 0 0 1
    outer loop
      vertex 4.36615 -1.50293 22
      vertex 3.62523 -1.69047 22
      vertex 3.8932 -2.47395 22
    endloop
  endfacet
  facet normal -0 0 1
    outer loop
      vertex 3.4641 -2 22
      vertex 3.8932 -2.47395 22
      vertex 3.62523 -1.69047 22
    endloop
  endfacet
  facet normal -0 0 1
    outer loop
      vertex 3.27661 -2.2943 22
      vertex 3.8932 -2.47395 22
      vertex 3.4641 -2 22
    endloop
  endfacet
  facet normal 0 0 1
    outer loop
      vertex 3.06418 -2.57115 22
      vertex 3.8932 -2.47395 22
      vertex 3.27661 -2.2943 22
    endloop
  endfacet
  facet normal 0 0 1
    outer loop
      vertex 3.8932 -2.47395 22
      vertex 3.06418 -2.57115 22
      vertex 3.29875 -3.23459 22
    endloop
  endfacet
  facet normal 0 0 1
    outer loop
      vertex 3.55968 -5.01782 22
      vertex 4.09991 -4.58701 22
      vertex 4.04231 -4.33757 22
    endloop
  endfacet
  facet normal 0 0 1
    outer loop
      vertex 3.32932 -4.90617 22
      vertex 4.04231 -4.33757 22
      vertex 3.97556 -4.1315 22
    endloop
  endfacet
  facet normal 0 0 1
    outer loop
      vertex 3.14326 -4.79523 22
      vertex 3.97556 -4.1315 22
      vertex 3.90662 -3.96822 22
    endloop
  endfacet
  facet normal 0 0 1
    outer loop
      vertex 2.99942 -4.69168 22
      vertex 3.90662 -3.96822 22
      vertex 3.84229 -3.84631 22
    endloop
  endfacet
  facet normal 0 0 1
    outer loop
      vertex 4.09991 -4.58701 22
      vertex 3.55968 -5.01782 22
      vertex 4.1413 -4.87949 22
    endloop
  endfacet
  facet normal 0 0 1
    outer loop
      vertex 2.89488 -4.60184 22
      vertex 3.84229 -3.84631 22
      vertex 3.78905 -3.76349 22
    endloop
  endfacet
  facet normal 0 0 1
    outer loop
      vertex 3.73984 -3.70203 22
      vertex 3.78905 -3.76349 22
      vertex 3.75301 -3.71666 22
    endloop
  endfacet
  facet normal 0 0 1
    outer loop
      vertex 3.78905 -3.76349 22
      vertex 3.73984 -3.70203 22
      vertex 2.82597 -4.53151 22
    endloop
  endfacet
  facet normal 0 0 1
    outer loop
      vertex 4.1413 -4.87949 22
      vertex 3.55968 -5.01782 22
      vertex 3.83562 -5.12326 22
    endloop
  endfacet
  facet normal 0 0 1
    outer loop
      vertex 4.04231 -4.33757 22
      vertex 3.32932 -4.90617 22
      vertex 3.55968 -5.01782 22
    endloop
  endfacet
  facet normal 0 0 1
    outer loop
      vertex 2.77701 -4.46985 22
      vertex 3.73984 -3.70203 22
      vertex 3.28166 -3.24849 22
    endloop
  endfacet
  facet normal 0 0 1
    outer loop
      vertex 3.97556 -4.1315 22
      vertex 3.14326 -4.79523 22
      vertex 3.32932 -4.90617 22
    endloop
  endfacet
  facet normal -0 0 1
    outer loop
      vertex 2.82843 -2.82843 22
      vertex 3.29875 -3.23459 22
      vertex 3.06418 -2.57115 22
    endloop
  endfacet
  facet normal 0 0 1
    outer loop
      vertex 3.29875 -3.23459 22
      vertex 2.82843 -2.82843 22
      vertex 3.28166 -3.24849 22
    endloop
  endfacet
  facet normal -0 0 1
    outer loop
      vertex 2.57115 -3.06418 22
      vertex 3.28166 -3.24849 22
      vertex 2.82843 -2.82843 22
    endloop
  endfacet
  facet normal 0 0 1
    outer loop
      vertex 3.90662 -3.96822 22
      vertex 2.99942 -4.69168 22
      vertex 3.14326 -4.79523 22
    endloop
  endfacet
  facet normal 0 0 1
    outer loop
      vertex 3.84229 -3.84631 22
      vertex 2.89488 -4.60184 22
      vertex 2.99942 -4.69168 22
    endloop
  endfacet
  facet normal 0 -0 1
    outer loop
      vertex 2.82597 -4.53151 22
      vertex 3.73984 -3.70203 22
      vertex 2.77701 -4.46985 22
    endloop
  endfacet
  facet normal 0 0 1
    outer loop
      vertex 3.78905 -3.76349 22
      vertex 2.82597 -4.53151 22
      vertex 2.89488 -4.60184 22
    endloop
  endfacet
  facet normal 0 0 1
    outer loop
      vertex 2.82597 -4.53151 22
      vertex 2.77701 -4.46985 22
      vertex 2.78835 -4.48595 22
    endloop
  endfacet
  facet normal 0 0 1
    outer loop
      vertex 3.28166 -3.24849 22
      vertex 2.57115 -3.06418 22
      vertex 2.43425 -3.91815 22
    endloop
  endfacet
  facet normal 0 0 1
    outer loop
      vertex 3.28166 -3.24849 22
      vertex 2.43425 -3.91815 22
      vertex 2.77701 -4.46985 22
    endloop
  endfacet
  facet normal -0 0 1
    outer loop
      vertex 2.2943 -3.27661 22
      vertex 2.43425 -3.91815 22
      vertex 2.57115 -3.06418 22
    endloop
  endfacet
  facet normal -0 0 1
    outer loop
      vertex 2 -3.4641 22
      vertex 2.43425 -3.91815 22
      vertex 2.2943 -3.27661 22
    endloop
  endfacet
  facet normal -0 0 1
    outer loop
      vertex 1.69047 -3.62523 22
      vertex 2.43425 -3.91815 22
      vertex 2 -3.4641 22
    endloop
  endfacet
  facet normal 0 0 1
    outer loop
      vertex 1.69047 -3.62523 22
      vertex 1.56863 -4.34554 22
      vertex 2.43425 -3.91815 22
    endloop
  endfacet
  facet normal -0 0 1
    outer loop
      vertex 1.36808 -3.75877 22
      vertex 1.56863 -4.34554 22
      vertex 1.69047 -3.62523 22
    endloop
  endfacet
  facet normal 0 0 1
    outer loop
      vertex 1.56863 -4.34554 22
      vertex 1.36808 -3.75877 22
      vertex 1.54721 -4.35065 22
    endloop
  endfacet
  facet normal 0 0 1
    outer loop
      vertex 0.666733 -5.52846 22
      vertex 1.79799 -5.27026 22
      vertex 1.79292 -5.13251 22
    endloop
  endfacet
  facet normal 0 0 1
    outer loop
      vertex 0.611542 -5.40216 22
      vertex 1.79292 -5.13251 22
      vertex 1.7809 -5.03479 22
    endloop
  endfacet
  facet normal 0 0 1
    outer loop
      vertex 1.76323 -4.95807 22
      vertex 1.7809 -5.03479 22
      vertex 1.76875 -4.97696 22
    endloop
  endfacet
  facet normal 0 0 1
    outer loop
      vertex 1.7809 -5.03479 22
      vertex 1.76323 -4.95807 22
      vertex 0.579971 -5.3089 22
    endloop
  endfacet
  facet normal 0 0 1
    outer loop
      vertex 1.79799 -5.27026 22
      vertex 0.666733 -5.52846 22
      vertex 1.78926 -5.44728 22
    endloop
  endfacet
  facet normal 0 0 1
    outer loop
      vertex 1.78926 -5.44728 22
      vertex 0.751404 -5.68416 22
      vertex 1.75999 -5.66191 22
    endloop
  endfacet
  facet normal 0 -0 1
    outer loop
      vertex 0.870895 -5.86485 22
      vertex 1.75999 -5.66191 22
      vertex 0.751404 -5.68416 22
    endloop
  endfacet
  facet normal 0 0 1
    outer loop
      vertex 0.562592 -5.2321 22
      vertex 1.76323 -4.95807 22
      vertex 1.54721 -4.35065 22
    endloop
  endfacet
  facet normal -0 0 1
    outer loop
      vertex 1.03528 -3.8637 22
      vertex 1.54721 -4.35065 22
      vertex 1.36808 -3.75877 22
    endloop
  endfacet
  facet normal 0 -0 1
    outer loop
      vertex 0.579971 -5.3089 22
      vertex 1.76323 -4.95807 22
      vertex 0.562592 -5.2321 22
    endloop
  endfacet
  facet normal 0 0 1
    outer loop
      vertex 1.54721 -4.35065 22
      vertex 1.03528 -3.8637 22
      vertex 0.493149 -4.58632 22
    endloop
  endfacet
  facet normal 0 0 1
    outer loop
      vertex 1.61406 -6.1931 22
      vertex 1.03001 -6.0654 22
      vertex 1.23286 -6.28011 22
    endloop
  endfacet
  facet normal 0 0 1
    outer loop
      vertex 1.70366 -5.91164 22
      vertex 1.03001 -6.0654 22
      vertex 1.61406 -6.1931 22
    endloop
  endfacet
  facet normal 0 -0 1
    outer loop
      vertex 1.03001 -6.0654 22
      vertex 1.70366 -5.91164 22
      vertex 0.870895 -5.86485 22
    endloop
  endfacet
  facet normal 0 0 1
    outer loop
      vertex 0.493149 -4.58632 22
      vertex 1.03528 -3.8637 22
      vertex 0.694592 -3.93923 22
    endloop
  endfacet
  facet normal 0 0 1
    outer loop
      vertex 1.78926 -5.44728 22
      vertex 0.666733 -5.52846 22
      vertex 0.751404 -5.68416 22
    endloop
  endfacet
  facet normal 0 0 1
    outer loop
      vertex 1.75999 -5.66191 22
      vertex 0.870895 -5.86485 22
      vertex 1.70366 -5.91164 22
    endloop
  endfacet
  facet normal 0 0 1
    outer loop
      vertex 1.79292 -5.13251 22
      vertex 0.611542 -5.40216 22
      vertex 0.666733 -5.52846 22
    endloop
  endfacet
  facet normal 0 0 1
    outer loop
      vertex 1.7809 -5.03479 22
      vertex 0.579971 -5.3089 22
      vertex 0.611542 -5.40216 22
    endloop
  endfacet
  facet normal 0 0 1
    outer loop
      vertex 0.579971 -5.3089 22
      vertex 0.562592 -5.2321 22
      vertex 0.565826 -5.25153 22
    endloop
  endfacet
  facet normal 0 0 1
    outer loop
      vertex 1.54721 -4.35065 22
      vertex 0.493149 -4.58632 22
      vertex 0.562592 -5.2321 22
    endloop
  endfacet
  facet normal -0 0 1
    outer loop
      vertex 0.348622 -3.98478 22
      vertex 0.493149 -4.58632 22
      vertex 0.694592 -3.93923 22
    endloop
  endfacet
  facet normal -0 0 1
    outer loop
      vertex 0 -4 22
      vertex 0.493149 -4.58632 22
      vertex 0.348622 -3.98478 22
    endloop
  endfacet
  facet normal 0 0 1
    outer loop
      vertex -0.472153 -4.59579 22
      vertex 0 -4 22
      vertex -0.348622 -3.98478 22
    endloop
  endfacet
  facet normal 0 0 1
    outer loop
      vertex 0 -4 22
      vertex -0.472153 -4.59579 22
      vertex 0.493149 -4.58632 22
    endloop
  endfacet
  facet normal 0 0 1
    outer loop
      vertex -0.348622 -3.98478 22
      vertex -0.493668 -4.59111 22
      vertex -0.472153 -4.59579 22
    endloop
  endfacet
  facet normal -0 0 1
    outer loop
      vertex -1.76323 -4.95807 22
      vertex -0.562592 -5.2321 22
      vertex -0.493668 -4.59111 22
    endloop
  endfacet
  facet normal 0 -0 1
    outer loop
      vertex -0.579971 -5.3089 22
      vertex -0.562592 -5.2321 22
      vertex -1.76323 -4.95807 22
    endloop
  endfacet
  facet normal 0 0 1
    outer loop
      vertex -0.562592 -5.2321 22
      vertex -0.579971 -5.3089 22
      vertex -0.565826 -5.25153 22
    endloop
  endfacet
  facet normal -0 0 1
    outer loop
      vertex -1.7809 -5.03479 22
      vertex -0.579971 -5.3089 22
      vertex -1.76323 -4.95807 22
    endloop
  endfacet
  facet normal 0 0 1
    outer loop
      vertex -0.694592 -3.93923 22
      vertex -0.493668 -4.59111 22
      vertex -0.348622 -3.98478 22
    endloop
  endfacet
  facet normal 0 0 1
    outer loop
      vertex -1.03528 -3.8637 22
      vertex -0.493668 -4.59111 22
      vertex -0.694592 -3.93923 22
    endloop
  endfacet
  facet normal 0 0 1
    outer loop
      vertex -1.76323 -4.95807 22
      vertex -0.493668 -4.59111 22
      vertex -1.54559 -4.3461 22
    endloop
  endfacet
  facet normal 0 0 1
    outer loop
      vertex -0.579971 -5.3089 22
      vertex -1.7809 -5.03479 22
      vertex -0.611542 -5.40216 22
    endloop
  endfacet
  facet normal -0 0 1
    outer loop
      vertex -1.79292 -5.13251 22
      vertex -0.611542 -5.40216 22
      vertex -1.7809 -5.03479 22
    endloop
  endfacet
  facet normal 0 0 1
    outer loop
      vertex -0.493668 -4.59111 22
      vertex -1.03528 -3.8637 22
      vertex -1.54559 -4.3461 22
    endloop
  endfacet
  facet normal 0 0 1
    outer loop
      vertex -0.611542 -5.40216 22
      vertex -1.79292 -5.13251 22
      vertex -0.666733 -5.52846 22
    endloop
  endfacet
  facet normal 0 0 1
    outer loop
      vertex -1.54559 -4.3461 22
      vertex -1.03528 -3.8637 22
      vertex -1.36808 -3.75877 22
    endloop
  endfacet
  facet normal -0 0 1
    outer loop
      vertex -1.79799 -5.27026 22
      vertex -0.666733 -5.52846 22
      vertex -1.79292 -5.13251 22
    endloop
  endfacet
  facet normal -0 -0 1
    outer loop
      vertex -1.78926 -5.44728 22
      vertex -0.751404 -5.68416 22
      vertex -1.79799 -5.27026 22
    endloop
  endfacet
  facet normal 0 0 1
    outer loop
      vertex -1.23286 -6.28011 22
      vertex -1.70366 -5.91164 22
      vertex -1.61406 -6.1931 22
    endloop
  endfacet
  facet normal 0 0 1
    outer loop
      vertex -1.03001 -6.0654 22
      vertex -1.70366 -5.91164 22
      vertex -1.23286 -6.28011 22
    endloop
  endfacet
  facet normal -0 -0 1
    outer loop
      vertex -1.75999 -5.66191 22
      vertex -0.870895 -5.86485 22
      vertex -1.78926 -5.44728 22
    endloop
  endfacet
  facet normal 0 0 1
    outer loop
      vertex -1.7809 -5.03479 22
      vertex -1.76323 -4.95807 22
      vertex -1.76875 -4.97696 22
    endloop
  endfacet
  facet normal 0 0 1
    outer loop
      vertex -0.666733 -5.52846 22
      vertex -1.79799 -5.27026 22
      vertex -0.751404 -5.68416 22
    endloop
  endfacet
  facet normal -0 -0 1
    outer loop
      vertex -1.70366 -5.91164 22
      vertex -1.03001 -6.0654 22
      vertex -1.75999 -5.66191 22
    endloop
  endfacet
  facet normal 0 0 1
    outer loop
      vertex -0.751404 -5.68416 22
      vertex -1.78926 -5.44728 22
      vertex -0.870895 -5.86485 22
    endloop
  endfacet
  facet normal 0 0 1
    outer loop
      vertex -0.870895 -5.86485 22
      vertex -1.75999 -5.66191 22
      vertex -1.03001 -6.0654 22
    endloop
  endfacet
  facet normal 0 0 1
    outer loop
      vertex -3.89728 -2.47653 22
      vertex -3.27661 -2.2943 22
      vertex -3.4641 -2 22
    endloop
  endfacet
  facet normal 0 0 1
    outer loop
      vertex -3.89728 -2.47653 22
      vertex -3.4641 -2 22
      vertex -3.62523 -1.69047 22
    endloop
  endfacet
  facet normal -0 0 1
    outer loop
      vertex -4.36159 -1.50136 22
      vertex -3.62523 -1.69047 22
      vertex -3.75877 -1.36808 22
    endloop
  endfacet
  facet normal 0 0 1
    outer loop
      vertex -4.36159 -1.50136 22
      vertex -3.75877 -1.36808 22
      vertex -3.8637 -1.03528 22
    endloop
  endfacet
  facet normal 0 0 1
    outer loop
      vertex -3.27661 -2.2943 22
      vertex -3.88753 -2.49628 22
      vertex -3.27824 -3.2451 22
    endloop
  endfacet
  facet normal 0 0 1
    outer loop
      vertex -3.27661 -2.2943 22
      vertex -3.89728 -2.47653 22
      vertex -3.88753 -2.49628 22
    endloop
  endfacet
  facet normal 0 0 1
    outer loop
      vertex -4.58565 -0.562332 22
      vertex -3.8637 -1.03528 22
      vertex -3.93923 -0.694592 22
    endloop
  endfacet
  facet normal -0 0 1
    outer loop
      vertex -4.58565 -0.562332 22
      vertex -3.93923 -0.694592 22
      vertex -3.98478 -0.348622 22
    endloop
  endfacet
  facet normal 0 0 1
    outer loop
      vertex -4.58586 -0.540314 22
      vertex -3.98478 -0.348622 22
      vertex -4 0 22
    endloop
  endfacet
  facet normal 0 0 1
    outer loop
      vertex -3.62523 -1.69047 22
      vertex -4.36159 -1.50136 22
      vertex -3.89728 -2.47653 22
    endloop
  endfacet
  facet normal 0 0 1
    outer loop
      vertex -4.36159 -1.50136 22
      vertex -4.44139 -2.8223 22
      vertex -3.89728 -2.47653 22
    endloop
  endfacet
  facet normal -0 0 1
    outer loop
      vertex -4.97572 -1.71275 22
      vertex -4.44139 -2.8223 22
      vertex -4.36159 -1.50136 22
    endloop
  endfacet
  facet normal 0 -0 1
    outer loop
      vertex -4.51227 -2.8566 22
      vertex -4.44139 -2.8223 22
      vertex -4.97572 -1.71275 22
    endloop
  endfacet
  facet normal 0 0 1
    outer loop
      vertex -4.44139 -2.8223 22
      vertex -4.51227 -2.8566 22
      vertex -4.4586 -2.83188 22
    endloop
  endfacet
  facet normal -0 0 1
    outer loop
      vertex -5.04674 -1.74677 22
      vertex -4.51227 -2.8566 22
      vertex -4.97572 -1.71275 22
    endloop
  endfacet
  facet normal 0 0 1
    outer loop
      vertex -4.51227 -2.8566 22
      vertex -5.04674 -1.74677 22
      vertex -4.60487 -2.89006 22
    endloop
  endfacet
  facet normal -0 0 1
    outer loop
      vertex -5.13063 -1.79829 22
      vertex -4.60487 -2.89006 22
      vertex -5.04674 -1.74677 22
    endloop
  endfacet
  facet normal 0 0 1
    outer loop
      vertex -5.04674 -1.74677 22
      vertex -4.97572 -1.71275 22
      vertex -4.99394 -1.72021 22
    endloop
  endfacet
  facet normal 0 0 1
    outer loop
      vertex -4.60487 -2.89006 22
      vertex -5.13063 -1.79829 22
      vertex -4.73804 -2.92566 22
    endloop
  endfacet
  facet normal -0 0 1
    outer loop
      vertex -5.24149 -1.88022 22
      vertex -4.73804 -2.92566 22
      vertex -5.13063 -1.79829 22
    endloop
  endfacet
  facet normal 0 0 1
    outer loop
      vertex -4.73804 -2.92566 22
      vertex -5.24149 -1.88022 22
      vertex -4.91255 -2.95654 22
    endloop
  endfacet
  facet normal -0 0 1
    outer loop
      vertex -5.37445 -1.99742 22
      vertex -4.91255 -2.95654 22
      vertex -5.24149 -1.88022 22
    endloop
  endfacet
  facet normal 0 0 1
    outer loop
      vertex -4.91255 -2.95654 22
      vertex -5.37445 -1.99742 22
      vertex -5.12833 -2.97577 22
    endloop
  endfacet
  facet normal -0 0 1
    outer loop
      vertex -5.524 -2.15411 22
      vertex -5.12833 -2.97577 22
      vertex -5.37445 -1.99742 22
    endloop
  endfacet
  facet normal 0 0 1
    outer loop
      vertex -5.12833 -2.97577 22
      vertex -5.524 -2.15411 22
      vertex -5.38432 -2.97641 22
    endloop
  endfacet
  facet normal -0 0 1
    outer loop
      vertex -5.68413 -2.35387 22
      vertex -5.38432 -2.97641 22
      vertex -5.524 -2.15411 22
    endloop
  endfacet
  facet normal 0 0 1
    outer loop
      vertex -5.38432 -2.97641 22
      vertex -5.68413 -2.35387 22
      vertex -5.67867 -2.95169 22
    endloop
  endfacet
  facet normal 0 0 1
    outer loop
      vertex -5.67867 -2.95169 22
      vertex -5.68413 -2.35387 22
      vertex -5.84831 -2.59941 22
    endloop
  endfacet
  facet normal 0 0 1
    outer loop
      vertex -1.69047 -3.62523 22
      vertex -1.54559 -4.3461 22
      vertex -1.36808 -3.75877 22
    endloop
  endfacet
  facet normal 0 0 1
    outer loop
      vertex -2.41945 -3.93581 22
      vertex -1.69047 -3.62523 22
      vertex -2 -3.4641 22
    endloop
  endfacet
  facet normal 0 0 1
    outer loop
      vertex -2.4368 -3.92224 22
      vertex -2 -3.4641 22
      vertex -2.2943 -3.27661 22
    endloop
  endfacet
  facet normal 0 0 1
    outer loop
      vertex -1.69047 -3.62523 22
      vertex -2.41945 -3.93581 22
      vertex -1.54559 -4.3461 22
    endloop
  endfacet
  facet normal 0 0 1
    outer loop
      vertex -2 -3.4641 22
      vertex -2.4368 -3.92224 22
      vertex -2.41945 -3.93581 22
    endloop
  endfacet
  facet normal 0 0 1
    outer loop
      vertex -2.57115 -3.06418 22
      vertex -2.4368 -3.92224 22
      vertex -2.2943 -3.27661 22
    endloop
  endfacet
  facet normal -0 0 1
    outer loop
      vertex -3.27824 -3.2451 22
      vertex -2.4368 -3.92224 22
      vertex -2.57115 -3.06418 22
    endloop
  endfacet
  facet normal 0 0 1
    outer loop
      vertex -2.4368 -3.92224 22
      vertex -3.27824 -3.2451 22
      vertex -2.77701 -4.46985 22
    endloop
  endfacet
  facet normal -0 0 1
    outer loop
      vertex -3.73984 -3.70203 22
      vertex -2.77701 -4.46985 22
      vertex -3.27824 -3.2451 22
    endloop
  endfacet
  facet normal 0 0 1
    outer loop
      vertex -3.27824 -3.2451 22
      vertex -2.57115 -3.06418 22
      vertex -2.82843 -2.82843 22
    endloop
  endfacet
  facet normal 0 -0 1
    outer loop
      vertex -2.82597 -4.53151 22
      vertex -2.77701 -4.46985 22
      vertex -3.73984 -3.70203 22
    endloop
  endfacet
  facet normal 0 0 1
    outer loop
      vertex -2.77701 -4.46985 22
      vertex -2.82597 -4.53151 22
      vertex -2.78835 -4.48595 22
    endloop
  endfacet
  facet normal 0 0 1
    outer loop
      vertex -3.27824 -3.2451 22
      vertex -2.82843 -2.82843 22
      vertex -3.06418 -2.57115 22
    endloop
  endfacet
  facet normal -0 0 1
    outer loop
      vertex -3.78905 -3.76349 22
      vertex -2.82597 -4.53151 22
      vertex -3.73984 -3.70203 22
    endloop
  endfacet
  facet normal 0 0 1
    outer loop
      vertex -3.27824 -3.2451 22
      vertex -3.06418 -2.57115 22
      vertex -3.27661 -2.2943 22
    endloop
  endfacet
  facet normal 0 0 1
    outer loop
      vertex -2.82597 -4.53151 22
      vertex -3.78905 -3.76349 22
      vertex -2.89488 -4.60184 22
    endloop
  endfacet
  facet normal -0 0 1
    outer loop
      vertex -3.84229 -3.84631 22
      vertex -2.89488 -4.60184 22
      vertex -3.78905 -3.76349 22
    endloop
  endfacet
  facet normal 0 0 1
    outer loop
      vertex -2.89488 -4.60184 22
      vertex -3.84229 -3.84631 22
      vertex -2.99942 -4.69168 22
    endloop
  endfacet
  facet normal -0 0 1
    outer loop
      vertex -3.90662 -3.96822 22
      vertex -2.99942 -4.69168 22
      vertex -3.84229 -3.84631 22
    endloop
  endfacet
  facet normal 0 0 1
    outer loop
      vertex -3.78905 -3.76349 22
      vertex -3.73984 -3.70203 22
      vertex -3.75301 -3.71666 22
    endloop
  endfacet
  facet normal 0 0 1
    outer loop
      vertex -2.99942 -4.69168 22
      vertex -3.90662 -3.96822 22
      vertex -3.14326 -4.79523 22
    endloop
  endfacet
  facet normal -0 0 1
    outer loop
      vertex -3.97556 -4.1315 22
      vertex -3.14326 -4.79523 22
      vertex -3.90662 -3.96822 22
    endloop
  endfacet
  facet normal 0 0 1
    outer loop
      vertex -3.14326 -4.79523 22
      vertex -3.97556 -4.1315 22
      vertex -3.32932 -4.90617 22
    endloop
  endfacet
  facet normal -0 0 1
    outer loop
      vertex -4.04231 -4.33757 22
      vertex -3.32932 -4.90617 22
      vertex -3.97556 -4.1315 22
    endloop
  endfacet
  facet normal 0 0 1
    outer loop
      vertex -3.32932 -4.90617 22
      vertex -4.04231 -4.33757 22
      vertex -3.55968 -5.01782 22
    endloop
  endfacet
  facet normal -0 0 1
    outer loop
      vertex -4.09991 -4.58701 22
      vertex -3.55968 -5.01782 22
      vertex -4.04231 -4.33757 22
    endloop
  endfacet
  facet normal 0 0 1
    outer loop
      vertex -3.55968 -5.01782 22
      vertex -4.09991 -4.58701 22
      vertex -3.83562 -5.12326 22
    endloop
  endfacet
  facet normal 0 0 1
    outer loop
      vertex -3.83562 -5.12326 22
      vertex -4.09991 -4.58701 22
      vertex -4.1413 -4.87949 22
    endloop
  endfacet
  facet normal 0 0 1
    outer loop
      vertex 0.666733 5.52846 22
      vertex 1.79799 5.27026 22
      vertex 1.78926 5.44728 22
    endloop
  endfacet
  facet normal 0 0 1
    outer loop
      vertex 1.79799 5.27026 22
      vertex 0.666733 5.52846 22
      vertex 1.79292 5.13251 22
    endloop
  endfacet
  facet normal -0 0 1
    outer loop
      vertex 0.611542 5.40216 22
      vertex 1.79292 5.13251 22
      vertex 0.666733 5.52846 22
    endloop
  endfacet
  facet normal 0 0 1
    outer loop
      vertex 1.79292 5.13251 22
      vertex 0.611542 5.40216 22
      vertex 1.7809 5.03479 22
    endloop
  endfacet
  facet normal 0 0 1
    outer loop
      vertex 0.751404 5.68416 22
      vertex 1.78926 5.44728 22
      vertex 1.75999 5.66191 22
    endloop
  endfacet
  facet normal -0 0 1
    outer loop
      vertex 0.870895 5.86485 22
      vertex 1.75999 5.66191 22
      vertex 1.70366 5.91164 22
    endloop
  endfacet
  facet normal -0 0 1
    outer loop
      vertex 1.03001 6.0654 22
      vertex 1.70366 5.91164 22
      vertex 1.61406 6.1931 22
    endloop
  endfacet
  facet normal 0 0 1
    outer loop
      vertex 1.75999 5.66191 22
      vertex 0.870895 5.86485 22
      vertex 0.751404 5.68416 22
    endloop
  endfacet
  facet normal -0 0 1
    outer loop
      vertex 0.579971 5.3089 22
      vertex 1.7809 5.03479 22
      vertex 0.611542 5.40216 22
    endloop
  endfacet
  facet normal 0 0 1
    outer loop
      vertex 1.03001 6.0654 22
      vertex 1.61406 6.1931 22
      vertex 1.23286 6.28011 22
    endloop
  endfacet
  facet normal 0 0 1
    outer loop
      vertex 1.70366 5.91164 22
      vertex 1.03001 6.0654 22
      vertex 0.870895 5.86485 22
    endloop
  endfacet
  facet normal -0 0 1
    outer loop
      vertex 0.666733 5.52846 22
      vertex 1.78926 5.44728 22
      vertex 0.751404 5.68416 22
    endloop
  endfacet
  facet normal 0 -0 1
    outer loop
      vertex 1.76323 4.95807 22
      vertex 1.7809 5.03479 22
      vertex 0.579971 5.3089 22
    endloop
  endfacet
  facet normal 0 0 1
    outer loop
      vertex 1.7809 5.03479 22
      vertex 1.76323 4.95807 22
      vertex 1.76875 4.97696 22
    endloop
  endfacet
  facet normal -0 0 1
    outer loop
      vertex 0.493668 4.59111 22
      vertex 1.54559 4.3461 22
      vertex 0.562592 5.2321 22
    endloop
  endfacet
  facet normal 0 -0 1
    outer loop
      vertex 1.03528 3.8637 22
      vertex 1.54559 4.3461 22
      vertex 0.493668 4.59111 22
    endloop
  endfacet
  facet normal 0 0 1
    outer loop
      vertex 1.76323 4.95807 22
      vertex 0.562592 5.2321 22
      vertex 1.54559 4.3461 22
    endloop
  endfacet
  facet normal 0 0 1
    outer loop
      vertex 1.76323 4.95807 22
      vertex 0.579971 5.3089 22
      vertex 0.562592 5.2321 22
    endloop
  endfacet
  facet normal 0 0 1
    outer loop
      vertex 0.562592 5.2321 22
      vertex 0.579971 5.3089 22
      vertex 0.565826 5.25153 22
    endloop
  endfacet
  facet normal 0 0 1
    outer loop
      vertex 1.54559 4.3461 22
      vertex 1.03528 3.8637 22
      vertex 1.36808 3.75877 22
    endloop
  endfacet
  facet normal 0 0 1
    outer loop
      vertex 1.03528 3.8637 22
      vertex 0.493668 4.59111 22
      vertex 0.694592 3.93923 22
    endloop
  endfacet
  facet normal 0 0 1
    outer loop
      vertex 0.348622 3.98478 22
      vertex 0.493668 4.59111 22
      vertex 0.472153 4.59579 22
    endloop
  endfacet
  facet normal 0 0 1
    outer loop
      vertex 0.493668 4.59111 22
      vertex 0.348622 3.98478 22
      vertex 0.694592 3.93923 22
    endloop
  endfacet
  facet normal 0 0 1
    outer loop
      vertex 0.472153 4.59579 22
      vertex 0 4 22
      vertex 0.348622 3.98478 22
    endloop
  endfacet
  facet normal -0 0 1
    outer loop
      vertex -0.493149 4.58632 22
      vertex 0 4 22
      vertex 0.472153 4.59579 22
    endloop
  endfacet
  facet normal 0 0 1
    outer loop
      vertex 0 4 22
      vertex -0.493149 4.58632 22
      vertex -0.348622 3.98478 22
    endloop
  endfacet
  facet normal 0 0 1
    outer loop
      vertex -0.579971 5.3089 22
      vertex -0.562592 5.2321 22
      vertex -0.565826 5.25153 22
    endloop
  endfacet
  facet normal 0 0 1
    outer loop
      vertex -0.562592 5.2321 22
      vertex -0.579971 5.3089 22
      vertex -1.76323 4.95807 22
    endloop
  endfacet
  facet normal 0 0 1
    outer loop
      vertex -1.7809 5.03479 22
      vertex -0.579971 5.3089 22
      vertex -0.611542 5.40216 22
    endloop
  endfacet
  facet normal 0 0 1
    outer loop
      vertex -1.79292 5.13251 22
      vertex -0.611542 5.40216 22
      vertex -0.666733 5.52846 22
    endloop
  endfacet
  facet normal 0 0 1
    outer loop
      vertex -0.493149 4.58632 22
      vertex -0.694592 3.93923 22
      vertex -0.348622 3.98478 22
    endloop
  endfacet
  facet normal 0 0 1
    outer loop
      vertex -0.562592 5.2321 22
      vertex -1.76323 4.95807 22
      vertex -0.493149 4.58632 22
    endloop
  endfacet
  facet normal 0 0 1
    outer loop
      vertex -1.79799 5.27026 22
      vertex -0.666733 5.52846 22
      vertex -0.751404 5.68416 22
    endloop
  endfacet
  facet normal 0 0 1
    outer loop
      vertex -1.78926 5.44728 22
      vertex -0.751404 5.68416 22
      vertex -0.870895 5.86485 22
    endloop
  endfacet
  facet normal 0 0 1
    outer loop
      vertex -1.75999 5.66191 22
      vertex -0.870895 5.86485 22
      vertex -1.03001 6.0654 22
    endloop
  endfacet
  facet normal 0 0 1
    outer loop
      vertex -0.493149 4.58632 22
      vertex -1.76323 4.95807 22
      vertex -1.54721 4.35065 22
    endloop
  endfacet
  facet normal 0 0 1
    outer loop
      vertex -1.70366 5.91164 22
      vertex -1.03001 6.0654 22
      vertex -1.23286 6.28011 22
    endloop
  endfacet
  facet normal 0 0 1
    outer loop
      vertex -0.493149 4.58632 22
      vertex -1.03528 3.8637 22
      vertex -0.694592 3.93923 22
    endloop
  endfacet
  facet normal 0 0 1
    outer loop
      vertex -1.03528 3.8637 22
      vertex -1.54721 4.35065 22
      vertex -1.36808 3.75877 22
    endloop
  endfacet
  facet normal 0 0 1
    outer loop
      vertex -1.70366 5.91164 22
      vertex -1.23286 6.28011 22
      vertex -1.61406 6.1931 22
    endloop
  endfacet
  facet normal 0 0 1
    outer loop
      vertex -1.03001 6.0654 22
      vertex -1.70366 5.91164 22
      vertex -1.75999 5.66191 22
    endloop
  endfacet
  facet normal 0 0 1
    outer loop
      vertex -0.870895 5.86485 22
      vertex -1.75999 5.66191 22
      vertex -1.78926 5.44728 22
    endloop
  endfacet
  facet normal 0 -0 1
    outer loop
      vertex -1.03528 3.8637 22
      vertex -0.493149 4.58632 22
      vertex -1.54721 4.35065 22
    endloop
  endfacet
  facet normal 0 0 1
    outer loop
      vertex -0.751404 5.68416 22
      vertex -1.78926 5.44728 22
      vertex -1.79799 5.27026 22
    endloop
  endfacet
  facet normal 0 0 1
    outer loop
      vertex -0.666733 5.52846 22
      vertex -1.79799 5.27026 22
      vertex -1.79292 5.13251 22
    endloop
  endfacet
  facet normal 0 0 1
    outer loop
      vertex -0.611542 5.40216 22
      vertex -1.79292 5.13251 22
      vertex -1.7809 5.03479 22
    endloop
  endfacet
  facet normal 0 0 1
    outer loop
      vertex -0.579971 5.3089 22
      vertex -1.7809 5.03479 22
      vertex -1.76323 4.95807 22
    endloop
  endfacet
  facet normal 0 0 1
    outer loop
      vertex -1.76323 4.95807 22
      vertex -1.7809 5.03479 22
      vertex -1.76875 4.97696 22
    endloop
  endfacet
  facet normal -0 0 1
    outer loop
      vertex -1.56863 4.34554 22
      vertex -1.36808 3.75877 22
      vertex -1.54721 4.35065 22
    endloop
  endfacet
  facet normal 0 0 1
    outer loop
      vertex -1.56863 4.34554 22
      vertex -1.69047 3.62523 22
      vertex -1.36808 3.75877 22
    endloop
  endfacet
  facet normal -0 0 1
    outer loop
      vertex -2.43425 3.91815 22
      vertex -1.69047 3.62523 22
      vertex -1.56863 4.34554 22
    endloop
  endfacet
  facet normal 0 0 1
    outer loop
      vertex -1.69047 3.62523 22
      vertex -2.43425 3.91815 22
      vertex -2 3.4641 22
    endloop
  endfacet
  facet normal 0 0 1
    outer loop
      vertex -2 3.4641 22
      vertex -2.43425 3.91815 22
      vertex -2.2943 3.27661 22
    endloop
  endfacet
  facet normal 0 0 1
    outer loop
      vertex -2.43425 3.91815 22
      vertex -2.57115 3.06418 22
      vertex -2.2943 3.27661 22
    endloop
  endfacet
  facet normal 0 0 1
    outer loop
      vertex -3.28166 3.24849 22
      vertex -2.43425 3.91815 22
      vertex -2.77701 4.46985 22
    endloop
  endfacet
  facet normal 0 0 1
    outer loop
      vertex -2.82597 4.53151 22
      vertex -2.77701 4.46985 22
      vertex -2.78835 4.48595 22
    endloop
  endfacet
  facet normal 0 0 1
    outer loop
      vertex -2.77701 4.46985 22
      vertex -2.82597 4.53151 22
      vertex -3.73984 3.70203 22
    endloop
  endfacet
  facet normal 0 0 1
    outer loop
      vertex -2.43425 3.91815 22
      vertex -3.28166 3.24849 22
      vertex -2.57115 3.06418 22
    endloop
  endfacet
  facet normal 0 0 1
    outer loop
      vertex -3.78905 3.76349 22
      vertex -2.82597 4.53151 22
      vertex -2.89488 4.60184 22
    endloop
  endfacet
  facet normal 0 0 1
    outer loop
      vertex -3.84229 3.84631 22
      vertex -2.89488 4.60184 22
      vertex -2.99942 4.69168 22
    endloop
  endfacet
  facet normal 0 0 1
    outer loop
      vertex -2.57115 3.06418 22
      vertex -3.28166 3.24849 22
      vertex -2.82843 2.82843 22
    endloop
  endfacet
  facet normal 0 0 1
    outer loop
      vertex -3.90662 3.96822 22
      vertex -2.99942 4.69168 22
      vertex -3.14326 4.79523 22
    endloop
  endfacet
  facet normal -0 0 1
    outer loop
      vertex -3.29875 3.23459 22
      vertex -2.82843 2.82843 22
      vertex -3.28166 3.24849 22
    endloop
  endfacet
  facet normal 0 0 1
    outer loop
      vertex -2.82843 2.82843 22
      vertex -3.29875 3.23459 22
      vertex -3.06418 2.57115 22
    endloop
  endfacet
  facet normal 0 0 1
    outer loop
      vertex -3.97556 4.1315 22
      vertex -3.14326 4.79523 22
      vertex -3.32932 4.90617 22
    endloop
  endfacet
  facet normal 0 0 1
    outer loop
      vertex -4.04231 4.33757 22
      vertex -3.32932 4.90617 22
      vertex -3.55968 5.01782 22
    endloop
  endfacet
  facet normal 0 0 1
    outer loop
      vertex -2.77701 4.46985 22
      vertex -3.73984 3.70203 22
      vertex -3.28166 3.24849 22
    endloop
  endfacet
  facet normal 0 0 1
    outer loop
      vertex -2.82597 4.53151 22
      vertex -3.78905 3.76349 22
      vertex -3.73984 3.70203 22
    endloop
  endfacet
  facet normal 0 0 1
    outer loop
      vertex -3.73984 3.70203 22
      vertex -3.78905 3.76349 22
      vertex -3.75301 3.71666 22
    endloop
  endfacet
  facet normal 0 0 1
    outer loop
      vertex -4.09991 4.58701 22
      vertex -3.55968 5.01782 22
      vertex -3.83562 5.12326 22
    endloop
  endfacet
  facet normal 0 0 1
    outer loop
      vertex -2.89488 4.60184 22
      vertex -3.84229 3.84631 22
      vertex -3.78905 3.76349 22
    endloop
  endfacet
  facet normal 0 0 1
    outer loop
      vertex -2.99942 4.69168 22
      vertex -3.90662 3.96822 22
      vertex -3.84229 3.84631 22
    endloop
  endfacet
  facet normal 0 0 1
    outer loop
      vertex -3.14326 4.79523 22
      vertex -3.97556 4.1315 22
      vertex -3.90662 3.96822 22
    endloop
  endfacet
  facet normal 0 0 1
    outer loop
      vertex -3.32932 4.90617 22
      vertex -4.04231 4.33757 22
      vertex -3.97556 4.1315 22
    endloop
  endfacet
  facet normal 0 0 1
    outer loop
      vertex -3.55968 5.01782 22
      vertex -4.09991 4.58701 22
      vertex -4.04231 4.33757 22
    endloop
  endfacet
  facet normal 0 -0 1
    outer loop
      vertex -4.09991 4.58701 22
      vertex -3.83562 5.12326 22
      vertex -4.1413 4.87949 22
    endloop
  endfacet
  facet normal 0 0 1
    outer loop
      vertex -3.8932 2.47395 22
      vertex -3.06418 2.57115 22
      vertex -3.29875 3.23459 22
    endloop
  endfacet
  facet normal 0 0 1
    outer loop
      vertex -3.06418 2.57115 22
      vertex -3.8932 2.47395 22
      vertex -3.27661 2.2943 22
    endloop
  endfacet
  facet normal 0 0 1
    outer loop
      vertex -3.27661 2.2943 22
      vertex -3.8932 2.47395 22
      vertex -3.4641 2 22
    endloop
  endfacet
  facet normal 0 0 1
    outer loop
      vertex -3.4641 2 22
      vertex -3.8932 2.47395 22
      vertex -3.62523 1.69047 22
    endloop
  endfacet
  facet normal 0 0 1
    outer loop
      vertex -4.36615 1.50293 22
      vertex -3.62523 1.69047 22
      vertex -3.8932 2.47395 22
    endloop
  endfacet
  facet normal 0 0 1
    outer loop
      vertex -3.62523 1.69047 22
      vertex -4.36615 1.50293 22
      vertex -3.75877 1.36808 22
    endloop
  endfacet
  facet normal -0 0 1
    outer loop
      vertex -4.3755 1.48299 22
      vertex -3.75877 1.36808 22
      vertex -4.36615 1.50293 22
    endloop
  endfacet
  facet normal 0 0 1
    outer loop
      vertex -3.75877 1.36808 22
      vertex -4.3755 1.48299 22
      vertex -3.8637 1.03528 22
    endloop
  endfacet
  facet normal 0 0 1
    outer loop
      vertex -4.58107 0.539749 22
      vertex -3.8637 1.03528 22
      vertex -4.3755 1.48299 22
    endloop
  endfacet
  facet normal 0 0 1
    outer loop
      vertex -3.8637 1.03528 22
      vertex -4.58107 0.539749 22
      vertex -3.93923 0.694592 22
    endloop
  endfacet
  facet normal 0 0 1
    outer loop
      vertex -3.93923 0.694592 22
      vertex -4.58107 0.539749 22
      vertex -3.98478 0.348622 22
    endloop
  endfacet
  facet normal 0 0 1
    outer loop
      vertex -4.44139 2.8223 22
      vertex -4.36615 1.50293 22
      vertex -3.8932 2.47395 22
    endloop
  endfacet
  facet normal 0 0 1
    outer loop
      vertex -4.51227 2.8566 22
      vertex -4.44139 2.8223 22
      vertex -4.4586 2.83188 22
    endloop
  endfacet
  facet normal 0 0 1
    outer loop
      vertex -4.44139 2.8223 22
      vertex -4.51227 2.8566 22
      vertex -4.97572 1.71275 22
    endloop
  endfacet
  facet normal 0 0 1
    outer loop
      vertex -5.04674 1.74677 22
      vertex -4.51227 2.8566 22
      vertex -4.60487 2.89006 22
    endloop
  endfacet
  facet normal 0 0 1
    outer loop
      vertex -5.13063 1.79829 22
      vertex -4.60487 2.89006 22
      vertex -4.73804 2.92566 22
    endloop
  endfacet
  facet normal 0 0 1
    outer loop
      vertex -5.24149 1.88022 22
      vertex -4.73804 2.92566 22
      vertex -4.91255 2.95654 22
    endloop
  endfacet
  facet normal 0 0 1
    outer loop
      vertex -4.44139 2.8223 22
      vertex -4.97572 1.71275 22
      vertex -4.36615 1.50293 22
    endloop
  endfacet
  facet normal 0 0 1
    outer loop
      vertex -4.51227 2.8566 22
      vertex -5.04674 1.74677 22
      vertex -4.97572 1.71275 22
    endloop
  endfacet
  facet normal 0 0 1
    outer loop
      vertex -4.97572 1.71275 22
      vertex -5.04674 1.74677 22
      vertex -4.99394 1.72021 22
    endloop
  endfacet
  facet normal 0 0 1
    outer loop
      vertex -5.37445 1.99742 22
      vertex -4.91255 2.95654 22
      vertex -5.12833 2.97577 22
    endloop
  endfacet
  facet normal 0 0 1
    outer loop
      vertex -4.60487 2.89006 22
      vertex -5.13063 1.79829 22
      vertex -5.04674 1.74677 22
    endloop
  endfacet
  facet normal 0 0 1
    outer loop
      vertex -4.73804 2.92566 22
      vertex -5.24149 1.88022 22
      vertex -5.13063 1.79829 22
    endloop
  endfacet
  facet normal 0 0 1
    outer loop
      vertex -4.91255 2.95654 22
      vertex -5.37445 1.99742 22
      vertex -5.24149 1.88022 22
    endloop
  endfacet
  facet normal 0 0 1
    outer loop
      vertex -5.524 2.15411 22
      vertex -5.12833 2.97577 22
      vertex -5.38432 2.97641 22
    endloop
  endfacet
  facet normal 0 0 1
    outer loop
      vertex -5.12833 2.97577 22
      vertex -5.524 2.15411 22
      vertex -5.37445 1.99742 22
    endloop
  endfacet
  facet normal 0 0 1
    outer loop
      vertex -5.68413 2.35387 22
      vertex -5.38432 2.97641 22
      vertex -5.67867 2.95169 22
    endloop
  endfacet
  facet normal 0 0 1
    outer loop
      vertex -5.38432 2.97641 22
      vertex -5.68413 2.35387 22
      vertex -5.524 2.15411 22
    endloop
  endfacet
  facet normal 0 -0 1
    outer loop
      vertex -5.68413 2.35387 22
      vertex -5.67867 2.95169 22
      vertex -5.84831 2.59941 22
    endloop
  endfacet
  facet normal 0 0 1
    outer loop
      vertex -3.98478 0.348622 22
      vertex -4.58107 0.539749 22
      vertex -4 0 22
    endloop
  endfacet
  facet normal 0 0 1
    outer loop
      vertex -4.58586 -0.540314 22
      vertex -4 0 22
      vertex -4.58107 0.539749 22
    endloop
  endfacet
  facet normal 0 0 1
    outer loop
      vertex -3.98478 -0.348622 22
      vertex -4.58586 -0.540314 22
      vertex -4.58565 -0.562332 22
    endloop
  endfacet
  facet normal 0 0 1
    outer loop
      vertex -3.8637 -1.03528 22
      vertex -4.58565 -0.562332 22
      vertex -4.36159 -1.50136 22
    endloop
  endfacet
  facet normal 0 0 1
    outer loop
      vertex -5.22612 0.615753 22
      vertex -4.58586 -0.540314 22
      vertex -4.58107 0.539749 22
    endloop
  endfacet
  facet normal 0 0 1
    outer loop
      vertex -5.22612 0.615753 22
      vertex -5.22612 -0.615753 22
      vertex -4.58586 -0.540314 22
    endloop
  endfacet
  facet normal -0 0 1
    outer loop
      vertex -5.30486 0.615906 22
      vertex -5.22612 0.615753 22
      vertex -5.24577 0.616928 22
    endloop
  endfacet
  facet normal 0 0 1
    outer loop
      vertex -5.22612 0.615753 22
      vertex -5.30486 0.615906 22
      vertex -5.22612 -0.615753 22
    endloop
  endfacet
  facet normal 0 0 1
    outer loop
      vertex -5.30486 -0.615906 22
      vertex -5.22612 -0.615753 22
      vertex -5.30486 0.615906 22
    endloop
  endfacet
  facet normal 0 0 1
    outer loop
      vertex -5.22612 -0.615753 22
      vertex -5.30486 -0.615906 22
      vertex -5.24577 -0.616928 22
    endloop
  endfacet
  facet normal -0 0 1
    outer loop
      vertex -5.4028 0.605881 22
      vertex -5.30486 -0.615906 22
      vertex -5.30486 0.615906 22
    endloop
  endfacet
  facet normal 0 0 1
    outer loop
      vertex -5.4028 0.605881 22
      vertex -5.4028 -0.605881 22
      vertex -5.30486 -0.615906 22
    endloop
  endfacet
  facet normal -0 0 1
    outer loop
      vertex -5.53822 0.58017 22
      vertex -5.4028 -0.605881 22
      vertex -5.4028 0.605881 22
    endloop
  endfacet
  facet normal 0 0 1
    outer loop
      vertex -5.53822 0.58017 22
      vertex -5.53822 -0.58017 22
      vertex -5.4028 -0.605881 22
    endloop
  endfacet
  facet normal -0 0 1
    outer loop
      vertex -5.70886 0.532272 22
      vertex -5.53822 -0.58017 22
      vertex -5.53822 0.58017 22
    endloop
  endfacet
  facet normal 0 0 1
    outer loop
      vertex -5.70886 0.532272 22
      vertex -5.70886 -0.532272 22
      vertex -5.53822 -0.58017 22
    endloop
  endfacet
  facet normal -0 0 1
    outer loop
      vertex -5.91161 0.455978 22
      vertex -5.70886 -0.532272 22
      vertex -5.70886 0.532272 22
    endloop
  endfacet
  facet normal 0 0 1
    outer loop
      vertex -5.91161 0.455978 22
      vertex -5.91161 -0.455978 22
      vertex -5.70886 -0.532272 22
    endloop
  endfacet
  facet normal -0 0 1
    outer loop
      vertex -6.14253 0.34549 22
      vertex -5.91161 -0.455978 22
      vertex -5.91161 0.455978 22
    endloop
  endfacet
  facet normal 0 0 1
    outer loop
      vertex -6.14253 0.34549 22
      vertex -6.14253 -0.34549 22
      vertex -5.91161 -0.455978 22
    endloop
  endfacet
  facet normal -0 0 1
    outer loop
      vertex -6.397 0.195496 22
      vertex -6.14253 -0.34549 22
      vertex -6.14253 0.34549 22
    endloop
  endfacet
  facet normal 0 0 1
    outer loop
      vertex -6.14253 -0.34549 22
      vertex -6.397 0.195496 22
      vertex -6.397 -0.195496 22
    endloop
  endfacet
  facet normal 0 0 -1
    outer loop
      vertex 0.666733 -5.52846 16
      vertex 1.79799 -5.27026 16
      vertex 1.78926 -5.44728 16
    endloop
  endfacet
  facet normal -0 0 -1
    outer loop
      vertex 1.79799 -5.27026 16
      vertex 0.666733 -5.52846 16
      vertex 1.79292 -5.13251 16
    endloop
  endfacet
  facet normal 0 0 -1
    outer loop
      vertex 0.611542 -5.40216 16
      vertex 1.79292 -5.13251 16
      vertex 0.666733 -5.52846 16
    endloop
  endfacet
  facet normal -0 0 -1
    outer loop
      vertex 1.79292 -5.13251 16
      vertex 0.611542 -5.40216 16
      vertex 1.7809 -5.03479 16
    endloop
  endfacet
  facet normal 0 0 -1
    outer loop
      vertex 0.751404 -5.68416 16
      vertex 1.78926 -5.44728 16
      vertex 1.75999 -5.66191 16
    endloop
  endfacet
  facet normal 0 0 -1
    outer loop
      vertex 0.870895 -5.86485 16
      vertex 1.75999 -5.66191 16
      vertex 1.70366 -5.91164 16
    endloop
  endfacet
  facet normal 0 0 -1
    outer loop
      vertex 1.03001 -6.0654 16
      vertex 1.70366 -5.91164 16
      vertex 1.61406 -6.1931 16
    endloop
  endfacet
  facet normal 0 0 -1
    outer loop
      vertex 1.75999 -5.66191 16
      vertex 0.870895 -5.86485 16
      vertex 0.751404 -5.68416 16
    endloop
  endfacet
  facet normal 0 0 -1
    outer loop
      vertex 0.579971 -5.3089 16
      vertex 1.7809 -5.03479 16
      vertex 0.611542 -5.40216 16
    endloop
  endfacet
  facet normal 0 0 -1
    outer loop
      vertex 1.03001 -6.0654 16
      vertex 1.61406 -6.1931 16
      vertex 1.23286 -6.28011 16
    endloop
  endfacet
  facet normal -0 0 -1
    outer loop
      vertex 1.70366 -5.91164 16
      vertex 1.03001 -6.0654 16
      vertex 0.870895 -5.86485 16
    endloop
  endfacet
  facet normal 0 0 -1
    outer loop
      vertex 0.666733 -5.52846 16
      vertex 1.78926 -5.44728 16
      vertex 0.751404 -5.68416 16
    endloop
  endfacet
  facet normal 0 -0 -1
    outer loop
      vertex 1.76323 -4.95807 16
      vertex 1.7809 -5.03479 16
      vertex 0.579971 -5.3089 16
    endloop
  endfacet
  facet normal 0 0 -1
    outer loop
      vertex 1.7809 -5.03479 16
      vertex 1.76323 -4.95807 16
      vertex 1.76875 -4.97696 16
    endloop
  endfacet
  facet normal 0 0 -1
    outer loop
      vertex 0.493149 -4.58632 16
      vertex 1.54721 -4.35065 16
      vertex 0.562592 -5.2321 16
    endloop
  endfacet
  facet normal 0 -0 -1
    outer loop
      vertex 1.03528 -3.8637 16
      vertex 1.54721 -4.35065 16
      vertex 0.493149 -4.58632 16
    endloop
  endfacet
  facet normal -0 0 -1
    outer loop
      vertex 1.76323 -4.95807 16
      vertex 0.562592 -5.2321 16
      vertex 1.54721 -4.35065 16
    endloop
  endfacet
  facet normal 0 0 -1
    outer loop
      vertex 1.76323 -4.95807 16
      vertex 0.579971 -5.3089 16
      vertex 0.562592 -5.2321 16
    endloop
  endfacet
  facet normal 0 0 -1
    outer loop
      vertex 0.562592 -5.2321 16
      vertex 0.579971 -5.3089 16
      vertex 0.565826 -5.25153 16
    endloop
  endfacet
  facet normal 0 0 -1
    outer loop
      vertex 1.54721 -4.35065 16
      vertex 1.03528 -3.8637 16
      vertex 1.36808 -3.75877 16
    endloop
  endfacet
  facet normal 0 0 -1
    outer loop
      vertex 1.03528 -3.8637 16
      vertex 0.493149 -4.58632 16
      vertex 0.694592 -3.93923 16
    endloop
  endfacet
  facet normal 0 0 -1
    outer loop
      vertex 0.493149 -4.58632 16
      vertex 0.348622 -3.98478 16
      vertex 0.694592 -3.93923 16
    endloop
  endfacet
  facet normal 0 0 -1
    outer loop
      vertex 0.493149 -4.58632 16
      vertex 0 -4 16
      vertex 0.348622 -3.98478 16
    endloop
  endfacet
  facet normal 0 0 -1
    outer loop
      vertex -0.472153 -4.59579 16
      vertex 0 -4 16
      vertex 0.493149 -4.58632 16
    endloop
  endfacet
  facet normal -0 0 -1
    outer loop
      vertex 0 -4 16
      vertex -0.472153 -4.59579 16
      vertex -0.348622 -3.98478 16
    endloop
  endfacet
  facet normal 0 0 -1
    outer loop
      vertex -0.493668 -4.59111 16
      vertex -0.348622 -3.98478 16
      vertex -0.472153 -4.59579 16
    endloop
  endfacet
  facet normal 0 0 -1
    outer loop
      vertex -0.579971 -5.3089 16
      vertex -0.562592 -5.2321 16
      vertex -0.565826 -5.25153 16
    endloop
  endfacet
  facet normal -0 0 -1
    outer loop
      vertex -0.562592 -5.2321 16
      vertex -0.579971 -5.3089 16
      vertex -1.76323 -4.95807 16
    endloop
  endfacet
  facet normal 0 0 -1
    outer loop
      vertex -1.7809 -5.03479 16
      vertex -0.579971 -5.3089 16
      vertex -0.611542 -5.40216 16
    endloop
  endfacet
  facet normal 0 0 -1
    outer loop
      vertex -1.79292 -5.13251 16
      vertex -0.611542 -5.40216 16
      vertex -0.666733 -5.52846 16
    endloop
  endfacet
  facet normal 0 0 -1
    outer loop
      vertex -0.493668 -4.59111 16
      vertex -0.694592 -3.93923 16
      vertex -0.348622 -3.98478 16
    endloop
  endfacet
  facet normal 0 0 -1
    outer loop
      vertex -0.562592 -5.2321 16
      vertex -1.76323 -4.95807 16
      vertex -0.493668 -4.59111 16
    endloop
  endfacet
  facet normal 0 0 -1
    outer loop
      vertex -1.79799 -5.27026 16
      vertex -0.666733 -5.52846 16
      vertex -0.751404 -5.68416 16
    endloop
  endfacet
  facet normal 0 0 -1
    outer loop
      vertex -1.78926 -5.44728 16
      vertex -0.751404 -5.68416 16
      vertex -0.870895 -5.86485 16
    endloop
  endfacet
  facet normal 0 0 -1
    outer loop
      vertex -1.75999 -5.66191 16
      vertex -0.870895 -5.86485 16
      vertex -1.03001 -6.0654 16
    endloop
  endfacet
  facet normal -0 0 -1
    outer loop
      vertex -0.493668 -4.59111 16
      vertex -1.76323 -4.95807 16
      vertex -1.54559 -4.3461 16
    endloop
  endfacet
  facet normal 0 0 -1
    outer loop
      vertex -1.70366 -5.91164 16
      vertex -1.03001 -6.0654 16
      vertex -1.23286 -6.28011 16
    endloop
  endfacet
  facet normal 0 0 -1
    outer loop
      vertex -0.493668 -4.59111 16
      vertex -1.03528 -3.8637 16
      vertex -0.694592 -3.93923 16
    endloop
  endfacet
  facet normal -0 0 -1
    outer loop
      vertex -1.03528 -3.8637 16
      vertex -1.54559 -4.3461 16
      vertex -1.36808 -3.75877 16
    endloop
  endfacet
  facet normal 0 0 -1
    outer loop
      vertex -1.70366 -5.91164 16
      vertex -1.23286 -6.28011 16
      vertex -1.61406 -6.1931 16
    endloop
  endfacet
  facet normal 0 0 -1
    outer loop
      vertex -1.03001 -6.0654 16
      vertex -1.70366 -5.91164 16
      vertex -1.75999 -5.66191 16
    endloop
  endfacet
  facet normal 0 0 -1
    outer loop
      vertex -0.870895 -5.86485 16
      vertex -1.75999 -5.66191 16
      vertex -1.78926 -5.44728 16
    endloop
  endfacet
  facet normal 0 -0 -1
    outer loop
      vertex -1.03528 -3.8637 16
      vertex -0.493668 -4.59111 16
      vertex -1.54559 -4.3461 16
    endloop
  endfacet
  facet normal 0 0 -1
    outer loop
      vertex -0.751404 -5.68416 16
      vertex -1.78926 -5.44728 16
      vertex -1.79799 -5.27026 16
    endloop
  endfacet
  facet normal 0 0 -1
    outer loop
      vertex -0.666733 -5.52846 16
      vertex -1.79799 -5.27026 16
      vertex -1.79292 -5.13251 16
    endloop
  endfacet
  facet normal 0 0 -1
    outer loop
      vertex -0.611542 -5.40216 16
      vertex -1.79292 -5.13251 16
      vertex -1.7809 -5.03479 16
    endloop
  endfacet
  facet normal 0 0 -1
    outer loop
      vertex -0.579971 -5.3089 16
      vertex -1.7809 -5.03479 16
      vertex -1.76323 -4.95807 16
    endloop
  endfacet
  facet normal 0 0 -1
    outer loop
      vertex -1.76323 -4.95807 16
      vertex -1.7809 -5.03479 16
      vertex -1.76875 -4.97696 16
    endloop
  endfacet
  facet normal 0 0 -1
    outer loop
      vertex 3.55968 -5.01782 16
      vertex 4.09991 -4.58701 16
      vertex 4.1413 -4.87949 16
    endloop
  endfacet
  facet normal -0 0 -1
    outer loop
      vertex 4.09991 -4.58701 16
      vertex 3.55968 -5.01782 16
      vertex 4.04231 -4.33757 16
    endloop
  endfacet
  facet normal 0 0 -1
    outer loop
      vertex 3.32932 -4.90617 16
      vertex 4.04231 -4.33757 16
      vertex 3.55968 -5.01782 16
    endloop
  endfacet
  facet normal -0 0 -1
    outer loop
      vertex 4.04231 -4.33757 16
      vertex 3.32932 -4.90617 16
      vertex 3.97556 -4.1315 16
    endloop
  endfacet
  facet normal 0 0 -1
    outer loop
      vertex 3.55968 -5.01782 16
      vertex 4.1413 -4.87949 16
      vertex 3.83562 -5.12326 16
    endloop
  endfacet
  facet normal 0 0 -1
    outer loop
      vertex 3.14326 -4.79523 16
      vertex 3.97556 -4.1315 16
      vertex 3.32932 -4.90617 16
    endloop
  endfacet
  facet normal -0 0 -1
    outer loop
      vertex 3.97556 -4.1315 16
      vertex 3.14326 -4.79523 16
      vertex 3.90662 -3.96822 16
    endloop
  endfacet
  facet normal 0 0 -1
    outer loop
      vertex 2.99942 -4.69168 16
      vertex 3.90662 -3.96822 16
      vertex 3.14326 -4.79523 16
    endloop
  endfacet
  facet normal -0 0 -1
    outer loop
      vertex 3.90662 -3.96822 16
      vertex 2.99942 -4.69168 16
      vertex 3.84229 -3.84631 16
    endloop
  endfacet
  facet normal 0 0 -1
    outer loop
      vertex 2.89488 -4.60184 16
      vertex 3.84229 -3.84631 16
      vertex 2.99942 -4.69168 16
    endloop
  endfacet
  facet normal -0 0 -1
    outer loop
      vertex 3.84229 -3.84631 16
      vertex 2.89488 -4.60184 16
      vertex 3.78905 -3.76349 16
    endloop
  endfacet
  facet normal 0 0 -1
    outer loop
      vertex 2.82597 -4.53151 16
      vertex 3.78905 -3.76349 16
      vertex 2.89488 -4.60184 16
    endloop
  endfacet
  facet normal 0 -0 -1
    outer loop
      vertex 3.73984 -3.70203 16
      vertex 3.78905 -3.76349 16
      vertex 2.82597 -4.53151 16
    endloop
  endfacet
  facet normal 0 0 -1
    outer loop
      vertex 3.28166 -3.24849 16
      vertex 3.06418 -2.57115 16
      vertex 3.27661 -2.2943 16
    endloop
  endfacet
  facet normal 0 0 -1
    outer loop
      vertex 3.78905 -3.76349 16
      vertex 3.73984 -3.70203 16
      vertex 3.75301 -3.71666 16
    endloop
  endfacet
  facet normal -0 0 -1
    outer loop
      vertex 3.73984 -3.70203 16
      vertex 2.77701 -4.46985 16
      vertex 3.28166 -3.24849 16
    endloop
  endfacet
  facet normal 0 0 -1
    outer loop
      vertex 3.28166 -3.24849 16
      vertex 2.82843 -2.82843 16
      vertex 3.06418 -2.57115 16
    endloop
  endfacet
  facet normal 0 0 -1
    outer loop
      vertex 3.73984 -3.70203 16
      vertex 2.82597 -4.53151 16
      vertex 2.77701 -4.46985 16
    endloop
  endfacet
  facet normal 0 0 -1
    outer loop
      vertex 2.77701 -4.46985 16
      vertex 2.82597 -4.53151 16
      vertex 2.78835 -4.48595 16
    endloop
  endfacet
  facet normal 0 0 -1
    outer loop
      vertex 2.43425 -3.91815 16
      vertex 3.28166 -3.24849 16
      vertex 2.77701 -4.46985 16
    endloop
  endfacet
  facet normal 0 -0 -1
    outer loop
      vertex 2.57115 -3.06418 16
      vertex 3.28166 -3.24849 16
      vertex 2.43425 -3.91815 16
    endloop
  endfacet
  facet normal 0 0 -1
    outer loop
      vertex 3.28166 -3.24849 16
      vertex 2.57115 -3.06418 16
      vertex 2.82843 -2.82843 16
    endloop
  endfacet
  facet normal 0 0 -1
    outer loop
      vertex 2.43425 -3.91815 16
      vertex 2.2943 -3.27661 16
      vertex 2.57115 -3.06418 16
    endloop
  endfacet
  facet normal 0 0 -1
    outer loop
      vertex 2.43425 -3.91815 16
      vertex 2 -3.4641 16
      vertex 2.2943 -3.27661 16
    endloop
  endfacet
  facet normal 0 0 -1
    outer loop
      vertex 2.43425 -3.91815 16
      vertex 1.69047 -3.62523 16
      vertex 2 -3.4641 16
    endloop
  endfacet
  facet normal 0 0 -1
    outer loop
      vertex 1.56863 -4.34554 16
      vertex 1.69047 -3.62523 16
      vertex 2.43425 -3.91815 16
    endloop
  endfacet
  facet normal 0 0 -1
    outer loop
      vertex 1.36808 -3.75877 16
      vertex 1.56863 -4.34554 16
      vertex 1.54721 -4.35065 16
    endloop
  endfacet
  facet normal 0 0 -1
    outer loop
      vertex 1.56863 -4.34554 16
      vertex 1.36808 -3.75877 16
      vertex 1.69047 -3.62523 16
    endloop
  endfacet
  facet normal 0 0 -1
    outer loop
      vertex 5.67867 -2.95169 16
      vertex 5.68413 -2.35387 16
      vertex 5.84831 -2.59941 16
    endloop
  endfacet
  facet normal 0 0 -1
    outer loop
      vertex 5.38432 -2.97641 16
      vertex 5.68413 -2.35387 16
      vertex 5.67867 -2.95169 16
    endloop
  endfacet
  facet normal -0 0 -1
    outer loop
      vertex 5.68413 -2.35387 16
      vertex 5.38432 -2.97641 16
      vertex 5.524 -2.15411 16
    endloop
  endfacet
  facet normal 0 0 -1
    outer loop
      vertex 5.12833 -2.97577 16
      vertex 5.524 -2.15411 16
      vertex 5.38432 -2.97641 16
    endloop
  endfacet
  facet normal -0 0 -1
    outer loop
      vertex 5.524 -2.15411 16
      vertex 5.12833 -2.97577 16
      vertex 5.37445 -1.99742 16
    endloop
  endfacet
  facet normal 0 0 -1
    outer loop
      vertex 4.91255 -2.95654 16
      vertex 5.37445 -1.99742 16
      vertex 5.12833 -2.97577 16
    endloop
  endfacet
  facet normal -0 0 -1
    outer loop
      vertex 5.37445 -1.99742 16
      vertex 4.91255 -2.95654 16
      vertex 5.24149 -1.88022 16
    endloop
  endfacet
  facet normal 0 0 -1
    outer loop
      vertex 4.73804 -2.92566 16
      vertex 5.24149 -1.88022 16
      vertex 4.91255 -2.95654 16
    endloop
  endfacet
  facet normal -0 0 -1
    outer loop
      vertex 5.24149 -1.88022 16
      vertex 4.73804 -2.92566 16
      vertex 5.13063 -1.79829 16
    endloop
  endfacet
  facet normal 0 0 -1
    outer loop
      vertex 4.60487 -2.89006 16
      vertex 5.13063 -1.79829 16
      vertex 4.73804 -2.92566 16
    endloop
  endfacet
  facet normal -0 0 -1
    outer loop
      vertex 5.13063 -1.79829 16
      vertex 4.60487 -2.89006 16
      vertex 5.04674 -1.74677 16
    endloop
  endfacet
  facet normal 0 0 -1
    outer loop
      vertex 4.51227 -2.8566 16
      vertex 5.04674 -1.74677 16
      vertex 4.60487 -2.89006 16
    endloop
  endfacet
  facet normal 0 -0 -1
    outer loop
      vertex 4.97572 -1.71275 16
      vertex 5.04674 -1.74677 16
      vertex 4.51227 -2.8566 16
    endloop
  endfacet
  facet normal 0 0 -1
    outer loop
      vertex 5.04674 -1.74677 16
      vertex 4.97572 -1.71275 16
      vertex 4.99394 -1.72021 16
    endloop
  endfacet
  facet normal 0 0 -1
    outer loop
      vertex 4.44139 -2.8223 16
      vertex 4.51227 -2.8566 16
      vertex 4.4586 -2.83188 16
    endloop
  endfacet
  facet normal 0 0 -1
    outer loop
      vertex 4.51227 -2.8566 16
      vertex 4.44139 -2.8223 16
      vertex 4.97572 -1.71275 16
    endloop
  endfacet
  facet normal 0 0 -1
    outer loop
      vertex 4.44139 -2.8223 16
      vertex 4.36615 -1.50293 16
      vertex 4.97572 -1.71275 16
    endloop
  endfacet
  facet normal -0 0 -1
    outer loop
      vertex 4.58586 0.540314 16
      vertex 3.98478 0.348622 16
      vertex 4.58565 0.562332 16
    endloop
  endfacet
  facet normal 0 0 -1
    outer loop
      vertex 3.8932 -2.47395 16
      vertex 4.36615 -1.50293 16
      vertex 4.44139 -2.8223 16
    endloop
  endfacet
  facet normal 0 0 -1
    outer loop
      vertex 4.3755 -1.48299 16
      vertex 3.98478 -0.348622 16
      vertex 4 0 16
    endloop
  endfacet
  facet normal 0 0 -1
    outer loop
      vertex 4.3755 -1.48299 16
      vertex 3.93923 -0.694592 16
      vertex 3.98478 -0.348622 16
    endloop
  endfacet
  facet normal 0 0 -1
    outer loop
      vertex 3.62523 -1.69047 16
      vertex 4.36615 -1.50293 16
      vertex 3.8932 -2.47395 16
    endloop
  endfacet
  facet normal 0 0 -1
    outer loop
      vertex 4.3755 -1.48299 16
      vertex 3.8637 -1.03528 16
      vertex 3.93923 -0.694592 16
    endloop
  endfacet
  facet normal 0 0 -1
    outer loop
      vertex 4.3755 -1.48299 16
      vertex 3.75877 -1.36808 16
      vertex 3.8637 -1.03528 16
    endloop
  endfacet
  facet normal -0 0 -1
    outer loop
      vertex 4.36615 -1.50293 16
      vertex 3.62523 -1.69047 16
      vertex 3.75877 -1.36808 16
    endloop
  endfacet
  facet normal 0 0 -1
    outer loop
      vertex 3.8932 -2.47395 16
      vertex 3.4641 -2 16
      vertex 3.62523 -1.69047 16
    endloop
  endfacet
  facet normal 0 0 -1
    outer loop
      vertex 3.27661 -2.2943 16
      vertex 3.8932 -2.47395 16
      vertex 3.29875 -3.23459 16
    endloop
  endfacet
  facet normal 0 0 -1
    outer loop
      vertex 3.27661 -2.2943 16
      vertex 3.29875 -3.23459 16
      vertex 3.28166 -3.24849 16
    endloop
  endfacet
  facet normal 0 0 -1
    outer loop
      vertex 3.8932 -2.47395 16
      vertex 3.27661 -2.2943 16
      vertex 3.4641 -2 16
    endloop
  endfacet
  facet normal 0 0 -1
    outer loop
      vertex 6.14253 -0.34549 16
      vertex 6.397 0.195496 16
      vertex 6.397 -0.195496 16
    endloop
  endfacet
  facet normal 0 0 -1
    outer loop
      vertex 6.14253 -0.34549 16
      vertex 6.14253 0.34549 16
      vertex 6.397 0.195496 16
    endloop
  endfacet
  facet normal 0 0 -1
    outer loop
      vertex 5.91161 -0.455978 16
      vertex 6.14253 0.34549 16
      vertex 6.14253 -0.34549 16
    endloop
  endfacet
  facet normal 0 0 -1
    outer loop
      vertex 5.91161 -0.455978 16
      vertex 5.91161 0.455978 16
      vertex 6.14253 0.34549 16
    endloop
  endfacet
  facet normal 0 0 -1
    outer loop
      vertex 5.70886 -0.532272 16
      vertex 5.91161 0.455978 16
      vertex 5.91161 -0.455978 16
    endloop
  endfacet
  facet normal 0 0 -1
    outer loop
      vertex 5.70886 -0.532272 16
      vertex 5.70886 0.532272 16
      vertex 5.91161 0.455978 16
    endloop
  endfacet
  facet normal 0 0 -1
    outer loop
      vertex 5.53822 -0.58017 16
      vertex 5.70886 0.532272 16
      vertex 5.70886 -0.532272 16
    endloop
  endfacet
  facet normal 0 0 -1
    outer loop
      vertex 5.53822 -0.58017 16
      vertex 5.53822 0.58017 16
      vertex 5.70886 0.532272 16
    endloop
  endfacet
  facet normal 0 0 -1
    outer loop
      vertex 5.4028 -0.605881 16
      vertex 5.53822 0.58017 16
      vertex 5.53822 -0.58017 16
    endloop
  endfacet
  facet normal 0 0 -1
    outer loop
      vertex 5.4028 -0.605881 16
      vertex 5.4028 0.605881 16
      vertex 5.53822 0.58017 16
    endloop
  endfacet
  facet normal 0 0 -1
    outer loop
      vertex 5.30486 -0.615906 16
      vertex 5.4028 0.605881 16
      vertex 5.4028 -0.605881 16
    endloop
  endfacet
  facet normal 0 0 -1
    outer loop
      vertex 5.30486 -0.615906 16
      vertex 5.30486 0.615906 16
      vertex 5.4028 0.605881 16
    endloop
  endfacet
  facet normal 0 0 -1
    outer loop
      vertex 5.22612 -0.615753 16
      vertex 5.30486 -0.615906 16
      vertex 5.24577 -0.616928 16
    endloop
  endfacet
  facet normal 0 0 -1
    outer loop
      vertex 5.30486 -0.615906 16
      vertex 5.22612 -0.615753 16
      vertex 5.30486 0.615906 16
    endloop
  endfacet
  facet normal 0 0 -1
    outer loop
      vertex 5.22612 0.615753 16
      vertex 5.30486 0.615906 16
      vertex 5.22612 -0.615753 16
    endloop
  endfacet
  facet normal -0 0 -1
    outer loop
      vertex 5.30486 0.615906 16
      vertex 5.22612 0.615753 16
      vertex 5.24577 0.616928 16
    endloop
  endfacet
  facet normal 0 0 -1
    outer loop
      vertex 5.22612 -0.615753 16
      vertex 4.58586 0.540314 16
      vertex 5.22612 0.615753 16
    endloop
  endfacet
  facet normal 0 0 -1
    outer loop
      vertex 4.58107 -0.539749 16
      vertex 4.58586 0.540314 16
      vertex 5.22612 -0.615753 16
    endloop
  endfacet
  facet normal 0 0 -1
    outer loop
      vertex 4 0 16
      vertex 4.58586 0.540314 16
      vertex 4.58107 -0.539749 16
    endloop
  endfacet
  facet normal 0 0 -1
    outer loop
      vertex 3.75877 -1.36808 16
      vertex 4.3755 -1.48299 16
      vertex 4.36615 -1.50293 16
    endloop
  endfacet
  facet normal 0 0 -1
    outer loop
      vertex 4.3755 -1.48299 16
      vertex 4 0 16
      vertex 4.58107 -0.539749 16
    endloop
  endfacet
  facet normal 0 0 -1
    outer loop
      vertex 3.98478 0.348622 16
      vertex 4.58586 0.540314 16
      vertex 4 0 16
    endloop
  endfacet
  facet normal 0 0 -1
    outer loop
      vertex 5.68413 2.35387 16
      vertex 5.67867 2.95169 16
      vertex 5.84831 2.59941 16
    endloop
  endfacet
  facet normal 0 0 -1
    outer loop
      vertex 5.38432 2.97641 16
      vertex 5.68413 2.35387 16
      vertex 5.524 2.15411 16
    endloop
  endfacet
  facet normal 0 0 -1
    outer loop
      vertex 5.68413 2.35387 16
      vertex 5.38432 2.97641 16
      vertex 5.67867 2.95169 16
    endloop
  endfacet
  facet normal 0 0 -1
    outer loop
      vertex 5.12833 2.97577 16
      vertex 5.524 2.15411 16
      vertex 5.37445 1.99742 16
    endloop
  endfacet
  facet normal 0 0 -1
    outer loop
      vertex 4.91255 2.95654 16
      vertex 5.37445 1.99742 16
      vertex 5.24149 1.88022 16
    endloop
  endfacet
  facet normal 0 0 -1
    outer loop
      vertex 4.73804 2.92566 16
      vertex 5.24149 1.88022 16
      vertex 5.13063 1.79829 16
    endloop
  endfacet
  facet normal 0 0 -1
    outer loop
      vertex 5.524 2.15411 16
      vertex 5.12833 2.97577 16
      vertex 5.38432 2.97641 16
    endloop
  endfacet
  facet normal 0 0 -1
    outer loop
      vertex 4.60487 2.89006 16
      vertex 5.13063 1.79829 16
      vertex 5.04674 1.74677 16
    endloop
  endfacet
  facet normal 0 0 -1
    outer loop
      vertex 4.97572 1.71275 16
      vertex 5.04674 1.74677 16
      vertex 4.99394 1.72021 16
    endloop
  endfacet
  facet normal -0 0 -1
    outer loop
      vertex 5.04674 1.74677 16
      vertex 4.97572 1.71275 16
      vertex 4.51227 2.8566 16
    endloop
  endfacet
  facet normal 0 0 -1
    outer loop
      vertex 5.37445 1.99742 16
      vertex 4.91255 2.95654 16
      vertex 5.12833 2.97577 16
    endloop
  endfacet
  facet normal 0 0 -1
    outer loop
      vertex 5.24149 1.88022 16
      vertex 4.73804 2.92566 16
      vertex 4.91255 2.95654 16
    endloop
  endfacet
  facet normal 0 0 -1
    outer loop
      vertex 5.13063 1.79829 16
      vertex 4.60487 2.89006 16
      vertex 4.73804 2.92566 16
    endloop
  endfacet
  facet normal 0 0 -1
    outer loop
      vertex 5.04674 1.74677 16
      vertex 4.51227 2.8566 16
      vertex 4.60487 2.89006 16
    endloop
  endfacet
  facet normal 0 0 -1
    outer loop
      vertex 4.44139 2.8223 16
      vertex 4.51227 2.8566 16
      vertex 4.97572 1.71275 16
    endloop
  endfacet
  facet normal 0 0 -1
    outer loop
      vertex 4.51227 2.8566 16
      vertex 4.44139 2.8223 16
      vertex 4.4586 2.83188 16
    endloop
  endfacet
  facet normal 0 0 -1
    outer loop
      vertex 4.36159 1.50136 16
      vertex 4.44139 2.8223 16
      vertex 4.97572 1.71275 16
    endloop
  endfacet
  facet normal 0 0 -1
    outer loop
      vertex 3.93923 0.694592 16
      vertex 4.58565 0.562332 16
      vertex 3.98478 0.348622 16
    endloop
  endfacet
  facet normal 0 0 -1
    outer loop
      vertex 3.8637 1.03528 16
      vertex 4.58565 0.562332 16
      vertex 3.93923 0.694592 16
    endloop
  endfacet
  facet normal 0 0 -1
    outer loop
      vertex 4.58565 0.562332 16
      vertex 3.8637 1.03528 16
      vertex 4.36159 1.50136 16
    endloop
  endfacet
  facet normal 0 0 -1
    outer loop
      vertex 3.75877 1.36808 16
      vertex 4.36159 1.50136 16
      vertex 3.8637 1.03528 16
    endloop
  endfacet
  facet normal 0 0 -1
    outer loop
      vertex 3.62523 1.69047 16
      vertex 4.36159 1.50136 16
      vertex 3.75877 1.36808 16
    endloop
  endfacet
  facet normal 0 0 -1
    outer loop
      vertex 4.36159 1.50136 16
      vertex 3.89728 2.47653 16
      vertex 4.44139 2.8223 16
    endloop
  endfacet
  facet normal 0 0 -1
    outer loop
      vertex 4.36159 1.50136 16
      vertex 3.62523 1.69047 16
      vertex 3.89728 2.47653 16
    endloop
  endfacet
  facet normal 0 0 -1
    outer loop
      vertex 3.4641 2 16
      vertex 3.89728 2.47653 16
      vertex 3.62523 1.69047 16
    endloop
  endfacet
  facet normal 0 0 -1
    outer loop
      vertex 3.27661 2.2943 16
      vertex 3.89728 2.47653 16
      vertex 3.4641 2 16
    endloop
  endfacet
  facet normal -0 0 -1
    outer loop
      vertex 3.89728 2.47653 16
      vertex 3.27661 2.2943 16
      vertex 3.88753 2.49628 16
    endloop
  endfacet
  facet normal 0 0 -1
    outer loop
      vertex 3.06418 2.57115 16
      vertex 3.88753 2.49628 16
      vertex 3.27661 2.2943 16
    endloop
  endfacet
  facet normal 0 0 -1
    outer loop
      vertex 3.55968 5.01782 16
      vertex 4.09991 4.58701 16
      vertex 4.04231 4.33757 16
    endloop
  endfacet
  facet normal 0 0 -1
    outer loop
      vertex 3.32932 4.90617 16
      vertex 4.04231 4.33757 16
      vertex 3.97556 4.1315 16
    endloop
  endfacet
  facet normal 0 0 -1
    outer loop
      vertex 3.14326 4.79523 16
      vertex 3.97556 4.1315 16
      vertex 3.90662 3.96822 16
    endloop
  endfacet
  facet normal 0 0 -1
    outer loop
      vertex 2.99942 4.69168 16
      vertex 3.90662 3.96822 16
      vertex 3.84229 3.84631 16
    endloop
  endfacet
  facet normal 0 0 -1
    outer loop
      vertex 4.09991 4.58701 16
      vertex 3.55968 5.01782 16
      vertex 4.1413 4.87949 16
    endloop
  endfacet
  facet normal 0 0 -1
    outer loop
      vertex 2.89488 4.60184 16
      vertex 3.84229 3.84631 16
      vertex 3.78905 3.76349 16
    endloop
  endfacet
  facet normal 0 0 -1
    outer loop
      vertex 3.73984 3.70203 16
      vertex 3.78905 3.76349 16
      vertex 3.75301 3.71666 16
    endloop
  endfacet
  facet normal -0 0 -1
    outer loop
      vertex 3.78905 3.76349 16
      vertex 3.73984 3.70203 16
      vertex 2.82597 4.53151 16
    endloop
  endfacet
  facet normal 0 0 -1
    outer loop
      vertex 4.1413 4.87949 16
      vertex 3.55968 5.01782 16
      vertex 3.83562 5.12326 16
    endloop
  endfacet
  facet normal 0 0 -1
    outer loop
      vertex 4.04231 4.33757 16
      vertex 3.32932 4.90617 16
      vertex 3.55968 5.01782 16
    endloop
  endfacet
  facet normal 0 0 -1
    outer loop
      vertex 2.77701 4.46985 16
      vertex 3.73984 3.70203 16
      vertex 3.27824 3.2451 16
    endloop
  endfacet
  facet normal 0 0 -1
    outer loop
      vertex 3.97556 4.1315 16
      vertex 3.14326 4.79523 16
      vertex 3.32932 4.90617 16
    endloop
  endfacet
  facet normal 0 0 -1
    outer loop
      vertex 3.88753 2.49628 16
      vertex 3.06418 2.57115 16
      vertex 3.27824 3.2451 16
    endloop
  endfacet
  facet normal 0 0 -1
    outer loop
      vertex 2.82843 2.82843 16
      vertex 3.27824 3.2451 16
      vertex 3.06418 2.57115 16
    endloop
  endfacet
  facet normal 0 0 -1
    outer loop
      vertex 2.57115 3.06418 16
      vertex 3.27824 3.2451 16
      vertex 2.82843 2.82843 16
    endloop
  endfacet
  facet normal 0 0 -1
    outer loop
      vertex 3.90662 3.96822 16
      vertex 2.99942 4.69168 16
      vertex 3.14326 4.79523 16
    endloop
  endfacet
  facet normal 0 0 -1
    outer loop
      vertex 3.84229 3.84631 16
      vertex 2.89488 4.60184 16
      vertex 2.99942 4.69168 16
    endloop
  endfacet
  facet normal 0 -0 -1
    outer loop
      vertex 2.82597 4.53151 16
      vertex 3.73984 3.70203 16
      vertex 2.77701 4.46985 16
    endloop
  endfacet
  facet normal 0 0 -1
    outer loop
      vertex 3.78905 3.76349 16
      vertex 2.82597 4.53151 16
      vertex 2.89488 4.60184 16
    endloop
  endfacet
  facet normal 0 0 -1
    outer loop
      vertex 2.82597 4.53151 16
      vertex 2.77701 4.46985 16
      vertex 2.78835 4.48595 16
    endloop
  endfacet
  facet normal -0 0 -1
    outer loop
      vertex 3.27824 3.2451 16
      vertex 2.57115 3.06418 16
      vertex 2.4368 3.92224 16
    endloop
  endfacet
  facet normal 0 0 -1
    outer loop
      vertex 3.27824 3.2451 16
      vertex 2.4368 3.92224 16
      vertex 2.77701 4.46985 16
    endloop
  endfacet
  facet normal 0 0 -1
    outer loop
      vertex 2.2943 3.27661 16
      vertex 2.4368 3.92224 16
      vertex 2.57115 3.06418 16
    endloop
  endfacet
  facet normal 0 0 -1
    outer loop
      vertex 2 3.4641 16
      vertex 2.4368 3.92224 16
      vertex 2.2943 3.27661 16
    endloop
  endfacet
  facet normal -0 0 -1
    outer loop
      vertex 2.4368 3.92224 16
      vertex 2 3.4641 16
      vertex 2.41945 3.93581 16
    endloop
  endfacet
  facet normal 0 0 -1
    outer loop
      vertex 1.69047 3.62523 16
      vertex 2.41945 3.93581 16
      vertex 2 3.4641 16
    endloop
  endfacet
  facet normal 0 0 -1
    outer loop
      vertex 1.69047 3.62523 16
      vertex 1.54559 4.3461 16
      vertex 2.41945 3.93581 16
    endloop
  endfacet
  facet normal 0 -0 -1
    outer loop
      vertex 1.54559 4.3461 16
      vertex 1.69047 3.62523 16
      vertex 1.36808 3.75877 16
    endloop
  endfacet
  facet normal 0 0 -1
    outer loop
      vertex 0.666733 5.52846 16
      vertex 1.79799 5.27026 16
      vertex 1.79292 5.13251 16
    endloop
  endfacet
  facet normal 0 0 -1
    outer loop
      vertex 0.611542 5.40216 16
      vertex 1.79292 5.13251 16
      vertex 1.7809 5.03479 16
    endloop
  endfacet
  facet normal 0 0 -1
    outer loop
      vertex 1.76323 4.95807 16
      vertex 1.7809 5.03479 16
      vertex 1.76875 4.97696 16
    endloop
  endfacet
  facet normal -0 0 -1
    outer loop
      vertex 1.7809 5.03479 16
      vertex 1.76323 4.95807 16
      vertex 0.579971 5.3089 16
    endloop
  endfacet
  facet normal 0 0 -1
    outer loop
      vertex 1.79799 5.27026 16
      vertex 0.666733 5.52846 16
      vertex 1.78926 5.44728 16
    endloop
  endfacet
  facet normal 0 0 -1
    outer loop
      vertex 1.78926 5.44728 16
      vertex 0.751404 5.68416 16
      vertex 1.75999 5.66191 16
    endloop
  endfacet
  facet normal 0 -0 -1
    outer loop
      vertex 0.870895 5.86485 16
      vertex 1.75999 5.66191 16
      vertex 0.751404 5.68416 16
    endloop
  endfacet
  facet normal 0 0 -1
    outer loop
      vertex 0.562592 5.2321 16
      vertex 1.76323 4.95807 16
      vertex 1.54559 4.3461 16
    endloop
  endfacet
  facet normal 0 0 -1
    outer loop
      vertex 1.03528 3.8637 16
      vertex 1.54559 4.3461 16
      vertex 1.36808 3.75877 16
    endloop
  endfacet
  facet normal 0 -0 -1
    outer loop
      vertex 0.579971 5.3089 16
      vertex 1.76323 4.95807 16
      vertex 0.562592 5.2321 16
    endloop
  endfacet
  facet normal -0 0 -1
    outer loop
      vertex 1.54559 4.3461 16
      vertex 1.03528 3.8637 16
      vertex 0.493668 4.59111 16
    endloop
  endfacet
  facet normal -0 0 -1
    outer loop
      vertex 1.61406 6.1931 16
      vertex 1.03001 6.0654 16
      vertex 1.23286 6.28011 16
    endloop
  endfacet
  facet normal 0 0 -1
    outer loop
      vertex 1.70366 5.91164 16
      vertex 1.03001 6.0654 16
      vertex 1.61406 6.1931 16
    endloop
  endfacet
  facet normal 0 -0 -1
    outer loop
      vertex 1.03001 6.0654 16
      vertex 1.70366 5.91164 16
      vertex 0.870895 5.86485 16
    endloop
  endfacet
  facet normal 0 0 -1
    outer loop
      vertex 0.493668 4.59111 16
      vertex 1.03528 3.8637 16
      vertex 0.694592 3.93923 16
    endloop
  endfacet
  facet normal 0 0 -1
    outer loop
      vertex 1.78926 5.44728 16
      vertex 0.666733 5.52846 16
      vertex 0.751404 5.68416 16
    endloop
  endfacet
  facet normal 0 0 -1
    outer loop
      vertex 1.75999 5.66191 16
      vertex 0.870895 5.86485 16
      vertex 1.70366 5.91164 16
    endloop
  endfacet
  facet normal 0 0 -1
    outer loop
      vertex 1.79292 5.13251 16
      vertex 0.611542 5.40216 16
      vertex 0.666733 5.52846 16
    endloop
  endfacet
  facet normal 0 0 -1
    outer loop
      vertex 1.7809 5.03479 16
      vertex 0.579971 5.3089 16
      vertex 0.611542 5.40216 16
    endloop
  endfacet
  facet normal 0 0 -1
    outer loop
      vertex 0.579971 5.3089 16
      vertex 0.562592 5.2321 16
      vertex 0.565826 5.25153 16
    endloop
  endfacet
  facet normal 0 0 -1
    outer loop
      vertex 1.54559 4.3461 16
      vertex 0.493668 4.59111 16
      vertex 0.562592 5.2321 16
    endloop
  endfacet
  facet normal 0 0 -1
    outer loop
      vertex 0.348622 3.98478 16
      vertex 0.493668 4.59111 16
      vertex 0.694592 3.93923 16
    endloop
  endfacet
  facet normal -0 0 -1
    outer loop
      vertex 0.493668 4.59111 16
      vertex 0.348622 3.98478 16
      vertex 0.472153 4.59579 16
    endloop
  endfacet
  facet normal 0 0 -1
    outer loop
      vertex 0 4 16
      vertex 0.472153 4.59579 16
      vertex 0.348622 3.98478 16
    endloop
  endfacet
  facet normal 0 0 -1
    outer loop
      vertex -0.493149 4.58632 16
      vertex 0 4 16
      vertex -0.348622 3.98478 16
    endloop
  endfacet
  facet normal 0 0 -1
    outer loop
      vertex 0 4 16
      vertex -0.493149 4.58632 16
      vertex 0.472153 4.59579 16
    endloop
  endfacet
  facet normal 0 0 -1
    outer loop
      vertex -1.76323 4.95807 16
      vertex -0.562592 5.2321 16
      vertex -0.493149 4.58632 16
    endloop
  endfacet
  facet normal 0 -0 -1
    outer loop
      vertex -0.579971 5.3089 16
      vertex -0.562592 5.2321 16
      vertex -1.76323 4.95807 16
    endloop
  endfacet
  facet normal 0 0 -1
    outer loop
      vertex -0.562592 5.2321 16
      vertex -0.579971 5.3089 16
      vertex -0.565826 5.25153 16
    endloop
  endfacet
  facet normal 0 0 -1
    outer loop
      vertex -1.7809 5.03479 16
      vertex -0.579971 5.3089 16
      vertex -1.76323 4.95807 16
    endloop
  endfacet
  facet normal 0 0 -1
    outer loop
      vertex -0.694592 3.93923 16
      vertex -0.493149 4.58632 16
      vertex -0.348622 3.98478 16
    endloop
  endfacet
  facet normal 0 0 -1
    outer loop
      vertex -1.03528 3.8637 16
      vertex -0.493149 4.58632 16
      vertex -0.694592 3.93923 16
    endloop
  endfacet
  facet normal 0 0 -1
    outer loop
      vertex -1.76323 4.95807 16
      vertex -0.493149 4.58632 16
      vertex -1.54721 4.35065 16
    endloop
  endfacet
  facet normal -0 0 -1
    outer loop
      vertex -0.579971 5.3089 16
      vertex -1.7809 5.03479 16
      vertex -0.611542 5.40216 16
    endloop
  endfacet
  facet normal 0 0 -1
    outer loop
      vertex -1.79292 5.13251 16
      vertex -0.611542 5.40216 16
      vertex -1.7809 5.03479 16
    endloop
  endfacet
  facet normal 0 0 -1
    outer loop
      vertex -0.493149 4.58632 16
      vertex -1.03528 3.8637 16
      vertex -1.54721 4.35065 16
    endloop
  endfacet
  facet normal -0 0 -1
    outer loop
      vertex -0.611542 5.40216 16
      vertex -1.79292 5.13251 16
      vertex -0.666733 5.52846 16
    endloop
  endfacet
  facet normal 0 0 -1
    outer loop
      vertex -1.54721 4.35065 16
      vertex -1.03528 3.8637 16
      vertex -1.36808 3.75877 16
    endloop
  endfacet
  facet normal 0 0 -1
    outer loop
      vertex -1.79799 5.27026 16
      vertex -0.666733 5.52846 16
      vertex -1.79292 5.13251 16
    endloop
  endfacet
  facet normal 0 -0 -1
    outer loop
      vertex -1.78926 5.44728 16
      vertex -0.751404 5.68416 16
      vertex -1.79799 5.27026 16
    endloop
  endfacet
  facet normal 0 0 -1
    outer loop
      vertex -1.23286 6.28011 16
      vertex -1.70366 5.91164 16
      vertex -1.61406 6.1931 16
    endloop
  endfacet
  facet normal -0 0 -1
    outer loop
      vertex -1.03001 6.0654 16
      vertex -1.70366 5.91164 16
      vertex -1.23286 6.28011 16
    endloop
  endfacet
  facet normal 0 -0 -1
    outer loop
      vertex -1.75999 5.66191 16
      vertex -0.870895 5.86485 16
      vertex -1.78926 5.44728 16
    endloop
  endfacet
  facet normal 0 0 -1
    outer loop
      vertex -1.7809 5.03479 16
      vertex -1.76323 4.95807 16
      vertex -1.76875 4.97696 16
    endloop
  endfacet
  facet normal -0 0 -1
    outer loop
      vertex -0.666733 5.52846 16
      vertex -1.79799 5.27026 16
      vertex -0.751404 5.68416 16
    endloop
  endfacet
  facet normal 0 -0 -1
    outer loop
      vertex -1.70366 5.91164 16
      vertex -1.03001 6.0654 16
      vertex -1.75999 5.66191 16
    endloop
  endfacet
  facet normal -0 0 -1
    outer loop
      vertex -0.751404 5.68416 16
      vertex -1.78926 5.44728 16
      vertex -0.870895 5.86485 16
    endloop
  endfacet
  facet normal -0 0 -1
    outer loop
      vertex -0.870895 5.86485 16
      vertex -1.75999 5.66191 16
      vertex -1.03001 6.0654 16
    endloop
  endfacet
  facet normal 0 0 -1
    outer loop
      vertex -3.75877 1.36808 16
      vertex -4.3755 1.48299 16
      vertex -4.36615 1.50293 16
    endloop
  endfacet
  facet normal 0 0 -1
    outer loop
      vertex -4 0 16
      vertex -4.58107 0.539749 16
      vertex -4.3755 1.48299 16
    endloop
  endfacet
  facet normal -0 0 -1
    outer loop
      vertex -3.98478 -0.348622 16
      vertex -4.58586 -0.540314 16
      vertex -4 0 16
    endloop
  endfacet
  facet normal -0 0 -1
    outer loop
      vertex -4 0 16
      vertex -4.58586 -0.540314 16
      vertex -4.58107 0.539749 16
    endloop
  endfacet
  facet normal 0 0 -1
    outer loop
      vertex -5.22612 -0.615753 16
      vertex -4.58107 0.539749 16
      vertex -4.58586 -0.540314 16
    endloop
  endfacet
  facet normal 0 0 -1
    outer loop
      vertex -5.22612 -0.615753 16
      vertex -5.22612 0.615753 16
      vertex -4.58107 0.539749 16
    endloop
  endfacet
  facet normal 0 0 -1
    outer loop
      vertex -5.30486 -0.615906 16
      vertex -5.22612 -0.615753 16
      vertex -5.24577 -0.616928 16
    endloop
  endfacet
  facet normal -0 0 -1
    outer loop
      vertex -5.22612 -0.615753 16
      vertex -5.30486 -0.615906 16
      vertex -5.22612 0.615753 16
    endloop
  endfacet
  facet normal 0 0 -1
    outer loop
      vertex -5.30486 0.615906 16
      vertex -5.22612 0.615753 16
      vertex -5.30486 -0.615906 16
    endloop
  endfacet
  facet normal 0 0 -1
    outer loop
      vertex -5.22612 0.615753 16
      vertex -5.30486 0.615906 16
      vertex -5.24577 0.616928 16
    endloop
  endfacet
  facet normal 0 0 -1
    outer loop
      vertex -5.4028 -0.605881 16
      vertex -5.30486 0.615906 16
      vertex -5.30486 -0.615906 16
    endloop
  endfacet
  facet normal 0 0 -1
    outer loop
      vertex -5.4028 -0.605881 16
      vertex -5.4028 0.605881 16
      vertex -5.30486 0.615906 16
    endloop
  endfacet
  facet normal 0 0 -1
    outer loop
      vertex -5.53822 -0.58017 16
      vertex -5.4028 0.605881 16
      vertex -5.4028 -0.605881 16
    endloop
  endfacet
  facet normal 0 0 -1
    outer loop
      vertex -5.53822 -0.58017 16
      vertex -5.53822 0.58017 16
      vertex -5.4028 0.605881 16
    endloop
  endfacet
  facet normal 0 0 -1
    outer loop
      vertex -5.70886 -0.532272 16
      vertex -5.53822 0.58017 16
      vertex -5.53822 -0.58017 16
    endloop
  endfacet
  facet normal 0 0 -1
    outer loop
      vertex -5.70886 -0.532272 16
      vertex -5.70886 0.532272 16
      vertex -5.53822 0.58017 16
    endloop
  endfacet
  facet normal 0 0 -1
    outer loop
      vertex -5.91161 -0.455978 16
      vertex -5.70886 0.532272 16
      vertex -5.70886 -0.532272 16
    endloop
  endfacet
  facet normal 0 0 -1
    outer loop
      vertex -5.91161 -0.455978 16
      vertex -5.91161 0.455978 16
      vertex -5.70886 0.532272 16
    endloop
  endfacet
  facet normal 0 0 -1
    outer loop
      vertex -6.14253 -0.34549 16
      vertex -5.91161 0.455978 16
      vertex -5.91161 -0.455978 16
    endloop
  endfacet
  facet normal 0 0 -1
    outer loop
      vertex -6.14253 -0.34549 16
      vertex -6.14253 0.34549 16
      vertex -5.91161 0.455978 16
    endloop
  endfacet
  facet normal 0 0 -1
    outer loop
      vertex -6.397 -0.195496 16
      vertex -6.14253 0.34549 16
      vertex -6.14253 -0.34549 16
    endloop
  endfacet
  facet normal 0 0 -1
    outer loop
      vertex -6.14253 0.34549 16
      vertex -6.397 -0.195496 16
      vertex -6.397 0.195496 16
    endloop
  endfacet
  facet normal 0 0 -1
    outer loop
      vertex -2.82843 2.82843 16
      vertex -3.29875 3.23459 16
      vertex -3.28166 3.24849 16
    endloop
  endfacet
  facet normal 0 0 -1
    outer loop
      vertex -3.8932 2.47395 16
      vertex -3.27661 2.2943 16
      vertex -3.4641 2 16
    endloop
  endfacet
  facet normal 0 0 -1
    outer loop
      vertex -3.8932 2.47395 16
      vertex -3.4641 2 16
      vertex -3.62523 1.69047 16
    endloop
  endfacet
  facet normal 0 0 -1
    outer loop
      vertex -4.36615 1.50293 16
      vertex -3.62523 1.69047 16
      vertex -3.75877 1.36808 16
    endloop
  endfacet
  facet normal 0 0 -1
    outer loop
      vertex -4.3755 1.48299 16
      vertex -3.75877 1.36808 16
      vertex -3.8637 1.03528 16
    endloop
  endfacet
  facet normal -0 0 -1
    outer loop
      vertex -3.06418 2.57115 16
      vertex -3.8932 2.47395 16
      vertex -3.29875 3.23459 16
    endloop
  endfacet
  facet normal 0 0 -1
    outer loop
      vertex -4.3755 1.48299 16
      vertex -3.8637 1.03528 16
      vertex -3.93923 0.694592 16
    endloop
  endfacet
  facet normal 0 0 -1
    outer loop
      vertex -4.3755 1.48299 16
      vertex -3.93923 0.694592 16
      vertex -3.98478 0.348622 16
    endloop
  endfacet
  facet normal 0 0 -1
    outer loop
      vertex -4.3755 1.48299 16
      vertex -3.98478 0.348622 16
      vertex -4 0 16
    endloop
  endfacet
  facet normal 0 0 -1
    outer loop
      vertex -4.58586 -0.540314 16
      vertex -3.98478 -0.348622 16
      vertex -4.58565 -0.562332 16
    endloop
  endfacet
  facet normal -0 0 -1
    outer loop
      vertex -3.62523 1.69047 16
      vertex -4.36615 1.50293 16
      vertex -3.8932 2.47395 16
    endloop
  endfacet
  facet normal 0 0 -1
    outer loop
      vertex -4.36615 1.50293 16
      vertex -4.44139 2.8223 16
      vertex -3.8932 2.47395 16
    endloop
  endfacet
  facet normal 0 0 -1
    outer loop
      vertex -4.97572 1.71275 16
      vertex -4.44139 2.8223 16
      vertex -4.36615 1.50293 16
    endloop
  endfacet
  facet normal 0 -0 -1
    outer loop
      vertex -4.51227 2.8566 16
      vertex -4.44139 2.8223 16
      vertex -4.97572 1.71275 16
    endloop
  endfacet
  facet normal 0 0 -1
    outer loop
      vertex -4.44139 2.8223 16
      vertex -4.51227 2.8566 16
      vertex -4.4586 2.83188 16
    endloop
  endfacet
  facet normal 0 0 -1
    outer loop
      vertex -5.04674 1.74677 16
      vertex -4.51227 2.8566 16
      vertex -4.97572 1.71275 16
    endloop
  endfacet
  facet normal -0 0 -1
    outer loop
      vertex -4.51227 2.8566 16
      vertex -5.04674 1.74677 16
      vertex -4.60487 2.89006 16
    endloop
  endfacet
  facet normal 0 0 -1
    outer loop
      vertex -5.13063 1.79829 16
      vertex -4.60487 2.89006 16
      vertex -5.04674 1.74677 16
    endloop
  endfacet
  facet normal 0 0 -1
    outer loop
      vertex -5.04674 1.74677 16
      vertex -4.97572 1.71275 16
      vertex -4.99394 1.72021 16
    endloop
  endfacet
  facet normal -0 0 -1
    outer loop
      vertex -4.60487 2.89006 16
      vertex -5.13063 1.79829 16
      vertex -4.73804 2.92566 16
    endloop
  endfacet
  facet normal 0 0 -1
    outer loop
      vertex -5.24149 1.88022 16
      vertex -4.73804 2.92566 16
      vertex -5.13063 1.79829 16
    endloop
  endfacet
  facet normal -0 0 -1
    outer loop
      vertex -4.73804 2.92566 16
      vertex -5.24149 1.88022 16
      vertex -4.91255 2.95654 16
    endloop
  endfacet
  facet normal 0 0 -1
    outer loop
      vertex -5.37445 1.99742 16
      vertex -4.91255 2.95654 16
      vertex -5.24149 1.88022 16
    endloop
  endfacet
  facet normal -0 0 -1
    outer loop
      vertex -4.91255 2.95654 16
      vertex -5.37445 1.99742 16
      vertex -5.12833 2.97577 16
    endloop
  endfacet
  facet normal 0 0 -1
    outer loop
      vertex -5.524 2.15411 16
      vertex -5.12833 2.97577 16
      vertex -5.37445 1.99742 16
    endloop
  endfacet
  facet normal -0 0 -1
    outer loop
      vertex -5.12833 2.97577 16
      vertex -5.524 2.15411 16
      vertex -5.38432 2.97641 16
    endloop
  endfacet
  facet normal 0 0 -1
    outer loop
      vertex -5.68413 2.35387 16
      vertex -5.38432 2.97641 16
      vertex -5.524 2.15411 16
    endloop
  endfacet
  facet normal 0 0 -1
    outer loop
      vertex -5.38432 2.97641 16
      vertex -5.68413 2.35387 16
      vertex -5.67867 2.95169 16
    endloop
  endfacet
  facet normal 0 0 -1
    outer loop
      vertex -5.67867 2.95169 16
      vertex -5.68413 2.35387 16
      vertex -5.84831 2.59941 16
    endloop
  endfacet
  facet normal 0 0 -1
    outer loop
      vertex -1.36808 3.75877 16
      vertex -1.56863 4.34554 16
      vertex -1.54721 4.35065 16
    endloop
  endfacet
  facet normal 0 0 -1
    outer loop
      vertex -1.69047 3.62523 16
      vertex -1.56863 4.34554 16
      vertex -1.36808 3.75877 16
    endloop
  endfacet
  facet normal 0 0 -1
    outer loop
      vertex -2.43425 3.91815 16
      vertex -1.69047 3.62523 16
      vertex -2 3.4641 16
    endloop
  endfacet
  facet normal 0 0 -1
    outer loop
      vertex -2.43425 3.91815 16
      vertex -2 3.4641 16
      vertex -2.2943 3.27661 16
    endloop
  endfacet
  facet normal 0 0 -1
    outer loop
      vertex -1.69047 3.62523 16
      vertex -2.43425 3.91815 16
      vertex -1.56863 4.34554 16
    endloop
  endfacet
  facet normal 0 0 -1
    outer loop
      vertex -2.57115 3.06418 16
      vertex -2.43425 3.91815 16
      vertex -2.2943 3.27661 16
    endloop
  endfacet
  facet normal 0 0 -1
    outer loop
      vertex -3.28166 3.24849 16
      vertex -2.43425 3.91815 16
      vertex -2.57115 3.06418 16
    endloop
  endfacet
  facet normal -0 0 -1
    outer loop
      vertex -2.43425 3.91815 16
      vertex -3.28166 3.24849 16
      vertex -2.77701 4.46985 16
    endloop
  endfacet
  facet normal 0 0 -1
    outer loop
      vertex -3.73984 3.70203 16
      vertex -2.77701 4.46985 16
      vertex -3.28166 3.24849 16
    endloop
  endfacet
  facet normal 0 0 -1
    outer loop
      vertex -3.28166 3.24849 16
      vertex -2.57115 3.06418 16
      vertex -2.82843 2.82843 16
    endloop
  endfacet
  facet normal 0 -0 -1
    outer loop
      vertex -2.82597 4.53151 16
      vertex -2.77701 4.46985 16
      vertex -3.73984 3.70203 16
    endloop
  endfacet
  facet normal 0 0 -1
    outer loop
      vertex -2.77701 4.46985 16
      vertex -2.82597 4.53151 16
      vertex -2.78835 4.48595 16
    endloop
  endfacet
  facet normal 0 0 -1
    outer loop
      vertex -3.29875 3.23459 16
      vertex -2.82843 2.82843 16
      vertex -3.06418 2.57115 16
    endloop
  endfacet
  facet normal 0 0 -1
    outer loop
      vertex -3.78905 3.76349 16
      vertex -2.82597 4.53151 16
      vertex -3.73984 3.70203 16
    endloop
  endfacet
  facet normal 0 0 -1
    outer loop
      vertex -3.8932 2.47395 16
      vertex -3.06418 2.57115 16
      vertex -3.27661 2.2943 16
    endloop
  endfacet
  facet normal -0 0 -1
    outer loop
      vertex -2.82597 4.53151 16
      vertex -3.78905 3.76349 16
      vertex -2.89488 4.60184 16
    endloop
  endfacet
  facet normal 0 0 -1
    outer loop
      vertex -3.84229 3.84631 16
      vertex -2.89488 4.60184 16
      vertex -3.78905 3.76349 16
    endloop
  endfacet
  facet normal -0 0 -1
    outer loop
      vertex -2.89488 4.60184 16
      vertex -3.84229 3.84631 16
      vertex -2.99942 4.69168 16
    endloop
  endfacet
  facet normal 0 0 -1
    outer loop
      vertex -3.90662 3.96822 16
      vertex -2.99942 4.69168 16
      vertex -3.84229 3.84631 16
    endloop
  endfacet
  facet normal 0 0 -1
    outer loop
      vertex -3.78905 3.76349 16
      vertex -3.73984 3.70203 16
      vertex -3.75301 3.71666 16
    endloop
  endfacet
  facet normal -0 0 -1
    outer loop
      vertex -2.99942 4.69168 16
      vertex -3.90662 3.96822 16
      vertex -3.14326 4.79523 16
    endloop
  endfacet
  facet normal 0 0 -1
    outer loop
      vertex -3.97556 4.1315 16
      vertex -3.14326 4.79523 16
      vertex -3.90662 3.96822 16
    endloop
  endfacet
  facet normal -0 0 -1
    outer loop
      vertex -3.14326 4.79523 16
      vertex -3.97556 4.1315 16
      vertex -3.32932 4.90617 16
    endloop
  endfacet
  facet normal 0 0 -1
    outer loop
      vertex -4.04231 4.33757 16
      vertex -3.32932 4.90617 16
      vertex -3.97556 4.1315 16
    endloop
  endfacet
  facet normal -0 0 -1
    outer loop
      vertex -3.32932 4.90617 16
      vertex -4.04231 4.33757 16
      vertex -3.55968 5.01782 16
    endloop
  endfacet
  facet normal 0 0 -1
    outer loop
      vertex -4.09991 4.58701 16
      vertex -3.55968 5.01782 16
      vertex -4.04231 4.33757 16
    endloop
  endfacet
  facet normal -0 0 -1
    outer loop
      vertex -3.55968 5.01782 16
      vertex -4.09991 4.58701 16
      vertex -3.83562 5.12326 16
    endloop
  endfacet
  facet normal 0 0 -1
    outer loop
      vertex -3.83562 5.12326 16
      vertex -4.09991 4.58701 16
      vertex -4.1413 4.87949 16
    endloop
  endfacet
  facet normal 0 0 -1
    outer loop
      vertex -1.54559 -4.3461 16
      vertex -1.69047 -3.62523 16
      vertex -1.36808 -3.75877 16
    endloop
  endfacet
  facet normal 0 0 -1
    outer loop
      vertex -2.41945 -3.93581 16
      vertex -1.69047 -3.62523 16
      vertex -1.54559 -4.3461 16
    endloop
  endfacet
  facet normal -0 0 -1
    outer loop
      vertex -1.69047 -3.62523 16
      vertex -2.41945 -3.93581 16
      vertex -2 -3.4641 16
    endloop
  endfacet
  facet normal 0 0 -1
    outer loop
      vertex -2.4368 -3.92224 16
      vertex -2 -3.4641 16
      vertex -2.41945 -3.93581 16
    endloop
  endfacet
  facet normal -0 0 -1
    outer loop
      vertex -2 -3.4641 16
      vertex -2.4368 -3.92224 16
      vertex -2.2943 -3.27661 16
    endloop
  endfacet
  facet normal 0 0 -1
    outer loop
      vertex -2.4368 -3.92224 16
      vertex -2.57115 -3.06418 16
      vertex -2.2943 -3.27661 16
    endloop
  endfacet
  facet normal 0 0 -1
    outer loop
      vertex -3.27824 -3.2451 16
      vertex -2.4368 -3.92224 16
      vertex -2.77701 -4.46985 16
    endloop
  endfacet
  facet normal 0 0 -1
    outer loop
      vertex -2.82597 -4.53151 16
      vertex -2.77701 -4.46985 16
      vertex -2.78835 -4.48595 16
    endloop
  endfacet
  facet normal -0 0 -1
    outer loop
      vertex -2.77701 -4.46985 16
      vertex -2.82597 -4.53151 16
      vertex -3.73984 -3.70203 16
    endloop
  endfacet
  facet normal 0 0 -1
    outer loop
      vertex -2.4368 -3.92224 16
      vertex -3.27824 -3.2451 16
      vertex -2.57115 -3.06418 16
    endloop
  endfacet
  facet normal 0 0 -1
    outer loop
      vertex -3.78905 -3.76349 16
      vertex -2.82597 -4.53151 16
      vertex -2.89488 -4.60184 16
    endloop
  endfacet
  facet normal 0 0 -1
    outer loop
      vertex -3.84229 -3.84631 16
      vertex -2.89488 -4.60184 16
      vertex -2.99942 -4.69168 16
    endloop
  endfacet
  facet normal -0 0 -1
    outer loop
      vertex -2.57115 -3.06418 16
      vertex -3.27824 -3.2451 16
      vertex -2.82843 -2.82843 16
    endloop
  endfacet
  facet normal 0 0 -1
    outer loop
      vertex -3.90662 -3.96822 16
      vertex -2.99942 -4.69168 16
      vertex -3.14326 -4.79523 16
    endloop
  endfacet
  facet normal -0 0 -1
    outer loop
      vertex -2.82843 -2.82843 16
      vertex -3.27824 -3.2451 16
      vertex -3.06418 -2.57115 16
    endloop
  endfacet
  facet normal 0 0 -1
    outer loop
      vertex -3.88753 -2.49628 16
      vertex -3.06418 -2.57115 16
      vertex -3.27824 -3.2451 16
    endloop
  endfacet
  facet normal 0 0 -1
    outer loop
      vertex -3.97556 -4.1315 16
      vertex -3.14326 -4.79523 16
      vertex -3.32932 -4.90617 16
    endloop
  endfacet
  facet normal 0 0 -1
    outer loop
      vertex -4.04231 -4.33757 16
      vertex -3.32932 -4.90617 16
      vertex -3.55968 -5.01782 16
    endloop
  endfacet
  facet normal 0 0 -1
    outer loop
      vertex -2.77701 -4.46985 16
      vertex -3.73984 -3.70203 16
      vertex -3.27824 -3.2451 16
    endloop
  endfacet
  facet normal 0 0 -1
    outer loop
      vertex -2.82597 -4.53151 16
      vertex -3.78905 -3.76349 16
      vertex -3.73984 -3.70203 16
    endloop
  endfacet
  facet normal 0 0 -1
    outer loop
      vertex -3.73984 -3.70203 16
      vertex -3.78905 -3.76349 16
      vertex -3.75301 -3.71666 16
    endloop
  endfacet
  facet normal 0 0 -1
    outer loop
      vertex -4.09991 -4.58701 16
      vertex -3.55968 -5.01782 16
      vertex -3.83562 -5.12326 16
    endloop
  endfacet
  facet normal 0 0 -1
    outer loop
      vertex -2.89488 -4.60184 16
      vertex -3.84229 -3.84631 16
      vertex -3.78905 -3.76349 16
    endloop
  endfacet
  facet normal 0 0 -1
    outer loop
      vertex -2.99942 -4.69168 16
      vertex -3.90662 -3.96822 16
      vertex -3.84229 -3.84631 16
    endloop
  endfacet
  facet normal 0 0 -1
    outer loop
      vertex -3.14326 -4.79523 16
      vertex -3.97556 -4.1315 16
      vertex -3.90662 -3.96822 16
    endloop
  endfacet
  facet normal 0 0 -1
    outer loop
      vertex -3.32932 -4.90617 16
      vertex -4.04231 -4.33757 16
      vertex -3.97556 -4.1315 16
    endloop
  endfacet
  facet normal 0 0 -1
    outer loop
      vertex -3.55968 -5.01782 16
      vertex -4.09991 -4.58701 16
      vertex -4.04231 -4.33757 16
    endloop
  endfacet
  facet normal 0 -0 -1
    outer loop
      vertex -4.09991 -4.58701 16
      vertex -3.83562 -5.12326 16
      vertex -4.1413 -4.87949 16
    endloop
  endfacet
  facet normal 0 0 -1
    outer loop
      vertex -3.06418 -2.57115 16
      vertex -3.88753 -2.49628 16
      vertex -3.27661 -2.2943 16
    endloop
  endfacet
  facet normal 0 0 -1
    outer loop
      vertex -3.89728 -2.47653 16
      vertex -3.27661 -2.2943 16
      vertex -3.88753 -2.49628 16
    endloop
  endfacet
  facet normal -0 0 -1
    outer loop
      vertex -3.27661 -2.2943 16
      vertex -3.89728 -2.47653 16
      vertex -3.4641 -2 16
    endloop
  endfacet
  facet normal -0 0 -1
    outer loop
      vertex -3.4641 -2 16
      vertex -3.89728 -2.47653 16
      vertex -3.62523 -1.69047 16
    endloop
  endfacet
  facet normal 0 0 -1
    outer loop
      vertex -4.36159 -1.50136 16
      vertex -3.62523 -1.69047 16
      vertex -3.89728 -2.47653 16
    endloop
  endfacet
  facet normal 0 0 -1
    outer loop
      vertex -3.62523 -1.69047 16
      vertex -4.36159 -1.50136 16
      vertex -3.75877 -1.36808 16
    endloop
  endfacet
  facet normal -0 0 -1
    outer loop
      vertex -3.75877 -1.36808 16
      vertex -4.36159 -1.50136 16
      vertex -3.8637 -1.03528 16
    endloop
  endfacet
  facet normal 0 0 -1
    outer loop
      vertex -4.58565 -0.562332 16
      vertex -3.8637 -1.03528 16
      vertex -4.36159 -1.50136 16
    endloop
  endfacet
  facet normal 0 0 -1
    outer loop
      vertex -3.8637 -1.03528 16
      vertex -4.58565 -0.562332 16
      vertex -3.93923 -0.694592 16
    endloop
  endfacet
  facet normal 0 0 -1
    outer loop
      vertex -3.93923 -0.694592 16
      vertex -4.58565 -0.562332 16
      vertex -3.98478 -0.348622 16
    endloop
  endfacet
  facet normal 0 0 -1
    outer loop
      vertex -4.44139 -2.8223 16
      vertex -4.36159 -1.50136 16
      vertex -3.89728 -2.47653 16
    endloop
  endfacet
  facet normal 0 0 -1
    outer loop
      vertex -4.51227 -2.8566 16
      vertex -4.44139 -2.8223 16
      vertex -4.4586 -2.83188 16
    endloop
  endfacet
  facet normal -0 0 -1
    outer loop
      vertex -4.44139 -2.8223 16
      vertex -4.51227 -2.8566 16
      vertex -4.97572 -1.71275 16
    endloop
  endfacet
  facet normal 0 0 -1
    outer loop
      vertex -5.04674 -1.74677 16
      vertex -4.51227 -2.8566 16
      vertex -4.60487 -2.89006 16
    endloop
  endfacet
  facet normal 0 0 -1
    outer loop
      vertex -5.13063 -1.79829 16
      vertex -4.60487 -2.89006 16
      vertex -4.73804 -2.92566 16
    endloop
  endfacet
  facet normal 0 0 -1
    outer loop
      vertex -5.24149 -1.88022 16
      vertex -4.73804 -2.92566 16
      vertex -4.91255 -2.95654 16
    endloop
  endfacet
  facet normal 0 0 -1
    outer loop
      vertex -4.44139 -2.8223 16
      vertex -4.97572 -1.71275 16
      vertex -4.36159 -1.50136 16
    endloop
  endfacet
  facet normal 0 0 -1
    outer loop
      vertex -4.51227 -2.8566 16
      vertex -5.04674 -1.74677 16
      vertex -4.97572 -1.71275 16
    endloop
  endfacet
  facet normal 0 0 -1
    outer loop
      vertex -4.97572 -1.71275 16
      vertex -5.04674 -1.74677 16
      vertex -4.99394 -1.72021 16
    endloop
  endfacet
  facet normal 0 0 -1
    outer loop
      vertex -5.37445 -1.99742 16
      vertex -4.91255 -2.95654 16
      vertex -5.12833 -2.97577 16
    endloop
  endfacet
  facet normal 0 0 -1
    outer loop
      vertex -4.60487 -2.89006 16
      vertex -5.13063 -1.79829 16
      vertex -5.04674 -1.74677 16
    endloop
  endfacet
  facet normal 0 0 -1
    outer loop
      vertex -4.73804 -2.92566 16
      vertex -5.24149 -1.88022 16
      vertex -5.13063 -1.79829 16
    endloop
  endfacet
  facet normal 0 0 -1
    outer loop
      vertex -4.91255 -2.95654 16
      vertex -5.37445 -1.99742 16
      vertex -5.24149 -1.88022 16
    endloop
  endfacet
  facet normal 0 0 -1
    outer loop
      vertex -5.524 -2.15411 16
      vertex -5.12833 -2.97577 16
      vertex -5.38432 -2.97641 16
    endloop
  endfacet
  facet normal 0 0 -1
    outer loop
      vertex -5.12833 -2.97577 16
      vertex -5.524 -2.15411 16
      vertex -5.37445 -1.99742 16
    endloop
  endfacet
  facet normal 0 0 -1
    outer loop
      vertex -5.68413 -2.35387 16
      vertex -5.38432 -2.97641 16
      vertex -5.67867 -2.95169 16
    endloop
  endfacet
  facet normal 0 0 -1
    outer loop
      vertex -5.38432 -2.97641 16
      vertex -5.68413 -2.35387 16
      vertex -5.524 -2.15411 16
    endloop
  endfacet
  facet normal 0 -0 -1
    outer loop
      vertex -5.68413 -2.35387 16
      vertex -5.67867 -2.95169 16
      vertex -5.84831 -2.59941 16
    endloop
  endfacet
  facet normal -0.952882 -0.303341 0
    outer loop
      vertex -1.61406 -6.1931 16
      vertex -1.70366 -5.91164 22
      vertex -1.70366 -5.91164 16
    endloop
  endfacet
  facet normal -0.952882 -0.303341 0
    outer loop
      vertex -1.70366 -5.91164 22
      vertex -1.61406 -6.1931 16
      vertex -1.61406 -6.1931 22
    endloop
  endfacet
  facet normal -0.975492 -0.220035 0
    outer loop
      vertex -1.70366 -5.91164 16
      vertex -1.75999 -5.66191 22
      vertex -1.75999 -5.66191 16
    endloop
  endfacet
  facet normal -0.975492 -0.220035 0
    outer loop
      vertex -1.75999 -5.66191 22
      vertex -1.70366 -5.91164 16
      vertex -1.70366 -5.91164 22
    endloop
  endfacet
  facet normal -0.990829 -0.135124 0
    outer loop
      vertex -1.75999 -5.66191 16
      vertex -1.78926 -5.44728 22
      vertex -1.78926 -5.44728 16
    endloop
  endfacet
  facet normal -0.990829 -0.135124 0
    outer loop
      vertex -1.78926 -5.44728 22
      vertex -1.75999 -5.66191 16
      vertex -1.75999 -5.66191 22
    endloop
  endfacet
  facet normal -0.998786 -0.0492566 0
    outer loop
      vertex -1.78926 -5.44728 16
      vertex -1.79799 -5.27026 22
      vertex -1.79799 -5.27026 16
    endloop
  endfacet
  facet normal -0.998786 -0.0492566 0
    outer loop
      vertex -1.79799 -5.27026 22
      vertex -1.78926 -5.44728 16
      vertex -1.78926 -5.44728 22
    endloop
  endfacet
  facet normal -0.999323 0.0367809 0
    outer loop
      vertex -1.79799 -5.27026 16
      vertex -1.79292 -5.13251 22
      vertex -1.79292 -5.13251 16
    endloop
  endfacet
  facet normal -0.999323 0.0367809 0
    outer loop
      vertex -1.79292 -5.13251 22
      vertex -1.79799 -5.27026 16
      vertex -1.79799 -5.27026 22
    endloop
  endfacet
  facet normal -0.99252 0.122084 0
    outer loop
      vertex -1.79292 -5.13251 16
      vertex -1.7809 -5.03479 22
      vertex -1.7809 -5.03479 16
    endloop
  endfacet
  facet normal -0.99252 0.122084 0
    outer loop
      vertex -1.7809 -5.03479 22
      vertex -1.79292 -5.13251 16
      vertex -1.79292 -5.13251 22
    endloop
  endfacet
  facet normal -0.978634 0.20561 0
    outer loop
      vertex -1.7809 -5.03479 16
      vertex -1.76875 -4.97696 22
      vertex -1.76875 -4.97696 16
    endloop
  endfacet
  facet normal -0.978634 0.20561 0
    outer loop
      vertex -1.76875 -4.97696 22
      vertex -1.7809 -5.03479 16
      vertex -1.7809 -5.03479 22
    endloop
  endfacet
  facet normal -0.959858 0.280488 0
    outer loop
      vertex -1.76875 -4.97696 16
      vertex -1.76323 -4.95807 22
      vertex -1.76323 -4.95807 16
    endloop
  endfacet
  facet normal -0.959858 0.280488 0
    outer loop
      vertex -1.76323 -4.95807 22
      vertex -1.76875 -4.97696 16
      vertex -1.76875 -4.97696 22
    endloop
  endfacet
  facet normal -0.94219 0.335079 0
    outer loop
      vertex -1.76323 -4.95807 16
      vertex -1.54559 -4.3461 22
      vertex -1.54559 -4.3461 16
    endloop
  endfacet
  facet normal -0.94219 0.335079 0
    outer loop
      vertex -1.54559 -4.3461 22
      vertex -1.76323 -4.95807 16
      vertex -1.76323 -4.95807 22
    endloop
  endfacet
  facet normal -0.425001 -0.905193 0
    outer loop
      vertex -2.41945 -3.93581 16
      vertex -1.54559 -4.3461 22
      vertex -2.41945 -3.93581 22
    endloop
  endfacet
  facet normal -0.425001 -0.905193 -0
    outer loop
      vertex -1.54559 -4.3461 22
      vertex -2.41945 -3.93581 16
      vertex -1.54559 -4.3461 16
    endloop
  endfacet
  facet normal -0.616076 -0.787687 0
    outer loop
      vertex -2.4368 -3.92224 16
      vertex -2.41945 -3.93581 22
      vertex -2.4368 -3.92224 22
    endloop
  endfacet
  facet normal -0.616076 -0.787687 -0
    outer loop
      vertex -2.41945 -3.93581 22
      vertex -2.4368 -3.92224 16
      vertex -2.41945 -3.93581 16
    endloop
  endfacet
  facet normal 0.849422 -0.527715 0
    outer loop
      vertex -2.77701 -4.46985 22
      vertex -2.4368 -3.92224 16
      vertex -2.4368 -3.92224 22
    endloop
  endfacet
  facet normal 0.849422 -0.527715 0
    outer loop
      vertex -2.4368 -3.92224 16
      vertex -2.77701 -4.46985 22
      vertex -2.77701 -4.46985 16
    endloop
  endfacet
  facet normal 0.817558 -0.575846 0
    outer loop
      vertex -2.78835 -4.48595 22
      vertex -2.77701 -4.46985 16
      vertex -2.77701 -4.46985 22
    endloop
  endfacet
  facet normal 0.817558 -0.575846 0
    outer loop
      vertex -2.77701 -4.46985 16
      vertex -2.78835 -4.48595 22
      vertex -2.78835 -4.48595 16
    endloop
  endfacet
  facet normal 0.771099 -0.636715 0
    outer loop
      vertex -2.82597 -4.53151 22
      vertex -2.78835 -4.48595 16
      vertex -2.78835 -4.48595 22
    endloop
  endfacet
  facet normal 0.771099 -0.636715 0
    outer loop
      vertex -2.78835 -4.48595 16
      vertex -2.82597 -4.53151 22
      vertex -2.82597 -4.53151 16
    endloop
  endfacet
  facet normal 0.714281 -0.699859 0
    outer loop
      vertex -2.89488 -4.60184 22
      vertex -2.82597 -4.53151 16
      vertex -2.82597 -4.53151 22
    endloop
  endfacet
  facet normal 0.714281 -0.699859 0
    outer loop
      vertex -2.82597 -4.53151 16
      vertex -2.89488 -4.60184 22
      vertex -2.89488 -4.60184 16
    endloop
  endfacet
  facet normal 0.651771 -0.758416 0
    outer loop
      vertex -2.99942 -4.69168 16
      vertex -2.89488 -4.60184 22
      vertex -2.99942 -4.69168 22
    endloop
  endfacet
  facet normal 0.651771 -0.758416 0
    outer loop
      vertex -2.89488 -4.60184 22
      vertex -2.99942 -4.69168 16
      vertex -2.89488 -4.60184 16
    endloop
  endfacet
  facet normal 0.58425 -0.811574 0
    outer loop
      vertex -3.14326 -4.79523 16
      vertex -2.99942 -4.69168 22
      vertex -3.14326 -4.79523 22
    endloop
  endfacet
  facet normal 0.58425 -0.811574 0
    outer loop
      vertex -2.99942 -4.69168 22
      vertex -3.14326 -4.79523 16
      vertex -2.99942 -4.69168 16
    endloop
  endfacet
  facet normal 0.512131 -0.858907 0
    outer loop
      vertex -3.32932 -4.90617 16
      vertex -3.14326 -4.79523 22
      vertex -3.32932 -4.90617 22
    endloop
  endfacet
  facet normal 0.512131 -0.858907 0
    outer loop
      vertex -3.14326 -4.79523 22
      vertex -3.32932 -4.90617 16
      vertex -3.14326 -4.79523 16
    endloop
  endfacet
  facet normal 0.436148 -0.899875 0
    outer loop
      vertex -3.55968 -5.01782 16
      vertex -3.32932 -4.90617 22
      vertex -3.55968 -5.01782 22
    endloop
  endfacet
  facet normal 0.436148 -0.899875 0
    outer loop
      vertex -3.32932 -4.90617 22
      vertex -3.55968 -5.01782 16
      vertex -3.32932 -4.90617 16
    endloop
  endfacet
  facet normal 0.356941 -0.934127 0
    outer loop
      vertex -3.83562 -5.12326 16
      vertex -3.55968 -5.01782 22
      vertex -3.83562 -5.12326 22
    endloop
  endfacet
  facet normal 0.356941 -0.934127 0
    outer loop
      vertex -3.55968 -5.01782 22
      vertex -3.83562 -5.12326 16
      vertex -3.55968 -5.01782 16
    endloop
  endfacet
  facet normal -0.623487 -0.781834 0
    outer loop
      vertex -4.1413 -4.87949 16
      vertex -3.83562 -5.12326 22
      vertex -4.1413 -4.87949 22
    endloop
  endfacet
  facet normal -0.623487 -0.781834 -0
    outer loop
      vertex -3.83562 -5.12326 22
      vertex -4.1413 -4.87949 16
      vertex -3.83562 -5.12326 16
    endloop
  endfacet
  facet normal -0.990135 0.140118 0
    outer loop
      vertex -4.1413 -4.87949 16
      vertex -4.09991 -4.58701 22
      vertex -4.09991 -4.58701 16
    endloop
  endfacet
  facet normal -0.990135 0.140118 0
    outer loop
      vertex -4.09991 -4.58701 22
      vertex -4.1413 -4.87949 16
      vertex -4.1413 -4.87949 22
    endloop
  endfacet
  facet normal -0.97436 0.224996 0
    outer loop
      vertex -4.09991 -4.58701 16
      vertex -4.04231 -4.33757 22
      vertex -4.04231 -4.33757 16
    endloop
  endfacet
  facet normal -0.97436 0.224996 0
    outer loop
      vertex -4.04231 -4.33757 22
      vertex -4.09991 -4.58701 16
      vertex -4.09991 -4.58701 22
    endloop
  endfacet
  facet normal -0.951336 0.308156 0
    outer loop
      vertex -4.04231 -4.33757 16
      vertex -3.97556 -4.1315 22
      vertex -3.97556 -4.1315 16
    endloop
  endfacet
  facet normal -0.951336 0.308156 0
    outer loop
      vertex -3.97556 -4.1315 22
      vertex -4.04231 -4.33757 16
      vertex -4.04231 -4.33757 22
    endloop
  endfacet
  facet normal -0.92125 0.38897 0
    outer loop
      vertex -3.97556 -4.1315 16
      vertex -3.90662 -3.96822 22
      vertex -3.90662 -3.96822 16
    endloop
  endfacet
  facet normal -0.92125 0.38897 0
    outer loop
      vertex -3.90662 -3.96822 22
      vertex -3.97556 -4.1315 16
      vertex -3.97556 -4.1315 22
    endloop
  endfacet
  facet normal -0.884419 0.466694 0
    outer loop
      vertex -3.90662 -3.96822 16
      vertex -3.84229 -3.84631 22
      vertex -3.84229 -3.84631 16
    endloop
  endfacet
  facet normal -0.884419 0.466694 0
    outer loop
      vertex -3.84229 -3.84631 22
      vertex -3.90662 -3.96822 16
      vertex -3.90662 -3.96822 22
    endloop
  endfacet
  facet normal -0.841185 0.540747 0
    outer loop
      vertex -3.84229 -3.84631 16
      vertex -3.78905 -3.76349 22
      vertex -3.78905 -3.76349 16
    endloop
  endfacet
  facet normal -0.841185 0.540747 0
    outer loop
      vertex -3.78905 -3.76349 22
      vertex -3.84229 -3.84631 16
      vertex -3.84229 -3.84631 22
    endloop
  endfacet
  facet normal -0.792486 0.609891 0
    outer loop
      vertex -3.78905 -3.76349 16
      vertex -3.75301 -3.71666 22
      vertex -3.75301 -3.71666 16
    endloop
  endfacet
  facet normal -0.792486 0.609891 0
    outer loop
      vertex -3.75301 -3.71666 22
      vertex -3.78905 -3.76349 16
      vertex -3.78905 -3.76349 22
    endloop
  endfacet
  facet normal -0.743218 0.669049 0
    outer loop
      vertex -3.75301 -3.71666 16
      vertex -3.73984 -3.70203 22
      vertex -3.73984 -3.70203 16
    endloop
  endfacet
  facet normal -0.743218 0.669049 0
    outer loop
      vertex -3.73984 -3.70203 22
      vertex -3.75301 -3.71666 16
      vertex -3.75301 -3.71666 22
    endloop
  endfacet
  facet normal -0.703503 0.710693 0
    outer loop
      vertex -3.27824 -3.2451 16
      vertex -3.73984 -3.70203 22
      vertex -3.27824 -3.2451 22
    endloop
  endfacet
  facet normal -0.703503 0.710693 0
    outer loop
      vertex -3.73984 -3.70203 22
      vertex -3.27824 -3.2451 16
      vertex -3.73984 -3.70203 16
    endloop
  endfacet
  facet normal -0.775671 -0.631138 0
    outer loop
      vertex -3.27824 -3.2451 16
      vertex -3.88753 -2.49628 22
      vertex -3.88753 -2.49628 16
    endloop
  endfacet
  facet normal -0.775671 -0.631138 0
    outer loop
      vertex -3.88753 -2.49628 22
      vertex -3.27824 -3.2451 16
      vertex -3.27824 -3.2451 22
    endloop
  endfacet
  facet normal -0.896686 -0.442668 0
    outer loop
      vertex -3.88753 -2.49628 16
      vertex -3.89728 -2.47653 22
      vertex -3.89728 -2.47653 16
    endloop
  endfacet
  facet normal -0.896686 -0.442668 0
    outer loop
      vertex -3.89728 -2.47653 22
      vertex -3.88753 -2.49628 16
      vertex -3.88753 -2.49628 22
    endloop
  endfacet
  facet normal 0.536343 -0.844 0
    outer loop
      vertex -4.44139 -2.8223 16
      vertex -3.89728 -2.47653 22
      vertex -4.44139 -2.8223 22
    endloop
  endfacet
  facet normal 0.536343 -0.844 0
    outer loop
      vertex -3.89728 -2.47653 22
      vertex -4.44139 -2.8223 16
      vertex -3.89728 -2.47653 16
    endloop
  endfacet
  facet normal 0.486376 -0.87375 0
    outer loop
      vertex -4.4586 -2.83188 16
      vertex -4.44139 -2.8223 22
      vertex -4.4586 -2.83188 22
    endloop
  endfacet
  facet normal 0.486376 -0.87375 0
    outer loop
      vertex -4.44139 -2.8223 22
      vertex -4.4586 -2.83188 16
      vertex -4.44139 -2.8223 16
    endloop
  endfacet
  facet normal 0.41835 -0.908286 0
    outer loop
      vertex -4.51227 -2.8566 16
      vertex -4.4586 -2.83188 22
      vertex -4.51227 -2.8566 22
    endloop
  endfacet
  facet normal 0.41835 -0.908286 0
    outer loop
      vertex -4.4586 -2.83188 22
      vertex -4.51227 -2.8566 16
      vertex -4.4586 -2.83188 16
    endloop
  endfacet
  facet normal 0.339834 -0.940485 0
    outer loop
      vertex -4.60487 -2.89006 16
      vertex -4.51227 -2.8566 22
      vertex -4.60487 -2.89006 22
    endloop
  endfacet
  facet normal 0.339834 -0.940485 0
    outer loop
      vertex -4.51227 -2.8566 22
      vertex -4.60487 -2.89006 16
      vertex -4.51227 -2.8566 16
    endloop
  endfacet
  facet normal 0.258259 -0.966076 0
    outer loop
      vertex -4.73804 -2.92566 16
      vertex -4.60487 -2.89006 22
      vertex -4.73804 -2.92566 22
    endloop
  endfacet
  facet normal 0.258259 -0.966076 0
    outer loop
      vertex -4.60487 -2.89006 22
      vertex -4.73804 -2.92566 16
      vertex -4.60487 -2.89006 16
    endloop
  endfacet
  facet normal 0.174246 -0.984702 0
    outer loop
      vertex -4.91255 -2.95654 16
      vertex -4.73804 -2.92566 22
      vertex -4.91255 -2.95654 22
    endloop
  endfacet
  facet normal 0.174246 -0.984702 0
    outer loop
      vertex -4.73804 -2.92566 22
      vertex -4.91255 -2.95654 16
      vertex -4.73804 -2.92566 16
    endloop
  endfacet
  facet normal 0.0887667 -0.996052 0
    outer loop
      vertex -5.12833 -2.97577 16
      vertex -4.91255 -2.95654 22
      vertex -5.12833 -2.97577 22
    endloop
  endfacet
  facet normal 0.0887667 -0.996052 0
    outer loop
      vertex -4.91255 -2.95654 22
      vertex -5.12833 -2.97577 16
      vertex -4.91255 -2.95654 16
    endloop
  endfacet
  facet normal 0.00250009 -0.999997 0
    outer loop
      vertex -5.38432 -2.97641 16
      vertex -5.12833 -2.97577 22
      vertex -5.38432 -2.97641 22
    endloop
  endfacet
  facet normal 0.00250009 -0.999997 0
    outer loop
      vertex -5.12833 -2.97577 22
      vertex -5.38432 -2.97641 16
      vertex -5.12833 -2.97577 16
    endloop
  endfacet
  facet normal -0.0836871 -0.996492 0
    outer loop
      vertex -5.67867 -2.95169 16
      vertex -5.38432 -2.97641 22
      vertex -5.67867 -2.95169 22
    endloop
  endfacet
  facet normal -0.0836871 -0.996492 -0
    outer loop
      vertex -5.38432 -2.97641 22
      vertex -5.67867 -2.95169 16
      vertex -5.38432 -2.97641 16
    endloop
  endfacet
  facet normal -0.900978 -0.433865 0
    outer loop
      vertex -5.67867 -2.95169 16
      vertex -5.84831 -2.59941 22
      vertex -5.84831 -2.59941 16
    endloop
  endfacet
  facet normal -0.900978 -0.433865 0
    outer loop
      vertex -5.84831 -2.59941 22
      vertex -5.67867 -2.95169 16
      vertex -5.67867 -2.95169 22
    endloop
  endfacet
  facet normal -0.831289 0.55584 0
    outer loop
      vertex -5.84831 -2.59941 16
      vertex -5.68413 -2.35387 22
      vertex -5.68413 -2.35387 16
    endloop
  endfacet
  facet normal -0.831289 0.55584 0
    outer loop
      vertex -5.68413 -2.35387 22
      vertex -5.84831 -2.59941 16
      vertex -5.84831 -2.59941 22
    endloop
  endfacet
  facet normal -0.780255 0.625462 0
    outer loop
      vertex -5.68413 -2.35387 16
      vertex -5.524 -2.15411 22
      vertex -5.524 -2.15411 16
    endloop
  endfacet
  facet normal -0.780255 0.625462 0
    outer loop
      vertex -5.524 -2.15411 22
      vertex -5.68413 -2.35387 16
      vertex -5.68413 -2.35387 22
    endloop
  endfacet
  facet normal -0.723396 0.690433 0
    outer loop
      vertex -5.524 -2.15411 16
      vertex -5.37445 -1.99742 22
      vertex -5.37445 -1.99742 16
    endloop
  endfacet
  facet normal -0.723396 0.690433 0
    outer loop
      vertex -5.37445 -1.99742 22
      vertex -5.524 -2.15411 16
      vertex -5.524 -2.15411 22
    endloop
  endfacet
  facet normal -0.661248 0.750167 0
    outer loop
      vertex -5.24149 -1.88022 16
      vertex -5.37445 -1.99742 22
      vertex -5.24149 -1.88022 22
    endloop
  endfacet
  facet normal -0.661248 0.750167 0
    outer loop
      vertex -5.37445 -1.99742 22
      vertex -5.24149 -1.88022 16
      vertex -5.37445 -1.99742 16
    endloop
  endfacet
  facet normal -0.594344 0.804211 0
    outer loop
      vertex -5.13063 -1.79829 16
      vertex -5.24149 -1.88022 22
      vertex -5.13063 -1.79829 22
    endloop
  endfacet
  facet normal -0.594344 0.804211 0
    outer loop
      vertex -5.24149 -1.88022 22
      vertex -5.13063 -1.79829 16
      vertex -5.24149 -1.88022 16
    endloop
  endfacet
  facet normal -0.523326 0.852132 0
    outer loop
      vertex -5.04674 -1.74677 16
      vertex -5.13063 -1.79829 22
      vertex -5.04674 -1.74677 22
    endloop
  endfacet
  facet normal -0.523326 0.852132 0
    outer loop
      vertex -5.13063 -1.79829 22
      vertex -5.04674 -1.74677 16
      vertex -5.13063 -1.79829 16
    endloop
  endfacet
  facet normal -0.449378 0.893342 0
    outer loop
      vertex -4.99394 -1.72021 16
      vertex -5.04674 -1.74677 22
      vertex -4.99394 -1.72021 22
    endloop
  endfacet
  facet normal -0.449378 0.893342 0
    outer loop
      vertex -5.04674 -1.74677 22
      vertex -4.99394 -1.72021 16
      vertex -5.04674 -1.74677 16
    endloop
  endfacet
  facet normal -0.37891 0.925434 0
    outer loop
      vertex -4.97572 -1.71275 16
      vertex -4.99394 -1.72021 22
      vertex -4.97572 -1.71275 22
    endloop
  endfacet
  facet normal -0.37891 0.925434 0
    outer loop
      vertex -4.99394 -1.72021 22
      vertex -4.97572 -1.71275 16
      vertex -4.99394 -1.72021 16
    endloop
  endfacet
  facet normal -0.325469 0.945553 0
    outer loop
      vertex -4.36159 -1.50136 16
      vertex -4.97572 -1.71275 22
      vertex -4.36159 -1.50136 22
    endloop
  endfacet
  facet normal -0.325469 0.945553 0
    outer loop
      vertex -4.97572 -1.71275 22
      vertex -4.36159 -1.50136 16
      vertex -4.97572 -1.71275 16
    endloop
  endfacet
  facet normal -0.972694 -0.232093 0
    outer loop
      vertex -4.36159 -1.50136 16
      vertex -4.58565 -0.562332 22
      vertex -4.58565 -0.562332 16
    endloop
  endfacet
  facet normal -0.972694 -0.232093 0
    outer loop
      vertex -4.58565 -0.562332 22
      vertex -4.36159 -1.50136 16
      vertex -4.36159 -1.50136 22
    endloop
  endfacet
  facet normal -0.999955 -0.00953722 0
    outer loop
      vertex -4.58565 -0.562332 16
      vertex -4.58586 -0.540314 22
      vertex -4.58586 -0.540314 16
    endloop
  endfacet
  facet normal -0.999955 -0.00953722 0
    outer loop
      vertex -4.58586 -0.540314 22
      vertex -4.58565 -0.562332 16
      vertex -4.58565 -0.562332 22
    endloop
  endfacet
  facet normal 0.117016 -0.99313 0
    outer loop
      vertex -5.22612 -0.615753 16
      vertex -4.58586 -0.540314 22
      vertex -5.22612 -0.615753 22
    endloop
  endfacet
  facet normal 0.117016 -0.99313 0
    outer loop
      vertex -4.58586 -0.540314 22
      vertex -5.22612 -0.615753 16
      vertex -4.58586 -0.540314 16
    endloop
  endfacet
  facet normal 0.0596898 -0.998217 0
    outer loop
      vertex -5.24577 -0.616928 16
      vertex -5.22612 -0.615753 22
      vertex -5.24577 -0.616928 22
    endloop
  endfacet
  facet normal 0.0596898 -0.998217 0
    outer loop
      vertex -5.22612 -0.615753 22
      vertex -5.24577 -0.616928 16
      vertex -5.22612 -0.615753 16
    endloop
  endfacet
  facet normal -0.0172931 -0.99985 0
    outer loop
      vertex -5.30486 -0.615906 16
      vertex -5.24577 -0.616928 22
      vertex -5.30486 -0.615906 22
    endloop
  endfacet
  facet normal -0.0172931 -0.99985 -0
    outer loop
      vertex -5.24577 -0.616928 22
      vertex -5.30486 -0.615906 16
      vertex -5.24577 -0.616928 16
    endloop
  endfacet
  facet normal -0.101827 -0.994802 0
    outer loop
      vertex -5.4028 -0.605881 16
      vertex -5.30486 -0.615906 22
      vertex -5.4028 -0.605881 22
    endloop
  endfacet
  facet normal -0.101827 -0.994802 -0
    outer loop
      vertex -5.30486 -0.615906 22
      vertex -5.4028 -0.605881 16
      vertex -5.30486 -0.615906 16
    endloop
  endfacet
  facet normal -0.186529 -0.982449 0
    outer loop
      vertex -5.53822 -0.58017 16
      vertex -5.4028 -0.605881 22
      vertex -5.53822 -0.58017 22
    endloop
  endfacet
  facet normal -0.186529 -0.982449 -0
    outer loop
      vertex -5.4028 -0.605881 22
      vertex -5.53822 -0.58017 16
      vertex -5.4028 -0.605881 16
    endloop
  endfacet
  facet normal -0.270251 -0.96279 0
    outer loop
      vertex -5.70886 -0.532272 16
      vertex -5.53822 -0.58017 22
      vertex -5.70886 -0.532272 22
    endloop
  endfacet
  facet normal -0.270251 -0.96279 -0
    outer loop
      vertex -5.53822 -0.58017 22
      vertex -5.70886 -0.532272 16
      vertex -5.53822 -0.58017 16
    endloop
  endfacet
  facet normal -0.352187 -0.93593 0
    outer loop
      vertex -5.91161 -0.455978 16
      vertex -5.70886 -0.532272 22
      vertex -5.91161 -0.455978 22
    endloop
  endfacet
  facet normal -0.352187 -0.93593 -0
    outer loop
      vertex -5.70886 -0.532272 22
      vertex -5.91161 -0.455978 16
      vertex -5.70886 -0.532272 16
    endloop
  endfacet
  facet normal -0.431608 -0.902061 0
    outer loop
      vertex -6.14253 -0.34549 16
      vertex -5.91161 -0.455978 22
      vertex -6.14253 -0.34549 22
    endloop
  endfacet
  facet normal -0.431608 -0.902061 -0
    outer loop
      vertex -5.91161 -0.455978 22
      vertex -6.14253 -0.34549 16
      vertex -5.91161 -0.455978 16
    endloop
  endfacet
  facet normal -0.507789 -0.861481 0
    outer loop
      vertex -6.397 -0.195496 16
      vertex -6.14253 -0.34549 22
      vertex -6.397 -0.195496 22
    endloop
  endfacet
  facet normal -0.507789 -0.861481 -0
    outer loop
      vertex -6.14253 -0.34549 22
      vertex -6.397 -0.195496 16
      vertex -6.14253 -0.34549 16
    endloop
  endfacet
  facet normal -1 0 0
    outer loop
      vertex -6.397 -0.195496 16
      vertex -6.397 0.195496 22
      vertex -6.397 0.195496 16
    endloop
  endfacet
  facet normal -1 -0 0
    outer loop
      vertex -6.397 0.195496 22
      vertex -6.397 -0.195496 16
      vertex -6.397 -0.195496 22
    endloop
  endfacet
  facet normal -0.507789 0.861481 0
    outer loop
      vertex -6.14253 0.34549 16
      vertex -6.397 0.195496 22
      vertex -6.14253 0.34549 22
    endloop
  endfacet
  facet normal -0.507789 0.861481 0
    outer loop
      vertex -6.397 0.195496 22
      vertex -6.14253 0.34549 16
      vertex -6.397 0.195496 16
    endloop
  endfacet
  facet normal -0.431608 0.902061 0
    outer loop
      vertex -5.91161 0.455978 16
      vertex -6.14253 0.34549 22
      vertex -5.91161 0.455978 22
    endloop
  endfacet
  facet normal -0.431608 0.902061 0
    outer loop
      vertex -6.14253 0.34549 22
      vertex -5.91161 0.455978 16
      vertex -6.14253 0.34549 16
    endloop
  endfacet
  facet normal -0.352187 0.93593 0
    outer loop
      vertex -5.70886 0.532272 16
      vertex -5.91161 0.455978 22
      vertex -5.70886 0.532272 22
    endloop
  endfacet
  facet normal -0.352187 0.93593 0
    outer loop
      vertex -5.91161 0.455978 22
      vertex -5.70886 0.532272 16
      vertex -5.91161 0.455978 16
    endloop
  endfacet
  facet normal -0.270251 0.96279 0
    outer loop
      vertex -5.53822 0.58017 16
      vertex -5.70886 0.532272 22
      vertex -5.53822 0.58017 22
    endloop
  endfacet
  facet normal -0.270251 0.96279 0
    outer loop
      vertex -5.70886 0.532272 22
      vertex -5.53822 0.58017 16
      vertex -5.70886 0.532272 16
    endloop
  endfacet
  facet normal -0.186529 0.982449 0
    outer loop
      vertex -5.4028 0.605881 16
      vertex -5.53822 0.58017 22
      vertex -5.4028 0.605881 22
    endloop
  endfacet
  facet normal -0.186529 0.982449 0
    outer loop
      vertex -5.53822 0.58017 22
      vertex -5.4028 0.605881 16
      vertex -5.53822 0.58017 16
    endloop
  endfacet
  facet normal -0.101827 0.994802 0
    outer loop
      vertex -5.30486 0.615906 16
      vertex -5.4028 0.605881 22
      vertex -5.30486 0.615906 22
    endloop
  endfacet
  facet normal -0.101827 0.994802 0
    outer loop
      vertex -5.4028 0.605881 22
      vertex -5.30486 0.615906 16
      vertex -5.4028 0.605881 16
    endloop
  endfacet
  facet normal -0.0172931 0.99985 0
    outer loop
      vertex -5.24577 0.616928 16
      vertex -5.30486 0.615906 22
      vertex -5.24577 0.616928 22
    endloop
  endfacet
  facet normal -0.0172931 0.99985 0
    outer loop
      vertex -5.30486 0.615906 22
      vertex -5.24577 0.616928 16
      vertex -5.30486 0.615906 16
    endloop
  endfacet
  facet normal 0.0596898 0.998217 -0
    outer loop
      vertex -5.22612 0.615753 16
      vertex -5.24577 0.616928 22
      vertex -5.22612 0.615753 22
    endloop
  endfacet
  facet normal 0.0596898 0.998217 0
    outer loop
      vertex -5.24577 0.616928 22
      vertex -5.22612 0.615753 16
      vertex -5.24577 0.616928 16
    endloop
  endfacet
  facet normal 0.117017 0.99313 -0
    outer loop
      vertex -4.58107 0.539749 16
      vertex -5.22612 0.615753 22
      vertex -4.58107 0.539749 22
    endloop
  endfacet
  facet normal 0.117017 0.99313 0
    outer loop
      vertex -5.22612 0.615753 22
      vertex -4.58107 0.539749 16
      vertex -5.22612 0.615753 16
    endloop
  endfacet
  facet normal -0.977065 0.212942 0
    outer loop
      vertex -4.58107 0.539749 16
      vertex -4.3755 1.48299 22
      vertex -4.3755 1.48299 16
    endloop
  endfacet
  facet normal -0.977065 0.212942 0
    outer loop
      vertex -4.3755 1.48299 22
      vertex -4.58107 0.539749 16
      vertex -4.58107 0.539749 22
    endloop
  endfacet
  facet normal -0.905404 0.42455 0
    outer loop
      vertex -4.3755 1.48299 16
      vertex -4.36615 1.50293 22
      vertex -4.36615 1.50293 16
    endloop
  endfacet
  facet normal -0.905404 0.42455 0
    outer loop
      vertex -4.36615 1.50293 22
      vertex -4.3755 1.48299 16
      vertex -4.3755 1.48299 22
    endloop
  endfacet
  facet normal -0.325469 -0.945553 0
    outer loop
      vertex -4.97572 1.71275 16
      vertex -4.36615 1.50293 22
      vertex -4.97572 1.71275 22
    endloop
  endfacet
  facet normal -0.325469 -0.945553 -0
    outer loop
      vertex -4.36615 1.50293 22
      vertex -4.97572 1.71275 16
      vertex -4.36615 1.50293 16
    endloop
  endfacet
  facet normal -0.37891 -0.925434 0
    outer loop
      vertex -4.99394 1.72021 16
      vertex -4.97572 1.71275 22
      vertex -4.99394 1.72021 22
    endloop
  endfacet
  facet normal -0.37891 -0.925434 -0
    outer loop
      vertex -4.97572 1.71275 22
      vertex -4.99394 1.72021 16
      vertex -4.97572 1.71275 16
    endloop
  endfacet
  facet normal -0.449378 -0.893342 0
    outer loop
      vertex -5.04674 1.74677 16
      vertex -4.99394 1.72021 22
      vertex -5.04674 1.74677 22
    endloop
  endfacet
  facet normal -0.449378 -0.893342 -0
    outer loop
      vertex -4.99394 1.72021 22
      vertex -5.04674 1.74677 16
      vertex -4.99394 1.72021 16
    endloop
  endfacet
  facet normal -0.523326 -0.852132 0
    outer loop
      vertex -5.13063 1.79829 16
      vertex -5.04674 1.74677 22
      vertex -5.13063 1.79829 22
    endloop
  endfacet
  facet normal -0.523326 -0.852132 -0
    outer loop
      vertex -5.04674 1.74677 22
      vertex -5.13063 1.79829 16
      vertex -5.04674 1.74677 16
    endloop
  endfacet
  facet normal -0.594344 -0.804211 0
    outer loop
      vertex -5.24149 1.88022 16
      vertex -5.13063 1.79829 22
      vertex -5.24149 1.88022 22
    endloop
  endfacet
  facet normal -0.594344 -0.804211 -0
    outer loop
      vertex -5.13063 1.79829 22
      vertex -5.24149 1.88022 16
      vertex -5.13063 1.79829 16
    endloop
  endfacet
  facet normal -0.661248 -0.750167 0
    outer loop
      vertex -5.37445 1.99742 16
      vertex -5.24149 1.88022 22
      vertex -5.37445 1.99742 22
    endloop
  endfacet
  facet normal -0.661248 -0.750167 -0
    outer loop
      vertex -5.24149 1.88022 22
      vertex -5.37445 1.99742 16
      vertex -5.24149 1.88022 16
    endloop
  endfacet
  facet normal -0.723396 -0.690433 0
    outer loop
      vertex -5.37445 1.99742 16
      vertex -5.524 2.15411 22
      vertex -5.524 2.15411 16
    endloop
  endfacet
  facet normal -0.723396 -0.690433 0
    outer loop
      vertex -5.524 2.15411 22
      vertex -5.37445 1.99742 16
      vertex -5.37445 1.99742 22
    endloop
  endfacet
  facet normal -0.780255 -0.625462 0
    outer loop
      vertex -5.524 2.15411 16
      vertex -5.68413 2.35387 22
      vertex -5.68413 2.35387 16
    endloop
  endfacet
  facet normal -0.780255 -0.625462 0
    outer loop
      vertex -5.68413 2.35387 22
      vertex -5.524 2.15411 16
      vertex -5.524 2.15411 22
    endloop
  endfacet
  facet normal -0.831289 -0.55584 0
    outer loop
      vertex -5.68413 2.35387 16
      vertex -5.84831 2.59941 22
      vertex -5.84831 2.59941 16
    endloop
  endfacet
  facet normal -0.831289 -0.55584 0
    outer loop
      vertex -5.84831 2.59941 22
      vertex -5.68413 2.35387 16
      vertex -5.68413 2.35387 22
    endloop
  endfacet
  facet normal -0.900978 0.433865 0
    outer loop
      vertex -5.84831 2.59941 16
      vertex -5.67867 2.95169 22
      vertex -5.67867 2.95169 16
    endloop
  endfacet
  facet normal -0.900978 0.433865 0
    outer loop
      vertex -5.67867 2.95169 22
      vertex -5.84831 2.59941 16
      vertex -5.84831 2.59941 22
    endloop
  endfacet
  facet normal -0.0836871 0.996492 0
    outer loop
      vertex -5.38432 2.97641 16
      vertex -5.67867 2.95169 22
      vertex -5.38432 2.97641 22
    endloop
  endfacet
  facet normal -0.0836871 0.996492 0
    outer loop
      vertex -5.67867 2.95169 22
      vertex -5.38432 2.97641 16
      vertex -5.67867 2.95169 16
    endloop
  endfacet
  facet normal 0.00250009 0.999997 -0
    outer loop
      vertex -5.12833 2.97577 16
      vertex -5.38432 2.97641 22
      vertex -5.12833 2.97577 22
    endloop
  endfacet
  facet normal 0.00250009 0.999997 0
    outer loop
      vertex -5.38432 2.97641 22
      vertex -5.12833 2.97577 16
      vertex -5.38432 2.97641 16
    endloop
  endfacet
  facet normal 0.0887667 0.996052 -0
    outer loop
      vertex -4.91255 2.95654 16
      vertex -5.12833 2.97577 22
      vertex -4.91255 2.95654 22
    endloop
  endfacet
  facet normal 0.0887667 0.996052 0
    outer loop
      vertex -5.12833 2.97577 22
      vertex -4.91255 2.95654 16
      vertex -5.12833 2.97577 16
    endloop
  endfacet
  facet normal 0.174246 0.984702 -0
    outer loop
      vertex -4.73804 2.92566 16
      vertex -4.91255 2.95654 22
      vertex -4.73804 2.92566 22
    endloop
  endfacet
  facet normal 0.174246 0.984702 0
    outer loop
      vertex -4.91255 2.95654 22
      vertex -4.73804 2.92566 16
      vertex -4.91255 2.95654 16
    endloop
  endfacet
  facet normal 0.258259 0.966076 -0
    outer loop
      vertex -4.60487 2.89006 16
      vertex -4.73804 2.92566 22
      vertex -4.60487 2.89006 22
    endloop
  endfacet
  facet normal 0.258259 0.966076 0
    outer loop
      vertex -4.73804 2.92566 22
      vertex -4.60487 2.89006 16
      vertex -4.73804 2.92566 16
    endloop
  endfacet
  facet normal 0.339834 0.940485 -0
    outer loop
      vertex -4.51227 2.8566 16
      vertex -4.60487 2.89006 22
      vertex -4.51227 2.8566 22
    endloop
  endfacet
  facet normal 0.339834 0.940485 0
    outer loop
      vertex -4.60487 2.89006 22
      vertex -4.51227 2.8566 16
      vertex -4.60487 2.89006 16
    endloop
  endfacet
  facet normal 0.41835 0.908286 -0
    outer loop
      vertex -4.4586 2.83188 16
      vertex -4.51227 2.8566 22
      vertex -4.4586 2.83188 22
    endloop
  endfacet
  facet normal 0.41835 0.908286 0
    outer loop
      vertex -4.51227 2.8566 22
      vertex -4.4586 2.83188 16
      vertex -4.51227 2.8566 16
    endloop
  endfacet
  facet normal 0.486376 0.87375 -0
    outer loop
      vertex -4.44139 2.8223 16
      vertex -4.4586 2.83188 22
      vertex -4.44139 2.8223 22
    endloop
  endfacet
  facet normal 0.486376 0.87375 0
    outer loop
      vertex -4.4586 2.83188 22
      vertex -4.44139 2.8223 16
      vertex -4.4586 2.83188 16
    endloop
  endfacet
  facet normal 0.536329 0.844009 -0
    outer loop
      vertex -3.8932 2.47395 16
      vertex -4.44139 2.8223 22
      vertex -3.8932 2.47395 22
    endloop
  endfacet
  facet normal 0.536329 0.844009 0
    outer loop
      vertex -4.44139 2.8223 22
      vertex -3.8932 2.47395 16
      vertex -4.44139 2.8223 16
    endloop
  endfacet
  facet normal -0.787924 0.615773 0
    outer loop
      vertex -3.8932 2.47395 16
      vertex -3.29875 3.23459 22
      vertex -3.29875 3.23459 16
    endloop
  endfacet
  facet normal -0.787924 0.615773 0
    outer loop
      vertex -3.29875 3.23459 22
      vertex -3.8932 2.47395 16
      vertex -3.8932 2.47395 22
    endloop
  endfacet
  facet normal -0.630986 0.775795 0
    outer loop
      vertex -3.28166 3.24849 16
      vertex -3.29875 3.23459 22
      vertex -3.28166 3.24849 22
    endloop
  endfacet
  facet normal -0.630986 0.775795 0
    outer loop
      vertex -3.29875 3.23459 22
      vertex -3.28166 3.24849 16
      vertex -3.29875 3.23459 16
    endloop
  endfacet
  facet normal -0.703499 -0.710696 0
    outer loop
      vertex -3.73984 3.70203 16
      vertex -3.28166 3.24849 22
      vertex -3.73984 3.70203 22
    endloop
  endfacet
  facet normal -0.703499 -0.710696 -0
    outer loop
      vertex -3.28166 3.24849 22
      vertex -3.73984 3.70203 16
      vertex -3.28166 3.24849 16
    endloop
  endfacet
  facet normal -0.743218 -0.669049 0
    outer loop
      vertex -3.73984 3.70203 16
      vertex -3.75301 3.71666 22
      vertex -3.75301 3.71666 16
    endloop
  endfacet
  facet normal -0.743218 -0.669049 0
    outer loop
      vertex -3.75301 3.71666 22
      vertex -3.73984 3.70203 16
      vertex -3.73984 3.70203 22
    endloop
  endfacet
  facet normal -0.792486 -0.609891 0
    outer loop
      vertex -3.75301 3.71666 16
      vertex -3.78905 3.76349 22
      vertex -3.78905 3.76349 16
    endloop
  endfacet
  facet normal -0.792486 -0.609891 0
    outer loop
      vertex -3.78905 3.76349 22
      vertex -3.75301 3.71666 16
      vertex -3.75301 3.71666 22
    endloop
  endfacet
  facet normal -0.841185 -0.540747 0
    outer loop
      vertex -3.78905 3.76349 16
      vertex -3.84229 3.84631 22
      vertex -3.84229 3.84631 16
    endloop
  endfacet
  facet normal -0.841185 -0.540747 0
    outer loop
      vertex -3.84229 3.84631 22
      vertex -3.78905 3.76349 16
      vertex -3.78905 3.76349 22
    endloop
  endfacet
  facet normal -0.884419 -0.466694 0
    outer loop
      vertex -3.84229 3.84631 16
      vertex -3.90662 3.96822 22
      vertex -3.90662 3.96822 16
    endloop
  endfacet
  facet normal -0.884419 -0.466694 0
    outer loop
      vertex -3.90662 3.96822 22
      vertex -3.84229 3.84631 16
      vertex -3.84229 3.84631 22
    endloop
  endfacet
  facet normal -0.92125 -0.38897 0
    outer loop
      vertex -3.90662 3.96822 16
      vertex -3.97556 4.1315 22
      vertex -3.97556 4.1315 16
    endloop
  endfacet
  facet normal -0.92125 -0.38897 0
    outer loop
      vertex -3.97556 4.1315 22
      vertex -3.90662 3.96822 16
      vertex -3.90662 3.96822 22
    endloop
  endfacet
  facet normal -0.951336 -0.308156 0
    outer loop
      vertex -3.97556 4.1315 16
      vertex -4.04231 4.33757 22
      vertex -4.04231 4.33757 16
    endloop
  endfacet
  facet normal -0.951336 -0.308156 0
    outer loop
      vertex -4.04231 4.33757 22
      vertex -3.97556 4.1315 16
      vertex -3.97556 4.1315 22
    endloop
  endfacet
  facet normal -0.97436 -0.224996 0
    outer loop
      vertex -4.04231 4.33757 16
      vertex -4.09991 4.58701 22
      vertex -4.09991 4.58701 16
    endloop
  endfacet
  facet normal -0.97436 -0.224996 0
    outer loop
      vertex -4.09991 4.58701 22
      vertex -4.04231 4.33757 16
      vertex -4.04231 4.33757 22
    endloop
  endfacet
  facet normal -0.990135 -0.140118 0
    outer loop
      vertex -4.09991 4.58701 16
      vertex -4.1413 4.87949 22
      vertex -4.1413 4.87949 16
    endloop
  endfacet
  facet normal -0.990135 -0.140118 0
    outer loop
      vertex -4.1413 4.87949 22
      vertex -4.09991 4.58701 16
      vertex -4.09991 4.58701 22
    endloop
  endfacet
  facet normal -0.623487 0.781834 0
    outer loop
      vertex -3.83562 5.12326 16
      vertex -4.1413 4.87949 22
      vertex -3.83562 5.12326 22
    endloop
  endfacet
  facet normal -0.623487 0.781834 0
    outer loop
      vertex -4.1413 4.87949 22
      vertex -3.83562 5.12326 16
      vertex -4.1413 4.87949 16
    endloop
  endfacet
  facet normal 0.356941 0.934127 -0
    outer loop
      vertex -3.55968 5.01782 16
      vertex -3.83562 5.12326 22
      vertex -3.55968 5.01782 22
    endloop
  endfacet
  facet normal 0.356941 0.934127 0
    outer loop
      vertex -3.83562 5.12326 22
      vertex -3.55968 5.01782 16
      vertex -3.83562 5.12326 16
    endloop
  endfacet
  facet normal 0.436148 0.899875 -0
    outer loop
      vertex -3.32932 4.90617 16
      vertex -3.55968 5.01782 22
      vertex -3.32932 4.90617 22
    endloop
  endfacet
  facet normal 0.436148 0.899875 0
    outer loop
      vertex -3.55968 5.01782 22
      vertex -3.32932 4.90617 16
      vertex -3.55968 5.01782 16
    endloop
  endfacet
  facet normal 0.512131 0.858907 -0
    outer loop
      vertex -3.14326 4.79523 16
      vertex -3.32932 4.90617 22
      vertex -3.14326 4.79523 22
    endloop
  endfacet
  facet normal 0.512131 0.858907 0
    outer loop
      vertex -3.32932 4.90617 22
      vertex -3.14326 4.79523 16
      vertex -3.32932 4.90617 16
    endloop
  endfacet
  facet normal 0.58425 0.811574 -0
    outer loop
      vertex -2.99942 4.69168 16
      vertex -3.14326 4.79523 22
      vertex -2.99942 4.69168 22
    endloop
  endfacet
  facet normal 0.58425 0.811574 0
    outer loop
      vertex -3.14326 4.79523 22
      vertex -2.99942 4.69168 16
      vertex -3.14326 4.79523 16
    endloop
  endfacet
  facet normal 0.651771 0.758416 -0
    outer loop
      vertex -2.89488 4.60184 16
      vertex -2.99942 4.69168 22
      vertex -2.89488 4.60184 22
    endloop
  endfacet
  facet normal 0.651771 0.758416 0
    outer loop
      vertex -2.99942 4.69168 22
      vertex -2.89488 4.60184 16
      vertex -2.99942 4.69168 16
    endloop
  endfacet
  facet normal 0.714281 0.699859 0
    outer loop
      vertex -2.82597 4.53151 22
      vertex -2.89488 4.60184 16
      vertex -2.89488 4.60184 22
    endloop
  endfacet
  facet normal 0.714281 0.699859 0
    outer loop
      vertex -2.89488 4.60184 16
      vertex -2.82597 4.53151 22
      vertex -2.82597 4.53151 16
    endloop
  endfacet
  facet normal 0.771099 0.636715 0
    outer loop
      vertex -2.78835 4.48595 22
      vertex -2.82597 4.53151 16
      vertex -2.82597 4.53151 22
    endloop
  endfacet
  facet normal 0.771099 0.636715 0
    outer loop
      vertex -2.82597 4.53151 16
      vertex -2.78835 4.48595 22
      vertex -2.78835 4.48595 16
    endloop
  endfacet
  facet normal 0.817558 0.575846 0
    outer loop
      vertex -2.77701 4.46985 22
      vertex -2.78835 4.48595 16
      vertex -2.78835 4.48595 22
    endloop
  endfacet
  facet normal 0.817558 0.575846 0
    outer loop
      vertex -2.78835 4.48595 16
      vertex -2.77701 4.46985 22
      vertex -2.77701 4.46985 16
    endloop
  endfacet
  facet normal 0.849416 0.527725 0
    outer loop
      vertex -2.43425 3.91815 22
      vertex -2.77701 4.46985 16
      vertex -2.77701 4.46985 22
    endloop
  endfacet
  facet normal 0.849416 0.527725 0
    outer loop
      vertex -2.77701 4.46985 16
      vertex -2.43425 3.91815 22
      vertex -2.43425 3.91815 16
    endloop
  endfacet
  facet normal -0.442716 0.896662 0
    outer loop
      vertex -1.56863 4.34554 16
      vertex -2.43425 3.91815 22
      vertex -1.56863 4.34554 22
    endloop
  endfacet
  facet normal -0.442716 0.896662 0
    outer loop
      vertex -2.43425 3.91815 22
      vertex -1.56863 4.34554 16
      vertex -2.43425 3.91815 16
    endloop
  endfacet
  facet normal -0.23205 0.972704 0
    outer loop
      vertex -1.54721 4.35065 16
      vertex -1.56863 4.34554 22
      vertex -1.54721 4.35065 22
    endloop
  endfacet
  facet normal -0.23205 0.972704 0
    outer loop
      vertex -1.56863 4.34554 22
      vertex -1.54721 4.35065 16
      vertex -1.56863 4.34554 16
    endloop
  endfacet
  facet normal -0.942191 -0.335076 0
    outer loop
      vertex -1.54721 4.35065 16
      vertex -1.76323 4.95807 22
      vertex -1.76323 4.95807 16
    endloop
  endfacet
  facet normal -0.942191 -0.335076 0
    outer loop
      vertex -1.76323 4.95807 22
      vertex -1.54721 4.35065 16
      vertex -1.54721 4.35065 22
    endloop
  endfacet
  facet normal -0.959858 -0.280488 0
    outer loop
      vertex -1.76323 4.95807 16
      vertex -1.76875 4.97696 22
      vertex -1.76875 4.97696 16
    endloop
  endfacet
  facet normal -0.959858 -0.280488 0
    outer loop
      vertex -1.76875 4.97696 22
      vertex -1.76323 4.95807 16
      vertex -1.76323 4.95807 22
    endloop
  endfacet
  facet normal -0.978634 -0.20561 0
    outer loop
      vertex -1.76875 4.97696 16
      vertex -1.7809 5.03479 22
      vertex -1.7809 5.03479 16
    endloop
  endfacet
  facet normal -0.978634 -0.20561 0
    outer loop
      vertex -1.7809 5.03479 22
      vertex -1.76875 4.97696 16
      vertex -1.76875 4.97696 22
    endloop
  endfacet
  facet normal -0.99252 -0.122084 0
    outer loop
      vertex -1.7809 5.03479 16
      vertex -1.79292 5.13251 22
      vertex -1.79292 5.13251 16
    endloop
  endfacet
  facet normal -0.99252 -0.122084 0
    outer loop
      vertex -1.79292 5.13251 22
      vertex -1.7809 5.03479 16
      vertex -1.7809 5.03479 22
    endloop
  endfacet
  facet normal -0.999323 -0.0367809 0
    outer loop
      vertex -1.79292 5.13251 16
      vertex -1.79799 5.27026 22
      vertex -1.79799 5.27026 16
    endloop
  endfacet
  facet normal -0.999323 -0.0367809 0
    outer loop
      vertex -1.79799 5.27026 22
      vertex -1.79292 5.13251 16
      vertex -1.79292 5.13251 22
    endloop
  endfacet
  facet normal -0.998786 0.0492566 0
    outer loop
      vertex -1.79799 5.27026 16
      vertex -1.78926 5.44728 22
      vertex -1.78926 5.44728 16
    endloop
  endfacet
  facet normal -0.998786 0.0492566 0
    outer loop
      vertex -1.78926 5.44728 22
      vertex -1.79799 5.27026 16
      vertex -1.79799 5.27026 22
    endloop
  endfacet
  facet normal -0.990829 0.135124 0
    outer loop
      vertex -1.78926 5.44728 16
      vertex -1.75999 5.66191 22
      vertex -1.75999 5.66191 16
    endloop
  endfacet
  facet normal -0.990829 0.135124 0
    outer loop
      vertex -1.75999 5.66191 22
      vertex -1.78926 5.44728 16
      vertex -1.78926 5.44728 22
    endloop
  endfacet
  facet normal -0.975492 0.220035 0
    outer loop
      vertex -1.75999 5.66191 16
      vertex -1.70366 5.91164 22
      vertex -1.70366 5.91164 16
    endloop
  endfacet
  facet normal -0.975492 0.220035 0
    outer loop
      vertex -1.70366 5.91164 22
      vertex -1.75999 5.66191 16
      vertex -1.75999 5.66191 22
    endloop
  endfacet
  facet normal -0.952882 0.303341 0
    outer loop
      vertex -1.70366 5.91164 16
      vertex -1.61406 6.1931 22
      vertex -1.61406 6.1931 16
    endloop
  endfacet
  facet normal -0.952882 0.303341 0
    outer loop
      vertex -1.61406 6.1931 22
      vertex -1.70366 5.91164 16
      vertex -1.70366 5.91164 22
    endloop
  endfacet
  facet normal -0.22253 0.974926 0
    outer loop
      vertex -1.23286 6.28011 16
      vertex -1.61406 6.1931 22
      vertex -1.23286 6.28011 22
    endloop
  endfacet
  facet normal -0.22253 0.974926 0
    outer loop
      vertex -1.61406 6.1931 22
      vertex -1.23286 6.28011 16
      vertex -1.61406 6.1931 16
    endloop
  endfacet
  facet normal 0.726898 0.686746 0
    outer loop
      vertex -1.03001 6.0654 22
      vertex -1.23286 6.28011 16
      vertex -1.23286 6.28011 22
    endloop
  endfacet
  facet normal 0.726898 0.686746 0
    outer loop
      vertex -1.23286 6.28011 16
      vertex -1.03001 6.0654 22
      vertex -1.03001 6.0654 16
    endloop
  endfacet
  facet normal 0.783387 0.621534 0
    outer loop
      vertex -0.870895 5.86485 22
      vertex -1.03001 6.0654 16
      vertex -1.03001 6.0654 22
    endloop
  endfacet
  facet normal 0.783387 0.621534 0
    outer loop
      vertex -1.03001 6.0654 16
      vertex -0.870895 5.86485 22
      vertex -0.870895 5.86485 16
    endloop
  endfacet
  facet normal 0.834109 0.5516 0
    outer loop
      vertex -0.751404 5.68416 22
      vertex -0.870895 5.86485 16
      vertex -0.870895 5.86485 22
    endloop
  endfacet
  facet normal 0.834109 0.5516 0
    outer loop
      vertex -0.870895 5.86485 16
      vertex -0.751404 5.68416 22
      vertex -0.751404 5.68416 16
    endloop
  endfacet
  facet normal 0.878503 0.477737 0
    outer loop
      vertex -0.666733 5.52846 22
      vertex -0.751404 5.68416 16
      vertex -0.751404 5.68416 22
    endloop
  endfacet
  facet normal 0.878503 0.477737 0
    outer loop
      vertex -0.751404 5.68416 16
      vertex -0.666733 5.52846 22
      vertex -0.666733 5.52846 16
    endloop
  endfacet
  facet normal 0.916331 0.400421 0
    outer loop
      vertex -0.611542 5.40216 22
      vertex -0.666733 5.52846 16
      vertex -0.666733 5.52846 22
    endloop
  endfacet
  facet normal 0.916331 0.400421 0
    outer loop
      vertex -0.666733 5.52846 16
      vertex -0.611542 5.40216 22
      vertex -0.611542 5.40216 16
    endloop
  endfacet
  facet normal 0.947197 0.320652 0
    outer loop
      vertex -0.579971 5.3089 22
      vertex -0.611542 5.40216 16
      vertex -0.611542 5.40216 22
    endloop
  endfacet
  facet normal 0.947197 0.320652 0
    outer loop
      vertex -0.611542 5.40216 16
      vertex -0.579971 5.3089 22
      vertex -0.579971 5.3089 16
    endloop
  endfacet
  facet normal 0.970924 0.239388 0
    outer loop
      vertex -0.565826 5.25153 22
      vertex -0.579971 5.3089 16
      vertex -0.579971 5.3089 22
    endloop
  endfacet
  facet normal 0.970924 0.239388 0
    outer loop
      vertex -0.579971 5.3089 16
      vertex -0.565826 5.25153 22
      vertex -0.565826 5.25153 16
    endloop
  endfacet
  facet normal 0.98643 0.164185 0
    outer loop
      vertex -0.562592 5.2321 22
      vertex -0.565826 5.25153 16
      vertex -0.565826 5.25153 22
    endloop
  endfacet
  facet normal 0.98643 0.164185 0
    outer loop
      vertex -0.565826 5.25153 16
      vertex -0.562592 5.2321 22
      vertex -0.562592 5.2321 16
    endloop
  endfacet
  facet normal 0.994268 0.106917 0
    outer loop
      vertex -0.493149 4.58632 22
      vertex -0.562592 5.2321 16
      vertex -0.562592 5.2321 22
    endloop
  endfacet
  facet normal 0.994268 0.106917 0
    outer loop
      vertex -0.562592 5.2321 16
      vertex -0.493149 4.58632 22
      vertex -0.493149 4.58632 16
    endloop
  endfacet
  facet normal -0.00980993 0.999952 0
    outer loop
      vertex 0.472153 4.59579 16
      vertex -0.493149 4.58632 22
      vertex 0.472153 4.59579 22
    endloop
  endfacet
  facet normal -0.00980993 0.999952 0
    outer loop
      vertex -0.493149 4.58632 22
      vertex 0.472153 4.59579 16
      vertex -0.493149 4.58632 16
    endloop
  endfacet
  facet normal 0.212552 0.97715 -0
    outer loop
      vertex 0.493668 4.59111 16
      vertex 0.472153 4.59579 22
      vertex 0.493668 4.59111 22
    endloop
  endfacet
  facet normal 0.212552 0.97715 0
    outer loop
      vertex 0.472153 4.59579 22
      vertex 0.493668 4.59111 16
      vertex 0.472153 4.59579 16
    endloop
  endfacet
  facet normal -0.994269 0.106911 0
    outer loop
      vertex 0.493668 4.59111 16
      vertex 0.562592 5.2321 22
      vertex 0.562592 5.2321 16
    endloop
  endfacet
  facet normal -0.994269 0.106911 0
    outer loop
      vertex 0.562592 5.2321 22
      vertex 0.493668 4.59111 16
      vertex 0.493668 4.59111 22
    endloop
  endfacet
  facet normal -0.98643 0.164185 0
    outer loop
      vertex 0.562592 5.2321 16
      vertex 0.565826 5.25153 22
      vertex 0.565826 5.25153 16
    endloop
  endfacet
  facet normal -0.98643 0.164185 0
    outer loop
      vertex 0.565826 5.25153 22
      vertex 0.562592 5.2321 16
      vertex 0.562592 5.2321 22
    endloop
  endfacet
  facet normal -0.970924 0.239388 0
    outer loop
      vertex 0.565826 5.25153 16
      vertex 0.579971 5.3089 22
      vertex 0.579971 5.3089 16
    endloop
  endfacet
  facet normal -0.970924 0.239388 0
    outer loop
      vertex 0.579971 5.3089 22
      vertex 0.565826 5.25153 16
      vertex 0.565826 5.25153 22
    endloop
  endfacet
  facet normal -0.947197 0.320652 0
    outer loop
      vertex 0.579971 5.3089 16
      vertex 0.611542 5.40216 22
      vertex 0.611542 5.40216 16
    endloop
  endfacet
  facet normal -0.947197 0.320652 0
    outer loop
      vertex 0.611542 5.40216 22
      vertex 0.579971 5.3089 16
      vertex 0.579971 5.3089 22
    endloop
  endfacet
  facet normal -0.916331 0.400421 0
    outer loop
      vertex 0.611542 5.40216 16
      vertex 0.666733 5.52846 22
      vertex 0.666733 5.52846 16
    endloop
  endfacet
  facet normal -0.916331 0.400421 0
    outer loop
      vertex 0.666733 5.52846 22
      vertex 0.611542 5.40216 16
      vertex 0.611542 5.40216 22
    endloop
  endfacet
  facet normal -0.878503 0.477737 0
    outer loop
      vertex 0.666733 5.52846 16
      vertex 0.751404 5.68416 22
      vertex 0.751404 5.68416 16
    endloop
  endfacet
  facet normal -0.878503 0.477737 0
    outer loop
      vertex 0.751404 5.68416 22
      vertex 0.666733 5.52846 16
      vertex 0.666733 5.52846 22
    endloop
  endfacet
  facet normal -0.834109 0.5516 0
    outer loop
      vertex 0.751404 5.68416 16
      vertex 0.870895 5.86485 22
      vertex 0.870895 5.86485 16
    endloop
  endfacet
  facet normal -0.834109 0.5516 0
    outer loop
      vertex 0.870895 5.86485 22
      vertex 0.751404 5.68416 16
      vertex 0.751404 5.68416 22
    endloop
  endfacet
  facet normal -0.783387 0.621534 0
    outer loop
      vertex 0.870895 5.86485 16
      vertex 1.03001 6.0654 22
      vertex 1.03001 6.0654 16
    endloop
  endfacet
  facet normal -0.783387 0.621534 0
    outer loop
      vertex 1.03001 6.0654 22
      vertex 0.870895 5.86485 16
      vertex 0.870895 5.86485 22
    endloop
  endfacet
  facet normal -0.726898 0.686746 0
    outer loop
      vertex 1.03001 6.0654 16
      vertex 1.23286 6.28011 22
      vertex 1.23286 6.28011 16
    endloop
  endfacet
  facet normal -0.726898 0.686746 0
    outer loop
      vertex 1.23286 6.28011 22
      vertex 1.03001 6.0654 16
      vertex 1.03001 6.0654 22
    endloop
  endfacet
  facet normal 0.22253 0.974926 -0
    outer loop
      vertex 1.61406 6.1931 16
      vertex 1.23286 6.28011 22
      vertex 1.61406 6.1931 22
    endloop
  endfacet
  facet normal 0.22253 0.974926 0
    outer loop
      vertex 1.23286 6.28011 22
      vertex 1.61406 6.1931 16
      vertex 1.23286 6.28011 16
    endloop
  endfacet
  facet normal 0.952882 0.303341 0
    outer loop
      vertex 1.70366 5.91164 22
      vertex 1.61406 6.1931 16
      vertex 1.61406 6.1931 22
    endloop
  endfacet
  facet normal 0.952882 0.303341 0
    outer loop
      vertex 1.61406 6.1931 16
      vertex 1.70366 5.91164 22
      vertex 1.70366 5.91164 16
    endloop
  endfacet
  facet normal 0.975492 0.220035 0
    outer loop
      vertex 1.75999 5.66191 22
      vertex 1.70366 5.91164 16
      vertex 1.70366 5.91164 22
    endloop
  endfacet
  facet normal 0.975492 0.220035 0
    outer loop
      vertex 1.70366 5.91164 16
      vertex 1.75999 5.66191 22
      vertex 1.75999 5.66191 16
    endloop
  endfacet
  facet normal 0.990829 0.135124 0
    outer loop
      vertex 1.78926 5.44728 22
      vertex 1.75999 5.66191 16
      vertex 1.75999 5.66191 22
    endloop
  endfacet
  facet normal 0.990829 0.135124 0
    outer loop
      vertex 1.75999 5.66191 16
      vertex 1.78926 5.44728 22
      vertex 1.78926 5.44728 16
    endloop
  endfacet
  facet normal 0.998786 0.0492566 0
    outer loop
      vertex 1.79799 5.27026 22
      vertex 1.78926 5.44728 16
      vertex 1.78926 5.44728 22
    endloop
  endfacet
  facet normal 0.998786 0.0492566 0
    outer loop
      vertex 1.78926 5.44728 16
      vertex 1.79799 5.27026 22
      vertex 1.79799 5.27026 16
    endloop
  endfacet
  facet normal 0.999323 -0.0367809 0
    outer loop
      vertex 1.79292 5.13251 22
      vertex 1.79799 5.27026 16
      vertex 1.79799 5.27026 22
    endloop
  endfacet
  facet normal 0.999323 -0.0367809 0
    outer loop
      vertex 1.79799 5.27026 16
      vertex 1.79292 5.13251 22
      vertex 1.79292 5.13251 16
    endloop
  endfacet
  facet normal 0.99252 -0.122084 0
    outer loop
      vertex 1.7809 5.03479 22
      vertex 1.79292 5.13251 16
      vertex 1.79292 5.13251 22
    endloop
  endfacet
  facet normal 0.99252 -0.122084 0
    outer loop
      vertex 1.79292 5.13251 16
      vertex 1.7809 5.03479 22
      vertex 1.7809 5.03479 16
    endloop
  endfacet
  facet normal 0.978634 -0.20561 0
    outer loop
      vertex 1.76875 4.97696 22
      vertex 1.7809 5.03479 16
      vertex 1.7809 5.03479 22
    endloop
  endfacet
  facet normal 0.978634 -0.20561 0
    outer loop
      vertex 1.7809 5.03479 16
      vertex 1.76875 4.97696 22
      vertex 1.76875 4.97696 16
    endloop
  endfacet
  facet normal 0.959858 -0.280488 0
    outer loop
      vertex 1.76323 4.95807 22
      vertex 1.76875 4.97696 16
      vertex 1.76875 4.97696 22
    endloop
  endfacet
  facet normal 0.959858 -0.280488 0
    outer loop
      vertex 1.76875 4.97696 16
      vertex 1.76323 4.95807 22
      vertex 1.76323 4.95807 16
    endloop
  endfacet
  facet normal 0.94219 -0.335079 0
    outer loop
      vertex 1.54559 4.3461 22
      vertex 1.76323 4.95807 16
      vertex 1.76323 4.95807 22
    endloop
  endfacet
  facet normal 0.94219 -0.335079 0
    outer loop
      vertex 1.76323 4.95807 16
      vertex 1.54559 4.3461 22
      vertex 1.54559 4.3461 16
    endloop
  endfacet
  facet normal 0.425001 0.905193 -0
    outer loop
      vertex 2.41945 3.93581 16
      vertex 1.54559 4.3461 22
      vertex 2.41945 3.93581 22
    endloop
  endfacet
  facet normal 0.425001 0.905193 0
    outer loop
      vertex 1.54559 4.3461 22
      vertex 2.41945 3.93581 16
      vertex 1.54559 4.3461 16
    endloop
  endfacet
  facet normal 0.616076 0.787687 -0
    outer loop
      vertex 2.4368 3.92224 16
      vertex 2.41945 3.93581 22
      vertex 2.4368 3.92224 22
    endloop
  endfacet
  facet normal 0.616076 0.787687 0
    outer loop
      vertex 2.41945 3.93581 22
      vertex 2.4368 3.92224 16
      vertex 2.41945 3.93581 16
    endloop
  endfacet
  facet normal -0.849422 0.527715 0
    outer loop
      vertex 2.4368 3.92224 16
      vertex 2.77701 4.46985 22
      vertex 2.77701 4.46985 16
    endloop
  endfacet
  facet normal -0.849422 0.527715 0
    outer loop
      vertex 2.77701 4.46985 22
      vertex 2.4368 3.92224 16
      vertex 2.4368 3.92224 22
    endloop
  endfacet
  facet normal -0.817558 0.575846 0
    outer loop
      vertex 2.77701 4.46985 16
      vertex 2.78835 4.48595 22
      vertex 2.78835 4.48595 16
    endloop
  endfacet
  facet normal -0.817558 0.575846 0
    outer loop
      vertex 2.78835 4.48595 22
      vertex 2.77701 4.46985 16
      vertex 2.77701 4.46985 22
    endloop
  endfacet
  facet normal -0.771099 0.636715 0
    outer loop
      vertex 2.78835 4.48595 16
      vertex 2.82597 4.53151 22
      vertex 2.82597 4.53151 16
    endloop
  endfacet
  facet normal -0.771099 0.636715 0
    outer loop
      vertex 2.82597 4.53151 22
      vertex 2.78835 4.48595 16
      vertex 2.78835 4.48595 22
    endloop
  endfacet
  facet normal -0.714281 0.699859 0
    outer loop
      vertex 2.82597 4.53151 16
      vertex 2.89488 4.60184 22
      vertex 2.89488 4.60184 16
    endloop
  endfacet
  facet normal -0.714281 0.699859 0
    outer loop
      vertex 2.89488 4.60184 22
      vertex 2.82597 4.53151 16
      vertex 2.82597 4.53151 22
    endloop
  endfacet
  facet normal -0.651771 0.758416 0
    outer loop
      vertex 2.99942 4.69168 16
      vertex 2.89488 4.60184 22
      vertex 2.99942 4.69168 22
    endloop
  endfacet
  facet normal -0.651771 0.758416 0
    outer loop
      vertex 2.89488 4.60184 22
      vertex 2.99942 4.69168 16
      vertex 2.89488 4.60184 16
    endloop
  endfacet
  facet normal -0.58425 0.811574 0
    outer loop
      vertex 3.14326 4.79523 16
      vertex 2.99942 4.69168 22
      vertex 3.14326 4.79523 22
    endloop
  endfacet
  facet normal -0.58425 0.811574 0
    outer loop
      vertex 2.99942 4.69168 22
      vertex 3.14326 4.79523 16
      vertex 2.99942 4.69168 16
    endloop
  endfacet
  facet normal -0.512131 0.858907 0
    outer loop
      vertex 3.32932 4.90617 16
      vertex 3.14326 4.79523 22
      vertex 3.32932 4.90617 22
    endloop
  endfacet
  facet normal -0.512131 0.858907 0
    outer loop
      vertex 3.14326 4.79523 22
      vertex 3.32932 4.90617 16
      vertex 3.14326 4.79523 16
    endloop
  endfacet
  facet normal -0.436148 0.899875 0
    outer loop
      vertex 3.55968 5.01782 16
      vertex 3.32932 4.90617 22
      vertex 3.55968 5.01782 22
    endloop
  endfacet
  facet normal -0.436148 0.899875 0
    outer loop
      vertex 3.32932 4.90617 22
      vertex 3.55968 5.01782 16
      vertex 3.32932 4.90617 16
    endloop
  endfacet
  facet normal -0.356941 0.934127 0
    outer loop
      vertex 3.83562 5.12326 16
      vertex 3.55968 5.01782 22
      vertex 3.83562 5.12326 22
    endloop
  endfacet
  facet normal -0.356941 0.934127 0
    outer loop
      vertex 3.55968 5.01782 22
      vertex 3.83562 5.12326 16
      vertex 3.55968 5.01782 16
    endloop
  endfacet
  facet normal 0.623487 0.781834 -0
    outer loop
      vertex 4.1413 4.87949 16
      vertex 3.83562 5.12326 22
      vertex 4.1413 4.87949 22
    endloop
  endfacet
  facet normal 0.623487 0.781834 0
    outer loop
      vertex 3.83562 5.12326 22
      vertex 4.1413 4.87949 16
      vertex 3.83562 5.12326 16
    endloop
  endfacet
  facet normal 0.990135 -0.140118 0
    outer loop
      vertex 4.09991 4.58701 22
      vertex 4.1413 4.87949 16
      vertex 4.1413 4.87949 22
    endloop
  endfacet
  facet normal 0.990135 -0.140118 0
    outer loop
      vertex 4.1413 4.87949 16
      vertex 4.09991 4.58701 22
      vertex 4.09991 4.58701 16
    endloop
  endfacet
  facet normal 0.97436 -0.224996 0
    outer loop
      vertex 4.04231 4.33757 22
      vertex 4.09991 4.58701 16
      vertex 4.09991 4.58701 22
    endloop
  endfacet
  facet normal 0.97436 -0.224996 0
    outer loop
      vertex 4.09991 4.58701 16
      vertex 4.04231 4.33757 22
      vertex 4.04231 4.33757 16
    endloop
  endfacet
  facet normal 0.951336 -0.308156 0
    outer loop
      vertex 3.97556 4.1315 22
      vertex 4.04231 4.33757 16
      vertex 4.04231 4.33757 22
    endloop
  endfacet
  facet normal 0.951336 -0.308156 0
    outer loop
      vertex 4.04231 4.33757 16
      vertex 3.97556 4.1315 22
      vertex 3.97556 4.1315 16
    endloop
  endfacet
  facet normal 0.92125 -0.38897 0
    outer loop
      vertex 3.90662 3.96822 22
      vertex 3.97556 4.1315 16
      vertex 3.97556 4.1315 22
    endloop
  endfacet
  facet normal 0.92125 -0.38897 0
    outer loop
      vertex 3.97556 4.1315 16
      vertex 3.90662 3.96822 22
      vertex 3.90662 3.96822 16
    endloop
  endfacet
  facet normal 0.884419 -0.466694 0
    outer loop
      vertex 3.84229 3.84631 22
      vertex 3.90662 3.96822 16
      vertex 3.90662 3.96822 22
    endloop
  endfacet
  facet normal 0.884419 -0.466694 0
    outer loop
      vertex 3.90662 3.96822 16
      vertex 3.84229 3.84631 22
      vertex 3.84229 3.84631 16
    endloop
  endfacet
  facet normal 0.841185 -0.540747 0
    outer loop
      vertex 3.78905 3.76349 22
      vertex 3.84229 3.84631 16
      vertex 3.84229 3.84631 22
    endloop
  endfacet
  facet normal 0.841185 -0.540747 0
    outer loop
      vertex 3.84229 3.84631 16
      vertex 3.78905 3.76349 22
      vertex 3.78905 3.76349 16
    endloop
  endfacet
  facet normal 0.792486 -0.609891 0
    outer loop
      vertex 3.75301 3.71666 22
      vertex 3.78905 3.76349 16
      vertex 3.78905 3.76349 22
    endloop
  endfacet
  facet normal 0.792486 -0.609891 0
    outer loop
      vertex 3.78905 3.76349 16
      vertex 3.75301 3.71666 22
      vertex 3.75301 3.71666 16
    endloop
  endfacet
  facet normal 0.743218 -0.669049 0
    outer loop
      vertex 3.73984 3.70203 22
      vertex 3.75301 3.71666 16
      vertex 3.75301 3.71666 22
    endloop
  endfacet
  facet normal 0.743218 -0.669049 0
    outer loop
      vertex 3.75301 3.71666 16
      vertex 3.73984 3.70203 22
      vertex 3.73984 3.70203 16
    endloop
  endfacet
  facet normal 0.703503 -0.710693 0
    outer loop
      vertex 3.27824 3.2451 16
      vertex 3.73984 3.70203 22
      vertex 3.27824 3.2451 22
    endloop
  endfacet
  facet normal 0.703503 -0.710693 0
    outer loop
      vertex 3.73984 3.70203 22
      vertex 3.27824 3.2451 16
      vertex 3.73984 3.70203 16
    endloop
  endfacet
  facet normal 0.775671 0.631138 0
    outer loop
      vertex 3.88753 2.49628 22
      vertex 3.27824 3.2451 16
      vertex 3.27824 3.2451 22
    endloop
  endfacet
  facet normal 0.775671 0.631138 0
    outer loop
      vertex 3.27824 3.2451 16
      vertex 3.88753 2.49628 22
      vertex 3.88753 2.49628 16
    endloop
  endfacet
  facet normal 0.896686 0.442668 0
    outer loop
      vertex 3.89728 2.47653 22
      vertex 3.88753 2.49628 16
      vertex 3.88753 2.49628 22
    endloop
  endfacet
  facet normal 0.896686 0.442668 0
    outer loop
      vertex 3.88753 2.49628 16
      vertex 3.89728 2.47653 22
      vertex 3.89728 2.47653 16
    endloop
  endfacet
  facet normal -0.536343 0.844 0
    outer loop
      vertex 4.44139 2.8223 16
      vertex 3.89728 2.47653 22
      vertex 4.44139 2.8223 22
    endloop
  endfacet
  facet normal -0.536343 0.844 0
    outer loop
      vertex 3.89728 2.47653 22
      vertex 4.44139 2.8223 16
      vertex 3.89728 2.47653 16
    endloop
  endfacet
  facet normal -0.486376 0.87375 0
    outer loop
      vertex 4.4586 2.83188 16
      vertex 4.44139 2.8223 22
      vertex 4.4586 2.83188 22
    endloop
  endfacet
  facet normal -0.486376 0.87375 0
    outer loop
      vertex 4.44139 2.8223 22
      vertex 4.4586 2.83188 16
      vertex 4.44139 2.8223 16
    endloop
  endfacet
  facet normal -0.41835 0.908286 0
    outer loop
      vertex 4.51227 2.8566 16
      vertex 4.4586 2.83188 22
      vertex 4.51227 2.8566 22
    endloop
  endfacet
  facet normal -0.41835 0.908286 0
    outer loop
      vertex 4.4586 2.83188 22
      vertex 4.51227 2.8566 16
      vertex 4.4586 2.83188 16
    endloop
  endfacet
  facet normal -0.339834 0.940485 0
    outer loop
      vertex 4.60487 2.89006 16
      vertex 4.51227 2.8566 22
      vertex 4.60487 2.89006 22
    endloop
  endfacet
  facet normal -0.339834 0.940485 0
    outer loop
      vertex 4.51227 2.8566 22
      vertex 4.60487 2.89006 16
      vertex 4.51227 2.8566 16
    endloop
  endfacet
  facet normal -0.258259 0.966076 0
    outer loop
      vertex 4.73804 2.92566 16
      vertex 4.60487 2.89006 22
      vertex 4.73804 2.92566 22
    endloop
  endfacet
  facet normal -0.258259 0.966076 0
    outer loop
      vertex 4.60487 2.89006 22
      vertex 4.73804 2.92566 16
      vertex 4.60487 2.89006 16
    endloop
  endfacet
  facet normal -0.174246 0.984702 0
    outer loop
      vertex 4.91255 2.95654 16
      vertex 4.73804 2.92566 22
      vertex 4.91255 2.95654 22
    endloop
  endfacet
  facet normal -0.174246 0.984702 0
    outer loop
      vertex 4.73804 2.92566 22
      vertex 4.91255 2.95654 16
      vertex 4.73804 2.92566 16
    endloop
  endfacet
  facet normal -0.0887667 0.996052 0
    outer loop
      vertex 5.12833 2.97577 16
      vertex 4.91255 2.95654 22
      vertex 5.12833 2.97577 22
    endloop
  endfacet
  facet normal -0.0887667 0.996052 0
    outer loop
      vertex 4.91255 2.95654 22
      vertex 5.12833 2.97577 16
      vertex 4.91255 2.95654 16
    endloop
  endfacet
  facet normal -0.00250009 0.999997 0
    outer loop
      vertex 5.38432 2.97641 16
      vertex 5.12833 2.97577 22
      vertex 5.38432 2.97641 22
    endloop
  endfacet
  facet normal -0.00250009 0.999997 0
    outer loop
      vertex 5.12833 2.97577 22
      vertex 5.38432 2.97641 16
      vertex 5.12833 2.97577 16
    endloop
  endfacet
  facet normal 0.0836871 0.996492 -0
    outer loop
      vertex 5.67867 2.95169 16
      vertex 5.38432 2.97641 22
      vertex 5.67867 2.95169 22
    endloop
  endfacet
  facet normal 0.0836871 0.996492 0
    outer loop
      vertex 5.38432 2.97641 22
      vertex 5.67867 2.95169 16
      vertex 5.38432 2.97641 16
    endloop
  endfacet
  facet normal 0.900978 0.433865 0
    outer loop
      vertex 5.84831 2.59941 22
      vertex 5.67867 2.95169 16
      vertex 5.67867 2.95169 22
    endloop
  endfacet
  facet normal 0.900978 0.433865 0
    outer loop
      vertex 5.67867 2.95169 16
      vertex 5.84831 2.59941 22
      vertex 5.84831 2.59941 16
    endloop
  endfacet
  facet normal 0.831289 -0.55584 0
    outer loop
      vertex 5.68413 2.35387 22
      vertex 5.84831 2.59941 16
      vertex 5.84831 2.59941 22
    endloop
  endfacet
  facet normal 0.831289 -0.55584 0
    outer loop
      vertex 5.84831 2.59941 16
      vertex 5.68413 2.35387 22
      vertex 5.68413 2.35387 16
    endloop
  endfacet
  facet normal 0.780255 -0.625462 0
    outer loop
      vertex 5.524 2.15411 22
      vertex 5.68413 2.35387 16
      vertex 5.68413 2.35387 22
    endloop
  endfacet
  facet normal 0.780255 -0.625462 0
    outer loop
      vertex 5.68413 2.35387 16
      vertex 5.524 2.15411 22
      vertex 5.524 2.15411 16
    endloop
  endfacet
  facet normal 0.723396 -0.690433 0
    outer loop
      vertex 5.37445 1.99742 22
      vertex 5.524 2.15411 16
      vertex 5.524 2.15411 22
    endloop
  endfacet
  facet normal 0.723396 -0.690433 0
    outer loop
      vertex 5.524 2.15411 16
      vertex 5.37445 1.99742 22
      vertex 5.37445 1.99742 16
    endloop
  endfacet
  facet normal 0.661248 -0.750167 0
    outer loop
      vertex 5.24149 1.88022 16
      vertex 5.37445 1.99742 22
      vertex 5.24149 1.88022 22
    endloop
  endfacet
  facet normal 0.661248 -0.750167 0
    outer loop
      vertex 5.37445 1.99742 22
      vertex 5.24149 1.88022 16
      vertex 5.37445 1.99742 16
    endloop
  endfacet
  facet normal 0.594344 -0.804211 0
    outer loop
      vertex 5.13063 1.79829 16
      vertex 5.24149 1.88022 22
      vertex 5.13063 1.79829 22
    endloop
  endfacet
  facet normal 0.594344 -0.804211 0
    outer loop
      vertex 5.24149 1.88022 22
      vertex 5.13063 1.79829 16
      vertex 5.24149 1.88022 16
    endloop
  endfacet
  facet normal 0.523326 -0.852132 0
    outer loop
      vertex 5.04674 1.74677 16
      vertex 5.13063 1.79829 22
      vertex 5.04674 1.74677 22
    endloop
  endfacet
  facet normal 0.523326 -0.852132 0
    outer loop
      vertex 5.13063 1.79829 22
      vertex 5.04674 1.74677 16
      vertex 5.13063 1.79829 16
    endloop
  endfacet
  facet normal 0.449378 -0.893342 0
    outer loop
      vertex 4.99394 1.72021 16
      vertex 5.04674 1.74677 22
      vertex 4.99394 1.72021 22
    endloop
  endfacet
  facet normal 0.449378 -0.893342 0
    outer loop
      vertex 5.04674 1.74677 22
      vertex 4.99394 1.72021 16
      vertex 5.04674 1.74677 16
    endloop
  endfacet
  facet normal 0.37891 -0.925434 0
    outer loop
      vertex 4.97572 1.71275 16
      vertex 4.99394 1.72021 22
      vertex 4.97572 1.71275 22
    endloop
  endfacet
  facet normal 0.37891 -0.925434 0
    outer loop
      vertex 4.99394 1.72021 22
      vertex 4.97572 1.71275 16
      vertex 4.99394 1.72021 16
    endloop
  endfacet
  facet normal 0.325469 -0.945553 0
    outer loop
      vertex 4.36159 1.50136 16
      vertex 4.97572 1.71275 22
      vertex 4.36159 1.50136 22
    endloop
  endfacet
  facet normal 0.325469 -0.945553 0
    outer loop
      vertex 4.97572 1.71275 22
      vertex 4.36159 1.50136 16
      vertex 4.97572 1.71275 16
    endloop
  endfacet
  facet normal 0.972694 0.232093 0
    outer loop
      vertex 4.58565 0.562332 22
      vertex 4.36159 1.50136 16
      vertex 4.36159 1.50136 22
    endloop
  endfacet
  facet normal 0.972694 0.232093 0
    outer loop
      vertex 4.36159 1.50136 16
      vertex 4.58565 0.562332 22
      vertex 4.58565 0.562332 16
    endloop
  endfacet
  facet normal 0.999955 0.00953722 0
    outer loop
      vertex 4.58586 0.540314 22
      vertex 4.58565 0.562332 16
      vertex 4.58565 0.562332 22
    endloop
  endfacet
  facet normal 0.999955 0.00953722 0
    outer loop
      vertex 4.58565 0.562332 16
      vertex 4.58586 0.540314 22
      vertex 4.58586 0.540314 16
    endloop
  endfacet
  facet normal -0.117016 0.99313 0
    outer loop
      vertex 5.22612 0.615753 16
      vertex 4.58586 0.540314 22
      vertex 5.22612 0.615753 22
    endloop
  endfacet
  facet normal -0.117016 0.99313 0
    outer loop
      vertex 4.58586 0.540314 22
      vertex 5.22612 0.615753 16
      vertex 4.58586 0.540314 16
    endloop
  endfacet
  facet normal -0.0596898 0.998217 0
    outer loop
      vertex 5.24577 0.616928 16
      vertex 5.22612 0.615753 22
      vertex 5.24577 0.616928 22
    endloop
  endfacet
  facet normal -0.0596898 0.998217 0
    outer loop
      vertex 5.22612 0.615753 22
      vertex 5.24577 0.616928 16
      vertex 5.22612 0.615753 16
    endloop
  endfacet
  facet normal 0.0172931 0.99985 -0
    outer loop
      vertex 5.30486 0.615906 16
      vertex 5.24577 0.616928 22
      vertex 5.30486 0.615906 22
    endloop
  endfacet
  facet normal 0.0172931 0.99985 0
    outer loop
      vertex 5.24577 0.616928 22
      vertex 5.30486 0.615906 16
      vertex 5.24577 0.616928 16
    endloop
  endfacet
  facet normal 0.101827 0.994802 -0
    outer loop
      vertex 5.4028 0.605881 16
      vertex 5.30486 0.615906 22
      vertex 5.4028 0.605881 22
    endloop
  endfacet
  facet normal 0.101827 0.994802 0
    outer loop
      vertex 5.30486 0.615906 22
      vertex 5.4028 0.605881 16
      vertex 5.30486 0.615906 16
    endloop
  endfacet
  facet normal 0.186529 0.982449 -0
    outer loop
      vertex 5.53822 0.58017 16
      vertex 5.4028 0.605881 22
      vertex 5.53822 0.58017 22
    endloop
  endfacet
  facet normal 0.186529 0.982449 0
    outer loop
      vertex 5.4028 0.605881 22
      vertex 5.53822 0.58017 16
      vertex 5.4028 0.605881 16
    endloop
  endfacet
  facet normal 0.270251 0.96279 -0
    outer loop
      vertex 5.70886 0.532272 16
      vertex 5.53822 0.58017 22
      vertex 5.70886 0.532272 22
    endloop
  endfacet
  facet normal 0.270251 0.96279 0
    outer loop
      vertex 5.53822 0.58017 22
      vertex 5.70886 0.532272 16
      vertex 5.53822 0.58017 16
    endloop
  endfacet
  facet normal 0.352187 0.93593 -0
    outer loop
      vertex 5.91161 0.455978 16
      vertex 5.70886 0.532272 22
      vertex 5.91161 0.455978 22
    endloop
  endfacet
  facet normal 0.352187 0.93593 0
    outer loop
      vertex 5.70886 0.532272 22
      vertex 5.91161 0.455978 16
      vertex 5.70886 0.532272 16
    endloop
  endfacet
  facet normal 0.431608 0.902061 -0
    outer loop
      vertex 6.14253 0.34549 16
      vertex 5.91161 0.455978 22
      vertex 6.14253 0.34549 22
    endloop
  endfacet
  facet normal 0.431608 0.902061 0
    outer loop
      vertex 5.91161 0.455978 22
      vertex 6.14253 0.34549 16
      vertex 5.91161 0.455978 16
    endloop
  endfacet
  facet normal 0.507789 0.861481 -0
    outer loop
      vertex 6.397 0.195496 16
      vertex 6.14253 0.34549 22
      vertex 6.397 0.195496 22
    endloop
  endfacet
  facet normal 0.507789 0.861481 0
    outer loop
      vertex 6.14253 0.34549 22
      vertex 6.397 0.195496 16
      vertex 6.14253 0.34549 16
    endloop
  endfacet
  facet normal 1 -0 0
    outer loop
      vertex 6.397 -0.195496 22
      vertex 6.397 0.195496 16
      vertex 6.397 0.195496 22
    endloop
  endfacet
  facet normal 1 0 0
    outer loop
      vertex 6.397 0.195496 16
      vertex 6.397 -0.195496 22
      vertex 6.397 -0.195496 16
    endloop
  endfacet
  facet normal 0.507789 -0.861481 0
    outer loop
      vertex 6.14253 -0.34549 16
      vertex 6.397 -0.195496 22
      vertex 6.14253 -0.34549 22
    endloop
  endfacet
  facet normal 0.507789 -0.861481 0
    outer loop
      vertex 6.397 -0.195496 22
      vertex 6.14253 -0.34549 16
      vertex 6.397 -0.195496 16
    endloop
  endfacet
  facet normal 0.431608 -0.902061 0
    outer loop
      vertex 5.91161 -0.455978 16
      vertex 6.14253 -0.34549 22
      vertex 5.91161 -0.455978 22
    endloop
  endfacet
  facet normal 0.431608 -0.902061 0
    outer loop
      vertex 6.14253 -0.34549 22
      vertex 5.91161 -0.455978 16
      vertex 6.14253 -0.34549 16
    endloop
  endfacet
  facet normal 0.352187 -0.93593 0
    outer loop
      vertex 5.70886 -0.532272 16
      vertex 5.91161 -0.455978 22
      vertex 5.70886 -0.532272 22
    endloop
  endfacet
  facet normal 0.352187 -0.93593 0
    outer loop
      vertex 5.91161 -0.455978 22
      vertex 5.70886 -0.532272 16
      vertex 5.91161 -0.455978 16
    endloop
  endfacet
  facet normal 0.270251 -0.96279 0
    outer loop
      vertex 5.53822 -0.58017 16
      vertex 5.70886 -0.532272 22
      vertex 5.53822 -0.58017 22
    endloop
  endfacet
  facet normal 0.270251 -0.96279 0
    outer loop
      vertex 5.70886 -0.532272 22
      vertex 5.53822 -0.58017 16
      vertex 5.70886 -0.532272 16
    endloop
  endfacet
  facet normal 0.186529 -0.982449 0
    outer loop
      vertex 5.4028 -0.605881 16
      vertex 5.53822 -0.58017 22
      vertex 5.4028 -0.605881 22
    endloop
  endfacet
  facet normal 0.186529 -0.982449 0
    outer loop
      vertex 5.53822 -0.58017 22
      vertex 5.4028 -0.605881 16
      vertex 5.53822 -0.58017 16
    endloop
  endfacet
  facet normal 0.101827 -0.994802 0
    outer loop
      vertex 5.30486 -0.615906 16
      vertex 5.4028 -0.605881 22
      vertex 5.30486 -0.615906 22
    endloop
  endfacet
  facet normal 0.101827 -0.994802 0
    outer loop
      vertex 5.4028 -0.605881 22
      vertex 5.30486 -0.615906 16
      vertex 5.4028 -0.605881 16
    endloop
  endfacet
  facet normal 0.0172931 -0.99985 0
    outer loop
      vertex 5.24577 -0.616928 16
      vertex 5.30486 -0.615906 22
      vertex 5.24577 -0.616928 22
    endloop
  endfacet
  facet normal 0.0172931 -0.99985 0
    outer loop
      vertex 5.30486 -0.615906 22
      vertex 5.24577 -0.616928 16
      vertex 5.30486 -0.615906 16
    endloop
  endfacet
  facet normal -0.0596898 -0.998217 0
    outer loop
      vertex 5.22612 -0.615753 16
      vertex 5.24577 -0.616928 22
      vertex 5.22612 -0.615753 22
    endloop
  endfacet
  facet normal -0.0596898 -0.998217 -0
    outer loop
      vertex 5.24577 -0.616928 22
      vertex 5.22612 -0.615753 16
      vertex 5.24577 -0.616928 16
    endloop
  endfacet
  facet normal -0.117017 -0.99313 0
    outer loop
      vertex 4.58107 -0.539749 16
      vertex 5.22612 -0.615753 22
      vertex 4.58107 -0.539749 22
    endloop
  endfacet
  facet normal -0.117017 -0.99313 -0
    outer loop
      vertex 5.22612 -0.615753 22
      vertex 4.58107 -0.539749 16
      vertex 5.22612 -0.615753 16
    endloop
  endfacet
  facet normal 0.977065 -0.212942 0
    outer loop
      vertex 4.3755 -1.48299 22
      vertex 4.58107 -0.539749 16
      vertex 4.58107 -0.539749 22
    endloop
  endfacet
  facet normal 0.977065 -0.212942 0
    outer loop
      vertex 4.58107 -0.539749 16
      vertex 4.3755 -1.48299 22
      vertex 4.3755 -1.48299 16
    endloop
  endfacet
  facet normal 0.905404 -0.42455 0
    outer loop
      vertex 4.36615 -1.50293 22
      vertex 4.3755 -1.48299 16
      vertex 4.3755 -1.48299 22
    endloop
  endfacet
  facet normal 0.905404 -0.42455 0
    outer loop
      vertex 4.3755 -1.48299 16
      vertex 4.36615 -1.50293 22
      vertex 4.36615 -1.50293 16
    endloop
  endfacet
  facet normal 0.325469 0.945553 -0
    outer loop
      vertex 4.97572 -1.71275 16
      vertex 4.36615 -1.50293 22
      vertex 4.97572 -1.71275 22
    endloop
  endfacet
  facet normal 0.325469 0.945553 0
    outer loop
      vertex 4.36615 -1.50293 22
      vertex 4.97572 -1.71275 16
      vertex 4.36615 -1.50293 16
    endloop
  endfacet
  facet normal 0.37891 0.925434 -0
    outer loop
      vertex 4.99394 -1.72021 16
      vertex 4.97572 -1.71275 22
      vertex 4.99394 -1.72021 22
    endloop
  endfacet
  facet normal 0.37891 0.925434 0
    outer loop
      vertex 4.97572 -1.71275 22
      vertex 4.99394 -1.72021 16
      vertex 4.97572 -1.71275 16
    endloop
  endfacet
  facet normal 0.449378 0.893342 -0
    outer loop
      vertex 5.04674 -1.74677 16
      vertex 4.99394 -1.72021 22
      vertex 5.04674 -1.74677 22
    endloop
  endfacet
  facet normal 0.449378 0.893342 0
    outer loop
      vertex 4.99394 -1.72021 22
      vertex 5.04674 -1.74677 16
      vertex 4.99394 -1.72021 16
    endloop
  endfacet
  facet normal 0.523326 0.852132 -0
    outer loop
      vertex 5.13063 -1.79829 16
      vertex 5.04674 -1.74677 22
      vertex 5.13063 -1.79829 22
    endloop
  endfacet
  facet normal 0.523326 0.852132 0
    outer loop
      vertex 5.04674 -1.74677 22
      vertex 5.13063 -1.79829 16
      vertex 5.04674 -1.74677 16
    endloop
  endfacet
  facet normal 0.594344 0.804211 -0
    outer loop
      vertex 5.24149 -1.88022 16
      vertex 5.13063 -1.79829 22
      vertex 5.24149 -1.88022 22
    endloop
  endfacet
  facet normal 0.594344 0.804211 0
    outer loop
      vertex 5.13063 -1.79829 22
      vertex 5.24149 -1.88022 16
      vertex 5.13063 -1.79829 16
    endloop
  endfacet
  facet normal 0.661248 0.750167 -0
    outer loop
      vertex 5.37445 -1.99742 16
      vertex 5.24149 -1.88022 22
      vertex 5.37445 -1.99742 22
    endloop
  endfacet
  facet normal 0.661248 0.750167 0
    outer loop
      vertex 5.24149 -1.88022 22
      vertex 5.37445 -1.99742 16
      vertex 5.24149 -1.88022 16
    endloop
  endfacet
  facet normal 0.723396 0.690433 0
    outer loop
      vertex 5.524 -2.15411 22
      vertex 5.37445 -1.99742 16
      vertex 5.37445 -1.99742 22
    endloop
  endfacet
  facet normal 0.723396 0.690433 0
    outer loop
      vertex 5.37445 -1.99742 16
      vertex 5.524 -2.15411 22
      vertex 5.524 -2.15411 16
    endloop
  endfacet
  facet normal 0.780255 0.625462 0
    outer loop
      vertex 5.68413 -2.35387 22
      vertex 5.524 -2.15411 16
      vertex 5.524 -2.15411 22
    endloop
  endfacet
  facet normal 0.780255 0.625462 0
    outer loop
      vertex 5.524 -2.15411 16
      vertex 5.68413 -2.35387 22
      vertex 5.68413 -2.35387 16
    endloop
  endfacet
  facet normal 0.831289 0.55584 0
    outer loop
      vertex 5.84831 -2.59941 22
      vertex 5.68413 -2.35387 16
      vertex 5.68413 -2.35387 22
    endloop
  endfacet
  facet normal 0.831289 0.55584 0
    outer loop
      vertex 5.68413 -2.35387 16
      vertex 5.84831 -2.59941 22
      vertex 5.84831 -2.59941 16
    endloop
  endfacet
  facet normal 0.900978 -0.433865 0
    outer loop
      vertex 5.67867 -2.95169 22
      vertex 5.84831 -2.59941 16
      vertex 5.84831 -2.59941 22
    endloop
  endfacet
  facet normal 0.900978 -0.433865 0
    outer loop
      vertex 5.84831 -2.59941 16
      vertex 5.67867 -2.95169 22
      vertex 5.67867 -2.95169 16
    endloop
  endfacet
  facet normal 0.0836871 -0.996492 0
    outer loop
      vertex 5.38432 -2.97641 16
      vertex 5.67867 -2.95169 22
      vertex 5.38432 -2.97641 22
    endloop
  endfacet
  facet normal 0.0836871 -0.996492 0
    outer loop
      vertex 5.67867 -2.95169 22
      vertex 5.38432 -2.97641 16
      vertex 5.67867 -2.95169 16
    endloop
  endfacet
  facet normal -0.00250009 -0.999997 0
    outer loop
      vertex 5.12833 -2.97577 16
      vertex 5.38432 -2.97641 22
      vertex 5.12833 -2.97577 22
    endloop
  endfacet
  facet normal -0.00250009 -0.999997 -0
    outer loop
      vertex 5.38432 -2.97641 22
      vertex 5.12833 -2.97577 16
      vertex 5.38432 -2.97641 16
    endloop
  endfacet
  facet normal -0.0887667 -0.996052 0
    outer loop
      vertex 4.91255 -2.95654 16
      vertex 5.12833 -2.97577 22
      vertex 4.91255 -2.95654 22
    endloop
  endfacet
  facet normal -0.0887667 -0.996052 -0
    outer loop
      vertex 5.12833 -2.97577 22
      vertex 4.91255 -2.95654 16
      vertex 5.12833 -2.97577 16
    endloop
  endfacet
  facet normal -0.174246 -0.984702 0
    outer loop
      vertex 4.73804 -2.92566 16
      vertex 4.91255 -2.95654 22
      vertex 4.73804 -2.92566 22
    endloop
  endfacet
  facet normal -0.174246 -0.984702 -0
    outer loop
      vertex 4.91255 -2.95654 22
      vertex 4.73804 -2.92566 16
      vertex 4.91255 -2.95654 16
    endloop
  endfacet
  facet normal -0.258259 -0.966076 0
    outer loop
      vertex 4.60487 -2.89006 16
      vertex 4.73804 -2.92566 22
      vertex 4.60487 -2.89006 22
    endloop
  endfacet
  facet normal -0.258259 -0.966076 -0
    outer loop
      vertex 4.73804 -2.92566 22
      vertex 4.60487 -2.89006 16
      vertex 4.73804 -2.92566 16
    endloop
  endfacet
  facet normal -0.339834 -0.940485 0
    outer loop
      vertex 4.51227 -2.8566 16
      vertex 4.60487 -2.89006 22
      vertex 4.51227 -2.8566 22
    endloop
  endfacet
  facet normal -0.339834 -0.940485 -0
    outer loop
      vertex 4.60487 -2.89006 22
      vertex 4.51227 -2.8566 16
      vertex 4.60487 -2.89006 16
    endloop
  endfacet
  facet normal -0.41835 -0.908286 0
    outer loop
      vertex 4.4586 -2.83188 16
      vertex 4.51227 -2.8566 22
      vertex 4.4586 -2.83188 22
    endloop
  endfacet
  facet normal -0.41835 -0.908286 -0
    outer loop
      vertex 4.51227 -2.8566 22
      vertex 4.4586 -2.83188 16
      vertex 4.51227 -2.8566 16
    endloop
  endfacet
  facet normal -0.486376 -0.87375 0
    outer loop
      vertex 4.44139 -2.8223 16
      vertex 4.4586 -2.83188 22
      vertex 4.44139 -2.8223 22
    endloop
  endfacet
  facet normal -0.486376 -0.87375 -0
    outer loop
      vertex 4.4586 -2.83188 22
      vertex 4.44139 -2.8223 16
      vertex 4.4586 -2.83188 16
    endloop
  endfacet
  facet normal -0.536329 -0.844009 0
    outer loop
      vertex 3.8932 -2.47395 16
      vertex 4.44139 -2.8223 22
      vertex 3.8932 -2.47395 22
    endloop
  endfacet
  facet normal -0.536329 -0.844009 -0
    outer loop
      vertex 4.44139 -2.8223 22
      vertex 3.8932 -2.47395 16
      vertex 4.44139 -2.8223 16
    endloop
  endfacet
  facet normal 0.787924 -0.615773 0
    outer loop
      vertex 3.29875 -3.23459 22
      vertex 3.8932 -2.47395 16
      vertex 3.8932 -2.47395 22
    endloop
  endfacet
  facet normal 0.787924 -0.615773 0
    outer loop
      vertex 3.8932 -2.47395 16
      vertex 3.29875 -3.23459 22
      vertex 3.29875 -3.23459 16
    endloop
  endfacet
  facet normal 0.630986 -0.775795 0
    outer loop
      vertex 3.28166 -3.24849 16
      vertex 3.29875 -3.23459 22
      vertex 3.28166 -3.24849 22
    endloop
  endfacet
  facet normal 0.630986 -0.775795 0
    outer loop
      vertex 3.29875 -3.23459 22
      vertex 3.28166 -3.24849 16
      vertex 3.29875 -3.23459 16
    endloop
  endfacet
  facet normal 0.703499 0.710696 -0
    outer loop
      vertex 3.73984 -3.70203 16
      vertex 3.28166 -3.24849 22
      vertex 3.73984 -3.70203 22
    endloop
  endfacet
  facet normal 0.703499 0.710696 0
    outer loop
      vertex 3.28166 -3.24849 22
      vertex 3.73984 -3.70203 16
      vertex 3.28166 -3.24849 16
    endloop
  endfacet
  facet normal 0.743218 0.669049 0
    outer loop
      vertex 3.75301 -3.71666 22
      vertex 3.73984 -3.70203 16
      vertex 3.73984 -3.70203 22
    endloop
  endfacet
  facet normal 0.743218 0.669049 0
    outer loop
      vertex 3.73984 -3.70203 16
      vertex 3.75301 -3.71666 22
      vertex 3.75301 -3.71666 16
    endloop
  endfacet
  facet normal 0.792486 0.609891 0
    outer loop
      vertex 3.78905 -3.76349 22
      vertex 3.75301 -3.71666 16
      vertex 3.75301 -3.71666 22
    endloop
  endfacet
  facet normal 0.792486 0.609891 0
    outer loop
      vertex 3.75301 -3.71666 16
      vertex 3.78905 -3.76349 22
      vertex 3.78905 -3.76349 16
    endloop
  endfacet
  facet normal 0.841185 0.540747 0
    outer loop
      vertex 3.84229 -3.84631 22
      vertex 3.78905 -3.76349 16
      vertex 3.78905 -3.76349 22
    endloop
  endfacet
  facet normal 0.841185 0.540747 0
    outer loop
      vertex 3.78905 -3.76349 16
      vertex 3.84229 -3.84631 22
      vertex 3.84229 -3.84631 16
    endloop
  endfacet
  facet normal 0.884419 0.466694 0
    outer loop
      vertex 3.90662 -3.96822 22
      vertex 3.84229 -3.84631 16
      vertex 3.84229 -3.84631 22
    endloop
  endfacet
  facet normal 0.884419 0.466694 0
    outer loop
      vertex 3.84229 -3.84631 16
      vertex 3.90662 -3.96822 22
      vertex 3.90662 -3.96822 16
    endloop
  endfacet
  facet normal 0.92125 0.38897 0
    outer loop
      vertex 3.97556 -4.1315 22
      vertex 3.90662 -3.96822 16
      vertex 3.90662 -3.96822 22
    endloop
  endfacet
  facet normal 0.92125 0.38897 0
    outer loop
      vertex 3.90662 -3.96822 16
      vertex 3.97556 -4.1315 22
      vertex 3.97556 -4.1315 16
    endloop
  endfacet
  facet normal 0.951336 0.308156 0
    outer loop
      vertex 4.04231 -4.33757 22
      vertex 3.97556 -4.1315 16
      vertex 3.97556 -4.1315 22
    endloop
  endfacet
  facet normal 0.951336 0.308156 0
    outer loop
      vertex 3.97556 -4.1315 16
      vertex 4.04231 -4.33757 22
      vertex 4.04231 -4.33757 16
    endloop
  endfacet
  facet normal 0.97436 0.224996 0
    outer loop
      vertex 4.09991 -4.58701 22
      vertex 4.04231 -4.33757 16
      vertex 4.04231 -4.33757 22
    endloop
  endfacet
  facet normal 0.97436 0.224996 0
    outer loop
      vertex 4.04231 -4.33757 16
      vertex 4.09991 -4.58701 22
      vertex 4.09991 -4.58701 16
    endloop
  endfacet
  facet normal 0.990135 0.140118 0
    outer loop
      vertex 4.1413 -4.87949 22
      vertex 4.09991 -4.58701 16
      vertex 4.09991 -4.58701 22
    endloop
  endfacet
  facet normal 0.990135 0.140118 0
    outer loop
      vertex 4.09991 -4.58701 16
      vertex 4.1413 -4.87949 22
      vertex 4.1413 -4.87949 16
    endloop
  endfacet
  facet normal 0.623487 -0.781834 0
    outer loop
      vertex 3.83562 -5.12326 16
      vertex 4.1413 -4.87949 22
      vertex 3.83562 -5.12326 22
    endloop
  endfacet
  facet normal 0.623487 -0.781834 0
    outer loop
      vertex 4.1413 -4.87949 22
      vertex 3.83562 -5.12326 16
      vertex 4.1413 -4.87949 16
    endloop
  endfacet
  facet normal -0.356941 -0.934127 0
    outer loop
      vertex 3.55968 -5.01782 16
      vertex 3.83562 -5.12326 22
      vertex 3.55968 -5.01782 22
    endloop
  endfacet
  facet normal -0.356941 -0.934127 -0
    outer loop
      vertex 3.83562 -5.12326 22
      vertex 3.55968 -5.01782 16
      vertex 3.83562 -5.12326 16
    endloop
  endfacet
  facet normal -0.436148 -0.899875 0
    outer loop
      vertex 3.32932 -4.90617 16
      vertex 3.55968 -5.01782 22
      vertex 3.32932 -4.90617 22
    endloop
  endfacet
  facet normal -0.436148 -0.899875 -0
    outer loop
      vertex 3.55968 -5.01782 22
      vertex 3.32932 -4.90617 16
      vertex 3.55968 -5.01782 16
    endloop
  endfacet
  facet normal -0.512131 -0.858907 0
    outer loop
      vertex 3.14326 -4.79523 16
      vertex 3.32932 -4.90617 22
      vertex 3.14326 -4.79523 22
    endloop
  endfacet
  facet normal -0.512131 -0.858907 -0
    outer loop
      vertex 3.32932 -4.90617 22
      vertex 3.14326 -4.79523 16
      vertex 3.32932 -4.90617 16
    endloop
  endfacet
  facet normal -0.58425 -0.811574 0
    outer loop
      vertex 2.99942 -4.69168 16
      vertex 3.14326 -4.79523 22
      vertex 2.99942 -4.69168 22
    endloop
  endfacet
  facet normal -0.58425 -0.811574 -0
    outer loop
      vertex 3.14326 -4.79523 22
      vertex 2.99942 -4.69168 16
      vertex 3.14326 -4.79523 16
    endloop
  endfacet
  facet normal -0.651771 -0.758416 0
    outer loop
      vertex 2.89488 -4.60184 16
      vertex 2.99942 -4.69168 22
      vertex 2.89488 -4.60184 22
    endloop
  endfacet
  facet normal -0.651771 -0.758416 -0
    outer loop
      vertex 2.99942 -4.69168 22
      vertex 2.89488 -4.60184 16
      vertex 2.99942 -4.69168 16
    endloop
  endfacet
  facet normal -0.714281 -0.699859 0
    outer loop
      vertex 2.89488 -4.60184 16
      vertex 2.82597 -4.53151 22
      vertex 2.82597 -4.53151 16
    endloop
  endfacet
  facet normal -0.714281 -0.699859 0
    outer loop
      vertex 2.82597 -4.53151 22
      vertex 2.89488 -4.60184 16
      vertex 2.89488 -4.60184 22
    endloop
  endfacet
  facet normal -0.771099 -0.636715 0
    outer loop
      vertex 2.82597 -4.53151 16
      vertex 2.78835 -4.48595 22
      vertex 2.78835 -4.48595 16
    endloop
  endfacet
  facet normal -0.771099 -0.636715 0
    outer loop
      vertex 2.78835 -4.48595 22
      vertex 2.82597 -4.53151 16
      vertex 2.82597 -4.53151 22
    endloop
  endfacet
  facet normal -0.817558 -0.575846 0
    outer loop
      vertex 2.78835 -4.48595 16
      vertex 2.77701 -4.46985 22
      vertex 2.77701 -4.46985 16
    endloop
  endfacet
  facet normal -0.817558 -0.575846 0
    outer loop
      vertex 2.77701 -4.46985 22
      vertex 2.78835 -4.48595 16
      vertex 2.78835 -4.48595 22
    endloop
  endfacet
  facet normal -0.849416 -0.527725 0
    outer loop
      vertex 2.77701 -4.46985 16
      vertex 2.43425 -3.91815 22
      vertex 2.43425 -3.91815 16
    endloop
  endfacet
  facet normal -0.849416 -0.527725 0
    outer loop
      vertex 2.43425 -3.91815 22
      vertex 2.77701 -4.46985 16
      vertex 2.77701 -4.46985 22
    endloop
  endfacet
  facet normal 0.442716 -0.896662 0
    outer loop
      vertex 1.56863 -4.34554 16
      vertex 2.43425 -3.91815 22
      vertex 1.56863 -4.34554 22
    endloop
  endfacet
  facet normal 0.442716 -0.896662 0
    outer loop
      vertex 2.43425 -3.91815 22
      vertex 1.56863 -4.34554 16
      vertex 2.43425 -3.91815 16
    endloop
  endfacet
  facet normal 0.23205 -0.972704 0
    outer loop
      vertex 1.54721 -4.35065 16
      vertex 1.56863 -4.34554 22
      vertex 1.54721 -4.35065 22
    endloop
  endfacet
  facet normal 0.23205 -0.972704 0
    outer loop
      vertex 1.56863 -4.34554 22
      vertex 1.54721 -4.35065 16
      vertex 1.56863 -4.34554 16
    endloop
  endfacet
  facet normal 0.942191 0.335076 0
    outer loop
      vertex 1.76323 -4.95807 22
      vertex 1.54721 -4.35065 16
      vertex 1.54721 -4.35065 22
    endloop
  endfacet
  facet normal 0.942191 0.335076 0
    outer loop
      vertex 1.54721 -4.35065 16
      vertex 1.76323 -4.95807 22
      vertex 1.76323 -4.95807 16
    endloop
  endfacet
  facet normal 0.959858 0.280488 0
    outer loop
      vertex 1.76875 -4.97696 22
      vertex 1.76323 -4.95807 16
      vertex 1.76323 -4.95807 22
    endloop
  endfacet
  facet normal 0.959858 0.280488 0
    outer loop
      vertex 1.76323 -4.95807 16
      vertex 1.76875 -4.97696 22
      vertex 1.76875 -4.97696 16
    endloop
  endfacet
  facet normal 0.978634 0.20561 0
    outer loop
      vertex 1.7809 -5.03479 22
      vertex 1.76875 -4.97696 16
      vertex 1.76875 -4.97696 22
    endloop
  endfacet
  facet normal 0.978634 0.20561 0
    outer loop
      vertex 1.76875 -4.97696 16
      vertex 1.7809 -5.03479 22
      vertex 1.7809 -5.03479 16
    endloop
  endfacet
  facet normal 0.99252 0.122084 0
    outer loop
      vertex 1.79292 -5.13251 22
      vertex 1.7809 -5.03479 16
      vertex 1.7809 -5.03479 22
    endloop
  endfacet
  facet normal 0.99252 0.122084 0
    outer loop
      vertex 1.7809 -5.03479 16
      vertex 1.79292 -5.13251 22
      vertex 1.79292 -5.13251 16
    endloop
  endfacet
  facet normal 0.999323 0.0367809 0
    outer loop
      vertex 1.79799 -5.27026 22
      vertex 1.79292 -5.13251 16
      vertex 1.79292 -5.13251 22
    endloop
  endfacet
  facet normal 0.999323 0.0367809 0
    outer loop
      vertex 1.79292 -5.13251 16
      vertex 1.79799 -5.27026 22
      vertex 1.79799 -5.27026 16
    endloop
  endfacet
  facet normal 0.998786 -0.0492566 0
    outer loop
      vertex 1.78926 -5.44728 22
      vertex 1.79799 -5.27026 16
      vertex 1.79799 -5.27026 22
    endloop
  endfacet
  facet normal 0.998786 -0.0492566 0
    outer loop
      vertex 1.79799 -5.27026 16
      vertex 1.78926 -5.44728 22
      vertex 1.78926 -5.44728 16
    endloop
  endfacet
  facet normal 0.990829 -0.135124 0
    outer loop
      vertex 1.75999 -5.66191 22
      vertex 1.78926 -5.44728 16
      vertex 1.78926 -5.44728 22
    endloop
  endfacet
  facet normal 0.990829 -0.135124 0
    outer loop
      vertex 1.78926 -5.44728 16
      vertex 1.75999 -5.66191 22
      vertex 1.75999 -5.66191 16
    endloop
  endfacet
  facet normal 0.975492 -0.220035 0
    outer loop
      vertex 1.70366 -5.91164 22
      vertex 1.75999 -5.66191 16
      vertex 1.75999 -5.66191 22
    endloop
  endfacet
  facet normal 0.975492 -0.220035 0
    outer loop
      vertex 1.75999 -5.66191 16
      vertex 1.70366 -5.91164 22
      vertex 1.70366 -5.91164 16
    endloop
  endfacet
  facet normal 0.952882 -0.303341 0
    outer loop
      vertex 1.61406 -6.1931 22
      vertex 1.70366 -5.91164 16
      vertex 1.70366 -5.91164 22
    endloop
  endfacet
  facet normal 0.952882 -0.303341 0
    outer loop
      vertex 1.70366 -5.91164 16
      vertex 1.61406 -6.1931 22
      vertex 1.61406 -6.1931 16
    endloop
  endfacet
  facet normal 0.22253 -0.974926 0
    outer loop
      vertex 1.23286 -6.28011 16
      vertex 1.61406 -6.1931 22
      vertex 1.23286 -6.28011 22
    endloop
  endfacet
  facet normal 0.22253 -0.974926 0
    outer loop
      vertex 1.61406 -6.1931 22
      vertex 1.23286 -6.28011 16
      vertex 1.61406 -6.1931 16
    endloop
  endfacet
  facet normal -0.726898 -0.686746 0
    outer loop
      vertex 1.23286 -6.28011 16
      vertex 1.03001 -6.0654 22
      vertex 1.03001 -6.0654 16
    endloop
  endfacet
  facet normal -0.726898 -0.686746 0
    outer loop
      vertex 1.03001 -6.0654 22
      vertex 1.23286 -6.28011 16
      vertex 1.23286 -6.28011 22
    endloop
  endfacet
  facet normal -0.783387 -0.621534 0
    outer loop
      vertex 1.03001 -6.0654 16
      vertex 0.870895 -5.86485 22
      vertex 0.870895 -5.86485 16
    endloop
  endfacet
  facet normal -0.783387 -0.621534 0
    outer loop
      vertex 0.870895 -5.86485 22
      vertex 1.03001 -6.0654 16
      vertex 1.03001 -6.0654 22
    endloop
  endfacet
  facet normal -0.834109 -0.5516 0
    outer loop
      vertex 0.870895 -5.86485 16
      vertex 0.751404 -5.68416 22
      vertex 0.751404 -5.68416 16
    endloop
  endfacet
  facet normal -0.834109 -0.5516 0
    outer loop
      vertex 0.751404 -5.68416 22
      vertex 0.870895 -5.86485 16
      vertex 0.870895 -5.86485 22
    endloop
  endfacet
  facet normal -0.878503 -0.477737 0
    outer loop
      vertex 0.751404 -5.68416 16
      vertex 0.666733 -5.52846 22
      vertex 0.666733 -5.52846 16
    endloop
  endfacet
  facet normal -0.878503 -0.477737 0
    outer loop
      vertex 0.666733 -5.52846 22
      vertex 0.751404 -5.68416 16
      vertex 0.751404 -5.68416 22
    endloop
  endfacet
  facet normal -0.916331 -0.400421 0
    outer loop
      vertex 0.666733 -5.52846 16
      vertex 0.611542 -5.40216 22
      vertex 0.611542 -5.40216 16
    endloop
  endfacet
  facet normal -0.916331 -0.400421 0
    outer loop
      vertex 0.611542 -5.40216 22
      vertex 0.666733 -5.52846 16
      vertex 0.666733 -5.52846 22
    endloop
  endfacet
  facet normal -0.947197 -0.320652 0
    outer loop
      vertex 0.611542 -5.40216 16
      vertex 0.579971 -5.3089 22
      vertex 0.579971 -5.3089 16
    endloop
  endfacet
  facet normal -0.947197 -0.320652 0
    outer loop
      vertex 0.579971 -5.3089 22
      vertex 0.611542 -5.40216 16
      vertex 0.611542 -5.40216 22
    endloop
  endfacet
  facet normal -0.970924 -0.239388 0
    outer loop
      vertex 0.579971 -5.3089 16
      vertex 0.565826 -5.25153 22
      vertex 0.565826 -5.25153 16
    endloop
  endfacet
  facet normal -0.970924 -0.239388 0
    outer loop
      vertex 0.565826 -5.25153 22
      vertex 0.579971 -5.3089 16
      vertex 0.579971 -5.3089 22
    endloop
  endfacet
  facet normal -0.98643 -0.164185 0
    outer loop
      vertex 0.565826 -5.25153 16
      vertex 0.562592 -5.2321 22
      vertex 0.562592 -5.2321 16
    endloop
  endfacet
  facet normal -0.98643 -0.164185 0
    outer loop
      vertex 0.562592 -5.2321 22
      vertex 0.565826 -5.25153 16
      vertex 0.565826 -5.25153 22
    endloop
  endfacet
  facet normal -0.994268 -0.106917 0
    outer loop
      vertex 0.562592 -5.2321 16
      vertex 0.493149 -4.58632 22
      vertex 0.493149 -4.58632 16
    endloop
  endfacet
  facet normal -0.994268 -0.106917 0
    outer loop
      vertex 0.493149 -4.58632 22
      vertex 0.562592 -5.2321 16
      vertex 0.562592 -5.2321 22
    endloop
  endfacet
  facet normal 0.00980993 -0.999952 0
    outer loop
      vertex -0.472153 -4.59579 16
      vertex 0.493149 -4.58632 22
      vertex -0.472153 -4.59579 22
    endloop
  endfacet
  facet normal 0.00980993 -0.999952 0
    outer loop
      vertex 0.493149 -4.58632 22
      vertex -0.472153 -4.59579 16
      vertex 0.493149 -4.58632 16
    endloop
  endfacet
  facet normal -0.212552 -0.97715 0
    outer loop
      vertex -0.493668 -4.59111 16
      vertex -0.472153 -4.59579 22
      vertex -0.493668 -4.59111 22
    endloop
  endfacet
  facet normal -0.212552 -0.97715 -0
    outer loop
      vertex -0.472153 -4.59579 22
      vertex -0.493668 -4.59111 16
      vertex -0.472153 -4.59579 16
    endloop
  endfacet
  facet normal 0.994269 -0.106911 0
    outer loop
      vertex -0.562592 -5.2321 22
      vertex -0.493668 -4.59111 16
      vertex -0.493668 -4.59111 22
    endloop
  endfacet
  facet normal 0.994269 -0.106911 0
    outer loop
      vertex -0.493668 -4.59111 16
      vertex -0.562592 -5.2321 22
      vertex -0.562592 -5.2321 16
    endloop
  endfacet
  facet normal 0.98643 -0.164185 0
    outer loop
      vertex -0.565826 -5.25153 22
      vertex -0.562592 -5.2321 16
      vertex -0.562592 -5.2321 22
    endloop
  endfacet
  facet normal 0.98643 -0.164185 0
    outer loop
      vertex -0.562592 -5.2321 16
      vertex -0.565826 -5.25153 22
      vertex -0.565826 -5.25153 16
    endloop
  endfacet
  facet normal 0.970924 -0.239388 0
    outer loop
      vertex -0.579971 -5.3089 22
      vertex -0.565826 -5.25153 16
      vertex -0.565826 -5.25153 22
    endloop
  endfacet
  facet normal 0.970924 -0.239388 0
    outer loop
      vertex -0.565826 -5.25153 16
      vertex -0.579971 -5.3089 22
      vertex -0.579971 -5.3089 16
    endloop
  endfacet
  facet normal 0.947197 -0.320652 0
    outer loop
      vertex -0.611542 -5.40216 22
      vertex -0.579971 -5.3089 16
      vertex -0.579971 -5.3089 22
    endloop
  endfacet
  facet normal 0.947197 -0.320652 0
    outer loop
      vertex -0.579971 -5.3089 16
      vertex -0.611542 -5.40216 22
      vertex -0.611542 -5.40216 16
    endloop
  endfacet
  facet normal 0.916331 -0.400421 0
    outer loop
      vertex -0.666733 -5.52846 22
      vertex -0.611542 -5.40216 16
      vertex -0.611542 -5.40216 22
    endloop
  endfacet
  facet normal 0.916331 -0.400421 0
    outer loop
      vertex -0.611542 -5.40216 16
      vertex -0.666733 -5.52846 22
      vertex -0.666733 -5.52846 16
    endloop
  endfacet
  facet normal 0.878503 -0.477737 0
    outer loop
      vertex -0.751404 -5.68416 22
      vertex -0.666733 -5.52846 16
      vertex -0.666733 -5.52846 22
    endloop
  endfacet
  facet normal 0.878503 -0.477737 0
    outer loop
      vertex -0.666733 -5.52846 16
      vertex -0.751404 -5.68416 22
      vertex -0.751404 -5.68416 16
    endloop
  endfacet
  facet normal 0.834109 -0.5516 0
    outer loop
      vertex -0.870895 -5.86485 22
      vertex -0.751404 -5.68416 16
      vertex -0.751404 -5.68416 22
    endloop
  endfacet
  facet normal 0.834109 -0.5516 0
    outer loop
      vertex -0.751404 -5.68416 16
      vertex -0.870895 -5.86485 22
      vertex -0.870895 -5.86485 16
    endloop
  endfacet
  facet normal 0.783387 -0.621534 0
    outer loop
      vertex -1.03001 -6.0654 22
      vertex -0.870895 -5.86485 16
      vertex -0.870895 -5.86485 22
    endloop
  endfacet
  facet normal 0.783387 -0.621534 0
    outer loop
      vertex -0.870895 -5.86485 16
      vertex -1.03001 -6.0654 22
      vertex -1.03001 -6.0654 16
    endloop
  endfacet
  facet normal 0.726898 -0.686746 0
    outer loop
      vertex -1.23286 -6.28011 22
      vertex -1.03001 -6.0654 16
      vertex -1.03001 -6.0654 22
    endloop
  endfacet
  facet normal 0.726898 -0.686746 0
    outer loop
      vertex -1.03001 -6.0654 16
      vertex -1.23286 -6.28011 22
      vertex -1.23286 -6.28011 16
    endloop
  endfacet
  facet normal -0.22253 -0.974926 0
    outer loop
      vertex -1.61406 -6.1931 16
      vertex -1.23286 -6.28011 22
      vertex -1.61406 -6.1931 22
    endloop
  endfacet
  facet normal -0.22253 -0.974926 -0
    outer loop
      vertex -1.23286 -6.28011 22
      vertex -1.61406 -6.1931 16
      vertex -1.23286 -6.28011 16
    endloop
  endfacet
  facet normal -0 0 1
    outer loop
      vertex 0.41832 15.8915 6
      vertex 1.95485 15.7764 6
      vertex 1.95204 15.8988 6
    endloop
  endfacet
  facet normal 0 0 1
    outer loop
      vertex 1.95485 15.7764 6
      vertex 1.95169 15.692 6
      vertex 1.95256 15.699 6
    endloop
  endfacet
  facet normal -0 0 1
    outer loop
      vertex 0.439346 16.0122 6
      vertex 1.95204 15.8988 6
      vertex 1.93932 16.0661 6
    endloop
  endfacet
  facet normal 0 0 1
    outer loop
      vertex 2.97084 16.1176 6
      vertex 4.31651 15.8105 6
      vertex 4.30801 16.0684 6
    endloop
  endfacet
  facet normal 0 0 1
    outer loop
      vertex 4.31651 15.8105 6
      vertex 2.97084 16.1176 6
      vertex 4.31218 15.5976 6
    endloop
  endfacet
  facet normal -0 0 1
    outer loop
      vertex 2.8824 15.9239 6
      vertex 4.31218 15.5976 6
      vertex 2.97084 16.1176 6
    endloop
  endfacet
  facet normal -0 0 1
    outer loop
      vertex 3.09042 16.3463 6
      vertex 4.30801 16.0684 6
      vertex 4.28186 16.3705 6
    endloop
  endfacet
  facet normal 0 0 1
    outer loop
      vertex 4.31218 15.5976 6
      vertex 2.8824 15.9239 6
      vertex 4.29984 15.4303 6
    endloop
  endfacet
  facet normal -0 0 1
    outer loop
      vertex 2.82094 15.7679 6
      vertex 4.29984 15.4303 6
      vertex 2.8824 15.9239 6
    endloop
  endfacet
  facet normal -0 0 1
    outer loop
      vertex 3.24506 16.6071 6
      vertex 4.28186 16.3705 6
      vertex 4.23332 16.7155 6
    endloop
  endfacet
  facet normal -0 0 1
    outer loop
      vertex 5.91844 16.1957 6
      vertex 6.67737 15.8979 6
      vertex 6.66023 16.2911 6
    endloop
  endfacet
  facet normal 0 0 1
    outer loop
      vertex 6.67737 15.8979 6
      vertex 5.91844 16.1957 6
      vertex 6.67393 15.5495 6
    endloop
  endfacet
  facet normal -0 0 1
    outer loop
      vertex 5.68398 15.938 6
      vertex 6.67393 15.5495 6
      vertex 5.91844 16.1957 6
    endloop
  endfacet
  facet normal 0 0 1
    outer loop
      vertex 6.67393 15.5495 6
      vertex 5.68398 15.938 6
      vertex 6.65475 15.2468 6
    endloop
  endfacet
  facet normal 0 0 1
    outer loop
      vertex 6.65475 15.2468 6
      vertex 5.49219 15.7031 6
      vertex 6.62473 14.9905 6
    endloop
  endfacet
  facet normal -0 0 1
    outer loop
      vertex 5.33986 15.4948 6
      vertex 6.62473 14.9905 6
      vertex 5.49219 15.7031 6
    endloop
  endfacet
  facet normal 0 0 1
    outer loop
      vertex 6.62473 14.9905 6
      vertex 5.33986 15.4948 6
      vertex 6.58871 14.7807 6
    endloop
  endfacet
  facet normal -0 0 1
    outer loop
      vertex 5.22354 15.3165 6
      vertex 6.58871 14.7807 6
      vertex 5.33986 15.4948 6
    endloop
  endfacet
  facet normal 0 0 1
    outer loop
      vertex 5.91844 16.1957 6
      vertex 6.66023 16.2911 6
      vertex 6.19849 16.4724 6
    endloop
  endfacet
  facet normal 0 0 1
    outer loop
      vertex 8.26619 15.1328 6
      vertex 8.97224 14.7251 6
      vertex 9.0139 15.1165 6
    endloop
  endfacet
  facet normal 0 0 1
    outer loop
      vertex 8.97224 14.7251 6
      vertex 8.26619 15.1328 6
      vertex 8.91693 14.3811 6
    endloop
  endfacet
  facet normal -0 0 1
    outer loop
      vertex 7.99593 14.9128 6
      vertex 8.91693 14.3811 6
      vertex 8.26619 15.1328 6
    endloop
  endfacet
  facet normal 0 0 1
    outer loop
      vertex 8.91693 14.3811 6
      vertex 7.99593 14.9128 6
      vertex 8.85286 14.0847 6
    endloop
  endfacet
  facet normal 0 0 1
    outer loop
      vertex 8.85286 14.0847 6
      vertex 7.77127 14.7092 6
      vertex 8.78496 13.8357 6
    endloop
  endfacet
  facet normal -0 0 1
    outer loop
      vertex 7.5896 14.5259 6
      vertex 8.78496 13.8357 6
      vertex 7.77127 14.7092 6
    endloop
  endfacet
  facet normal -0 0 1
    outer loop
      vertex 8.26619 15.1328 6
      vertex 9.0139 15.1165 6
      vertex 8.58434 15.3645 6
    endloop
  endfacet
  facet normal -0 0 1
    outer loop
      vertex 7.77127 14.7092 6
      vertex 8.85286 14.0847 6
      vertex 7.99593 14.9128 6
    endloop
  endfacet
  facet normal 0 0 1
    outer loop
      vertex 8.78496 13.8357 6
      vertex 7.5896 14.5259 6
      vertex 8.71808 13.6336 6
    endloop
  endfacet
  facet normal -0 0 1
    outer loop
      vertex 7.448 14.3669 6
      vertex 8.71808 13.6336 6
      vertex 7.5896 14.5259 6
    endloop
  endfacet
  facet normal 0 0 1
    outer loop
      vertex 10.4293 13.7317 6
      vertex 11.0667 13.2234 6
      vertex 11.1662 13.6042 6
    endloop
  endfacet
  facet normal 0 0 1
    outer loop
      vertex 11.0667 13.2234 6
      vertex 10.4293 13.7317 6
      vertex 10.9607 12.8915 6
    endloop
  endfacet
  facet normal -0 0 1
    outer loop
      vertex 10.4293 13.7317 6
      vertex 11.1662 13.6042 6
      vertex 10.7784 13.9135 6
    endloop
  endfacet
  facet normal -0 0 1
    outer loop
      vertex 10.1293 13.5545 6
      vertex 10.9607 12.8915 6
      vertex 10.4293 13.7317 6
    endloop
  endfacet
  facet normal 0 0 1
    outer loop
      vertex 10.9607 12.8915 6
      vertex 10.1293 13.5545 6
      vertex 10.8532 12.6079 6
    endloop
  endfacet
  facet normal -0 0 1
    outer loop
      vertex 9.87675 13.3866 6
      vertex 10.8532 12.6079 6
      vertex 10.1293 13.5545 6
    endloop
  endfacet
  facet normal 0 0 1
    outer loop
      vertex 10.8532 12.6079 6
      vertex 9.87675 13.3866 6
      vertex 10.7489 12.3719 6
    endloop
  endfacet
  facet normal -0 0 1
    outer loop
      vertex 9.6698 13.2324 6
      vertex 10.7489 12.3719 6
      vertex 9.87675 13.3866 6
    endloop
  endfacet
  facet normal 0 0 1
    outer loop
      vertex 10.7489 12.3719 6
      vertex 9.6698 13.2324 6
      vertex 10.6527 12.182 6
    endloop
  endfacet
  facet normal -0 0 1
    outer loop
      vertex 9.50609 13.0963 6
      vertex 10.6527 12.182 6
      vertex 9.6698 13.2324 6
    endloop
  endfacet
  facet normal 0 0 1
    outer loop
      vertex 12.3594 12.0239 6
      vertex 12.9139 11.4263 6
      vertex 13.0691 11.788 6
    endloop
  endfacet
  facet normal -0 0 1
    outer loop
      vertex 12.3594 12.0239 6
      vertex 13.0691 11.788 6
      vertex 12.7317 12.1517 6
    endloop
  endfacet
  facet normal 0 0 1
    outer loop
      vertex 12.9139 11.4263 6
      vertex 12.3594 12.0239 6
      vertex 12.7597 11.1139 6
    endloop
  endfacet
  facet normal -0 0 1
    outer loop
      vertex 12.0363 11.8935 6
      vertex 12.7597 11.1139 6
      vertex 12.3594 12.0239 6
    endloop
  endfacet
  facet normal 0 0 1
    outer loop
      vertex 12.7597 11.1139 6
      vertex 12.0363 11.8935 6
      vertex 12.6111 10.8495 6
    endloop
  endfacet
  facet normal -0 0 1
    outer loop
      vertex 11.7616 11.765 6
      vertex 12.6111 10.8495 6
      vertex 12.0363 11.8935 6
    endloop
  endfacet
  facet normal 0 0 1
    outer loop
      vertex 12.6111 10.8495 6
      vertex 11.7616 11.765 6
      vertex 12.4728 10.6316 6
    endloop
  endfacet
  facet normal -0 0 1
    outer loop
      vertex 11.534 11.6434 6
      vertex 12.4728 10.6316 6
      vertex 11.7616 11.765 6
    endloop
  endfacet
  facet normal 0 0 1
    outer loop
      vertex 12.4728 10.6316 6
      vertex 11.534 11.6434 6
      vertex 12.3493 10.4582 6
    endloop
  endfacet
  facet normal -0 0 1
    outer loop
      vertex 11.3518 11.5333 6
      vertex 12.3493 10.4582 6
      vertex 11.534 11.6434 6
    endloop
  endfacet
  facet normal 0 0 1
    outer loop
      vertex 12.3493 10.4582 6
      vertex 11.3518 11.5333 6
      vertex 12.2449 10.327 6
    endloop
  endfacet
  facet normal 0 0 1
    outer loop
      vertex 14.4006 10.1184 6
      vertex 14.4727 9.37395 6
      vertex 14.6801 9.70853 6
    endloop
  endfacet
  facet normal -0 0 1
    outer loop
      vertex 14.0134 10.0476 6
      vertex 14.4727 9.37395 6
      vertex 14.4006 10.1184 6
    endloop
  endfacet
  facet normal 0 0 1
    outer loop
      vertex 14.4727 9.37395 6
      vertex 14.0134 10.0476 6
      vertex 14.2736 9.08801 6
    endloop
  endfacet
  facet normal -0 0 1
    outer loop
      vertex 13.6745 9.96669 6
      vertex 14.2736 9.08801 6
      vertex 14.0134 10.0476 6
    endloop
  endfacet
  facet normal 0 0 1
    outer loop
      vertex 14.2736 9.08801 6
      vertex 13.6745 9.96669 6
      vertex 14.0873 8.84875 6
    endloop
  endfacet
  facet normal -0 0 1
    outer loop
      vertex 13.3837 9.88065 6
      vertex 14.0873 8.84875 6
      vertex 13.6745 9.96669 6
    endloop
  endfacet
  facet normal 0 0 1
    outer loop
      vertex 14.0873 8.84875 6
      vertex 13.3837 9.88065 6
      vertex 13.9181 8.6539 6
    endloop
  endfacet
  facet normal -0 0 1
    outer loop
      vertex 13.1405 9.79434 6
      vertex 13.9181 8.6539 6
      vertex 13.3837 9.88065 6
    endloop
  endfacet
  facet normal 0 0 1
    outer loop
      vertex 13.9181 8.6539 6
      vertex 13.1405 9.79434 6
      vertex 13.7701 8.50081 6
    endloop
  endfacet
  facet normal -0 0 1
    outer loop
      vertex 12.944 9.71254 6
      vertex 13.7701 8.50081 6
      vertex 13.1405 9.79434 6
    endloop
  endfacet
  facet normal 0 0 1
    outer loop
      vertex 13.7701 8.50081 6
      vertex 12.944 9.71254 6
      vertex 13.6473 8.3866 6
    endloop
  endfacet
  facet normal -0 0 1
    outer loop
      vertex 12.7928 9.63994 6
      vertex 13.6473 8.3866 6
      vertex 12.944 9.71254 6
    endloop
  endfacet
  facet normal 0 0 1
    outer loop
      vertex 15.7479 7.85904 6
      vertex 15.7082 7.1122 6
      vertex 15.9631 7.41214 6
    endloop
  endfacet
  facet normal -0 0 1
    outer loop
      vertex 15.3544 7.84674 6
      vertex 15.7082 7.1122 6
      vertex 15.7479 7.85904 6
    endloop
  endfacet
  facet normal 0 0 1
    outer loop
      vertex 15.7082 7.1122 6
      vertex 15.3544 7.84674 6
      vertex 15.4687 6.85913 6
    endloop
  endfacet
  facet normal -0 0 1
    outer loop
      vertex 15.0072 7.81729 6
      vertex 15.4687 6.85913 6
      vertex 15.3544 7.84674 6
    endloop
  endfacet
  facet normal 0 0 1
    outer loop
      vertex 15.4687 6.85913 6
      vertex 15.0072 7.81729 6
      vertex 15.2488 6.65033 6
    endloop
  endfacet
  facet normal -0 0 1
    outer loop
      vertex 14.7069 7.77554 6
      vertex 15.2488 6.65033 6
      vertex 15.0072 7.81729 6
    endloop
  endfacet
  facet normal 0 0 1
    outer loop
      vertex 15.2488 6.65033 6
      vertex 14.7069 7.77554 6
      vertex 15.0524 6.48286 6
    endloop
  endfacet
  facet normal -0 0 1
    outer loop
      vertex 14.4535 7.72644 6
      vertex 15.0524 6.48286 6
      vertex 14.7069 7.77554 6
    endloop
  endfacet
  facet normal 0 0 1
    outer loop
      vertex 15.0524 6.48286 6
      vertex 14.4535 7.72644 6
      vertex 14.8833 6.35353 6
    endloop
  endfacet
  facet normal -0 0 1
    outer loop
      vertex 14.247 7.67485 6
      vertex 14.8833 6.35353 6
      vertex 14.4535 7.72644 6
    endloop
  endfacet
  facet normal 0 0 1
    outer loop
      vertex 14.8833 6.35353 6
      vertex 14.247 7.67485 6
      vertex 14.7448 6.2589 6
    endloop
  endfacet
  facet normal -0 0 1
    outer loop
      vertex 14.0867 7.62561 6
      vertex 14.7448 6.2589 6
      vertex 14.247 7.67485 6
    endloop
  endfacet
  facet normal 0 0 1
    outer loop
      vertex 14.7448 6.2589 6
      vertex 14.0867 7.62561 6
      vertex 14.6401 6.19522 6
    endloop
  endfacet
  facet normal 0 0 1
    outer loop
      vertex 16.7433 5.42416 6
      vertex 16.5927 4.69159 6
      vertex 16.8895 4.95016 6
    endloop
  endfacet
  facet normal 0 0 1
    outer loop
      vertex 16.3524 5.47064 6
      vertex 16.5927 4.69159 6
      vertex 16.7433 5.42416 6
    endloop
  endfacet
  facet normal 0 0 1
    outer loop
      vertex 16.3524 5.47064 6
      vertex 16.3182 4.47704 6
      vertex 16.5927 4.69159 6
    endloop
  endfacet
  facet normal 0 0 1
    outer loop
      vertex 16.0047 5.49327 6
      vertex 16.3182 4.47704 6
      vertex 16.3524 5.47064 6
    endloop
  endfacet
  facet normal 0 0 1
    outer loop
      vertex 16.3182 4.47704 6
      vertex 16.0047 5.49327 6
      vertex 16.0696 4.30334 6
    endloop
  endfacet
  facet normal 0 0 1
    outer loop
      vertex 15.7015 5.49675 6
      vertex 16.0696 4.30334 6
      vertex 16.0047 5.49327 6
    endloop
  endfacet
  facet normal 0 0 1
    outer loop
      vertex 16.0696 4.30334 6
      vertex 15.7015 5.49675 6
      vertex 15.8505 4.16701 6
    endloop
  endfacet
  facet normal -0 0 1
    outer loop
      vertex 15.4437 5.48596 6
      vertex 15.8505 4.16701 6
      vertex 15.7015 5.49675 6
    endloop
  endfacet
  facet normal 0 0 1
    outer loop
      vertex 15.8505 4.16701 6
      vertex 15.4437 5.48596 6
      vertex 15.664 4.06433 6
    endloop
  endfacet
  facet normal -0 0 1
    outer loop
      vertex 15.2317 5.46573 6
      vertex 15.664 4.06433 6
      vertex 15.4437 5.48596 6
    endloop
  endfacet
  facet normal 0 0 1
    outer loop
      vertex 15.664 4.06433 6
      vertex 15.2317 5.46573 6
      vertex 15.513 3.99138 6
    endloop
  endfacet
  facet normal -0 0 1
    outer loop
      vertex 15.0659 5.44093 6
      vertex 15.513 3.99138 6
      vertex 15.2317 5.46573 6
    endloop
  endfacet
  facet normal 0 0 1
    outer loop
      vertex 15.513 3.99138 6
      vertex 15.0659 5.44093 6
      vertex 15.4 3.94402 6
    endloop
  endfacet
  facet normal -0 0 1
    outer loop
      vertex 14.9458 5.4164 6
      vertex 15.4 3.94402 6
      vertex 15.0659 5.44093 6
    endloop
  endfacet
  facet normal 0 0 1
    outer loop
      vertex 17.3647 2.86812 6
      vertex 17.1067 2.16617 6
      vertex 17.4386 2.37762 6
    endloop
  endfacet
  facet normal 0 0 1
    outer loop
      vertex 16.9852 2.97234 6
      vertex 17.1067 2.16617 6
      vertex 17.3647 2.86812 6
    endloop
  endfacet
  facet normal 0 0 1
    outer loop
      vertex 16.9852 2.97234 6
      vertex 16.8032 1.99492 6
      vertex 17.1067 2.16617 6
    endloop
  endfacet
  facet normal 0 0 1
    outer loop
      vertex 16.6447 3.04652 6
      vertex 16.8032 1.99492 6
      vertex 16.9852 2.97234 6
    endloop
  endfacet
  facet normal 0 0 1
    outer loop
      vertex 16.6447 3.04652 6
      vertex 16.5315 1.86021 6
      vertex 16.8032 1.99492 6
    endloop
  endfacet
  facet normal 0 0 1
    outer loop
      vertex 16.3454 3.09517 6
      vertex 16.5315 1.86021 6
      vertex 16.6447 3.04652 6
    endloop
  endfacet
  facet normal 0 0 1
    outer loop
      vertex 16.3454 3.09517 6
      vertex 16.2945 1.75807 6
      vertex 16.5315 1.86021 6
    endloop
  endfacet
  facet normal 0 0 1
    outer loop
      vertex 16.0888 3.12292 6
      vertex 16.2945 1.75807 6
      vertex 16.3454 3.09517 6
    endloop
  endfacet
  facet normal 0 0 1
    outer loop
      vertex 16.2945 1.75807 6
      vertex 16.0888 3.12292 6
      vertex 16.0948 1.68434 6
    endloop
  endfacet
  facet normal 0 0 1
    outer loop
      vertex 15.8762 3.13451 6
      vertex 16.0948 1.68434 6
      vertex 16.0888 3.12292 6
    endloop
  endfacet
  facet normal 0 0 1
    outer loop
      vertex 16.0948 1.68434 6
      vertex 15.8762 3.13451 6
      vertex 15.9346 1.63472 6
    endloop
  endfacet
  facet normal 0 0 1
    outer loop
      vertex 15.7085 3.1347 6
      vertex 15.9346 1.63472 6
      vertex 15.8762 3.13451 6
    endloop
  endfacet
  facet normal 0 0 1
    outer loop
      vertex 15.9346 1.63472 6
      vertex 15.7085 3.1347 6
      vertex 15.8158 1.60472 6
    endloop
  endfacet
  facet normal -0 0 1
    outer loop
      vertex 15.5862 3.12834 6
      vertex 15.8158 1.60472 6
      vertex 15.7085 3.1347 6
    endloop
  endfacet
  facet normal 0 -0 1
    outer loop
      vertex 15.7329 1.58905 6
      vertex 15.8158 1.60472 6
      vertex 15.5862 3.12834 6
    endloop
  endfacet
  facet normal 0 0 1
    outer loop
      vertex 17.2384 0.407639 6
      vertex 17.5983 -0.248016 6
      vertex 17.5983 0.248016 6
    endloop
  endfacet
  facet normal 0 0 1
    outer loop
      vertex 17.2384 0.407639 6
      vertex 17.2384 -0.407639 6
      vertex 17.5983 -0.248016 6
    endloop
  endfacet
  facet normal 0 0 1
    outer loop
      vertex 16.9129 0.531738 6
      vertex 17.2384 -0.407639 6
      vertex 17.2384 0.407639 6
    endloop
  endfacet
  facet normal 0 0 1
    outer loop
      vertex 16.9129 0.531738 6
      vertex 16.9129 -0.531738 6
      vertex 17.2384 -0.407639 6
    endloop
  endfacet
  facet normal 0 0 1
    outer loop
      vertex 16.6241 0.624451 6
      vertex 16.9129 -0.531738 6
      vertex 16.9129 0.531738 6
    endloop
  endfacet
  facet normal 0 0 1
    outer loop
      vertex 16.6241 0.624451 6
      vertex 16.6241 -0.624451 6
      vertex 16.9129 -0.531738 6
    endloop
  endfacet
  facet normal 0 0 1
    outer loop
      vertex 16.3746 0.69014 6
      vertex 16.6241 -0.624451 6
      vertex 16.6241 0.624451 6
    endloop
  endfacet
  facet normal 0 0 1
    outer loop
      vertex 16.3746 0.69014 6
      vertex 16.3746 -0.69014 6
      vertex 16.6241 -0.624451 6
    endloop
  endfacet
  facet normal 0 0 1
    outer loop
      vertex 16.1661 0.733276 6
      vertex 16.3746 -0.69014 6
      vertex 16.3746 0.69014 6
    endloop
  endfacet
  facet normal 0 0 1
    outer loop
      vertex 16.1661 0.733276 6
      vertex 16.1661 -0.733276 6
      vertex 16.3746 -0.69014 6
    endloop
  endfacet
  facet normal 0 0 1
    outer loop
      vertex 16.0003 0.758469 6
      vertex 16.1661 -0.733276 6
      vertex 16.1661 0.733276 6
    endloop
  endfacet
  facet normal 0 0 1
    outer loop
      vertex 16.0003 0.758469 6
      vertex 16.0003 -0.758469 6
      vertex 16.1661 -0.733276 6
    endloop
  endfacet
  facet normal 0 0 1
    outer loop
      vertex 15.8783 0.770416 6
      vertex 16.0003 -0.758469 6
      vertex 16.0003 0.758469 6
    endloop
  endfacet
  facet normal 0 0 1
    outer loop
      vertex 15.8783 0.770416 6
      vertex 15.8783 -0.770416 6
      vertex 16.0003 -0.758469 6
    endloop
  endfacet
  facet normal -0 0 1
    outer loop
      vertex 15.7967 0.773697 6
      vertex 15.8783 0.770416 6
      vertex 15.8011 0.773911 6
    endloop
  endfacet
  facet normal 0 0 1
    outer loop
      vertex 15.8783 0.770416 6
      vertex 15.7967 0.773697 6
      vertex 15.8783 -0.770416 6
    endloop
  endfacet
  facet normal 0 0 1
    outer loop
      vertex 15.794 -0.77356 6
      vertex 15.8783 -0.770416 6
      vertex 15.7967 0.773697 6
    endloop
  endfacet
  facet normal 0 0 1
    outer loop
      vertex 15.8783 -0.770416 6
      vertex 15.794 -0.77356 6
      vertex 15.8011 -0.773911 6
    endloop
  endfacet
  facet normal -0 0 1
    outer loop
      vertex 4 0 6
      vertex 15.794 -0.77356 6
      vertex 15.7967 0.773697 6
    endloop
  endfacet
  facet normal 0 0 1
    outer loop
      vertex 3.98478 0.348622 6
      vertex 15.7967 0.773697 6
      vertex 15.7329 1.58905 6
    endloop
  endfacet
  facet normal 0 0 1
    outer loop
      vertex 17.1067 -2.16617 6
      vertex 17.3647 -2.86812 6
      vertex 17.4386 -2.37762 6
    endloop
  endfacet
  facet normal 0 0 1
    outer loop
      vertex 17.1067 -2.16617 6
      vertex 16.9852 -2.97234 6
      vertex 17.3647 -2.86812 6
    endloop
  endfacet
  facet normal 0 0 1
    outer loop
      vertex 16.8032 -1.99492 6
      vertex 16.9852 -2.97234 6
      vertex 17.1067 -2.16617 6
    endloop
  endfacet
  facet normal 0 0 1
    outer loop
      vertex 16.8032 -1.99492 6
      vertex 16.6447 -3.04652 6
      vertex 16.9852 -2.97234 6
    endloop
  endfacet
  facet normal 0 0 1
    outer loop
      vertex 16.5315 -1.86021 6
      vertex 16.6447 -3.04652 6
      vertex 16.8032 -1.99492 6
    endloop
  endfacet
  facet normal 0 0 1
    outer loop
      vertex 16.5315 -1.86021 6
      vertex 16.3454 -3.09517 6
      vertex 16.6447 -3.04652 6
    endloop
  endfacet
  facet normal 0 0 1
    outer loop
      vertex 16.2945 -1.75807 6
      vertex 16.3454 -3.09517 6
      vertex 16.5315 -1.86021 6
    endloop
  endfacet
  facet normal 0 0 1
    outer loop
      vertex 16.0888 -3.12292 6
      vertex 16.2945 -1.75807 6
      vertex 16.0948 -1.68434 6
    endloop
  endfacet
  facet normal 0 0 1
    outer loop
      vertex 16.2945 -1.75807 6
      vertex 16.0888 -3.12292 6
      vertex 16.3454 -3.09517 6
    endloop
  endfacet
  facet normal 0 0 1
    outer loop
      vertex 15.8762 -3.13451 6
      vertex 16.0948 -1.68434 6
      vertex 15.9346 -1.63472 6
    endloop
  endfacet
  facet normal 0 0 1
    outer loop
      vertex 16.0948 -1.68434 6
      vertex 15.8762 -3.13451 6
      vertex 16.0888 -3.12292 6
    endloop
  endfacet
  facet normal 0 0 1
    outer loop
      vertex 15.7085 -3.1347 6
      vertex 15.9346 -1.63472 6
      vertex 15.8158 -1.60472 6
    endloop
  endfacet
  facet normal 0 0 1
    outer loop
      vertex 15.7356 -1.58931 6
      vertex 15.8158 -1.60472 6
      vertex 15.7399 -1.58975 6
    endloop
  endfacet
  facet normal 0 0 1
    outer loop
      vertex 15.8158 -1.60472 6
      vertex 15.7356 -1.58931 6
      vertex 15.5862 -3.12834 6
    endloop
  endfacet
  facet normal 0 0 1
    outer loop
      vertex 15.8158 1.60472 6
      vertex 15.7329 1.58905 6
      vertex 15.7399 1.58975 6
    endloop
  endfacet
  facet normal 0 0 1
    outer loop
      vertex 15.9346 -1.63472 6
      vertex 15.7085 -3.1347 6
      vertex 15.8762 -3.13451 6
    endloop
  endfacet
  facet normal 0 0 1
    outer loop
      vertex 3.93923 0.694592 6
      vertex 15.7329 1.58905 6
      vertex 15.505 3.11943 6
    endloop
  endfacet
  facet normal 0 0 1
    outer loop
      vertex 15.7329 1.58905 6
      vertex 15.5862 3.12834 6
      vertex 15.505 3.11943 6
    endloop
  endfacet
  facet normal -0 0 1
    outer loop
      vertex 3.98478 -0.348622 6
      vertex 15.794 -0.77356 6
      vertex 4 0 6
    endloop
  endfacet
  facet normal 0 0 1
    outer loop
      vertex 15.505 3.11943 6
      vertex 15.5862 3.12834 6
      vertex 15.5092 3.12029 6
    endloop
  endfacet
  facet normal 0 -0 1
    outer loop
      vertex 15.5862 -3.12834 6
      vertex 15.7356 -1.58931 6
      vertex 15.5023 -3.1189 6
    endloop
  endfacet
  facet normal 0 0 1
    outer loop
      vertex 15.8158 -1.60472 6
      vertex 15.5862 -3.12834 6
      vertex 15.7085 -3.1347 6
    endloop
  endfacet
  facet normal 0 0 1
    outer loop
      vertex 15.5862 -3.12834 6
      vertex 15.5023 -3.1189 6
      vertex 15.5092 -3.12029 6
    endloop
  endfacet
  facet normal 0 0 1
    outer loop
      vertex 15.794 -0.77356 6
      vertex 3.98478 -0.348622 6
      vertex 15.7356 -1.58931 6
    endloop
  endfacet
  facet normal 0 0 1
    outer loop
      vertex 3.93923 0.694592 6
      vertex 15.505 3.11943 6
      vertex 15.3204 3.91617 6
    endloop
  endfacet
  facet normal 0 0 1
    outer loop
      vertex 16.5927 -4.69159 6
      vertex 16.7433 -5.42416 6
      vertex 16.8895 -4.95016 6
    endloop
  endfacet
  facet normal 0 0 1
    outer loop
      vertex 16.5927 -4.69159 6
      vertex 16.3524 -5.47064 6
      vertex 16.7433 -5.42416 6
    endloop
  endfacet
  facet normal 0 0 1
    outer loop
      vertex 16.3182 -4.47704 6
      vertex 16.3524 -5.47064 6
      vertex 16.5927 -4.69159 6
    endloop
  endfacet
  facet normal 0 0 1
    outer loop
      vertex 16.0047 -5.49327 6
      vertex 16.3182 -4.47704 6
      vertex 16.0696 -4.30334 6
    endloop
  endfacet
  facet normal 0 0 1
    outer loop
      vertex 16.3182 -4.47704 6
      vertex 16.0047 -5.49327 6
      vertex 16.3524 -5.47064 6
    endloop
  endfacet
  facet normal 0 0 1
    outer loop
      vertex 15.7015 -5.49675 6
      vertex 16.0696 -4.30334 6
      vertex 15.8505 -4.16701 6
    endloop
  endfacet
  facet normal 0 0 1
    outer loop
      vertex 16.0696 -4.30334 6
      vertex 15.7015 -5.49675 6
      vertex 16.0047 -5.49327 6
    endloop
  endfacet
  facet normal 0 0 1
    outer loop
      vertex 15.4437 -5.48596 6
      vertex 15.8505 -4.16701 6
      vertex 15.664 -4.06433 6
    endloop
  endfacet
  facet normal 0 0 1
    outer loop
      vertex 15.2317 -5.46573 6
      vertex 15.664 -4.06433 6
      vertex 15.513 -3.99138 6
    endloop
  endfacet
  facet normal 0 0 1
    outer loop
      vertex 15.8505 -4.16701 6
      vertex 15.4437 -5.48596 6
      vertex 15.7015 -5.49675 6
    endloop
  endfacet
  facet normal 0 0 1
    outer loop
      vertex 15.0659 -5.44093 6
      vertex 15.513 -3.99138 6
      vertex 15.4 -3.94402 6
    endloop
  endfacet
  facet normal 0 0 1
    outer loop
      vertex 15.323 -3.91684 6
      vertex 15.4 -3.94402 6
      vertex 15.3272 -3.91791 6
    endloop
  endfacet
  facet normal 0 0 1
    outer loop
      vertex 15.4 -3.94402 6
      vertex 15.323 -3.91684 6
      vertex 14.9458 -5.4164 6
    endloop
  endfacet
  facet normal 0 -0 1
    outer loop
      vertex 15.3204 3.91617 6
      vertex 15.4 3.94402 6
      vertex 14.9458 5.4164 6
    endloop
  endfacet
  facet normal 0 0 1
    outer loop
      vertex 15.664 -4.06433 6
      vertex 15.2317 -5.46573 6
      vertex 15.4437 -5.48596 6
    endloop
  endfacet
  facet normal 0 0 1
    outer loop
      vertex 3.8637 1.03528 6
      vertex 15.3204 3.91617 6
      vertex 14.8669 5.39548 6
    endloop
  endfacet
  facet normal 0 0 1
    outer loop
      vertex 15.4 3.94402 6
      vertex 15.3204 3.91617 6
      vertex 15.3272 3.91791 6
    endloop
  endfacet
  facet normal -0 0 1
    outer loop
      vertex 3.93923 -0.694592 6
      vertex 15.7356 -1.58931 6
      vertex 3.98478 -0.348622 6
    endloop
  endfacet
  facet normal 0 0 1
    outer loop
      vertex 15.3204 3.91617 6
      vertex 14.9458 5.4164 6
      vertex 14.8669 5.39548 6
    endloop
  endfacet
  facet normal 0 -0 1
    outer loop
      vertex 14.9458 -5.4164 6
      vertex 15.323 -3.91684 6
      vertex 14.8643 -5.39456 6
    endloop
  endfacet
  facet normal 0 0 1
    outer loop
      vertex 14.8669 5.39548 6
      vertex 14.9458 5.4164 6
      vertex 14.8709 5.39696 6
    endloop
  endfacet
  facet normal 0 0 1
    outer loop
      vertex 15.513 -3.99138 6
      vertex 15.0659 -5.44093 6
      vertex 15.2317 -5.46573 6
    endloop
  endfacet
  facet normal 0 0 1
    outer loop
      vertex 15.4 -3.94402 6
      vertex 14.9458 -5.4164 6
      vertex 15.0659 -5.44093 6
    endloop
  endfacet
  facet normal 0 0 1
    outer loop
      vertex 14.9458 -5.4164 6
      vertex 14.8643 -5.39456 6
      vertex 14.8709 -5.39696 6
    endloop
  endfacet
  facet normal 0 0 1
    outer loop
      vertex 15.7356 -1.58931 6
      vertex 3.93923 -0.694592 6
      vertex 15.5023 -3.1189 6
    endloop
  endfacet
  facet normal 0 0 1
    outer loop
      vertex 3.75877 1.36808 6
      vertex 14.8669 5.39548 6
      vertex 14.5656 6.15581 6
    endloop
  endfacet
  facet normal 0 0 1
    outer loop
      vertex 15.7082 -7.1122 6
      vertex 15.7479 -7.85904 6
      vertex 15.9631 -7.41214 6
    endloop
  endfacet
  facet normal 0 0 1
    outer loop
      vertex 15.3544 -7.84674 6
      vertex 15.7082 -7.1122 6
      vertex 15.4687 -6.85913 6
    endloop
  endfacet
  facet normal 0 0 1
    outer loop
      vertex 15.7082 -7.1122 6
      vertex 15.3544 -7.84674 6
      vertex 15.7479 -7.85904 6
    endloop
  endfacet
  facet normal 0 0 1
    outer loop
      vertex 15.0072 -7.81729 6
      vertex 15.4687 -6.85913 6
      vertex 15.2488 -6.65033 6
    endloop
  endfacet
  facet normal 0 0 1
    outer loop
      vertex 14.7069 -7.77554 6
      vertex 15.2488 -6.65033 6
      vertex 15.0524 -6.48286 6
    endloop
  endfacet
  facet normal 0 0 1
    outer loop
      vertex 15.4687 -6.85913 6
      vertex 15.0072 -7.81729 6
      vertex 15.3544 -7.84674 6
    endloop
  endfacet
  facet normal 0 0 1
    outer loop
      vertex 14.4535 -7.72644 6
      vertex 15.0524 -6.48286 6
      vertex 14.8833 -6.35353 6
    endloop
  endfacet
  facet normal 0 0 1
    outer loop
      vertex 14.247 -7.67485 6
      vertex 14.8833 -6.35353 6
      vertex 14.7448 -6.2589 6
    endloop
  endfacet
  facet normal 0 0 1
    outer loop
      vertex 15.2488 -6.65033 6
      vertex 14.7069 -7.77554 6
      vertex 15.0072 -7.81729 6
    endloop
  endfacet
  facet normal 0 0 1
    outer loop
      vertex 14.0867 -7.62561 6
      vertex 14.7448 -6.2589 6
      vertex 14.6401 -6.19522 6
    endloop
  endfacet
  facet normal 0 0 1
    outer loop
      vertex 14.568 -6.15685 6
      vertex 14.6401 -6.19522 6
      vertex 14.572 -6.15854 6
    endloop
  endfacet
  facet normal 0 0 1
    outer loop
      vertex 14.6401 -6.19522 6
      vertex 14.568 -6.15685 6
      vertex 13.9716 -7.58347 6
    endloop
  endfacet
  facet normal -0 0 1
    outer loop
      vertex 13.9716 7.58347 6
      vertex 14.6401 6.19522 6
      vertex 14.0867 7.62561 6
    endloop
  endfacet
  facet normal 0 0 1
    outer loop
      vertex 15.0524 -6.48286 6
      vertex 14.4535 -7.72644 6
      vertex 14.7069 -7.77554 6
    endloop
  endfacet
  facet normal 0 0 1
    outer loop
      vertex 3.62523 1.69047 6
      vertex 14.5656 6.15581 6
      vertex 13.8966 7.55101 6
    endloop
  endfacet
  facet normal 0 -0 1
    outer loop
      vertex 14.5656 6.15581 6
      vertex 14.6401 6.19522 6
      vertex 13.9716 7.58347 6
    endloop
  endfacet
  facet normal -0 0 1
    outer loop
      vertex 3.8637 -1.03528 6
      vertex 15.5023 -3.1189 6
      vertex 3.93923 -0.694592 6
    endloop
  endfacet
  facet normal 0 0 1
    outer loop
      vertex 14.6401 6.19522 6
      vertex 14.5656 6.15581 6
      vertex 14.572 6.15854 6
    endloop
  endfacet
  facet normal 0 -0 1
    outer loop
      vertex 13.9716 -7.58347 6
      vertex 14.568 -6.15685 6
      vertex 13.8943 -7.54973 6
    endloop
  endfacet
  facet normal 0 0 1
    outer loop
      vertex 14.5656 6.15581 6
      vertex 13.9716 7.58347 6
      vertex 13.8966 7.55101 6
    endloop
  endfacet
  facet normal 0 0 1
    outer loop
      vertex 14.8833 -6.35353 6
      vertex 14.247 -7.67485 6
      vertex 14.4535 -7.72644 6
    endloop
  endfacet
  facet normal 0 0 1
    outer loop
      vertex 13.8966 7.55101 6
      vertex 13.9716 7.58347 6
      vertex 13.9005 7.55309 6
    endloop
  endfacet
  facet normal 0 0 1
    outer loop
      vertex 14.7448 -6.2589 6
      vertex 14.0867 -7.62561 6
      vertex 14.247 -7.67485 6
    endloop
  endfacet
  facet normal 0 0 1
    outer loop
      vertex 14.6401 -6.19522 6
      vertex 13.9716 -7.58347 6
      vertex 14.0867 -7.62561 6
    endloop
  endfacet
  facet normal 0 0 1
    outer loop
      vertex 13.9716 -7.58347 6
      vertex 13.8943 -7.54973 6
      vertex 13.9005 -7.55309 6
    endloop
  endfacet
  facet normal 0 0 1
    outer loop
      vertex 15.5023 -3.1189 6
      vertex 3.8637 -1.03528 6
      vertex 15.323 -3.91684 6
    endloop
  endfacet
  facet normal 0 0 1
    outer loop
      vertex 3.4641 2 6
      vertex 13.8966 7.55101 6
      vertex 13.4854 8.25793 6
    endloop
  endfacet
  facet normal 0 0 1
    outer loop
      vertex 14.4727 -9.37395 6
      vertex 14.4006 -10.1184 6
      vertex 14.6801 -9.70853 6
    endloop
  endfacet
  facet normal 0 0 1
    outer loop
      vertex 14.0134 -10.0476 6
      vertex 14.4727 -9.37395 6
      vertex 14.2736 -9.08801 6
    endloop
  endfacet
  facet normal 0 0 1
    outer loop
      vertex 13.6745 -9.96669 6
      vertex 14.2736 -9.08801 6
      vertex 14.0873 -8.84875 6
    endloop
  endfacet
  facet normal 0 0 1
    outer loop
      vertex 14.4727 -9.37395 6
      vertex 14.0134 -10.0476 6
      vertex 14.4006 -10.1184 6
    endloop
  endfacet
  facet normal 0 0 1
    outer loop
      vertex 13.3837 -9.88065 6
      vertex 14.0873 -8.84875 6
      vertex 13.9181 -8.6539 6
    endloop
  endfacet
  facet normal 0 0 1
    outer loop
      vertex 13.1405 -9.79434 6
      vertex 13.9181 -8.6539 6
      vertex 13.7701 -8.50081 6
    endloop
  endfacet
  facet normal 0 0 1
    outer loop
      vertex 14.2736 -9.08801 6
      vertex 13.6745 -9.96669 6
      vertex 14.0134 -10.0476 6
    endloop
  endfacet
  facet normal 0 0 1
    outer loop
      vertex 12.944 -9.71254 6
      vertex 13.7701 -8.50081 6
      vertex 13.6473 -8.3866 6
    endloop
  endfacet
  facet normal 0 0 1
    outer loop
      vertex 12.7928 -9.63994 6
      vertex 13.6473 -8.3866 6
      vertex 13.5533 -8.30803 6
    endloop
  endfacet
  facet normal 0 0 1
    outer loop
      vertex 13.4877 -8.25934 6
      vertex 13.5533 -8.30803 6
      vertex 13.4914 -8.26161 6
    endloop
  endfacet
  facet normal 0 0 1
    outer loop
      vertex 13.5533 -8.30803 6
      vertex 13.4877 -8.25934 6
      vertex 12.6853 -9.58112 6
    endloop
  endfacet
  facet normal 0 0 1
    outer loop
      vertex 13.6473 8.3866 6
      vertex 12.7928 9.63994 6
      vertex 13.5533 8.30803 6
    endloop
  endfacet
  facet normal 0 0 1
    outer loop
      vertex 14.0873 -8.84875 6
      vertex 13.3837 -9.88065 6
      vertex 13.6745 -9.96669 6
    endloop
  endfacet
  facet normal 0 0 1
    outer loop
      vertex 3.27661 2.2943 6
      vertex 13.4854 8.25793 6
      vertex 12.616 9.53786 6
    endloop
  endfacet
  facet normal -0 0 1
    outer loop
      vertex 12.6853 9.58112 6
      vertex 13.5533 8.30803 6
      vertex 12.7928 9.63994 6
    endloop
  endfacet
  facet normal 0 0 1
    outer loop
      vertex 15.323 -3.91684 6
      vertex 3.8637 -1.03528 6
      vertex 14.8643 -5.39456 6
    endloop
  endfacet
  facet normal 0 -0 1
    outer loop
      vertex 13.4854 8.25793 6
      vertex 13.5533 8.30803 6
      vertex 12.6853 9.58112 6
    endloop
  endfacet
  facet normal 0 -0 1
    outer loop
      vertex 12.6853 -9.58112 6
      vertex 13.4877 -8.25934 6
      vertex 12.6139 -9.53624 6
    endloop
  endfacet
  facet normal 0 0 1
    outer loop
      vertex 13.5533 8.30803 6
      vertex 13.4854 8.25793 6
      vertex 13.4914 8.26161 6
    endloop
  endfacet
  facet normal 0 0 1
    outer loop
      vertex 13.9181 -8.6539 6
      vertex 13.1405 -9.79434 6
      vertex 13.3837 -9.88065 6
    endloop
  endfacet
  facet normal 0 0 1
    outer loop
      vertex 13.4854 8.25793 6
      vertex 12.6853 9.58112 6
      vertex 12.616 9.53786 6
    endloop
  endfacet
  facet normal 0 0 1
    outer loop
      vertex 13.7701 -8.50081 6
      vertex 12.944 -9.71254 6
      vertex 13.1405 -9.79434 6
    endloop
  endfacet
  facet normal 0 0 1
    outer loop
      vertex 12.616 9.53786 6
      vertex 12.6853 9.58112 6
      vertex 12.6195 9.54048 6
    endloop
  endfacet
  facet normal 0 0 1
    outer loop
      vertex 13.6473 -8.3866 6
      vertex 12.7928 -9.63994 6
      vertex 12.944 -9.71254 6
    endloop
  endfacet
  facet normal 0 0 1
    outer loop
      vertex 13.5533 -8.30803 6
      vertex 12.6853 -9.58112 6
      vertex 12.7928 -9.63994 6
    endloop
  endfacet
  facet normal 0 0 1
    outer loop
      vertex 12.6853 -9.58112 6
      vertex 12.6139 -9.53624 6
      vertex 12.6195 -9.54048 6
    endloop
  endfacet
  facet normal -0 0 1
    outer loop
      vertex 3.75877 -1.36808 6
      vertex 14.8643 -5.39456 6
      vertex 3.8637 -1.03528 6
    endloop
  endfacet
  facet normal 0 0 1
    outer loop
      vertex 3.06418 2.57115 6
      vertex 12.616 9.53786 6
      vertex 12.104 10.1756 6
    endloop
  endfacet
  facet normal 0 0 1
    outer loop
      vertex 12.3594 -12.0239 6
      vertex 12.9139 -11.4263 6
      vertex 12.7597 -11.1139 6
    endloop
  endfacet
  facet normal 0 0 1
    outer loop
      vertex 12.9139 -11.4263 6
      vertex 12.3594 -12.0239 6
      vertex 13.0691 -11.788 6
    endloop
  endfacet
  facet normal 0 0 1
    outer loop
      vertex 12.0363 -11.8935 6
      vertex 12.7597 -11.1139 6
      vertex 12.6111 -10.8495 6
    endloop
  endfacet
  facet normal 0 0 1
    outer loop
      vertex 11.7616 -11.765 6
      vertex 12.6111 -10.8495 6
      vertex 12.4728 -10.6316 6
    endloop
  endfacet
  facet normal 0 0 1
    outer loop
      vertex 13.0691 -11.788 6
      vertex 12.3594 -12.0239 6
      vertex 12.7317 -12.1517 6
    endloop
  endfacet
  facet normal 0 0 1
    outer loop
      vertex 11.534 -11.6434 6
      vertex 12.4728 -10.6316 6
      vertex 12.3493 -10.4582 6
    endloop
  endfacet
  facet normal 0 0 1
    outer loop
      vertex 11.3518 -11.5333 6
      vertex 12.3493 -10.4582 6
      vertex 12.2449 -10.327 6
    endloop
  endfacet
  facet normal 0 0 1
    outer loop
      vertex 11.2131 -11.4389 6
      vertex 12.2449 -10.327 6
      vertex 12.1637 -10.2352 6
    endloop
  endfacet
  facet normal 0 0 1
    outer loop
      vertex 12.106 -10.1773 6
      vertex 12.1637 -10.2352 6
      vertex 12.1094 -10.1801 6
    endloop
  endfacet
  facet normal 0 0 1
    outer loop
      vertex 12.1637 -10.2352 6
      vertex 12.106 -10.1773 6
      vertex 11.1156 -11.3647 6
    endloop
  endfacet
  facet normal -0 0 1
    outer loop
      vertex 11.2131 11.4389 6
      vertex 12.2449 10.327 6
      vertex 11.3518 11.5333 6
    endloop
  endfacet
  facet normal 0 0 1
    outer loop
      vertex 12.7597 -11.1139 6
      vertex 12.0363 -11.8935 6
      vertex 12.3594 -12.0239 6
    endloop
  endfacet
  facet normal 0 0 1
    outer loop
      vertex 2.82843 2.82843 6
      vertex 12.104 10.1756 6
      vertex 11.0535 11.3116 6
    endloop
  endfacet
  facet normal 0 0 1
    outer loop
      vertex 12.2449 10.327 6
      vertex 11.2131 11.4389 6
      vertex 12.1637 10.2352 6
    endloop
  endfacet
  facet normal 0 0 1
    outer loop
      vertex 14.8643 -5.39456 6
      vertex 3.75877 -1.36808 6
      vertex 14.568 -6.15685 6
    endloop
  endfacet
  facet normal -0 0 1
    outer loop
      vertex 11.1156 11.3647 6
      vertex 12.1637 10.2352 6
      vertex 11.2131 11.4389 6
    endloop
  endfacet
  facet normal 0 -0 1
    outer loop
      vertex 11.1156 -11.3647 6
      vertex 12.106 -10.1773 6
      vertex 11.0517 -11.3097 6
    endloop
  endfacet
  facet normal 0 -0 1
    outer loop
      vertex 12.104 10.1756 6
      vertex 12.1637 10.2352 6
      vertex 11.1156 11.3647 6
    endloop
  endfacet
  facet normal 0 0 1
    outer loop
      vertex 12.6111 -10.8495 6
      vertex 11.7616 -11.765 6
      vertex 12.0363 -11.8935 6
    endloop
  endfacet
  facet normal 0 0 1
    outer loop
      vertex 12.1637 10.2352 6
      vertex 12.104 10.1756 6
      vertex 12.1094 10.1801 6
    endloop
  endfacet
  facet normal 0 0 1
    outer loop
      vertex 12.4728 -10.6316 6
      vertex 11.534 -11.6434 6
      vertex 11.7616 -11.765 6
    endloop
  endfacet
  facet normal 0 0 1
    outer loop
      vertex 12.104 10.1756 6
      vertex 11.1156 11.3647 6
      vertex 11.0535 11.3116 6
    endloop
  endfacet
  facet normal 0 0 1
    outer loop
      vertex 12.3493 -10.4582 6
      vertex 11.3518 -11.5333 6
      vertex 11.534 -11.6434 6
    endloop
  endfacet
  facet normal 0 0 1
    outer loop
      vertex 11.0535 11.3116 6
      vertex 11.1156 11.3647 6
      vertex 11.0566 11.3148 6
    endloop
  endfacet
  facet normal 0 0 1
    outer loop
      vertex 12.2449 -10.327 6
      vertex 11.2131 -11.4389 6
      vertex 11.3518 -11.5333 6
    endloop
  endfacet
  facet normal 0 0 1
    outer loop
      vertex 12.1637 -10.2352 6
      vertex 11.1156 -11.3647 6
      vertex 11.2131 -11.4389 6
    endloop
  endfacet
  facet normal 0 0 1
    outer loop
      vertex 11.1156 -11.3647 6
      vertex 11.0517 -11.3097 6
      vertex 11.0566 -11.3148 6
    endloop
  endfacet
  facet normal -0 0 1
    outer loop
      vertex 3.62523 -1.69047 6
      vertex 14.568 -6.15685 6
      vertex 3.75877 -1.36808 6
    endloop
  endfacet
  facet normal 0 0 1
    outer loop
      vertex 2.82843 2.82843 6
      vertex 11.0535 11.3116 6
      vertex 10.4522 11.866 6
    endloop
  endfacet
  facet normal 0 0 1
    outer loop
      vertex 10.4293 -13.7317 6
      vertex 11.0667 -13.2234 6
      vertex 10.9607 -12.8915 6
    endloop
  endfacet
  facet normal 0 0 1
    outer loop
      vertex 10.1293 -13.5545 6
      vertex 10.9607 -12.8915 6
      vertex 10.8532 -12.6079 6
    endloop
  endfacet
  facet normal 0 0 1
    outer loop
      vertex 11.0667 -13.2234 6
      vertex 10.4293 -13.7317 6
      vertex 11.1662 -13.6042 6
    endloop
  endfacet
  facet normal 0 0 1
    outer loop
      vertex 9.87675 -13.3866 6
      vertex 10.8532 -12.6079 6
      vertex 10.7489 -12.3719 6
    endloop
  endfacet
  facet normal 0 0 1
    outer loop
      vertex 9.6698 -13.2324 6
      vertex 10.7489 -12.3719 6
      vertex 10.6527 -12.182 6
    endloop
  endfacet
  facet normal 0 0 1
    outer loop
      vertex 9.50609 -13.0963 6
      vertex 10.6527 -12.182 6
      vertex 10.569 -12.0366 6
    endloop
  endfacet
  facet normal 0 0 1
    outer loop
      vertex 9.38301 -12.9824 6
      vertex 10.569 -12.0366 6
      vertex 10.5023 -11.9338 6
    endloop
  endfacet
  facet normal 0 0 1
    outer loop
      vertex 10.454 -11.868 6
      vertex 10.5023 -11.9338 6
      vertex 10.4569 -11.8712 6
    endloop
  endfacet
  facet normal 0 0 1
    outer loop
      vertex 10.5023 -11.9338 6
      vertex 10.454 -11.868 6
      vertex 9.29764 -12.8945 6
    endloop
  endfacet
  facet normal 0 0 1
    outer loop
      vertex 10.6527 12.182 6
      vertex 9.50609 13.0963 6
      vertex 10.569 12.0366 6
    endloop
  endfacet
  facet normal 0 0 1
    outer loop
      vertex 11.1662 -13.6042 6
      vertex 10.4293 -13.7317 6
      vertex 10.7784 -13.9135 6
    endloop
  endfacet
  facet normal 0 0 1
    outer loop
      vertex 14.568 -6.15685 6
      vertex 3.62523 -1.69047 6
      vertex 13.8943 -7.54973 6
    endloop
  endfacet
  facet normal -0 0 1
    outer loop
      vertex 9.38301 12.9824 6
      vertex 10.569 12.0366 6
      vertex 9.50609 13.0963 6
    endloop
  endfacet
  facet normal -0 0 1
    outer loop
      vertex 3.4641 -2 6
      vertex 13.8943 -7.54973 6
      vertex 3.62523 -1.69047 6
    endloop
  endfacet
  facet normal 0 0 1
    outer loop
      vertex 10.569 12.0366 6
      vertex 9.38301 12.9824 6
      vertex 10.5023 11.9338 6
    endloop
  endfacet
  facet normal 0 0 1
    outer loop
      vertex 13.8943 -7.54973 6
      vertex 3.4641 -2 6
      vertex 13.4877 -8.25934 6
    endloop
  endfacet
  facet normal -0 0 1
    outer loop
      vertex 9.29764 12.8945 6
      vertex 10.5023 11.9338 6
      vertex 9.38301 12.9824 6
    endloop
  endfacet
  facet normal 0 -0 1
    outer loop
      vertex 9.29764 -12.8945 6
      vertex 10.454 -11.868 6
      vertex 9.24261 -12.8306 6
    endloop
  endfacet
  facet normal 0 -0 1
    outer loop
      vertex 10.4522 11.866 6
      vertex 10.5023 11.9338 6
      vertex 9.29764 12.8945 6
    endloop
  endfacet
  facet normal 0 0 1
    outer loop
      vertex 2.57115 3.06418 6
      vertex 10.4522 11.866 6
      vertex 9.24419 12.8327 6
    endloop
  endfacet
  facet normal 0 0 1
    outer loop
      vertex 10.5023 11.9338 6
      vertex 10.4522 11.866 6
      vertex 10.4569 11.8712 6
    endloop
  endfacet
  facet normal 0 0 1
    outer loop
      vertex 10.8532 -12.6079 6
      vertex 9.87675 -13.3866 6
      vertex 10.1293 -13.5545 6
    endloop
  endfacet
  facet normal 0 0 1
    outer loop
      vertex 10.4522 11.866 6
      vertex 9.29764 12.8945 6
      vertex 9.24419 12.8327 6
    endloop
  endfacet
  facet normal 0 0 1
    outer loop
      vertex 10.6527 -12.182 6
      vertex 9.50609 -13.0963 6
      vertex 9.6698 -13.2324 6
    endloop
  endfacet
  facet normal 0 0 1
    outer loop
      vertex 9.24419 12.8327 6
      vertex 9.29764 12.8945 6
      vertex 9.24672 12.8363 6
    endloop
  endfacet
  facet normal 0 0 1
    outer loop
      vertex 10.569 -12.0366 6
      vertex 9.38301 -12.9824 6
      vertex 9.50609 -13.0963 6
    endloop
  endfacet
  facet normal 0 0 1
    outer loop
      vertex 10.5023 -11.9338 6
      vertex 9.29764 -12.8945 6
      vertex 9.38301 -12.9824 6
    endloop
  endfacet
  facet normal 0 0 1
    outer loop
      vertex 9.29764 -12.8945 6
      vertex 9.24261 -12.8306 6
      vertex 9.24672 -12.8363 6
    endloop
  endfacet
  facet normal 0 0 1
    outer loop
      vertex 10.7489 -12.3719 6
      vertex 9.6698 -13.2324 6
      vertex 9.87675 -13.3866 6
    endloop
  endfacet
  facet normal 0 0 1
    outer loop
      vertex 2.2943 3.27661 6
      vertex 9.24419 12.8327 6
      vertex 8.56694 13.2913 6
    endloop
  endfacet
  facet normal 0 0 1
    outer loop
      vertex 8.26619 -15.1328 6
      vertex 8.97224 -14.7251 6
      vertex 8.91693 -14.3811 6
    endloop
  endfacet
  facet normal 0 0 1
    outer loop
      vertex 7.99593 -14.9128 6
      vertex 8.91693 -14.3811 6
      vertex 8.85286 -14.0847 6
    endloop
  endfacet
  facet normal 0 0 1
    outer loop
      vertex 7.77127 -14.7092 6
      vertex 8.85286 -14.0847 6
      vertex 8.78496 -13.8357 6
    endloop
  endfacet
  facet normal 0 0 1
    outer loop
      vertex 7.5896 -14.5259 6
      vertex 8.78496 -13.8357 6
      vertex 8.71808 -13.6336 6
    endloop
  endfacet
  facet normal 0 0 1
    outer loop
      vertex 7.448 -14.3669 6
      vertex 8.71808 -13.6336 6
      vertex 8.65698 -13.4774 6
    endloop
  endfacet
  facet normal 0 0 1
    outer loop
      vertex 7.34328 -14.2359 6
      vertex 8.65698 -13.4774 6
      vertex 8.60635 -13.3658 6
    endloop
  endfacet
  facet normal 0 0 1
    outer loop
      vertex 8.91693 -14.3811 6
      vertex 7.99593 -14.9128 6
      vertex 8.26619 -15.1328 6
    endloop
  endfacet
  facet normal 0 0 1
    outer loop
      vertex 8.56839 -13.2935 6
      vertex 8.60635 -13.3658 6
      vertex 8.57074 -13.2971 6
    endloop
  endfacet
  facet normal 0 0 1
    outer loop
      vertex 8.60635 -13.3658 6
      vertex 8.56839 -13.2935 6
      vertex 7.27196 -14.1362 6
    endloop
  endfacet
  facet normal 0 0 1
    outer loop
      vertex 8.71808 13.6336 6
      vertex 7.448 14.3669 6
      vertex 8.65698 13.4774 6
    endloop
  endfacet
  facet normal 0 0 1
    outer loop
      vertex 10.9607 -12.8915 6
      vertex 10.1293 -13.5545 6
      vertex 10.4293 -13.7317 6
    endloop
  endfacet
  facet normal -0 0 1
    outer loop
      vertex 3.27661 -2.2943 6
      vertex 13.4877 -8.25934 6
      vertex 3.4641 -2 6
    endloop
  endfacet
  facet normal -0 0 1
    outer loop
      vertex 7.34328 14.2359 6
      vertex 8.65698 13.4774 6
      vertex 7.448 14.3669 6
    endloop
  endfacet
  facet normal 0 0 1
    outer loop
      vertex 13.4877 -8.25934 6
      vertex 3.27661 -2.2943 6
      vertex 12.6139 -9.53624 6
    endloop
  endfacet
  facet normal 0 0 1
    outer loop
      vertex 8.65698 13.4774 6
      vertex 7.34328 14.2359 6
      vertex 8.60635 13.3658 6
    endloop
  endfacet
  facet normal -0 0 1
    outer loop
      vertex 3.06418 -2.57115 6
      vertex 12.6139 -9.53624 6
      vertex 3.27661 -2.2943 6
    endloop
  endfacet
  facet normal -0 0 1
    outer loop
      vertex 7.27196 14.1362 6
      vertex 8.60635 13.3658 6
      vertex 7.34328 14.2359 6
    endloop
  endfacet
  facet normal 0 0 1
    outer loop
      vertex 12.6139 -9.53624 6
      vertex 3.06418 -2.57115 6
      vertex 12.106 -10.1773 6
    endloop
  endfacet
  facet normal 0 -0 1
    outer loop
      vertex 8.56694 13.2913 6
      vertex 8.60635 13.3658 6
      vertex 7.27196 14.1362 6
    endloop
  endfacet
  facet normal 0 0 1
    outer loop
      vertex 9.0139 -15.1165 6
      vertex 8.26619 -15.1328 6
      vertex 8.58434 -15.3645 6
    endloop
  endfacet
  facet normal 0 0 1
    outer loop
      vertex 8.60635 13.3658 6
      vertex 8.56694 13.2913 6
      vertex 8.57074 13.2971 6
    endloop
  endfacet
  facet normal 0 0 1
    outer loop
      vertex 8.97224 -14.7251 6
      vertex 8.26619 -15.1328 6
      vertex 9.0139 -15.1165 6
    endloop
  endfacet
  facet normal 0 0 1
    outer loop
      vertex 8.56694 13.2913 6
      vertex 7.27196 14.1362 6
      vertex 7.22832 14.0672 6
    endloop
  endfacet
  facet normal 0 0 1
    outer loop
      vertex 8.85286 -14.0847 6
      vertex 7.77127 -14.7092 6
      vertex 7.99593 -14.9128 6
    endloop
  endfacet
  facet normal 0 0 1
    outer loop
      vertex 7.22832 14.0672 6
      vertex 7.27196 14.1362 6
      vertex 7.2303 14.0711 6
    endloop
  endfacet
  facet normal 0 0 1
    outer loop
      vertex 8.78496 -13.8357 6
      vertex 7.5896 -14.5259 6
      vertex 7.77127 -14.7092 6
    endloop
  endfacet
  facet normal 0 0 1
    outer loop
      vertex 2 3.4641 6
      vertex 8.56694 13.2913 6
      vertex 7.22832 14.0672 6
    endloop
  endfacet
  facet normal 0 0 1
    outer loop
      vertex 8.65698 -13.4774 6
      vertex 7.34328 -14.2359 6
      vertex 7.448 -14.3669 6
    endloop
  endfacet
  facet normal 0 0 1
    outer loop
      vertex 7.27196 -14.1362 6
      vertex 7.22708 -14.0648 6
      vertex 7.2303 -14.0711 6
    endloop
  endfacet
  facet normal 0 0 1
    outer loop
      vertex 1.69047 3.62523 6
      vertex 7.22832 14.0672 6
      vertex 6.4903 14.4196 6
    endloop
  endfacet
  facet normal 0 0 1
    outer loop
      vertex 5.91844 -16.1957 6
      vertex 6.67737 -15.8979 6
      vertex 6.67393 -15.5495 6
    endloop
  endfacet
  facet normal 0 0 1
    outer loop
      vertex 5.68398 -15.938 6
      vertex 6.67393 -15.5495 6
      vertex 6.65475 -15.2468 6
    endloop
  endfacet
  facet normal 0 0 1
    outer loop
      vertex 5.49219 -15.7031 6
      vertex 6.65475 -15.2468 6
      vertex 6.62473 -14.9905 6
    endloop
  endfacet
  facet normal 0 0 1
    outer loop
      vertex 5.33986 -15.4948 6
      vertex 6.62473 -14.9905 6
      vertex 6.58871 -14.7807 6
    endloop
  endfacet
  facet normal 0 0 1
    outer loop
      vertex 5.22354 -15.3165 6
      vertex 6.58871 -14.7807 6
      vertex 6.55159 -14.6171 6
    endloop
  endfacet
  facet normal 0 0 1
    outer loop
      vertex 5.13951 -15.1713 6
      vertex 6.55159 -14.6171 6
      vertex 6.51816 -14.4993 6
    endloop
  endfacet
  facet normal 0 0 1
    outer loop
      vertex 6.49139 -14.4221 6
      vertex 6.51816 -14.4993 6
      vertex 6.49318 -14.426 6
    endloop
  endfacet
  facet normal 0 0 1
    outer loop
      vertex 6.51816 -14.4993 6
      vertex 6.49139 -14.4221 6
      vertex 5.08383 -15.0622 6
    endloop
  endfacet
  facet normal -0 0 1
    outer loop
      vertex 5.49219 15.7031 6
      vertex 6.65475 15.2468 6
      vertex 5.68398 15.938 6
    endloop
  endfacet
  facet normal 0 0 1
    outer loop
      vertex 6.67393 -15.5495 6
      vertex 5.68398 -15.938 6
      vertex 5.91844 -16.1957 6
    endloop
  endfacet
  facet normal 0 0 1
    outer loop
      vertex 8.60635 -13.3658 6
      vertex 7.27196 -14.1362 6
      vertex 7.34328 -14.2359 6
    endloop
  endfacet
  facet normal 0 0 1
    outer loop
      vertex 6.58871 14.7807 6
      vertex 5.22354 15.3165 6
      vertex 6.55159 14.6171 6
    endloop
  endfacet
  facet normal 0 0 1
    outer loop
      vertex 8.71808 -13.6336 6
      vertex 7.448 -14.3669 6
      vertex 7.5896 -14.5259 6
    endloop
  endfacet
  facet normal -0 0 1
    outer loop
      vertex 5.13951 15.1713 6
      vertex 6.55159 14.6171 6
      vertex 5.22354 15.3165 6
    endloop
  endfacet
  facet normal 0 -0 1
    outer loop
      vertex 7.27196 -14.1362 6
      vertex 8.56839 -13.2935 6
      vertex 7.22708 -14.0648 6
    endloop
  endfacet
  facet normal 0 0 1
    outer loop
      vertex 6.55159 14.6171 6
      vertex 5.13951 15.1713 6
      vertex 6.51816 14.4993 6
    endloop
  endfacet
  facet normal 0 0 1
    outer loop
      vertex 12.106 -10.1773 6
      vertex 3.06418 -2.57115 6
      vertex 11.0517 -11.3097 6
    endloop
  endfacet
  facet normal -0 0 1
    outer loop
      vertex 5.08383 15.0622 6
      vertex 6.51816 14.4993 6
      vertex 5.13951 15.1713 6
    endloop
  endfacet
  facet normal -0 0 1
    outer loop
      vertex 2.82843 -2.82843 6
      vertex 11.0517 -11.3097 6
      vertex 3.06418 -2.57115 6
    endloop
  endfacet
  facet normal 0 -0 1
    outer loop
      vertex 6.4903 14.4196 6
      vertex 6.51816 14.4993 6
      vertex 5.08383 15.0622 6
    endloop
  endfacet
  facet normal 0 0 1
    outer loop
      vertex 11.0517 -11.3097 6
      vertex 2.82843 -2.82843 6
      vertex 10.454 -11.868 6
    endloop
  endfacet
  facet normal 0 0 1
    outer loop
      vertex 6.51816 14.4993 6
      vertex 6.4903 14.4196 6
      vertex 6.49318 14.426 6
    endloop
  endfacet
  facet normal 0 -0 1
    outer loop
      vertex 5.08383 -15.0622 6
      vertex 6.49139 -14.4221 6
      vertex 5.05011 -14.9849 6
    endloop
  endfacet
  facet normal 0 0 1
    outer loop
      vertex 6.4903 14.4196 6
      vertex 5.08383 15.0622 6
      vertex 5.05096 14.9874 6
    endloop
  endfacet
  facet normal 0 0 1
    outer loop
      vertex 6.66023 -16.2911 6
      vertex 5.91844 -16.1957 6
      vertex 6.19849 -16.4724 6
    endloop
  endfacet
  facet normal 0 0 1
    outer loop
      vertex 5.05096 14.9874 6
      vertex 5.08383 15.0622 6
      vertex 5.05235 14.9915 6
    endloop
  endfacet
  facet normal 0 0 1
    outer loop
      vertex 6.67737 -15.8979 6
      vertex 5.91844 -16.1957 6
      vertex 6.66023 -16.2911 6
    endloop
  endfacet
  facet normal 0 0 1
    outer loop
      vertex 1.36808 3.75877 6
      vertex 6.4903 14.4196 6
      vertex 5.05096 14.9874 6
    endloop
  endfacet
  facet normal 0 0 1
    outer loop
      vertex 6.65475 -15.2468 6
      vertex 5.49219 -15.7031 6
      vertex 5.68398 -15.938 6
    endloop
  endfacet
  facet normal 0 0 1
    outer loop
      vertex 6.58871 -14.7807 6
      vertex 5.22354 -15.3165 6
      vertex 5.33986 -15.4948 6
    endloop
  endfacet
  facet normal 0 0 1
    outer loop
      vertex 1.36808 3.75877 6
      vertex 5.05096 14.9874 6
      vertex 4.26868 15.2259 6
    endloop
  endfacet
  facet normal 0 0 1
    outer loop
      vertex 2.97084 -16.1176 6
      vertex 4.31651 -15.8105 6
      vertex 4.31218 -15.5976 6
    endloop
  endfacet
  facet normal 0 0 1
    outer loop
      vertex 2.8824 -15.9239 6
      vertex 4.31218 -15.5976 6
      vertex 4.29984 -15.4303 6
    endloop
  endfacet
  facet normal 0 0 1
    outer loop
      vertex 2.82094 -15.7679 6
      vertex 4.29984 -15.4303 6
      vertex 4.28435 -15.3088 6
    endloop
  endfacet
  facet normal 0 0 1
    outer loop
      vertex 4.31651 -15.8105 6
      vertex 2.97084 -16.1176 6
      vertex 4.30801 -16.0684 6
    endloop
  endfacet
  facet normal 0 0 1
    outer loop
      vertex 4.26939 -15.2285 6
      vertex 4.28435 -15.3088 6
      vertex 4.27057 -15.2327 6
    endloop
  endfacet
  facet normal 0 0 1
    outer loop
      vertex 4.28435 -15.3088 6
      vertex 4.26939 -15.2285 6
      vertex 2.78215 -15.6517 6
    endloop
  endfacet
  facet normal 0 0 1
    outer loop
      vertex 4.30801 16.0684 6
      vertex 3.09042 16.3463 6
      vertex 2.97084 16.1176 6
    endloop
  endfacet
  facet normal 0 -0 1
    outer loop
      vertex 3.09042 -16.3463 6
      vertex 4.30801 -16.0684 6
      vertex 2.97084 -16.1176 6
    endloop
  endfacet
  facet normal 0 0 1
    outer loop
      vertex 6.55159 -14.6171 6
      vertex 5.13951 -15.1713 6
      vertex 5.22354 -15.3165 6
    endloop
  endfacet
  facet normal -0 0 1
    outer loop
      vertex 3.43849 16.8969 6
      vertex 4.23332 16.7155 6
      vertex 4.15778 17.1018 6
    endloop
  endfacet
  facet normal 0 0 1
    outer loop
      vertex 5.08383 -15.0622 6
      vertex 5.05011 -14.9849 6
      vertex 5.05235 -14.9915 6
    endloop
  endfacet
  facet normal 0 0 1
    outer loop
      vertex 6.51816 -14.4993 6
      vertex 5.08383 -15.0622 6
      vertex 5.13951 -15.1713 6
    endloop
  endfacet
  facet normal 0 0 1
    outer loop
      vertex 15.7967 0.773697 6
      vertex 3.98478 0.348622 6
      vertex 4 0 6
    endloop
  endfacet
  facet normal 0 0 1
    outer loop
      vertex 15.7329 1.58905 6
      vertex 3.93923 0.694592 6
      vertex 3.98478 0.348622 6
    endloop
  endfacet
  facet normal 0 0 1
    outer loop
      vertex 15.3204 3.91617 6
      vertex 3.8637 1.03528 6
      vertex 3.93923 0.694592 6
    endloop
  endfacet
  facet normal 0 0 1
    outer loop
      vertex 14.8669 5.39548 6
      vertex 3.75877 1.36808 6
      vertex 3.8637 1.03528 6
    endloop
  endfacet
  facet normal 0 0 1
    outer loop
      vertex 3.43849 16.8969 6
      vertex 4.15778 17.1018 6
      vertex 3.67418 17.2122 6
    endloop
  endfacet
  facet normal 0 0 1
    outer loop
      vertex 14.5656 6.15581 6
      vertex 3.62523 1.69047 6
      vertex 3.75877 1.36808 6
    endloop
  endfacet
  facet normal 0 0 1
    outer loop
      vertex 13.8966 7.55101 6
      vertex 3.4641 2 6
      vertex 3.62523 1.69047 6
    endloop
  endfacet
  facet normal 0 0 1
    outer loop
      vertex 4.23332 16.7155 6
      vertex 3.43849 16.8969 6
      vertex 3.24506 16.6071 6
    endloop
  endfacet
  facet normal 0 0 1
    outer loop
      vertex 1.03528 3.8637 6
      vertex 4.26868 15.2259 6
      vertex 2.76079 15.5728 6
    endloop
  endfacet
  facet normal 0 0 1
    outer loop
      vertex 4.28186 16.3705 6
      vertex 3.24506 16.6071 6
      vertex 3.09042 16.3463 6
    endloop
  endfacet
  facet normal 0 0 1
    outer loop
      vertex 4.29984 15.4303 6
      vertex 2.82094 15.7679 6
      vertex 4.28435 15.3088 6
    endloop
  endfacet
  facet normal 0 0 1
    outer loop
      vertex 13.4854 8.25793 6
      vertex 3.27661 2.2943 6
      vertex 3.4641 2 6
    endloop
  endfacet
  facet normal -0 0 1
    outer loop
      vertex 2.78215 15.6517 6
      vertex 4.28435 15.3088 6
      vertex 2.82094 15.7679 6
    endloop
  endfacet
  facet normal 0 -0 1
    outer loop
      vertex 4.26868 15.2259 6
      vertex 4.28435 15.3088 6
      vertex 2.78215 15.6517 6
    endloop
  endfacet
  facet normal 0 0 1
    outer loop
      vertex 12.616 9.53786 6
      vertex 3.06418 2.57115 6
      vertex 3.27661 2.2943 6
    endloop
  endfacet
  facet normal 0 0 1
    outer loop
      vertex 4.28435 15.3088 6
      vertex 4.26868 15.2259 6
      vertex 4.27057 15.2327 6
    endloop
  endfacet
  facet normal 0 0 1
    outer loop
      vertex 4.26868 15.2259 6
      vertex 2.78215 15.6517 6
      vertex 2.76079 15.5728 6
    endloop
  endfacet
  facet normal 0 0 1
    outer loop
      vertex 2.76079 15.5728 6
      vertex 2.78215 15.6517 6
      vertex 2.76155 15.5771 6
    endloop
  endfacet
  facet normal 0 0 1
    outer loop
      vertex 12.104 10.1756 6
      vertex 2.82843 2.82843 6
      vertex 3.06418 2.57115 6
    endloop
  endfacet
  facet normal 0 0 1
    outer loop
      vertex 10.4522 11.866 6
      vertex 2.57115 3.06418 6
      vertex 2.82843 2.82843 6
    endloop
  endfacet
  facet normal 0 0 1
    outer loop
      vertex 9.24419 12.8327 6
      vertex 2.2943 3.27661 6
      vertex 2.57115 3.06418 6
    endloop
  endfacet
  facet normal 0 0 1
    outer loop
      vertex 8.56694 13.2913 6
      vertex 2 3.4641 6
      vertex 2.2943 3.27661 6
    endloop
  endfacet
  facet normal 0 0 1
    outer loop
      vertex 0.694592 3.93923 6
      vertex 2.76079 15.5728 6
      vertex 1.95169 15.692 6
    endloop
  endfacet
  facet normal 0 0 1
    outer loop
      vertex 0.41832 15.8915 6
      vertex 1.95204 15.8988 6
      vertex 0.439346 16.0122 6
    endloop
  endfacet
  facet normal -0 0 1
    outer loop
      vertex 0.476852 16.1757 6
      vertex 1.93932 16.0661 6
      vertex 1.91188 16.2772 6
    endloop
  endfacet
  facet normal -0 0 1
    outer loop
      vertex 0.535461 16.3804 6
      vertex 1.91188 16.2772 6
      vertex 1.86502 16.531 6
    endloop
  endfacet
  facet normal -0 0 1
    outer loop
      vertex 0.619614 16.6243 6
      vertex 1.86502 16.531 6
      vertex 1.79414 16.8258 6
    endloop
  endfacet
  facet normal -0 0 1
    outer loop
      vertex 0.733643 16.9053 6
      vertex 1.79414 16.8258 6
      vertex 1.69472 17.1598 6
    endloop
  endfacet
  facet normal 0 0 1
    outer loop
      vertex 0.348622 3.98478 6
      vertex 1.95169 15.692 6
      vertex 0.408951 15.8103 6
    endloop
  endfacet
  facet normal -0 0 1
    outer loop
      vertex 0.881729 17.2207 6
      vertex 1.69472 17.1598 6
      vertex 1.56244 17.5305 6
    endloop
  endfacet
  facet normal 0 0 1
    outer loop
      vertex 7.22832 14.0672 6
      vertex 1.69047 3.62523 6
      vertex 2 3.4641 6
    endloop
  endfacet
  facet normal 0 0 1
    outer loop
      vertex 0.881729 17.2207 6
      vertex 1.56244 17.5305 6
      vertex 1.06779 17.5676 6
    endloop
  endfacet
  facet normal 0 0 1
    outer loop
      vertex 6.4903 14.4196 6
      vertex 1.36808 3.75877 6
      vertex 1.69047 3.62523 6
    endloop
  endfacet
  facet normal 0 0 1
    outer loop
      vertex 1.69472 17.1598 6
      vertex 0.881729 17.2207 6
      vertex 0.733643 16.9053 6
    endloop
  endfacet
  facet normal 0 0 1
    outer loop
      vertex 1.79414 16.8258 6
      vertex 0.733643 16.9053 6
      vertex 0.619614 16.6243 6
    endloop
  endfacet
  facet normal 0 0 1
    outer loop
      vertex 4.26868 15.2259 6
      vertex 1.03528 3.8637 6
      vertex 1.36808 3.75877 6
    endloop
  endfacet
  facet normal 0 0 1
    outer loop
      vertex 1.86502 16.531 6
      vertex 0.619614 16.6243 6
      vertex 0.535461 16.3804 6
    endloop
  endfacet
  facet normal 0 0 1
    outer loop
      vertex 1.91188 16.2772 6
      vertex 0.535461 16.3804 6
      vertex 0.476852 16.1757 6
    endloop
  endfacet
  facet normal 0 0 1
    outer loop
      vertex 1.93932 16.0661 6
      vertex 0.476852 16.1757 6
      vertex 0.439346 16.0122 6
    endloop
  endfacet
  facet normal 0 0 1
    outer loop
      vertex 1.95485 15.7764 6
      vertex 0.41832 15.8915 6
      vertex 1.95169 15.692 6
    endloop
  endfacet
  facet normal 0 0 1
    outer loop
      vertex 1.95169 15.692 6
      vertex 0.41832 15.8915 6
      vertex 0.408951 15.8103 6
    endloop
  endfacet
  facet normal 0 0 1
    outer loop
      vertex 0.408951 15.8103 6
      vertex 0.41832 15.8915 6
      vertex 0.409058 15.8147 6
    endloop
  endfacet
  facet normal 0 0 1
    outer loop
      vertex 2.76079 15.5728 6
      vertex 0.694592 3.93923 6
      vertex 1.03528 3.8637 6
    endloop
  endfacet
  facet normal 0 0 1
    outer loop
      vertex 1.95169 15.692 6
      vertex 0.348622 3.98478 6
      vertex 0.694592 3.93923 6
    endloop
  endfacet
  facet normal 0 0 1
    outer loop
      vertex 0.408951 15.8103 6
      vertex 0 4 6
      vertex 0.348622 3.98478 6
    endloop
  endfacet
  facet normal -0 0 1
    outer loop
      vertex -0.408875 15.8077 6
      vertex 0 4 6
      vertex 0.408951 15.8103 6
    endloop
  endfacet
  facet normal 0 0 1
    outer loop
      vertex 0 4 6
      vertex -0.408875 15.8077 6
      vertex -0.348622 3.98478 6
    endloop
  endfacet
  facet normal 0 0 1
    outer loop
      vertex -0.41832 15.8915 6
      vertex -0.408875 15.8077 6
      vertex -0.409058 15.8147 6
    endloop
  endfacet
  facet normal 0 0 1
    outer loop
      vertex -0.408875 15.8077 6
      vertex -0.41832 15.8915 6
      vertex -1.95203 15.6947 6
    endloop
  endfacet
  facet normal 0 0 1
    outer loop
      vertex -1.95485 15.7764 6
      vertex -0.41832 15.8915 6
      vertex -0.439346 16.0122 6
    endloop
  endfacet
  facet normal 0 0 1
    outer loop
      vertex -1.95204 15.8988 6
      vertex -0.439346 16.0122 6
      vertex -0.476852 16.1757 6
    endloop
  endfacet
  facet normal 0 0 1
    outer loop
      vertex -1.93932 16.0661 6
      vertex -0.476852 16.1757 6
      vertex -0.535461 16.3804 6
    endloop
  endfacet
  facet normal 0 0 1
    outer loop
      vertex -1.91188 16.2772 6
      vertex -0.535461 16.3804 6
      vertex -0.619614 16.6243 6
    endloop
  endfacet
  facet normal 0 0 1
    outer loop
      vertex -0.408875 15.8077 6
      vertex -1.95203 15.6947 6
      vertex -0.348622 3.98478 6
    endloop
  endfacet
  facet normal 0 0 1
    outer loop
      vertex -1.86502 16.531 6
      vertex -0.619614 16.6243 6
      vertex -0.733643 16.9053 6
    endloop
  endfacet
  facet normal 0 0 1
    outer loop
      vertex -1.79414 16.8258 6
      vertex -0.733643 16.9053 6
      vertex -0.881729 17.2207 6
    endloop
  endfacet
  facet normal 0 0 1
    outer loop
      vertex -0.348622 3.98478 6
      vertex -1.95203 15.6947 6
      vertex -0.694592 3.93923 6
    endloop
  endfacet
  facet normal 0 0 1
    outer loop
      vertex -1.69472 17.1598 6
      vertex -0.881729 17.2207 6
      vertex -1.06779 17.5676 6
    endloop
  endfacet
  facet normal -0 0 1
    outer loop
      vertex -2.76033 15.5702 6
      vertex -0.694592 3.93923 6
      vertex -1.95203 15.6947 6
    endloop
  endfacet
  facet normal 0 0 1
    outer loop
      vertex -1.69472 17.1598 6
      vertex -1.06779 17.5676 6
      vertex -1.56244 17.5305 6
    endloop
  endfacet
  facet normal 0 0 1
    outer loop
      vertex -0.694592 3.93923 6
      vertex -2.76033 15.5702 6
      vertex -1.03528 3.8637 6
    endloop
  endfacet
  facet normal 0 0 1
    outer loop
      vertex -0.881729 17.2207 6
      vertex -1.69472 17.1598 6
      vertex -1.79414 16.8258 6
    endloop
  endfacet
  facet normal 0 0 1
    outer loop
      vertex -0.733643 16.9053 6
      vertex -1.79414 16.8258 6
      vertex -1.86502 16.531 6
    endloop
  endfacet
  facet normal 0 0 1
    outer loop
      vertex -0.619614 16.6243 6
      vertex -1.86502 16.531 6
      vertex -1.91188 16.2772 6
    endloop
  endfacet
  facet normal 0 0 1
    outer loop
      vertex -0.535461 16.3804 6
      vertex -1.91188 16.2772 6
      vertex -1.93932 16.0661 6
    endloop
  endfacet
  facet normal 0 0 1
    outer loop
      vertex -0.476852 16.1757 6
      vertex -1.93932 16.0661 6
      vertex -1.95204 15.8988 6
    endloop
  endfacet
  facet normal -0 0 1
    outer loop
      vertex -4.26939 15.2285 6
      vertex -1.03528 3.8637 6
      vertex -2.76033 15.5702 6
    endloop
  endfacet
  facet normal -0 0 1
    outer loop
      vertex -5.05011 14.9849 6
      vertex -1.03528 3.8637 6
      vertex -4.26939 15.2285 6
    endloop
  endfacet
  facet normal 0 0 1
    outer loop
      vertex -1.03528 3.8637 6
      vertex -5.05011 14.9849 6
      vertex -1.36808 3.75877 6
    endloop
  endfacet
  facet normal -0 0 1
    outer loop
      vertex -6.49139 14.4221 6
      vertex -1.36808 3.75877 6
      vertex -5.05011 14.9849 6
    endloop
  endfacet
  facet normal 0 0 1
    outer loop
      vertex -1.36808 3.75877 6
      vertex -6.49139 14.4221 6
      vertex -1.69047 3.62523 6
    endloop
  endfacet
  facet normal 0 0 1
    outer loop
      vertex -2.78215 15.6517 6
      vertex -2.76033 15.5702 6
      vertex -2.76155 15.5771 6
    endloop
  endfacet
  facet normal 0 0 1
    outer loop
      vertex -2.76033 15.5702 6
      vertex -2.78215 15.6517 6
      vertex -4.26939 15.2285 6
    endloop
  endfacet
  facet normal 0 0 1
    outer loop
      vertex -4.28435 15.3088 6
      vertex -2.78215 15.6517 6
      vertex -2.82094 15.7679 6
    endloop
  endfacet
  facet normal -0 0 1
    outer loop
      vertex -7.22708 14.0648 6
      vertex -1.69047 3.62523 6
      vertex -6.49139 14.4221 6
    endloop
  endfacet
  facet normal 0 0 1
    outer loop
      vertex -4.29984 15.4303 6
      vertex -2.82094 15.7679 6
      vertex -2.8824 15.9239 6
    endloop
  endfacet
  facet normal 0 0 1
    outer loop
      vertex -4.31218 15.5976 6
      vertex -2.8824 15.9239 6
      vertex -2.97084 16.1176 6
    endloop
  endfacet
  facet normal 0 0 1
    outer loop
      vertex -1.69047 3.62523 6
      vertex -7.22708 14.0648 6
      vertex -2 3.4641 6
    endloop
  endfacet
  facet normal 0 0 1
    outer loop
      vertex -4.31651 15.8105 6
      vertex -2.97084 16.1176 6
      vertex -3.09042 16.3463 6
    endloop
  endfacet
  facet normal 0 0 1
    outer loop
      vertex -4.30801 16.0684 6
      vertex -3.09042 16.3463 6
      vertex -3.24506 16.6071 6
    endloop
  endfacet
  facet normal -0 0 1
    outer loop
      vertex -8.56839 13.2935 6
      vertex -2 3.4641 6
      vertex -7.22708 14.0648 6
    endloop
  endfacet
  facet normal 0 0 1
    outer loop
      vertex -4.28186 16.3705 6
      vertex -3.24506 16.6071 6
      vertex -3.43849 16.8969 6
    endloop
  endfacet
  facet normal 0 0 1
    outer loop
      vertex -2 3.4641 6
      vertex -8.56839 13.2935 6
      vertex -2.2943 3.27661 6
    endloop
  endfacet
  facet normal -0 0 1
    outer loop
      vertex -9.24261 12.8306 6
      vertex -2.2943 3.27661 6
      vertex -8.56839 13.2935 6
    endloop
  endfacet
  facet normal 0 0 1
    outer loop
      vertex -4.23332 16.7155 6
      vertex -3.43849 16.8969 6
      vertex -3.67418 17.2122 6
    endloop
  endfacet
  facet normal 0 0 1
    outer loop
      vertex -2.2943 3.27661 6
      vertex -9.24261 12.8306 6
      vertex -2.57115 3.06418 6
    endloop
  endfacet
  facet normal -0 0 1
    outer loop
      vertex -10.454 11.868 6
      vertex -2.57115 3.06418 6
      vertex -9.24261 12.8306 6
    endloop
  endfacet
  facet normal 0 0 1
    outer loop
      vertex -2.57115 3.06418 6
      vertex -10.454 11.868 6
      vertex -2.82843 2.82843 6
    endloop
  endfacet
  facet normal -0 0 1
    outer loop
      vertex -11.0517 11.3097 6
      vertex -2.82843 2.82843 6
      vertex -10.454 11.868 6
    endloop
  endfacet
  facet normal 0 0 1
    outer loop
      vertex -2.82843 2.82843 6
      vertex -11.0517 11.3097 6
      vertex -3.06418 2.57115 6
    endloop
  endfacet
  facet normal 0 0 1
    outer loop
      vertex -4.23332 16.7155 6
      vertex -3.67418 17.2122 6
      vertex -4.15778 17.1018 6
    endloop
  endfacet
  facet normal 0 0 1
    outer loop
      vertex 6.62473 -14.9905 6
      vertex 5.33986 -15.4948 6
      vertex 5.49219 -15.7031 6
    endloop
  endfacet
  facet normal -0 0 1
    outer loop
      vertex 2.57115 -3.06418 6
      vertex 10.454 -11.868 6
      vertex 2.82843 -2.82843 6
    endloop
  endfacet
  facet normal 0 0 1
    outer loop
      vertex 10.454 -11.868 6
      vertex 2.57115 -3.06418 6
      vertex 9.24261 -12.8306 6
    endloop
  endfacet
  facet normal -0 0 1
    outer loop
      vertex 2.2943 -3.27661 6
      vertex 9.24261 -12.8306 6
      vertex 2.57115 -3.06418 6
    endloop
  endfacet
  facet normal 0 0 1
    outer loop
      vertex 9.24261 -12.8306 6
      vertex 2.2943 -3.27661 6
      vertex 8.56839 -13.2935 6
    endloop
  endfacet
  facet normal -0 0 1
    outer loop
      vertex 2 -3.4641 6
      vertex 8.56839 -13.2935 6
      vertex 2.2943 -3.27661 6
    endloop
  endfacet
  facet normal 0 0 1
    outer loop
      vertex 8.56839 -13.2935 6
      vertex 2 -3.4641 6
      vertex 7.22708 -14.0648 6
    endloop
  endfacet
  facet normal 0 0 1
    outer loop
      vertex 4.30801 -16.0684 6
      vertex 3.09042 -16.3463 6
      vertex 4.28186 -16.3705 6
    endloop
  endfacet
  facet normal -0 0 1
    outer loop
      vertex 1.69047 -3.62523 6
      vertex 7.22708 -14.0648 6
      vertex 2 -3.4641 6
    endloop
  endfacet
  facet normal 0 0 1
    outer loop
      vertex 4.15778 -17.1018 6
      vertex 3.43849 -16.8969 6
      vertex 3.67418 -17.2122 6
    endloop
  endfacet
  facet normal 0 0 1
    outer loop
      vertex 4.23332 -16.7155 6
      vertex 3.43849 -16.8969 6
      vertex 4.15778 -17.1018 6
    endloop
  endfacet
  facet normal 0 0 1
    outer loop
      vertex 4.29984 -15.4303 6
      vertex 2.82094 -15.7679 6
      vertex 2.8824 -15.9239 6
    endloop
  endfacet
  facet normal 0 -0 1
    outer loop
      vertex 3.43849 -16.8969 6
      vertex 4.23332 -16.7155 6
      vertex 3.24506 -16.6071 6
    endloop
  endfacet
  facet normal 0 0 1
    outer loop
      vertex 4.28186 -16.3705 6
      vertex 3.24506 -16.6071 6
      vertex 4.23332 -16.7155 6
    endloop
  endfacet
  facet normal 0 -0 1
    outer loop
      vertex 2.78215 -15.6517 6
      vertex 4.26939 -15.2285 6
      vertex 2.76033 -15.5702 6
    endloop
  endfacet
  facet normal 0 -0 1
    outer loop
      vertex 3.24506 -16.6071 6
      vertex 4.28186 -16.3705 6
      vertex 3.09042 -16.3463 6
    endloop
  endfacet
  facet normal 0 0 1
    outer loop
      vertex 4.31218 -15.5976 6
      vertex 2.8824 -15.9239 6
      vertex 2.97084 -16.1176 6
    endloop
  endfacet
  facet normal 0 0 1
    outer loop
      vertex 4.28435 -15.3088 6
      vertex 2.78215 -15.6517 6
      vertex 2.82094 -15.7679 6
    endloop
  endfacet
  facet normal 0 0 1
    outer loop
      vertex 2.78215 -15.6517 6
      vertex 2.76033 -15.5702 6
      vertex 2.76155 -15.5771 6
    endloop
  endfacet
  facet normal 0 0 1
    outer loop
      vertex 7.22708 -14.0648 6
      vertex 1.69047 -3.62523 6
      vertex 6.49139 -14.4221 6
    endloop
  endfacet
  facet normal -0 0 1
    outer loop
      vertex 1.36808 -3.75877 6
      vertex 6.49139 -14.4221 6
      vertex 1.69047 -3.62523 6
    endloop
  endfacet
  facet normal 0 0 1
    outer loop
      vertex 6.49139 -14.4221 6
      vertex 1.36808 -3.75877 6
      vertex 5.05011 -14.9849 6
    endloop
  endfacet
  facet normal -0 0 1
    outer loop
      vertex 1.03528 -3.8637 6
      vertex 5.05011 -14.9849 6
      vertex 1.36808 -3.75877 6
    endloop
  endfacet
  facet normal 0 0 1
    outer loop
      vertex 5.05011 -14.9849 6
      vertex 1.03528 -3.8637 6
      vertex 4.26939 -15.2285 6
    endloop
  endfacet
  facet normal 0 0 1
    outer loop
      vertex 4.26939 -15.2285 6
      vertex 1.03528 -3.8637 6
      vertex 2.76033 -15.5702 6
    endloop
  endfacet
  facet normal -0 0 1
    outer loop
      vertex 0.694592 -3.93923 6
      vertex 2.76033 -15.5702 6
      vertex 1.03528 -3.8637 6
    endloop
  endfacet
  facet normal 0 0 1
    outer loop
      vertex 2.76033 -15.5702 6
      vertex 0.694592 -3.93923 6
      vertex 1.95203 -15.6947 6
    endloop
  endfacet
  facet normal 0 -0 1
    outer loop
      vertex 0.476852 -16.1757 6
      vertex 1.93932 -16.0661 6
      vertex 0.439346 -16.0122 6
    endloop
  endfacet
  facet normal 0 0 1
    outer loop
      vertex 1.95203 -15.6947 6
      vertex 0.439346 -16.0122 6
      vertex 1.93932 -16.0661 6
    endloop
  endfacet
  facet normal 0 0 1
    outer loop
      vertex 1.93932 -16.0661 6
      vertex 0.476852 -16.1757 6
      vertex 1.91188 -16.2772 6
    endloop
  endfacet
  facet normal 0 -0 1
    outer loop
      vertex 0.41832 -15.8915 6
      vertex 1.95203 -15.6947 6
      vertex 0.408875 -15.8077 6
    endloop
  endfacet
  facet normal 0 0 1
    outer loop
      vertex 1.91188 -16.2772 6
      vertex 0.535461 -16.3804 6
      vertex 1.86502 -16.531 6
    endloop
  endfacet
  facet normal 0 -0 1
    outer loop
      vertex 0.439346 -16.0122 6
      vertex 1.95203 -15.6947 6
      vertex 0.41832 -15.8915 6
    endloop
  endfacet
  facet normal 0 0 1
    outer loop
      vertex 1.86502 -16.531 6
      vertex 0.619614 -16.6243 6
      vertex 1.79414 -16.8258 6
    endloop
  endfacet
  facet normal 0 0 1
    outer loop
      vertex 1.56244 -17.5305 6
      vertex 0.881729 -17.2207 6
      vertex 1.06779 -17.5676 6
    endloop
  endfacet
  facet normal -0 0 1
    outer loop
      vertex 0.348622 -3.98478 6
      vertex 1.95203 -15.6947 6
      vertex 0.694592 -3.93923 6
    endloop
  endfacet
  facet normal 0 0 1
    outer loop
      vertex 1.69472 -17.1598 6
      vertex 0.881729 -17.2207 6
      vertex 1.56244 -17.5305 6
    endloop
  endfacet
  facet normal 0 -0 1
    outer loop
      vertex 0.881729 -17.2207 6
      vertex 1.69472 -17.1598 6
      vertex 0.733643 -16.9053 6
    endloop
  endfacet
  facet normal 0 0 1
    outer loop
      vertex 1.79414 -16.8258 6
      vertex 0.733643 -16.9053 6
      vertex 1.69472 -17.1598 6
    endloop
  endfacet
  facet normal 0 -0 1
    outer loop
      vertex 0.733643 -16.9053 6
      vertex 1.79414 -16.8258 6
      vertex 0.619614 -16.6243 6
    endloop
  endfacet
  facet normal 0 -0 1
    outer loop
      vertex 0.619614 -16.6243 6
      vertex 1.86502 -16.531 6
      vertex 0.535461 -16.3804 6
    endloop
  endfacet
  facet normal 0 -0 1
    outer loop
      vertex 0.535461 -16.3804 6
      vertex 1.91188 -16.2772 6
      vertex 0.476852 -16.1757 6
    endloop
  endfacet
  facet normal 0 0 1
    outer loop
      vertex 0.41832 -15.8915 6
      vertex 0.408875 -15.8077 6
      vertex 0.409058 -15.8147 6
    endloop
  endfacet
  facet normal 0 0 1
    outer loop
      vertex 1.95203 -15.6947 6
      vertex 0.348622 -3.98478 6
      vertex 0.408875 -15.8077 6
    endloop
  endfacet
  facet normal -0 0 1
    outer loop
      vertex 0 -4 6
      vertex 0.408875 -15.8077 6
      vertex 0.348622 -3.98478 6
    endloop
  endfacet
  facet normal 0 0 1
    outer loop
      vertex -0.408951 -15.8103 6
      vertex 0 -4 6
      vertex -0.348622 -3.98478 6
    endloop
  endfacet
  facet normal 0 0 1
    outer loop
      vertex 0 -4 6
      vertex -0.408951 -15.8103 6
      vertex 0.408875 -15.8077 6
    endloop
  endfacet
  facet normal -0 0 1
    outer loop
      vertex -1.95169 -15.692 6
      vertex -0.408951 -15.8103 6
      vertex -0.348622 -3.98478 6
    endloop
  endfacet
  facet normal 0 -0 1
    outer loop
      vertex -0.41832 -15.8915 6
      vertex -0.408951 -15.8103 6
      vertex -1.95169 -15.692 6
    endloop
  endfacet
  facet normal 0 0 1
    outer loop
      vertex -0.408951 -15.8103 6
      vertex -0.41832 -15.8915 6
      vertex -0.409058 -15.8147 6
    endloop
  endfacet
  facet normal -0 0 1
    outer loop
      vertex -1.95485 -15.7764 6
      vertex -0.41832 -15.8915 6
      vertex -1.95169 -15.692 6
    endloop
  endfacet
  facet normal 0 0 1
    outer loop
      vertex -0.41832 -15.8915 6
      vertex -1.95485 -15.7764 6
      vertex -0.439346 -16.0122 6
    endloop
  endfacet
  facet normal -0 -0 1
    outer loop
      vertex -1.95204 -15.8988 6
      vertex -0.439346 -16.0122 6
      vertex -1.95485 -15.7764 6
    endloop
  endfacet
  facet normal 0 0 1
    outer loop
      vertex -1.95169 -15.692 6
      vertex -0.348622 -3.98478 6
      vertex -0.694592 -3.93923 6
    endloop
  endfacet
  facet normal 0 0 1
    outer loop
      vertex -0.439346 -16.0122 6
      vertex -1.95204 -15.8988 6
      vertex -0.476852 -16.1757 6
    endloop
  endfacet
  facet normal -0 -0 1
    outer loop
      vertex -1.93932 -16.0661 6
      vertex -0.476852 -16.1757 6
      vertex -1.95204 -15.8988 6
    endloop
  endfacet
  facet normal 0 0 1
    outer loop
      vertex -2.76079 -15.5728 6
      vertex -0.694592 -3.93923 6
      vertex -1.03528 -3.8637 6
    endloop
  endfacet
  facet normal 0 0 1
    outer loop
      vertex -0.476852 -16.1757 6
      vertex -1.93932 -16.0661 6
      vertex -0.535461 -16.3804 6
    endloop
  endfacet
  facet normal 0 0 1
    outer loop
      vertex -4.26868 -15.2259 6
      vertex -1.03528 -3.8637 6
      vertex -1.36808 -3.75877 6
    endloop
  endfacet
  facet normal 0 0 1
    outer loop
      vertex -0.535461 -16.3804 6
      vertex -1.91188 -16.2772 6
      vertex -0.619614 -16.6243 6
    endloop
  endfacet
  facet normal 0 0 1
    outer loop
      vertex -6.4903 -14.4196 6
      vertex -1.36808 -3.75877 6
      vertex -1.69047 -3.62523 6
    endloop
  endfacet
  facet normal 0 0 1
    outer loop
      vertex -0.619614 -16.6243 6
      vertex -1.86502 -16.531 6
      vertex -0.733643 -16.9053 6
    endloop
  endfacet
  facet normal 0 0 1
    outer loop
      vertex -1.06779 -17.5676 6
      vertex -1.69472 -17.1598 6
      vertex -1.56244 -17.5305 6
    endloop
  endfacet
  facet normal 0 0 1
    outer loop
      vertex -0.881729 -17.2207 6
      vertex -1.69472 -17.1598 6
      vertex -1.06779 -17.5676 6
    endloop
  endfacet
  facet normal -0 -0 1
    outer loop
      vertex -1.69472 -17.1598 6
      vertex -0.881729 -17.2207 6
      vertex -1.79414 -16.8258 6
    endloop
  endfacet
  facet normal 0 0 1
    outer loop
      vertex -0.733643 -16.9053 6
      vertex -1.79414 -16.8258 6
      vertex -0.881729 -17.2207 6
    endloop
  endfacet
  facet normal -0 -0 1
    outer loop
      vertex -1.79414 -16.8258 6
      vertex -0.733643 -16.9053 6
      vertex -1.86502 -16.531 6
    endloop
  endfacet
  facet normal 0 0 1
    outer loop
      vertex -7.22832 -14.0672 6
      vertex -1.69047 -3.62523 6
      vertex -2 -3.4641 6
    endloop
  endfacet
  facet normal 0 0 1
    outer loop
      vertex -8.56694 -13.2913 6
      vertex -2 -3.4641 6
      vertex -2.2943 -3.27661 6
    endloop
  endfacet
  facet normal 0 0 1
    outer loop
      vertex -9.24419 -12.8327 6
      vertex -2.2943 -3.27661 6
      vertex -2.57115 -3.06418 6
    endloop
  endfacet
  facet normal 0 0 1
    outer loop
      vertex -0.694592 -3.93923 6
      vertex -2.76079 -15.5728 6
      vertex -1.95169 -15.692 6
    endloop
  endfacet
  facet normal 0 0 1
    outer loop
      vertex -1.03528 -3.8637 6
      vertex -4.26868 -15.2259 6
      vertex -2.76079 -15.5728 6
    endloop
  endfacet
  facet normal 0 -0 1
    outer loop
      vertex -2.78215 -15.6517 6
      vertex -2.76079 -15.5728 6
      vertex -4.26868 -15.2259 6
    endloop
  endfacet
  facet normal 0 0 1
    outer loop
      vertex -2.76079 -15.5728 6
      vertex -2.78215 -15.6517 6
      vertex -2.76155 -15.5771 6
    endloop
  endfacet
  facet normal 0 0 1
    outer loop
      vertex -10.4522 -11.866 6
      vertex -2.57115 -3.06418 6
      vertex -2.82843 -2.82843 6
    endloop
  endfacet
  facet normal -0 0 1
    outer loop
      vertex -4.28435 -15.3088 6
      vertex -2.78215 -15.6517 6
      vertex -4.26868 -15.2259 6
    endloop
  endfacet
  facet normal 0 0 1
    outer loop
      vertex -2.78215 -15.6517 6
      vertex -4.28435 -15.3088 6
      vertex -2.82094 -15.7679 6
    endloop
  endfacet
  facet normal 0 0 1
    outer loop
      vertex -12.104 -10.1756 6
      vertex -2.82843 -2.82843 6
      vertex -3.06418 -2.57115 6
    endloop
  endfacet
  facet normal -0 0 1
    outer loop
      vertex -4.29984 -15.4303 6
      vertex -2.82094 -15.7679 6
      vertex -4.28435 -15.3088 6
    endloop
  endfacet
  facet normal 0 0 1
    outer loop
      vertex -2.82094 -15.7679 6
      vertex -4.29984 -15.4303 6
      vertex -2.8824 -15.9239 6
    endloop
  endfacet
  facet normal 0 0 1
    outer loop
      vertex -12.616 -9.53786 6
      vertex -3.06418 -2.57115 6
      vertex -3.27661 -2.2943 6
    endloop
  endfacet
  facet normal -0 0 1
    outer loop
      vertex -4.31218 -15.5976 6
      vertex -2.8824 -15.9239 6
      vertex -4.29984 -15.4303 6
    endloop
  endfacet
  facet normal 0 0 1
    outer loop
      vertex -13.4854 -8.25793 6
      vertex -3.27661 -2.2943 6
      vertex -3.4641 -2 6
    endloop
  endfacet
  facet normal 0 0 1
    outer loop
      vertex -13.8966 -7.55101 6
      vertex -3.4641 -2 6
      vertex -3.62523 -1.69047 6
    endloop
  endfacet
  facet normal 0 0 1
    outer loop
      vertex -2.8824 -15.9239 6
      vertex -4.31218 -15.5976 6
      vertex -2.97084 -16.1176 6
    endloop
  endfacet
  facet normal 0 0 1
    outer loop
      vertex -14.5656 -6.15581 6
      vertex -3.62523 -1.69047 6
      vertex -3.75877 -1.36808 6
    endloop
  endfacet
  facet normal 0 0 1
    outer loop
      vertex -14.8669 -5.39548 6
      vertex -3.75877 -1.36808 6
      vertex -3.8637 -1.03528 6
    endloop
  endfacet
  facet normal 0 0 1
    outer loop
      vertex -15.3204 -3.91617 6
      vertex -3.8637 -1.03528 6
      vertex -3.93923 -0.694592 6
    endloop
  endfacet
  facet normal 0 0 1
    outer loop
      vertex -15.7329 -1.58905 6
      vertex -3.93923 -0.694592 6
      vertex -3.98478 -0.348622 6
    endloop
  endfacet
  facet normal 0 0 1
    outer loop
      vertex -15.7967 -0.773697 6
      vertex -3.98478 -0.348622 6
      vertex -4 0 6
    endloop
  endfacet
  facet normal 0 0 1
    outer loop
      vertex -2.97084 -16.1176 6
      vertex -4.31651 -15.8105 6
      vertex -3.09042 -16.3463 6
    endloop
  endfacet
  facet normal -0 0 1
    outer loop
      vertex -12.106 10.1773 6
      vertex -3.06418 2.57115 6
      vertex -11.0517 11.3097 6
    endloop
  endfacet
  facet normal 0 0 1
    outer loop
      vertex -3.43849 16.8969 6
      vertex -4.23332 16.7155 6
      vertex -4.28186 16.3705 6
    endloop
  endfacet
  facet normal -0 0 1
    outer loop
      vertex -12.6139 9.53624 6
      vertex -3.06418 2.57115 6
      vertex -12.106 10.1773 6
    endloop
  endfacet
  facet normal 0 0 1
    outer loop
      vertex -3.67418 -17.2122 6
      vertex -4.23332 -16.7155 6
      vertex -4.15778 -17.1018 6
    endloop
  endfacet
  facet normal 0 0 1
    outer loop
      vertex -3.09042 -16.3463 6
      vertex -4.30801 -16.0684 6
      vertex -3.24506 -16.6071 6
    endloop
  endfacet
  facet normal 0 0 1
    outer loop
      vertex -3.24506 16.6071 6
      vertex -4.28186 16.3705 6
      vertex -4.30801 16.0684 6
    endloop
  endfacet
  facet normal 0 0 1
    outer loop
      vertex -3.09042 16.3463 6
      vertex -4.30801 16.0684 6
      vertex -4.31651 15.8105 6
    endloop
  endfacet
  facet normal 0 0 1
    outer loop
      vertex -2.97084 16.1176 6
      vertex -4.31651 15.8105 6
      vertex -4.31218 15.5976 6
    endloop
  endfacet
  facet normal 0 0 1
    outer loop
      vertex -2.8824 15.9239 6
      vertex -4.31218 15.5976 6
      vertex -4.29984 15.4303 6
    endloop
  endfacet
  facet normal 0 0 1
    outer loop
      vertex -2.82094 15.7679 6
      vertex -4.29984 15.4303 6
      vertex -4.28435 15.3088 6
    endloop
  endfacet
  facet normal 0 0 1
    outer loop
      vertex -4.26939 15.2285 6
      vertex -4.28435 15.3088 6
      vertex -4.27057 15.2327 6
    endloop
  endfacet
  facet normal 0 0 1
    outer loop
      vertex -2.78215 15.6517 6
      vertex -4.28435 15.3088 6
      vertex -4.26939 15.2285 6
    endloop
  endfacet
  facet normal 0 0 1
    outer loop
      vertex 1.95203 -15.6947 6
      vertex 1.95485 -15.7764 6
      vertex 1.95256 -15.699 6
    endloop
  endfacet
  facet normal 0 0 1
    outer loop
      vertex 1.95485 -15.7764 6
      vertex 1.95203 -15.6947 6
      vertex 1.95204 -15.8988 6
    endloop
  endfacet
  facet normal 0 0 1
    outer loop
      vertex 1.95204 -15.8988 6
      vertex 1.95203 -15.6947 6
      vertex 1.93932 -16.0661 6
    endloop
  endfacet
  facet normal 0 0 1
    outer loop
      vertex -4.28435 -15.3088 6
      vertex -4.26868 -15.2259 6
      vertex -4.27057 -15.2327 6
    endloop
  endfacet
  facet normal 0 0 1
    outer loop
      vertex -3.43849 -16.8969 6
      vertex -4.23332 -16.7155 6
      vertex -3.67418 -17.2122 6
    endloop
  endfacet
  facet normal -0 0 1
    outer loop
      vertex -4.31651 -15.8105 6
      vertex -2.97084 -16.1176 6
      vertex -4.31218 -15.5976 6
    endloop
  endfacet
  facet normal -0 -0 1
    outer loop
      vertex -4.30801 -16.0684 6
      vertex -3.09042 -16.3463 6
      vertex -4.31651 -15.8105 6
    endloop
  endfacet
  facet normal -0 -0 1
    outer loop
      vertex -4.23332 -16.7155 6
      vertex -3.43849 -16.8969 6
      vertex -4.28186 -16.3705 6
    endloop
  endfacet
  facet normal -0 -0 1
    outer loop
      vertex -4.28186 -16.3705 6
      vertex -3.24506 -16.6071 6
      vertex -4.30801 -16.0684 6
    endloop
  endfacet
  facet normal 0 0 1
    outer loop
      vertex -3.24506 -16.6071 6
      vertex -4.28186 -16.3705 6
      vertex -3.43849 -16.8969 6
    endloop
  endfacet
  facet normal 0 0 1
    outer loop
      vertex -3.06418 2.57115 6
      vertex -12.6139 9.53624 6
      vertex -3.27661 2.2943 6
    endloop
  endfacet
  facet normal 0 0 1
    outer loop
      vertex -1.36808 -3.75877 6
      vertex -5.05096 -14.9874 6
      vertex -4.26868 -15.2259 6
    endloop
  endfacet
  facet normal 0 0 1
    outer loop
      vertex -5.08383 15.0622 6
      vertex -5.05011 14.9849 6
      vertex -5.05235 14.9915 6
    endloop
  endfacet
  facet normal -0 0 1
    outer loop
      vertex -13.4877 8.25934 6
      vertex -3.27661 2.2943 6
      vertex -12.6139 9.53624 6
    endloop
  endfacet
  facet normal 0 0 1
    outer loop
      vertex -5.05011 14.9849 6
      vertex -5.08383 15.0622 6
      vertex -6.49139 14.4221 6
    endloop
  endfacet
  facet normal 0 0 1
    outer loop
      vertex -1.36808 -3.75877 6
      vertex -6.4903 -14.4196 6
      vertex -5.05096 -14.9874 6
    endloop
  endfacet
  facet normal 0 0 1
    outer loop
      vertex -6.51816 14.4993 6
      vertex -5.08383 15.0622 6
      vertex -5.13951 15.1713 6
    endloop
  endfacet
  facet normal 0 -0 1
    outer loop
      vertex -5.08383 -15.0622 6
      vertex -5.05096 -14.9874 6
      vertex -6.4903 -14.4196 6
    endloop
  endfacet
  facet normal 0 0 1
    outer loop
      vertex -6.55159 14.6171 6
      vertex -5.13951 15.1713 6
      vertex -5.22354 15.3165 6
    endloop
  endfacet
  facet normal 0 0 1
    outer loop
      vertex -5.05096 -14.9874 6
      vertex -5.08383 -15.0622 6
      vertex -5.05235 -14.9915 6
    endloop
  endfacet
  facet normal 0 0 1
    outer loop
      vertex -6.58871 14.7807 6
      vertex -5.22354 15.3165 6
      vertex -5.33986 15.4948 6
    endloop
  endfacet
  facet normal -0 0 1
    outer loop
      vertex -6.51816 -14.4993 6
      vertex -5.08383 -15.0622 6
      vertex -6.4903 -14.4196 6
    endloop
  endfacet
  facet normal 0 0 1
    outer loop
      vertex -6.62473 14.9905 6
      vertex -5.33986 15.4948 6
      vertex -5.49219 15.7031 6
    endloop
  endfacet
  facet normal 0 0 1
    outer loop
      vertex -5.08383 -15.0622 6
      vertex -6.51816 -14.4993 6
      vertex -5.13951 -15.1713 6
    endloop
  endfacet
  facet normal 0 0 1
    outer loop
      vertex -6.65475 15.2468 6
      vertex -5.49219 15.7031 6
      vertex -5.68398 15.938 6
    endloop
  endfacet
  facet normal -0 0 1
    outer loop
      vertex -6.55159 -14.6171 6
      vertex -5.13951 -15.1713 6
      vertex -6.51816 -14.4993 6
    endloop
  endfacet
  facet normal 0 0 1
    outer loop
      vertex -6.67393 15.5495 6
      vertex -5.68398 15.938 6
      vertex -5.91844 16.1957 6
    endloop
  endfacet
  facet normal 0 0 1
    outer loop
      vertex -5.13951 -15.1713 6
      vertex -6.55159 -14.6171 6
      vertex -5.22354 -15.3165 6
    endloop
  endfacet
  facet normal 0 0 1
    outer loop
      vertex -6.67737 15.8979 6
      vertex -5.91844 16.1957 6
      vertex -6.19849 16.4724 6
    endloop
  endfacet
  facet normal -0 0 1
    outer loop
      vertex -6.58871 -14.7807 6
      vertex -5.22354 -15.3165 6
      vertex -6.55159 -14.6171 6
    endloop
  endfacet
  facet normal 0 0 1
    outer loop
      vertex -5.33986 -15.4948 6
      vertex -6.62473 -14.9905 6
      vertex -5.49219 -15.7031 6
    endloop
  endfacet
  facet normal 0 0 1
    outer loop
      vertex -5.22354 -15.3165 6
      vertex -6.58871 -14.7807 6
      vertex -5.33986 -15.4948 6
    endloop
  endfacet
  facet normal 0 0 1
    outer loop
      vertex -5.13951 15.1713 6
      vertex -6.55159 14.6171 6
      vertex -6.51816 14.4993 6
    endloop
  endfacet
  facet normal 0 0 1
    outer loop
      vertex -6.49139 14.4221 6
      vertex -6.51816 14.4993 6
      vertex -6.49318 14.426 6
    endloop
  endfacet
  facet normal 0 0 1
    outer loop
      vertex -5.08383 15.0622 6
      vertex -6.51816 14.4993 6
      vertex -6.49139 14.4221 6
    endloop
  endfacet
  facet normal 0 0 1
    outer loop
      vertex -5.22354 15.3165 6
      vertex -6.58871 14.7807 6
      vertex -6.55159 14.6171 6
    endloop
  endfacet
  facet normal 0 0 1
    outer loop
      vertex -5.33986 15.4948 6
      vertex -6.62473 14.9905 6
      vertex -6.58871 14.7807 6
    endloop
  endfacet
  facet normal 0 0 1
    outer loop
      vertex -5.49219 15.7031 6
      vertex -6.65475 15.2468 6
      vertex -6.62473 14.9905 6
    endloop
  endfacet
  facet normal 0 0 1
    outer loop
      vertex -6.67737 15.8979 6
      vertex -6.19849 16.4724 6
      vertex -6.66023 16.2911 6
    endloop
  endfacet
  facet normal 0 0 1
    outer loop
      vertex -5.68398 15.938 6
      vertex -6.67393 15.5495 6
      vertex -6.65475 15.2468 6
    endloop
  endfacet
  facet normal 0 0 1
    outer loop
      vertex -5.91844 16.1957 6
      vertex -6.67737 15.8979 6
      vertex -6.67393 15.5495 6
    endloop
  endfacet
  facet normal 0 0 1
    outer loop
      vertex -6.51816 -14.4993 6
      vertex -6.4903 -14.4196 6
      vertex -6.49318 -14.426 6
    endloop
  endfacet
  facet normal -0 0 1
    outer loop
      vertex -6.62473 -14.9905 6
      vertex -5.33986 -15.4948 6
      vertex -6.58871 -14.7807 6
    endloop
  endfacet
  facet normal -0 0 1
    outer loop
      vertex -6.65475 -15.2468 6
      vertex -5.49219 -15.7031 6
      vertex -6.62473 -14.9905 6
    endloop
  endfacet
  facet normal 0 0 1
    outer loop
      vertex -5.49219 -15.7031 6
      vertex -6.65475 -15.2468 6
      vertex -5.68398 -15.938 6
    endloop
  endfacet
  facet normal -0 0 1
    outer loop
      vertex -6.67393 -15.5495 6
      vertex -5.68398 -15.938 6
      vertex -6.65475 -15.2468 6
    endloop
  endfacet
  facet normal 0 0 1
    outer loop
      vertex -5.68398 -15.938 6
      vertex -6.67393 -15.5495 6
      vertex -5.91844 -16.1957 6
    endloop
  endfacet
  facet normal -0 0 1
    outer loop
      vertex -6.67737 -15.8979 6
      vertex -5.91844 -16.1957 6
      vertex -6.67393 -15.5495 6
    endloop
  endfacet
  facet normal 0 0 1
    outer loop
      vertex -5.91844 -16.1957 6
      vertex -6.67737 -15.8979 6
      vertex -6.19849 -16.4724 6
    endloop
  endfacet
  facet normal 0 0 1
    outer loop
      vertex -6.19849 -16.4724 6
      vertex -6.67737 -15.8979 6
      vertex -6.66023 -16.2911 6
    endloop
  endfacet
  facet normal 0 0 1
    outer loop
      vertex -3.27661 2.2943 6
      vertex -13.4877 8.25934 6
      vertex -3.4641 2 6
    endloop
  endfacet
  facet normal 0 0 1
    outer loop
      vertex -1.69047 -3.62523 6
      vertex -7.22832 -14.0672 6
      vertex -6.4903 -14.4196 6
    endloop
  endfacet
  facet normal 0 0 1
    outer loop
      vertex -7.27196 14.1362 6
      vertex -7.22708 14.0648 6
      vertex -7.2303 14.0711 6
    endloop
  endfacet
  facet normal -0 0 1
    outer loop
      vertex -13.8943 7.54973 6
      vertex -3.4641 2 6
      vertex -13.4877 8.25934 6
    endloop
  endfacet
  facet normal 0 0 1
    outer loop
      vertex -7.22708 14.0648 6
      vertex -7.27196 14.1362 6
      vertex -8.56839 13.2935 6
    endloop
  endfacet
  facet normal 0 0 1
    outer loop
      vertex -2 -3.4641 6
      vertex -8.56694 -13.2913 6
      vertex -7.22832 -14.0672 6
    endloop
  endfacet
  facet normal 0 0 1
    outer loop
      vertex -8.60635 13.3658 6
      vertex -7.27196 14.1362 6
      vertex -7.34328 14.2359 6
    endloop
  endfacet
  facet normal 0 -0 1
    outer loop
      vertex -7.27196 -14.1362 6
      vertex -7.22832 -14.0672 6
      vertex -8.56694 -13.2913 6
    endloop
  endfacet
  facet normal 0 0 1
    outer loop
      vertex -8.65698 13.4774 6
      vertex -7.34328 14.2359 6
      vertex -7.448 14.3669 6
    endloop
  endfacet
  facet normal 0 0 1
    outer loop
      vertex -7.22832 -14.0672 6
      vertex -7.27196 -14.1362 6
      vertex -7.2303 -14.0711 6
    endloop
  endfacet
  facet normal 0 0 1
    outer loop
      vertex -8.71808 13.6336 6
      vertex -7.448 14.3669 6
      vertex -7.5896 14.5259 6
    endloop
  endfacet
  facet normal -0 0 1
    outer loop
      vertex -8.60635 -13.3658 6
      vertex -7.27196 -14.1362 6
      vertex -8.56694 -13.2913 6
    endloop
  endfacet
  facet normal 0 0 1
    outer loop
      vertex -8.78496 13.8357 6
      vertex -7.5896 14.5259 6
      vertex -7.77127 14.7092 6
    endloop
  endfacet
  facet normal 0 0 1
    outer loop
      vertex -7.27196 -14.1362 6
      vertex -8.60635 -13.3658 6
      vertex -7.34328 -14.2359 6
    endloop
  endfacet
  facet normal 0 0 1
    outer loop
      vertex -8.85286 14.0847 6
      vertex -7.77127 14.7092 6
      vertex -7.99593 14.9128 6
    endloop
  endfacet
  facet normal -0 0 1
    outer loop
      vertex -8.65698 -13.4774 6
      vertex -7.34328 -14.2359 6
      vertex -8.60635 -13.3658 6
    endloop
  endfacet
  facet normal 0 0 1
    outer loop
      vertex -8.91693 14.3811 6
      vertex -7.99593 14.9128 6
      vertex -8.26619 15.1328 6
    endloop
  endfacet
  facet normal 0 0 1
    outer loop
      vertex -7.34328 -14.2359 6
      vertex -8.65698 -13.4774 6
      vertex -7.448 -14.3669 6
    endloop
  endfacet
  facet normal 0 0 1
    outer loop
      vertex -7.448 -14.3669 6
      vertex -8.71808 -13.6336 6
      vertex -7.5896 -14.5259 6
    endloop
  endfacet
  facet normal -0 0 1
    outer loop
      vertex -8.71808 -13.6336 6
      vertex -7.448 -14.3669 6
      vertex -8.65698 -13.4774 6
    endloop
  endfacet
  facet normal 0 0 1
    outer loop
      vertex -7.27196 14.1362 6
      vertex -8.60635 13.3658 6
      vertex -8.56839 13.2935 6
    endloop
  endfacet
  facet normal 0 0 1
    outer loop
      vertex -8.97224 14.7251 6
      vertex -8.26619 15.1328 6
      vertex -8.58434 15.3645 6
    endloop
  endfacet
  facet normal 0 0 1
    outer loop
      vertex -8.56839 13.2935 6
      vertex -8.60635 13.3658 6
      vertex -8.57074 13.2971 6
    endloop
  endfacet
  facet normal 0 0 1
    outer loop
      vertex -7.34328 14.2359 6
      vertex -8.65698 13.4774 6
      vertex -8.60635 13.3658 6
    endloop
  endfacet
  facet normal 0 0 1
    outer loop
      vertex -7.448 14.3669 6
      vertex -8.71808 13.6336 6
      vertex -8.65698 13.4774 6
    endloop
  endfacet
  facet normal 0 0 1
    outer loop
      vertex -7.5896 14.5259 6
      vertex -8.78496 13.8357 6
      vertex -8.71808 13.6336 6
    endloop
  endfacet
  facet normal 0 0 1
    outer loop
      vertex -7.77127 14.7092 6
      vertex -8.85286 14.0847 6
      vertex -8.78496 13.8357 6
    endloop
  endfacet
  facet normal 0 0 1
    outer loop
      vertex -7.99593 14.9128 6
      vertex -8.91693 14.3811 6
      vertex -8.85286 14.0847 6
    endloop
  endfacet
  facet normal 0 0 1
    outer loop
      vertex -8.26619 15.1328 6
      vertex -8.97224 14.7251 6
      vertex -8.91693 14.3811 6
    endloop
  endfacet
  facet normal 0 -0 1
    outer loop
      vertex -8.97224 14.7251 6
      vertex -8.58434 15.3645 6
      vertex -9.0139 15.1165 6
    endloop
  endfacet
  facet normal 0 0 1
    outer loop
      vertex -8.60635 -13.3658 6
      vertex -8.56694 -13.2913 6
      vertex -8.57074 -13.2971 6
    endloop
  endfacet
  facet normal -0 0 1
    outer loop
      vertex -8.78496 -13.8357 6
      vertex -7.5896 -14.5259 6
      vertex -8.71808 -13.6336 6
    endloop
  endfacet
  facet normal 0 0 1
    outer loop
      vertex -7.5896 -14.5259 6
      vertex -8.78496 -13.8357 6
      vertex -7.77127 -14.7092 6
    endloop
  endfacet
  facet normal -0 0 1
    outer loop
      vertex -8.85286 -14.0847 6
      vertex -7.77127 -14.7092 6
      vertex -8.78496 -13.8357 6
    endloop
  endfacet
  facet normal 0 0 1
    outer loop
      vertex -7.77127 -14.7092 6
      vertex -8.85286 -14.0847 6
      vertex -7.99593 -14.9128 6
    endloop
  endfacet
  facet normal -0 0 1
    outer loop
      vertex -8.91693 -14.3811 6
      vertex -7.99593 -14.9128 6
      vertex -8.85286 -14.0847 6
    endloop
  endfacet
  facet normal 0 0 1
    outer loop
      vertex -7.99593 -14.9128 6
      vertex -8.91693 -14.3811 6
      vertex -8.26619 -15.1328 6
    endloop
  endfacet
  facet normal -0 0 1
    outer loop
      vertex -8.97224 -14.7251 6
      vertex -8.26619 -15.1328 6
      vertex -8.91693 -14.3811 6
    endloop
  endfacet
  facet normal 0 0 1
    outer loop
      vertex -8.26619 -15.1328 6
      vertex -8.97224 -14.7251 6
      vertex -8.58434 -15.3645 6
    endloop
  endfacet
  facet normal 0 0 1
    outer loop
      vertex -8.58434 -15.3645 6
      vertex -8.97224 -14.7251 6
      vertex -9.0139 -15.1165 6
    endloop
  endfacet
  facet normal 0 0 1
    outer loop
      vertex -3.4641 2 6
      vertex -13.8943 7.54973 6
      vertex -3.62523 1.69047 6
    endloop
  endfacet
  facet normal 0 0 1
    outer loop
      vertex -2.2943 -3.27661 6
      vertex -9.24419 -12.8327 6
      vertex -8.56694 -13.2913 6
    endloop
  endfacet
  facet normal 0 0 1
    outer loop
      vertex -9.29764 12.8945 6
      vertex -9.24261 12.8306 6
      vertex -9.24672 12.8363 6
    endloop
  endfacet
  facet normal -0 0 1
    outer loop
      vertex -14.568 6.15685 6
      vertex -3.62523 1.69047 6
      vertex -13.8943 7.54973 6
    endloop
  endfacet
  facet normal 0 0 1
    outer loop
      vertex -9.24261 12.8306 6
      vertex -9.29764 12.8945 6
      vertex -10.454 11.868 6
    endloop
  endfacet
  facet normal 0 0 1
    outer loop
      vertex -2.57115 -3.06418 6
      vertex -10.4522 -11.866 6
      vertex -9.24419 -12.8327 6
    endloop
  endfacet
  facet normal 0 0 1
    outer loop
      vertex -10.5023 11.9338 6
      vertex -9.29764 12.8945 6
      vertex -9.38301 12.9824 6
    endloop
  endfacet
  facet normal 0 -0 1
    outer loop
      vertex -9.29764 -12.8945 6
      vertex -9.24419 -12.8327 6
      vertex -10.4522 -11.866 6
    endloop
  endfacet
  facet normal 0 0 1
    outer loop
      vertex -10.569 12.0366 6
      vertex -9.38301 12.9824 6
      vertex -9.50609 13.0963 6
    endloop
  endfacet
  facet normal 0 0 1
    outer loop
      vertex -9.24419 -12.8327 6
      vertex -9.29764 -12.8945 6
      vertex -9.24672 -12.8363 6
    endloop
  endfacet
  facet normal 0 0 1
    outer loop
      vertex -10.6527 12.182 6
      vertex -9.50609 13.0963 6
      vertex -9.6698 13.2324 6
    endloop
  endfacet
  facet normal -0 0 1
    outer loop
      vertex -10.5023 -11.9338 6
      vertex -9.29764 -12.8945 6
      vertex -10.4522 -11.866 6
    endloop
  endfacet
  facet normal 0 0 1
    outer loop
      vertex -10.7489 12.3719 6
      vertex -9.6698 13.2324 6
      vertex -9.87675 13.3866 6
    endloop
  endfacet
  facet normal 0 0 1
    outer loop
      vertex -9.29764 -12.8945 6
      vertex -10.5023 -11.9338 6
      vertex -9.38301 -12.9824 6
    endloop
  endfacet
  facet normal 0 0 1
    outer loop
      vertex -10.8532 12.6079 6
      vertex -9.87675 13.3866 6
      vertex -10.1293 13.5545 6
    endloop
  endfacet
  facet normal -0 0 1
    outer loop
      vertex -10.569 -12.0366 6
      vertex -9.38301 -12.9824 6
      vertex -10.5023 -11.9338 6
    endloop
  endfacet
  facet normal 0 0 1
    outer loop
      vertex -10.9607 12.8915 6
      vertex -10.1293 13.5545 6
      vertex -10.4293 13.7317 6
    endloop
  endfacet
  facet normal 0 0 1
    outer loop
      vertex -9.38301 -12.9824 6
      vertex -10.569 -12.0366 6
      vertex -9.50609 -13.0963 6
    endloop
  endfacet
  facet normal 0 0 1
    outer loop
      vertex -9.50609 -13.0963 6
      vertex -10.6527 -12.182 6
      vertex -9.6698 -13.2324 6
    endloop
  endfacet
  facet normal -0 0 1
    outer loop
      vertex -10.6527 -12.182 6
      vertex -9.50609 -13.0963 6
      vertex -10.569 -12.0366 6
    endloop
  endfacet
  facet normal 0 0 1
    outer loop
      vertex -9.29764 12.8945 6
      vertex -10.5023 11.9338 6
      vertex -10.454 11.868 6
    endloop
  endfacet
  facet normal 0 0 1
    outer loop
      vertex -10.454 11.868 6
      vertex -10.5023 11.9338 6
      vertex -10.4569 11.8712 6
    endloop
  endfacet
  facet normal 0 0 1
    outer loop
      vertex -9.38301 12.9824 6
      vertex -10.569 12.0366 6
      vertex -10.5023 11.9338 6
    endloop
  endfacet
  facet normal 0 0 1
    outer loop
      vertex -9.50609 13.0963 6
      vertex -10.6527 12.182 6
      vertex -10.569 12.0366 6
    endloop
  endfacet
  facet normal 0 0 1
    outer loop
      vertex -9.6698 13.2324 6
      vertex -10.7489 12.3719 6
      vertex -10.6527 12.182 6
    endloop
  endfacet
  facet normal 0 0 1
    outer loop
      vertex -11.0667 13.2234 6
      vertex -10.4293 13.7317 6
      vertex -10.7784 13.9135 6
    endloop
  endfacet
  facet normal 0 0 1
    outer loop
      vertex -9.87675 13.3866 6
      vertex -10.8532 12.6079 6
      vertex -10.7489 12.3719 6
    endloop
  endfacet
  facet normal 0 0 1
    outer loop
      vertex -10.1293 13.5545 6
      vertex -10.9607 12.8915 6
      vertex -10.8532 12.6079 6
    endloop
  endfacet
  facet normal 0 0 1
    outer loop
      vertex -10.4293 13.7317 6
      vertex -11.0667 13.2234 6
      vertex -10.9607 12.8915 6
    endloop
  endfacet
  facet normal 0 -0 1
    outer loop
      vertex -11.0667 13.2234 6
      vertex -10.7784 13.9135 6
      vertex -11.1662 13.6042 6
    endloop
  endfacet
  facet normal 0 0 1
    outer loop
      vertex -10.5023 -11.9338 6
      vertex -10.4522 -11.866 6
      vertex -10.4569 -11.8712 6
    endloop
  endfacet
  facet normal -0 0 1
    outer loop
      vertex -10.7489 -12.3719 6
      vertex -9.6698 -13.2324 6
      vertex -10.6527 -12.182 6
    endloop
  endfacet
  facet normal 0 0 1
    outer loop
      vertex -9.6698 -13.2324 6
      vertex -10.7489 -12.3719 6
      vertex -9.87675 -13.3866 6
    endloop
  endfacet
  facet normal -0 0 1
    outer loop
      vertex -10.8532 -12.6079 6
      vertex -9.87675 -13.3866 6
      vertex -10.7489 -12.3719 6
    endloop
  endfacet
  facet normal 0 0 1
    outer loop
      vertex -9.87675 -13.3866 6
      vertex -10.8532 -12.6079 6
      vertex -10.1293 -13.5545 6
    endloop
  endfacet
  facet normal -0 0 1
    outer loop
      vertex -10.9607 -12.8915 6
      vertex -10.1293 -13.5545 6
      vertex -10.8532 -12.6079 6
    endloop
  endfacet
  facet normal 0 0 1
    outer loop
      vertex -10.1293 -13.5545 6
      vertex -10.9607 -12.8915 6
      vertex -10.4293 -13.7317 6
    endloop
  endfacet
  facet normal -0 0 1
    outer loop
      vertex -11.0667 -13.2234 6
      vertex -10.4293 -13.7317 6
      vertex -10.9607 -12.8915 6
    endloop
  endfacet
  facet normal 0 0 1
    outer loop
      vertex -10.4293 -13.7317 6
      vertex -11.0667 -13.2234 6
      vertex -10.7784 -13.9135 6
    endloop
  endfacet
  facet normal 0 0 1
    outer loop
      vertex -10.7784 -13.9135 6
      vertex -11.0667 -13.2234 6
      vertex -11.1662 -13.6042 6
    endloop
  endfacet
  facet normal 0 0 1
    outer loop
      vertex -3.62523 1.69047 6
      vertex -14.568 6.15685 6
      vertex -3.75877 1.36808 6
    endloop
  endfacet
  facet normal 0 0 1
    outer loop
      vertex -2.82843 -2.82843 6
      vertex -11.0535 -11.3116 6
      vertex -10.4522 -11.866 6
    endloop
  endfacet
  facet normal 0 0 1
    outer loop
      vertex -11.1156 11.3647 6
      vertex -11.0517 11.3097 6
      vertex -11.0566 11.3148 6
    endloop
  endfacet
  facet normal -0 0 1
    outer loop
      vertex -14.8643 5.39456 6
      vertex -3.75877 1.36808 6
      vertex -14.568 6.15685 6
    endloop
  endfacet
  facet normal 0 0 1
    outer loop
      vertex -11.0517 11.3097 6
      vertex -11.1156 11.3647 6
      vertex -12.106 10.1773 6
    endloop
  endfacet
  facet normal 0 0 1
    outer loop
      vertex -2.82843 -2.82843 6
      vertex -12.104 -10.1756 6
      vertex -11.0535 -11.3116 6
    endloop
  endfacet
  facet normal 0 0 1
    outer loop
      vertex -12.1637 10.2352 6
      vertex -11.1156 11.3647 6
      vertex -11.2131 11.4389 6
    endloop
  endfacet
  facet normal 0 -0 1
    outer loop
      vertex -11.1156 -11.3647 6
      vertex -11.0535 -11.3116 6
      vertex -12.104 -10.1756 6
    endloop
  endfacet
  facet normal 0 0 1
    outer loop
      vertex -12.2449 10.327 6
      vertex -11.2131 11.4389 6
      vertex -11.3518 11.5333 6
    endloop
  endfacet
  facet normal 0 0 1
    outer loop
      vertex -11.0535 -11.3116 6
      vertex -11.1156 -11.3647 6
      vertex -11.0566 -11.3148 6
    endloop
  endfacet
  facet normal 0 0 1
    outer loop
      vertex -12.3493 10.4582 6
      vertex -11.3518 11.5333 6
      vertex -11.534 11.6434 6
    endloop
  endfacet
  facet normal -0 0 1
    outer loop
      vertex -12.1637 -10.2352 6
      vertex -11.1156 -11.3647 6
      vertex -12.104 -10.1756 6
    endloop
  endfacet
  facet normal 0 0 1
    outer loop
      vertex -12.4728 10.6316 6
      vertex -11.534 11.6434 6
      vertex -11.7616 11.765 6
    endloop
  endfacet
  facet normal 0 0 1
    outer loop
      vertex -11.1156 -11.3647 6
      vertex -12.1637 -10.2352 6
      vertex -11.2131 -11.4389 6
    endloop
  endfacet
  facet normal 0 0 1
    outer loop
      vertex -12.6111 10.8495 6
      vertex -11.7616 11.765 6
      vertex -12.0363 11.8935 6
    endloop
  endfacet
  facet normal -0 0 1
    outer loop
      vertex -12.2449 -10.327 6
      vertex -11.2131 -11.4389 6
      vertex -12.1637 -10.2352 6
    endloop
  endfacet
  facet normal -0 0 1
    outer loop
      vertex -12.3493 -10.4582 6
      vertex -11.3518 -11.5333 6
      vertex -12.2449 -10.327 6
    endloop
  endfacet
  facet normal 0 0 1
    outer loop
      vertex -11.2131 -11.4389 6
      vertex -12.2449 -10.327 6
      vertex -11.3518 -11.5333 6
    endloop
  endfacet
  facet normal 0 0 1
    outer loop
      vertex -11.1156 11.3647 6
      vertex -12.1637 10.2352 6
      vertex -12.106 10.1773 6
    endloop
  endfacet
  facet normal 0 0 1
    outer loop
      vertex -12.106 10.1773 6
      vertex -12.1637 10.2352 6
      vertex -12.1094 10.1801 6
    endloop
  endfacet
  facet normal 0 0 1
    outer loop
      vertex -11.2131 11.4389 6
      vertex -12.2449 10.327 6
      vertex -12.1637 10.2352 6
    endloop
  endfacet
  facet normal 0 0 1
    outer loop
      vertex -11.3518 11.5333 6
      vertex -12.3493 10.4582 6
      vertex -12.2449 10.327 6
    endloop
  endfacet
  facet normal 0 0 1
    outer loop
      vertex -12.7597 11.1139 6
      vertex -12.0363 11.8935 6
      vertex -12.3594 12.0239 6
    endloop
  endfacet
  facet normal 0 0 1
    outer loop
      vertex -11.534 11.6434 6
      vertex -12.4728 10.6316 6
      vertex -12.3493 10.4582 6
    endloop
  endfacet
  facet normal 0 0 1
    outer loop
      vertex -11.7616 11.765 6
      vertex -12.6111 10.8495 6
      vertex -12.4728 10.6316 6
    endloop
  endfacet
  facet normal 0 0 1
    outer loop
      vertex -12.9139 11.4263 6
      vertex -12.3594 12.0239 6
      vertex -12.7317 12.1517 6
    endloop
  endfacet
  facet normal 0 0 1
    outer loop
      vertex -12.0363 11.8935 6
      vertex -12.7597 11.1139 6
      vertex -12.6111 10.8495 6
    endloop
  endfacet
  facet normal 0 0 1
    outer loop
      vertex -12.3594 12.0239 6
      vertex -12.9139 11.4263 6
      vertex -12.7597 11.1139 6
    endloop
  endfacet
  facet normal 0 -0 1
    outer loop
      vertex -12.9139 11.4263 6
      vertex -12.7317 12.1517 6
      vertex -13.0691 11.788 6
    endloop
  endfacet
  facet normal 0 0 1
    outer loop
      vertex -12.1637 -10.2352 6
      vertex -12.104 -10.1756 6
      vertex -12.1094 -10.1801 6
    endloop
  endfacet
  facet normal 0 0 1
    outer loop
      vertex -11.3518 -11.5333 6
      vertex -12.3493 -10.4582 6
      vertex -11.534 -11.6434 6
    endloop
  endfacet
  facet normal -0 0 1
    outer loop
      vertex -12.4728 -10.6316 6
      vertex -11.534 -11.6434 6
      vertex -12.3493 -10.4582 6
    endloop
  endfacet
  facet normal 0 0 1
    outer loop
      vertex -11.534 -11.6434 6
      vertex -12.4728 -10.6316 6
      vertex -11.7616 -11.765 6
    endloop
  endfacet
  facet normal -0 0 1
    outer loop
      vertex -12.6111 -10.8495 6
      vertex -11.7616 -11.765 6
      vertex -12.4728 -10.6316 6
    endloop
  endfacet
  facet normal 0 0 1
    outer loop
      vertex -11.7616 -11.765 6
      vertex -12.6111 -10.8495 6
      vertex -12.0363 -11.8935 6
    endloop
  endfacet
  facet normal -0 0 1
    outer loop
      vertex -12.7597 -11.1139 6
      vertex -12.0363 -11.8935 6
      vertex -12.6111 -10.8495 6
    endloop
  endfacet
  facet normal 0 0 1
    outer loop
      vertex -12.0363 -11.8935 6
      vertex -12.7597 -11.1139 6
      vertex -12.3594 -12.0239 6
    endloop
  endfacet
  facet normal -0 0 1
    outer loop
      vertex -12.9139 -11.4263 6
      vertex -12.3594 -12.0239 6
      vertex -12.7597 -11.1139 6
    endloop
  endfacet
  facet normal 0 0 1
    outer loop
      vertex -12.3594 -12.0239 6
      vertex -12.9139 -11.4263 6
      vertex -12.7317 -12.1517 6
    endloop
  endfacet
  facet normal 0 0 1
    outer loop
      vertex -12.7317 -12.1517 6
      vertex -12.9139 -11.4263 6
      vertex -13.0691 -11.788 6
    endloop
  endfacet
  facet normal 0 0 1
    outer loop
      vertex -3.75877 1.36808 6
      vertex -14.8643 5.39456 6
      vertex -3.8637 1.03528 6
    endloop
  endfacet
  facet normal 0 0 1
    outer loop
      vertex -3.06418 -2.57115 6
      vertex -12.616 -9.53786 6
      vertex -12.104 -10.1756 6
    endloop
  endfacet
  facet normal 0 0 1
    outer loop
      vertex -12.6853 9.58112 6
      vertex -12.6139 9.53624 6
      vertex -12.6195 9.54048 6
    endloop
  endfacet
  facet normal -0 0 1
    outer loop
      vertex -15.323 3.91684 6
      vertex -3.8637 1.03528 6
      vertex -14.8643 5.39456 6
    endloop
  endfacet
  facet normal 0 0 1
    outer loop
      vertex -12.6139 9.53624 6
      vertex -12.6853 9.58112 6
      vertex -13.4877 8.25934 6
    endloop
  endfacet
  facet normal 0 0 1
    outer loop
      vertex -3.27661 -2.2943 6
      vertex -13.4854 -8.25793 6
      vertex -12.616 -9.53786 6
    endloop
  endfacet
  facet normal 0 0 1
    outer loop
      vertex -13.5533 8.30803 6
      vertex -12.6853 9.58112 6
      vertex -12.7928 9.63994 6
    endloop
  endfacet
  facet normal 0 -0 1
    outer loop
      vertex -12.6853 -9.58112 6
      vertex -12.616 -9.53786 6
      vertex -13.4854 -8.25793 6
    endloop
  endfacet
  facet normal 0 0 1
    outer loop
      vertex -13.6473 8.3866 6
      vertex -12.7928 9.63994 6
      vertex -12.944 9.71254 6
    endloop
  endfacet
  facet normal 0 0 1
    outer loop
      vertex -12.616 -9.53786 6
      vertex -12.6853 -9.58112 6
      vertex -12.6195 -9.54048 6
    endloop
  endfacet
  facet normal 0 0 1
    outer loop
      vertex -13.7701 8.50081 6
      vertex -12.944 9.71254 6
      vertex -13.1405 9.79434 6
    endloop
  endfacet
  facet normal -0 0 1
    outer loop
      vertex -13.5533 -8.30803 6
      vertex -12.6853 -9.58112 6
      vertex -13.4854 -8.25793 6
    endloop
  endfacet
  facet normal 0 0 1
    outer loop
      vertex -13.9181 8.6539 6
      vertex -13.1405 9.79434 6
      vertex -13.3837 9.88065 6
    endloop
  endfacet
  facet normal 0 0 1
    outer loop
      vertex -12.6853 -9.58112 6
      vertex -13.5533 -8.30803 6
      vertex -12.7928 -9.63994 6
    endloop
  endfacet
  facet normal 0 0 1
    outer loop
      vertex -12.7928 -9.63994 6
      vertex -13.6473 -8.3866 6
      vertex -12.944 -9.71254 6
    endloop
  endfacet
  facet normal -0 0 1
    outer loop
      vertex -13.6473 -8.3866 6
      vertex -12.7928 -9.63994 6
      vertex -13.5533 -8.30803 6
    endloop
  endfacet
  facet normal 0 0 1
    outer loop
      vertex -12.6853 9.58112 6
      vertex -13.5533 8.30803 6
      vertex -13.4877 8.25934 6
    endloop
  endfacet
  facet normal 0 0 1
    outer loop
      vertex -13.4877 8.25934 6
      vertex -13.5533 8.30803 6
      vertex -13.4914 8.26161 6
    endloop
  endfacet
  facet normal 0 0 1
    outer loop
      vertex -12.7928 9.63994 6
      vertex -13.6473 8.3866 6
      vertex -13.5533 8.30803 6
    endloop
  endfacet
  facet normal 0 0 1
    outer loop
      vertex -14.0873 8.84875 6
      vertex -13.3837 9.88065 6
      vertex -13.6745 9.96669 6
    endloop
  endfacet
  facet normal 0 0 1
    outer loop
      vertex -12.944 9.71254 6
      vertex -13.7701 8.50081 6
      vertex -13.6473 8.3866 6
    endloop
  endfacet
  facet normal 0 0 1
    outer loop
      vertex -13.1405 9.79434 6
      vertex -13.9181 8.6539 6
      vertex -13.7701 8.50081 6
    endloop
  endfacet
  facet normal 0 0 1
    outer loop
      vertex -14.2736 9.08801 6
      vertex -13.6745 9.96669 6
      vertex -14.0134 10.0476 6
    endloop
  endfacet
  facet normal 0 0 1
    outer loop
      vertex -13.3837 9.88065 6
      vertex -14.0873 8.84875 6
      vertex -13.9181 8.6539 6
    endloop
  endfacet
  facet normal 0 0 1
    outer loop
      vertex -13.6745 9.96669 6
      vertex -14.2736 9.08801 6
      vertex -14.0873 8.84875 6
    endloop
  endfacet
  facet normal 0 0 1
    outer loop
      vertex -14.4727 9.37395 6
      vertex -14.0134 10.0476 6
      vertex -14.4006 10.1184 6
    endloop
  endfacet
  facet normal 0 0 1
    outer loop
      vertex -14.0134 10.0476 6
      vertex -14.4727 9.37395 6
      vertex -14.2736 9.08801 6
    endloop
  endfacet
  facet normal 0 -0 1
    outer loop
      vertex -14.4727 9.37395 6
      vertex -14.4006 10.1184 6
      vertex -14.6801 9.70853 6
    endloop
  endfacet
  facet normal 0 0 1
    outer loop
      vertex -13.5533 -8.30803 6
      vertex -13.4854 -8.25793 6
      vertex -13.4914 -8.26161 6
    endloop
  endfacet
  facet normal -0 0 1
    outer loop
      vertex -13.7701 -8.50081 6
      vertex -12.944 -9.71254 6
      vertex -13.6473 -8.3866 6
    endloop
  endfacet
  facet normal 0 0 1
    outer loop
      vertex -12.944 -9.71254 6
      vertex -13.7701 -8.50081 6
      vertex -13.1405 -9.79434 6
    endloop
  endfacet
  facet normal -0 0 1
    outer loop
      vertex -13.9181 -8.6539 6
      vertex -13.1405 -9.79434 6
      vertex -13.7701 -8.50081 6
    endloop
  endfacet
  facet normal 0 0 1
    outer loop
      vertex -13.1405 -9.79434 6
      vertex -13.9181 -8.6539 6
      vertex -13.3837 -9.88065 6
    endloop
  endfacet
  facet normal -0 0 1
    outer loop
      vertex -14.0873 -8.84875 6
      vertex -13.3837 -9.88065 6
      vertex -13.9181 -8.6539 6
    endloop
  endfacet
  facet normal 0 0 1
    outer loop
      vertex -13.3837 -9.88065 6
      vertex -14.0873 -8.84875 6
      vertex -13.6745 -9.96669 6
    endloop
  endfacet
  facet normal -0 0 1
    outer loop
      vertex -14.2736 -9.08801 6
      vertex -13.6745 -9.96669 6
      vertex -14.0873 -8.84875 6
    endloop
  endfacet
  facet normal 0 0 1
    outer loop
      vertex -13.6745 -9.96669 6
      vertex -14.2736 -9.08801 6
      vertex -14.0134 -10.0476 6
    endloop
  endfacet
  facet normal -0 0 1
    outer loop
      vertex -14.4727 -9.37395 6
      vertex -14.0134 -10.0476 6
      vertex -14.2736 -9.08801 6
    endloop
  endfacet
  facet normal 0 0 1
    outer loop
      vertex -14.0134 -10.0476 6
      vertex -14.4727 -9.37395 6
      vertex -14.4006 -10.1184 6
    endloop
  endfacet
  facet normal 0 0 1
    outer loop
      vertex -14.4006 -10.1184 6
      vertex -14.4727 -9.37395 6
      vertex -14.6801 -9.70853 6
    endloop
  endfacet
  facet normal -0 0 1
    outer loop
      vertex -15.5023 3.1189 6
      vertex -3.8637 1.03528 6
      vertex -15.323 3.91684 6
    endloop
  endfacet
  facet normal 0 0 1
    outer loop
      vertex -3.4641 -2 6
      vertex -13.8966 -7.55101 6
      vertex -13.4854 -8.25793 6
    endloop
  endfacet
  facet normal 0 0 1
    outer loop
      vertex -13.9716 7.58347 6
      vertex -13.8943 7.54973 6
      vertex -13.9005 7.55309 6
    endloop
  endfacet
  facet normal 0 0 1
    outer loop
      vertex -3.8637 1.03528 6
      vertex -15.5023 3.1189 6
      vertex -3.93923 0.694592 6
    endloop
  endfacet
  facet normal 0 0 1
    outer loop
      vertex -13.8943 7.54973 6
      vertex -13.9716 7.58347 6
      vertex -14.568 6.15685 6
    endloop
  endfacet
  facet normal 0 0 1
    outer loop
      vertex -3.62523 -1.69047 6
      vertex -14.5656 -6.15581 6
      vertex -13.8966 -7.55101 6
    endloop
  endfacet
  facet normal 0 0 1
    outer loop
      vertex -14.6401 6.19522 6
      vertex -13.9716 7.58347 6
      vertex -14.0867 7.62561 6
    endloop
  endfacet
  facet normal 0 -0 1
    outer loop
      vertex -13.9716 -7.58347 6
      vertex -13.8966 -7.55101 6
      vertex -14.5656 -6.15581 6
    endloop
  endfacet
  facet normal 0 0 1
    outer loop
      vertex -14.7448 6.2589 6
      vertex -14.0867 7.62561 6
      vertex -14.247 7.67485 6
    endloop
  endfacet
  facet normal 0 0 1
    outer loop
      vertex -13.8966 -7.55101 6
      vertex -13.9716 -7.58347 6
      vertex -13.9005 -7.55309 6
    endloop
  endfacet
  facet normal 0 0 1
    outer loop
      vertex -14.8833 6.35353 6
      vertex -14.247 7.67485 6
      vertex -14.4535 7.72644 6
    endloop
  endfacet
  facet normal -0 0 1
    outer loop
      vertex -14.6401 -6.19522 6
      vertex -13.9716 -7.58347 6
      vertex -14.5656 -6.15581 6
    endloop
  endfacet
  facet normal -0 0 1
    outer loop
      vertex -14.7448 -6.2589 6
      vertex -14.0867 -7.62561 6
      vertex -14.6401 -6.19522 6
    endloop
  endfacet
  facet normal 0 0 1
    outer loop
      vertex -13.9716 -7.58347 6
      vertex -14.6401 -6.19522 6
      vertex -14.0867 -7.62561 6
    endloop
  endfacet
  facet normal 0 0 1
    outer loop
      vertex -13.9716 7.58347 6
      vertex -14.6401 6.19522 6
      vertex -14.568 6.15685 6
    endloop
  endfacet
  facet normal 0 0 1
    outer loop
      vertex -14.568 6.15685 6
      vertex -14.6401 6.19522 6
      vertex -14.572 6.15854 6
    endloop
  endfacet
  facet normal 0 0 1
    outer loop
      vertex -15.0524 6.48286 6
      vertex -14.4535 7.72644 6
      vertex -14.7069 7.77554 6
    endloop
  endfacet
  facet normal 0 0 1
    outer loop
      vertex -14.0867 7.62561 6
      vertex -14.7448 6.2589 6
      vertex -14.6401 6.19522 6
    endloop
  endfacet
  facet normal 0 0 1
    outer loop
      vertex -14.247 7.67485 6
      vertex -14.8833 6.35353 6
      vertex -14.7448 6.2589 6
    endloop
  endfacet
  facet normal 0 0 1
    outer loop
      vertex -15.2488 6.65033 6
      vertex -14.7069 7.77554 6
      vertex -15.0072 7.81729 6
    endloop
  endfacet
  facet normal 0 0 1
    outer loop
      vertex -14.4535 7.72644 6
      vertex -15.0524 6.48286 6
      vertex -14.8833 6.35353 6
    endloop
  endfacet
  facet normal 0 0 1
    outer loop
      vertex -14.7069 7.77554 6
      vertex -15.2488 6.65033 6
      vertex -15.0524 6.48286 6
    endloop
  endfacet
  facet normal 0 0 1
    outer loop
      vertex -15.4687 6.85913 6
      vertex -15.0072 7.81729 6
      vertex -15.3544 7.84674 6
    endloop
  endfacet
  facet normal 0 0 1
    outer loop
      vertex -15.0072 7.81729 6
      vertex -15.4687 6.85913 6
      vertex -15.2488 6.65033 6
    endloop
  endfacet
  facet normal 0 0 1
    outer loop
      vertex -15.3544 7.84674 6
      vertex -15.7082 7.1122 6
      vertex -15.4687 6.85913 6
    endloop
  endfacet
  facet normal 0 0 1
    outer loop
      vertex -15.7479 7.85904 6
      vertex -15.7082 7.1122 6
      vertex -15.3544 7.84674 6
    endloop
  endfacet
  facet normal 0 0 1
    outer loop
      vertex -15.7082 7.1122 6
      vertex -15.7479 7.85904 6
      vertex -15.9631 7.41214 6
    endloop
  endfacet
  facet normal 0 0 1
    outer loop
      vertex -14.6401 -6.19522 6
      vertex -14.5656 -6.15581 6
      vertex -14.572 -6.15854 6
    endloop
  endfacet
  facet normal 0 0 1
    outer loop
      vertex -14.0867 -7.62561 6
      vertex -14.7448 -6.2589 6
      vertex -14.247 -7.67485 6
    endloop
  endfacet
  facet normal -0 0 1
    outer loop
      vertex -14.8833 -6.35353 6
      vertex -14.247 -7.67485 6
      vertex -14.7448 -6.2589 6
    endloop
  endfacet
  facet normal 0 0 1
    outer loop
      vertex -14.247 -7.67485 6
      vertex -14.8833 -6.35353 6
      vertex -14.4535 -7.72644 6
    endloop
  endfacet
  facet normal -0 0 1
    outer loop
      vertex -15.0524 -6.48286 6
      vertex -14.4535 -7.72644 6
      vertex -14.8833 -6.35353 6
    endloop
  endfacet
  facet normal 0 0 1
    outer loop
      vertex -14.4535 -7.72644 6
      vertex -15.0524 -6.48286 6
      vertex -14.7069 -7.77554 6
    endloop
  endfacet
  facet normal -0 0 1
    outer loop
      vertex -15.2488 -6.65033 6
      vertex -14.7069 -7.77554 6
      vertex -15.0524 -6.48286 6
    endloop
  endfacet
  facet normal 0 0 1
    outer loop
      vertex -14.7069 -7.77554 6
      vertex -15.2488 -6.65033 6
      vertex -15.0072 -7.81729 6
    endloop
  endfacet
  facet normal -0 0 1
    outer loop
      vertex -15.4687 -6.85913 6
      vertex -15.0072 -7.81729 6
      vertex -15.2488 -6.65033 6
    endloop
  endfacet
  facet normal 0 0 1
    outer loop
      vertex -15.0072 -7.81729 6
      vertex -15.4687 -6.85913 6
      vertex -15.3544 -7.84674 6
    endloop
  endfacet
  facet normal -0 0 1
    outer loop
      vertex -15.7082 -7.1122 6
      vertex -15.3544 -7.84674 6
      vertex -15.4687 -6.85913 6
    endloop
  endfacet
  facet normal 0 0 1
    outer loop
      vertex -15.7082 -7.1122 6
      vertex -15.7479 -7.85904 6
      vertex -15.3544 -7.84674 6
    endloop
  endfacet
  facet normal 0 -0 1
    outer loop
      vertex -15.7479 -7.85904 6
      vertex -15.7082 -7.1122 6
      vertex -15.9631 -7.41214 6
    endloop
  endfacet
  facet normal -0 0 1
    outer loop
      vertex -15.7356 1.58931 6
      vertex -3.93923 0.694592 6
      vertex -15.5023 3.1189 6
    endloop
  endfacet
  facet normal 0 0 1
    outer loop
      vertex -3.75877 -1.36808 6
      vertex -14.8669 -5.39548 6
      vertex -14.5656 -6.15581 6
    endloop
  endfacet
  facet normal 0 0 1
    outer loop
      vertex -14.9458 5.4164 6
      vertex -14.8643 5.39456 6
      vertex -14.8709 5.39696 6
    endloop
  endfacet
  facet normal 0 0 1
    outer loop
      vertex -3.93923 0.694592 6
      vertex -15.7356 1.58931 6
      vertex -3.98478 0.348622 6
    endloop
  endfacet
  facet normal 0 0 1
    outer loop
      vertex -14.8643 5.39456 6
      vertex -14.9458 5.4164 6
      vertex -15.323 3.91684 6
    endloop
  endfacet
  facet normal 0 0 1
    outer loop
      vertex -3.8637 -1.03528 6
      vertex -15.3204 -3.91617 6
      vertex -14.8669 -5.39548 6
    endloop
  endfacet
  facet normal 0 0 1
    outer loop
      vertex -15.4 3.94402 6
      vertex -14.9458 5.4164 6
      vertex -15.0659 5.44093 6
    endloop
  endfacet
  facet normal 0 -0 1
    outer loop
      vertex -14.9458 -5.4164 6
      vertex -14.8669 -5.39548 6
      vertex -15.3204 -3.91617 6
    endloop
  endfacet
  facet normal 0 0 1
    outer loop
      vertex -15.513 3.99138 6
      vertex -15.0659 5.44093 6
      vertex -15.2317 5.46573 6
    endloop
  endfacet
  facet normal 0 0 1
    outer loop
      vertex -14.8669 -5.39548 6
      vertex -14.9458 -5.4164 6
      vertex -14.8709 -5.39696 6
    endloop
  endfacet
  facet normal 0 0 1
    outer loop
      vertex -14.9458 -5.4164 6
      vertex -15.4 -3.94402 6
      vertex -15.0659 -5.44093 6
    endloop
  endfacet
  facet normal -0 0 1
    outer loop
      vertex -15.4 -3.94402 6
      vertex -14.9458 -5.4164 6
      vertex -15.3204 -3.91617 6
    endloop
  endfacet
  facet normal 0 0 1
    outer loop
      vertex -14.9458 5.4164 6
      vertex -15.4 3.94402 6
      vertex -15.323 3.91684 6
    endloop
  endfacet
  facet normal 0 0 1
    outer loop
      vertex -15.323 3.91684 6
      vertex -15.4 3.94402 6
      vertex -15.3272 3.91791 6
    endloop
  endfacet
  facet normal 0 0 1
    outer loop
      vertex -15.664 4.06433 6
      vertex -15.2317 5.46573 6
      vertex -15.4437 5.48596 6
    endloop
  endfacet
  facet normal 0 0 1
    outer loop
      vertex -15.0659 5.44093 6
      vertex -15.513 3.99138 6
      vertex -15.4 3.94402 6
    endloop
  endfacet
  facet normal 0 0 1
    outer loop
      vertex -15.2317 5.46573 6
      vertex -15.664 4.06433 6
      vertex -15.513 3.99138 6
    endloop
  endfacet
  facet normal 0 0 1
    outer loop
      vertex -15.8505 4.16701 6
      vertex -15.4437 5.48596 6
      vertex -15.7015 5.49675 6
    endloop
  endfacet
  facet normal 0 0 1
    outer loop
      vertex -15.4437 5.48596 6
      vertex -15.8505 4.16701 6
      vertex -15.664 4.06433 6
    endloop
  endfacet
  facet normal 0 0 1
    outer loop
      vertex -16.0696 4.30334 6
      vertex -15.7015 5.49675 6
      vertex -16.0047 5.49327 6
    endloop
  endfacet
  facet normal 0 0 1
    outer loop
      vertex -15.7015 5.49675 6
      vertex -16.0696 4.30334 6
      vertex -15.8505 4.16701 6
    endloop
  endfacet
  facet normal 0 0 1
    outer loop
      vertex -16.0047 5.49327 6
      vertex -16.3182 4.47704 6
      vertex -16.0696 4.30334 6
    endloop
  endfacet
  facet normal -0 0 1
    outer loop
      vertex -16.3524 5.47064 6
      vertex -16.3182 4.47704 6
      vertex -16.0047 5.49327 6
    endloop
  endfacet
  facet normal 0 0 1
    outer loop
      vertex -16.3524 5.47064 6
      vertex -16.5927 4.69159 6
      vertex -16.3182 4.47704 6
    endloop
  endfacet
  facet normal -0 0 1
    outer loop
      vertex -16.7433 5.42416 6
      vertex -16.5927 4.69159 6
      vertex -16.3524 5.47064 6
    endloop
  endfacet
  facet normal 0 0 1
    outer loop
      vertex -16.5927 4.69159 6
      vertex -16.7433 5.42416 6
      vertex -16.8895 4.95016 6
    endloop
  endfacet
  facet normal 0 0 1
    outer loop
      vertex -15.4 -3.94402 6
      vertex -15.3204 -3.91617 6
      vertex -15.3272 -3.91791 6
    endloop
  endfacet
  facet normal -0 0 1
    outer loop
      vertex -15.513 -3.99138 6
      vertex -15.0659 -5.44093 6
      vertex -15.4 -3.94402 6
    endloop
  endfacet
  facet normal 0 0 1
    outer loop
      vertex -15.0659 -5.44093 6
      vertex -15.513 -3.99138 6
      vertex -15.2317 -5.46573 6
    endloop
  endfacet
  facet normal -0 0 1
    outer loop
      vertex -15.664 -4.06433 6
      vertex -15.2317 -5.46573 6
      vertex -15.513 -3.99138 6
    endloop
  endfacet
  facet normal 0 0 1
    outer loop
      vertex -15.2317 -5.46573 6
      vertex -15.664 -4.06433 6
      vertex -15.4437 -5.48596 6
    endloop
  endfacet
  facet normal -0 0 1
    outer loop
      vertex -15.8505 -4.16701 6
      vertex -15.4437 -5.48596 6
      vertex -15.664 -4.06433 6
    endloop
  endfacet
  facet normal 0 0 1
    outer loop
      vertex -15.4437 -5.48596 6
      vertex -15.8505 -4.16701 6
      vertex -15.7015 -5.49675 6
    endloop
  endfacet
  facet normal -0 0 1
    outer loop
      vertex -16.0696 -4.30334 6
      vertex -15.7015 -5.49675 6
      vertex -15.8505 -4.16701 6
    endloop
  endfacet
  facet normal 0 0 1
    outer loop
      vertex -15.7015 -5.49675 6
      vertex -16.0696 -4.30334 6
      vertex -16.0047 -5.49327 6
    endloop
  endfacet
  facet normal -0 0 1
    outer loop
      vertex -16.3182 -4.47704 6
      vertex -16.0047 -5.49327 6
      vertex -16.0696 -4.30334 6
    endloop
  endfacet
  facet normal 0 0 1
    outer loop
      vertex -16.3182 -4.47704 6
      vertex -16.3524 -5.47064 6
      vertex -16.0047 -5.49327 6
    endloop
  endfacet
  facet normal -0 0 1
    outer loop
      vertex -16.5927 -4.69159 6
      vertex -16.3524 -5.47064 6
      vertex -16.3182 -4.47704 6
    endloop
  endfacet
  facet normal 0 0 1
    outer loop
      vertex -16.5927 -4.69159 6
      vertex -16.7433 -5.42416 6
      vertex -16.3524 -5.47064 6
    endloop
  endfacet
  facet normal 0 -0 1
    outer loop
      vertex -16.7433 -5.42416 6
      vertex -16.5927 -4.69159 6
      vertex -16.8895 -4.95016 6
    endloop
  endfacet
  facet normal -0 0 1
    outer loop
      vertex -15.794 0.77356 6
      vertex -3.98478 0.348622 6
      vertex -15.7356 1.58931 6
    endloop
  endfacet
  facet normal 0 0 1
    outer loop
      vertex -3.93923 -0.694592 6
      vertex -15.505 -3.11943 6
      vertex -15.3204 -3.91617 6
    endloop
  endfacet
  facet normal 0 0 1
    outer loop
      vertex -15.5862 3.12834 6
      vertex -15.5023 3.1189 6
      vertex -15.5092 3.12029 6
    endloop
  endfacet
  facet normal 0 0 1
    outer loop
      vertex -3.98478 0.348622 6
      vertex -15.794 0.77356 6
      vertex -4 0 6
    endloop
  endfacet
  facet normal 0 0 1
    outer loop
      vertex -15.5023 3.1189 6
      vertex -15.5862 3.12834 6
      vertex -15.7356 1.58931 6
    endloop
  endfacet
  facet normal 0 0 1
    outer loop
      vertex -3.93923 -0.694592 6
      vertex -15.7329 -1.58905 6
      vertex -15.505 -3.11943 6
    endloop
  endfacet
  facet normal 0 0 1
    outer loop
      vertex -15.8158 1.60472 6
      vertex -15.5862 3.12834 6
      vertex -15.7085 3.1347 6
    endloop
  endfacet
  facet normal 0 -0 1
    outer loop
      vertex -15.5862 -3.12834 6
      vertex -15.505 -3.11943 6
      vertex -15.7329 -1.58905 6
    endloop
  endfacet
  facet normal -0 0 1
    outer loop
      vertex -15.8158 -1.60472 6
      vertex -15.5862 -3.12834 6
      vertex -15.7329 -1.58905 6
    endloop
  endfacet
  facet normal 0 0 1
    outer loop
      vertex -15.505 -3.11943 6
      vertex -15.5862 -3.12834 6
      vertex -15.5092 -3.12029 6
    endloop
  endfacet
  facet normal 0 0 1
    outer loop
      vertex -15.5862 3.12834 6
      vertex -15.8158 1.60472 6
      vertex -15.7356 1.58931 6
    endloop
  endfacet
  facet normal 0 0 1
    outer loop
      vertex -15.7356 1.58931 6
      vertex -15.8158 1.60472 6
      vertex -15.7399 1.58975 6
    endloop
  endfacet
  facet normal 0 0 1
    outer loop
      vertex -15.9346 1.63472 6
      vertex -15.7085 3.1347 6
      vertex -15.8762 3.13451 6
    endloop
  endfacet
  facet normal 0 0 1
    outer loop
      vertex -15.7085 3.1347 6
      vertex -15.9346 1.63472 6
      vertex -15.8158 1.60472 6
    endloop
  endfacet
  facet normal 0 0 1
    outer loop
      vertex -16.0948 1.68434 6
      vertex -15.8762 3.13451 6
      vertex -16.0888 3.12292 6
    endloop
  endfacet
  facet normal 0 0 1
    outer loop
      vertex -15.8762 3.13451 6
      vertex -16.0948 1.68434 6
      vertex -15.9346 1.63472 6
    endloop
  endfacet
  facet normal 0 0 1
    outer loop
      vertex -16.0888 3.12292 6
      vertex -16.2945 1.75807 6
      vertex -16.0948 1.68434 6
    endloop
  endfacet
  facet normal -0 0 1
    outer loop
      vertex -16.3454 3.09517 6
      vertex -16.2945 1.75807 6
      vertex -16.0888 3.12292 6
    endloop
  endfacet
  facet normal 0 0 1
    outer loop
      vertex -16.3454 3.09517 6
      vertex -16.5315 1.86021 6
      vertex -16.2945 1.75807 6
    endloop
  endfacet
  facet normal -0 0 1
    outer loop
      vertex -16.6447 3.04652 6
      vertex -16.5315 1.86021 6
      vertex -16.3454 3.09517 6
    endloop
  endfacet
  facet normal 0 0 1
    outer loop
      vertex -16.6447 3.04652 6
      vertex -16.8032 1.99492 6
      vertex -16.5315 1.86021 6
    endloop
  endfacet
  facet normal -0 0 1
    outer loop
      vertex -16.9852 2.97234 6
      vertex -16.8032 1.99492 6
      vertex -16.6447 3.04652 6
    endloop
  endfacet
  facet normal 0 0 1
    outer loop
      vertex -16.9852 2.97234 6
      vertex -17.1067 2.16617 6
      vertex -16.8032 1.99492 6
    endloop
  endfacet
  facet normal -0 0 1
    outer loop
      vertex -17.3647 2.86812 6
      vertex -17.1067 2.16617 6
      vertex -16.9852 2.97234 6
    endloop
  endfacet
  facet normal 0 0 1
    outer loop
      vertex -17.1067 2.16617 6
      vertex -17.3647 2.86812 6
      vertex -17.4386 2.37762 6
    endloop
  endfacet
  facet normal 0 0 1
    outer loop
      vertex -15.8158 -1.60472 6
      vertex -15.7329 -1.58905 6
      vertex -15.7399 -1.58975 6
    endloop
  endfacet
  facet normal 0 0 1
    outer loop
      vertex -15.5862 -3.12834 6
      vertex -15.8158 -1.60472 6
      vertex -15.7085 -3.1347 6
    endloop
  endfacet
  facet normal -0 0 1
    outer loop
      vertex -15.9346 -1.63472 6
      vertex -15.7085 -3.1347 6
      vertex -15.8158 -1.60472 6
    endloop
  endfacet
  facet normal 0 0 1
    outer loop
      vertex -15.7085 -3.1347 6
      vertex -15.9346 -1.63472 6
      vertex -15.8762 -3.13451 6
    endloop
  endfacet
  facet normal -0 0 1
    outer loop
      vertex -16.0948 -1.68434 6
      vertex -15.8762 -3.13451 6
      vertex -15.9346 -1.63472 6
    endloop
  endfacet
  facet normal 0 0 1
    outer loop
      vertex -15.8762 -3.13451 6
      vertex -16.0948 -1.68434 6
      vertex -16.0888 -3.12292 6
    endloop
  endfacet
  facet normal -0 0 1
    outer loop
      vertex -16.2945 -1.75807 6
      vertex -16.0888 -3.12292 6
      vertex -16.0948 -1.68434 6
    endloop
  endfacet
  facet normal 0 0 1
    outer loop
      vertex -16.2945 -1.75807 6
      vertex -16.3454 -3.09517 6
      vertex -16.0888 -3.12292 6
    endloop
  endfacet
  facet normal -0 0 1
    outer loop
      vertex -16.5315 -1.86021 6
      vertex -16.3454 -3.09517 6
      vertex -16.2945 -1.75807 6
    endloop
  endfacet
  facet normal 0 0 1
    outer loop
      vertex -16.5315 -1.86021 6
      vertex -16.6447 -3.04652 6
      vertex -16.3454 -3.09517 6
    endloop
  endfacet
  facet normal -0 0 1
    outer loop
      vertex -16.8032 -1.99492 6
      vertex -16.6447 -3.04652 6
      vertex -16.5315 -1.86021 6
    endloop
  endfacet
  facet normal 0 0 1
    outer loop
      vertex -16.8032 -1.99492 6
      vertex -16.9852 -2.97234 6
      vertex -16.6447 -3.04652 6
    endloop
  endfacet
  facet normal -0 0 1
    outer loop
      vertex -17.1067 -2.16617 6
      vertex -16.9852 -2.97234 6
      vertex -16.8032 -1.99492 6
    endloop
  endfacet
  facet normal 0 0 1
    outer loop
      vertex -17.1067 -2.16617 6
      vertex -17.3647 -2.86812 6
      vertex -16.9852 -2.97234 6
    endloop
  endfacet
  facet normal 0 -0 1
    outer loop
      vertex -17.3647 -2.86812 6
      vertex -17.1067 -2.16617 6
      vertex -17.4386 -2.37762 6
    endloop
  endfacet
  facet normal 0 0 1
    outer loop
      vertex -15.7967 -0.773697 6
      vertex -4 0 6
      vertex -15.794 0.77356 6
    endloop
  endfacet
  facet normal 0 0 1
    outer loop
      vertex -3.98478 -0.348622 6
      vertex -15.7967 -0.773697 6
      vertex -15.7329 -1.58905 6
    endloop
  endfacet
  facet normal 0 0 1
    outer loop
      vertex -15.8783 0.770416 6
      vertex -15.794 0.77356 6
      vertex -15.8011 0.773911 6
    endloop
  endfacet
  facet normal 0 0 1
    outer loop
      vertex -15.794 0.77356 6
      vertex -15.8783 0.770416 6
      vertex -15.7967 -0.773697 6
    endloop
  endfacet
  facet normal -0 0 1
    outer loop
      vertex -15.8783 -0.770416 6
      vertex -15.7967 -0.773697 6
      vertex -15.8783 0.770416 6
    endloop
  endfacet
  facet normal 0 0 1
    outer loop
      vertex -15.7967 -0.773697 6
      vertex -15.8783 -0.770416 6
      vertex -15.8011 -0.773911 6
    endloop
  endfacet
  facet normal -0 0 1
    outer loop
      vertex -16.0003 0.758469 6
      vertex -15.8783 -0.770416 6
      vertex -15.8783 0.770416 6
    endloop
  endfacet
  facet normal 0 0 1
    outer loop
      vertex -16.0003 0.758469 6
      vertex -16.0003 -0.758469 6
      vertex -15.8783 -0.770416 6
    endloop
  endfacet
  facet normal -0 0 1
    outer loop
      vertex -16.1661 0.733276 6
      vertex -16.0003 -0.758469 6
      vertex -16.0003 0.758469 6
    endloop
  endfacet
  facet normal 0 0 1
    outer loop
      vertex -16.1661 0.733276 6
      vertex -16.1661 -0.733276 6
      vertex -16.0003 -0.758469 6
    endloop
  endfacet
  facet normal -0 0 1
    outer loop
      vertex -16.3746 0.69014 6
      vertex -16.1661 -0.733276 6
      vertex -16.1661 0.733276 6
    endloop
  endfacet
  facet normal 0 0 1
    outer loop
      vertex -16.3746 0.69014 6
      vertex -16.3746 -0.69014 6
      vertex -16.1661 -0.733276 6
    endloop
  endfacet
  facet normal -0 0 1
    outer loop
      vertex -16.6241 0.624451 6
      vertex -16.3746 -0.69014 6
      vertex -16.3746 0.69014 6
    endloop
  endfacet
  facet normal 0 0 1
    outer loop
      vertex -16.6241 0.624451 6
      vertex -16.6241 -0.624451 6
      vertex -16.3746 -0.69014 6
    endloop
  endfacet
  facet normal -0 0 1
    outer loop
      vertex -16.9129 0.531738 6
      vertex -16.6241 -0.624451 6
      vertex -16.6241 0.624451 6
    endloop
  endfacet
  facet normal 0 0 1
    outer loop
      vertex -16.9129 0.531738 6
      vertex -16.9129 -0.531738 6
      vertex -16.6241 -0.624451 6
    endloop
  endfacet
  facet normal -0 0 1
    outer loop
      vertex -17.2384 0.407639 6
      vertex -16.9129 -0.531738 6
      vertex -16.9129 0.531738 6
    endloop
  endfacet
  facet normal 0 0 1
    outer loop
      vertex -17.2384 0.407639 6
      vertex -17.2384 -0.407639 6
      vertex -16.9129 -0.531738 6
    endloop
  endfacet
  facet normal -0 0 1
    outer loop
      vertex -17.5983 0.248016 6
      vertex -17.2384 -0.407639 6
      vertex -17.2384 0.407639 6
    endloop
  endfacet
  facet normal 0 0 1
    outer loop
      vertex -17.2384 -0.407639 6
      vertex -17.5983 0.248016 6
      vertex -17.5983 -0.248016 6
    endloop
  endfacet
  facet normal 0 0 1
    outer loop
      vertex -0.439346 16.0122 6
      vertex -1.95204 15.8988 6
      vertex -1.95485 15.7764 6
    endloop
  endfacet
  facet normal 0 0 1
    outer loop
      vertex -0.41832 15.8915 6
      vertex -1.95485 15.7764 6
      vertex -1.95203 15.6947 6
    endloop
  endfacet
  facet normal 0 0 1
    outer loop
      vertex -1.95203 15.6947 6
      vertex -1.95485 15.7764 6
      vertex -1.95256 15.699 6
    endloop
  endfacet
  facet normal -0 -0 1
    outer loop
      vertex -1.86502 -16.531 6
      vertex -0.619614 -16.6243 6
      vertex -1.91188 -16.2772 6
    endloop
  endfacet
  facet normal 0 0 1
    outer loop
      vertex -1.95485 -15.7764 6
      vertex -1.95169 -15.692 6
      vertex -1.95256 -15.699 6
    endloop
  endfacet
  facet normal -0 -0 1
    outer loop
      vertex -1.91188 -16.2772 6
      vertex -0.535461 -16.3804 6
      vertex -1.93932 -16.0661 6
    endloop
  endfacet
  facet normal 0 0 -1
    outer loop
      vertex 0.41832 -15.8915 0
      vertex 1.95485 -15.7764 0
      vertex 1.95204 -15.8988 0
    endloop
  endfacet
  facet normal 0 0 -1
    outer loop
      vertex 1.95485 -15.7764 0
      vertex 1.95203 -15.6947 0
      vertex 1.95256 -15.699 0
    endloop
  endfacet
  facet normal 0 0 -1
    outer loop
      vertex 0.439346 -16.0122 0
      vertex 1.95204 -15.8988 0
      vertex 1.93932 -16.0661 0
    endloop
  endfacet
  facet normal 0 0 -1
    outer loop
      vertex 2.97084 -16.1176 0
      vertex 4.31651 -15.8105 0
      vertex 4.30801 -16.0684 0
    endloop
  endfacet
  facet normal -0 0 -1
    outer loop
      vertex 4.31651 -15.8105 0
      vertex 2.97084 -16.1176 0
      vertex 4.31218 -15.5976 0
    endloop
  endfacet
  facet normal 0 0 -1
    outer loop
      vertex 2.8824 -15.9239 0
      vertex 4.31218 -15.5976 0
      vertex 2.97084 -16.1176 0
    endloop
  endfacet
  facet normal 0 0 -1
    outer loop
      vertex 3.09042 -16.3463 0
      vertex 4.30801 -16.0684 0
      vertex 4.28186 -16.3705 0
    endloop
  endfacet
  facet normal -0 0 -1
    outer loop
      vertex 4.31218 -15.5976 0
      vertex 2.8824 -15.9239 0
      vertex 4.29984 -15.4303 0
    endloop
  endfacet
  facet normal 0 0 -1
    outer loop
      vertex 2.82094 -15.7679 0
      vertex 4.29984 -15.4303 0
      vertex 2.8824 -15.9239 0
    endloop
  endfacet
  facet normal 0 0 -1
    outer loop
      vertex 3.24506 -16.6071 0
      vertex 4.28186 -16.3705 0
      vertex 4.23332 -16.7155 0
    endloop
  endfacet
  facet normal 0 0 -1
    outer loop
      vertex 5.91844 -16.1957 0
      vertex 6.67737 -15.8979 0
      vertex 6.66023 -16.2911 0
    endloop
  endfacet
  facet normal -0 0 -1
    outer loop
      vertex 6.67737 -15.8979 0
      vertex 5.91844 -16.1957 0
      vertex 6.67393 -15.5495 0
    endloop
  endfacet
  facet normal 0 0 -1
    outer loop
      vertex 5.68398 -15.938 0
      vertex 6.67393 -15.5495 0
      vertex 5.91844 -16.1957 0
    endloop
  endfacet
  facet normal -0 0 -1
    outer loop
      vertex 6.67393 -15.5495 0
      vertex 5.68398 -15.938 0
      vertex 6.65475 -15.2468 0
    endloop
  endfacet
  facet normal -0 0 -1
    outer loop
      vertex 6.65475 -15.2468 0
      vertex 5.49219 -15.7031 0
      vertex 6.62473 -14.9905 0
    endloop
  endfacet
  facet normal 0 0 -1
    outer loop
      vertex 5.33986 -15.4948 0
      vertex 6.62473 -14.9905 0
      vertex 5.49219 -15.7031 0
    endloop
  endfacet
  facet normal -0 0 -1
    outer loop
      vertex 6.62473 -14.9905 0
      vertex 5.33986 -15.4948 0
      vertex 6.58871 -14.7807 0
    endloop
  endfacet
  facet normal 0 0 -1
    outer loop
      vertex 5.22354 -15.3165 0
      vertex 6.58871 -14.7807 0
      vertex 5.33986 -15.4948 0
    endloop
  endfacet
  facet normal 0 0 -1
    outer loop
      vertex 5.91844 -16.1957 0
      vertex 6.66023 -16.2911 0
      vertex 6.19849 -16.4724 0
    endloop
  endfacet
  facet normal 0 0 -1
    outer loop
      vertex 5.49219 -15.7031 0
      vertex 6.65475 -15.2468 0
      vertex 5.68398 -15.938 0
    endloop
  endfacet
  facet normal -0 0 -1
    outer loop
      vertex 6.58871 -14.7807 0
      vertex 5.22354 -15.3165 0
      vertex 6.55159 -14.6171 0
    endloop
  endfacet
  facet normal 0 0 -1
    outer loop
      vertex 2.77036 -7.61151 0
      vertex 6.49139 -14.4221 0
      vertex 5.05011 -14.9849 0
    endloop
  endfacet
  facet normal 0 0 -1
    outer loop
      vertex 5.13951 -15.1713 0
      vertex 6.55159 -14.6171 0
      vertex 5.22354 -15.3165 0
    endloop
  endfacet
  facet normal -0 0 -1
    outer loop
      vertex 6.55159 -14.6171 0
      vertex 5.13951 -15.1713 0
      vertex 6.51816 -14.4993 0
    endloop
  endfacet
  facet normal 0 0 -1
    outer loop
      vertex 5.08383 -15.0622 0
      vertex 6.51816 -14.4993 0
      vertex 5.13951 -15.1713 0
    endloop
  endfacet
  facet normal 0 -0 -1
    outer loop
      vertex 6.49139 -14.4221 0
      vertex 6.51816 -14.4993 0
      vertex 5.08383 -15.0622 0
    endloop
  endfacet
  facet normal 0 0 -1
    outer loop
      vertex 6.49139 -14.4221 0
      vertex 5.72756 -5.72756 0
      vertex 6.20496 -5.20658 0
    endloop
  endfacet
  facet normal 0 0 -1
    outer loop
      vertex 6.51816 -14.4993 0
      vertex 6.49139 -14.4221 0
      vertex 6.49318 -14.426 0
    endloop
  endfacet
  facet normal 0 0 -1
    outer loop
      vertex 6.49139 -14.4221 0
      vertex 5.08383 -15.0622 0
      vertex 5.05011 -14.9849 0
    endloop
  endfacet
  facet normal 0 0 -1
    outer loop
      vertex 5.05011 -14.9849 0
      vertex 5.08383 -15.0622 0
      vertex 5.05235 -14.9915 0
    endloop
  endfacet
  facet normal 0 0 -1
    outer loop
      vertex 6.49139 -14.4221 0
      vertex 5.20658 -6.20496 0
      vertex 5.72756 -5.72756 0
    endloop
  endfacet
  facet normal 0 0 -1
    outer loop
      vertex 6.49139 -14.4221 0
      vertex 4.64597 -6.63513 0
      vertex 5.20658 -6.20496 0
    endloop
  endfacet
  facet normal 0 0 -1
    outer loop
      vertex 2.09643 -7.824 0
      vertex 5.05011 -14.9849 0
      vertex 4.26939 -15.2285 0
    endloop
  endfacet
  facet normal 0 0 -1
    outer loop
      vertex 3.43849 -16.8969 0
      vertex 4.23332 -16.7155 0
      vertex 4.15778 -17.1018 0
    endloop
  endfacet
  facet normal -0 0 -1
    outer loop
      vertex 4.28186 -16.3705 0
      vertex 3.24506 -16.6071 0
      vertex 3.09042 -16.3463 0
    endloop
  endfacet
  facet normal 0 0 -1
    outer loop
      vertex 2.09643 -7.824 0
      vertex 4.26939 -15.2285 0
      vertex 2.76033 -15.5702 0
    endloop
  endfacet
  facet normal 0 0 -1
    outer loop
      vertex 3.43849 -16.8969 0
      vertex 4.15778 -17.1018 0
      vertex 3.67418 -17.2122 0
    endloop
  endfacet
  facet normal -0 0 -1
    outer loop
      vertex 4.23332 -16.7155 0
      vertex 3.43849 -16.8969 0
      vertex 3.24506 -16.6071 0
    endloop
  endfacet
  facet normal 0 0 -1
    outer loop
      vertex 6.49139 -14.4221 0
      vertex 4.05 -7.0148 0
      vertex 4.64597 -6.63513 0
    endloop
  endfacet
  facet normal 0 0 -1
    outer loop
      vertex 4.30801 -16.0684 0
      vertex 3.09042 -16.3463 0
      vertex 2.97084 -16.1176 0
    endloop
  endfacet
  facet normal -0 0 -1
    outer loop
      vertex 4.29984 -15.4303 0
      vertex 2.82094 -15.7679 0
      vertex 4.28435 -15.3088 0
    endloop
  endfacet
  facet normal 0 0 -1
    outer loop
      vertex 2.78215 -15.6517 0
      vertex 4.28435 -15.3088 0
      vertex 2.82094 -15.7679 0
    endloop
  endfacet
  facet normal 0 -0 -1
    outer loop
      vertex 4.26939 -15.2285 0
      vertex 4.28435 -15.3088 0
      vertex 2.78215 -15.6517 0
    endloop
  endfacet
  facet normal 0 0 -1
    outer loop
      vertex 4.28435 -15.3088 0
      vertex 4.26939 -15.2285 0
      vertex 4.27057 -15.2327 0
    endloop
  endfacet
  facet normal 0 0 -1
    outer loop
      vertex 4.26939 -15.2285 0
      vertex 2.78215 -15.6517 0
      vertex 2.76033 -15.5702 0
    endloop
  endfacet
  facet normal 0 0 -1
    outer loop
      vertex 6.49139 -14.4221 0
      vertex 3.42321 -7.34109 0
      vertex 4.05 -7.0148 0
    endloop
  endfacet
  facet normal 0 0 -1
    outer loop
      vertex 2.76033 -15.5702 0
      vertex 2.78215 -15.6517 0
      vertex 2.76155 -15.5771 0
    endloop
  endfacet
  facet normal 0 0 -1
    outer loop
      vertex 6.49139 -14.4221 0
      vertex 2.77036 -7.61151 0
      vertex 3.42321 -7.34109 0
    endloop
  endfacet
  facet normal 0 0 -1
    outer loop
      vertex 5.05011 -14.9849 0
      vertex 2.09643 -7.824 0
      vertex 2.77036 -7.61151 0
    endloop
  endfacet
  facet normal 0 0 -1
    outer loop
      vertex 1.40655 -7.97694 0
      vertex 2.76033 -15.5702 0
      vertex 1.95203 -15.6947 0
    endloop
  endfacet
  facet normal 0 0 -1
    outer loop
      vertex 0.41832 -15.8915 0
      vertex 1.95204 -15.8988 0
      vertex 0.439346 -16.0122 0
    endloop
  endfacet
  facet normal 0 0 -1
    outer loop
      vertex 0.476852 -16.1757 0
      vertex 1.93932 -16.0661 0
      vertex 1.91188 -16.2772 0
    endloop
  endfacet
  facet normal 0 0 -1
    outer loop
      vertex 0.535461 -16.3804 0
      vertex 1.91188 -16.2772 0
      vertex 1.86502 -16.531 0
    endloop
  endfacet
  facet normal 0 0 -1
    outer loop
      vertex 0.619614 -16.6243 0
      vertex 1.86502 -16.531 0
      vertex 1.79414 -16.8258 0
    endloop
  endfacet
  facet normal 0 0 -1
    outer loop
      vertex 0.733643 -16.9053 0
      vertex 1.79414 -16.8258 0
      vertex 1.69472 -17.1598 0
    endloop
  endfacet
  facet normal 0 0 -1
    outer loop
      vertex 0.881729 -17.2207 0
      vertex 1.69472 -17.1598 0
      vertex 1.56244 -17.5305 0
    endloop
  endfacet
  facet normal 0 -0 -1
    outer loop
      vertex 0.705961 -8.06918 0
      vertex 1.95203 -15.6947 0
      vertex 0.408875 -15.8077 0
    endloop
  endfacet
  facet normal 0 0 -1
    outer loop
      vertex 0.881729 -17.2207 0
      vertex 1.56244 -17.5305 0
      vertex 1.06779 -17.5676 0
    endloop
  endfacet
  facet normal -0 0 -1
    outer loop
      vertex 1.69472 -17.1598 0
      vertex 0.881729 -17.2207 0
      vertex 0.733643 -16.9053 0
    endloop
  endfacet
  facet normal -0 0 -1
    outer loop
      vertex 1.79414 -16.8258 0
      vertex 0.733643 -16.9053 0
      vertex 0.619614 -16.6243 0
    endloop
  endfacet
  facet normal 0 0 -1
    outer loop
      vertex 2.76033 -15.5702 0
      vertex 1.40655 -7.97694 0
      vertex 2.09643 -7.824 0
    endloop
  endfacet
  facet normal -0 0 -1
    outer loop
      vertex 1.86502 -16.531 0
      vertex 0.619614 -16.6243 0
      vertex 0.535461 -16.3804 0
    endloop
  endfacet
  facet normal -0 0 -1
    outer loop
      vertex 1.91188 -16.2772 0
      vertex 0.535461 -16.3804 0
      vertex 0.476852 -16.1757 0
    endloop
  endfacet
  facet normal -0 0 -1
    outer loop
      vertex 1.93932 -16.0661 0
      vertex 0.476852 -16.1757 0
      vertex 0.439346 -16.0122 0
    endloop
  endfacet
  facet normal -0 0 -1
    outer loop
      vertex 1.95485 -15.7764 0
      vertex 0.41832 -15.8915 0
      vertex 1.95203 -15.6947 0
    endloop
  endfacet
  facet normal 0 0 -1
    outer loop
      vertex 1.95203 -15.6947 0
      vertex 0.41832 -15.8915 0
      vertex 0.408875 -15.8077 0
    endloop
  endfacet
  facet normal 0 0 -1
    outer loop
      vertex 0.408875 -15.8077 0
      vertex 0.41832 -15.8915 0
      vertex 0.409058 -15.8147 0
    endloop
  endfacet
  facet normal 0 0 -1
    outer loop
      vertex 1.95203 -15.6947 0
      vertex 0.705961 -8.06918 0
      vertex 1.40655 -7.97694 0
    endloop
  endfacet
  facet normal 0 0 -1
    outer loop
      vertex 0.408875 -15.8077 0
      vertex 0 -8.1 0
      vertex 0.705961 -8.06918 0
    endloop
  endfacet
  facet normal 0 0 -1
    outer loop
      vertex -0.408951 -15.8103 0
      vertex 0 -8.1 0
      vertex 0.408875 -15.8077 0
    endloop
  endfacet
  facet normal 0 0 -1
    outer loop
      vertex -0.41832 -15.8915 0
      vertex -0.408951 -15.8103 0
      vertex -0.409058 -15.8147 0
    endloop
  endfacet
  facet normal 0 0 -1
    outer loop
      vertex -1.95169 -15.692 0
      vertex -0.408951 -15.8103 0
      vertex -0.41832 -15.8915 0
    endloop
  endfacet
  facet normal 0 0 -1
    outer loop
      vertex -1.95485 -15.7764 0
      vertex -0.41832 -15.8915 0
      vertex -0.439346 -16.0122 0
    endloop
  endfacet
  facet normal 0 0 -1
    outer loop
      vertex -1.95204 -15.8988 0
      vertex -0.439346 -16.0122 0
      vertex -0.476852 -16.1757 0
    endloop
  endfacet
  facet normal 0 0 -1
    outer loop
      vertex -1.93932 -16.0661 0
      vertex -0.476852 -16.1757 0
      vertex -0.535461 -16.3804 0
    endloop
  endfacet
  facet normal 0 0 -1
    outer loop
      vertex -1.91188 -16.2772 0
      vertex -0.535461 -16.3804 0
      vertex -0.619614 -16.6243 0
    endloop
  endfacet
  facet normal 0 0 -1
    outer loop
      vertex -0.408951 -15.8103 0
      vertex -1.95169 -15.692 0
      vertex -0.705961 -8.06918 0
    endloop
  endfacet
  facet normal 0 0 -1
    outer loop
      vertex -1.86502 -16.531 0
      vertex -0.619614 -16.6243 0
      vertex -0.733643 -16.9053 0
    endloop
  endfacet
  facet normal 0 0 -1
    outer loop
      vertex -1.79414 -16.8258 0
      vertex -0.733643 -16.9053 0
      vertex -0.881729 -17.2207 0
    endloop
  endfacet
  facet normal 0 0 -1
    outer loop
      vertex -1.69472 -17.1598 0
      vertex -0.881729 -17.2207 0
      vertex -1.06779 -17.5676 0
    endloop
  endfacet
  facet normal 0 0 -1
    outer loop
      vertex -0.408951 -15.8103 0
      vertex -0.705961 -8.06918 0
      vertex 0 -8.1 0
    endloop
  endfacet
  facet normal 0 0 -1
    outer loop
      vertex -1.69472 -17.1598 0
      vertex -1.06779 -17.5676 0
      vertex -1.56244 -17.5305 0
    endloop
  endfacet
  facet normal 0 0 -1
    outer loop
      vertex -0.881729 -17.2207 0
      vertex -1.69472 -17.1598 0
      vertex -1.79414 -16.8258 0
    endloop
  endfacet
  facet normal 0 0 -1
    outer loop
      vertex -0.733643 -16.9053 0
      vertex -1.79414 -16.8258 0
      vertex -1.86502 -16.531 0
    endloop
  endfacet
  facet normal 0 0 -1
    outer loop
      vertex -0.619614 -16.6243 0
      vertex -1.86502 -16.531 0
      vertex -1.91188 -16.2772 0
    endloop
  endfacet
  facet normal 0 0 -1
    outer loop
      vertex -0.535461 -16.3804 0
      vertex -1.91188 -16.2772 0
      vertex -1.93932 -16.0661 0
    endloop
  endfacet
  facet normal 0 0 -1
    outer loop
      vertex -0.476852 -16.1757 0
      vertex -1.93932 -16.0661 0
      vertex -1.95204 -15.8988 0
    endloop
  endfacet
  facet normal -0 0 -1
    outer loop
      vertex -0.705961 -8.06918 0
      vertex -1.95169 -15.692 0
      vertex -1.40655 -7.97694 0
    endloop
  endfacet
  facet normal 0 0 -1
    outer loop
      vertex -2.76079 -15.5728 0
      vertex -1.40655 -7.97694 0
      vertex -1.95169 -15.692 0
    endloop
  endfacet
  facet normal -0 0 -1
    outer loop
      vertex -1.40655 -7.97694 0
      vertex -2.76079 -15.5728 0
      vertex -2.09643 -7.824 0
    endloop
  endfacet
  facet normal 0 0 -1
    outer loop
      vertex -2.78215 -15.6517 0
      vertex -2.76079 -15.5728 0
      vertex -2.76155 -15.5771 0
    endloop
  endfacet
  facet normal 0 0 -1
    outer loop
      vertex -2.76079 -15.5728 0
      vertex -4.26868 -15.2259 0
      vertex -2.09643 -7.824 0
    endloop
  endfacet
  facet normal -0 0 -1
    outer loop
      vertex -2.76079 -15.5728 0
      vertex -2.78215 -15.6517 0
      vertex -4.26868 -15.2259 0
    endloop
  endfacet
  facet normal 0 0 -1
    outer loop
      vertex -4.28435 -15.3088 0
      vertex -2.78215 -15.6517 0
      vertex -2.82094 -15.7679 0
    endloop
  endfacet
  facet normal 0 0 -1
    outer loop
      vertex -4.29984 -15.4303 0
      vertex -2.82094 -15.7679 0
      vertex -2.8824 -15.9239 0
    endloop
  endfacet
  facet normal 0 0 -1
    outer loop
      vertex -4.31218 -15.5976 0
      vertex -2.8824 -15.9239 0
      vertex -2.97084 -16.1176 0
    endloop
  endfacet
  facet normal 0 0 -1
    outer loop
      vertex -4.31651 -15.8105 0
      vertex -2.97084 -16.1176 0
      vertex -3.09042 -16.3463 0
    endloop
  endfacet
  facet normal 0 0 -1
    outer loop
      vertex -4.30801 -16.0684 0
      vertex -3.09042 -16.3463 0
      vertex -3.24506 -16.6071 0
    endloop
  endfacet
  facet normal 0 0 -1
    outer loop
      vertex -5.05096 -14.9874 0
      vertex -2.09643 -7.824 0
      vertex -4.26868 -15.2259 0
    endloop
  endfacet
  facet normal 0 0 -1
    outer loop
      vertex -4.28186 -16.3705 0
      vertex -3.24506 -16.6071 0
      vertex -3.43849 -16.8969 0
    endloop
  endfacet
  facet normal 0 0 -1
    outer loop
      vertex -4.23332 -16.7155 0
      vertex -3.43849 -16.8969 0
      vertex -3.67418 -17.2122 0
    endloop
  endfacet
  facet normal -0 0 -1
    outer loop
      vertex -2.09643 -7.824 0
      vertex -5.05096 -14.9874 0
      vertex -2.77036 -7.61151 0
    endloop
  endfacet
  facet normal 0 0 -1
    outer loop
      vertex -4.23332 -16.7155 0
      vertex -3.67418 -17.2122 0
      vertex -4.15778 -17.1018 0
    endloop
  endfacet
  facet normal 0 0 -1
    outer loop
      vertex -3.43849 -16.8969 0
      vertex -4.23332 -16.7155 0
      vertex -4.28186 -16.3705 0
    endloop
  endfacet
  facet normal 0 0 -1
    outer loop
      vertex -6.4903 -14.4196 0
      vertex -2.77036 -7.61151 0
      vertex -5.05096 -14.9874 0
    endloop
  endfacet
  facet normal -0 0 -1
    outer loop
      vertex -2.77036 -7.61151 0
      vertex -6.4903 -14.4196 0
      vertex -3.42321 -7.34109 0
    endloop
  endfacet
  facet normal 0 0 -1
    outer loop
      vertex -7.22832 -14.0672 0
      vertex -3.42321 -7.34109 0
      vertex -6.4903 -14.4196 0
    endloop
  endfacet
  facet normal 0 0 -1
    outer loop
      vertex -5.08383 -15.0622 0
      vertex -5.05096 -14.9874 0
      vertex -5.05235 -14.9915 0
    endloop
  endfacet
  facet normal -0 0 -1
    outer loop
      vertex -5.05096 -14.9874 0
      vertex -5.08383 -15.0622 0
      vertex -6.4903 -14.4196 0
    endloop
  endfacet
  facet normal 0 0 -1
    outer loop
      vertex -6.51816 -14.4993 0
      vertex -5.08383 -15.0622 0
      vertex -5.13951 -15.1713 0
    endloop
  endfacet
  facet normal -0 0 -1
    outer loop
      vertex -3.42321 -7.34109 0
      vertex -7.22832 -14.0672 0
      vertex -4.05 -7.0148 0
    endloop
  endfacet
  facet normal 0 0 -1
    outer loop
      vertex -6.55159 -14.6171 0
      vertex -5.13951 -15.1713 0
      vertex -5.22354 -15.3165 0
    endloop
  endfacet
  facet normal 0 0 -1
    outer loop
      vertex -6.58871 -14.7807 0
      vertex -5.22354 -15.3165 0
      vertex -5.33986 -15.4948 0
    endloop
  endfacet
  facet normal 0 0 -1
    outer loop
      vertex -6.62473 -14.9905 0
      vertex -5.33986 -15.4948 0
      vertex -5.49219 -15.7031 0
    endloop
  endfacet
  facet normal 0 0 -1
    outer loop
      vertex -6.65475 -15.2468 0
      vertex -5.49219 -15.7031 0
      vertex -5.68398 -15.938 0
    endloop
  endfacet
  facet normal 0 0 -1
    outer loop
      vertex -8.56694 -13.2913 0
      vertex -4.05 -7.0148 0
      vertex -7.22832 -14.0672 0
    endloop
  endfacet
  facet normal 0 0 -1
    outer loop
      vertex -6.67393 -15.5495 0
      vertex -5.68398 -15.938 0
      vertex -5.91844 -16.1957 0
    endloop
  endfacet
  facet normal 0 0 -1
    outer loop
      vertex -6.67737 -15.8979 0
      vertex -5.91844 -16.1957 0
      vertex -6.19849 -16.4724 0
    endloop
  endfacet
  facet normal -0 0 -1
    outer loop
      vertex -4.05 -7.0148 0
      vertex -8.56694 -13.2913 0
      vertex -4.64597 -6.63513 0
    endloop
  endfacet
  facet normal 0 0 -1
    outer loop
      vertex -9.24419 -12.8327 0
      vertex -4.64597 -6.63513 0
      vertex -8.56694 -13.2913 0
    endloop
  endfacet
  facet normal 0 0 -1
    outer loop
      vertex -5.13951 -15.1713 0
      vertex -6.55159 -14.6171 0
      vertex -6.51816 -14.4993 0
    endloop
  endfacet
  facet normal 0 0 -1
    outer loop
      vertex -6.4903 -14.4196 0
      vertex -6.51816 -14.4993 0
      vertex -6.49318 -14.426 0
    endloop
  endfacet
  facet normal 0 0 -1
    outer loop
      vertex -5.08383 -15.0622 0
      vertex -6.51816 -14.4993 0
      vertex -6.4903 -14.4196 0
    endloop
  endfacet
  facet normal 0 0 -1
    outer loop
      vertex -5.22354 -15.3165 0
      vertex -6.58871 -14.7807 0
      vertex -6.55159 -14.6171 0
    endloop
  endfacet
  facet normal 0 0 -1
    outer loop
      vertex -5.33986 -15.4948 0
      vertex -6.62473 -14.9905 0
      vertex -6.58871 -14.7807 0
    endloop
  endfacet
  facet normal 0 0 -1
    outer loop
      vertex -5.49219 -15.7031 0
      vertex -6.65475 -15.2468 0
      vertex -6.62473 -14.9905 0
    endloop
  endfacet
  facet normal 0 0 -1
    outer loop
      vertex -6.67737 -15.8979 0
      vertex -6.19849 -16.4724 0
      vertex -6.66023 -16.2911 0
    endloop
  endfacet
  facet normal 0 0 -1
    outer loop
      vertex -5.68398 -15.938 0
      vertex -6.67393 -15.5495 0
      vertex -6.65475 -15.2468 0
    endloop
  endfacet
  facet normal 0 0 -1
    outer loop
      vertex -5.91844 -16.1957 0
      vertex -6.67737 -15.8979 0
      vertex -6.67393 -15.5495 0
    endloop
  endfacet
  facet normal 0 0 -1
    outer loop
      vertex 7.97694 1.40655 0
      vertex 8.56694 13.2913 0
      vertex 8.06918 0.705961 0
    endloop
  endfacet
  facet normal 0 0 -1
    outer loop
      vertex 7.824 2.09643 0
      vertex 8.56694 13.2913 0
      vertex 7.97694 1.40655 0
    endloop
  endfacet
  facet normal 0 0 -1
    outer loop
      vertex 7.61151 2.77036 0
      vertex 8.56694 13.2913 0
      vertex 7.824 2.09643 0
    endloop
  endfacet
  facet normal 0 0 -1
    outer loop
      vertex 7.34109 3.42321 0
      vertex 8.56694 13.2913 0
      vertex 7.61151 2.77036 0
    endloop
  endfacet
  facet normal 0 0 -1
    outer loop
      vertex 7.0148 4.05 0
      vertex 8.56694 13.2913 0
      vertex 7.34109 3.42321 0
    endloop
  endfacet
  facet normal 0 0 -1
    outer loop
      vertex 6.63513 4.64597 0
      vertex 8.56694 13.2913 0
      vertex 7.0148 4.05 0
    endloop
  endfacet
  facet normal 0 0 -1
    outer loop
      vertex 6.20496 5.20658 0
      vertex 8.56694 13.2913 0
      vertex 6.63513 4.64597 0
    endloop
  endfacet
  facet normal 0 -0 -1
    outer loop
      vertex 7.27196 14.1362 0
      vertex 8.56694 13.2913 0
      vertex 7.22832 14.0672 0
    endloop
  endfacet
  facet normal 0 0 -1
    outer loop
      vertex 8.56694 13.2913 0
      vertex 7.77127 14.7092 0
      vertex 7.99593 14.9128 0
    endloop
  endfacet
  facet normal 0 0 -1
    outer loop
      vertex 8.56694 13.2913 0
      vertex 7.5896 14.5259 0
      vertex 7.77127 14.7092 0
    endloop
  endfacet
  facet normal 0 0 -1
    outer loop
      vertex 8.56694 13.2913 0
      vertex 7.448 14.3669 0
      vertex 7.5896 14.5259 0
    endloop
  endfacet
  facet normal 0 0 -1
    outer loop
      vertex 8.56694 13.2913 0
      vertex 7.34328 14.2359 0
      vertex 7.448 14.3669 0
    endloop
  endfacet
  facet normal 0 0 -1
    outer loop
      vertex 7.27196 14.1362 0
      vertex 7.22832 14.0672 0
      vertex 7.2303 14.0711 0
    endloop
  endfacet
  facet normal 0 0 -1
    outer loop
      vertex 8.56694 13.2913 0
      vertex 7.27196 14.1362 0
      vertex 7.34328 14.2359 0
    endloop
  endfacet
  facet normal 0 0 -1
    outer loop
      vertex 8.56694 13.2913 0
      vertex 7.99593 14.9128 0
      vertex 8.26619 15.1328 0
    endloop
  endfacet
  facet normal 0 0 -1
    outer loop
      vertex 5.72756 5.72756 0
      vertex 8.56694 13.2913 0
      vertex 6.20496 5.20658 0
    endloop
  endfacet
  facet normal 0 0 -1
    outer loop
      vertex 5.20658 6.20496 0
      vertex 8.56694 13.2913 0
      vertex 5.72756 5.72756 0
    endloop
  endfacet
  facet normal 0 0 -1
    outer loop
      vertex 8.26619 -15.1328 0
      vertex 8.97224 -14.7251 0
      vertex 9.0139 -15.1165 0
    endloop
  endfacet
  facet normal -0 0 -1
    outer loop
      vertex 8.97224 -14.7251 0
      vertex 8.26619 -15.1328 0
      vertex 8.91693 -14.3811 0
    endloop
  endfacet
  facet normal 0 0 -1
    outer loop
      vertex 7.99593 -14.9128 0
      vertex 8.91693 -14.3811 0
      vertex 8.26619 -15.1328 0
    endloop
  endfacet
  facet normal -0 0 -1
    outer loop
      vertex 8.91693 -14.3811 0
      vertex 7.99593 -14.9128 0
      vertex 8.85286 -14.0847 0
    endloop
  endfacet
  facet normal -0 0 -1
    outer loop
      vertex 8.85286 -14.0847 0
      vertex 7.77127 -14.7092 0
      vertex 8.78496 -13.8357 0
    endloop
  endfacet
  facet normal 0 0 -1
    outer loop
      vertex 7.5896 -14.5259 0
      vertex 8.78496 -13.8357 0
      vertex 7.77127 -14.7092 0
    endloop
  endfacet
  facet normal 0 0 -1
    outer loop
      vertex 8.26619 -15.1328 0
      vertex 9.0139 -15.1165 0
      vertex 8.58434 -15.3645 0
    endloop
  endfacet
  facet normal 0 0 -1
    outer loop
      vertex 7.77127 -14.7092 0
      vertex 8.85286 -14.0847 0
      vertex 7.99593 -14.9128 0
    endloop
  endfacet
  facet normal -0 0 -1
    outer loop
      vertex 8.78496 -13.8357 0
      vertex 7.5896 -14.5259 0
      vertex 8.71808 -13.6336 0
    endloop
  endfacet
  facet normal -0 0 -1
    outer loop
      vertex 8.71808 -13.6336 0
      vertex 7.448 -14.3669 0
      vertex 8.65698 -13.4774 0
    endloop
  endfacet
  facet normal 0 0 -1
    outer loop
      vertex 7.448 -14.3669 0
      vertex 8.71808 -13.6336 0
      vertex 7.5896 -14.5259 0
    endloop
  endfacet
  facet normal 0 0 -1
    outer loop
      vertex 10.4293 -13.7317 0
      vertex 11.0667 -13.2234 0
      vertex 11.1662 -13.6042 0
    endloop
  endfacet
  facet normal -0 0 -1
    outer loop
      vertex 11.0667 -13.2234 0
      vertex 10.4293 -13.7317 0
      vertex 10.9607 -12.8915 0
    endloop
  endfacet
  facet normal 0 0 -1
    outer loop
      vertex 10.4293 -13.7317 0
      vertex 11.1662 -13.6042 0
      vertex 10.7784 -13.9135 0
    endloop
  endfacet
  facet normal 0 0 -1
    outer loop
      vertex 10.1293 -13.5545 0
      vertex 10.9607 -12.8915 0
      vertex 10.4293 -13.7317 0
    endloop
  endfacet
  facet normal -0 0 -1
    outer loop
      vertex 10.9607 -12.8915 0
      vertex 10.1293 -13.5545 0
      vertex 10.8532 -12.6079 0
    endloop
  endfacet
  facet normal 0 0 -1
    outer loop
      vertex 9.87675 -13.3866 0
      vertex 10.8532 -12.6079 0
      vertex 10.1293 -13.5545 0
    endloop
  endfacet
  facet normal -0 0 -1
    outer loop
      vertex 10.8532 -12.6079 0
      vertex 9.87675 -13.3866 0
      vertex 10.7489 -12.3719 0
    endloop
  endfacet
  facet normal 0 0 -1
    outer loop
      vertex 9.6698 -13.2324 0
      vertex 10.7489 -12.3719 0
      vertex 9.87675 -13.3866 0
    endloop
  endfacet
  facet normal -0 0 -1
    outer loop
      vertex 10.7489 -12.3719 0
      vertex 9.6698 -13.2324 0
      vertex 10.6527 -12.182 0
    endloop
  endfacet
  facet normal -0 0 -1
    outer loop
      vertex 10.6527 -12.182 0
      vertex 9.50609 -13.0963 0
      vertex 10.569 -12.0366 0
    endloop
  endfacet
  facet normal 0 0 -1
    outer loop
      vertex 9.50609 -13.0963 0
      vertex 10.6527 -12.182 0
      vertex 9.6698 -13.2324 0
    endloop
  endfacet
  facet normal 0 0 -1
    outer loop
      vertex 12.3594 -12.0239 0
      vertex 12.9139 -11.4263 0
      vertex 13.0691 -11.788 0
    endloop
  endfacet
  facet normal 0 0 -1
    outer loop
      vertex 12.3594 -12.0239 0
      vertex 13.0691 -11.788 0
      vertex 12.7317 -12.1517 0
    endloop
  endfacet
  facet normal -0 0 -1
    outer loop
      vertex 12.9139 -11.4263 0
      vertex 12.3594 -12.0239 0
      vertex 12.7597 -11.1139 0
    endloop
  endfacet
  facet normal 0 0 -1
    outer loop
      vertex 12.0363 -11.8935 0
      vertex 12.7597 -11.1139 0
      vertex 12.3594 -12.0239 0
    endloop
  endfacet
  facet normal -0 0 -1
    outer loop
      vertex 12.7597 -11.1139 0
      vertex 12.0363 -11.8935 0
      vertex 12.6111 -10.8495 0
    endloop
  endfacet
  facet normal 0 0 -1
    outer loop
      vertex 11.7616 -11.765 0
      vertex 12.6111 -10.8495 0
      vertex 12.0363 -11.8935 0
    endloop
  endfacet
  facet normal -0 0 -1
    outer loop
      vertex 12.6111 -10.8495 0
      vertex 11.7616 -11.765 0
      vertex 12.4728 -10.6316 0
    endloop
  endfacet
  facet normal 0 0 -1
    outer loop
      vertex 11.534 -11.6434 0
      vertex 12.4728 -10.6316 0
      vertex 11.7616 -11.765 0
    endloop
  endfacet
  facet normal -0 0 -1
    outer loop
      vertex 12.4728 -10.6316 0
      vertex 11.534 -11.6434 0
      vertex 12.3493 -10.4582 0
    endloop
  endfacet
  facet normal 0 0 -1
    outer loop
      vertex 11.3518 -11.5333 0
      vertex 12.3493 -10.4582 0
      vertex 11.534 -11.6434 0
    endloop
  endfacet
  facet normal 0 0 -1
    outer loop
      vertex 11.2131 -11.4389 0
      vertex 12.2449 -10.327 0
      vertex 11.3518 -11.5333 0
    endloop
  endfacet
  facet normal -0 0 -1
    outer loop
      vertex 12.3493 -10.4582 0
      vertex 11.3518 -11.5333 0
      vertex 12.2449 -10.327 0
    endloop
  endfacet
  facet normal 0 0 -1
    outer loop
      vertex 14.4006 -10.1184 0
      vertex 14.4727 -9.37395 0
      vertex 14.6801 -9.70853 0
    endloop
  endfacet
  facet normal 0 0 -1
    outer loop
      vertex 14.0134 -10.0476 0
      vertex 14.4727 -9.37395 0
      vertex 14.4006 -10.1184 0
    endloop
  endfacet
  facet normal -0 0 -1
    outer loop
      vertex 14.4727 -9.37395 0
      vertex 14.0134 -10.0476 0
      vertex 14.2736 -9.08801 0
    endloop
  endfacet
  facet normal 0 0 -1
    outer loop
      vertex 13.6745 -9.96669 0
      vertex 14.2736 -9.08801 0
      vertex 14.0134 -10.0476 0
    endloop
  endfacet
  facet normal -0 0 -1
    outer loop
      vertex 14.2736 -9.08801 0
      vertex 13.6745 -9.96669 0
      vertex 14.0873 -8.84875 0
    endloop
  endfacet
  facet normal 0 0 -1
    outer loop
      vertex 13.3837 -9.88065 0
      vertex 14.0873 -8.84875 0
      vertex 13.6745 -9.96669 0
    endloop
  endfacet
  facet normal -0 0 -1
    outer loop
      vertex 14.0873 -8.84875 0
      vertex 13.3837 -9.88065 0
      vertex 13.9181 -8.6539 0
    endloop
  endfacet
  facet normal 0 0 -1
    outer loop
      vertex 13.1405 -9.79434 0
      vertex 13.9181 -8.6539 0
      vertex 13.3837 -9.88065 0
    endloop
  endfacet
  facet normal -0 0 -1
    outer loop
      vertex 13.9181 -8.6539 0
      vertex 13.1405 -9.79434 0
      vertex 13.7701 -8.50081 0
    endloop
  endfacet
  facet normal 0 0 -1
    outer loop
      vertex 12.944 -9.71254 0
      vertex 13.7701 -8.50081 0
      vertex 13.1405 -9.79434 0
    endloop
  endfacet
  facet normal -0 0 -1
    outer loop
      vertex 13.7701 -8.50081 0
      vertex 12.944 -9.71254 0
      vertex 13.6473 -8.3866 0
    endloop
  endfacet
  facet normal -0 0 -1
    outer loop
      vertex 13.6473 -8.3866 0
      vertex 12.7928 -9.63994 0
      vertex 13.5533 -8.30803 0
    endloop
  endfacet
  facet normal 0 0 -1
    outer loop
      vertex 12.7928 -9.63994 0
      vertex 13.6473 -8.3866 0
      vertex 12.944 -9.71254 0
    endloop
  endfacet
  facet normal 0 0 -1
    outer loop
      vertex 15.7479 -7.85904 0
      vertex 15.7082 -7.1122 0
      vertex 15.9631 -7.41214 0
    endloop
  endfacet
  facet normal 0 0 -1
    outer loop
      vertex 15.3544 -7.84674 0
      vertex 15.7082 -7.1122 0
      vertex 15.7479 -7.85904 0
    endloop
  endfacet
  facet normal -0 0 -1
    outer loop
      vertex 15.7082 -7.1122 0
      vertex 15.3544 -7.84674 0
      vertex 15.4687 -6.85913 0
    endloop
  endfacet
  facet normal 0 0 -1
    outer loop
      vertex 15.0072 -7.81729 0
      vertex 15.4687 -6.85913 0
      vertex 15.3544 -7.84674 0
    endloop
  endfacet
  facet normal -0 0 -1
    outer loop
      vertex 15.4687 -6.85913 0
      vertex 15.0072 -7.81729 0
      vertex 15.2488 -6.65033 0
    endloop
  endfacet
  facet normal 0 0 -1
    outer loop
      vertex 14.7069 -7.77554 0
      vertex 15.2488 -6.65033 0
      vertex 15.0072 -7.81729 0
    endloop
  endfacet
  facet normal -0 0 -1
    outer loop
      vertex 15.2488 -6.65033 0
      vertex 14.7069 -7.77554 0
      vertex 15.0524 -6.48286 0
    endloop
  endfacet
  facet normal 0 0 -1
    outer loop
      vertex 14.4535 -7.72644 0
      vertex 15.0524 -6.48286 0
      vertex 14.7069 -7.77554 0
    endloop
  endfacet
  facet normal -0 0 -1
    outer loop
      vertex 15.0524 -6.48286 0
      vertex 14.4535 -7.72644 0
      vertex 14.8833 -6.35353 0
    endloop
  endfacet
  facet normal 0 0 -1
    outer loop
      vertex 14.247 -7.67485 0
      vertex 14.8833 -6.35353 0
      vertex 14.4535 -7.72644 0
    endloop
  endfacet
  facet normal -0 0 -1
    outer loop
      vertex 14.8833 -6.35353 0
      vertex 14.247 -7.67485 0
      vertex 14.7448 -6.2589 0
    endloop
  endfacet
  facet normal 0 0 -1
    outer loop
      vertex 14.0867 -7.62561 0
      vertex 14.7448 -6.2589 0
      vertex 14.247 -7.67485 0
    endloop
  endfacet
  facet normal 0 0 -1
    outer loop
      vertex 13.9716 -7.58347 0
      vertex 14.6401 -6.19522 0
      vertex 14.0867 -7.62561 0
    endloop
  endfacet
  facet normal -0 0 -1
    outer loop
      vertex 14.7448 -6.2589 0
      vertex 14.0867 -7.62561 0
      vertex 14.6401 -6.19522 0
    endloop
  endfacet
  facet normal 0 0 -1
    outer loop
      vertex 16.7433 -5.42416 0
      vertex 16.5927 -4.69159 0
      vertex 16.8895 -4.95016 0
    endloop
  endfacet
  facet normal 0 0 -1
    outer loop
      vertex 16.3524 -5.47064 0
      vertex 16.5927 -4.69159 0
      vertex 16.7433 -5.42416 0
    endloop
  endfacet
  facet normal 0 0 -1
    outer loop
      vertex 16.3524 -5.47064 0
      vertex 16.3182 -4.47704 0
      vertex 16.5927 -4.69159 0
    endloop
  endfacet
  facet normal 0 0 -1
    outer loop
      vertex 16.0047 -5.49327 0
      vertex 16.3182 -4.47704 0
      vertex 16.3524 -5.47064 0
    endloop
  endfacet
  facet normal -0 0 -1
    outer loop
      vertex 16.3182 -4.47704 0
      vertex 16.0047 -5.49327 0
      vertex 16.0696 -4.30334 0
    endloop
  endfacet
  facet normal 0 0 -1
    outer loop
      vertex 15.7015 -5.49675 0
      vertex 16.0696 -4.30334 0
      vertex 16.0047 -5.49327 0
    endloop
  endfacet
  facet normal -0 0 -1
    outer loop
      vertex 16.0696 -4.30334 0
      vertex 15.7015 -5.49675 0
      vertex 15.8505 -4.16701 0
    endloop
  endfacet
  facet normal 0 0 -1
    outer loop
      vertex 15.4437 -5.48596 0
      vertex 15.8505 -4.16701 0
      vertex 15.7015 -5.49675 0
    endloop
  endfacet
  facet normal -0 0 -1
    outer loop
      vertex 15.8505 -4.16701 0
      vertex 15.4437 -5.48596 0
      vertex 15.664 -4.06433 0
    endloop
  endfacet
  facet normal 0 0 -1
    outer loop
      vertex 15.2317 -5.46573 0
      vertex 15.664 -4.06433 0
      vertex 15.4437 -5.48596 0
    endloop
  endfacet
  facet normal -0 0 -1
    outer loop
      vertex 15.664 -4.06433 0
      vertex 15.2317 -5.46573 0
      vertex 15.513 -3.99138 0
    endloop
  endfacet
  facet normal 0 0 -1
    outer loop
      vertex 15.0659 -5.44093 0
      vertex 15.513 -3.99138 0
      vertex 15.2317 -5.46573 0
    endloop
  endfacet
  facet normal -0 0 -1
    outer loop
      vertex 15.513 -3.99138 0
      vertex 15.0659 -5.44093 0
      vertex 15.4 -3.94402 0
    endloop
  endfacet
  facet normal 0 -0 -1
    outer loop
      vertex 15.323 -3.91684 0
      vertex 15.4 -3.94402 0
      vertex 14.9458 -5.4164 0
    endloop
  endfacet
  facet normal 0 0 -1
    outer loop
      vertex 14.9458 -5.4164 0
      vertex 15.4 -3.94402 0
      vertex 15.0659 -5.44093 0
    endloop
  endfacet
  facet normal 0 0 -1
    outer loop
      vertex 17.3647 -2.86812 0
      vertex 17.1067 -2.16617 0
      vertex 17.4386 -2.37762 0
    endloop
  endfacet
  facet normal 0 0 -1
    outer loop
      vertex 16.9852 -2.97234 0
      vertex 17.1067 -2.16617 0
      vertex 17.3647 -2.86812 0
    endloop
  endfacet
  facet normal 0 0 -1
    outer loop
      vertex 16.9852 -2.97234 0
      vertex 16.8032 -1.99492 0
      vertex 17.1067 -2.16617 0
    endloop
  endfacet
  facet normal 0 0 -1
    outer loop
      vertex 16.6447 -3.04652 0
      vertex 16.8032 -1.99492 0
      vertex 16.9852 -2.97234 0
    endloop
  endfacet
  facet normal 0 0 -1
    outer loop
      vertex 16.6447 -3.04652 0
      vertex 16.5315 -1.86021 0
      vertex 16.8032 -1.99492 0
    endloop
  endfacet
  facet normal 0 0 -1
    outer loop
      vertex 16.3454 -3.09517 0
      vertex 16.5315 -1.86021 0
      vertex 16.6447 -3.04652 0
    endloop
  endfacet
  facet normal 0 0 -1
    outer loop
      vertex 16.3454 -3.09517 0
      vertex 16.2945 -1.75807 0
      vertex 16.5315 -1.86021 0
    endloop
  endfacet
  facet normal 0 0 -1
    outer loop
      vertex 16.0888 -3.12292 0
      vertex 16.2945 -1.75807 0
      vertex 16.3454 -3.09517 0
    endloop
  endfacet
  facet normal -0 0 -1
    outer loop
      vertex 16.2945 -1.75807 0
      vertex 16.0888 -3.12292 0
      vertex 16.0948 -1.68434 0
    endloop
  endfacet
  facet normal 0 0 -1
    outer loop
      vertex 15.8762 -3.13451 0
      vertex 16.0948 -1.68434 0
      vertex 16.0888 -3.12292 0
    endloop
  endfacet
  facet normal -0 0 -1
    outer loop
      vertex 16.0948 -1.68434 0
      vertex 15.8762 -3.13451 0
      vertex 15.9346 -1.63472 0
    endloop
  endfacet
  facet normal 0 0 -1
    outer loop
      vertex 15.7085 -3.1347 0
      vertex 15.9346 -1.63472 0
      vertex 15.8762 -3.13451 0
    endloop
  endfacet
  facet normal -0 0 -1
    outer loop
      vertex 15.9346 -1.63472 0
      vertex 15.7085 -3.1347 0
      vertex 15.8158 -1.60472 0
    endloop
  endfacet
  facet normal 0 0 -1
    outer loop
      vertex 15.5862 -3.12834 0
      vertex 15.8158 -1.60472 0
      vertex 15.7085 -3.1347 0
    endloop
  endfacet
  facet normal 0 0 -1
    outer loop
      vertex 15.8158 -1.60472 0
      vertex 15.7356 -1.58931 0
      vertex 15.7399 -1.58975 0
    endloop
  endfacet
  facet normal 0 -0 -1
    outer loop
      vertex 15.7356 -1.58931 0
      vertex 15.8158 -1.60472 0
      vertex 15.5862 -3.12834 0
    endloop
  endfacet
  facet normal 0 0 -1
    outer loop
      vertex 17.2384 -0.407639 0
      vertex 17.5983 0.248016 0
      vertex 17.5983 -0.248016 0
    endloop
  endfacet
  facet normal 0 0 -1
    outer loop
      vertex 17.2384 -0.407639 0
      vertex 17.2384 0.407639 0
      vertex 17.5983 0.248016 0
    endloop
  endfacet
  facet normal 0 0 -1
    outer loop
      vertex 16.9129 -0.531738 0
      vertex 17.2384 0.407639 0
      vertex 17.2384 -0.407639 0
    endloop
  endfacet
  facet normal 0 0 -1
    outer loop
      vertex 16.9129 -0.531738 0
      vertex 16.9129 0.531738 0
      vertex 17.2384 0.407639 0
    endloop
  endfacet
  facet normal 0 0 -1
    outer loop
      vertex 16.6241 -0.624451 0
      vertex 16.9129 0.531738 0
      vertex 16.9129 -0.531738 0
    endloop
  endfacet
  facet normal 0 0 -1
    outer loop
      vertex 16.6241 -0.624451 0
      vertex 16.6241 0.624451 0
      vertex 16.9129 0.531738 0
    endloop
  endfacet
  facet normal 0 0 -1
    outer loop
      vertex 16.3746 -0.69014 0
      vertex 16.6241 0.624451 0
      vertex 16.6241 -0.624451 0
    endloop
  endfacet
  facet normal 0 0 -1
    outer loop
      vertex 16.3746 -0.69014 0
      vertex 16.3746 0.69014 0
      vertex 16.6241 0.624451 0
    endloop
  endfacet
  facet normal 0 0 -1
    outer loop
      vertex 16.1661 -0.733276 0
      vertex 16.3746 0.69014 0
      vertex 16.3746 -0.69014 0
    endloop
  endfacet
  facet normal 0 0 -1
    outer loop
      vertex 16.1661 -0.733276 0
      vertex 16.1661 0.733276 0
      vertex 16.3746 0.69014 0
    endloop
  endfacet
  facet normal 0 0 -1
    outer loop
      vertex 16.0003 -0.758469 0
      vertex 16.1661 0.733276 0
      vertex 16.1661 -0.733276 0
    endloop
  endfacet
  facet normal 0 0 -1
    outer loop
      vertex 16.0003 -0.758469 0
      vertex 16.0003 0.758469 0
      vertex 16.1661 0.733276 0
    endloop
  endfacet
  facet normal 0 0 -1
    outer loop
      vertex 15.8783 -0.770416 0
      vertex 16.0003 0.758469 0
      vertex 16.0003 -0.758469 0
    endloop
  endfacet
  facet normal 0 0 -1
    outer loop
      vertex 15.8783 -0.770416 0
      vertex 15.8783 0.770416 0
      vertex 16.0003 0.758469 0
    endloop
  endfacet
  facet normal 0 0 -1
    outer loop
      vertex 15.794 -0.77356 0
      vertex 15.8783 -0.770416 0
      vertex 15.8011 -0.773911 0
    endloop
  endfacet
  facet normal -0 0 -1
    outer loop
      vertex 15.8783 -0.770416 0
      vertex 15.794 -0.77356 0
      vertex 15.8783 0.770416 0
    endloop
  endfacet
  facet normal 0 0 -1
    outer loop
      vertex 15.8783 0.770416 0
      vertex 15.7967 0.773697 0
      vertex 15.8011 0.773911 0
    endloop
  endfacet
  facet normal -0 0 -1
    outer loop
      vertex 15.8783 0.770416 0
      vertex 15.794 -0.77356 0
      vertex 15.7967 0.773697 0
    endloop
  endfacet
  facet normal 0 0 -1
    outer loop
      vertex 15.7356 -1.58931 0
      vertex 15.7967 0.773697 0
      vertex 15.794 -0.77356 0
    endloop
  endfacet
  facet normal -0 0 -1
    outer loop
      vertex 15.7967 0.773697 0
      vertex 15.7356 -1.58931 0
      vertex 15.7329 1.58905 0
    endloop
  endfacet
  facet normal 0 0 -1
    outer loop
      vertex 17.1067 2.16617 0
      vertex 17.3647 2.86812 0
      vertex 17.4386 2.37762 0
    endloop
  endfacet
  facet normal 0 0 -1
    outer loop
      vertex 17.1067 2.16617 0
      vertex 16.9852 2.97234 0
      vertex 17.3647 2.86812 0
    endloop
  endfacet
  facet normal 0 0 -1
    outer loop
      vertex 16.8032 1.99492 0
      vertex 16.9852 2.97234 0
      vertex 17.1067 2.16617 0
    endloop
  endfacet
  facet normal 0 0 -1
    outer loop
      vertex 16.8032 1.99492 0
      vertex 16.6447 3.04652 0
      vertex 16.9852 2.97234 0
    endloop
  endfacet
  facet normal 0 0 -1
    outer loop
      vertex 16.5315 1.86021 0
      vertex 16.6447 3.04652 0
      vertex 16.8032 1.99492 0
    endloop
  endfacet
  facet normal 0 0 -1
    outer loop
      vertex 16.5315 1.86021 0
      vertex 16.3454 3.09517 0
      vertex 16.6447 3.04652 0
    endloop
  endfacet
  facet normal 0 0 -1
    outer loop
      vertex 16.2945 1.75807 0
      vertex 16.3454 3.09517 0
      vertex 16.5315 1.86021 0
    endloop
  endfacet
  facet normal 0 0 -1
    outer loop
      vertex 16.0888 3.12292 0
      vertex 16.2945 1.75807 0
      vertex 16.0948 1.68434 0
    endloop
  endfacet
  facet normal 0 0 -1
    outer loop
      vertex 16.2945 1.75807 0
      vertex 16.0888 3.12292 0
      vertex 16.3454 3.09517 0
    endloop
  endfacet
  facet normal 0 0 -1
    outer loop
      vertex 15.8762 3.13451 0
      vertex 16.0948 1.68434 0
      vertex 15.9346 1.63472 0
    endloop
  endfacet
  facet normal 0 0 -1
    outer loop
      vertex 16.0948 1.68434 0
      vertex 15.8762 3.13451 0
      vertex 16.0888 3.12292 0
    endloop
  endfacet
  facet normal 0 0 -1
    outer loop
      vertex 15.7085 3.1347 0
      vertex 15.9346 1.63472 0
      vertex 15.8158 1.60472 0
    endloop
  endfacet
  facet normal 0 0 -1
    outer loop
      vertex 15.7329 1.58905 0
      vertex 15.8158 1.60472 0
      vertex 15.7399 1.58975 0
    endloop
  endfacet
  facet normal -0 0 -1
    outer loop
      vertex 15.8158 1.60472 0
      vertex 15.7329 1.58905 0
      vertex 15.5862 3.12834 0
    endloop
  endfacet
  facet normal 0 0 -1
    outer loop
      vertex 15.9346 1.63472 0
      vertex 15.7085 3.1347 0
      vertex 15.8762 3.13451 0
    endloop
  endfacet
  facet normal -0 0 -1
    outer loop
      vertex 15.7356 -1.58931 0
      vertex 15.5023 -3.1189 0
      vertex 15.7329 1.58905 0
    endloop
  endfacet
  facet normal 0 0 -1
    outer loop
      vertex 15.7356 -1.58931 0
      vertex 15.5862 -3.12834 0
      vertex 15.5023 -3.1189 0
    endloop
  endfacet
  facet normal 0 -0 -1
    outer loop
      vertex 15.505 3.11943 0
      vertex 15.7329 1.58905 0
      vertex 15.5023 -3.1189 0
    endloop
  endfacet
  facet normal 0 0 -1
    outer loop
      vertex 15.5023 -3.1189 0
      vertex 15.5862 -3.12834 0
      vertex 15.5092 -3.12029 0
    endloop
  endfacet
  facet normal 0 -0 -1
    outer loop
      vertex 15.5862 3.12834 0
      vertex 15.7329 1.58905 0
      vertex 15.505 3.11943 0
    endloop
  endfacet
  facet normal 0 0 -1
    outer loop
      vertex 15.5862 3.12834 0
      vertex 15.505 3.11943 0
      vertex 15.5092 3.12029 0
    endloop
  endfacet
  facet normal 0 0 -1
    outer loop
      vertex 15.8158 1.60472 0
      vertex 15.5862 3.12834 0
      vertex 15.7085 3.1347 0
    endloop
  endfacet
  facet normal 0 0 -1
    outer loop
      vertex 15.323 -3.91684 0
      vertex 15.505 3.11943 0
      vertex 15.5023 -3.1189 0
    endloop
  endfacet
  facet normal -0 0 -1
    outer loop
      vertex 15.505 3.11943 0
      vertex 15.323 -3.91684 0
      vertex 15.3204 3.91617 0
    endloop
  endfacet
  facet normal 0 0 -1
    outer loop
      vertex 16.5927 4.69159 0
      vertex 16.7433 5.42416 0
      vertex 16.8895 4.95016 0
    endloop
  endfacet
  facet normal 0 0 -1
    outer loop
      vertex 16.5927 4.69159 0
      vertex 16.3524 5.47064 0
      vertex 16.7433 5.42416 0
    endloop
  endfacet
  facet normal 0 0 -1
    outer loop
      vertex 16.3182 4.47704 0
      vertex 16.3524 5.47064 0
      vertex 16.5927 4.69159 0
    endloop
  endfacet
  facet normal 0 0 -1
    outer loop
      vertex 16.0047 5.49327 0
      vertex 16.3182 4.47704 0
      vertex 16.0696 4.30334 0
    endloop
  endfacet
  facet normal 0 0 -1
    outer loop
      vertex 16.3182 4.47704 0
      vertex 16.0047 5.49327 0
      vertex 16.3524 5.47064 0
    endloop
  endfacet
  facet normal 0 0 -1
    outer loop
      vertex 15.7015 5.49675 0
      vertex 16.0696 4.30334 0
      vertex 15.8505 4.16701 0
    endloop
  endfacet
  facet normal 0 0 -1
    outer loop
      vertex 16.0696 4.30334 0
      vertex 15.7015 5.49675 0
      vertex 16.0047 5.49327 0
    endloop
  endfacet
  facet normal 0 0 -1
    outer loop
      vertex 15.4437 5.48596 0
      vertex 15.8505 4.16701 0
      vertex 15.664 4.06433 0
    endloop
  endfacet
  facet normal 0 0 -1
    outer loop
      vertex 15.2317 5.46573 0
      vertex 15.664 4.06433 0
      vertex 15.513 3.99138 0
    endloop
  endfacet
  facet normal 0 0 -1
    outer loop
      vertex 15.8505 4.16701 0
      vertex 15.4437 5.48596 0
      vertex 15.7015 5.49675 0
    endloop
  endfacet
  facet normal 0 0 -1
    outer loop
      vertex 15.0659 5.44093 0
      vertex 15.513 3.99138 0
      vertex 15.4 3.94402 0
    endloop
  endfacet
  facet normal 0 0 -1
    outer loop
      vertex 15.3204 3.91617 0
      vertex 15.4 3.94402 0
      vertex 15.3272 3.91791 0
    endloop
  endfacet
  facet normal -0 0 -1
    outer loop
      vertex 15.4 3.94402 0
      vertex 15.3204 3.91617 0
      vertex 14.9458 5.4164 0
    endloop
  endfacet
  facet normal 0 0 -1
    outer loop
      vertex 15.664 4.06433 0
      vertex 15.2317 5.46573 0
      vertex 15.4437 5.48596 0
    endloop
  endfacet
  facet normal -0 0 -1
    outer loop
      vertex 15.323 -3.91684 0
      vertex 14.8643 -5.39456 0
      vertex 15.3204 3.91617 0
    endloop
  endfacet
  facet normal 0 0 -1
    outer loop
      vertex 15.4 -3.94402 0
      vertex 15.323 -3.91684 0
      vertex 15.3272 -3.91791 0
    endloop
  endfacet
  facet normal 0 -0 -1
    outer loop
      vertex 14.8669 5.39548 0
      vertex 15.3204 3.91617 0
      vertex 14.8643 -5.39456 0
    endloop
  endfacet
  facet normal 0 0 -1
    outer loop
      vertex 15.323 -3.91684 0
      vertex 14.9458 -5.4164 0
      vertex 14.8643 -5.39456 0
    endloop
  endfacet
  facet normal 0 -0 -1
    outer loop
      vertex 14.9458 5.4164 0
      vertex 15.3204 3.91617 0
      vertex 14.8669 5.39548 0
    endloop
  endfacet
  facet normal 0 0 -1
    outer loop
      vertex 14.8643 -5.39456 0
      vertex 14.9458 -5.4164 0
      vertex 14.8709 -5.39696 0
    endloop
  endfacet
  facet normal 0 0 -1
    outer loop
      vertex 15.513 3.99138 0
      vertex 15.0659 5.44093 0
      vertex 15.2317 5.46573 0
    endloop
  endfacet
  facet normal 0 0 -1
    outer loop
      vertex 14.9458 5.4164 0
      vertex 14.8669 5.39548 0
      vertex 14.8709 5.39696 0
    endloop
  endfacet
  facet normal 0 0 -1
    outer loop
      vertex 15.4 3.94402 0
      vertex 14.9458 5.4164 0
      vertex 15.0659 5.44093 0
    endloop
  endfacet
  facet normal 0 0 -1
    outer loop
      vertex 14.568 -6.15685 0
      vertex 14.8669 5.39548 0
      vertex 14.8643 -5.39456 0
    endloop
  endfacet
  facet normal -0 0 -1
    outer loop
      vertex 14.8669 5.39548 0
      vertex 14.568 -6.15685 0
      vertex 14.5656 6.15581 0
    endloop
  endfacet
  facet normal 0 0 -1
    outer loop
      vertex 15.7082 7.1122 0
      vertex 15.7479 7.85904 0
      vertex 15.9631 7.41214 0
    endloop
  endfacet
  facet normal 0 0 -1
    outer loop
      vertex 15.3544 7.84674 0
      vertex 15.7082 7.1122 0
      vertex 15.4687 6.85913 0
    endloop
  endfacet
  facet normal 0 0 -1
    outer loop
      vertex 15.7082 7.1122 0
      vertex 15.3544 7.84674 0
      vertex 15.7479 7.85904 0
    endloop
  endfacet
  facet normal 0 0 -1
    outer loop
      vertex 15.0072 7.81729 0
      vertex 15.4687 6.85913 0
      vertex 15.2488 6.65033 0
    endloop
  endfacet
  facet normal 0 0 -1
    outer loop
      vertex 14.7069 7.77554 0
      vertex 15.2488 6.65033 0
      vertex 15.0524 6.48286 0
    endloop
  endfacet
  facet normal 0 0 -1
    outer loop
      vertex 15.4687 6.85913 0
      vertex 15.0072 7.81729 0
      vertex 15.3544 7.84674 0
    endloop
  endfacet
  facet normal 0 0 -1
    outer loop
      vertex 14.4535 7.72644 0
      vertex 15.0524 6.48286 0
      vertex 14.8833 6.35353 0
    endloop
  endfacet
  facet normal 0 0 -1
    outer loop
      vertex 14.247 7.67485 0
      vertex 14.8833 6.35353 0
      vertex 14.7448 6.2589 0
    endloop
  endfacet
  facet normal 0 0 -1
    outer loop
      vertex 15.2488 6.65033 0
      vertex 14.7069 7.77554 0
      vertex 15.0072 7.81729 0
    endloop
  endfacet
  facet normal 0 0 -1
    outer loop
      vertex 14.0867 7.62561 0
      vertex 14.7448 6.2589 0
      vertex 14.6401 6.19522 0
    endloop
  endfacet
  facet normal 0 0 -1
    outer loop
      vertex 14.5656 6.15581 0
      vertex 14.6401 6.19522 0
      vertex 14.572 6.15854 0
    endloop
  endfacet
  facet normal -0 0 -1
    outer loop
      vertex 14.6401 6.19522 0
      vertex 14.5656 6.15581 0
      vertex 13.9716 7.58347 0
    endloop
  endfacet
  facet normal 0 0 -1
    outer loop
      vertex 15.0524 6.48286 0
      vertex 14.4535 7.72644 0
      vertex 14.7069 7.77554 0
    endloop
  endfacet
  facet normal -0 0 -1
    outer loop
      vertex 14.568 -6.15685 0
      vertex 13.8943 -7.54973 0
      vertex 14.5656 6.15581 0
    endloop
  endfacet
  facet normal 0 -0 -1
    outer loop
      vertex 14.568 -6.15685 0
      vertex 14.6401 -6.19522 0
      vertex 13.9716 -7.58347 0
    endloop
  endfacet
  facet normal 0 -0 -1
    outer loop
      vertex 13.8966 7.55101 0
      vertex 14.5656 6.15581 0
      vertex 13.8943 -7.54973 0
    endloop
  endfacet
  facet normal 0 0 -1
    outer loop
      vertex 14.6401 -6.19522 0
      vertex 14.568 -6.15685 0
      vertex 14.572 -6.15854 0
    endloop
  endfacet
  facet normal 0 -0 -1
    outer loop
      vertex 13.9716 7.58347 0
      vertex 14.5656 6.15581 0
      vertex 13.8966 7.55101 0
    endloop
  endfacet
  facet normal 0 0 -1
    outer loop
      vertex 14.568 -6.15685 0
      vertex 13.9716 -7.58347 0
      vertex 13.8943 -7.54973 0
    endloop
  endfacet
  facet normal 0 0 -1
    outer loop
      vertex 14.8833 6.35353 0
      vertex 14.247 7.67485 0
      vertex 14.4535 7.72644 0
    endloop
  endfacet
  facet normal 0 0 -1
    outer loop
      vertex 13.8943 -7.54973 0
      vertex 13.9716 -7.58347 0
      vertex 13.9005 -7.55309 0
    endloop
  endfacet
  facet normal 0 0 -1
    outer loop
      vertex 14.7448 6.2589 0
      vertex 14.0867 7.62561 0
      vertex 14.247 7.67485 0
    endloop
  endfacet
  facet normal 0 0 -1
    outer loop
      vertex 13.9716 7.58347 0
      vertex 13.8966 7.55101 0
      vertex 13.9005 7.55309 0
    endloop
  endfacet
  facet normal 0 0 -1
    outer loop
      vertex 14.6401 6.19522 0
      vertex 13.9716 7.58347 0
      vertex 14.0867 7.62561 0
    endloop
  endfacet
  facet normal 0 0 -1
    outer loop
      vertex 13.4877 -8.25934 0
      vertex 13.8966 7.55101 0
      vertex 13.8943 -7.54973 0
    endloop
  endfacet
  facet normal -0 0 -1
    outer loop
      vertex 13.8966 7.55101 0
      vertex 13.4877 -8.25934 0
      vertex 13.4854 8.25793 0
    endloop
  endfacet
  facet normal 0 0 -1
    outer loop
      vertex 14.4727 9.37395 0
      vertex 14.4006 10.1184 0
      vertex 14.6801 9.70853 0
    endloop
  endfacet
  facet normal 0 0 -1
    outer loop
      vertex 14.0134 10.0476 0
      vertex 14.4727 9.37395 0
      vertex 14.2736 9.08801 0
    endloop
  endfacet
  facet normal 0 0 -1
    outer loop
      vertex 13.6745 9.96669 0
      vertex 14.2736 9.08801 0
      vertex 14.0873 8.84875 0
    endloop
  endfacet
  facet normal 0 0 -1
    outer loop
      vertex 14.4727 9.37395 0
      vertex 14.0134 10.0476 0
      vertex 14.4006 10.1184 0
    endloop
  endfacet
  facet normal 0 0 -1
    outer loop
      vertex 13.3837 9.88065 0
      vertex 14.0873 8.84875 0
      vertex 13.9181 8.6539 0
    endloop
  endfacet
  facet normal 0 0 -1
    outer loop
      vertex 13.1405 9.79434 0
      vertex 13.9181 8.6539 0
      vertex 13.7701 8.50081 0
    endloop
  endfacet
  facet normal 0 0 -1
    outer loop
      vertex 14.2736 9.08801 0
      vertex 13.6745 9.96669 0
      vertex 14.0134 10.0476 0
    endloop
  endfacet
  facet normal 0 0 -1
    outer loop
      vertex 12.944 9.71254 0
      vertex 13.7701 8.50081 0
      vertex 13.6473 8.3866 0
    endloop
  endfacet
  facet normal 0 0 -1
    outer loop
      vertex 12.7928 9.63994 0
      vertex 13.6473 8.3866 0
      vertex 13.5533 8.30803 0
    endloop
  endfacet
  facet normal 0 0 -1
    outer loop
      vertex 13.4854 8.25793 0
      vertex 13.5533 8.30803 0
      vertex 13.4914 8.26161 0
    endloop
  endfacet
  facet normal -0 0 -1
    outer loop
      vertex 13.5533 8.30803 0
      vertex 13.4854 8.25793 0
      vertex 12.6853 9.58112 0
    endloop
  endfacet
  facet normal 0 0 -1
    outer loop
      vertex 14.0873 8.84875 0
      vertex 13.3837 9.88065 0
      vertex 13.6745 9.96669 0
    endloop
  endfacet
  facet normal -0 0 -1
    outer loop
      vertex 13.4877 -8.25934 0
      vertex 12.6139 -9.53624 0
      vertex 13.4854 8.25793 0
    endloop
  endfacet
  facet normal 0 0 -1
    outer loop
      vertex 12.6853 -9.58112 0
      vertex 13.5533 -8.30803 0
      vertex 12.7928 -9.63994 0
    endloop
  endfacet
  facet normal 0 -0 -1
    outer loop
      vertex 12.616 9.53786 0
      vertex 13.4854 8.25793 0
      vertex 12.6139 -9.53624 0
    endloop
  endfacet
  facet normal 0 -0 -1
    outer loop
      vertex 13.4877 -8.25934 0
      vertex 13.5533 -8.30803 0
      vertex 12.6853 -9.58112 0
    endloop
  endfacet
  facet normal 0 -0 -1
    outer loop
      vertex 12.6853 9.58112 0
      vertex 13.4854 8.25793 0
      vertex 12.616 9.53786 0
    endloop
  endfacet
  facet normal 0 0 -1
    outer loop
      vertex 13.5533 -8.30803 0
      vertex 13.4877 -8.25934 0
      vertex 13.4914 -8.26161 0
    endloop
  endfacet
  facet normal 0 0 -1
    outer loop
      vertex 13.9181 8.6539 0
      vertex 13.1405 9.79434 0
      vertex 13.3837 9.88065 0
    endloop
  endfacet
  facet normal 0 0 -1
    outer loop
      vertex 13.4877 -8.25934 0
      vertex 12.6853 -9.58112 0
      vertex 12.6139 -9.53624 0
    endloop
  endfacet
  facet normal 0 0 -1
    outer loop
      vertex 13.7701 8.50081 0
      vertex 12.944 9.71254 0
      vertex 13.1405 9.79434 0
    endloop
  endfacet
  facet normal 0 0 -1
    outer loop
      vertex 12.6139 -9.53624 0
      vertex 12.6853 -9.58112 0
      vertex 12.6195 -9.54048 0
    endloop
  endfacet
  facet normal 0 0 -1
    outer loop
      vertex 13.6473 8.3866 0
      vertex 12.7928 9.63994 0
      vertex 12.944 9.71254 0
    endloop
  endfacet
  facet normal 0 0 -1
    outer loop
      vertex 12.6853 9.58112 0
      vertex 12.616 9.53786 0
      vertex 12.6195 9.54048 0
    endloop
  endfacet
  facet normal 0 0 -1
    outer loop
      vertex 13.5533 8.30803 0
      vertex 12.6853 9.58112 0
      vertex 12.7928 9.63994 0
    endloop
  endfacet
  facet normal 0 0 -1
    outer loop
      vertex 12.106 -10.1773 0
      vertex 12.616 9.53786 0
      vertex 12.6139 -9.53624 0
    endloop
  endfacet
  facet normal -0 0 -1
    outer loop
      vertex 12.616 9.53786 0
      vertex 12.106 -10.1773 0
      vertex 12.104 10.1756 0
    endloop
  endfacet
  facet normal 0 0 -1
    outer loop
      vertex 12.3594 12.0239 0
      vertex 12.9139 11.4263 0
      vertex 12.7597 11.1139 0
    endloop
  endfacet
  facet normal 0 0 -1
    outer loop
      vertex 12.9139 11.4263 0
      vertex 12.3594 12.0239 0
      vertex 13.0691 11.788 0
    endloop
  endfacet
  facet normal 0 0 -1
    outer loop
      vertex 12.0363 11.8935 0
      vertex 12.7597 11.1139 0
      vertex 12.6111 10.8495 0
    endloop
  endfacet
  facet normal 0 0 -1
    outer loop
      vertex 11.7616 11.765 0
      vertex 12.6111 10.8495 0
      vertex 12.4728 10.6316 0
    endloop
  endfacet
  facet normal 0 0 -1
    outer loop
      vertex 13.0691 11.788 0
      vertex 12.3594 12.0239 0
      vertex 12.7317 12.1517 0
    endloop
  endfacet
  facet normal 0 0 -1
    outer loop
      vertex 11.534 11.6434 0
      vertex 12.4728 10.6316 0
      vertex 12.3493 10.4582 0
    endloop
  endfacet
  facet normal 0 0 -1
    outer loop
      vertex 11.3518 11.5333 0
      vertex 12.3493 10.4582 0
      vertex 12.2449 10.327 0
    endloop
  endfacet
  facet normal 0 0 -1
    outer loop
      vertex 11.2131 11.4389 0
      vertex 12.2449 10.327 0
      vertex 12.1637 10.2352 0
    endloop
  endfacet
  facet normal 0 0 -1
    outer loop
      vertex 12.104 10.1756 0
      vertex 12.1637 10.2352 0
      vertex 12.1094 10.1801 0
    endloop
  endfacet
  facet normal -0 0 -1
    outer loop
      vertex 12.1637 10.2352 0
      vertex 12.104 10.1756 0
      vertex 11.1156 11.3647 0
    endloop
  endfacet
  facet normal 0 0 -1
    outer loop
      vertex 12.7597 11.1139 0
      vertex 12.0363 11.8935 0
      vertex 12.3594 12.0239 0
    endloop
  endfacet
  facet normal -0 0 -1
    outer loop
      vertex 12.106 -10.1773 0
      vertex 11.0517 -11.3097 0
      vertex 12.104 10.1756 0
    endloop
  endfacet
  facet normal -0 0 -1
    outer loop
      vertex 12.2449 -10.327 0
      vertex 11.2131 -11.4389 0
      vertex 12.1637 -10.2352 0
    endloop
  endfacet
  facet normal 0 -0 -1
    outer loop
      vertex 11.0535 11.3116 0
      vertex 12.104 10.1756 0
      vertex 11.0517 -11.3097 0
    endloop
  endfacet
  facet normal 0 0 -1
    outer loop
      vertex 11.1156 -11.3647 0
      vertex 12.1637 -10.2352 0
      vertex 11.2131 -11.4389 0
    endloop
  endfacet
  facet normal 0 -0 -1
    outer loop
      vertex 11.1156 11.3647 0
      vertex 12.104 10.1756 0
      vertex 11.0535 11.3116 0
    endloop
  endfacet
  facet normal 0 -0 -1
    outer loop
      vertex 12.106 -10.1773 0
      vertex 12.1637 -10.2352 0
      vertex 11.1156 -11.3647 0
    endloop
  endfacet
  facet normal 0 0 -1
    outer loop
      vertex 12.6111 10.8495 0
      vertex 11.7616 11.765 0
      vertex 12.0363 11.8935 0
    endloop
  endfacet
  facet normal 0 0 -1
    outer loop
      vertex 12.1637 -10.2352 0
      vertex 12.106 -10.1773 0
      vertex 12.1094 -10.1801 0
    endloop
  endfacet
  facet normal 0 0 -1
    outer loop
      vertex 12.4728 10.6316 0
      vertex 11.534 11.6434 0
      vertex 11.7616 11.765 0
    endloop
  endfacet
  facet normal 0 0 -1
    outer loop
      vertex 12.106 -10.1773 0
      vertex 11.1156 -11.3647 0
      vertex 11.0517 -11.3097 0
    endloop
  endfacet
  facet normal 0 0 -1
    outer loop
      vertex 12.3493 10.4582 0
      vertex 11.3518 11.5333 0
      vertex 11.534 11.6434 0
    endloop
  endfacet
  facet normal 0 0 -1
    outer loop
      vertex 11.0517 -11.3097 0
      vertex 11.1156 -11.3647 0
      vertex 11.0566 -11.3148 0
    endloop
  endfacet
  facet normal 0 0 -1
    outer loop
      vertex 12.2449 10.327 0
      vertex 11.2131 11.4389 0
      vertex 11.3518 11.5333 0
    endloop
  endfacet
  facet normal 0 0 -1
    outer loop
      vertex 11.1156 11.3647 0
      vertex 11.0535 11.3116 0
      vertex 11.0566 11.3148 0
    endloop
  endfacet
  facet normal 0 0 -1
    outer loop
      vertex 12.1637 10.2352 0
      vertex 11.1156 11.3647 0
      vertex 11.2131 11.4389 0
    endloop
  endfacet
  facet normal 0 0 -1
    outer loop
      vertex 10.454 -11.868 0
      vertex 11.0535 11.3116 0
      vertex 11.0517 -11.3097 0
    endloop
  endfacet
  facet normal -0 0 -1
    outer loop
      vertex 11.0535 11.3116 0
      vertex 10.454 -11.868 0
      vertex 10.4522 11.866 0
    endloop
  endfacet
  facet normal 0 0 -1
    outer loop
      vertex 10.4293 13.7317 0
      vertex 11.0667 13.2234 0
      vertex 10.9607 12.8915 0
    endloop
  endfacet
  facet normal 0 0 -1
    outer loop
      vertex 10.1293 13.5545 0
      vertex 10.9607 12.8915 0
      vertex 10.8532 12.6079 0
    endloop
  endfacet
  facet normal 0 0 -1
    outer loop
      vertex 11.0667 13.2234 0
      vertex 10.4293 13.7317 0
      vertex 11.1662 13.6042 0
    endloop
  endfacet
  facet normal 0 0 -1
    outer loop
      vertex 9.87675 13.3866 0
      vertex 10.8532 12.6079 0
      vertex 10.7489 12.3719 0
    endloop
  endfacet
  facet normal 0 0 -1
    outer loop
      vertex 9.6698 13.2324 0
      vertex 10.7489 12.3719 0
      vertex 10.6527 12.182 0
    endloop
  endfacet
  facet normal 0 0 -1
    outer loop
      vertex 9.50609 13.0963 0
      vertex 10.6527 12.182 0
      vertex 10.569 12.0366 0
    endloop
  endfacet
  facet normal 0 0 -1
    outer loop
      vertex 9.38301 12.9824 0
      vertex 10.569 12.0366 0
      vertex 10.5023 11.9338 0
    endloop
  endfacet
  facet normal 0 0 -1
    outer loop
      vertex 10.4522 11.866 0
      vertex 10.5023 11.9338 0
      vertex 10.4569 11.8712 0
    endloop
  endfacet
  facet normal -0 0 -1
    outer loop
      vertex 10.5023 11.9338 0
      vertex 10.4522 11.866 0
      vertex 9.29764 12.8945 0
    endloop
  endfacet
  facet normal 0 0 -1
    outer loop
      vertex 11.1662 13.6042 0
      vertex 10.4293 13.7317 0
      vertex 10.7784 13.9135 0
    endloop
  endfacet
  facet normal -0 0 -1
    outer loop
      vertex 10.454 -11.868 0
      vertex 9.24261 -12.8306 0
      vertex 10.4522 11.866 0
    endloop
  endfacet
  facet normal 0 0 -1
    outer loop
      vertex 9.38301 -12.9824 0
      vertex 10.569 -12.0366 0
      vertex 9.50609 -13.0963 0
    endloop
  endfacet
  facet normal 0 -0 -1
    outer loop
      vertex 9.24419 12.8327 0
      vertex 10.4522 11.866 0
      vertex 9.24261 -12.8306 0
    endloop
  endfacet
  facet normal -0 0 -1
    outer loop
      vertex 10.569 -12.0366 0
      vertex 9.38301 -12.9824 0
      vertex 10.5023 -11.9338 0
    endloop
  endfacet
  facet normal 0 -0 -1
    outer loop
      vertex 9.29764 12.8945 0
      vertex 10.4522 11.866 0
      vertex 9.24419 12.8327 0
    endloop
  endfacet
  facet normal 0 0 -1
    outer loop
      vertex 9.29764 -12.8945 0
      vertex 10.5023 -11.9338 0
      vertex 9.38301 -12.9824 0
    endloop
  endfacet
  facet normal 0 0 -1
    outer loop
      vertex 10.9607 12.8915 0
      vertex 10.1293 13.5545 0
      vertex 10.4293 13.7317 0
    endloop
  endfacet
  facet normal 0 -0 -1
    outer loop
      vertex 10.454 -11.868 0
      vertex 10.5023 -11.9338 0
      vertex 9.29764 -12.8945 0
    endloop
  endfacet
  facet normal 0 0 -1
    outer loop
      vertex 10.8532 12.6079 0
      vertex 9.87675 13.3866 0
      vertex 10.1293 13.5545 0
    endloop
  endfacet
  facet normal 0 0 -1
    outer loop
      vertex 10.5023 -11.9338 0
      vertex 10.454 -11.868 0
      vertex 10.4569 -11.8712 0
    endloop
  endfacet
  facet normal 0 0 -1
    outer loop
      vertex 10.7489 12.3719 0
      vertex 9.6698 13.2324 0
      vertex 9.87675 13.3866 0
    endloop
  endfacet
  facet normal 0 0 -1
    outer loop
      vertex 10.454 -11.868 0
      vertex 9.29764 -12.8945 0
      vertex 9.24261 -12.8306 0
    endloop
  endfacet
  facet normal 0 0 -1
    outer loop
      vertex 10.6527 12.182 0
      vertex 9.50609 13.0963 0
      vertex 9.6698 13.2324 0
    endloop
  endfacet
  facet normal 0 0 -1
    outer loop
      vertex 9.24261 -12.8306 0
      vertex 9.29764 -12.8945 0
      vertex 9.24672 -12.8363 0
    endloop
  endfacet
  facet normal 0 0 -1
    outer loop
      vertex 10.569 12.0366 0
      vertex 9.38301 12.9824 0
      vertex 9.50609 13.0963 0
    endloop
  endfacet
  facet normal 0 0 -1
    outer loop
      vertex 9.29764 12.8945 0
      vertex 9.24419 12.8327 0
      vertex 9.24672 12.8363 0
    endloop
  endfacet
  facet normal 0 0 -1
    outer loop
      vertex 10.5023 11.9338 0
      vertex 9.29764 12.8945 0
      vertex 9.38301 12.9824 0
    endloop
  endfacet
  facet normal 0 0 -1
    outer loop
      vertex 8.56839 -13.2935 0
      vertex 9.24419 12.8327 0
      vertex 9.24261 -12.8306 0
    endloop
  endfacet
  facet normal -0 0 -1
    outer loop
      vertex 9.24419 12.8327 0
      vertex 8.56839 -13.2935 0
      vertex 8.56694 13.2913 0
    endloop
  endfacet
  facet normal 0 0 -1
    outer loop
      vertex 8.26619 15.1328 0
      vertex 8.97224 14.7251 0
      vertex 8.91693 14.3811 0
    endloop
  endfacet
  facet normal 0 0 -1
    outer loop
      vertex 8.26619 15.1328 0
      vertex 8.91693 14.3811 0
      vertex 8.85286 14.0847 0
    endloop
  endfacet
  facet normal 0 0 -1
    outer loop
      vertex 8.26619 15.1328 0
      vertex 8.85286 14.0847 0
      vertex 8.78496 13.8357 0
    endloop
  endfacet
  facet normal 0 0 -1
    outer loop
      vertex 8.26619 15.1328 0
      vertex 8.78496 13.8357 0
      vertex 8.71808 13.6336 0
    endloop
  endfacet
  facet normal 0 0 -1
    outer loop
      vertex 8.26619 15.1328 0
      vertex 8.71808 13.6336 0
      vertex 8.65698 13.4774 0
    endloop
  endfacet
  facet normal 0 0 -1
    outer loop
      vertex 8.26619 15.1328 0
      vertex 8.65698 13.4774 0
      vertex 8.60635 13.3658 0
    endloop
  endfacet
  facet normal 0 0 -1
    outer loop
      vertex 8.97224 14.7251 0
      vertex 8.26619 15.1328 0
      vertex 9.0139 15.1165 0
    endloop
  endfacet
  facet normal 0 0 -1
    outer loop
      vertex 8.56694 13.2913 0
      vertex 8.60635 13.3658 0
      vertex 8.57074 13.2971 0
    endloop
  endfacet
  facet normal -0 0 -1
    outer loop
      vertex 8.60635 13.3658 0
      vertex 8.56694 13.2913 0
      vertex 8.26619 15.1328 0
    endloop
  endfacet
  facet normal 0 0 -1
    outer loop
      vertex 8.56839 -13.2935 0
      vertex 8.1 0 0
      vertex 8.56694 13.2913 0
    endloop
  endfacet
  facet normal 0 0 -1
    outer loop
      vertex 8.06918 0.705961 0
      vertex 8.56694 13.2913 0
      vertex 8.1 0 0
    endloop
  endfacet
  facet normal 0 0 -1
    outer loop
      vertex 9.0139 15.1165 0
      vertex 8.26619 15.1328 0
      vertex 8.58434 15.3645 0
    endloop
  endfacet
  facet normal 0 0 -1
    outer loop
      vertex 8.56839 -13.2935 0
      vertex 8.06918 -0.705961 0
      vertex 8.1 0 0
    endloop
  endfacet
  facet normal 0 0 -1
    outer loop
      vertex 7.34328 -14.2359 0
      vertex 8.65698 -13.4774 0
      vertex 7.448 -14.3669 0
    endloop
  endfacet
  facet normal 0 0 -1
    outer loop
      vertex 8.56839 -13.2935 0
      vertex 7.97694 -1.40655 0
      vertex 8.06918 -0.705961 0
    endloop
  endfacet
  facet normal 0 0 -1
    outer loop
      vertex 8.56839 -13.2935 0
      vertex 7.824 -2.09643 0
      vertex 7.97694 -1.40655 0
    endloop
  endfacet
  facet normal -0 0 -1
    outer loop
      vertex 8.65698 -13.4774 0
      vertex 7.34328 -14.2359 0
      vertex 8.60635 -13.3658 0
    endloop
  endfacet
  facet normal 0 0 -1
    outer loop
      vertex 8.56839 -13.2935 0
      vertex 7.61151 -2.77036 0
      vertex 7.824 -2.09643 0
    endloop
  endfacet
  facet normal 0 0 -1
    outer loop
      vertex 7.27196 -14.1362 0
      vertex 8.60635 -13.3658 0
      vertex 7.34328 -14.2359 0
    endloop
  endfacet
  facet normal 0 -0 -1
    outer loop
      vertex 8.56839 -13.2935 0
      vertex 8.60635 -13.3658 0
      vertex 7.27196 -14.1362 0
    endloop
  endfacet
  facet normal 0 0 -1
    outer loop
      vertex 8.60635 -13.3658 0
      vertex 8.56839 -13.2935 0
      vertex 8.57074 -13.2971 0
    endloop
  endfacet
  facet normal 0 0 -1
    outer loop
      vertex 8.56839 -13.2935 0
      vertex 7.34109 -3.42321 0
      vertex 7.61151 -2.77036 0
    endloop
  endfacet
  facet normal 0 0 -1
    outer loop
      vertex 8.56839 -13.2935 0
      vertex 7.27196 -14.1362 0
      vertex 7.22708 -14.0648 0
    endloop
  endfacet
  facet normal 0 0 -1
    outer loop
      vertex 7.22708 -14.0648 0
      vertex 7.27196 -14.1362 0
      vertex 7.2303 -14.0711 0
    endloop
  endfacet
  facet normal 0 0 -1
    outer loop
      vertex 6.20496 -5.20658 0
      vertex 8.56839 -13.2935 0
      vertex 7.22708 -14.0648 0
    endloop
  endfacet
  facet normal 0 0 -1
    outer loop
      vertex 8.56839 -13.2935 0
      vertex 7.0148 -4.05 0
      vertex 7.34109 -3.42321 0
    endloop
  endfacet
  facet normal 0 0 -1
    outer loop
      vertex 8.56839 -13.2935 0
      vertex 6.63513 -4.64597 0
      vertex 7.0148 -4.05 0
    endloop
  endfacet
  facet normal 0 0 -1
    outer loop
      vertex 6.20496 -5.20658 0
      vertex 7.22708 -14.0648 0
      vertex 6.49139 -14.4221 0
    endloop
  endfacet
  facet normal 0 0 -1
    outer loop
      vertex 8.56839 -13.2935 0
      vertex 6.20496 -5.20658 0
      vertex 6.63513 -4.64597 0
    endloop
  endfacet
  facet normal 0 0 -1
    outer loop
      vertex 5.91844 16.1957 0
      vertex 6.67737 15.8979 0
      vertex 6.67393 15.5495 0
    endloop
  endfacet
  facet normal 0 0 -1
    outer loop
      vertex 5.68398 15.938 0
      vertex 6.67393 15.5495 0
      vertex 6.65475 15.2468 0
    endloop
  endfacet
  facet normal 0 0 -1
    outer loop
      vertex 5.49219 15.7031 0
      vertex 6.65475 15.2468 0
      vertex 6.62473 14.9905 0
    endloop
  endfacet
  facet normal 0 0 -1
    outer loop
      vertex 5.33986 15.4948 0
      vertex 6.62473 14.9905 0
      vertex 6.58871 14.7807 0
    endloop
  endfacet
  facet normal 0 0 -1
    outer loop
      vertex 5.22354 15.3165 0
      vertex 6.58871 14.7807 0
      vertex 6.55159 14.6171 0
    endloop
  endfacet
  facet normal 0 0 -1
    outer loop
      vertex 5.13951 15.1713 0
      vertex 6.55159 14.6171 0
      vertex 6.51816 14.4993 0
    endloop
  endfacet
  facet normal 0 0 -1
    outer loop
      vertex 6.4903 14.4196 0
      vertex 6.51816 14.4993 0
      vertex 6.49318 14.426 0
    endloop
  endfacet
  facet normal -0 0 -1
    outer loop
      vertex 6.51816 14.4993 0
      vertex 6.4903 14.4196 0
      vertex 5.08383 15.0622 0
    endloop
  endfacet
  facet normal 0 0 -1
    outer loop
      vertex 6.67393 15.5495 0
      vertex 5.68398 15.938 0
      vertex 5.91844 16.1957 0
    endloop
  endfacet
  facet normal 0 0 -1
    outer loop
      vertex 4.64597 6.63513 0
      vertex 8.56694 13.2913 0
      vertex 5.20658 6.20496 0
    endloop
  endfacet
  facet normal 0 -0 -1
    outer loop
      vertex 5.08383 15.0622 0
      vertex 6.4903 14.4196 0
      vertex 5.05096 14.9874 0
    endloop
  endfacet
  facet normal 0 0 -1
    outer loop
      vertex 4.05 7.0148 0
      vertex 8.56694 13.2913 0
      vertex 4.64597 6.63513 0
    endloop
  endfacet
  facet normal -0 0 -1
    outer loop
      vertex 6.66023 16.2911 0
      vertex 5.91844 16.1957 0
      vertex 6.19849 16.4724 0
    endloop
  endfacet
  facet normal 0 0 -1
    outer loop
      vertex 6.67737 15.8979 0
      vertex 5.91844 16.1957 0
      vertex 6.66023 16.2911 0
    endloop
  endfacet
  facet normal 0 0 -1
    outer loop
      vertex 6.65475 15.2468 0
      vertex 5.49219 15.7031 0
      vertex 5.68398 15.938 0
    endloop
  endfacet
  facet normal 0 0 -1
    outer loop
      vertex 6.62473 14.9905 0
      vertex 5.33986 15.4948 0
      vertex 5.49219 15.7031 0
    endloop
  endfacet
  facet normal -0 0 -1
    outer loop
      vertex 8.56694 13.2913 0
      vertex 4.05 7.0148 0
      vertex 7.22832 14.0672 0
    endloop
  endfacet
  facet normal 0 0 -1
    outer loop
      vertex 6.58871 14.7807 0
      vertex 5.22354 15.3165 0
      vertex 5.33986 15.4948 0
    endloop
  endfacet
  facet normal 0 0 -1
    outer loop
      vertex 6.55159 14.6171 0
      vertex 5.13951 15.1713 0
      vertex 5.22354 15.3165 0
    endloop
  endfacet
  facet normal 0 0 -1
    outer loop
      vertex 6.51816 14.4993 0
      vertex 5.08383 15.0622 0
      vertex 5.13951 15.1713 0
    endloop
  endfacet
  facet normal 0 0 -1
    outer loop
      vertex 5.08383 15.0622 0
      vertex 5.05096 14.9874 0
      vertex 5.05235 14.9915 0
    endloop
  endfacet
  facet normal 0 0 -1
    outer loop
      vertex 3.42321 7.34109 0
      vertex 7.22832 14.0672 0
      vertex 4.05 7.0148 0
    endloop
  endfacet
  facet normal -0 0 -1
    outer loop
      vertex 7.22832 14.0672 0
      vertex 3.42321 7.34109 0
      vertex 6.4903 14.4196 0
    endloop
  endfacet
  facet normal 0 -0 -1
    outer loop
      vertex 3.24506 16.6071 0
      vertex 4.28186 16.3705 0
      vertex 3.09042 16.3463 0
    endloop
  endfacet
  facet normal 0 0 -1
    outer loop
      vertex 2.77036 7.61151 0
      vertex 6.4903 14.4196 0
      vertex 3.42321 7.34109 0
    endloop
  endfacet
  facet normal -0 0 -1
    outer loop
      vertex 6.4903 14.4196 0
      vertex 2.77036 7.61151 0
      vertex 5.05096 14.9874 0
    endloop
  endfacet
  facet normal 0 -0 -1
    outer loop
      vertex 2.78215 15.6517 0
      vertex 4.26868 15.2259 0
      vertex 2.76079 15.5728 0
    endloop
  endfacet
  facet normal 0 -0 -1
    outer loop
      vertex 2.97084 16.1176 0
      vertex 4.26868 15.2259 0
      vertex 2.8824 15.9239 0
    endloop
  endfacet
  facet normal 0 0 -1
    outer loop
      vertex 2.09643 7.824 0
      vertex 5.05096 14.9874 0
      vertex 2.77036 7.61151 0
    endloop
  endfacet
  facet normal -0 0 -1
    outer loop
      vertex 4.15778 17.1018 0
      vertex 3.43849 16.8969 0
      vertex 3.67418 17.2122 0
    endloop
  endfacet
  facet normal 0 0 -1
    outer loop
      vertex 4.23332 16.7155 0
      vertex 3.43849 16.8969 0
      vertex 4.15778 17.1018 0
    endloop
  endfacet
  facet normal 0 -0 -1
    outer loop
      vertex 3.43849 16.8969 0
      vertex 4.23332 16.7155 0
      vertex 3.24506 16.6071 0
    endloop
  endfacet
  facet normal 0 0 -1
    outer loop
      vertex 4.28186 16.3705 0
      vertex 3.24506 16.6071 0
      vertex 4.23332 16.7155 0
    endloop
  endfacet
  facet normal 0 -0 -1
    outer loop
      vertex 3.09042 16.3463 0
      vertex 4.26868 15.2259 0
      vertex 2.97084 16.1176 0
    endloop
  endfacet
  facet normal 0 0 -1
    outer loop
      vertex 4.26868 15.2259 0
      vertex 2.82094 15.7679 0
      vertex 2.8824 15.9239 0
    endloop
  endfacet
  facet normal -0 0 -1
    outer loop
      vertex 5.05096 14.9874 0
      vertex 2.09643 7.824 0
      vertex 4.26868 15.2259 0
    endloop
  endfacet
  facet normal 0 0 -1
    outer loop
      vertex 4.26868 15.2259 0
      vertex 2.78215 15.6517 0
      vertex 2.82094 15.7679 0
    endloop
  endfacet
  facet normal 0 0 -1
    outer loop
      vertex 2.78215 15.6517 0
      vertex 2.76079 15.5728 0
      vertex 2.76155 15.5771 0
    endloop
  endfacet
  facet normal -0 0 -1
    outer loop
      vertex 4.26868 15.2259 0
      vertex 2.09643 7.824 0
      vertex 2.76079 15.5728 0
    endloop
  endfacet
  facet normal 0 0 -1
    outer loop
      vertex 1.40655 7.97694 0
      vertex 2.76079 15.5728 0
      vertex 2.09643 7.824 0
    endloop
  endfacet
  facet normal -0 0 -1
    outer loop
      vertex 2.76079 15.5728 0
      vertex 1.40655 7.97694 0
      vertex 1.95169 15.692 0
    endloop
  endfacet
  facet normal 0 0 -1
    outer loop
      vertex 0.705961 8.06918 0
      vertex 1.95169 15.692 0
      vertex 1.40655 7.97694 0
    endloop
  endfacet
  facet normal 0 -0 -1
    outer loop
      vertex 0.41832 15.8915 0
      vertex 1.95169 15.692 0
      vertex 0.408951 15.8103 0
    endloop
  endfacet
  facet normal 0 0 -1
    outer loop
      vertex 1.95169 15.692 0
      vertex 0.439346 16.0122 0
      vertex 1.93932 16.0661 0
    endloop
  endfacet
  facet normal 0 -0 -1
    outer loop
      vertex 0.476852 16.1757 0
      vertex 1.93932 16.0661 0
      vertex 0.439346 16.0122 0
    endloop
  endfacet
  facet normal 0 0 -1
    outer loop
      vertex 1.93932 16.0661 0
      vertex 0.476852 16.1757 0
      vertex 1.91188 16.2772 0
    endloop
  endfacet
  facet normal 0 -0 -1
    outer loop
      vertex 0.439346 16.0122 0
      vertex 1.95169 15.692 0
      vertex 0.41832 15.8915 0
    endloop
  endfacet
  facet normal 0 -0 -1
    outer loop
      vertex 0.535461 16.3804 0
      vertex 1.91188 16.2772 0
      vertex 0.476852 16.1757 0
    endloop
  endfacet
  facet normal 0 0 -1
    outer loop
      vertex 1.86502 16.531 0
      vertex 0.619614 16.6243 0
      vertex 1.79414 16.8258 0
    endloop
  endfacet
  facet normal -0 0 -1
    outer loop
      vertex 1.56244 17.5305 0
      vertex 0.881729 17.2207 0
      vertex 1.06779 17.5676 0
    endloop
  endfacet
  facet normal -0 0 -1
    outer loop
      vertex 1.95169 15.692 0
      vertex 0.705961 8.06918 0
      vertex 0.408951 15.8103 0
    endloop
  endfacet
  facet normal 0 0 -1
    outer loop
      vertex 1.69472 17.1598 0
      vertex 0.881729 17.2207 0
      vertex 1.56244 17.5305 0
    endloop
  endfacet
  facet normal 0 -0 -1
    outer loop
      vertex 0.881729 17.2207 0
      vertex 1.69472 17.1598 0
      vertex 0.733643 16.9053 0
    endloop
  endfacet
  facet normal 0 0 -1
    outer loop
      vertex 1.79414 16.8258 0
      vertex 0.733643 16.9053 0
      vertex 1.69472 17.1598 0
    endloop
  endfacet
  facet normal 0 -0 -1
    outer loop
      vertex 0.733643 16.9053 0
      vertex 1.79414 16.8258 0
      vertex 0.619614 16.6243 0
    endloop
  endfacet
  facet normal 0 -0 -1
    outer loop
      vertex 0.619614 16.6243 0
      vertex 1.86502 16.531 0
      vertex 0.535461 16.3804 0
    endloop
  endfacet
  facet normal 0 0 -1
    outer loop
      vertex 1.91188 16.2772 0
      vertex 0.535461 16.3804 0
      vertex 1.86502 16.531 0
    endloop
  endfacet
  facet normal 0 0 -1
    outer loop
      vertex 0.41832 15.8915 0
      vertex 0.408951 15.8103 0
      vertex 0.409058 15.8147 0
    endloop
  endfacet
  facet normal 0 0 -1
    outer loop
      vertex 0 8.1 0
      vertex 0.408951 15.8103 0
      vertex 0.705961 8.06918 0
    endloop
  endfacet
  facet normal 0 0 -1
    outer loop
      vertex 0 8.1 0
      vertex -0.408875 15.8077 0
      vertex 0.408951 15.8103 0
    endloop
  endfacet
  facet normal 0 0 -1
    outer loop
      vertex -0.408875 15.8077 0
      vertex -0.41832 15.8915 0
      vertex -0.409058 15.8147 0
    endloop
  endfacet
  facet normal 0 0 -1
    outer loop
      vertex -0.705961 8.06918 0
      vertex -0.408875 15.8077 0
      vertex 0 8.1 0
    endloop
  endfacet
  facet normal 0 0 -1
    outer loop
      vertex -1.95203 15.6947 0
      vertex -0.408875 15.8077 0
      vertex -0.705961 8.06918 0
    endloop
  endfacet
  facet normal 0 0 -1
    outer loop
      vertex -1.95485 15.7764 0
      vertex -0.41832 15.8915 0
      vertex -1.95203 15.6947 0
    endloop
  endfacet
  facet normal -0 0 -1
    outer loop
      vertex -0.41832 15.8915 0
      vertex -1.95485 15.7764 0
      vertex -0.439346 16.0122 0
    endloop
  endfacet
  facet normal 0 -0 -1
    outer loop
      vertex -1.95204 15.8988 0
      vertex -0.439346 16.0122 0
      vertex -1.95485 15.7764 0
    endloop
  endfacet
  facet normal -0 0 -1
    outer loop
      vertex -0.408875 15.8077 0
      vertex -1.95203 15.6947 0
      vertex -0.41832 15.8915 0
    endloop
  endfacet
  facet normal -0 0 -1
    outer loop
      vertex -0.439346 16.0122 0
      vertex -1.95204 15.8988 0
      vertex -0.476852 16.1757 0
    endloop
  endfacet
  facet normal 0 -0 -1
    outer loop
      vertex -1.93932 16.0661 0
      vertex -0.476852 16.1757 0
      vertex -1.95204 15.8988 0
    endloop
  endfacet
  facet normal -0 0 -1
    outer loop
      vertex -0.476852 16.1757 0
      vertex -1.93932 16.0661 0
      vertex -0.535461 16.3804 0
    endloop
  endfacet
  facet normal 0 0 -1
    outer loop
      vertex -1.95203 15.6947 0
      vertex -0.705961 8.06918 0
      vertex -1.40655 7.97694 0
    endloop
  endfacet
  facet normal 0 -0 -1
    outer loop
      vertex -1.91188 16.2772 0
      vertex -0.535461 16.3804 0
      vertex -1.93932 16.0661 0
    endloop
  endfacet
  facet normal -0 0 -1
    outer loop
      vertex -0.619614 16.6243 0
      vertex -1.86502 16.531 0
      vertex -0.733643 16.9053 0
    endloop
  endfacet
  facet normal 0 0 -1
    outer loop
      vertex -1.06779 17.5676 0
      vertex -1.69472 17.1598 0
      vertex -1.56244 17.5305 0
    endloop
  endfacet
  facet normal -0 0 -1
    outer loop
      vertex -0.881729 17.2207 0
      vertex -1.69472 17.1598 0
      vertex -1.06779 17.5676 0
    endloop
  endfacet
  facet normal 0 -0 -1
    outer loop
      vertex -1.69472 17.1598 0
      vertex -0.881729 17.2207 0
      vertex -1.79414 16.8258 0
    endloop
  endfacet
  facet normal -0 0 -1
    outer loop
      vertex -0.733643 16.9053 0
      vertex -1.79414 16.8258 0
      vertex -0.881729 17.2207 0
    endloop
  endfacet
  facet normal 0 -0 -1
    outer loop
      vertex -1.79414 16.8258 0
      vertex -0.733643 16.9053 0
      vertex -1.86502 16.531 0
    endloop
  endfacet
  facet normal 0 0 -1
    outer loop
      vertex -2.76033 15.5702 0
      vertex -1.40655 7.97694 0
      vertex -2.09643 7.824 0
    endloop
  endfacet
  facet normal 0 0 -1
    outer loop
      vertex -1.40655 7.97694 0
      vertex -2.76033 15.5702 0
      vertex -1.95203 15.6947 0
    endloop
  endfacet
  facet normal 0 0 -1
    outer loop
      vertex -4.26939 15.2285 0
      vertex -2.76033 15.5702 0
      vertex -2.09643 7.824 0
    endloop
  endfacet
  facet normal 0 0 -1
    outer loop
      vertex -5.05011 14.9849 0
      vertex -2.09643 7.824 0
      vertex -2.77036 7.61151 0
    endloop
  endfacet
  facet normal 0 -0 -1
    outer loop
      vertex -2.78215 15.6517 0
      vertex -2.76033 15.5702 0
      vertex -4.26939 15.2285 0
    endloop
  endfacet
  facet normal 0 0 -1
    outer loop
      vertex -2.76033 15.5702 0
      vertex -2.78215 15.6517 0
      vertex -2.76155 15.5771 0
    endloop
  endfacet
  facet normal 0 0 -1
    outer loop
      vertex -4.28435 15.3088 0
      vertex -2.78215 15.6517 0
      vertex -4.26939 15.2285 0
    endloop
  endfacet
  facet normal -0 0 -1
    outer loop
      vertex -2.78215 15.6517 0
      vertex -4.28435 15.3088 0
      vertex -2.82094 15.7679 0
    endloop
  endfacet
  facet normal 0 0 -1
    outer loop
      vertex -4.29984 15.4303 0
      vertex -2.82094 15.7679 0
      vertex -4.28435 15.3088 0
    endloop
  endfacet
  facet normal -0 0 -1
    outer loop
      vertex -2.82094 15.7679 0
      vertex -4.29984 15.4303 0
      vertex -2.8824 15.9239 0
    endloop
  endfacet
  facet normal 0 0 -1
    outer loop
      vertex -6.49139 14.4221 0
      vertex -2.77036 7.61151 0
      vertex -3.42321 7.34109 0
    endloop
  endfacet
  facet normal 0 0 -1
    outer loop
      vertex -4.31218 15.5976 0
      vertex -2.8824 15.9239 0
      vertex -4.29984 15.4303 0
    endloop
  endfacet
  facet normal -0 0 -1
    outer loop
      vertex -2.8824 15.9239 0
      vertex -4.31218 15.5976 0
      vertex -2.97084 16.1176 0
    endloop
  endfacet
  facet normal 0 0 -1
    outer loop
      vertex -7.22708 14.0648 0
      vertex -3.42321 7.34109 0
      vertex -4.05 7.0148 0
    endloop
  endfacet
  facet normal 0 0 -1
    outer loop
      vertex -4.31651 15.8105 0
      vertex -2.97084 16.1176 0
      vertex -4.31218 15.5976 0
    endloop
  endfacet
  facet normal -0 0 -1
    outer loop
      vertex -3.09042 16.3463 0
      vertex -4.30801 16.0684 0
      vertex -3.24506 16.6071 0
    endloop
  endfacet
  facet normal 0 0 -1
    outer loop
      vertex -3.67418 17.2122 0
      vertex -4.23332 16.7155 0
      vertex -4.15778 17.1018 0
    endloop
  endfacet
  facet normal 0 0 -1
    outer loop
      vertex -8.56839 13.2935 0
      vertex -4.05 7.0148 0
      vertex -4.64597 6.63513 0
    endloop
  endfacet
  facet normal 0 0 -1
    outer loop
      vertex -2.09643 7.824 0
      vertex -5.05011 14.9849 0
      vertex -4.26939 15.2285 0
    endloop
  endfacet
  facet normal 0 0 -1
    outer loop
      vertex -2.77036 7.61151 0
      vertex -6.49139 14.4221 0
      vertex -5.05011 14.9849 0
    endloop
  endfacet
  facet normal 0 -0 -1
    outer loop
      vertex -5.08383 15.0622 0
      vertex -5.05011 14.9849 0
      vertex -6.49139 14.4221 0
    endloop
  endfacet
  facet normal 0 0 -1
    outer loop
      vertex -5.05011 14.9849 0
      vertex -5.08383 15.0622 0
      vertex -5.05235 14.9915 0
    endloop
  endfacet
  facet normal 0 0 -1
    outer loop
      vertex -9.24261 12.8306 0
      vertex -4.64597 6.63513 0
      vertex -5.20658 6.20496 0
    endloop
  endfacet
  facet normal 0 0 -1
    outer loop
      vertex -6.51816 14.4993 0
      vertex -5.08383 15.0622 0
      vertex -6.49139 14.4221 0
    endloop
  endfacet
  facet normal -0 0 -1
    outer loop
      vertex -5.08383 15.0622 0
      vertex -6.51816 14.4993 0
      vertex -5.13951 15.1713 0
    endloop
  endfacet
  facet normal 0 0 -1
    outer loop
      vertex -6.55159 14.6171 0
      vertex -5.13951 15.1713 0
      vertex -6.51816 14.4993 0
    endloop
  endfacet
  facet normal -0 0 -1
    outer loop
      vertex -5.13951 15.1713 0
      vertex -6.55159 14.6171 0
      vertex -5.22354 15.3165 0
    endloop
  endfacet
  facet normal 0 0 -1
    outer loop
      vertex -9.24261 12.8306 0
      vertex -5.20658 6.20496 0
      vertex -5.72756 5.72756 0
    endloop
  endfacet
  facet normal 0 0 -1
    outer loop
      vertex -6.58871 14.7807 0
      vertex -5.22354 15.3165 0
      vertex -6.55159 14.6171 0
    endloop
  endfacet
  facet normal -0 0 -1
    outer loop
      vertex -5.22354 15.3165 0
      vertex -6.58871 14.7807 0
      vertex -5.33986 15.4948 0
    endloop
  endfacet
  facet normal 0 0 -1
    outer loop
      vertex -9.24261 12.8306 0
      vertex -5.72756 5.72756 0
      vertex -6.20496 5.20658 0
    endloop
  endfacet
  facet normal 0 0 -1
    outer loop
      vertex -6.62473 14.9905 0
      vertex -5.33986 15.4948 0
      vertex -6.58871 14.7807 0
    endloop
  endfacet
  facet normal 0 0 -1
    outer loop
      vertex -6.51816 14.4993 0
      vertex -6.49139 14.4221 0
      vertex -6.49318 14.426 0
    endloop
  endfacet
  facet normal -0 0 -1
    outer loop
      vertex -5.33986 15.4948 0
      vertex -6.62473 14.9905 0
      vertex -5.49219 15.7031 0
    endloop
  endfacet
  facet normal 0 0 -1
    outer loop
      vertex -6.65475 15.2468 0
      vertex -5.49219 15.7031 0
      vertex -6.62473 14.9905 0
    endloop
  endfacet
  facet normal -0 0 -1
    outer loop
      vertex -5.49219 15.7031 0
      vertex -6.65475 15.2468 0
      vertex -5.68398 15.938 0
    endloop
  endfacet
  facet normal 0 0 -1
    outer loop
      vertex -6.67393 15.5495 0
      vertex -5.68398 15.938 0
      vertex -6.65475 15.2468 0
    endloop
  endfacet
  facet normal -0 0 -1
    outer loop
      vertex -5.68398 15.938 0
      vertex -6.67393 15.5495 0
      vertex -5.91844 16.1957 0
    endloop
  endfacet
  facet normal 0 0 -1
    outer loop
      vertex -6.67737 15.8979 0
      vertex -5.91844 16.1957 0
      vertex -6.67393 15.5495 0
    endloop
  endfacet
  facet normal -0 0 -1
    outer loop
      vertex -5.91844 16.1957 0
      vertex -6.67737 15.8979 0
      vertex -6.19849 16.4724 0
    endloop
  endfacet
  facet normal 0 0 -1
    outer loop
      vertex -6.19849 16.4724 0
      vertex -6.67737 15.8979 0
      vertex -6.66023 16.2911 0
    endloop
  endfacet
  facet normal 0 0 -1
    outer loop
      vertex 4.29984 15.4303 0
      vertex 3.09042 16.3463 0
      vertex 4.31218 15.5976 0
    endloop
  endfacet
  facet normal 0 0 -1
    outer loop
      vertex 4.28435 15.3088 0
      vertex 3.09042 16.3463 0
      vertex 4.29984 15.4303 0
    endloop
  endfacet
  facet normal 0 0 -1
    outer loop
      vertex 3.09042 16.3463 0
      vertex 4.28435 15.3088 0
      vertex 4.26868 15.2259 0
    endloop
  endfacet
  facet normal 0 0 -1
    outer loop
      vertex 4.31218 15.5976 0
      vertex 3.09042 16.3463 0
      vertex 4.31651 15.8105 0
    endloop
  endfacet
  facet normal 0 0 -1
    outer loop
      vertex 4.26868 15.2259 0
      vertex 4.28435 15.3088 0
      vertex 4.27057 15.2327 0
    endloop
  endfacet
  facet normal 0 0 -1
    outer loop
      vertex 4.31651 15.8105 0
      vertex 3.09042 16.3463 0
      vertex 4.30801 16.0684 0
    endloop
  endfacet
  facet normal 0 0 -1
    outer loop
      vertex 4.30801 16.0684 0
      vertex 3.09042 16.3463 0
      vertex 4.28186 16.3705 0
    endloop
  endfacet
  facet normal 0 0 -1
    outer loop
      vertex -8.1 0 0
      vertex -15.794 0.77356 0
      vertex -15.7356 1.58931 0
    endloop
  endfacet
  facet normal -0 0 -1
    outer loop
      vertex -8.1 0 0
      vertex -15.7967 -0.773697 0
      vertex -15.794 0.77356 0
    endloop
  endfacet
  facet normal 0 0 -1
    outer loop
      vertex -15.8783 -0.770416 0
      vertex -15.7967 -0.773697 0
      vertex -15.8011 -0.773911 0
    endloop
  endfacet
  facet normal 0 0 -1
    outer loop
      vertex -15.7967 -0.773697 0
      vertex -15.8783 -0.770416 0
      vertex -15.794 0.77356 0
    endloop
  endfacet
  facet normal 0 0 -1
    outer loop
      vertex -15.8783 0.770416 0
      vertex -15.794 0.77356 0
      vertex -15.8783 -0.770416 0
    endloop
  endfacet
  facet normal -0 0 -1
    outer loop
      vertex -15.794 0.77356 0
      vertex -15.8783 0.770416 0
      vertex -15.8011 0.773911 0
    endloop
  endfacet
  facet normal 0 0 -1
    outer loop
      vertex -16.0003 -0.758469 0
      vertex -15.8783 0.770416 0
      vertex -15.8783 -0.770416 0
    endloop
  endfacet
  facet normal 0 0 -1
    outer loop
      vertex -16.0003 -0.758469 0
      vertex -16.0003 0.758469 0
      vertex -15.8783 0.770416 0
    endloop
  endfacet
  facet normal 0 0 -1
    outer loop
      vertex -16.1661 -0.733276 0
      vertex -16.0003 0.758469 0
      vertex -16.0003 -0.758469 0
    endloop
  endfacet
  facet normal 0 0 -1
    outer loop
      vertex -16.1661 -0.733276 0
      vertex -16.1661 0.733276 0
      vertex -16.0003 0.758469 0
    endloop
  endfacet
  facet normal 0 0 -1
    outer loop
      vertex -16.3746 -0.69014 0
      vertex -16.1661 0.733276 0
      vertex -16.1661 -0.733276 0
    endloop
  endfacet
  facet normal 0 0 -1
    outer loop
      vertex -16.3746 -0.69014 0
      vertex -16.3746 0.69014 0
      vertex -16.1661 0.733276 0
    endloop
  endfacet
  facet normal 0 0 -1
    outer loop
      vertex -16.6241 -0.624451 0
      vertex -16.3746 0.69014 0
      vertex -16.3746 -0.69014 0
    endloop
  endfacet
  facet normal 0 0 -1
    outer loop
      vertex -16.6241 -0.624451 0
      vertex -16.6241 0.624451 0
      vertex -16.3746 0.69014 0
    endloop
  endfacet
  facet normal 0 0 -1
    outer loop
      vertex -16.9129 -0.531738 0
      vertex -16.6241 0.624451 0
      vertex -16.6241 -0.624451 0
    endloop
  endfacet
  facet normal 0 0 -1
    outer loop
      vertex -16.9129 -0.531738 0
      vertex -16.9129 0.531738 0
      vertex -16.6241 0.624451 0
    endloop
  endfacet
  facet normal 0 0 -1
    outer loop
      vertex -17.2384 -0.407639 0
      vertex -16.9129 0.531738 0
      vertex -16.9129 -0.531738 0
    endloop
  endfacet
  facet normal 0 0 -1
    outer loop
      vertex -17.2384 -0.407639 0
      vertex -17.2384 0.407639 0
      vertex -16.9129 0.531738 0
    endloop
  endfacet
  facet normal 0 0 -1
    outer loop
      vertex -17.5983 -0.248016 0
      vertex -17.2384 0.407639 0
      vertex -17.2384 -0.407639 0
    endloop
  endfacet
  facet normal 0 0 -1
    outer loop
      vertex -17.2384 0.407639 0
      vertex -17.5983 -0.248016 0
      vertex -17.5983 0.248016 0
    endloop
  endfacet
  facet normal 0 0 -1
    outer loop
      vertex -8.1 0 0
      vertex -15.5023 3.1189 0
      vertex -15.323 3.91684 0
    endloop
  endfacet
  facet normal 0 0 -1
    outer loop
      vertex -15.7967 -0.773697 0
      vertex -8.06918 -0.705961 0
      vertex -15.7329 -1.58905 0
    endloop
  endfacet
  facet normal 0 0 -1
    outer loop
      vertex -15.5862 -3.12834 0
      vertex -15.505 -3.11943 0
      vertex -15.5092 -3.12029 0
    endloop
  endfacet
  facet normal -0 0 -1
    outer loop
      vertex -8.06918 -0.705961 0
      vertex -15.7967 -0.773697 0
      vertex -8.1 0 0
    endloop
  endfacet
  facet normal -0 0 -1
    outer loop
      vertex -15.505 -3.11943 0
      vertex -15.5862 -3.12834 0
      vertex -15.7329 -1.58905 0
    endloop
  endfacet
  facet normal 0 0 -1
    outer loop
      vertex -8.1 0 0
      vertex -15.7356 1.58931 0
      vertex -15.5023 3.1189 0
    endloop
  endfacet
  facet normal 0 0 -1
    outer loop
      vertex -15.8158 -1.60472 0
      vertex -15.5862 -3.12834 0
      vertex -15.7085 -3.1347 0
    endloop
  endfacet
  facet normal 0 -0 -1
    outer loop
      vertex -15.5862 3.12834 0
      vertex -15.5023 3.1189 0
      vertex -15.7356 1.58931 0
    endloop
  endfacet
  facet normal 0 0 -1
    outer loop
      vertex -15.5023 3.1189 0
      vertex -15.5862 3.12834 0
      vertex -15.5092 3.12029 0
    endloop
  endfacet
  facet normal 0 0 -1
    outer loop
      vertex -15.5862 -3.12834 0
      vertex -15.8158 -1.60472 0
      vertex -15.7329 -1.58905 0
    endloop
  endfacet
  facet normal 0 0 -1
    outer loop
      vertex -15.7329 -1.58905 0
      vertex -15.8158 -1.60472 0
      vertex -15.7399 -1.58975 0
    endloop
  endfacet
  facet normal 0 0 -1
    outer loop
      vertex -15.9346 -1.63472 0
      vertex -15.7085 -3.1347 0
      vertex -15.8762 -3.13451 0
    endloop
  endfacet
  facet normal 0 0 -1
    outer loop
      vertex -15.7085 -3.1347 0
      vertex -15.9346 -1.63472 0
      vertex -15.8158 -1.60472 0
    endloop
  endfacet
  facet normal 0 0 -1
    outer loop
      vertex -16.0948 -1.68434 0
      vertex -15.8762 -3.13451 0
      vertex -16.0888 -3.12292 0
    endloop
  endfacet
  facet normal 0 0 -1
    outer loop
      vertex -15.8762 -3.13451 0
      vertex -16.0948 -1.68434 0
      vertex -15.9346 -1.63472 0
    endloop
  endfacet
  facet normal 0 0 -1
    outer loop
      vertex -16.0888 -3.12292 0
      vertex -16.2945 -1.75807 0
      vertex -16.0948 -1.68434 0
    endloop
  endfacet
  facet normal 0 0 -1
    outer loop
      vertex -16.3454 -3.09517 0
      vertex -16.2945 -1.75807 0
      vertex -16.0888 -3.12292 0
    endloop
  endfacet
  facet normal 0 0 -1
    outer loop
      vertex -16.3454 -3.09517 0
      vertex -16.5315 -1.86021 0
      vertex -16.2945 -1.75807 0
    endloop
  endfacet
  facet normal 0 0 -1
    outer loop
      vertex -16.6447 -3.04652 0
      vertex -16.5315 -1.86021 0
      vertex -16.3454 -3.09517 0
    endloop
  endfacet
  facet normal 0 0 -1
    outer loop
      vertex -16.6447 -3.04652 0
      vertex -16.8032 -1.99492 0
      vertex -16.5315 -1.86021 0
    endloop
  endfacet
  facet normal 0 0 -1
    outer loop
      vertex -16.9852 -2.97234 0
      vertex -16.8032 -1.99492 0
      vertex -16.6447 -3.04652 0
    endloop
  endfacet
  facet normal 0 0 -1
    outer loop
      vertex -16.9852 -2.97234 0
      vertex -17.1067 -2.16617 0
      vertex -16.8032 -1.99492 0
    endloop
  endfacet
  facet normal 0 0 -1
    outer loop
      vertex -17.3647 -2.86812 0
      vertex -17.1067 -2.16617 0
      vertex -16.9852 -2.97234 0
    endloop
  endfacet
  facet normal 0 0 -1
    outer loop
      vertex -17.1067 -2.16617 0
      vertex -17.3647 -2.86812 0
      vertex -17.4386 -2.37762 0
    endloop
  endfacet
  facet normal 0 0 -1
    outer loop
      vertex -8.1 0 0
      vertex -14.8643 5.39456 0
      vertex -14.568 6.15685 0
    endloop
  endfacet
  facet normal 0 0 -1
    outer loop
      vertex -15.7329 -1.58905 0
      vertex -7.97694 -1.40655 0
      vertex -15.505 -3.11943 0
    endloop
  endfacet
  facet normal 0 0 -1
    outer loop
      vertex -14.9458 -5.4164 0
      vertex -14.8669 -5.39548 0
      vertex -14.8709 -5.39696 0
    endloop
  endfacet
  facet normal -0 0 -1
    outer loop
      vertex -7.97694 -1.40655 0
      vertex -15.7329 -1.58905 0
      vertex -8.06918 -0.705961 0
    endloop
  endfacet
  facet normal -0 0 -1
    outer loop
      vertex -14.8669 -5.39548 0
      vertex -14.9458 -5.4164 0
      vertex -15.3204 -3.91617 0
    endloop
  endfacet
  facet normal 0 0 -1
    outer loop
      vertex -8.1 0 0
      vertex -15.323 3.91684 0
      vertex -14.8643 5.39456 0
    endloop
  endfacet
  facet normal 0 0 -1
    outer loop
      vertex -15.4 -3.94402 0
      vertex -14.9458 -5.4164 0
      vertex -15.0659 -5.44093 0
    endloop
  endfacet
  facet normal 0 -0 -1
    outer loop
      vertex -14.9458 5.4164 0
      vertex -14.8643 5.39456 0
      vertex -15.323 3.91684 0
    endloop
  endfacet
  facet normal 0 0 -1
    outer loop
      vertex -15.513 -3.99138 0
      vertex -15.0659 -5.44093 0
      vertex -15.2317 -5.46573 0
    endloop
  endfacet
  facet normal 0 0 -1
    outer loop
      vertex -14.8643 5.39456 0
      vertex -14.9458 5.4164 0
      vertex -14.8709 5.39696 0
    endloop
  endfacet
  facet normal 0 0 -1
    outer loop
      vertex -15.4 3.94402 0
      vertex -14.9458 5.4164 0
      vertex -15.323 3.91684 0
    endloop
  endfacet
  facet normal 0 0 -1
    outer loop
      vertex -14.9458 -5.4164 0
      vertex -15.4 -3.94402 0
      vertex -15.3204 -3.91617 0
    endloop
  endfacet
  facet normal 0 0 -1
    outer loop
      vertex -15.3204 -3.91617 0
      vertex -15.4 -3.94402 0
      vertex -15.3272 -3.91791 0
    endloop
  endfacet
  facet normal 0 0 -1
    outer loop
      vertex -15.664 -4.06433 0
      vertex -15.2317 -5.46573 0
      vertex -15.4437 -5.48596 0
    endloop
  endfacet
  facet normal 0 0 -1
    outer loop
      vertex -15.0659 -5.44093 0
      vertex -15.513 -3.99138 0
      vertex -15.4 -3.94402 0
    endloop
  endfacet
  facet normal 0 0 -1
    outer loop
      vertex -15.2317 -5.46573 0
      vertex -15.664 -4.06433 0
      vertex -15.513 -3.99138 0
    endloop
  endfacet
  facet normal 0 0 -1
    outer loop
      vertex -15.8505 -4.16701 0
      vertex -15.4437 -5.48596 0
      vertex -15.7015 -5.49675 0
    endloop
  endfacet
  facet normal 0 0 -1
    outer loop
      vertex -15.4437 -5.48596 0
      vertex -15.8505 -4.16701 0
      vertex -15.664 -4.06433 0
    endloop
  endfacet
  facet normal 0 0 -1
    outer loop
      vertex -16.0696 -4.30334 0
      vertex -15.7015 -5.49675 0
      vertex -16.0047 -5.49327 0
    endloop
  endfacet
  facet normal 0 0 -1
    outer loop
      vertex -15.7015 -5.49675 0
      vertex -16.0696 -4.30334 0
      vertex -15.8505 -4.16701 0
    endloop
  endfacet
  facet normal 0 0 -1
    outer loop
      vertex -16.0047 -5.49327 0
      vertex -16.3182 -4.47704 0
      vertex -16.0696 -4.30334 0
    endloop
  endfacet
  facet normal 0 0 -1
    outer loop
      vertex -16.3524 -5.47064 0
      vertex -16.3182 -4.47704 0
      vertex -16.0047 -5.49327 0
    endloop
  endfacet
  facet normal 0 0 -1
    outer loop
      vertex -16.3524 -5.47064 0
      vertex -16.5927 -4.69159 0
      vertex -16.3182 -4.47704 0
    endloop
  endfacet
  facet normal 0 0 -1
    outer loop
      vertex -16.7433 -5.42416 0
      vertex -16.5927 -4.69159 0
      vertex -16.3524 -5.47064 0
    endloop
  endfacet
  facet normal 0 0 -1
    outer loop
      vertex -16.5927 -4.69159 0
      vertex -16.7433 -5.42416 0
      vertex -16.8895 -4.95016 0
    endloop
  endfacet
  facet normal 0 0 -1
    outer loop
      vertex -8.1 0 0
      vertex -13.8943 7.54973 0
      vertex -13.4877 8.25934 0
    endloop
  endfacet
  facet normal 0 0 -1
    outer loop
      vertex -15.505 -3.11943 0
      vertex -7.824 -2.09643 0
      vertex -15.3204 -3.91617 0
    endloop
  endfacet
  facet normal 0 0 -1
    outer loop
      vertex -13.9716 -7.58347 0
      vertex -13.8966 -7.55101 0
      vertex -13.9005 -7.55309 0
    endloop
  endfacet
  facet normal -0 0 -1
    outer loop
      vertex -7.824 -2.09643 0
      vertex -15.505 -3.11943 0
      vertex -7.97694 -1.40655 0
    endloop
  endfacet
  facet normal -0 0 -1
    outer loop
      vertex -13.8966 -7.55101 0
      vertex -13.9716 -7.58347 0
      vertex -14.5656 -6.15581 0
    endloop
  endfacet
  facet normal 0 0 -1
    outer loop
      vertex -8.1 0 0
      vertex -14.568 6.15685 0
      vertex -13.8943 7.54973 0
    endloop
  endfacet
  facet normal 0 0 -1
    outer loop
      vertex -14.6401 -6.19522 0
      vertex -13.9716 -7.58347 0
      vertex -14.0867 -7.62561 0
    endloop
  endfacet
  facet normal 0 -0 -1
    outer loop
      vertex -13.9716 7.58347 0
      vertex -13.8943 7.54973 0
      vertex -14.568 6.15685 0
    endloop
  endfacet
  facet normal 0 0 -1
    outer loop
      vertex -14.7448 -6.2589 0
      vertex -14.0867 -7.62561 0
      vertex -14.247 -7.67485 0
    endloop
  endfacet
  facet normal 0 0 -1
    outer loop
      vertex -13.8943 7.54973 0
      vertex -13.9716 7.58347 0
      vertex -13.9005 7.55309 0
    endloop
  endfacet
  facet normal 0 0 -1
    outer loop
      vertex -14.8833 -6.35353 0
      vertex -14.247 -7.67485 0
      vertex -14.4535 -7.72644 0
    endloop
  endfacet
  facet normal 0 0 -1
    outer loop
      vertex -14.6401 6.19522 0
      vertex -13.9716 7.58347 0
      vertex -14.568 6.15685 0
    endloop
  endfacet
  facet normal -0 0 -1
    outer loop
      vertex -13.9716 7.58347 0
      vertex -14.6401 6.19522 0
      vertex -14.0867 7.62561 0
    endloop
  endfacet
  facet normal 0 0 -1
    outer loop
      vertex -13.9716 -7.58347 0
      vertex -14.6401 -6.19522 0
      vertex -14.5656 -6.15581 0
    endloop
  endfacet
  facet normal 0 0 -1
    outer loop
      vertex -14.5656 -6.15581 0
      vertex -14.6401 -6.19522 0
      vertex -14.572 -6.15854 0
    endloop
  endfacet
  facet normal 0 0 -1
    outer loop
      vertex -15.0524 -6.48286 0
      vertex -14.4535 -7.72644 0
      vertex -14.7069 -7.77554 0
    endloop
  endfacet
  facet normal 0 0 -1
    outer loop
      vertex -14.0867 -7.62561 0
      vertex -14.7448 -6.2589 0
      vertex -14.6401 -6.19522 0
    endloop
  endfacet
  facet normal 0 0 -1
    outer loop
      vertex -14.247 -7.67485 0
      vertex -14.8833 -6.35353 0
      vertex -14.7448 -6.2589 0
    endloop
  endfacet
  facet normal 0 0 -1
    outer loop
      vertex -15.2488 -6.65033 0
      vertex -14.7069 -7.77554 0
      vertex -15.0072 -7.81729 0
    endloop
  endfacet
  facet normal 0 0 -1
    outer loop
      vertex -14.4535 -7.72644 0
      vertex -15.0524 -6.48286 0
      vertex -14.8833 -6.35353 0
    endloop
  endfacet
  facet normal 0 0 -1
    outer loop
      vertex -14.7069 -7.77554 0
      vertex -15.2488 -6.65033 0
      vertex -15.0524 -6.48286 0
    endloop
  endfacet
  facet normal 0 0 -1
    outer loop
      vertex -15.4687 -6.85913 0
      vertex -15.0072 -7.81729 0
      vertex -15.3544 -7.84674 0
    endloop
  endfacet
  facet normal 0 0 -1
    outer loop
      vertex -15.0072 -7.81729 0
      vertex -15.4687 -6.85913 0
      vertex -15.2488 -6.65033 0
    endloop
  endfacet
  facet normal 0 0 -1
    outer loop
      vertex -15.3544 -7.84674 0
      vertex -15.7082 -7.1122 0
      vertex -15.4687 -6.85913 0
    endloop
  endfacet
  facet normal 0 0 -1
    outer loop
      vertex -15.7479 -7.85904 0
      vertex -15.7082 -7.1122 0
      vertex -15.3544 -7.84674 0
    endloop
  endfacet
  facet normal 0 0 -1
    outer loop
      vertex -15.7082 -7.1122 0
      vertex -15.7479 -7.85904 0
      vertex -15.9631 -7.41214 0
    endloop
  endfacet
  facet normal 0 0 -1
    outer loop
      vertex -8.1 0 0
      vertex -12.6139 9.53624 0
      vertex -12.106 10.1773 0
    endloop
  endfacet
  facet normal -0 0 -1
    outer loop
      vertex -7.61151 -2.77036 0
      vertex -14.8669 -5.39548 0
      vertex -7.824 -2.09643 0
    endloop
  endfacet
  facet normal 0 0 -1
    outer loop
      vertex -12.6853 -9.58112 0
      vertex -12.616 -9.53786 0
      vertex -12.6195 -9.54048 0
    endloop
  endfacet
  facet normal 0 0 -1
    outer loop
      vertex -15.3204 -3.91617 0
      vertex -7.824 -2.09643 0
      vertex -14.8669 -5.39548 0
    endloop
  endfacet
  facet normal -0 0 -1
    outer loop
      vertex -12.616 -9.53786 0
      vertex -12.6853 -9.58112 0
      vertex -13.4854 -8.25793 0
    endloop
  endfacet
  facet normal 0 0 -1
    outer loop
      vertex -8.1 0 0
      vertex -13.4877 8.25934 0
      vertex -12.6139 9.53624 0
    endloop
  endfacet
  facet normal 0 0 -1
    outer loop
      vertex -13.5533 -8.30803 0
      vertex -12.6853 -9.58112 0
      vertex -12.7928 -9.63994 0
    endloop
  endfacet
  facet normal 0 -0 -1
    outer loop
      vertex -12.6853 9.58112 0
      vertex -12.6139 9.53624 0
      vertex -13.4877 8.25934 0
    endloop
  endfacet
  facet normal 0 0 -1
    outer loop
      vertex -13.6473 -8.3866 0
      vertex -12.7928 -9.63994 0
      vertex -12.944 -9.71254 0
    endloop
  endfacet
  facet normal 0 0 -1
    outer loop
      vertex -12.6139 9.53624 0
      vertex -12.6853 9.58112 0
      vertex -12.6195 9.54048 0
    endloop
  endfacet
  facet normal 0 0 -1
    outer loop
      vertex -13.7701 -8.50081 0
      vertex -12.944 -9.71254 0
      vertex -13.1405 -9.79434 0
    endloop
  endfacet
  facet normal 0 0 -1
    outer loop
      vertex -13.5533 8.30803 0
      vertex -12.6853 9.58112 0
      vertex -13.4877 8.25934 0
    endloop
  endfacet
  facet normal 0 0 -1
    outer loop
      vertex -13.9181 -8.6539 0
      vertex -13.1405 -9.79434 0
      vertex -13.3837 -9.88065 0
    endloop
  endfacet
  facet normal -0 0 -1
    outer loop
      vertex -12.6853 9.58112 0
      vertex -13.5533 8.30803 0
      vertex -12.7928 9.63994 0
    endloop
  endfacet
  facet normal 0 0 -1
    outer loop
      vertex -13.6473 8.3866 0
      vertex -12.7928 9.63994 0
      vertex -13.5533 8.30803 0
    endloop
  endfacet
  facet normal 0 0 -1
    outer loop
      vertex -12.6853 -9.58112 0
      vertex -13.5533 -8.30803 0
      vertex -13.4854 -8.25793 0
    endloop
  endfacet
  facet normal 0 0 -1
    outer loop
      vertex -13.4854 -8.25793 0
      vertex -13.5533 -8.30803 0
      vertex -13.4914 -8.26161 0
    endloop
  endfacet
  facet normal 0 0 -1
    outer loop
      vertex -12.7928 -9.63994 0
      vertex -13.6473 -8.3866 0
      vertex -13.5533 -8.30803 0
    endloop
  endfacet
  facet normal 0 0 -1
    outer loop
      vertex -14.0873 -8.84875 0
      vertex -13.3837 -9.88065 0
      vertex -13.6745 -9.96669 0
    endloop
  endfacet
  facet normal 0 0 -1
    outer loop
      vertex -12.944 -9.71254 0
      vertex -13.7701 -8.50081 0
      vertex -13.6473 -8.3866 0
    endloop
  endfacet
  facet normal 0 0 -1
    outer loop
      vertex -13.1405 -9.79434 0
      vertex -13.9181 -8.6539 0
      vertex -13.7701 -8.50081 0
    endloop
  endfacet
  facet normal 0 0 -1
    outer loop
      vertex -14.2736 -9.08801 0
      vertex -13.6745 -9.96669 0
      vertex -14.0134 -10.0476 0
    endloop
  endfacet
  facet normal 0 0 -1
    outer loop
      vertex -13.3837 -9.88065 0
      vertex -14.0873 -8.84875 0
      vertex -13.9181 -8.6539 0
    endloop
  endfacet
  facet normal 0 0 -1
    outer loop
      vertex -13.6745 -9.96669 0
      vertex -14.2736 -9.08801 0
      vertex -14.0873 -8.84875 0
    endloop
  endfacet
  facet normal 0 0 -1
    outer loop
      vertex -14.4727 -9.37395 0
      vertex -14.0134 -10.0476 0
      vertex -14.4006 -10.1184 0
    endloop
  endfacet
  facet normal 0 0 -1
    outer loop
      vertex -14.0134 -10.0476 0
      vertex -14.4727 -9.37395 0
      vertex -14.2736 -9.08801 0
    endloop
  endfacet
  facet normal 0 -0 -1
    outer loop
      vertex -14.4727 -9.37395 0
      vertex -14.4006 -10.1184 0
      vertex -14.6801 -9.70853 0
    endloop
  endfacet
  facet normal 0 0 -1
    outer loop
      vertex -8.1 0 0
      vertex -11.0517 11.3097 0
      vertex -10.454 11.868 0
    endloop
  endfacet
  facet normal -0 0 -1
    outer loop
      vertex -7.34109 -3.42321 0
      vertex -14.5656 -6.15581 0
      vertex -7.61151 -2.77036 0
    endloop
  endfacet
  facet normal 0 0 -1
    outer loop
      vertex -11.1156 -11.3647 0
      vertex -11.0535 -11.3116 0
      vertex -11.0566 -11.3148 0
    endloop
  endfacet
  facet normal 0 0 -1
    outer loop
      vertex -14.8669 -5.39548 0
      vertex -7.61151 -2.77036 0
      vertex -14.5656 -6.15581 0
    endloop
  endfacet
  facet normal -0 0 -1
    outer loop
      vertex -11.0535 -11.3116 0
      vertex -11.1156 -11.3647 0
      vertex -12.104 -10.1756 0
    endloop
  endfacet
  facet normal 0 0 -1
    outer loop
      vertex -8.1 0 0
      vertex -12.106 10.1773 0
      vertex -11.0517 11.3097 0
    endloop
  endfacet
  facet normal 0 0 -1
    outer loop
      vertex -12.1637 -10.2352 0
      vertex -11.1156 -11.3647 0
      vertex -11.2131 -11.4389 0
    endloop
  endfacet
  facet normal 0 -0 -1
    outer loop
      vertex -11.1156 11.3647 0
      vertex -11.0517 11.3097 0
      vertex -12.106 10.1773 0
    endloop
  endfacet
  facet normal 0 0 -1
    outer loop
      vertex -12.2449 -10.327 0
      vertex -11.2131 -11.4389 0
      vertex -11.3518 -11.5333 0
    endloop
  endfacet
  facet normal 0 0 -1
    outer loop
      vertex -11.0517 11.3097 0
      vertex -11.1156 11.3647 0
      vertex -11.0566 11.3148 0
    endloop
  endfacet
  facet normal 0 0 -1
    outer loop
      vertex -12.3493 -10.4582 0
      vertex -11.3518 -11.5333 0
      vertex -11.534 -11.6434 0
    endloop
  endfacet
  facet normal 0 0 -1
    outer loop
      vertex -12.1637 10.2352 0
      vertex -11.1156 11.3647 0
      vertex -12.106 10.1773 0
    endloop
  endfacet
  facet normal 0 0 -1
    outer loop
      vertex -12.4728 -10.6316 0
      vertex -11.534 -11.6434 0
      vertex -11.7616 -11.765 0
    endloop
  endfacet
  facet normal -0 0 -1
    outer loop
      vertex -11.1156 11.3647 0
      vertex -12.1637 10.2352 0
      vertex -11.2131 11.4389 0
    endloop
  endfacet
  facet normal 0 0 -1
    outer loop
      vertex -12.6111 -10.8495 0
      vertex -11.7616 -11.765 0
      vertex -12.0363 -11.8935 0
    endloop
  endfacet
  facet normal 0 0 -1
    outer loop
      vertex -12.2449 10.327 0
      vertex -11.2131 11.4389 0
      vertex -12.1637 10.2352 0
    endloop
  endfacet
  facet normal -0 0 -1
    outer loop
      vertex -11.2131 11.4389 0
      vertex -12.2449 10.327 0
      vertex -11.3518 11.5333 0
    endloop
  endfacet
  facet normal 0 0 -1
    outer loop
      vertex -11.1156 -11.3647 0
      vertex -12.1637 -10.2352 0
      vertex -12.104 -10.1756 0
    endloop
  endfacet
  facet normal 0 0 -1
    outer loop
      vertex -12.104 -10.1756 0
      vertex -12.1637 -10.2352 0
      vertex -12.1094 -10.1801 0
    endloop
  endfacet
  facet normal 0 0 -1
    outer loop
      vertex -11.2131 -11.4389 0
      vertex -12.2449 -10.327 0
      vertex -12.1637 -10.2352 0
    endloop
  endfacet
  facet normal 0 0 -1
    outer loop
      vertex -11.3518 -11.5333 0
      vertex -12.3493 -10.4582 0
      vertex -12.2449 -10.327 0
    endloop
  endfacet
  facet normal 0 0 -1
    outer loop
      vertex -12.7597 -11.1139 0
      vertex -12.0363 -11.8935 0
      vertex -12.3594 -12.0239 0
    endloop
  endfacet
  facet normal 0 0 -1
    outer loop
      vertex -11.534 -11.6434 0
      vertex -12.4728 -10.6316 0
      vertex -12.3493 -10.4582 0
    endloop
  endfacet
  facet normal 0 0 -1
    outer loop
      vertex -11.7616 -11.765 0
      vertex -12.6111 -10.8495 0
      vertex -12.4728 -10.6316 0
    endloop
  endfacet
  facet normal 0 0 -1
    outer loop
      vertex -12.9139 -11.4263 0
      vertex -12.3594 -12.0239 0
      vertex -12.7317 -12.1517 0
    endloop
  endfacet
  facet normal 0 0 -1
    outer loop
      vertex -12.0363 -11.8935 0
      vertex -12.7597 -11.1139 0
      vertex -12.6111 -10.8495 0
    endloop
  endfacet
  facet normal 0 0 -1
    outer loop
      vertex -12.3594 -12.0239 0
      vertex -12.9139 -11.4263 0
      vertex -12.7597 -11.1139 0
    endloop
  endfacet
  facet normal 0 -0 -1
    outer loop
      vertex -12.9139 -11.4263 0
      vertex -12.7317 -12.1517 0
      vertex -13.0691 -11.788 0
    endloop
  endfacet
  facet normal 0 0 -1
    outer loop
      vertex -4.64597 6.63513 0
      vertex -9.24261 12.8306 0
      vertex -8.56839 13.2935 0
    endloop
  endfacet
  facet normal -0 0 -1
    outer loop
      vertex -7.0148 -4.05 0
      vertex -13.8966 -7.55101 0
      vertex -7.34109 -3.42321 0
    endloop
  endfacet
  facet normal 0 0 -1
    outer loop
      vertex -9.29764 -12.8945 0
      vertex -9.24419 -12.8327 0
      vertex -9.24672 -12.8363 0
    endloop
  endfacet
  facet normal 0 0 -1
    outer loop
      vertex -14.5656 -6.15581 0
      vertex -7.34109 -3.42321 0
      vertex -13.8966 -7.55101 0
    endloop
  endfacet
  facet normal -0 0 -1
    outer loop
      vertex -9.24419 -12.8327 0
      vertex -9.29764 -12.8945 0
      vertex -10.4522 -11.866 0
    endloop
  endfacet
  facet normal 0 0 -1
    outer loop
      vertex -8.1 0 0
      vertex -10.454 11.868 0
      vertex -9.24261 12.8306 0
    endloop
  endfacet
  facet normal 0 0 -1
    outer loop
      vertex -10.5023 -11.9338 0
      vertex -9.29764 -12.8945 0
      vertex -9.38301 -12.9824 0
    endloop
  endfacet
  facet normal 0 -0 -1
    outer loop
      vertex -9.29764 12.8945 0
      vertex -9.24261 12.8306 0
      vertex -10.454 11.868 0
    endloop
  endfacet
  facet normal 0 0 -1
    outer loop
      vertex -10.569 -12.0366 0
      vertex -9.38301 -12.9824 0
      vertex -9.50609 -13.0963 0
    endloop
  endfacet
  facet normal 0 0 -1
    outer loop
      vertex -9.24261 12.8306 0
      vertex -9.29764 12.8945 0
      vertex -9.24672 12.8363 0
    endloop
  endfacet
  facet normal 0 0 -1
    outer loop
      vertex -10.6527 -12.182 0
      vertex -9.50609 -13.0963 0
      vertex -9.6698 -13.2324 0
    endloop
  endfacet
  facet normal 0 0 -1
    outer loop
      vertex -10.5023 11.9338 0
      vertex -9.29764 12.8945 0
      vertex -10.454 11.868 0
    endloop
  endfacet
  facet normal 0 0 -1
    outer loop
      vertex -10.7489 -12.3719 0
      vertex -9.6698 -13.2324 0
      vertex -9.87675 -13.3866 0
    endloop
  endfacet
  facet normal -0 0 -1
    outer loop
      vertex -9.29764 12.8945 0
      vertex -10.5023 11.9338 0
      vertex -9.38301 12.9824 0
    endloop
  endfacet
  facet normal 0 0 -1
    outer loop
      vertex -10.8532 -12.6079 0
      vertex -9.87675 -13.3866 0
      vertex -10.1293 -13.5545 0
    endloop
  endfacet
  facet normal 0 0 -1
    outer loop
      vertex -10.569 12.0366 0
      vertex -9.38301 12.9824 0
      vertex -10.5023 11.9338 0
    endloop
  endfacet
  facet normal 0 0 -1
    outer loop
      vertex -10.9607 -12.8915 0
      vertex -10.1293 -13.5545 0
      vertex -10.4293 -13.7317 0
    endloop
  endfacet
  facet normal -0 0 -1
    outer loop
      vertex -9.38301 12.9824 0
      vertex -10.569 12.0366 0
      vertex -9.50609 13.0963 0
    endloop
  endfacet
  facet normal 0 0 -1
    outer loop
      vertex -10.6527 12.182 0
      vertex -9.50609 13.0963 0
      vertex -10.569 12.0366 0
    endloop
  endfacet
  facet normal 0 0 -1
    outer loop
      vertex -9.29764 -12.8945 0
      vertex -10.5023 -11.9338 0
      vertex -10.4522 -11.866 0
    endloop
  endfacet
  facet normal 0 0 -1
    outer loop
      vertex -10.4522 -11.866 0
      vertex -10.5023 -11.9338 0
      vertex -10.4569 -11.8712 0
    endloop
  endfacet
  facet normal 0 0 -1
    outer loop
      vertex -9.38301 -12.9824 0
      vertex -10.569 -12.0366 0
      vertex -10.5023 -11.9338 0
    endloop
  endfacet
  facet normal 0 0 -1
    outer loop
      vertex -9.50609 -13.0963 0
      vertex -10.6527 -12.182 0
      vertex -10.569 -12.0366 0
    endloop
  endfacet
  facet normal 0 0 -1
    outer loop
      vertex -9.6698 -13.2324 0
      vertex -10.7489 -12.3719 0
      vertex -10.6527 -12.182 0
    endloop
  endfacet
  facet normal 0 0 -1
    outer loop
      vertex -11.0667 -13.2234 0
      vertex -10.4293 -13.7317 0
      vertex -10.7784 -13.9135 0
    endloop
  endfacet
  facet normal 0 0 -1
    outer loop
      vertex -9.87675 -13.3866 0
      vertex -10.8532 -12.6079 0
      vertex -10.7489 -12.3719 0
    endloop
  endfacet
  facet normal 0 0 -1
    outer loop
      vertex -10.1293 -13.5545 0
      vertex -10.9607 -12.8915 0
      vertex -10.8532 -12.6079 0
    endloop
  endfacet
  facet normal 0 0 -1
    outer loop
      vertex -10.4293 -13.7317 0
      vertex -11.0667 -13.2234 0
      vertex -10.9607 -12.8915 0
    endloop
  endfacet
  facet normal 0 -0 -1
    outer loop
      vertex -11.0667 -13.2234 0
      vertex -10.7784 -13.9135 0
      vertex -11.1662 -13.6042 0
    endloop
  endfacet
  facet normal -0 0 -1
    outer loop
      vertex -7.448 14.3669 0
      vertex -8.71808 13.6336 0
      vertex -7.5896 14.5259 0
    endloop
  endfacet
  facet normal 0 0 -1
    outer loop
      vertex -8.60635 13.3658 0
      vertex -8.56839 13.2935 0
      vertex -8.57074 13.2971 0
    endloop
  endfacet
  facet normal 0 0 -1
    outer loop
      vertex -8.78496 13.8357 0
      vertex -7.5896 14.5259 0
      vertex -8.71808 13.6336 0
    endloop
  endfacet
  facet normal -0 0 -1
    outer loop
      vertex -7.5896 14.5259 0
      vertex -8.78496 13.8357 0
      vertex -7.77127 14.7092 0
    endloop
  endfacet
  facet normal 0 0 -1
    outer loop
      vertex -8.85286 14.0847 0
      vertex -7.77127 14.7092 0
      vertex -8.78496 13.8357 0
    endloop
  endfacet
  facet normal -0 0 -1
    outer loop
      vertex -7.77127 14.7092 0
      vertex -8.85286 14.0847 0
      vertex -7.99593 14.9128 0
    endloop
  endfacet
  facet normal 0 0 -1
    outer loop
      vertex -8.91693 14.3811 0
      vertex -7.99593 14.9128 0
      vertex -8.85286 14.0847 0
    endloop
  endfacet
  facet normal -0 0 -1
    outer loop
      vertex -7.99593 14.9128 0
      vertex -8.91693 14.3811 0
      vertex -8.26619 15.1328 0
    endloop
  endfacet
  facet normal 0 0 -1
    outer loop
      vertex -8.97224 14.7251 0
      vertex -8.26619 15.1328 0
      vertex -8.91693 14.3811 0
    endloop
  endfacet
  facet normal -0 0 -1
    outer loop
      vertex -8.26619 15.1328 0
      vertex -8.97224 14.7251 0
      vertex -8.58434 15.3645 0
    endloop
  endfacet
  facet normal 0 0 -1
    outer loop
      vertex -8.58434 15.3645 0
      vertex -8.97224 14.7251 0
      vertex -9.0139 15.1165 0
    endloop
  endfacet
  facet normal -0 0 -1
    outer loop
      vertex -9.50609 13.0963 0
      vertex -10.6527 12.182 0
      vertex -9.6698 13.2324 0
    endloop
  endfacet
  facet normal 0 0 -1
    outer loop
      vertex -10.5023 11.9338 0
      vertex -10.454 11.868 0
      vertex -10.4569 11.8712 0
    endloop
  endfacet
  facet normal 0 0 -1
    outer loop
      vertex -10.7489 12.3719 0
      vertex -9.6698 13.2324 0
      vertex -10.6527 12.182 0
    endloop
  endfacet
  facet normal -0 0 -1
    outer loop
      vertex -9.6698 13.2324 0
      vertex -10.7489 12.3719 0
      vertex -9.87675 13.3866 0
    endloop
  endfacet
  facet normal 0 0 -1
    outer loop
      vertex -10.8532 12.6079 0
      vertex -9.87675 13.3866 0
      vertex -10.7489 12.3719 0
    endloop
  endfacet
  facet normal -0 0 -1
    outer loop
      vertex -9.87675 13.3866 0
      vertex -10.8532 12.6079 0
      vertex -10.1293 13.5545 0
    endloop
  endfacet
  facet normal 0 0 -1
    outer loop
      vertex -10.9607 12.8915 0
      vertex -10.1293 13.5545 0
      vertex -10.8532 12.6079 0
    endloop
  endfacet
  facet normal -0 0 -1
    outer loop
      vertex -10.1293 13.5545 0
      vertex -10.9607 12.8915 0
      vertex -10.4293 13.7317 0
    endloop
  endfacet
  facet normal 0 0 -1
    outer loop
      vertex -11.0667 13.2234 0
      vertex -10.4293 13.7317 0
      vertex -10.9607 12.8915 0
    endloop
  endfacet
  facet normal -0 0 -1
    outer loop
      vertex -10.4293 13.7317 0
      vertex -11.0667 13.2234 0
      vertex -10.7784 13.9135 0
    endloop
  endfacet
  facet normal 0 0 -1
    outer loop
      vertex -10.7784 13.9135 0
      vertex -11.0667 13.2234 0
      vertex -11.1662 13.6042 0
    endloop
  endfacet
  facet normal 0 0 -1
    outer loop
      vertex -12.3493 10.4582 0
      vertex -11.3518 11.5333 0
      vertex -12.2449 10.327 0
    endloop
  endfacet
  facet normal 0 0 -1
    outer loop
      vertex -12.1637 10.2352 0
      vertex -12.106 10.1773 0
      vertex -12.1094 10.1801 0
    endloop
  endfacet
  facet normal -0 0 -1
    outer loop
      vertex -11.3518 11.5333 0
      vertex -12.3493 10.4582 0
      vertex -11.534 11.6434 0
    endloop
  endfacet
  facet normal 0 0 -1
    outer loop
      vertex -12.4728 10.6316 0
      vertex -11.534 11.6434 0
      vertex -12.3493 10.4582 0
    endloop
  endfacet
  facet normal -0 0 -1
    outer loop
      vertex -11.534 11.6434 0
      vertex -12.4728 10.6316 0
      vertex -11.7616 11.765 0
    endloop
  endfacet
  facet normal 0 0 -1
    outer loop
      vertex -12.6111 10.8495 0
      vertex -11.7616 11.765 0
      vertex -12.4728 10.6316 0
    endloop
  endfacet
  facet normal -0 0 -1
    outer loop
      vertex -11.7616 11.765 0
      vertex -12.6111 10.8495 0
      vertex -12.0363 11.8935 0
    endloop
  endfacet
  facet normal 0 0 -1
    outer loop
      vertex -12.7597 11.1139 0
      vertex -12.0363 11.8935 0
      vertex -12.6111 10.8495 0
    endloop
  endfacet
  facet normal -0 0 -1
    outer loop
      vertex -12.0363 11.8935 0
      vertex -12.7597 11.1139 0
      vertex -12.3594 12.0239 0
    endloop
  endfacet
  facet normal 0 0 -1
    outer loop
      vertex -12.9139 11.4263 0
      vertex -12.3594 12.0239 0
      vertex -12.7597 11.1139 0
    endloop
  endfacet
  facet normal -0 0 -1
    outer loop
      vertex -12.3594 12.0239 0
      vertex -12.9139 11.4263 0
      vertex -12.7317 12.1517 0
    endloop
  endfacet
  facet normal 0 0 -1
    outer loop
      vertex -12.7317 12.1517 0
      vertex -12.9139 11.4263 0
      vertex -13.0691 11.788 0
    endloop
  endfacet
  facet normal -0 0 -1
    outer loop
      vertex -12.7928 9.63994 0
      vertex -13.6473 8.3866 0
      vertex -12.944 9.71254 0
    endloop
  endfacet
  facet normal 0 0 -1
    outer loop
      vertex -13.5533 8.30803 0
      vertex -13.4877 8.25934 0
      vertex -13.4914 8.26161 0
    endloop
  endfacet
  facet normal 0 0 -1
    outer loop
      vertex -13.7701 8.50081 0
      vertex -12.944 9.71254 0
      vertex -13.6473 8.3866 0
    endloop
  endfacet
  facet normal -0 0 -1
    outer loop
      vertex -12.944 9.71254 0
      vertex -13.7701 8.50081 0
      vertex -13.1405 9.79434 0
    endloop
  endfacet
  facet normal 0 0 -1
    outer loop
      vertex -13.9181 8.6539 0
      vertex -13.1405 9.79434 0
      vertex -13.7701 8.50081 0
    endloop
  endfacet
  facet normal -0 0 -1
    outer loop
      vertex -13.1405 9.79434 0
      vertex -13.9181 8.6539 0
      vertex -13.3837 9.88065 0
    endloop
  endfacet
  facet normal 0 0 -1
    outer loop
      vertex -14.0873 8.84875 0
      vertex -13.3837 9.88065 0
      vertex -13.9181 8.6539 0
    endloop
  endfacet
  facet normal -0 0 -1
    outer loop
      vertex -13.3837 9.88065 0
      vertex -14.0873 8.84875 0
      vertex -13.6745 9.96669 0
    endloop
  endfacet
  facet normal 0 0 -1
    outer loop
      vertex -14.2736 9.08801 0
      vertex -13.6745 9.96669 0
      vertex -14.0873 8.84875 0
    endloop
  endfacet
  facet normal -0 0 -1
    outer loop
      vertex -13.6745 9.96669 0
      vertex -14.2736 9.08801 0
      vertex -14.0134 10.0476 0
    endloop
  endfacet
  facet normal 0 0 -1
    outer loop
      vertex -14.4727 9.37395 0
      vertex -14.0134 10.0476 0
      vertex -14.2736 9.08801 0
    endloop
  endfacet
  facet normal -0 0 -1
    outer loop
      vertex -14.0134 10.0476 0
      vertex -14.4727 9.37395 0
      vertex -14.4006 10.1184 0
    endloop
  endfacet
  facet normal 0 0 -1
    outer loop
      vertex -14.4006 10.1184 0
      vertex -14.4727 9.37395 0
      vertex -14.6801 9.70853 0
    endloop
  endfacet
  facet normal 0 0 -1
    outer loop
      vertex -14.7448 6.2589 0
      vertex -14.0867 7.62561 0
      vertex -14.6401 6.19522 0
    endloop
  endfacet
  facet normal 0 0 -1
    outer loop
      vertex -14.6401 6.19522 0
      vertex -14.568 6.15685 0
      vertex -14.572 6.15854 0
    endloop
  endfacet
  facet normal -0 0 -1
    outer loop
      vertex -14.0867 7.62561 0
      vertex -14.7448 6.2589 0
      vertex -14.247 7.67485 0
    endloop
  endfacet
  facet normal 0 0 -1
    outer loop
      vertex -14.8833 6.35353 0
      vertex -14.247 7.67485 0
      vertex -14.7448 6.2589 0
    endloop
  endfacet
  facet normal -0 0 -1
    outer loop
      vertex -14.247 7.67485 0
      vertex -14.8833 6.35353 0
      vertex -14.4535 7.72644 0
    endloop
  endfacet
  facet normal 0 0 -1
    outer loop
      vertex -15.0524 6.48286 0
      vertex -14.4535 7.72644 0
      vertex -14.8833 6.35353 0
    endloop
  endfacet
  facet normal -0 0 -1
    outer loop
      vertex -14.4535 7.72644 0
      vertex -15.0524 6.48286 0
      vertex -14.7069 7.77554 0
    endloop
  endfacet
  facet normal 0 0 -1
    outer loop
      vertex -15.2488 6.65033 0
      vertex -14.7069 7.77554 0
      vertex -15.0524 6.48286 0
    endloop
  endfacet
  facet normal -0 0 -1
    outer loop
      vertex -14.7069 7.77554 0
      vertex -15.2488 6.65033 0
      vertex -15.0072 7.81729 0
    endloop
  endfacet
  facet normal 0 0 -1
    outer loop
      vertex -15.4687 6.85913 0
      vertex -15.0072 7.81729 0
      vertex -15.2488 6.65033 0
    endloop
  endfacet
  facet normal -0 0 -1
    outer loop
      vertex -15.0072 7.81729 0
      vertex -15.4687 6.85913 0
      vertex -15.3544 7.84674 0
    endloop
  endfacet
  facet normal 0 0 -1
    outer loop
      vertex -15.7082 7.1122 0
      vertex -15.3544 7.84674 0
      vertex -15.4687 6.85913 0
    endloop
  endfacet
  facet normal 0 0 -1
    outer loop
      vertex -15.7082 7.1122 0
      vertex -15.7479 7.85904 0
      vertex -15.3544 7.84674 0
    endloop
  endfacet
  facet normal 0 -0 -1
    outer loop
      vertex -15.7479 7.85904 0
      vertex -15.7082 7.1122 0
      vertex -15.9631 7.41214 0
    endloop
  endfacet
  facet normal -0 0 -1
    outer loop
      vertex -14.9458 5.4164 0
      vertex -15.4 3.94402 0
      vertex -15.0659 5.44093 0
    endloop
  endfacet
  facet normal 0 0 -1
    outer loop
      vertex -15.4 3.94402 0
      vertex -15.323 3.91684 0
      vertex -15.3272 3.91791 0
    endloop
  endfacet
  facet normal 0 0 -1
    outer loop
      vertex -15.513 3.99138 0
      vertex -15.0659 5.44093 0
      vertex -15.4 3.94402 0
    endloop
  endfacet
  facet normal -0 0 -1
    outer loop
      vertex -15.0659 5.44093 0
      vertex -15.513 3.99138 0
      vertex -15.2317 5.46573 0
    endloop
  endfacet
  facet normal 0 0 -1
    outer loop
      vertex -15.664 4.06433 0
      vertex -15.2317 5.46573 0
      vertex -15.513 3.99138 0
    endloop
  endfacet
  facet normal -0 0 -1
    outer loop
      vertex -15.2317 5.46573 0
      vertex -15.664 4.06433 0
      vertex -15.4437 5.48596 0
    endloop
  endfacet
  facet normal 0 0 -1
    outer loop
      vertex -15.8505 4.16701 0
      vertex -15.4437 5.48596 0
      vertex -15.664 4.06433 0
    endloop
  endfacet
  facet normal -0 0 -1
    outer loop
      vertex -15.4437 5.48596 0
      vertex -15.8505 4.16701 0
      vertex -15.7015 5.49675 0
    endloop
  endfacet
  facet normal 0 0 -1
    outer loop
      vertex -16.0696 4.30334 0
      vertex -15.7015 5.49675 0
      vertex -15.8505 4.16701 0
    endloop
  endfacet
  facet normal 0 0 -1
    outer loop
      vertex -15.7015 5.49675 0
      vertex -16.0696 4.30334 0
      vertex -16.0047 5.49327 0
    endloop
  endfacet
  facet normal 0 0 -1
    outer loop
      vertex -16.3182 4.47704 0
      vertex -16.0047 5.49327 0
      vertex -16.0696 4.30334 0
    endloop
  endfacet
  facet normal 0 0 -1
    outer loop
      vertex -16.3182 4.47704 0
      vertex -16.3524 5.47064 0
      vertex -16.0047 5.49327 0
    endloop
  endfacet
  facet normal 0 0 -1
    outer loop
      vertex -16.5927 4.69159 0
      vertex -16.3524 5.47064 0
      vertex -16.3182 4.47704 0
    endloop
  endfacet
  facet normal 0 0 -1
    outer loop
      vertex -16.5927 4.69159 0
      vertex -16.7433 5.42416 0
      vertex -16.3524 5.47064 0
    endloop
  endfacet
  facet normal 0 -0 -1
    outer loop
      vertex -16.7433 5.42416 0
      vertex -16.5927 4.69159 0
      vertex -16.8895 4.95016 0
    endloop
  endfacet
  facet normal 0 0 -1
    outer loop
      vertex -15.8158 1.60472 0
      vertex -15.5862 3.12834 0
      vertex -15.7356 1.58931 0
    endloop
  endfacet
  facet normal 0 0 -1
    outer loop
      vertex -15.8158 1.60472 0
      vertex -15.7356 1.58931 0
      vertex -15.7399 1.58975 0
    endloop
  endfacet
  facet normal -0 0 -1
    outer loop
      vertex -15.5862 3.12834 0
      vertex -15.8158 1.60472 0
      vertex -15.7085 3.1347 0
    endloop
  endfacet
  facet normal 0 0 -1
    outer loop
      vertex -15.9346 1.63472 0
      vertex -15.7085 3.1347 0
      vertex -15.8158 1.60472 0
    endloop
  endfacet
  facet normal 0 0 -1
    outer loop
      vertex -15.7085 3.1347 0
      vertex -15.9346 1.63472 0
      vertex -15.8762 3.13451 0
    endloop
  endfacet
  facet normal 0 0 -1
    outer loop
      vertex -16.0948 1.68434 0
      vertex -15.8762 3.13451 0
      vertex -15.9346 1.63472 0
    endloop
  endfacet
  facet normal 0 0 -1
    outer loop
      vertex -15.8762 3.13451 0
      vertex -16.0948 1.68434 0
      vertex -16.0888 3.12292 0
    endloop
  endfacet
  facet normal 0 0 -1
    outer loop
      vertex -16.2945 1.75807 0
      vertex -16.0888 3.12292 0
      vertex -16.0948 1.68434 0
    endloop
  endfacet
  facet normal 0 0 -1
    outer loop
      vertex -16.2945 1.75807 0
      vertex -16.3454 3.09517 0
      vertex -16.0888 3.12292 0
    endloop
  endfacet
  facet normal 0 0 -1
    outer loop
      vertex -16.5315 1.86021 0
      vertex -16.3454 3.09517 0
      vertex -16.2945 1.75807 0
    endloop
  endfacet
  facet normal 0 0 -1
    outer loop
      vertex -16.5315 1.86021 0
      vertex -16.6447 3.04652 0
      vertex -16.3454 3.09517 0
    endloop
  endfacet
  facet normal 0 0 -1
    outer loop
      vertex -16.8032 1.99492 0
      vertex -16.6447 3.04652 0
      vertex -16.5315 1.86021 0
    endloop
  endfacet
  facet normal 0 0 -1
    outer loop
      vertex -16.8032 1.99492 0
      vertex -16.9852 2.97234 0
      vertex -16.6447 3.04652 0
    endloop
  endfacet
  facet normal 0 0 -1
    outer loop
      vertex -17.1067 2.16617 0
      vertex -16.9852 2.97234 0
      vertex -16.8032 1.99492 0
    endloop
  endfacet
  facet normal 0 0 -1
    outer loop
      vertex -17.1067 2.16617 0
      vertex -17.3647 2.86812 0
      vertex -16.9852 2.97234 0
    endloop
  endfacet
  facet normal 0 -0 -1
    outer loop
      vertex -17.3647 2.86812 0
      vertex -17.1067 2.16617 0
      vertex -17.4386 2.37762 0
    endloop
  endfacet
  facet normal 0 0 -1
    outer loop
      vertex -9.24261 12.8306 0
      vertex -6.20496 5.20658 0
      vertex -6.63513 4.64597 0
    endloop
  endfacet
  facet normal 0 0 -1
    outer loop
      vertex -9.24261 12.8306 0
      vertex -6.63513 4.64597 0
      vertex -7.0148 4.05 0
    endloop
  endfacet
  facet normal 0 0 -1
    outer loop
      vertex -3.42321 7.34109 0
      vertex -7.22708 14.0648 0
      vertex -6.49139 14.4221 0
    endloop
  endfacet
  facet normal 0 0 -1
    outer loop
      vertex -4.05 7.0148 0
      vertex -8.56839 13.2935 0
      vertex -7.22708 14.0648 0
    endloop
  endfacet
  facet normal 0 0 -1
    outer loop
      vertex -8.71808 13.6336 0
      vertex -7.448 14.3669 0
      vertex -8.65698 13.4774 0
    endloop
  endfacet
  facet normal 0 0 -1
    outer loop
      vertex -9.24261 12.8306 0
      vertex -7.0148 4.05 0
      vertex -7.34109 3.42321 0
    endloop
  endfacet
  facet normal -0 0 -1
    outer loop
      vertex -7.34328 14.2359 0
      vertex -8.65698 13.4774 0
      vertex -7.448 14.3669 0
    endloop
  endfacet
  facet normal 0 0 -1
    outer loop
      vertex -8.65698 13.4774 0
      vertex -7.34328 14.2359 0
      vertex -8.60635 13.3658 0
    endloop
  endfacet
  facet normal -0 0 -1
    outer loop
      vertex -7.27196 14.1362 0
      vertex -8.60635 13.3658 0
      vertex -7.34328 14.2359 0
    endloop
  endfacet
  facet normal 0 0 -1
    outer loop
      vertex -9.24261 12.8306 0
      vertex -7.34109 3.42321 0
      vertex -7.61151 2.77036 0
    endloop
  endfacet
  facet normal 0 0 -1
    outer loop
      vertex -8.56839 13.2935 0
      vertex -7.27196 14.1362 0
      vertex -7.22708 14.0648 0
    endloop
  endfacet
  facet normal 0 0 -1
    outer loop
      vertex -9.24261 12.8306 0
      vertex -7.61151 2.77036 0
      vertex -7.824 2.09643 0
    endloop
  endfacet
  facet normal 0 0 -1
    outer loop
      vertex -9.24261 12.8306 0
      vertex -7.824 2.09643 0
      vertex -7.97694 1.40655 0
    endloop
  endfacet
  facet normal 0 0 -1
    outer loop
      vertex -7.22708 14.0648 0
      vertex -7.27196 14.1362 0
      vertex -7.2303 14.0711 0
    endloop
  endfacet
  facet normal 0 0 -1
    outer loop
      vertex -9.24261 12.8306 0
      vertex -7.97694 1.40655 0
      vertex -8.06918 0.705961 0
    endloop
  endfacet
  facet normal 0 0 -1
    outer loop
      vertex -9.24261 12.8306 0
      vertex -8.06918 0.705961 0
      vertex -8.1 0 0
    endloop
  endfacet
  facet normal -0 0 -1
    outer loop
      vertex -6.63513 -4.64597 0
      vertex -13.4854 -8.25793 0
      vertex -7.0148 -4.05 0
    endloop
  endfacet
  facet normal 0 0 -1
    outer loop
      vertex -13.8966 -7.55101 0
      vertex -7.0148 -4.05 0
      vertex -13.4854 -8.25793 0
    endloop
  endfacet
  facet normal 0 0 -1
    outer loop
      vertex -8.60635 13.3658 0
      vertex -7.27196 14.1362 0
      vertex -8.56839 13.2935 0
    endloop
  endfacet
  facet normal 0 0 -1
    outer loop
      vertex -8.60635 -13.3658 0
      vertex -8.56694 -13.2913 0
      vertex -8.26619 -15.1328 0
    endloop
  endfacet
  facet normal 0 0 -1
    outer loop
      vertex -8.97224 -14.7251 0
      vertex -8.26619 -15.1328 0
      vertex -8.58434 -15.3645 0
    endloop
  endfacet
  facet normal 0 0 -1
    outer loop
      vertex -8.56694 -13.2913 0
      vertex -8.60635 -13.3658 0
      vertex -8.57074 -13.2971 0
    endloop
  endfacet
  facet normal 0 0 -1
    outer loop
      vertex -8.26619 -15.1328 0
      vertex -8.65698 -13.4774 0
      vertex -8.60635 -13.3658 0
    endloop
  endfacet
  facet normal 0 0 -1
    outer loop
      vertex -8.26619 -15.1328 0
      vertex -8.71808 -13.6336 0
      vertex -8.65698 -13.4774 0
    endloop
  endfacet
  facet normal 0 0 -1
    outer loop
      vertex -8.26619 -15.1328 0
      vertex -8.78496 -13.8357 0
      vertex -8.71808 -13.6336 0
    endloop
  endfacet
  facet normal 0 0 -1
    outer loop
      vertex -8.26619 -15.1328 0
      vertex -8.85286 -14.0847 0
      vertex -8.78496 -13.8357 0
    endloop
  endfacet
  facet normal 0 0 -1
    outer loop
      vertex -8.26619 -15.1328 0
      vertex -8.91693 -14.3811 0
      vertex -8.85286 -14.0847 0
    endloop
  endfacet
  facet normal 0 0 -1
    outer loop
      vertex -8.26619 -15.1328 0
      vertex -8.97224 -14.7251 0
      vertex -8.91693 -14.3811 0
    endloop
  endfacet
  facet normal 0 -0 -1
    outer loop
      vertex -8.97224 -14.7251 0
      vertex -8.58434 -15.3645 0
      vertex -9.0139 -15.1165 0
    endloop
  endfacet
  facet normal 0 0 -1
    outer loop
      vertex -3.24506 -16.6071 0
      vertex -4.28186 -16.3705 0
      vertex -4.30801 -16.0684 0
    endloop
  endfacet
  facet normal 0 0 -1
    outer loop
      vertex -3.09042 -16.3463 0
      vertex -4.30801 -16.0684 0
      vertex -4.31651 -15.8105 0
    endloop
  endfacet
  facet normal 0 0 -1
    outer loop
      vertex -2.97084 -16.1176 0
      vertex -4.31651 -15.8105 0
      vertex -4.31218 -15.5976 0
    endloop
  endfacet
  facet normal 0 0 -1
    outer loop
      vertex -2.8824 -15.9239 0
      vertex -4.31218 -15.5976 0
      vertex -4.29984 -15.4303 0
    endloop
  endfacet
  facet normal 0 0 -1
    outer loop
      vertex -2.82094 -15.7679 0
      vertex -4.29984 -15.4303 0
      vertex -4.28435 -15.3088 0
    endloop
  endfacet
  facet normal 0 0 -1
    outer loop
      vertex -4.26868 -15.2259 0
      vertex -4.28435 -15.3088 0
      vertex -4.27057 -15.2327 0
    endloop
  endfacet
  facet normal 0 0 -1
    outer loop
      vertex -2.78215 -15.6517 0
      vertex -4.28435 -15.3088 0
      vertex -4.26868 -15.2259 0
    endloop
  endfacet
  facet normal 0 0 -1
    outer loop
      vertex -0.439346 -16.0122 0
      vertex -1.95204 -15.8988 0
      vertex -1.95485 -15.7764 0
    endloop
  endfacet
  facet normal 0 0 -1
    outer loop
      vertex -0.41832 -15.8915 0
      vertex -1.95485 -15.7764 0
      vertex -1.95169 -15.692 0
    endloop
  endfacet
  facet normal 0 0 -1
    outer loop
      vertex -1.95169 -15.692 0
      vertex -1.95485 -15.7764 0
      vertex -1.95256 -15.699 0
    endloop
  endfacet
  facet normal 0 0 -1
    outer loop
      vertex 1.95169 15.692 0
      vertex 1.95485 15.7764 0
      vertex 1.95256 15.699 0
    endloop
  endfacet
  facet normal -0 0 -1
    outer loop
      vertex 1.95485 15.7764 0
      vertex 1.95169 15.692 0
      vertex 1.95204 15.8988 0
    endloop
  endfacet
  facet normal -0 0 -1
    outer loop
      vertex 1.95204 15.8988 0
      vertex 1.95169 15.692 0
      vertex 1.93932 16.0661 0
    endloop
  endfacet
  facet normal 0 -0 -1
    outer loop
      vertex -1.86502 16.531 0
      vertex -0.619614 16.6243 0
      vertex -1.91188 16.2772 0
    endloop
  endfacet
  facet normal 0 0 -1
    outer loop
      vertex -1.95485 15.7764 0
      vertex -1.95203 15.6947 0
      vertex -1.95256 15.699 0
    endloop
  endfacet
  facet normal -0 0 -1
    outer loop
      vertex -0.535461 16.3804 0
      vertex -1.91188 16.2772 0
      vertex -0.619614 16.6243 0
    endloop
  endfacet
  facet normal 0 0 -1
    outer loop
      vertex -4.28435 15.3088 0
      vertex -4.26939 15.2285 0
      vertex -4.27057 15.2327 0
    endloop
  endfacet
  facet normal -0 0 -1
    outer loop
      vertex -3.43849 16.8969 0
      vertex -4.23332 16.7155 0
      vertex -3.67418 17.2122 0
    endloop
  endfacet
  facet normal -0 0 -1
    outer loop
      vertex -2.97084 16.1176 0
      vertex -4.31651 15.8105 0
      vertex -3.09042 16.3463 0
    endloop
  endfacet
  facet normal 0 -0 -1
    outer loop
      vertex -4.30801 16.0684 0
      vertex -3.09042 16.3463 0
      vertex -4.31651 15.8105 0
    endloop
  endfacet
  facet normal 0 -0 -1
    outer loop
      vertex -4.23332 16.7155 0
      vertex -3.43849 16.8969 0
      vertex -4.28186 16.3705 0
    endloop
  endfacet
  facet normal 0 -0 -1
    outer loop
      vertex -4.28186 16.3705 0
      vertex -3.24506 16.6071 0
      vertex -4.30801 16.0684 0
    endloop
  endfacet
  facet normal -0 0 -1
    outer loop
      vertex -3.24506 16.6071 0
      vertex -4.28186 16.3705 0
      vertex -3.43849 16.8969 0
    endloop
  endfacet
  facet normal -0 0 -1
    outer loop
      vertex -4.64597 -6.63513 0
      vertex -9.24419 -12.8327 0
      vertex -5.20658 -6.20496 0
    endloop
  endfacet
  facet normal 0 0 -1
    outer loop
      vertex -10.4522 -11.866 0
      vertex -5.20658 -6.20496 0
      vertex -9.24419 -12.8327 0
    endloop
  endfacet
  facet normal 0 0 -1
    outer loop
      vertex -7.27196 -14.1362 0
      vertex -8.56694 -13.2913 0
      vertex -7.22832 -14.0672 0
    endloop
  endfacet
  facet normal 0 0 -1
    outer loop
      vertex -7.27196 -14.1362 0
      vertex -7.22832 -14.0672 0
      vertex -7.2303 -14.0711 0
    endloop
  endfacet
  facet normal 0 0 -1
    outer loop
      vertex -8.56694 -13.2913 0
      vertex -7.27196 -14.1362 0
      vertex -7.34328 -14.2359 0
    endloop
  endfacet
  facet normal -0 0 -1
    outer loop
      vertex -5.20658 -6.20496 0
      vertex -10.4522 -11.866 0
      vertex -5.72756 -5.72756 0
    endloop
  endfacet
  facet normal 0 0 -1
    outer loop
      vertex -8.56694 -13.2913 0
      vertex -7.34328 -14.2359 0
      vertex -7.448 -14.3669 0
    endloop
  endfacet
  facet normal 0 0 -1
    outer loop
      vertex -8.56694 -13.2913 0
      vertex -7.448 -14.3669 0
      vertex -7.5896 -14.5259 0
    endloop
  endfacet
  facet normal 0 0 -1
    outer loop
      vertex -8.56694 -13.2913 0
      vertex -7.5896 -14.5259 0
      vertex -7.77127 -14.7092 0
    endloop
  endfacet
  facet normal 0 0 -1
    outer loop
      vertex -11.0535 -11.3116 0
      vertex -5.72756 -5.72756 0
      vertex -10.4522 -11.866 0
    endloop
  endfacet
  facet normal 0 0 -1
    outer loop
      vertex -8.56694 -13.2913 0
      vertex -7.77127 -14.7092 0
      vertex -7.99593 -14.9128 0
    endloop
  endfacet
  facet normal 0 0 -1
    outer loop
      vertex -12.104 -10.1756 0
      vertex -5.72756 -5.72756 0
      vertex -11.0535 -11.3116 0
    endloop
  endfacet
  facet normal -0 0 -1
    outer loop
      vertex -5.72756 -5.72756 0
      vertex -12.104 -10.1756 0
      vertex -6.20496 -5.20658 0
    endloop
  endfacet
  facet normal 0 0 -1
    outer loop
      vertex -8.56694 -13.2913 0
      vertex -7.99593 -14.9128 0
      vertex -8.26619 -15.1328 0
    endloop
  endfacet
  facet normal 0 0 -1
    outer loop
      vertex -12.616 -9.53786 0
      vertex -6.20496 -5.20658 0
      vertex -12.104 -10.1756 0
    endloop
  endfacet
  facet normal -0 0 -1
    outer loop
      vertex -6.20496 -5.20658 0
      vertex -12.616 -9.53786 0
      vertex -6.63513 -4.64597 0
    endloop
  endfacet
  facet normal 0 0 -1
    outer loop
      vertex -13.4854 -8.25793 0
      vertex -6.63513 -4.64597 0
      vertex -12.616 -9.53786 0
    endloop
  endfacet
  facet normal -0.941833 -0.336082 0
    outer loop
      vertex -1.56244 -17.5305 0
      vertex -1.69472 -17.1598 6
      vertex -1.69472 -17.1598 0
    endloop
  endfacet
  facet normal -0.941833 -0.336082 0
    outer loop
      vertex -1.69472 -17.1598 6
      vertex -1.56244 -17.5305 0
      vertex -1.56244 -17.5305 6
    endloop
  endfacet
  facet normal -0.95844 -0.285294 0
    outer loop
      vertex -1.69472 -17.1598 0
      vertex -1.79414 -16.8258 6
      vertex -1.79414 -16.8258 0
    endloop
  endfacet
  facet normal -0.95844 -0.285294 0
    outer loop
      vertex -1.79414 -16.8258 6
      vertex -1.69472 -17.1598 0
      vertex -1.69472 -17.1598 6
    endloop
  endfacet
  facet normal -0.972291 -0.233772 0
    outer loop
      vertex -1.79414 -16.8258 0
      vertex -1.86502 -16.531 6
      vertex -1.86502 -16.531 0
    endloop
  endfacet
  facet normal -0.972291 -0.233772 0
    outer loop
      vertex -1.86502 -16.531 6
      vertex -1.79414 -16.8258 0
      vertex -1.79414 -16.8258 6
    endloop
  endfacet
  facet normal -0.983379 -0.181565 0
    outer loop
      vertex -1.86502 -16.531 0
      vertex -1.91188 -16.2772 6
      vertex -1.91188 -16.2772 0
    endloop
  endfacet
  facet normal -0.983379 -0.181565 0
    outer loop
      vertex -1.91188 -16.2772 6
      vertex -1.86502 -16.531 0
      vertex -1.86502 -16.531 6
    endloop
  endfacet
  facet normal -0.991657 -0.128901 0
    outer loop
      vertex -1.91188 -16.2772 0
      vertex -1.93932 -16.0661 6
      vertex -1.93932 -16.0661 0
    endloop
  endfacet
  facet normal -0.991657 -0.128901 0
    outer loop
      vertex -1.93932 -16.0661 6
      vertex -1.91188 -16.2772 0
      vertex -1.91188 -16.2772 6
    endloop
  endfacet
  facet normal -0.997122 -0.0758123 0
    outer loop
      vertex -1.93932 -16.0661 0
      vertex -1.95204 -15.8988 6
      vertex -1.95204 -15.8988 0
    endloop
  endfacet
  facet normal -0.997122 -0.0758123 0
    outer loop
      vertex -1.95204 -15.8988 6
      vertex -1.93932 -16.0661 0
      vertex -1.93932 -16.0661 6
    endloop
  endfacet
  facet normal -0.999737 -0.0229515 0
    outer loop
      vertex -1.95204 -15.8988 0
      vertex -1.95485 -15.7764 6
      vertex -1.95485 -15.7764 0
    endloop
  endfacet
  facet normal -0.999737 -0.0229515 0
    outer loop
      vertex -1.95485 -15.7764 6
      vertex -1.95204 -15.8988 0
      vertex -1.95204 -15.8988 6
    endloop
  endfacet
  facet normal -0.999563 0.0295736 0
    outer loop
      vertex -1.95485 -15.7764 0
      vertex -1.95256 -15.699 6
      vertex -1.95256 -15.699 0
    endloop
  endfacet
  facet normal -0.999563 0.0295736 0
    outer loop
      vertex -1.95256 -15.699 6
      vertex -1.95485 -15.7764 0
      vertex -1.95485 -15.7764 6
    endloop
  endfacet
  facet normal -0.992365 0.123337 0
    outer loop
      vertex -1.95256 -15.699 0
      vertex -1.95169 -15.692 6
      vertex -1.95169 -15.692 0
    endloop
  endfacet
  facet normal -0.992365 0.123337 0
    outer loop
      vertex -1.95169 -15.692 6
      vertex -1.95256 -15.699 0
      vertex -1.95256 -15.699 6
    endloop
  endfacet
  facet normal -0.145751 -0.989321 0
    outer loop
      vertex -2.76079 -15.5728 0
      vertex -1.95169 -15.692 6
      vertex -2.76079 -15.5728 6
    endloop
  endfacet
  facet normal -0.145751 -0.989321 -0
    outer loop
      vertex -1.95169 -15.692 6
      vertex -2.76079 -15.5728 0
      vertex -1.95169 -15.692 0
    endloop
  endfacet
  facet normal 0.984737 -0.174047 0
    outer loop
      vertex -2.76155 -15.5771 6
      vertex -2.76079 -15.5728 0
      vertex -2.76079 -15.5728 6
    endloop
  endfacet
  facet normal 0.984737 -0.174047 0
    outer loop
      vertex -2.76079 -15.5728 0
      vertex -2.76155 -15.5771 6
      vertex -2.76155 -15.5771 0
    endloop
  endfacet
  facet normal 0.963924 -0.266177 0
    outer loop
      vertex -2.78215 -15.6517 6
      vertex -2.76155 -15.5771 0
      vertex -2.76155 -15.5771 6
    endloop
  endfacet
  facet normal 0.963924 -0.266177 0
    outer loop
      vertex -2.76155 -15.5771 0
      vertex -2.78215 -15.6517 6
      vertex -2.78215 -15.6517 0
    endloop
  endfacet
  facet normal 0.948544 -0.316644 0
    outer loop
      vertex -2.82094 -15.7679 6
      vertex -2.78215 -15.6517 0
      vertex -2.78215 -15.6517 6
    endloop
  endfacet
  facet normal 0.948544 -0.316644 0
    outer loop
      vertex -2.78215 -15.6517 0
      vertex -2.82094 -15.7679 6
      vertex -2.82094 -15.7679 0
    endloop
  endfacet
  facet normal 0.930397 -0.366553 0
    outer loop
      vertex -2.8824 -15.9239 6
      vertex -2.82094 -15.7679 0
      vertex -2.82094 -15.7679 6
    endloop
  endfacet
  facet normal 0.930397 -0.366553 0
    outer loop
      vertex -2.82094 -15.7679 0
      vertex -2.8824 -15.9239 6
      vertex -2.8824 -15.9239 0
    endloop
  endfacet
  facet normal 0.909667 -0.415338 0
    outer loop
      vertex -2.97084 -16.1176 6
      vertex -2.8824 -15.9239 0
      vertex -2.8824 -15.9239 6
    endloop
  endfacet
  facet normal 0.909667 -0.415338 0
    outer loop
      vertex -2.8824 -15.9239 0
      vertex -2.97084 -16.1176 6
      vertex -2.97084 -16.1176 0
    endloop
  endfacet
  facet normal 0.886174 -0.463352 0
    outer loop
      vertex -3.09042 -16.3463 6
      vertex -2.97084 -16.1176 0
      vertex -2.97084 -16.1176 6
    endloop
  endfacet
  facet normal 0.886174 -0.463352 0
    outer loop
      vertex -2.97084 -16.1176 0
      vertex -3.09042 -16.3463 6
      vertex -3.09042 -16.3463 0
    endloop
  endfacet
  facet normal 0.860159 -0.510027 0
    outer loop
      vertex -3.24506 -16.6071 6
      vertex -3.09042 -16.3463 0
      vertex -3.09042 -16.3463 6
    endloop
  endfacet
  facet normal 0.860159 -0.510027 0
    outer loop
      vertex -3.09042 -16.3463 0
      vertex -3.24506 -16.6071 6
      vertex -3.24506 -16.6071 0
    endloop
  endfacet
  facet normal 0.831746 -0.555157 0
    outer loop
      vertex -3.43849 -16.8969 6
      vertex -3.24506 -16.6071 0
      vertex -3.24506 -16.6071 6
    endloop
  endfacet
  facet normal 0.831746 -0.555157 0
    outer loop
      vertex -3.24506 -16.6071 0
      vertex -3.43849 -16.8969 6
      vertex -3.43849 -16.8969 0
    endloop
  endfacet
  facet normal 0.800956 -0.598723 0
    outer loop
      vertex -3.67418 -17.2122 6
      vertex -3.43849 -16.8969 0
      vertex -3.43849 -16.8969 6
    endloop
  endfacet
  facet normal 0.800956 -0.598723 0
    outer loop
      vertex -3.43849 -16.8969 0
      vertex -3.67418 -17.2122 6
      vertex -3.67418 -17.2122 0
    endloop
  endfacet
  facet normal -0.222562 -0.974919 0
    outer loop
      vertex -4.15778 -17.1018 0
      vertex -3.67418 -17.2122 6
      vertex -4.15778 -17.1018 6
    endloop
  endfacet
  facet normal -0.222562 -0.974919 -0
    outer loop
      vertex -3.67418 -17.2122 6
      vertex -4.15778 -17.1018 0
      vertex -3.67418 -17.2122 0
    endloop
  endfacet
  facet normal -0.981412 -0.191913 0
    outer loop
      vertex -4.15778 -17.1018 0
      vertex -4.23332 -16.7155 6
      vertex -4.23332 -16.7155 0
    endloop
  endfacet
  facet normal -0.981412 -0.191913 0
    outer loop
      vertex -4.23332 -16.7155 6
      vertex -4.15778 -17.1018 0
      vertex -4.15778 -17.1018 6
    endloop
  endfacet
  facet normal -0.990247 -0.139323 0
    outer loop
      vertex -4.23332 -16.7155 0
      vertex -4.28186 -16.3705 6
      vertex -4.28186 -16.3705 0
    endloop
  endfacet
  facet normal -0.990247 -0.139323 0
    outer loop
      vertex -4.28186 -16.3705 6
      vertex -4.23332 -16.7155 0
      vertex -4.23332 -16.7155 6
    endloop
  endfacet
  facet normal -0.996275 -0.0862383 0
    outer loop
      vertex -4.28186 -16.3705 0
      vertex -4.30801 -16.0684 6
      vertex -4.30801 -16.0684 0
    endloop
  endfacet
  facet normal -0.996275 -0.0862383 0
    outer loop
      vertex -4.30801 -16.0684 6
      vertex -4.28186 -16.3705 0
      vertex -4.28186 -16.3705 6
    endloop
  endfacet
  facet normal -0.999457 -0.0329406 0
    outer loop
      vertex -4.30801 -16.0684 0
      vertex -4.31651 -15.8105 6
      vertex -4.31651 -15.8105 0
    endloop
  endfacet
  facet normal -0.999457 -0.0329406 0
    outer loop
      vertex -4.31651 -15.8105 6
      vertex -4.30801 -16.0684 0
      vertex -4.30801 -16.0684 6
    endloop
  endfacet
  facet normal -0.999793 0.020334 0
    outer loop
      vertex -4.31651 -15.8105 0
      vertex -4.31218 -15.5976 6
      vertex -4.31218 -15.5976 0
    endloop
  endfacet
  facet normal -0.999793 0.020334 0
    outer loop
      vertex -4.31218 -15.5976 6
      vertex -4.31651 -15.8105 0
      vertex -4.31651 -15.8105 6
    endloop
  endfacet
  facet normal -0.997291 0.0735599 0
    outer loop
      vertex -4.31218 -15.5976 0
      vertex -4.29984 -15.4303 6
      vertex -4.29984 -15.4303 0
    endloop
  endfacet
  facet normal -0.997291 0.0735599 0
    outer loop
      vertex -4.29984 -15.4303 6
      vertex -4.31218 -15.5976 0
      vertex -4.31218 -15.5976 6
    endloop
  endfacet
  facet normal -0.991971 0.126466 0
    outer loop
      vertex -4.29984 -15.4303 0
      vertex -4.28435 -15.3088 6
      vertex -4.28435 -15.3088 0
    endloop
  endfacet
  facet normal -0.991971 0.126466 0
    outer loop
      vertex -4.28435 -15.3088 6
      vertex -4.29984 -15.4303 0
      vertex -4.29984 -15.4303 6
    endloop
  endfacet
  facet normal -0.983998 0.17818 0
    outer loop
      vertex -4.28435 -15.3088 0
      vertex -4.27057 -15.2327 6
      vertex -4.27057 -15.2327 0
    endloop
  endfacet
  facet normal -0.983998 0.17818 0
    outer loop
      vertex -4.27057 -15.2327 6
      vertex -4.28435 -15.3088 0
      vertex -4.28435 -15.3088 6
    endloop
  endfacet
  facet normal -0.963477 0.26779 0
    outer loop
      vertex -4.27057 -15.2327 0
      vertex -4.26868 -15.2259 6
      vertex -4.26868 -15.2259 0
    endloop
  endfacet
  facet normal -0.963477 0.26779 0
    outer loop
      vertex -4.26868 -15.2259 6
      vertex -4.27057 -15.2327 0
      vertex -4.27057 -15.2327 6
    endloop
  endfacet
  facet normal -0.291626 -0.956532 0
    outer loop
      vertex -5.05096 -14.9874 0
      vertex -4.26868 -15.2259 6
      vertex -5.05096 -14.9874 6
    endloop
  endfacet
  facet normal -0.291626 -0.956532 -0
    outer loop
      vertex -4.26868 -15.2259 6
      vertex -5.05096 -14.9874 0
      vertex -4.26868 -15.2259 0
    endloop
  endfacet
  facet normal 0.947054 -0.321074 0
    outer loop
      vertex -5.05235 -14.9915 6
      vertex -5.05096 -14.9874 0
      vertex -5.05096 -14.9874 6
    endloop
  endfacet
  facet normal 0.947054 -0.321074 0
    outer loop
      vertex -5.05096 -14.9874 0
      vertex -5.05235 -14.9915 6
      vertex -5.05235 -14.9915 0
    endloop
  endfacet
  facet normal 0.913534 -0.406762 0
    outer loop
      vertex -5.08383 -15.0622 6
      vertex -5.05235 -14.9915 0
      vertex -5.05235 -14.9915 6
    endloop
  endfacet
  facet normal 0.913534 -0.406762 0
    outer loop
      vertex -5.05235 -14.9915 0
      vertex -5.08383 -15.0622 6
      vertex -5.08383 -15.0622 0
    endloop
  endfacet
  facet normal 0.890707 -0.454579 0
    outer loop
      vertex -5.13951 -15.1713 6
      vertex -5.08383 -15.0622 0
      vertex -5.08383 -15.0622 6
    endloop
  endfacet
  facet normal 0.890707 -0.454579 0
    outer loop
      vertex -5.08383 -15.0622 0
      vertex -5.13951 -15.1713 6
      vertex -5.13951 -15.1713 0
    endloop
  endfacet
  facet normal 0.865512 -0.500888 0
    outer loop
      vertex -5.22354 -15.3165 6
      vertex -5.13951 -15.1713 0
      vertex -5.13951 -15.1713 6
    endloop
  endfacet
  facet normal 0.865512 -0.500888 0
    outer loop
      vertex -5.13951 -15.1713 0
      vertex -5.22354 -15.3165 6
      vertex -5.22354 -15.3165 0
    endloop
  endfacet
  facet normal 0.83753 -0.546391 0
    outer loop
      vertex -5.33986 -15.4948 6
      vertex -5.22354 -15.3165 0
      vertex -5.22354 -15.3165 6
    endloop
  endfacet
  facet normal 0.83753 -0.546391 0
    outer loop
      vertex -5.22354 -15.3165 0
      vertex -5.33986 -15.4948 6
      vertex -5.33986 -15.4948 0
    endloop
  endfacet
  facet normal 0.807187 -0.590296 0
    outer loop
      vertex -5.49219 -15.7031 6
      vertex -5.33986 -15.4948 0
      vertex -5.33986 -15.4948 6
    endloop
  endfacet
  facet normal 0.807187 -0.590296 0
    outer loop
      vertex -5.33986 -15.4948 0
      vertex -5.49219 -15.7031 6
      vertex -5.49219 -15.7031 0
    endloop
  endfacet
  facet normal 0.774605 -0.632446 0
    outer loop
      vertex -5.68398 -15.938 6
      vertex -5.49219 -15.7031 0
      vertex -5.49219 -15.7031 6
    endloop
  endfacet
  facet normal 0.774605 -0.632446 0
    outer loop
      vertex -5.49219 -15.7031 0
      vertex -5.68398 -15.938 6
      vertex -5.68398 -15.938 0
    endloop
  endfacet
  facet normal 0.739672 -0.672967 0
    outer loop
      vertex -5.91844 -16.1957 6
      vertex -5.68398 -15.938 0
      vertex -5.68398 -15.938 6
    endloop
  endfacet
  facet normal 0.739672 -0.672967 0
    outer loop
      vertex -5.68398 -15.938 0
      vertex -5.91844 -16.1957 6
      vertex -5.91844 -16.1957 0
    endloop
  endfacet
  facet normal 0.702839 -0.711349 0
    outer loop
      vertex -6.19849 -16.4724 0
      vertex -5.91844 -16.1957 6
      vertex -6.19849 -16.4724 6
    endloop
  endfacet
  facet normal 0.702839 -0.711349 0
    outer loop
      vertex -5.91844 -16.1957 6
      vertex -6.19849 -16.4724 0
      vertex -5.91844 -16.1957 0
    endloop
  endfacet
  facet normal -0.365481 -0.930819 0
    outer loop
      vertex -6.66023 -16.2911 0
      vertex -6.19849 -16.4724 6
      vertex -6.66023 -16.2911 6
    endloop
  endfacet
  facet normal -0.365481 -0.930819 -0
    outer loop
      vertex -6.19849 -16.4724 6
      vertex -6.66023 -16.2911 0
      vertex -6.19849 -16.4724 0
    endloop
  endfacet
  facet normal -0.999051 -0.0435497 0
    outer loop
      vertex -6.66023 -16.2911 0
      vertex -6.67737 -15.8979 6
      vertex -6.67737 -15.8979 0
    endloop
  endfacet
  facet normal -0.999051 -0.0435497 0
    outer loop
      vertex -6.67737 -15.8979 6
      vertex -6.66023 -16.2911 0
      vertex -6.66023 -16.2911 6
    endloop
  endfacet
  facet normal -0.999951 0.00987323 0
    outer loop
      vertex -6.67737 -15.8979 0
      vertex -6.67393 -15.5495 6
      vertex -6.67393 -15.5495 0
    endloop
  endfacet
  facet normal -0.999951 0.00987323 0
    outer loop
      vertex -6.67393 -15.5495 6
      vertex -6.67737 -15.8979 0
      vertex -6.67737 -15.8979 6
    endloop
  endfacet
  facet normal -0.997999 0.0632362 0
    outer loop
      vertex -6.67393 -15.5495 0
      vertex -6.65475 -15.2468 6
      vertex -6.65475 -15.2468 0
    endloop
  endfacet
  facet normal -0.997999 0.0632362 0
    outer loop
      vertex -6.65475 -15.2468 6
      vertex -6.67393 -15.5495 0
      vertex -6.67393 -15.5495 6
    endloop
  endfacet
  facet normal -0.99321 0.116333 0
    outer loop
      vertex -6.65475 -15.2468 0
      vertex -6.62473 -14.9905 6
      vertex -6.62473 -14.9905 0
    endloop
  endfacet
  facet normal -0.99321 0.116333 0
    outer loop
      vertex -6.62473 -14.9905 6
      vertex -6.65475 -15.2468 0
      vertex -6.65475 -15.2468 6
    endloop
  endfacet
  facet normal -0.98558 0.169212 0
    outer loop
      vertex -6.62473 -14.9905 0
      vertex -6.58871 -14.7807 6
      vertex -6.58871 -14.7807 0
    endloop
  endfacet
  facet normal -0.98558 0.169212 0
    outer loop
      vertex -6.58871 -14.7807 6
      vertex -6.62473 -14.9905 0
      vertex -6.62473 -14.9905 6
    endloop
  endfacet
  facet normal -0.975212 0.221271 0
    outer loop
      vertex -6.58871 -14.7807 0
      vertex -6.55159 -14.6171 6
      vertex -6.55159 -14.6171 0
    endloop
  endfacet
  facet normal -0.975212 0.221271 0
    outer loop
      vertex -6.55159 -14.6171 6
      vertex -6.58871 -14.7807 0
      vertex -6.58871 -14.7807 6
    endloop
  endfacet
  facet normal -0.962012 0.273006 0
    outer loop
      vertex -6.55159 -14.6171 0
      vertex -6.51816 -14.4993 6
      vertex -6.51816 -14.4993 0
    endloop
  endfacet
  facet normal -0.962012 0.273006 0
    outer loop
      vertex -6.51816 -14.4993 6
      vertex -6.55159 -14.6171 0
      vertex -6.55159 -14.6171 6
    endloop
  endfacet
  facet normal -0.946544 0.322574 0
    outer loop
      vertex -6.51816 -14.4993 0
      vertex -6.49318 -14.426 6
      vertex -6.49318 -14.426 0
    endloop
  endfacet
  facet normal -0.946544 0.322574 0
    outer loop
      vertex -6.49318 -14.426 6
      vertex -6.51816 -14.4993 0
      vertex -6.51816 -14.4993 6
    endloop
  endfacet
  facet normal -0.911922 0.410365 0
    outer loop
      vertex -6.49318 -14.426 0
      vertex -6.4903 -14.4196 6
      vertex -6.4903 -14.4196 0
    endloop
  endfacet
  facet normal -0.911922 0.410365 0
    outer loop
      vertex -6.4903 -14.4196 6
      vertex -6.49318 -14.426 0
      vertex -6.49318 -14.426 6
    endloop
  endfacet
  facet normal -0.430892 -0.902403 0
    outer loop
      vertex -7.22832 -14.0672 0
      vertex -6.4903 -14.4196 6
      vertex -7.22832 -14.0672 6
    endloop
  endfacet
  facet normal -0.430892 -0.902403 -0
    outer loop
      vertex -6.4903 -14.4196 6
      vertex -7.22832 -14.0672 0
      vertex -6.4903 -14.4196 0
    endloop
  endfacet
  facet normal 0.891667 -0.452692 0
    outer loop
      vertex -7.2303 -14.0711 6
      vertex -7.22832 -14.0672 0
      vertex -7.22832 -14.0672 6
    endloop
  endfacet
  facet normal 0.891667 -0.452692 0
    outer loop
      vertex -7.22832 -14.0672 0
      vertex -7.2303 -14.0711 6
      vertex -7.2303 -14.0711 0
    endloop
  endfacet
  facet normal 0.842295 -0.539017 0
    outer loop
      vertex -7.27196 -14.1362 6
      vertex -7.2303 -14.0711 0
      vertex -7.2303 -14.0711 6
    endloop
  endfacet
  facet normal 0.842295 -0.539017 0
    outer loop
      vertex -7.2303 -14.0711 0
      vertex -7.27196 -14.1362 6
      vertex -7.27196 -14.1362 0
    endloop
  endfacet
  facet normal 0.813325 -0.581809 0
    outer loop
      vertex -7.34328 -14.2359 6
      vertex -7.27196 -14.1362 0
      vertex -7.27196 -14.1362 6
    endloop
  endfacet
  facet normal 0.813325 -0.581809 0
    outer loop
      vertex -7.27196 -14.1362 0
      vertex -7.34328 -14.2359 6
      vertex -7.34328 -14.2359 0
    endloop
  endfacet
  facet normal 0.781101 -0.624404 0
    outer loop
      vertex -7.448 -14.3669 6
      vertex -7.34328 -14.2359 0
      vertex -7.34328 -14.2359 6
    endloop
  endfacet
  facet normal 0.781101 -0.624404 0
    outer loop
      vertex -7.34328 -14.2359 0
      vertex -7.448 -14.3669 6
      vertex -7.448 -14.3669 0
    endloop
  endfacet
  facet normal 0.746787 -0.665063 0
    outer loop
      vertex -7.5896 -14.5259 6
      vertex -7.448 -14.3669 0
      vertex -7.448 -14.3669 6
    endloop
  endfacet
  facet normal 0.746787 -0.665063 0
    outer loop
      vertex -7.448 -14.3669 0
      vertex -7.5896 -14.5259 6
      vertex -7.5896 -14.5259 0
    endloop
  endfacet
  facet normal 0.710258 -0.703942 0
    outer loop
      vertex -7.77127 -14.7092 6
      vertex -7.5896 -14.5259 0
      vertex -7.5896 -14.5259 6
    endloop
  endfacet
  facet normal 0.710258 -0.703942 0
    outer loop
      vertex -7.5896 -14.5259 0
      vertex -7.77127 -14.7092 6
      vertex -7.77127 -14.7092 0
    endloop
  endfacet
  facet normal 0.671523 -0.740984 0
    outer loop
      vertex -7.99593 -14.9128 0
      vertex -7.77127 -14.7092 6
      vertex -7.99593 -14.9128 6
    endloop
  endfacet
  facet normal 0.671523 -0.740984 0
    outer loop
      vertex -7.77127 -14.7092 6
      vertex -7.99593 -14.9128 0
      vertex -7.77127 -14.7092 0
    endloop
  endfacet
  facet normal 0.631308 -0.775533 0
    outer loop
      vertex -8.26619 -15.1328 0
      vertex -7.99593 -14.9128 6
      vertex -8.26619 -15.1328 6
    endloop
  endfacet
  facet normal 0.631308 -0.775533 0
    outer loop
      vertex -7.99593 -14.9128 6
      vertex -8.26619 -15.1328 0
      vertex -7.99593 -14.9128 0
    endloop
  endfacet
  facet normal 0.5887 -0.808351 0
    outer loop
      vertex -8.58434 -15.3645 0
      vertex -8.26619 -15.1328 6
      vertex -8.58434 -15.3645 6
    endloop
  endfacet
  facet normal 0.5887 -0.808351 0
    outer loop
      vertex -8.26619 -15.1328 6
      vertex -8.58434 -15.3645 0
      vertex -8.26619 -15.1328 0
    endloop
  endfacet
  facet normal -0.49999 -0.866031 0
    outer loop
      vertex -9.0139 -15.1165 0
      vertex -8.58434 -15.3645 6
      vertex -9.0139 -15.1165 6
    endloop
  endfacet
  facet normal -0.49999 -0.866031 -0
    outer loop
      vertex -8.58434 -15.3645 6
      vertex -9.0139 -15.1165 0
      vertex -8.58434 -15.3645 0
    endloop
  endfacet
  facet normal -0.994383 0.105841 0
    outer loop
      vertex -9.0139 -15.1165 0
      vertex -8.97224 -14.7251 6
      vertex -8.97224 -14.7251 0
    endloop
  endfacet
  facet normal -0.994383 0.105841 0
    outer loop
      vertex -8.97224 -14.7251 6
      vertex -9.0139 -15.1165 0
      vertex -9.0139 -15.1165 6
    endloop
  endfacet
  facet normal -0.987319 0.158746 0
    outer loop
      vertex -8.97224 -14.7251 0
      vertex -8.91693 -14.3811 6
      vertex -8.91693 -14.3811 0
    endloop
  endfacet
  facet normal -0.987319 0.158746 0
    outer loop
      vertex -8.91693 -14.3811 6
      vertex -8.97224 -14.7251 0
      vertex -8.97224 -14.7251 6
    endloop
  endfacet
  facet normal -0.977425 0.211281 0
    outer loop
      vertex -8.91693 -14.3811 0
      vertex -8.85286 -14.0847 6
      vertex -8.85286 -14.0847 0
    endloop
  endfacet
  facet normal -0.977425 0.211281 0
    outer loop
      vertex -8.85286 -14.0847 6
      vertex -8.91693 -14.3811 0
      vertex -8.91693 -14.3811 6
    endloop
  endfacet
  facet normal -0.964773 0.263085 0
    outer loop
      vertex -8.85286 -14.0847 0
      vertex -8.78496 -13.8357 6
      vertex -8.78496 -13.8357 0
    endloop
  endfacet
  facet normal -0.964773 0.263085 0
    outer loop
      vertex -8.78496 -13.8357 6
      vertex -8.85286 -14.0847 0
      vertex -8.85286 -14.0847 6
    endloop
  endfacet
  facet normal -0.949367 0.31417 0
    outer loop
      vertex -8.78496 -13.8357 0
      vertex -8.71808 -13.6336 6
      vertex -8.71808 -13.6336 0
    endloop
  endfacet
  facet normal -0.949367 0.31417 0
    outer loop
      vertex -8.71808 -13.6336 6
      vertex -8.78496 -13.8357 0
      vertex -8.78496 -13.8357 6
    endloop
  endfacet
  facet normal -0.931287 0.364287 0
    outer loop
      vertex -8.71808 -13.6336 0
      vertex -8.65698 -13.4774 6
      vertex -8.65698 -13.4774 0
    endloop
  endfacet
  facet normal -0.931287 0.364287 0
    outer loop
      vertex -8.65698 -13.4774 6
      vertex -8.71808 -13.6336 0
      vertex -8.71808 -13.6336 6
    endloop
  endfacet
  facet normal -0.910665 0.413145 0
    outer loop
      vertex -8.65698 -13.4774 0
      vertex -8.60635 -13.3658 6
      vertex -8.60635 -13.3658 0
    endloop
  endfacet
  facet normal -0.910665 0.413145 0
    outer loop
      vertex -8.60635 -13.3658 6
      vertex -8.65698 -13.4774 0
      vertex -8.65698 -13.4774 6
    endloop
  endfacet
  facet normal -0.887819 0.460193 0
    outer loop
      vertex -8.60635 -13.3658 0
      vertex -8.57074 -13.2971 6
      vertex -8.57074 -13.2971 0
    endloop
  endfacet
  facet normal -0.887819 0.460193 0
    outer loop
      vertex -8.57074 -13.2971 6
      vertex -8.60635 -13.3658 0
      vertex -8.60635 -13.3658 6
    endloop
  endfacet
  facet normal -0.836461 0.548026 0
    outer loop
      vertex -8.57074 -13.2971 0
      vertex -8.56694 -13.2913 6
      vertex -8.56694 -13.2913 0
    endloop
  endfacet
  facet normal -0.836461 0.548026 0
    outer loop
      vertex -8.56694 -13.2913 6
      vertex -8.57074 -13.2971 0
      vertex -8.57074 -13.2971 6
    endloop
  endfacet
  facet normal -0.560695 -0.828022 0
    outer loop
      vertex -9.24419 -12.8327 0
      vertex -8.56694 -13.2913 6
      vertex -9.24419 -12.8327 6
    endloop
  endfacet
  facet normal -0.560695 -0.828022 -0
    outer loop
      vertex -8.56694 -13.2913 6
      vertex -9.24419 -12.8327 0
      vertex -8.56694 -13.2913 0
    endloop
  endfacet
  facet normal 0.818163 -0.574987 0
    outer loop
      vertex -9.24672 -12.8363 6
      vertex -9.24419 -12.8327 0
      vertex -9.24419 -12.8327 6
    endloop
  endfacet
  facet normal 0.818163 -0.574987 0
    outer loop
      vertex -9.24419 -12.8327 0
      vertex -9.24672 -12.8363 6
      vertex -9.24672 -12.8363 0
    endloop
  endfacet
  facet normal 0.752609 -0.658468 0
    outer loop
      vertex -9.29764 -12.8945 6
      vertex -9.24672 -12.8363 0
      vertex -9.24672 -12.8363 6
    endloop
  endfacet
  facet normal 0.752609 -0.658468 0
    outer loop
      vertex -9.24672 -12.8363 0
      vertex -9.29764 -12.8945 6
      vertex -9.29764 -12.8945 0
    endloop
  endfacet
  facet normal 0.717355 -0.696708 0
    outer loop
      vertex -9.38301 -12.9824 6
      vertex -9.29764 -12.8945 0
      vertex -9.29764 -12.8945 6
    endloop
  endfacet
  facet normal 0.717355 -0.696708 0
    outer loop
      vertex -9.29764 -12.8945 0
      vertex -9.38301 -12.9824 6
      vertex -9.38301 -12.9824 0
    endloop
  endfacet
  facet normal 0.679206 -0.733948 0
    outer loop
      vertex -9.50609 -13.0963 0
      vertex -9.38301 -12.9824 6
      vertex -9.50609 -13.0963 6
    endloop
  endfacet
  facet normal 0.679206 -0.733948 0
    outer loop
      vertex -9.38301 -12.9824 6
      vertex -9.50609 -13.0963 0
      vertex -9.38301 -12.9824 0
    endloop
  endfacet
  facet normal 0.639283 -0.768972 0
    outer loop
      vertex -9.6698 -13.2324 0
      vertex -9.50609 -13.0963 6
      vertex -9.6698 -13.2324 6
    endloop
  endfacet
  facet normal 0.639283 -0.768972 0
    outer loop
      vertex -9.50609 -13.0963 6
      vertex -9.6698 -13.2324 0
      vertex -9.50609 -13.0963 0
    endloop
  endfacet
  facet normal 0.597486 -0.801879 0
    outer loop
      vertex -9.87675 -13.3866 0
      vertex -9.6698 -13.2324 6
      vertex -9.87675 -13.3866 6
    endloop
  endfacet
  facet normal 0.597486 -0.801879 0
    outer loop
      vertex -9.6698 -13.2324 6
      vertex -9.87675 -13.3866 0
      vertex -9.6698 -13.2324 0
    endloop
  endfacet
  facet normal 0.553634 -0.83276 0
    outer loop
      vertex -10.1293 -13.5545 0
      vertex -9.87675 -13.3866 6
      vertex -10.1293 -13.5545 6
    endloop
  endfacet
  facet normal 0.553634 -0.83276 0
    outer loop
      vertex -9.87675 -13.3866 6
      vertex -10.1293 -13.5545 0
      vertex -9.87675 -13.3866 0
    endloop
  endfacet
  facet normal 0.508575 -0.861018 0
    outer loop
      vertex -10.4293 -13.7317 0
      vertex -10.1293 -13.5545 6
      vertex -10.4293 -13.7317 6
    endloop
  endfacet
  facet normal 0.508575 -0.861018 0
    outer loop
      vertex -10.1293 -13.5545 6
      vertex -10.4293 -13.7317 0
      vertex -10.1293 -13.5545 0
    endloop
  endfacet
  facet normal 0.461889 -0.886938 0
    outer loop
      vertex -10.7784 -13.9135 0
      vertex -10.4293 -13.7317 6
      vertex -10.7784 -13.9135 6
    endloop
  endfacet
  facet normal 0.461889 -0.886938 0
    outer loop
      vertex -10.4293 -13.7317 6
      vertex -10.7784 -13.9135 0
      vertex -10.4293 -13.7317 0
    endloop
  endfacet
  facet normal -0.623539 -0.781792 0
    outer loop
      vertex -11.1662 -13.6042 0
      vertex -10.7784 -13.9135 6
      vertex -11.1662 -13.6042 6
    endloop
  endfacet
  facet normal -0.623539 -0.781792 -0
    outer loop
      vertex -10.7784 -13.9135 6
      vertex -11.1662 -13.6042 0
      vertex -10.7784 -13.9135 0
    endloop
  endfacet
  facet normal -0.967517 0.252805 0
    outer loop
      vertex -11.1662 -13.6042 0
      vertex -11.0667 -13.2234 6
      vertex -11.0667 -13.2234 0
    endloop
  endfacet
  facet normal -0.967517 0.252805 0
    outer loop
      vertex -11.0667 -13.2234 6
      vertex -11.1662 -13.6042 0
      vertex -11.1662 -13.6042 6
    endloop
  endfacet
  facet normal -0.952597 0.304234 0
    outer loop
      vertex -11.0667 -13.2234 0
      vertex -10.9607 -12.8915 6
      vertex -10.9607 -12.8915 0
    endloop
  endfacet
  facet normal -0.952597 0.304234 0
    outer loop
      vertex -10.9607 -12.8915 6
      vertex -11.0667 -13.2234 0
      vertex -11.0667 -13.2234 6
    endloop
  endfacet
  facet normal -0.935077 0.354445 0
    outer loop
      vertex -10.9607 -12.8915 0
      vertex -10.8532 -12.6079 6
      vertex -10.8532 -12.6079 0
    endloop
  endfacet
  facet normal -0.935077 0.354445 0
    outer loop
      vertex -10.8532 -12.6079 6
      vertex -10.9607 -12.8915 0
      vertex -10.9607 -12.8915 6
    endloop
  endfacet
  facet normal -0.914657 0.404232 0
    outer loop
      vertex -10.8532 -12.6079 0
      vertex -10.7489 -12.3719 6
      vertex -10.7489 -12.3719 0
    endloop
  endfacet
  facet normal -0.914657 0.404232 0
    outer loop
      vertex -10.7489 -12.3719 6
      vertex -10.8532 -12.6079 0
      vertex -10.8532 -12.6079 6
    endloop
  endfacet
  facet normal -0.892066 0.451905 0
    outer loop
      vertex -10.7489 -12.3719 0
      vertex -10.6527 -12.182 6
      vertex -10.6527 -12.182 0
    endloop
  endfacet
  facet normal -0.892066 0.451905 0
    outer loop
      vertex -10.6527 -12.182 6
      vertex -10.7489 -12.3719 0
      vertex -10.7489 -12.3719 6
    endloop
  endfacet
  facet normal -0.866662 0.498897 0
    outer loop
      vertex -10.6527 -12.182 0
      vertex -10.569 -12.0366 6
      vertex -10.569 -12.0366 0
    endloop
  endfacet
  facet normal -0.866662 0.498897 0
    outer loop
      vertex -10.569 -12.0366 6
      vertex -10.6527 -12.182 0
      vertex -10.6527 -12.182 6
    endloop
  endfacet
  facet normal -0.838891 0.5443 0
    outer loop
      vertex -10.569 -12.0366 0
      vertex -10.5023 -11.9338 6
      vertex -10.5023 -11.9338 0
    endloop
  endfacet
  facet normal -0.838891 0.5443 0
    outer loop
      vertex -10.5023 -11.9338 6
      vertex -10.569 -12.0366 0
      vertex -10.569 -12.0366 6
    endloop
  endfacet
  facet normal -0.809518 0.587095 0
    outer loop
      vertex -10.5023 -11.9338 0
      vertex -10.4569 -11.8712 6
      vertex -10.4569 -11.8712 0
    endloop
  endfacet
  facet normal -0.809518 0.587095 0
    outer loop
      vertex -10.4569 -11.8712 6
      vertex -10.5023 -11.9338 0
      vertex -10.5023 -11.9338 6
    endloop
  endfacet
  facet normal -0.741874 0.67054 0
    outer loop
      vertex -10.4569 -11.8712 0
      vertex -10.4522 -11.866 6
      vertex -10.4522 -11.866 0
    endloop
  endfacet
  facet normal -0.741874 0.67054 0
    outer loop
      vertex -10.4522 -11.866 6
      vertex -10.4569 -11.8712 0
      vertex -10.4569 -11.8712 6
    endloop
  endfacet
  facet normal -0.677853 -0.735197 0
    outer loop
      vertex -11.0535 -11.3116 0
      vertex -10.4522 -11.866 6
      vertex -11.0535 -11.3116 6
    endloop
  endfacet
  facet normal -0.677853 -0.735197 -0
    outer loop
      vertex -10.4522 -11.866 6
      vertex -11.0535 -11.3116 0
      vertex -10.4522 -11.866 0
    endloop
  endfacet
  facet normal 0.71824 -0.695795 0
    outer loop
      vertex -11.0566 -11.3148 6
      vertex -11.0535 -11.3116 0
      vertex -11.0535 -11.3116 6
    endloop
  endfacet
  facet normal 0.71824 -0.695795 0
    outer loop
      vertex -11.0535 -11.3116 0
      vertex -11.0566 -11.3148 6
      vertex -11.0566 -11.3148 0
    endloop
  endfacet
  facet normal 0.645768 -0.763534 0
    outer loop
      vertex -11.1156 -11.3647 0
      vertex -11.0566 -11.3148 6
      vertex -11.1156 -11.3647 6
    endloop
  endfacet
  facet normal 0.645768 -0.763534 0
    outer loop
      vertex -11.0566 -11.3148 6
      vertex -11.1156 -11.3647 0
      vertex -11.0566 -11.3148 0
    endloop
  endfacet
  facet normal 0.6056 -0.795769 0
    outer loop
      vertex -11.2131 -11.4389 0
      vertex -11.1156 -11.3647 6
      vertex -11.2131 -11.4389 6
    endloop
  endfacet
  facet normal 0.6056 -0.795769 0
    outer loop
      vertex -11.1156 -11.3647 6
      vertex -11.2131 -11.4389 0
      vertex -11.1156 -11.3647 0
    endloop
  endfacet
  facet normal 0.562652 -0.826694 0
    outer loop
      vertex -11.3518 -11.5333 0
      vertex -11.2131 -11.4389 6
      vertex -11.3518 -11.5333 6
    endloop
  endfacet
  facet normal 0.562652 -0.826694 0
    outer loop
      vertex -11.2131 -11.4389 6
      vertex -11.3518 -11.5333 0
      vertex -11.2131 -11.4389 0
    endloop
  endfacet
  facet normal 0.517187 -0.855872 0
    outer loop
      vertex -11.534 -11.6434 0
      vertex -11.3518 -11.5333 6
      vertex -11.534 -11.6434 6
    endloop
  endfacet
  facet normal 0.517187 -0.855872 0
    outer loop
      vertex -11.3518 -11.5333 6
      vertex -11.534 -11.6434 0
      vertex -11.3518 -11.5333 0
    endloop
  endfacet
  facet normal 0.471232 -0.882009 0
    outer loop
      vertex -11.7616 -11.765 0
      vertex -11.534 -11.6434 6
      vertex -11.7616 -11.765 6
    endloop
  endfacet
  facet normal 0.471232 -0.882009 0
    outer loop
      vertex -11.534 -11.6434 6
      vertex -11.7616 -11.765 0
      vertex -11.534 -11.6434 0
    endloop
  endfacet
  facet normal 0.423716 -0.905795 0
    outer loop
      vertex -12.0363 -11.8935 0
      vertex -11.7616 -11.765 6
      vertex -12.0363 -11.8935 6
    endloop
  endfacet
  facet normal 0.423716 -0.905795 0
    outer loop
      vertex -11.7616 -11.765 6
      vertex -12.0363 -11.8935 0
      vertex -11.7616 -11.765 0
    endloop
  endfacet
  facet normal 0.374259 -0.927324 0
    outer loop
      vertex -12.3594 -12.0239 0
      vertex -12.0363 -11.8935 6
      vertex -12.3594 -12.0239 6
    endloop
  endfacet
  facet normal 0.374259 -0.927324 0
    outer loop
      vertex -12.0363 -11.8935 6
      vertex -12.3594 -12.0239 0
      vertex -12.0363 -11.8935 0
    endloop
  endfacet
  facet normal 0.324675 -0.945826 0
    outer loop
      vertex -12.7317 -12.1517 0
      vertex -12.3594 -12.0239 6
      vertex -12.7317 -12.1517 6
    endloop
  endfacet
  facet normal 0.324675 -0.945826 0
    outer loop
      vertex -12.3594 -12.0239 6
      vertex -12.7317 -12.1517 0
      vertex -12.3594 -12.0239 0
    endloop
  endfacet
  facet normal -0.733116 -0.680103 0
    outer loop
      vertex -12.7317 -12.1517 0
      vertex -13.0691 -11.788 6
      vertex -13.0691 -11.788 0
    endloop
  endfacet
  facet normal -0.733116 -0.680103 0
    outer loop
      vertex -13.0691 -11.788 6
      vertex -12.7317 -12.1517 0
      vertex -12.7317 -12.1517 6
    endloop
  endfacet
  facet normal -0.918974 0.394318 0
    outer loop
      vertex -13.0691 -11.788 0
      vertex -12.9139 -11.4263 6
      vertex -12.9139 -11.4263 0
    endloop
  endfacet
  facet normal -0.918974 0.394318 0
    outer loop
      vertex -12.9139 -11.4263 6
      vertex -13.0691 -11.788 0
      vertex -13.0691 -11.788 6
    endloop
  endfacet
  facet normal -0.896712 0.442615 0
    outer loop
      vertex -12.9139 -11.4263 0
      vertex -12.7597 -11.1139 6
      vertex -12.7597 -11.1139 0
    endloop
  endfacet
  facet normal -0.896712 0.442615 0
    outer loop
      vertex -12.7597 -11.1139 6
      vertex -12.9139 -11.4263 0
      vertex -12.9139 -11.4263 6
    endloop
  endfacet
  facet normal -0.871752 0.489948 0
    outer loop
      vertex -12.7597 -11.1139 0
      vertex -12.6111 -10.8495 6
      vertex -12.6111 -10.8495 0
    endloop
  endfacet
  facet normal -0.871752 0.489948 0
    outer loop
      vertex -12.6111 -10.8495 6
      vertex -12.7597 -11.1139 0
      vertex -12.7597 -11.1139 6
    endloop
  endfacet
  facet normal -0.844299 0.535872 0
    outer loop
      vertex -12.6111 -10.8495 0
      vertex -12.4728 -10.6316 6
      vertex -12.4728 -10.6316 0
    endloop
  endfacet
  facet normal -0.844299 0.535872 0
    outer loop
      vertex -12.4728 -10.6316 6
      vertex -12.6111 -10.8495 0
      vertex -12.6111 -10.8495 6
    endloop
  endfacet
  facet normal -0.814526 0.580127 0
    outer loop
      vertex -12.4728 -10.6316 0
      vertex -12.3493 -10.4582 6
      vertex -12.3493 -10.4582 0
    endloop
  endfacet
  facet normal -0.814526 0.580127 0
    outer loop
      vertex -12.3493 -10.4582 6
      vertex -12.4728 -10.6316 0
      vertex -12.4728 -10.6316 6
    endloop
  endfacet
  facet normal -0.782495 0.622656 0
    outer loop
      vertex -12.3493 -10.4582 0
      vertex -12.2449 -10.327 6
      vertex -12.2449 -10.327 0
    endloop
  endfacet
  facet normal -0.782495 0.622656 0
    outer loop
      vertex -12.2449 -10.327 6
      vertex -12.3493 -10.4582 0
      vertex -12.3493 -10.4582 6
    endloop
  endfacet
  facet normal -0.749028 0.662539 0
    outer loop
      vertex -12.2449 -10.327 0
      vertex -12.1637 -10.2352 6
      vertex -12.1637 -10.2352 0
    endloop
  endfacet
  facet normal -0.749028 0.662539 0
    outer loop
      vertex -12.1637 -10.2352 6
      vertex -12.2449 -10.327 0
      vertex -12.2449 -10.327 6
    endloop
  endfacet
  facet normal -0.712259 0.701917 0
    outer loop
      vertex -12.1637 -10.2352 0
      vertex -12.1094 -10.1801 6
      vertex -12.1094 -10.1801 0
    endloop
  endfacet
  facet normal -0.712259 0.701917 0
    outer loop
      vertex -12.1094 -10.1801 6
      vertex -12.1637 -10.2352 0
      vertex -12.1637 -10.2352 6
    endloop
  endfacet
  facet normal -0.640184 0.768221 0
    outer loop
      vertex -12.104 -10.1756 0
      vertex -12.1094 -10.1801 6
      vertex -12.104 -10.1756 6
    endloop
  endfacet
  facet normal -0.640184 0.768221 0
    outer loop
      vertex -12.1094 -10.1801 6
      vertex -12.104 -10.1756 0
      vertex -12.1094 -10.1801 0
    endloop
  endfacet
  facet normal -0.779789 -0.626042 0
    outer loop
      vertex -12.104 -10.1756 0
      vertex -12.616 -9.53786 6
      vertex -12.616 -9.53786 0
    endloop
  endfacet
  facet normal -0.779789 -0.626042 0
    outer loop
      vertex -12.616 -9.53786 6
      vertex -12.104 -10.1756 0
      vertex -12.104 -10.1756 6
    endloop
  endfacet
  facet normal 0.599268 -0.800549 0
    outer loop
      vertex -12.6195 -9.54048 0
      vertex -12.616 -9.53786 6
      vertex -12.6195 -9.54048 6
    endloop
  endfacet
  facet normal 0.599268 -0.800549 0
    outer loop
      vertex -12.616 -9.53786 6
      vertex -12.6195 -9.54048 0
      vertex -12.616 -9.53786 0
    endloop
  endfacet
  facet normal 0.525482 -0.850805 0
    outer loop
      vertex -12.6853 -9.58112 0
      vertex -12.6195 -9.54048 6
      vertex -12.6853 -9.58112 6
    endloop
  endfacet
  facet normal 0.525482 -0.850805 0
    outer loop
      vertex -12.6195 -9.54048 6
      vertex -12.6853 -9.58112 0
      vertex -12.6195 -9.54048 0
    endloop
  endfacet
  facet normal 0.480007 -0.877265 0
    outer loop
      vertex -12.7928 -9.63994 0
      vertex -12.6853 -9.58112 6
      vertex -12.7928 -9.63994 6
    endloop
  endfacet
  facet normal 0.480007 -0.877265 0
    outer loop
      vertex -12.6853 -9.58112 6
      vertex -12.7928 -9.63994 0
      vertex -12.6853 -9.58112 0
    endloop
  endfacet
  facet normal 0.432847 -0.901467 0
    outer loop
      vertex -12.944 -9.71254 0
      vertex -12.7928 -9.63994 6
      vertex -12.944 -9.71254 6
    endloop
  endfacet
  facet normal 0.432847 -0.901467 0
    outer loop
      vertex -12.7928 -9.63994 6
      vertex -12.944 -9.71254 0
      vertex -12.7928 -9.63994 0
    endloop
  endfacet
  facet normal 0.384315 -0.923202 0
    outer loop
      vertex -13.1405 -9.79434 0
      vertex -12.944 -9.71254 6
      vertex -13.1405 -9.79434 6
    endloop
  endfacet
  facet normal 0.384315 -0.923202 0
    outer loop
      vertex -12.944 -9.71254 6
      vertex -13.1405 -9.79434 0
      vertex -12.944 -9.71254 0
    endloop
  endfacet
  facet normal 0.334455 -0.942412 0
    outer loop
      vertex -13.3837 -9.88065 0
      vertex -13.1405 -9.79434 6
      vertex -13.3837 -9.88065 6
    endloop
  endfacet
  facet normal 0.334455 -0.942412 0
    outer loop
      vertex -13.1405 -9.79434 6
      vertex -13.3837 -9.88065 0
      vertex -13.1405 -9.79434 0
    endloop
  endfacet
  facet normal 0.283716 -0.958908 0
    outer loop
      vertex -13.6745 -9.96669 0
      vertex -13.3837 -9.88065 6
      vertex -13.6745 -9.96669 6
    endloop
  endfacet
  facet normal 0.283716 -0.958908 0
    outer loop
      vertex -13.3837 -9.88065 6
      vertex -13.6745 -9.96669 0
      vertex -13.3837 -9.88065 0
    endloop
  endfacet
  facet normal 0.232217 -0.972664 0
    outer loop
      vertex -14.0134 -10.0476 0
      vertex -13.6745 -9.96669 6
      vertex -14.0134 -10.0476 6
    endloop
  endfacet
  facet normal 0.232217 -0.972664 0
    outer loop
      vertex -13.6745 -9.96669 6
      vertex -14.0134 -10.0476 0
      vertex -13.6745 -9.96669 0
    endloop
  endfacet
  facet normal 0.179869 -0.983691 0
    outer loop
      vertex -14.4006 -10.1184 0
      vertex -14.0134 -10.0476 6
      vertex -14.4006 -10.1184 6
    endloop
  endfacet
  facet normal 0.179869 -0.983691 0
    outer loop
      vertex -14.0134 -10.0476 6
      vertex -14.4006 -10.1184 0
      vertex -14.0134 -10.0476 0
    endloop
  endfacet
  facet normal -0.826187 -0.563396 0
    outer loop
      vertex -14.4006 -10.1184 0
      vertex -14.6801 -9.70853 6
      vertex -14.6801 -9.70853 0
    endloop
  endfacet
  facet normal -0.826187 -0.563396 0
    outer loop
      vertex -14.6801 -9.70853 6
      vertex -14.4006 -10.1184 0
      vertex -14.4006 -10.1184 6
    endloop
  endfacet
  facet normal -0.849948 0.526867 0
    outer loop
      vertex -14.6801 -9.70853 0
      vertex -14.4727 -9.37395 6
      vertex -14.4727 -9.37395 0
    endloop
  endfacet
  facet normal -0.849948 0.526867 0
    outer loop
      vertex -14.4727 -9.37395 6
      vertex -14.6801 -9.70853 0
      vertex -14.6801 -9.70853 6
    endloop
  endfacet
  facet normal -0.820656 0.571423 0
    outer loop
      vertex -14.4727 -9.37395 0
      vertex -14.2736 -9.08801 6
      vertex -14.2736 -9.08801 0
    endloop
  endfacet
  facet normal -0.820656 0.571423 0
    outer loop
      vertex -14.2736 -9.08801 6
      vertex -14.4727 -9.37395 0
      vertex -14.4727 -9.37395 6
    endloop
  endfacet
  facet normal -0.789018 0.61437 0
    outer loop
      vertex -14.2736 -9.08801 0
      vertex -14.0873 -8.84875 6
      vertex -14.0873 -8.84875 0
    endloop
  endfacet
  facet normal -0.789018 0.61437 0
    outer loop
      vertex -14.0873 -8.84875 6
      vertex -14.2736 -9.08801 0
      vertex -14.2736 -9.08801 6
    endloop
  endfacet
  facet normal -0.755056 0.65566 0
    outer loop
      vertex -14.0873 -8.84875 0
      vertex -13.9181 -8.6539 6
      vertex -13.9181 -8.6539 0
    endloop
  endfacet
  facet normal -0.755056 0.65566 0
    outer loop
      vertex -13.9181 -8.6539 6
      vertex -14.0873 -8.84875 0
      vertex -14.0873 -8.84875 6
    endloop
  endfacet
  facet normal -0.718958 0.695054 0
    outer loop
      vertex -13.9181 -8.6539 0
      vertex -13.7701 -8.50081 6
      vertex -13.7701 -8.50081 0
    endloop
  endfacet
  facet normal -0.718958 0.695054 0
    outer loop
      vertex -13.7701 -8.50081 6
      vertex -13.9181 -8.6539 0
      vertex -13.9181 -8.6539 6
    endloop
  endfacet
  facet normal -0.681032 0.732254 0
    outer loop
      vertex -13.6473 -8.3866 0
      vertex -13.7701 -8.50081 6
      vertex -13.6473 -8.3866 6
    endloop
  endfacet
  facet normal -0.681032 0.732254 0
    outer loop
      vertex -13.7701 -8.50081 6
      vertex -13.6473 -8.3866 0
      vertex -13.7701 -8.50081 0
    endloop
  endfacet
  facet normal -0.641324 0.76727 0
    outer loop
      vertex -13.5533 -8.30803 0
      vertex -13.6473 -8.3866 6
      vertex -13.5533 -8.30803 6
    endloop
  endfacet
  facet normal -0.641324 0.76727 0
    outer loop
      vertex -13.6473 -8.3866 6
      vertex -13.5533 -8.30803 0
      vertex -13.6473 -8.3866 0
    endloop
  endfacet
  facet normal -0.599959 0.800031 0
    outer loop
      vertex -13.4914 -8.26161 0
      vertex -13.5533 -8.30803 6
      vertex -13.4914 -8.26161 6
    endloop
  endfacet
  facet normal -0.599959 0.800031 0
    outer loop
      vertex -13.5533 -8.30803 6
      vertex -13.4914 -8.26161 0
      vertex -13.5533 -8.30803 0
    endloop
  endfacet
  facet normal -0.522829 0.852438 0
    outer loop
      vertex -13.4854 -8.25793 0
      vertex -13.4914 -8.26161 6
      vertex -13.4854 -8.25793 6
    endloop
  endfacet
  facet normal -0.522829 0.852438 0
    outer loop
      vertex -13.4914 -8.26161 6
      vertex -13.4854 -8.25793 0
      vertex -13.4914 -8.26161 0
    endloop
  endfacet
  facet normal -0.864401 -0.502803 0
    outer loop
      vertex -13.4854 -8.25793 0
      vertex -13.8966 -7.55101 6
      vertex -13.8966 -7.55101 0
    endloop
  endfacet
  facet normal -0.864401 -0.502803 0
    outer loop
      vertex -13.8966 -7.55101 6
      vertex -13.4854 -8.25793 0
      vertex -13.4854 -8.25793 6
    endloop
  endfacet
  facet normal 0.470588 -0.882353 0
    outer loop
      vertex -13.9005 -7.55309 0
      vertex -13.8966 -7.55101 6
      vertex -13.9005 -7.55309 6
    endloop
  endfacet
  facet normal 0.470588 -0.882353 0
    outer loop
      vertex -13.8966 -7.55101 6
      vertex -13.9005 -7.55309 0
      vertex -13.8966 -7.55101 0
    endloop
  endfacet
  facet normal 0.39292 -0.919573 0
    outer loop
      vertex -13.9716 -7.58347 0
      vertex -13.9005 -7.55309 6
      vertex -13.9716 -7.58347 6
    endloop
  endfacet
  facet normal 0.39292 -0.919573 0
    outer loop
      vertex -13.9005 -7.55309 6
      vertex -13.9716 -7.58347 0
      vertex -13.9005 -7.55309 0
    endloop
  endfacet
  facet normal 0.343799 -0.939043 0
    outer loop
      vertex -14.0867 -7.62561 0
      vertex -13.9716 -7.58347 6
      vertex -14.0867 -7.62561 6
    endloop
  endfacet
  facet normal 0.343799 -0.939043 0
    outer loop
      vertex -13.9716 -7.58347 6
      vertex -14.0867 -7.62561 0
      vertex -13.9716 -7.58347 0
    endloop
  endfacet
  facet normal 0.293633 -0.955918 0
    outer loop
      vertex -14.247 -7.67485 0
      vertex -14.0867 -7.62561 6
      vertex -14.247 -7.67485 6
    endloop
  endfacet
  facet normal 0.293633 -0.955918 0
    outer loop
      vertex -14.0867 -7.62561 6
      vertex -14.247 -7.67485 0
      vertex -14.0867 -7.62561 0
    endloop
  endfacet
  facet normal 0.242381 -0.970181 0
    outer loop
      vertex -14.4535 -7.72644 0
      vertex -14.247 -7.67485 6
      vertex -14.4535 -7.72644 6
    endloop
  endfacet
  facet normal 0.242381 -0.970181 0
    outer loop
      vertex -14.247 -7.67485 6
      vertex -14.4535 -7.72644 0
      vertex -14.247 -7.67485 0
    endloop
  endfacet
  facet normal 0.190227 -0.98174 0
    outer loop
      vertex -14.7069 -7.77554 0
      vertex -14.4535 -7.72644 6
      vertex -14.7069 -7.77554 6
    endloop
  endfacet
  facet normal 0.190227 -0.98174 0
    outer loop
      vertex -14.4535 -7.72644 6
      vertex -14.7069 -7.77554 0
      vertex -14.4535 -7.72644 0
    endloop
  endfacet
  facet normal 0.137703 -0.990474 0
    outer loop
      vertex -15.0072 -7.81729 0
      vertex -14.7069 -7.77554 6
      vertex -15.0072 -7.81729 6
    endloop
  endfacet
  facet normal 0.137703 -0.990474 0
    outer loop
      vertex -14.7069 -7.77554 6
      vertex -15.0072 -7.81729 0
      vertex -14.7069 -7.77554 0
    endloop
  endfacet
  facet normal 0.0845179 -0.996422 0
    outer loop
      vertex -15.3544 -7.84674 0
      vertex -15.0072 -7.81729 6
      vertex -15.3544 -7.84674 6
    endloop
  endfacet
  facet normal 0.0845179 -0.996422 0
    outer loop
      vertex -15.0072 -7.81729 6
      vertex -15.3544 -7.84674 0
      vertex -15.0072 -7.81729 0
    endloop
  endfacet
  facet normal 0.0312427 -0.999512 0
    outer loop
      vertex -15.7479 -7.85904 0
      vertex -15.3544 -7.84674 6
      vertex -15.7479 -7.85904 6
    endloop
  endfacet
  facet normal 0.0312427 -0.999512 0
    outer loop
      vertex -15.3544 -7.84674 6
      vertex -15.7479 -7.85904 0
      vertex -15.3544 -7.84674 0
    endloop
  endfacet
  facet normal -0.900981 -0.433858 0
    outer loop
      vertex -15.7479 -7.85904 0
      vertex -15.9631 -7.41214 6
      vertex -15.9631 -7.41214 0
    endloop
  endfacet
  facet normal -0.900981 -0.433858 0
    outer loop
      vertex -15.9631 -7.41214 6
      vertex -15.7479 -7.85904 0
      vertex -15.7479 -7.85904 6
    endloop
  endfacet
  facet normal -0.762001 0.647576 0
    outer loop
      vertex -15.9631 -7.41214 0
      vertex -15.7082 -7.1122 6
      vertex -15.7082 -7.1122 0
    endloop
  endfacet
  facet normal -0.762001 0.647576 0
    outer loop
      vertex -15.7082 -7.1122 6
      vertex -15.9631 -7.41214 0
      vertex -15.9631 -7.41214 6
    endloop
  endfacet
  facet normal -0.726312 0.687366 0
    outer loop
      vertex -15.7082 -7.1122 0
      vertex -15.4687 -6.85913 6
      vertex -15.4687 -6.85913 0
    endloop
  endfacet
  facet normal -0.726312 0.687366 0
    outer loop
      vertex -15.4687 -6.85913 6
      vertex -15.7082 -7.1122 0
      vertex -15.7082 -7.1122 6
    endloop
  endfacet
  facet normal -0.688567 0.725172 0
    outer loop
      vertex -15.2488 -6.65033 0
      vertex -15.4687 -6.85913 6
      vertex -15.2488 -6.65033 6
    endloop
  endfacet
  facet normal -0.688567 0.725172 0
    outer loop
      vertex -15.4687 -6.85913 6
      vertex -15.2488 -6.65033 0
      vertex -15.4687 -6.85913 0
    endloop
  endfacet
  facet normal -0.64884 0.760925 0
    outer loop
      vertex -15.0524 -6.48286 0
      vertex -15.2488 -6.65033 6
      vertex -15.0524 -6.48286 6
    endloop
  endfacet
  facet normal -0.64884 0.760925 0
    outer loop
      vertex -15.2488 -6.65033 6
      vertex -15.0524 -6.48286 0
      vertex -15.2488 -6.65033 0
    endloop
  endfacet
  facet normal -0.607504 0.794316 0
    outer loop
      vertex -14.8833 -6.35353 0
      vertex -15.0524 -6.48286 6
      vertex -14.8833 -6.35353 6
    endloop
  endfacet
  facet normal -0.607504 0.794316 0
    outer loop
      vertex -15.0524 -6.48286 6
      vertex -14.8833 -6.35353 0
      vertex -15.0524 -6.48286 0
    endloop
  endfacet
  facet normal -0.564143 0.825677 0
    outer loop
      vertex -14.7448 -6.2589 0
      vertex -14.8833 -6.35353 6
      vertex -14.7448 -6.2589 6
    endloop
  endfacet
  facet normal -0.564143 0.825677 0
    outer loop
      vertex -14.8833 -6.35353 6
      vertex -14.7448 -6.2589 0
      vertex -14.8833 -6.35353 0
    endloop
  endfacet
  facet normal -0.519647 0.854381 0
    outer loop
      vertex -14.6401 -6.19522 0
      vertex -14.7448 -6.2589 6
      vertex -14.6401 -6.19522 6
    endloop
  endfacet
  facet normal -0.519647 0.854381 0
    outer loop
      vertex -14.7448 -6.2589 6
      vertex -14.6401 -6.19522 0
      vertex -14.7448 -6.2589 0
    endloop
  endfacet
  facet normal -0.474208 0.880413 0
    outer loop
      vertex -14.572 -6.15854 0
      vertex -14.6401 -6.19522 6
      vertex -14.572 -6.15854 6
    endloop
  endfacet
  facet normal -0.474208 0.880413 0
    outer loop
      vertex -14.6401 -6.19522 6
      vertex -14.572 -6.15854 0
      vertex -14.6401 -6.19522 0
    endloop
  endfacet
  facet normal -0.392358 0.919813 0
    outer loop
      vertex -14.5656 -6.15581 0
      vertex -14.572 -6.15854 6
      vertex -14.5656 -6.15581 6
    endloop
  endfacet
  facet normal -0.392358 0.919813 0
    outer loop
      vertex -14.572 -6.15854 6
      vertex -14.5656 -6.15581 0
      vertex -14.572 -6.15854 0
    endloop
  endfacet
  facet normal -0.929666 -0.368404 0
    outer loop
      vertex -14.5656 -6.15581 0
      vertex -14.8669 -5.39548 6
      vertex -14.8669 -5.39548 0
    endloop
  endfacet
  facet normal -0.929666 -0.368404 0
    outer loop
      vertex -14.8669 -5.39548 6
      vertex -14.5656 -6.15581 0
      vertex -14.5656 -6.15581 6
    endloop
  endfacet
  facet normal 0.347009 -0.937862 0
    outer loop
      vertex -14.8709 -5.39696 0
      vertex -14.8669 -5.39548 6
      vertex -14.8709 -5.39696 6
    endloop
  endfacet
  facet normal 0.347009 -0.937862 0
    outer loop
      vertex -14.8669 -5.39548 6
      vertex -14.8709 -5.39696 0
      vertex -14.8669 -5.39548 0
    endloop
  endfacet
  facet normal 0.251222 -0.967929 0
    outer loop
      vertex -14.9458 -5.4164 0
      vertex -14.8709 -5.39696 6
      vertex -14.9458 -5.4164 6
    endloop
  endfacet
  facet normal 0.251222 -0.967929 0
    outer loop
      vertex -14.8709 -5.39696 6
      vertex -14.9458 -5.4164 0
      vertex -14.8709 -5.39696 0
    endloop
  endfacet
  facet normal 0.200115 -0.979772 0
    outer loop
      vertex -15.0659 -5.44093 0
      vertex -14.9458 -5.4164 6
      vertex -15.0659 -5.44093 6
    endloop
  endfacet
  facet normal 0.200115 -0.979772 0
    outer loop
      vertex -14.9458 -5.4164 6
      vertex -15.0659 -5.44093 0
      vertex -14.9458 -5.4164 0
    endloop
  endfacet
  facet normal 0.147932 -0.988998 0
    outer loop
      vertex -15.2317 -5.46573 0
      vertex -15.0659 -5.44093 6
      vertex -15.2317 -5.46573 6
    endloop
  endfacet
  facet normal 0.147932 -0.988998 0
    outer loop
      vertex -15.0659 -5.44093 6
      vertex -15.2317 -5.46573 0
      vertex -15.0659 -5.44093 0
    endloop
  endfacet
  facet normal 0.094993 -0.995478 0
    outer loop
      vertex -15.4437 -5.48596 0
      vertex -15.2317 -5.46573 6
      vertex -15.4437 -5.48596 6
    endloop
  endfacet
  facet normal 0.094993 -0.995478 0
    outer loop
      vertex -15.2317 -5.46573 6
      vertex -15.4437 -5.48596 0
      vertex -15.2317 -5.46573 0
    endloop
  endfacet
  facet normal 0.0418175 -0.999125 0
    outer loop
      vertex -15.7015 -5.49675 0
      vertex -15.4437 -5.48596 6
      vertex -15.7015 -5.49675 6
    endloop
  endfacet
  facet normal 0.0418175 -0.999125 0
    outer loop
      vertex -15.4437 -5.48596 6
      vertex -15.7015 -5.49675 0
      vertex -15.4437 -5.48596 0
    endloop
  endfacet
  facet normal -0.0114768 -0.999934 0
    outer loop
      vertex -16.0047 -5.49327 0
      vertex -15.7015 -5.49675 6
      vertex -16.0047 -5.49327 6
    endloop
  endfacet
  facet normal -0.0114768 -0.999934 -0
    outer loop
      vertex -15.7015 -5.49675 6
      vertex -16.0047 -5.49327 0
      vertex -15.7015 -5.49675 0
    endloop
  endfacet
  facet normal -0.0649474 -0.997889 0
    outer loop
      vertex -16.3524 -5.47064 0
      vertex -16.0047 -5.49327 6
      vertex -16.3524 -5.47064 6
    endloop
  endfacet
  facet normal -0.0649474 -0.997889 -0
    outer loop
      vertex -16.0047 -5.49327 6
      vertex -16.3524 -5.47064 0
      vertex -16.0047 -5.49327 0
    endloop
  endfacet
  facet normal -0.118073 -0.993005 0
    outer loop
      vertex -16.7433 -5.42416 0
      vertex -16.3524 -5.47064 6
      vertex -16.7433 -5.42416 6
    endloop
  endfacet
  facet normal -0.118073 -0.993005 -0
    outer loop
      vertex -16.3524 -5.47064 6
      vertex -16.7433 -5.42416 0
      vertex -16.3524 -5.47064 0
    endloop
  endfacet
  facet normal -0.955578 -0.294737 0
    outer loop
      vertex -16.7433 -5.42416 0
      vertex -16.8895 -4.95016 6
      vertex -16.8895 -4.95016 0
    endloop
  endfacet
  facet normal -0.955578 -0.294737 0
    outer loop
      vertex -16.8895 -4.95016 6
      vertex -16.7433 -5.42416 0
      vertex -16.7433 -5.42416 6
    endloop
  endfacet
  facet normal -0.656877 0.753998 0
    outer loop
      vertex -16.5927 -4.69159 0
      vertex -16.8895 -4.95016 6
      vertex -16.5927 -4.69159 6
    endloop
  endfacet
  facet normal -0.656877 0.753998 0
    outer loop
      vertex -16.8895 -4.95016 6
      vertex -16.5927 -4.69159 0
      vertex -16.8895 -4.95016 0
    endloop
  endfacet
  facet normal -0.615817 0.787889 0
    outer loop
      vertex -16.3182 -4.47704 0
      vertex -16.5927 -4.69159 6
      vertex -16.3182 -4.47704 6
    endloop
  endfacet
  facet normal -0.615817 0.787889 0
    outer loop
      vertex -16.5927 -4.69159 6
      vertex -16.3182 -4.47704 0
      vertex -16.5927 -4.69159 0
    endloop
  endfacet
  facet normal -0.572754 0.819727 0
    outer loop
      vertex -16.0696 -4.30334 0
      vertex -16.3182 -4.47704 6
      vertex -16.0696 -4.30334 6
    endloop
  endfacet
  facet normal -0.572754 0.819727 0
    outer loop
      vertex -16.3182 -4.47704 6
      vertex -16.0696 -4.30334 0
      vertex -16.3182 -4.47704 0
    endloop
  endfacet
  facet normal -0.528305 0.849055 0
    outer loop
      vertex -15.8505 -4.16701 0
      vertex -16.0696 -4.30334 6
      vertex -15.8505 -4.16701 6
    endloop
  endfacet
  facet normal -0.528305 0.849055 0
    outer loop
      vertex -16.0696 -4.30334 6
      vertex -15.8505 -4.16701 0
      vertex -16.0696 -4.30334 0
    endloop
  endfacet
  facet normal -0.482297 0.876008 0
    outer loop
      vertex -15.664 -4.06433 0
      vertex -15.8505 -4.16701 6
      vertex -15.664 -4.06433 6
    endloop
  endfacet
  facet normal -0.482297 0.876008 0
    outer loop
      vertex -15.8505 -4.16701 6
      vertex -15.664 -4.06433 0
      vertex -15.8505 -4.16701 0
    endloop
  endfacet
  facet normal -0.435008 0.900427 0
    outer loop
      vertex -15.513 -3.99138 0
      vertex -15.664 -4.06433 6
      vertex -15.513 -3.99138 6
    endloop
  endfacet
  facet normal -0.435008 0.900427 0
    outer loop
      vertex -15.664 -4.06433 6
      vertex -15.513 -3.99138 0
      vertex -15.664 -4.06433 0
    endloop
  endfacet
  facet normal -0.386539 0.922273 0
    outer loop
      vertex -15.4 -3.94402 0
      vertex -15.513 -3.99138 6
      vertex -15.4 -3.94402 6
    endloop
  endfacet
  facet normal -0.386539 0.922273 0
    outer loop
      vertex -15.513 -3.99138 6
      vertex -15.4 -3.94402 0
      vertex -15.513 -3.99138 0
    endloop
  endfacet
  facet normal -0.337597 0.941291 0
    outer loop
      vertex -15.3272 -3.91791 0
      vertex -15.4 -3.94402 6
      vertex -15.3272 -3.91791 6
    endloop
  endfacet
  facet normal -0.337597 0.941291 0
    outer loop
      vertex -15.4 -3.94402 6
      vertex -15.3272 -3.91791 0
      vertex -15.4 -3.94402 0
    endloop
  endfacet
  facet normal -0.247895 0.968787 0
    outer loop
      vertex -15.3204 -3.91617 0
      vertex -15.3272 -3.91791 6
      vertex -15.3204 -3.91617 6
    endloop
  endfacet
  facet normal -0.247895 0.968787 0
    outer loop
      vertex -15.3272 -3.91791 6
      vertex -15.3204 -3.91617 0
      vertex -15.3272 -3.91791 0
    endloop
  endfacet
  facet normal -0.974193 -0.225715 0
    outer loop
      vertex -15.3204 -3.91617 0
      vertex -15.505 -3.11943 6
      vertex -15.505 -3.11943 0
    endloop
  endfacet
  facet normal -0.974193 -0.225715 0
    outer loop
      vertex -15.505 -3.11943 6
      vertex -15.3204 -3.91617 0
      vertex -15.3204 -3.91617 6
    endloop
  endfacet
  facet normal 0.2006 -0.979673 0
    outer loop
      vertex -15.5092 -3.12029 0
      vertex -15.505 -3.11943 6
      vertex -15.5092 -3.12029 6
    endloop
  endfacet
  facet normal 0.2006 -0.979673 0
    outer loop
      vertex -15.505 -3.11943 6
      vertex -15.5092 -3.12029 0
      vertex -15.505 -3.11943 0
    endloop
  endfacet
  facet normal 0.103979 -0.99458 0
    outer loop
      vertex -15.5862 -3.12834 0
      vertex -15.5092 -3.12029 6
      vertex -15.5862 -3.12834 6
    endloop
  endfacet
  facet normal 0.103979 -0.99458 0
    outer loop
      vertex -15.5092 -3.12029 6
      vertex -15.5862 -3.12834 0
      vertex -15.5092 -3.12029 0
    endloop
  endfacet
  facet normal 0.0519331 -0.998651 0
    outer loop
      vertex -15.7085 -3.1347 0
      vertex -15.5862 -3.12834 6
      vertex -15.7085 -3.1347 6
    endloop
  endfacet
  facet normal 0.0519331 -0.998651 0
    outer loop
      vertex -15.5862 -3.12834 6
      vertex -15.7085 -3.1347 0
      vertex -15.5862 -3.12834 0
    endloop
  endfacet
  facet normal -0.00113297 -0.999999 0
    outer loop
      vertex -15.8762 -3.13451 0
      vertex -15.7085 -3.1347 6
      vertex -15.8762 -3.13451 6
    endloop
  endfacet
  facet normal -0.00113297 -0.999999 -0
    outer loop
      vertex -15.7085 -3.1347 6
      vertex -15.8762 -3.13451 0
      vertex -15.7085 -3.1347 0
    endloop
  endfacet
  facet normal -0.0544347 -0.998517 0
    outer loop
      vertex -16.0888 -3.12292 0
      vertex -15.8762 -3.13451 6
      vertex -16.0888 -3.12292 6
    endloop
  endfacet
  facet normal -0.0544347 -0.998517 -0
    outer loop
      vertex -15.8762 -3.13451 6
      vertex -16.0888 -3.12292 0
      vertex -15.8762 -3.13451 0
    endloop
  endfacet
  facet normal -0.107518 -0.994203 0
    outer loop
      vertex -16.3454 -3.09517 0
      vertex -16.0888 -3.12292 6
      vertex -16.3454 -3.09517 6
    endloop
  endfacet
  facet normal -0.107518 -0.994203 -0
    outer loop
      vertex -16.0888 -3.12292 6
      vertex -16.3454 -3.09517 0
      vertex -16.0888 -3.12292 0
    endloop
  endfacet
  facet normal -0.16044 -0.987046 0
    outer loop
      vertex -16.6447 -3.04652 0
      vertex -16.3454 -3.09517 6
      vertex -16.6447 -3.04652 6
    endloop
  endfacet
  facet normal -0.16044 -0.987046 -0
    outer loop
      vertex -16.3454 -3.09517 6
      vertex -16.6447 -3.04652 0
      vertex -16.3454 -3.09517 0
    endloop
  endfacet
  facet normal -0.212863 -0.977082 0
    outer loop
      vertex -16.9852 -2.97234 0
      vertex -16.6447 -3.04652 6
      vertex -16.9852 -2.97234 6
    endloop
  endfacet
  facet normal -0.212863 -0.977082 -0
    outer loop
      vertex -16.6447 -3.04652 6
      vertex -16.9852 -2.97234 0
      vertex -16.6447 -3.04652 0
    endloop
  endfacet
  facet normal -0.26482 -0.964298 0
    outer loop
      vertex -17.3647 -2.86812 0
      vertex -16.9852 -2.97234 6
      vertex -17.3647 -2.86812 6
    endloop
  endfacet
  facet normal -0.26482 -0.964298 -0
    outer loop
      vertex -16.9852 -2.97234 6
      vertex -17.3647 -2.86812 0
      vertex -16.9852 -2.97234 0
    endloop
  endfacet
  facet normal -0.98884 -0.148981 0
    outer loop
      vertex -17.3647 -2.86812 0
      vertex -17.4386 -2.37762 6
      vertex -17.4386 -2.37762 0
    endloop
  endfacet
  facet normal -0.98884 -0.148981 0
    outer loop
      vertex -17.4386 -2.37762 6
      vertex -17.3647 -2.86812 0
      vertex -17.3647 -2.86812 6
    endloop
  endfacet
  facet normal -0.537311 0.843384 0
    outer loop
      vertex -17.1067 -2.16617 0
      vertex -17.4386 -2.37762 6
      vertex -17.1067 -2.16617 6
    endloop
  endfacet
  facet normal -0.537311 0.843384 0
    outer loop
      vertex -17.4386 -2.37762 6
      vertex -17.1067 -2.16617 0
      vertex -17.4386 -2.37762 0
    endloop
  endfacet
  facet normal -0.491419 0.870923 0
    outer loop
      vertex -16.8032 -1.99492 0
      vertex -17.1067 -2.16617 6
      vertex -16.8032 -1.99492 6
    endloop
  endfacet
  facet normal -0.491419 0.870923 0
    outer loop
      vertex -17.1067 -2.16617 6
      vertex -16.8032 -1.99492 0
      vertex -17.1067 -2.16617 0
    endloop
  endfacet
  facet normal -0.444204 0.895926 0
    outer loop
      vertex -16.5315 -1.86021 0
      vertex -16.8032 -1.99492 6
      vertex -16.5315 -1.86021 6
    endloop
  endfacet
  facet normal -0.444204 0.895926 0
    outer loop
      vertex -16.8032 -1.99492 6
      vertex -16.5315 -1.86021 0
      vertex -16.8032 -1.99492 0
    endloop
  endfacet
  facet normal -0.39578 0.918345 0
    outer loop
      vertex -16.2945 -1.75807 0
      vertex -16.5315 -1.86021 6
      vertex -16.2945 -1.75807 6
    endloop
  endfacet
  facet normal -0.39578 0.918345 0
    outer loop
      vertex -16.5315 -1.86021 6
      vertex -16.2945 -1.75807 0
      vertex -16.5315 -1.86021 0
    endloop
  endfacet
  facet normal -0.346352 0.938105 0
    outer loop
      vertex -16.0948 -1.68434 0
      vertex -16.2945 -1.75807 6
      vertex -16.0948 -1.68434 6
    endloop
  endfacet
  facet normal -0.346352 0.938105 0
    outer loop
      vertex -16.2945 -1.75807 6
      vertex -16.0948 -1.68434 0
      vertex -16.2945 -1.75807 0
    endloop
  endfacet
  facet normal -0.29587 0.955228 0
    outer loop
      vertex -15.9346 -1.63472 0
      vertex -16.0948 -1.68434 6
      vertex -15.9346 -1.63472 6
    endloop
  endfacet
  facet normal -0.29587 0.955228 0
    outer loop
      vertex -16.0948 -1.68434 6
      vertex -15.9346 -1.63472 0
      vertex -16.0948 -1.68434 0
    endloop
  endfacet
  facet normal -0.244839 0.969564 0
    outer loop
      vertex -15.8158 -1.60472 0
      vertex -15.9346 -1.63472 6
      vertex -15.8158 -1.60472 6
    endloop
  endfacet
  facet normal -0.244839 0.969564 0
    outer loop
      vertex -15.9346 -1.63472 6
      vertex -15.8158 -1.60472 0
      vertex -15.9346 -1.63472 0
    endloop
  endfacet
  facet normal -0.193505 0.981099 0
    outer loop
      vertex -15.7399 -1.58975 0
      vertex -15.8158 -1.60472 6
      vertex -15.7399 -1.58975 6
    endloop
  endfacet
  facet normal -0.193505 0.981099 0
    outer loop
      vertex -15.8158 -1.60472 6
      vertex -15.7399 -1.58975 0
      vertex -15.8158 -1.60472 0
    endloop
  endfacet
  facet normal -0.0995037 0.995037 0
    outer loop
      vertex -15.7329 -1.58905 0
      vertex -15.7399 -1.58975 6
      vertex -15.7329 -1.58905 6
    endloop
  endfacet
  facet normal -0.0995037 0.995037 0
    outer loop
      vertex -15.7399 -1.58975 6
      vertex -15.7329 -1.58905 0
      vertex -15.7399 -1.58975 0
    endloop
  endfacet
  facet normal -0.996953 -0.0780099 0
    outer loop
      vertex -15.7329 -1.58905 0
      vertex -15.7967 -0.773697 6
      vertex -15.7967 -0.773697 0
    endloop
  endfacet
  facet normal -0.996953 -0.0780099 0
    outer loop
      vertex -15.7967 -0.773697 6
      vertex -15.7329 -1.58905 0
      vertex -15.7329 -1.58905 6
    endloop
  endfacet
  facet normal 0.0485789 -0.998819 0
    outer loop
      vertex -15.8011 -0.773911 0
      vertex -15.7967 -0.773697 6
      vertex -15.8011 -0.773911 6
    endloop
  endfacet
  facet normal 0.0485789 -0.998819 0
    outer loop
      vertex -15.7967 -0.773697 6
      vertex -15.8011 -0.773911 0
      vertex -15.7967 -0.773697 0
    endloop
  endfacet
  facet normal -0.0452257 -0.998977 0
    outer loop
      vertex -15.8783 -0.770416 0
      vertex -15.8011 -0.773911 6
      vertex -15.8783 -0.770416 6
    endloop
  endfacet
  facet normal -0.0452257 -0.998977 -0
    outer loop
      vertex -15.8011 -0.773911 6
      vertex -15.8783 -0.770416 0
      vertex -15.8011 -0.773911 0
    endloop
  endfacet
  facet normal -0.09746 -0.995239 0
    outer loop
      vertex -16.0003 -0.758469 0
      vertex -15.8783 -0.770416 6
      vertex -16.0003 -0.758469 6
    endloop
  endfacet
  facet normal -0.09746 -0.995239 -0
    outer loop
      vertex -15.8783 -0.770416 6
      vertex -16.0003 -0.758469 0
      vertex -15.8783 -0.770416 0
    endloop
  endfacet
  facet normal -0.150224 -0.988652 0
    outer loop
      vertex -16.1661 -0.733276 0
      vertex -16.0003 -0.758469 6
      vertex -16.1661 -0.733276 6
    endloop
  endfacet
  facet normal -0.150224 -0.988652 -0
    outer loop
      vertex -16.0003 -0.758469 6
      vertex -16.1661 -0.733276 0
      vertex -16.0003 -0.758469 0
    endloop
  endfacet
  facet normal -0.202597 -0.979262 0
    outer loop
      vertex -16.3746 -0.69014 0
      vertex -16.1661 -0.733276 6
      vertex -16.3746 -0.69014 6
    endloop
  endfacet
  facet normal -0.202597 -0.979262 -0
    outer loop
      vertex -16.1661 -0.733276 6
      vertex -16.3746 -0.69014 0
      vertex -16.1661 -0.733276 0
    endloop
  endfacet
  facet normal -0.254606 -0.967045 0
    outer loop
      vertex -16.6241 -0.624451 0
      vertex -16.3746 -0.69014 6
      vertex -16.6241 -0.624451 6
    endloop
  endfacet
  facet normal -0.254606 -0.967045 -0
    outer loop
      vertex -16.3746 -0.69014 6
      vertex -16.6241 -0.624451 0
      vertex -16.3746 -0.69014 0
    endloop
  endfacet
  facet normal -0.305664 -0.95214 0
    outer loop
      vertex -16.9129 -0.531738 0
      vertex -16.6241 -0.624451 6
      vertex -16.9129 -0.531738 6
    endloop
  endfacet
  facet normal -0.305664 -0.95214 -0
    outer loop
      vertex -16.6241 -0.624451 6
      vertex -16.9129 -0.531738 0
      vertex -16.6241 -0.624451 0
    endloop
  endfacet
  facet normal -0.356243 -0.934393 0
    outer loop
      vertex -17.2384 -0.407639 0
      vertex -16.9129 -0.531738 6
      vertex -17.2384 -0.407639 6
    endloop
  endfacet
  facet normal -0.356243 -0.934393 -0
    outer loop
      vertex -16.9129 -0.531738 6
      vertex -17.2384 -0.407639 0
      vertex -16.9129 -0.531738 0
    endloop
  endfacet
  facet normal -0.405433 -0.914125 0
    outer loop
      vertex -17.5983 -0.248016 0
      vertex -17.2384 -0.407639 6
      vertex -17.5983 -0.248016 6
    endloop
  endfacet
  facet normal -0.405433 -0.914125 -0
    outer loop
      vertex -17.2384 -0.407639 6
      vertex -17.5983 -0.248016 0
      vertex -17.2384 -0.407639 0
    endloop
  endfacet
  facet normal -1 0 0
    outer loop
      vertex -17.5983 -0.248016 0
      vertex -17.5983 0.248016 6
      vertex -17.5983 0.248016 0
    endloop
  endfacet
  facet normal -1 -0 0
    outer loop
      vertex -17.5983 0.248016 6
      vertex -17.5983 -0.248016 0
      vertex -17.5983 -0.248016 6
    endloop
  endfacet
  facet normal -0.405433 0.914125 0
    outer loop
      vertex -17.2384 0.407639 0
      vertex -17.5983 0.248016 6
      vertex -17.2384 0.407639 6
    endloop
  endfacet
  facet normal -0.405433 0.914125 0
    outer loop
      vertex -17.5983 0.248016 6
      vertex -17.2384 0.407639 0
      vertex -17.5983 0.248016 0
    endloop
  endfacet
  facet normal -0.356243 0.934393 0
    outer loop
      vertex -16.9129 0.531738 0
      vertex -17.2384 0.407639 6
      vertex -16.9129 0.531738 6
    endloop
  endfacet
  facet normal -0.356243 0.934393 0
    outer loop
      vertex -17.2384 0.407639 6
      vertex -16.9129 0.531738 0
      vertex -17.2384 0.407639 0
    endloop
  endfacet
  facet normal -0.305664 0.95214 0
    outer loop
      vertex -16.6241 0.624451 0
      vertex -16.9129 0.531738 6
      vertex -16.6241 0.624451 6
    endloop
  endfacet
  facet normal -0.305664 0.95214 0
    outer loop
      vertex -16.9129 0.531738 6
      vertex -16.6241 0.624451 0
      vertex -16.9129 0.531738 0
    endloop
  endfacet
  facet normal -0.254606 0.967045 0
    outer loop
      vertex -16.3746 0.69014 0
      vertex -16.6241 0.624451 6
      vertex -16.3746 0.69014 6
    endloop
  endfacet
  facet normal -0.254606 0.967045 0
    outer loop
      vertex -16.6241 0.624451 6
      vertex -16.3746 0.69014 0
      vertex -16.6241 0.624451 0
    endloop
  endfacet
  facet normal -0.202597 0.979262 0
    outer loop
      vertex -16.1661 0.733276 0
      vertex -16.3746 0.69014 6
      vertex -16.1661 0.733276 6
    endloop
  endfacet
  facet normal -0.202597 0.979262 0
    outer loop
      vertex -16.3746 0.69014 6
      vertex -16.1661 0.733276 0
      vertex -16.3746 0.69014 0
    endloop
  endfacet
  facet normal -0.150224 0.988652 0
    outer loop
      vertex -16.0003 0.758469 0
      vertex -16.1661 0.733276 6
      vertex -16.0003 0.758469 6
    endloop
  endfacet
  facet normal -0.150224 0.988652 0
    outer loop
      vertex -16.1661 0.733276 6
      vertex -16.0003 0.758469 0
      vertex -16.1661 0.733276 0
    endloop
  endfacet
  facet normal -0.09746 0.995239 0
    outer loop
      vertex -15.8783 0.770416 0
      vertex -16.0003 0.758469 6
      vertex -15.8783 0.770416 6
    endloop
  endfacet
  facet normal -0.09746 0.995239 0
    outer loop
      vertex -16.0003 0.758469 6
      vertex -15.8783 0.770416 0
      vertex -16.0003 0.758469 0
    endloop
  endfacet
  facet normal -0.0452257 0.998977 0
    outer loop
      vertex -15.8011 0.773911 0
      vertex -15.8783 0.770416 6
      vertex -15.8011 0.773911 6
    endloop
  endfacet
  facet normal -0.0452257 0.998977 0
    outer loop
      vertex -15.8783 0.770416 6
      vertex -15.8011 0.773911 0
      vertex -15.8783 0.770416 0
    endloop
  endfacet
  facet normal 0.0493763 0.99878 -0
    outer loop
      vertex -15.794 0.77356 0
      vertex -15.8011 0.773911 6
      vertex -15.794 0.77356 6
    endloop
  endfacet
  facet normal 0.0493763 0.99878 0
    outer loop
      vertex -15.8011 0.773911 6
      vertex -15.794 0.77356 0
      vertex -15.8011 0.773911 0
    endloop
  endfacet
  facet normal -0.997447 0.0714078 0
    outer loop
      vertex -15.794 0.77356 0
      vertex -15.7356 1.58931 6
      vertex -15.7356 1.58931 0
    endloop
  endfacet
  facet normal -0.997447 0.0714078 0
    outer loop
      vertex -15.7356 1.58931 6
      vertex -15.794 0.77356 0
      vertex -15.794 0.77356 6
    endloop
  endfacet
  facet normal -0.101794 -0.994805 0
    outer loop
      vertex -15.7399 1.58975 0
      vertex -15.7356 1.58931 6
      vertex -15.7399 1.58975 6
    endloop
  endfacet
  facet normal -0.101794 -0.994805 -0
    outer loop
      vertex -15.7356 1.58931 6
      vertex -15.7399 1.58975 0
      vertex -15.7356 1.58931 0
    endloop
  endfacet
  facet normal -0.193505 -0.981099 0
    outer loop
      vertex -15.8158 1.60472 0
      vertex -15.7399 1.58975 6
      vertex -15.8158 1.60472 6
    endloop
  endfacet
  facet normal -0.193505 -0.981099 -0
    outer loop
      vertex -15.7399 1.58975 6
      vertex -15.8158 1.60472 0
      vertex -15.7399 1.58975 0
    endloop
  endfacet
  facet normal -0.244839 -0.969564 0
    outer loop
      vertex -15.9346 1.63472 0
      vertex -15.8158 1.60472 6
      vertex -15.9346 1.63472 6
    endloop
  endfacet
  facet normal -0.244839 -0.969564 -0
    outer loop
      vertex -15.8158 1.60472 6
      vertex -15.9346 1.63472 0
      vertex -15.8158 1.60472 0
    endloop
  endfacet
  facet normal -0.29587 -0.955228 0
    outer loop
      vertex -16.0948 1.68434 0
      vertex -15.9346 1.63472 6
      vertex -16.0948 1.68434 6
    endloop
  endfacet
  facet normal -0.29587 -0.955228 -0
    outer loop
      vertex -15.9346 1.63472 6
      vertex -16.0948 1.68434 0
      vertex -15.9346 1.63472 0
    endloop
  endfacet
  facet normal -0.346352 -0.938105 0
    outer loop
      vertex -16.2945 1.75807 0
      vertex -16.0948 1.68434 6
      vertex -16.2945 1.75807 6
    endloop
  endfacet
  facet normal -0.346352 -0.938105 -0
    outer loop
      vertex -16.0948 1.68434 6
      vertex -16.2945 1.75807 0
      vertex -16.0948 1.68434 0
    endloop
  endfacet
  facet normal -0.39578 -0.918345 0
    outer loop
      vertex -16.5315 1.86021 0
      vertex -16.2945 1.75807 6
      vertex -16.5315 1.86021 6
    endloop
  endfacet
  facet normal -0.39578 -0.918345 -0
    outer loop
      vertex -16.2945 1.75807 6
      vertex -16.5315 1.86021 0
      vertex -16.2945 1.75807 0
    endloop
  endfacet
  facet normal -0.444204 -0.895926 0
    outer loop
      vertex -16.8032 1.99492 0
      vertex -16.5315 1.86021 6
      vertex -16.8032 1.99492 6
    endloop
  endfacet
  facet normal -0.444204 -0.895926 -0
    outer loop
      vertex -16.5315 1.86021 6
      vertex -16.8032 1.99492 0
      vertex -16.5315 1.86021 0
    endloop
  endfacet
  facet normal -0.491419 -0.870923 0
    outer loop
      vertex -17.1067 2.16617 0
      vertex -16.8032 1.99492 6
      vertex -17.1067 2.16617 6
    endloop
  endfacet
  facet normal -0.491419 -0.870923 -0
    outer loop
      vertex -16.8032 1.99492 6
      vertex -17.1067 2.16617 0
      vertex -16.8032 1.99492 0
    endloop
  endfacet
  facet normal -0.537311 -0.843384 0
    outer loop
      vertex -17.4386 2.37762 0
      vertex -17.1067 2.16617 6
      vertex -17.4386 2.37762 6
    endloop
  endfacet
  facet normal -0.537311 -0.843384 -0
    outer loop
      vertex -17.1067 2.16617 6
      vertex -17.4386 2.37762 0
      vertex -17.1067 2.16617 0
    endloop
  endfacet
  facet normal -0.98884 0.148981 0
    outer loop
      vertex -17.4386 2.37762 0
      vertex -17.3647 2.86812 6
      vertex -17.3647 2.86812 0
    endloop
  endfacet
  facet normal -0.98884 0.148981 0
    outer loop
      vertex -17.3647 2.86812 6
      vertex -17.4386 2.37762 0
      vertex -17.4386 2.37762 6
    endloop
  endfacet
  facet normal -0.26482 0.964298 0
    outer loop
      vertex -16.9852 2.97234 0
      vertex -17.3647 2.86812 6
      vertex -16.9852 2.97234 6
    endloop
  endfacet
  facet normal -0.26482 0.964298 0
    outer loop
      vertex -17.3647 2.86812 6
      vertex -16.9852 2.97234 0
      vertex -17.3647 2.86812 0
    endloop
  endfacet
  facet normal -0.212863 0.977082 0
    outer loop
      vertex -16.6447 3.04652 0
      vertex -16.9852 2.97234 6
      vertex -16.6447 3.04652 6
    endloop
  endfacet
  facet normal -0.212863 0.977082 0
    outer loop
      vertex -16.9852 2.97234 6
      vertex -16.6447 3.04652 0
      vertex -16.9852 2.97234 0
    endloop
  endfacet
  facet normal -0.16044 0.987046 0
    outer loop
      vertex -16.3454 3.09517 0
      vertex -16.6447 3.04652 6
      vertex -16.3454 3.09517 6
    endloop
  endfacet
  facet normal -0.16044 0.987046 0
    outer loop
      vertex -16.6447 3.04652 6
      vertex -16.3454 3.09517 0
      vertex -16.6447 3.04652 0
    endloop
  endfacet
  facet normal -0.107518 0.994203 0
    outer loop
      vertex -16.0888 3.12292 0
      vertex -16.3454 3.09517 6
      vertex -16.0888 3.12292 6
    endloop
  endfacet
  facet normal -0.107518 0.994203 0
    outer loop
      vertex -16.3454 3.09517 6
      vertex -16.0888 3.12292 0
      vertex -16.3454 3.09517 0
    endloop
  endfacet
  facet normal -0.0544347 0.998517 0
    outer loop
      vertex -15.8762 3.13451 0
      vertex -16.0888 3.12292 6
      vertex -15.8762 3.13451 6
    endloop
  endfacet
  facet normal -0.0544347 0.998517 0
    outer loop
      vertex -16.0888 3.12292 6
      vertex -15.8762 3.13451 0
      vertex -16.0888 3.12292 0
    endloop
  endfacet
  facet normal -0.00113297 0.999999 0
    outer loop
      vertex -15.7085 3.1347 0
      vertex -15.8762 3.13451 6
      vertex -15.7085 3.1347 6
    endloop
  endfacet
  facet normal -0.00113297 0.999999 0
    outer loop
      vertex -15.8762 3.13451 6
      vertex -15.7085 3.1347 0
      vertex -15.8762 3.13451 0
    endloop
  endfacet
  facet normal 0.0519331 0.998651 -0
    outer loop
      vertex -15.5862 3.12834 0
      vertex -15.7085 3.1347 6
      vertex -15.5862 3.12834 6
    endloop
  endfacet
  facet normal 0.0519331 0.998651 0
    outer loop
      vertex -15.7085 3.1347 6
      vertex -15.5862 3.12834 0
      vertex -15.7085 3.1347 0
    endloop
  endfacet
  facet normal 0.103979 0.99458 -0
    outer loop
      vertex -15.5092 3.12029 0
      vertex -15.5862 3.12834 6
      vertex -15.5092 3.12029 6
    endloop
  endfacet
  facet normal 0.103979 0.99458 0
    outer loop
      vertex -15.5862 3.12834 6
      vertex -15.5092 3.12029 0
      vertex -15.5862 3.12834 0
    endloop
  endfacet
  facet normal 0.197482 0.980307 -0
    outer loop
      vertex -15.5023 3.1189 0
      vertex -15.5092 3.12029 6
      vertex -15.5023 3.1189 6
    endloop
  endfacet
  facet normal 0.197482 0.980307 0
    outer loop
      vertex -15.5092 3.12029 6
      vertex -15.5023 3.1189 0
      vertex -15.5092 3.12029 0
    endloop
  endfacet
  facet normal -0.975672 0.219237 0
    outer loop
      vertex -15.5023 3.1189 0
      vertex -15.323 3.91684 6
      vertex -15.323 3.91684 0
    endloop
  endfacet
  facet normal -0.975672 0.219237 0
    outer loop
      vertex -15.323 3.91684 6
      vertex -15.5023 3.1189 0
      vertex -15.5023 3.1189 6
    endloop
  endfacet
  facet normal -0.246876 -0.969047 0
    outer loop
      vertex -15.3272 3.91791 0
      vertex -15.323 3.91684 6
      vertex -15.3272 3.91791 6
    endloop
  endfacet
  facet normal -0.246876 -0.969047 -0
    outer loop
      vertex -15.323 3.91684 6
      vertex -15.3272 3.91791 0
      vertex -15.323 3.91684 0
    endloop
  endfacet
  facet normal -0.337597 -0.941291 0
    outer loop
      vertex -15.4 3.94402 0
      vertex -15.3272 3.91791 6
      vertex -15.4 3.94402 6
    endloop
  endfacet
  facet normal -0.337597 -0.941291 -0
    outer loop
      vertex -15.3272 3.91791 6
      vertex -15.4 3.94402 0
      vertex -15.3272 3.91791 0
    endloop
  endfacet
  facet normal -0.386539 -0.922273 0
    outer loop
      vertex -15.513 3.99138 0
      vertex -15.4 3.94402 6
      vertex -15.513 3.99138 6
    endloop
  endfacet
  facet normal -0.386539 -0.922273 -0
    outer loop
      vertex -15.4 3.94402 6
      vertex -15.513 3.99138 0
      vertex -15.4 3.94402 0
    endloop
  endfacet
  facet normal -0.435008 -0.900427 0
    outer loop
      vertex -15.664 4.06433 0
      vertex -15.513 3.99138 6
      vertex -15.664 4.06433 6
    endloop
  endfacet
  facet normal -0.435008 -0.900427 -0
    outer loop
      vertex -15.513 3.99138 6
      vertex -15.664 4.06433 0
      vertex -15.513 3.99138 0
    endloop
  endfacet
  facet normal -0.482297 -0.876008 0
    outer loop
      vertex -15.8505 4.16701 0
      vertex -15.664 4.06433 6
      vertex -15.8505 4.16701 6
    endloop
  endfacet
  facet normal -0.482297 -0.876008 -0
    outer loop
      vertex -15.664 4.06433 6
      vertex -15.8505 4.16701 0
      vertex -15.664 4.06433 0
    endloop
  endfacet
  facet normal -0.528305 -0.849055 0
    outer loop
      vertex -16.0696 4.30334 0
      vertex -15.8505 4.16701 6
      vertex -16.0696 4.30334 6
    endloop
  endfacet
  facet normal -0.528305 -0.849055 -0
    outer loop
      vertex -15.8505 4.16701 6
      vertex -16.0696 4.30334 0
      vertex -15.8505 4.16701 0
    endloop
  endfacet
  facet normal -0.572754 -0.819727 0
    outer loop
      vertex -16.3182 4.47704 0
      vertex -16.0696 4.30334 6
      vertex -16.3182 4.47704 6
    endloop
  endfacet
  facet normal -0.572754 -0.819727 -0
    outer loop
      vertex -16.0696 4.30334 6
      vertex -16.3182 4.47704 0
      vertex -16.0696 4.30334 0
    endloop
  endfacet
  facet normal -0.615817 -0.787889 0
    outer loop
      vertex -16.5927 4.69159 0
      vertex -16.3182 4.47704 6
      vertex -16.5927 4.69159 6
    endloop
  endfacet
  facet normal -0.615817 -0.787889 -0
    outer loop
      vertex -16.3182 4.47704 6
      vertex -16.5927 4.69159 0
      vertex -16.3182 4.47704 0
    endloop
  endfacet
  facet normal -0.656877 -0.753998 0
    outer loop
      vertex -16.8895 4.95016 0
      vertex -16.5927 4.69159 6
      vertex -16.8895 4.95016 6
    endloop
  endfacet
  facet normal -0.656877 -0.753998 -0
    outer loop
      vertex -16.5927 4.69159 6
      vertex -16.8895 4.95016 0
      vertex -16.5927 4.69159 0
    endloop
  endfacet
  facet normal -0.955578 0.294737 0
    outer loop
      vertex -16.8895 4.95016 0
      vertex -16.7433 5.42416 6
      vertex -16.7433 5.42416 0
    endloop
  endfacet
  facet normal -0.955578 0.294737 0
    outer loop
      vertex -16.7433 5.42416 6
      vertex -16.8895 4.95016 0
      vertex -16.8895 4.95016 6
    endloop
  endfacet
  facet normal -0.118073 0.993005 0
    outer loop
      vertex -16.3524 5.47064 0
      vertex -16.7433 5.42416 6
      vertex -16.3524 5.47064 6
    endloop
  endfacet
  facet normal -0.118073 0.993005 0
    outer loop
      vertex -16.7433 5.42416 6
      vertex -16.3524 5.47064 0
      vertex -16.7433 5.42416 0
    endloop
  endfacet
  facet normal -0.0649474 0.997889 0
    outer loop
      vertex -16.0047 5.49327 0
      vertex -16.3524 5.47064 6
      vertex -16.0047 5.49327 6
    endloop
  endfacet
  facet normal -0.0649474 0.997889 0
    outer loop
      vertex -16.3524 5.47064 6
      vertex -16.0047 5.49327 0
      vertex -16.3524 5.47064 0
    endloop
  endfacet
  facet normal -0.0114768 0.999934 0
    outer loop
      vertex -15.7015 5.49675 0
      vertex -16.0047 5.49327 6
      vertex -15.7015 5.49675 6
    endloop
  endfacet
  facet normal -0.0114768 0.999934 0
    outer loop
      vertex -16.0047 5.49327 6
      vertex -15.7015 5.49675 0
      vertex -16.0047 5.49327 0
    endloop
  endfacet
  facet normal 0.0418175 0.999125 -0
    outer loop
      vertex -15.4437 5.48596 0
      vertex -15.7015 5.49675 6
      vertex -15.4437 5.48596 6
    endloop
  endfacet
  facet normal 0.0418175 0.999125 0
    outer loop
      vertex -15.7015 5.49675 6
      vertex -15.4437 5.48596 0
      vertex -15.7015 5.49675 0
    endloop
  endfacet
  facet normal 0.094993 0.995478 -0
    outer loop
      vertex -15.2317 5.46573 0
      vertex -15.4437 5.48596 6
      vertex -15.2317 5.46573 6
    endloop
  endfacet
  facet normal 0.094993 0.995478 0
    outer loop
      vertex -15.4437 5.48596 6
      vertex -15.2317 5.46573 0
      vertex -15.4437 5.48596 0
    endloop
  endfacet
  facet normal 0.147932 0.988998 -0
    outer loop
      vertex -15.0659 5.44093 0
      vertex -15.2317 5.46573 6
      vertex -15.0659 5.44093 6
    endloop
  endfacet
  facet normal 0.147932 0.988998 0
    outer loop
      vertex -15.2317 5.46573 6
      vertex -15.0659 5.44093 0
      vertex -15.2317 5.46573 0
    endloop
  endfacet
  facet normal 0.200115 0.979772 -0
    outer loop
      vertex -14.9458 5.4164 0
      vertex -15.0659 5.44093 6
      vertex -14.9458 5.4164 6
    endloop
  endfacet
  facet normal 0.200115 0.979772 0
    outer loop
      vertex -15.0659 5.44093 6
      vertex -14.9458 5.4164 0
      vertex -15.0659 5.44093 0
    endloop
  endfacet
  facet normal 0.251222 0.967929 -0
    outer loop
      vertex -14.8709 5.39696 0
      vertex -14.9458 5.4164 6
      vertex -14.8709 5.39696 6
    endloop
  endfacet
  facet normal 0.251222 0.967929 0
    outer loop
      vertex -14.9458 5.4164 6
      vertex -14.8709 5.39696 0
      vertex -14.9458 5.4164 0
    endloop
  endfacet
  facet normal 0.341743 0.939793 -0
    outer loop
      vertex -14.8643 5.39456 0
      vertex -14.8709 5.39696 6
      vertex -14.8643 5.39456 6
    endloop
  endfacet
  facet normal 0.341743 0.939793 0
    outer loop
      vertex -14.8709 5.39696 6
      vertex -14.8643 5.39456 0
      vertex -14.8709 5.39696 0
    endloop
  endfacet
  facet normal -0.932065 0.362291 0
    outer loop
      vertex -14.8643 5.39456 0
      vertex -14.568 6.15685 6
      vertex -14.568 6.15685 0
    endloop
  endfacet
  facet normal -0.932065 0.362291 0
    outer loop
      vertex -14.568 6.15685 6
      vertex -14.8643 5.39456 0
      vertex -14.8643 5.39456 6
    endloop
  endfacet
  facet normal -0.389189 -0.921158 0
    outer loop
      vertex -14.572 6.15854 0
      vertex -14.568 6.15685 6
      vertex -14.572 6.15854 6
    endloop
  endfacet
  facet normal -0.389189 -0.921158 -0
    outer loop
      vertex -14.568 6.15685 6
      vertex -14.572 6.15854 0
      vertex -14.568 6.15685 0
    endloop
  endfacet
  facet normal -0.474208 -0.880413 0
    outer loop
      vertex -14.6401 6.19522 0
      vertex -14.572 6.15854 6
      vertex -14.6401 6.19522 6
    endloop
  endfacet
  facet normal -0.474208 -0.880413 -0
    outer loop
      vertex -14.572 6.15854 6
      vertex -14.6401 6.19522 0
      vertex -14.572 6.15854 0
    endloop
  endfacet
  facet normal -0.519647 -0.854381 0
    outer loop
      vertex -14.7448 6.2589 0
      vertex -14.6401 6.19522 6
      vertex -14.7448 6.2589 6
    endloop
  endfacet
  facet normal -0.519647 -0.854381 -0
    outer loop
      vertex -14.6401 6.19522 6
      vertex -14.7448 6.2589 0
      vertex -14.6401 6.19522 0
    endloop
  endfacet
  facet normal -0.564143 -0.825677 0
    outer loop
      vertex -14.8833 6.35353 0
      vertex -14.7448 6.2589 6
      vertex -14.8833 6.35353 6
    endloop
  endfacet
  facet normal -0.564143 -0.825677 -0
    outer loop
      vertex -14.7448 6.2589 6
      vertex -14.8833 6.35353 0
      vertex -14.7448 6.2589 0
    endloop
  endfacet
  facet normal -0.607504 -0.794316 0
    outer loop
      vertex -15.0524 6.48286 0
      vertex -14.8833 6.35353 6
      vertex -15.0524 6.48286 6
    endloop
  endfacet
  facet normal -0.607504 -0.794316 -0
    outer loop
      vertex -14.8833 6.35353 6
      vertex -15.0524 6.48286 0
      vertex -14.8833 6.35353 0
    endloop
  endfacet
  facet normal -0.64884 -0.760925 0
    outer loop
      vertex -15.2488 6.65033 0
      vertex -15.0524 6.48286 6
      vertex -15.2488 6.65033 6
    endloop
  endfacet
  facet normal -0.64884 -0.760925 -0
    outer loop
      vertex -15.0524 6.48286 6
      vertex -15.2488 6.65033 0
      vertex -15.0524 6.48286 0
    endloop
  endfacet
  facet normal -0.688567 -0.725172 0
    outer loop
      vertex -15.4687 6.85913 0
      vertex -15.2488 6.65033 6
      vertex -15.4687 6.85913 6
    endloop
  endfacet
  facet normal -0.688567 -0.725172 -0
    outer loop
      vertex -15.2488 6.65033 6
      vertex -15.4687 6.85913 0
      vertex -15.2488 6.65033 0
    endloop
  endfacet
  facet normal -0.726312 -0.687366 0
    outer loop
      vertex -15.4687 6.85913 0
      vertex -15.7082 7.1122 6
      vertex -15.7082 7.1122 0
    endloop
  endfacet
  facet normal -0.726312 -0.687366 0
    outer loop
      vertex -15.7082 7.1122 6
      vertex -15.4687 6.85913 0
      vertex -15.4687 6.85913 6
    endloop
  endfacet
  facet normal -0.762001 -0.647576 0
    outer loop
      vertex -15.7082 7.1122 0
      vertex -15.9631 7.41214 6
      vertex -15.9631 7.41214 0
    endloop
  endfacet
  facet normal -0.762001 -0.647576 0
    outer loop
      vertex -15.9631 7.41214 6
      vertex -15.7082 7.1122 0
      vertex -15.7082 7.1122 6
    endloop
  endfacet
  facet normal -0.900981 0.433858 0
    outer loop
      vertex -15.9631 7.41214 0
      vertex -15.7479 7.85904 6
      vertex -15.7479 7.85904 0
    endloop
  endfacet
  facet normal -0.900981 0.433858 0
    outer loop
      vertex -15.7479 7.85904 6
      vertex -15.9631 7.41214 0
      vertex -15.9631 7.41214 6
    endloop
  endfacet
  facet normal 0.0312427 0.999512 -0
    outer loop
      vertex -15.3544 7.84674 0
      vertex -15.7479 7.85904 6
      vertex -15.3544 7.84674 6
    endloop
  endfacet
  facet normal 0.0312427 0.999512 0
    outer loop
      vertex -15.7479 7.85904 6
      vertex -15.3544 7.84674 0
      vertex -15.7479 7.85904 0
    endloop
  endfacet
  facet normal 0.0845179 0.996422 -0
    outer loop
      vertex -15.0072 7.81729 0
      vertex -15.3544 7.84674 6
      vertex -15.0072 7.81729 6
    endloop
  endfacet
  facet normal 0.0845179 0.996422 0
    outer loop
      vertex -15.3544 7.84674 6
      vertex -15.0072 7.81729 0
      vertex -15.3544 7.84674 0
    endloop
  endfacet
  facet normal 0.137703 0.990474 -0
    outer loop
      vertex -14.7069 7.77554 0
      vertex -15.0072 7.81729 6
      vertex -14.7069 7.77554 6
    endloop
  endfacet
  facet normal 0.137703 0.990474 0
    outer loop
      vertex -15.0072 7.81729 6
      vertex -14.7069 7.77554 0
      vertex -15.0072 7.81729 0
    endloop
  endfacet
  facet normal 0.190227 0.98174 -0
    outer loop
      vertex -14.4535 7.72644 0
      vertex -14.7069 7.77554 6
      vertex -14.4535 7.72644 6
    endloop
  endfacet
  facet normal 0.190227 0.98174 0
    outer loop
      vertex -14.7069 7.77554 6
      vertex -14.4535 7.72644 0
      vertex -14.7069 7.77554 0
    endloop
  endfacet
  facet normal 0.242381 0.970181 -0
    outer loop
      vertex -14.247 7.67485 0
      vertex -14.4535 7.72644 6
      vertex -14.247 7.67485 6
    endloop
  endfacet
  facet normal 0.242381 0.970181 0
    outer loop
      vertex -14.4535 7.72644 6
      vertex -14.247 7.67485 0
      vertex -14.4535 7.72644 0
    endloop
  endfacet
  facet normal 0.293633 0.955918 -0
    outer loop
      vertex -14.0867 7.62561 0
      vertex -14.247 7.67485 6
      vertex -14.0867 7.62561 6
    endloop
  endfacet
  facet normal 0.293633 0.955918 0
    outer loop
      vertex -14.247 7.67485 6
      vertex -14.0867 7.62561 0
      vertex -14.247 7.67485 0
    endloop
  endfacet
  facet normal 0.343799 0.939043 -0
    outer loop
      vertex -13.9716 7.58347 0
      vertex -14.0867 7.62561 6
      vertex -13.9716 7.58347 6
    endloop
  endfacet
  facet normal 0.343799 0.939043 0
    outer loop
      vertex -14.0867 7.62561 6
      vertex -13.9716 7.58347 0
      vertex -14.0867 7.62561 0
    endloop
  endfacet
  facet normal 0.39292 0.919573 -0
    outer loop
      vertex -13.9005 7.55309 0
      vertex -13.9716 7.58347 6
      vertex -13.9005 7.55309 6
    endloop
  endfacet
  facet normal 0.39292 0.919573 0
    outer loop
      vertex -13.9716 7.58347 6
      vertex -13.9005 7.55309 0
      vertex -13.9716 7.58347 0
    endloop
  endfacet
  facet normal 0.476466 0.879193 -0
    outer loop
      vertex -13.8943 7.54973 0
      vertex -13.9005 7.55309 6
      vertex -13.8943 7.54973 6
    endloop
  endfacet
  facet normal 0.476466 0.879193 0
    outer loop
      vertex -13.9005 7.55309 6
      vertex -13.8943 7.54973 0
      vertex -13.9005 7.55309 0
    endloop
  endfacet
  facet normal -0.867659 0.49716 0
    outer loop
      vertex -13.8943 7.54973 0
      vertex -13.4877 8.25934 6
      vertex -13.4877 8.25934 0
    endloop
  endfacet
  facet normal -0.867659 0.49716 0
    outer loop
      vertex -13.4877 8.25934 6
      vertex -13.8943 7.54973 0
      vertex -13.8943 7.54973 6
    endloop
  endfacet
  facet normal -0.52294 -0.852369 0
    outer loop
      vertex -13.4914 8.26161 0
      vertex -13.4877 8.25934 6
      vertex -13.4914 8.26161 6
    endloop
  endfacet
  facet normal -0.52294 -0.852369 -0
    outer loop
      vertex -13.4877 8.25934 6
      vertex -13.4914 8.26161 0
      vertex -13.4877 8.25934 0
    endloop
  endfacet
  facet normal -0.599959 -0.800031 0
    outer loop
      vertex -13.5533 8.30803 0
      vertex -13.4914 8.26161 6
      vertex -13.5533 8.30803 6
    endloop
  endfacet
  facet normal -0.599959 -0.800031 -0
    outer loop
      vertex -13.4914 8.26161 6
      vertex -13.5533 8.30803 0
      vertex -13.4914 8.26161 0
    endloop
  endfacet
  facet normal -0.641324 -0.76727 0
    outer loop
      vertex -13.6473 8.3866 0
      vertex -13.5533 8.30803 6
      vertex -13.6473 8.3866 6
    endloop
  endfacet
  facet normal -0.641324 -0.76727 -0
    outer loop
      vertex -13.5533 8.30803 6
      vertex -13.6473 8.3866 0
      vertex -13.5533 8.30803 0
    endloop
  endfacet
  facet normal -0.681032 -0.732254 0
    outer loop
      vertex -13.7701 8.50081 0
      vertex -13.6473 8.3866 6
      vertex -13.7701 8.50081 6
    endloop
  endfacet
  facet normal -0.681032 -0.732254 -0
    outer loop
      vertex -13.6473 8.3866 6
      vertex -13.7701 8.50081 0
      vertex -13.6473 8.3866 0
    endloop
  endfacet
  facet normal -0.718958 -0.695054 0
    outer loop
      vertex -13.7701 8.50081 0
      vertex -13.9181 8.6539 6
      vertex -13.9181 8.6539 0
    endloop
  endfacet
  facet normal -0.718958 -0.695054 0
    outer loop
      vertex -13.9181 8.6539 6
      vertex -13.7701 8.50081 0
      vertex -13.7701 8.50081 6
    endloop
  endfacet
  facet normal -0.755056 -0.65566 0
    outer loop
      vertex -13.9181 8.6539 0
      vertex -14.0873 8.84875 6
      vertex -14.0873 8.84875 0
    endloop
  endfacet
  facet normal -0.755056 -0.65566 0
    outer loop
      vertex -14.0873 8.84875 6
      vertex -13.9181 8.6539 0
      vertex -13.9181 8.6539 6
    endloop
  endfacet
  facet normal -0.789018 -0.61437 0
    outer loop
      vertex -14.0873 8.84875 0
      vertex -14.2736 9.08801 6
      vertex -14.2736 9.08801 0
    endloop
  endfacet
  facet normal -0.789018 -0.61437 0
    outer loop
      vertex -14.2736 9.08801 6
      vertex -14.0873 8.84875 0
      vertex -14.0873 8.84875 6
    endloop
  endfacet
  facet normal -0.820656 -0.571423 0
    outer loop
      vertex -14.2736 9.08801 0
      vertex -14.4727 9.37395 6
      vertex -14.4727 9.37395 0
    endloop
  endfacet
  facet normal -0.820656 -0.571423 0
    outer loop
      vertex -14.4727 9.37395 6
      vertex -14.2736 9.08801 0
      vertex -14.2736 9.08801 6
    endloop
  endfacet
  facet normal -0.849948 -0.526867 0
    outer loop
      vertex -14.4727 9.37395 0
      vertex -14.6801 9.70853 6
      vertex -14.6801 9.70853 0
    endloop
  endfacet
  facet normal -0.849948 -0.526867 0
    outer loop
      vertex -14.6801 9.70853 6
      vertex -14.4727 9.37395 0
      vertex -14.4727 9.37395 6
    endloop
  endfacet
  facet normal -0.826187 0.563396 0
    outer loop
      vertex -14.6801 9.70853 0
      vertex -14.4006 10.1184 6
      vertex -14.4006 10.1184 0
    endloop
  endfacet
  facet normal -0.826187 0.563396 0
    outer loop
      vertex -14.4006 10.1184 6
      vertex -14.6801 9.70853 0
      vertex -14.6801 9.70853 6
    endloop
  endfacet
  facet normal 0.179869 0.983691 -0
    outer loop
      vertex -14.0134 10.0476 0
      vertex -14.4006 10.1184 6
      vertex -14.0134 10.0476 6
    endloop
  endfacet
  facet normal 0.179869 0.983691 0
    outer loop
      vertex -14.4006 10.1184 6
      vertex -14.0134 10.0476 0
      vertex -14.4006 10.1184 0
    endloop
  endfacet
  facet normal 0.232217 0.972664 -0
    outer loop
      vertex -13.6745 9.96669 0
      vertex -14.0134 10.0476 6
      vertex -13.6745 9.96669 6
    endloop
  endfacet
  facet normal 0.232217 0.972664 0
    outer loop
      vertex -14.0134 10.0476 6
      vertex -13.6745 9.96669 0
      vertex -14.0134 10.0476 0
    endloop
  endfacet
  facet normal 0.283716 0.958908 -0
    outer loop
      vertex -13.3837 9.88065 0
      vertex -13.6745 9.96669 6
      vertex -13.3837 9.88065 6
    endloop
  endfacet
  facet normal 0.283716 0.958908 0
    outer loop
      vertex -13.6745 9.96669 6
      vertex -13.3837 9.88065 0
      vertex -13.6745 9.96669 0
    endloop
  endfacet
  facet normal 0.334455 0.942412 -0
    outer loop
      vertex -13.1405 9.79434 0
      vertex -13.3837 9.88065 6
      vertex -13.1405 9.79434 6
    endloop
  endfacet
  facet normal 0.334455 0.942412 0
    outer loop
      vertex -13.3837 9.88065 6
      vertex -13.1405 9.79434 0
      vertex -13.3837 9.88065 0
    endloop
  endfacet
  facet normal 0.384315 0.923202 -0
    outer loop
      vertex -12.944 9.71254 0
      vertex -13.1405 9.79434 6
      vertex -12.944 9.71254 6
    endloop
  endfacet
  facet normal 0.384315 0.923202 0
    outer loop
      vertex -13.1405 9.79434 6
      vertex -12.944 9.71254 0
      vertex -13.1405 9.79434 0
    endloop
  endfacet
  facet normal 0.432847 0.901467 -0
    outer loop
      vertex -12.7928 9.63994 0
      vertex -12.944 9.71254 6
      vertex -12.7928 9.63994 6
    endloop
  endfacet
  facet normal 0.432847 0.901467 0
    outer loop
      vertex -12.944 9.71254 6
      vertex -12.7928 9.63994 0
      vertex -12.944 9.71254 0
    endloop
  endfacet
  facet normal 0.480007 0.877265 -0
    outer loop
      vertex -12.6853 9.58112 0
      vertex -12.7928 9.63994 6
      vertex -12.6853 9.58112 6
    endloop
  endfacet
  facet normal 0.480007 0.877265 0
    outer loop
      vertex -12.7928 9.63994 6
      vertex -12.6853 9.58112 0
      vertex -12.7928 9.63994 0
    endloop
  endfacet
  facet normal 0.525482 0.850805 -0
    outer loop
      vertex -12.6195 9.54048 0
      vertex -12.6853 9.58112 6
      vertex -12.6195 9.54048 6
    endloop
  endfacet
  facet normal 0.525482 0.850805 0
    outer loop
      vertex -12.6853 9.58112 6
      vertex -12.6195 9.54048 0
      vertex -12.6853 9.58112 0
    endloop
  endfacet
  facet normal 0.603638 0.797258 -0
    outer loop
      vertex -12.6139 9.53624 0
      vertex -12.6195 9.54048 6
      vertex -12.6139 9.53624 6
    endloop
  endfacet
  facet normal 0.603638 0.797258 0
    outer loop
      vertex -12.6195 9.54048 6
      vertex -12.6139 9.53624 0
      vertex -12.6195 9.54048 0
    endloop
  endfacet
  facet normal -0.783811 0.620999 0
    outer loop
      vertex -12.6139 9.53624 0
      vertex -12.106 10.1773 6
      vertex -12.106 10.1773 0
    endloop
  endfacet
  facet normal -0.783811 0.620999 0
    outer loop
      vertex -12.106 10.1773 6
      vertex -12.6139 9.53624 0
      vertex -12.6139 9.53624 6
    endloop
  endfacet
  facet normal -0.635707 -0.77193 0
    outer loop
      vertex -12.1094 10.1801 0
      vertex -12.106 10.1773 6
      vertex -12.1094 10.1801 6
    endloop
  endfacet
  facet normal -0.635707 -0.77193 -0
    outer loop
      vertex -12.106 10.1773 6
      vertex -12.1094 10.1801 0
      vertex -12.106 10.1773 0
    endloop
  endfacet
  facet normal -0.712259 -0.701917 0
    outer loop
      vertex -12.1094 10.1801 0
      vertex -12.1637 10.2352 6
      vertex -12.1637 10.2352 0
    endloop
  endfacet
  facet normal -0.712259 -0.701917 0
    outer loop
      vertex -12.1637 10.2352 6
      vertex -12.1094 10.1801 0
      vertex -12.1094 10.1801 6
    endloop
  endfacet
  facet normal -0.749028 -0.662539 0
    outer loop
      vertex -12.1637 10.2352 0
      vertex -12.2449 10.327 6
      vertex -12.2449 10.327 0
    endloop
  endfacet
  facet normal -0.749028 -0.662539 0
    outer loop
      vertex -12.2449 10.327 6
      vertex -12.1637 10.2352 0
      vertex -12.1637 10.2352 6
    endloop
  endfacet
  facet normal -0.782495 -0.622656 0
    outer loop
      vertex -12.2449 10.327 0
      vertex -12.3493 10.4582 6
      vertex -12.3493 10.4582 0
    endloop
  endfacet
  facet normal -0.782495 -0.622656 0
    outer loop
      vertex -12.3493 10.4582 6
      vertex -12.2449 10.327 0
      vertex -12.2449 10.327 6
    endloop
  endfacet
  facet normal -0.814526 -0.580127 0
    outer loop
      vertex -12.3493 10.4582 0
      vertex -12.4728 10.6316 6
      vertex -12.4728 10.6316 0
    endloop
  endfacet
  facet normal -0.814526 -0.580127 0
    outer loop
      vertex -12.4728 10.6316 6
      vertex -12.3493 10.4582 0
      vertex -12.3493 10.4582 6
    endloop
  endfacet
  facet normal -0.844299 -0.535872 0
    outer loop
      vertex -12.4728 10.6316 0
      vertex -12.6111 10.8495 6
      vertex -12.6111 10.8495 0
    endloop
  endfacet
  facet normal -0.844299 -0.535872 0
    outer loop
      vertex -12.6111 10.8495 6
      vertex -12.4728 10.6316 0
      vertex -12.4728 10.6316 6
    endloop
  endfacet
  facet normal -0.871752 -0.489948 0
    outer loop
      vertex -12.6111 10.8495 0
      vertex -12.7597 11.1139 6
      vertex -12.7597 11.1139 0
    endloop
  endfacet
  facet normal -0.871752 -0.489948 0
    outer loop
      vertex -12.7597 11.1139 6
      vertex -12.6111 10.8495 0
      vertex -12.6111 10.8495 6
    endloop
  endfacet
  facet normal -0.896712 -0.442615 0
    outer loop
      vertex -12.7597 11.1139 0
      vertex -12.9139 11.4263 6
      vertex -12.9139 11.4263 0
    endloop
  endfacet
  facet normal -0.896712 -0.442615 0
    outer loop
      vertex -12.9139 11.4263 6
      vertex -12.7597 11.1139 0
      vertex -12.7597 11.1139 6
    endloop
  endfacet
  facet normal -0.918974 -0.394318 0
    outer loop
      vertex -12.9139 11.4263 0
      vertex -13.0691 11.788 6
      vertex -13.0691 11.788 0
    endloop
  endfacet
  facet normal -0.918974 -0.394318 0
    outer loop
      vertex -13.0691 11.788 6
      vertex -12.9139 11.4263 0
      vertex -12.9139 11.4263 6
    endloop
  endfacet
  facet normal -0.733116 0.680103 0
    outer loop
      vertex -13.0691 11.788 0
      vertex -12.7317 12.1517 6
      vertex -12.7317 12.1517 0
    endloop
  endfacet
  facet normal -0.733116 0.680103 0
    outer loop
      vertex -12.7317 12.1517 6
      vertex -13.0691 11.788 0
      vertex -13.0691 11.788 6
    endloop
  endfacet
  facet normal 0.324675 0.945826 -0
    outer loop
      vertex -12.3594 12.0239 0
      vertex -12.7317 12.1517 6
      vertex -12.3594 12.0239 6
    endloop
  endfacet
  facet normal 0.324675 0.945826 0
    outer loop
      vertex -12.7317 12.1517 6
      vertex -12.3594 12.0239 0
      vertex -12.7317 12.1517 0
    endloop
  endfacet
  facet normal 0.374259 0.927324 -0
    outer loop
      vertex -12.0363 11.8935 0
      vertex -12.3594 12.0239 6
      vertex -12.0363 11.8935 6
    endloop
  endfacet
  facet normal 0.374259 0.927324 0
    outer loop
      vertex -12.3594 12.0239 6
      vertex -12.0363 11.8935 0
      vertex -12.3594 12.0239 0
    endloop
  endfacet
  facet normal 0.423716 0.905795 -0
    outer loop
      vertex -11.7616 11.765 0
      vertex -12.0363 11.8935 6
      vertex -11.7616 11.765 6
    endloop
  endfacet
  facet normal 0.423716 0.905795 0
    outer loop
      vertex -12.0363 11.8935 6
      vertex -11.7616 11.765 0
      vertex -12.0363 11.8935 0
    endloop
  endfacet
  facet normal 0.471232 0.882009 -0
    outer loop
      vertex -11.534 11.6434 0
      vertex -11.7616 11.765 6
      vertex -11.534 11.6434 6
    endloop
  endfacet
  facet normal 0.471232 0.882009 0
    outer loop
      vertex -11.7616 11.765 6
      vertex -11.534 11.6434 0
      vertex -11.7616 11.765 0
    endloop
  endfacet
  facet normal 0.517187 0.855872 -0
    outer loop
      vertex -11.3518 11.5333 0
      vertex -11.534 11.6434 6
      vertex -11.3518 11.5333 6
    endloop
  endfacet
  facet normal 0.517187 0.855872 0
    outer loop
      vertex -11.534 11.6434 6
      vertex -11.3518 11.5333 0
      vertex -11.534 11.6434 0
    endloop
  endfacet
  facet normal 0.562652 0.826694 -0
    outer loop
      vertex -11.2131 11.4389 0
      vertex -11.3518 11.5333 6
      vertex -11.2131 11.4389 6
    endloop
  endfacet
  facet normal 0.562652 0.826694 0
    outer loop
      vertex -11.3518 11.5333 6
      vertex -11.2131 11.4389 0
      vertex -11.3518 11.5333 0
    endloop
  endfacet
  facet normal 0.6056 0.795769 -0
    outer loop
      vertex -11.1156 11.3647 0
      vertex -11.2131 11.4389 6
      vertex -11.1156 11.3647 6
    endloop
  endfacet
  facet normal 0.6056 0.795769 0
    outer loop
      vertex -11.2131 11.4389 6
      vertex -11.1156 11.3647 0
      vertex -11.2131 11.4389 0
    endloop
  endfacet
  facet normal 0.645768 0.763534 -0
    outer loop
      vertex -11.0566 11.3148 0
      vertex -11.1156 11.3647 6
      vertex -11.0566 11.3148 6
    endloop
  endfacet
  facet normal 0.645768 0.763534 0
    outer loop
      vertex -11.1156 11.3647 6
      vertex -11.0566 11.3148 0
      vertex -11.1156 11.3647 0
    endloop
  endfacet
  facet normal 0.721105 0.692826 0
    outer loop
      vertex -11.0517 11.3097 6
      vertex -11.0566 11.3148 0
      vertex -11.0566 11.3148 6
    endloop
  endfacet
  facet normal 0.721105 0.692826 0
    outer loop
      vertex -11.0566 11.3148 0
      vertex -11.0517 11.3097 6
      vertex -11.0517 11.3097 0
    endloop
  endfacet
  facet normal -0.68261 0.730783 0
    outer loop
      vertex -10.454 11.868 0
      vertex -11.0517 11.3097 6
      vertex -10.454 11.868 6
    endloop
  endfacet
  facet normal -0.68261 0.730783 0
    outer loop
      vertex -11.0517 11.3097 6
      vertex -10.454 11.868 0
      vertex -11.0517 11.3097 0
    endloop
  endfacet
  facet normal -0.740987 -0.671519 0
    outer loop
      vertex -10.454 11.868 0
      vertex -10.4569 11.8712 6
      vertex -10.4569 11.8712 0
    endloop
  endfacet
  facet normal -0.740987 -0.671519 0
    outer loop
      vertex -10.4569 11.8712 6
      vertex -10.454 11.868 0
      vertex -10.454 11.868 6
    endloop
  endfacet
  facet normal -0.809518 -0.587095 0
    outer loop
      vertex -10.4569 11.8712 0
      vertex -10.5023 11.9338 6
      vertex -10.5023 11.9338 0
    endloop
  endfacet
  facet normal -0.809518 -0.587095 0
    outer loop
      vertex -10.5023 11.9338 6
      vertex -10.4569 11.8712 0
      vertex -10.4569 11.8712 6
    endloop
  endfacet
  facet normal -0.838891 -0.5443 0
    outer loop
      vertex -10.5023 11.9338 0
      vertex -10.569 12.0366 6
      vertex -10.569 12.0366 0
    endloop
  endfacet
  facet normal -0.838891 -0.5443 0
    outer loop
      vertex -10.569 12.0366 6
      vertex -10.5023 11.9338 0
      vertex -10.5023 11.9338 6
    endloop
  endfacet
  facet normal -0.866662 -0.498897 0
    outer loop
      vertex -10.569 12.0366 0
      vertex -10.6527 12.182 6
      vertex -10.6527 12.182 0
    endloop
  endfacet
  facet normal -0.866662 -0.498897 0
    outer loop
      vertex -10.6527 12.182 6
      vertex -10.569 12.0366 0
      vertex -10.569 12.0366 6
    endloop
  endfacet
  facet normal -0.892066 -0.451905 0
    outer loop
      vertex -10.6527 12.182 0
      vertex -10.7489 12.3719 6
      vertex -10.7489 12.3719 0
    endloop
  endfacet
  facet normal -0.892066 -0.451905 0
    outer loop
      vertex -10.7489 12.3719 6
      vertex -10.6527 12.182 0
      vertex -10.6527 12.182 6
    endloop
  endfacet
  facet normal -0.914657 -0.404232 0
    outer loop
      vertex -10.7489 12.3719 0
      vertex -10.8532 12.6079 6
      vertex -10.8532 12.6079 0
    endloop
  endfacet
  facet normal -0.914657 -0.404232 0
    outer loop
      vertex -10.8532 12.6079 6
      vertex -10.7489 12.3719 0
      vertex -10.7489 12.3719 6
    endloop
  endfacet
  facet normal -0.935077 -0.354445 0
    outer loop
      vertex -10.8532 12.6079 0
      vertex -10.9607 12.8915 6
      vertex -10.9607 12.8915 0
    endloop
  endfacet
  facet normal -0.935077 -0.354445 0
    outer loop
      vertex -10.9607 12.8915 6
      vertex -10.8532 12.6079 0
      vertex -10.8532 12.6079 6
    endloop
  endfacet
  facet normal -0.952597 -0.304234 0
    outer loop
      vertex -10.9607 12.8915 0
      vertex -11.0667 13.2234 6
      vertex -11.0667 13.2234 0
    endloop
  endfacet
  facet normal -0.952597 -0.304234 0
    outer loop
      vertex -11.0667 13.2234 6
      vertex -10.9607 12.8915 0
      vertex -10.9607 12.8915 6
    endloop
  endfacet
  facet normal -0.967517 -0.252805 0
    outer loop
      vertex -11.0667 13.2234 0
      vertex -11.1662 13.6042 6
      vertex -11.1662 13.6042 0
    endloop
  endfacet
  facet normal -0.967517 -0.252805 0
    outer loop
      vertex -11.1662 13.6042 6
      vertex -11.0667 13.2234 0
      vertex -11.0667 13.2234 6
    endloop
  endfacet
  facet normal -0.623539 0.781792 0
    outer loop
      vertex -10.7784 13.9135 0
      vertex -11.1662 13.6042 6
      vertex -10.7784 13.9135 6
    endloop
  endfacet
  facet normal -0.623539 0.781792 0
    outer loop
      vertex -11.1662 13.6042 6
      vertex -10.7784 13.9135 0
      vertex -11.1662 13.6042 0
    endloop
  endfacet
  facet normal 0.461889 0.886938 -0
    outer loop
      vertex -10.4293 13.7317 0
      vertex -10.7784 13.9135 6
      vertex -10.4293 13.7317 6
    endloop
  endfacet
  facet normal 0.461889 0.886938 0
    outer loop
      vertex -10.7784 13.9135 6
      vertex -10.4293 13.7317 0
      vertex -10.7784 13.9135 0
    endloop
  endfacet
  facet normal 0.508575 0.861018 -0
    outer loop
      vertex -10.1293 13.5545 0
      vertex -10.4293 13.7317 6
      vertex -10.1293 13.5545 6
    endloop
  endfacet
  facet normal 0.508575 0.861018 0
    outer loop
      vertex -10.4293 13.7317 6
      vertex -10.1293 13.5545 0
      vertex -10.4293 13.7317 0
    endloop
  endfacet
  facet normal 0.553634 0.83276 -0
    outer loop
      vertex -9.87675 13.3866 0
      vertex -10.1293 13.5545 6
      vertex -9.87675 13.3866 6
    endloop
  endfacet
  facet normal 0.553634 0.83276 0
    outer loop
      vertex -10.1293 13.5545 6
      vertex -9.87675 13.3866 0
      vertex -10.1293 13.5545 0
    endloop
  endfacet
  facet normal 0.597486 0.801879 -0
    outer loop
      vertex -9.6698 13.2324 0
      vertex -9.87675 13.3866 6
      vertex -9.6698 13.2324 6
    endloop
  endfacet
  facet normal 0.597486 0.801879 0
    outer loop
      vertex -9.87675 13.3866 6
      vertex -9.6698 13.2324 0
      vertex -9.87675 13.3866 0
    endloop
  endfacet
  facet normal 0.639283 0.768972 -0
    outer loop
      vertex -9.50609 13.0963 0
      vertex -9.6698 13.2324 6
      vertex -9.50609 13.0963 6
    endloop
  endfacet
  facet normal 0.639283 0.768972 0
    outer loop
      vertex -9.6698 13.2324 6
      vertex -9.50609 13.0963 0
      vertex -9.6698 13.2324 0
    endloop
  endfacet
  facet normal 0.679206 0.733948 -0
    outer loop
      vertex -9.38301 12.9824 0
      vertex -9.50609 13.0963 6
      vertex -9.38301 12.9824 6
    endloop
  endfacet
  facet normal 0.679206 0.733948 0
    outer loop
      vertex -9.50609 13.0963 6
      vertex -9.38301 12.9824 0
      vertex -9.50609 13.0963 0
    endloop
  endfacet
  facet normal 0.717355 0.696708 0
    outer loop
      vertex -9.29764 12.8945 6
      vertex -9.38301 12.9824 0
      vertex -9.38301 12.9824 6
    endloop
  endfacet
  facet normal 0.717355 0.696708 0
    outer loop
      vertex -9.38301 12.9824 0
      vertex -9.29764 12.8945 6
      vertex -9.29764 12.8945 0
    endloop
  endfacet
  facet normal 0.752609 0.658468 0
    outer loop
      vertex -9.24672 12.8363 6
      vertex -9.29764 12.8945 0
      vertex -9.29764 12.8945 6
    endloop
  endfacet
  facet normal 0.752609 0.658468 0
    outer loop
      vertex -9.29764 12.8945 0
      vertex -9.24672 12.8363 6
      vertex -9.24672 12.8363 0
    endloop
  endfacet
  facet normal 0.811129 0.584867 0
    outer loop
      vertex -9.24261 12.8306 6
      vertex -9.24672 12.8363 0
      vertex -9.24672 12.8363 6
    endloop
  endfacet
  facet normal 0.811129 0.584867 0
    outer loop
      vertex -9.24672 12.8363 0
      vertex -9.24261 12.8306 6
      vertex -9.24261 12.8306 0
    endloop
  endfacet
  facet normal -0.566009 0.824399 0
    outer loop
      vertex -8.56839 13.2935 0
      vertex -9.24261 12.8306 6
      vertex -8.56839 13.2935 6
    endloop
  endfacet
  facet normal -0.566009 0.824399 0
    outer loop
      vertex -9.24261 12.8306 6
      vertex -8.56839 13.2935 0
      vertex -9.24261 12.8306 0
    endloop
  endfacet
  facet normal -0.837379 -0.546623 0
    outer loop
      vertex -8.56839 13.2935 0
      vertex -8.57074 13.2971 6
      vertex -8.57074 13.2971 0
    endloop
  endfacet
  facet normal -0.837379 -0.546623 0
    outer loop
      vertex -8.57074 13.2971 6
      vertex -8.56839 13.2935 0
      vertex -8.56839 13.2935 6
    endloop
  endfacet
  facet normal -0.887819 -0.460193 0
    outer loop
      vertex -8.57074 13.2971 0
      vertex -8.60635 13.3658 6
      vertex -8.60635 13.3658 0
    endloop
  endfacet
  facet normal -0.887819 -0.460193 0
    outer loop
      vertex -8.60635 13.3658 6
      vertex -8.57074 13.2971 0
      vertex -8.57074 13.2971 6
    endloop
  endfacet
  facet normal -0.910665 -0.413145 0
    outer loop
      vertex -8.60635 13.3658 0
      vertex -8.65698 13.4774 6
      vertex -8.65698 13.4774 0
    endloop
  endfacet
  facet normal -0.910665 -0.413145 0
    outer loop
      vertex -8.65698 13.4774 6
      vertex -8.60635 13.3658 0
      vertex -8.60635 13.3658 6
    endloop
  endfacet
  facet normal -0.931287 -0.364287 0
    outer loop
      vertex -8.65698 13.4774 0
      vertex -8.71808 13.6336 6
      vertex -8.71808 13.6336 0
    endloop
  endfacet
  facet normal -0.931287 -0.364287 0
    outer loop
      vertex -8.71808 13.6336 6
      vertex -8.65698 13.4774 0
      vertex -8.65698 13.4774 6
    endloop
  endfacet
  facet normal -0.949367 -0.31417 0
    outer loop
      vertex -8.71808 13.6336 0
      vertex -8.78496 13.8357 6
      vertex -8.78496 13.8357 0
    endloop
  endfacet
  facet normal -0.949367 -0.31417 0
    outer loop
      vertex -8.78496 13.8357 6
      vertex -8.71808 13.6336 0
      vertex -8.71808 13.6336 6
    endloop
  endfacet
  facet normal -0.964773 -0.263085 0
    outer loop
      vertex -8.78496 13.8357 0
      vertex -8.85286 14.0847 6
      vertex -8.85286 14.0847 0
    endloop
  endfacet
  facet normal -0.964773 -0.263085 0
    outer loop
      vertex -8.85286 14.0847 6
      vertex -8.78496 13.8357 0
      vertex -8.78496 13.8357 6
    endloop
  endfacet
  facet normal -0.977425 -0.211281 0
    outer loop
      vertex -8.85286 14.0847 0
      vertex -8.91693 14.3811 6
      vertex -8.91693 14.3811 0
    endloop
  endfacet
  facet normal -0.977425 -0.211281 0
    outer loop
      vertex -8.91693 14.3811 6
      vertex -8.85286 14.0847 0
      vertex -8.85286 14.0847 6
    endloop
  endfacet
  facet normal -0.987319 -0.158746 0
    outer loop
      vertex -8.91693 14.3811 0
      vertex -8.97224 14.7251 6
      vertex -8.97224 14.7251 0
    endloop
  endfacet
  facet normal -0.987319 -0.158746 0
    outer loop
      vertex -8.97224 14.7251 6
      vertex -8.91693 14.3811 0
      vertex -8.91693 14.3811 6
    endloop
  endfacet
  facet normal -0.994383 -0.105841 0
    outer loop
      vertex -8.97224 14.7251 0
      vertex -9.0139 15.1165 6
      vertex -9.0139 15.1165 0
    endloop
  endfacet
  facet normal -0.994383 -0.105841 0
    outer loop
      vertex -9.0139 15.1165 6
      vertex -8.97224 14.7251 0
      vertex -8.97224 14.7251 6
    endloop
  endfacet
  facet normal -0.49999 0.866031 0
    outer loop
      vertex -8.58434 15.3645 0
      vertex -9.0139 15.1165 6
      vertex -8.58434 15.3645 6
    endloop
  endfacet
  facet normal -0.49999 0.866031 0
    outer loop
      vertex -9.0139 15.1165 6
      vertex -8.58434 15.3645 0
      vertex -9.0139 15.1165 0
    endloop
  endfacet
  facet normal 0.5887 0.808351 -0
    outer loop
      vertex -8.26619 15.1328 0
      vertex -8.58434 15.3645 6
      vertex -8.26619 15.1328 6
    endloop
  endfacet
  facet normal 0.5887 0.808351 0
    outer loop
      vertex -8.58434 15.3645 6
      vertex -8.26619 15.1328 0
      vertex -8.58434 15.3645 0
    endloop
  endfacet
  facet normal 0.631308 0.775533 -0
    outer loop
      vertex -7.99593 14.9128 0
      vertex -8.26619 15.1328 6
      vertex -7.99593 14.9128 6
    endloop
  endfacet
  facet normal 0.631308 0.775533 0
    outer loop
      vertex -8.26619 15.1328 6
      vertex -7.99593 14.9128 0
      vertex -8.26619 15.1328 0
    endloop
  endfacet
  facet normal 0.671523 0.740984 -0
    outer loop
      vertex -7.77127 14.7092 0
      vertex -7.99593 14.9128 6
      vertex -7.77127 14.7092 6
    endloop
  endfacet
  facet normal 0.671523 0.740984 0
    outer loop
      vertex -7.99593 14.9128 6
      vertex -7.77127 14.7092 0
      vertex -7.99593 14.9128 0
    endloop
  endfacet
  facet normal 0.710258 0.703942 0
    outer loop
      vertex -7.5896 14.5259 6
      vertex -7.77127 14.7092 0
      vertex -7.77127 14.7092 6
    endloop
  endfacet
  facet normal 0.710258 0.703942 0
    outer loop
      vertex -7.77127 14.7092 0
      vertex -7.5896 14.5259 6
      vertex -7.5896 14.5259 0
    endloop
  endfacet
  facet normal 0.746787 0.665063 0
    outer loop
      vertex -7.448 14.3669 6
      vertex -7.5896 14.5259 0
      vertex -7.5896 14.5259 6
    endloop
  endfacet
  facet normal 0.746787 0.665063 0
    outer loop
      vertex -7.5896 14.5259 0
      vertex -7.448 14.3669 6
      vertex -7.448 14.3669 0
    endloop
  endfacet
  facet normal 0.781101 0.624404 0
    outer loop
      vertex -7.34328 14.2359 6
      vertex -7.448 14.3669 0
      vertex -7.448 14.3669 6
    endloop
  endfacet
  facet normal 0.781101 0.624404 0
    outer loop
      vertex -7.448 14.3669 0
      vertex -7.34328 14.2359 6
      vertex -7.34328 14.2359 0
    endloop
  endfacet
  facet normal 0.813325 0.581809 0
    outer loop
      vertex -7.27196 14.1362 6
      vertex -7.34328 14.2359 0
      vertex -7.34328 14.2359 6
    endloop
  endfacet
  facet normal 0.813325 0.581809 0
    outer loop
      vertex -7.34328 14.2359 0
      vertex -7.27196 14.1362 6
      vertex -7.27196 14.1362 0
    endloop
  endfacet
  facet normal 0.842295 0.539017 0
    outer loop
      vertex -7.2303 14.0711 6
      vertex -7.27196 14.1362 0
      vertex -7.27196 14.1362 6
    endloop
  endfacet
  facet normal 0.842295 0.539017 0
    outer loop
      vertex -7.27196 14.1362 0
      vertex -7.2303 14.0711 6
      vertex -7.2303 14.0711 0
    endloop
  endfacet
  facet normal 0.890435 0.455111 0
    outer loop
      vertex -7.22708 14.0648 6
      vertex -7.2303 14.0711 0
      vertex -7.2303 14.0711 6
    endloop
  endfacet
  facet normal 0.890435 0.455111 0
    outer loop
      vertex -7.2303 14.0711 0
      vertex -7.22708 14.0648 6
      vertex -7.22708 14.0648 0
    endloop
  endfacet
  facet normal -0.436869 0.899525 0
    outer loop
      vertex -6.49139 14.4221 0
      vertex -7.22708 14.0648 6
      vertex -6.49139 14.4221 6
    endloop
  endfacet
  facet normal -0.436869 0.899525 0
    outer loop
      vertex -7.22708 14.0648 6
      vertex -6.49139 14.4221 0
      vertex -7.22708 14.0648 0
    endloop
  endfacet
  facet normal -0.908844 -0.417136 0
    outer loop
      vertex -6.49139 14.4221 0
      vertex -6.49318 14.426 6
      vertex -6.49318 14.426 0
    endloop
  endfacet
  facet normal -0.908844 -0.417136 0
    outer loop
      vertex -6.49318 14.426 6
      vertex -6.49139 14.4221 0
      vertex -6.49139 14.4221 6
    endloop
  endfacet
  facet normal -0.946544 -0.322574 0
    outer loop
      vertex -6.49318 14.426 0
      vertex -6.51816 14.4993 6
      vertex -6.51816 14.4993 0
    endloop
  endfacet
  facet normal -0.946544 -0.322574 0
    outer loop
      vertex -6.51816 14.4993 6
      vertex -6.49318 14.426 0
      vertex -6.49318 14.426 6
    endloop
  endfacet
  facet normal -0.962012 -0.273006 0
    outer loop
      vertex -6.51816 14.4993 0
      vertex -6.55159 14.6171 6
      vertex -6.55159 14.6171 0
    endloop
  endfacet
  facet normal -0.962012 -0.273006 0
    outer loop
      vertex -6.55159 14.6171 6
      vertex -6.51816 14.4993 0
      vertex -6.51816 14.4993 6
    endloop
  endfacet
  facet normal -0.975212 -0.221271 0
    outer loop
      vertex -6.55159 14.6171 0
      vertex -6.58871 14.7807 6
      vertex -6.58871 14.7807 0
    endloop
  endfacet
  facet normal -0.975212 -0.221271 0
    outer loop
      vertex -6.58871 14.7807 6
      vertex -6.55159 14.6171 0
      vertex -6.55159 14.6171 6
    endloop
  endfacet
  facet normal -0.98558 -0.169212 0
    outer loop
      vertex -6.58871 14.7807 0
      vertex -6.62473 14.9905 6
      vertex -6.62473 14.9905 0
    endloop
  endfacet
  facet normal -0.98558 -0.169212 0
    outer loop
      vertex -6.62473 14.9905 6
      vertex -6.58871 14.7807 0
      vertex -6.58871 14.7807 6
    endloop
  endfacet
  facet normal -0.99321 -0.116333 0
    outer loop
      vertex -6.62473 14.9905 0
      vertex -6.65475 15.2468 6
      vertex -6.65475 15.2468 0
    endloop
  endfacet
  facet normal -0.99321 -0.116333 0
    outer loop
      vertex -6.65475 15.2468 6
      vertex -6.62473 14.9905 0
      vertex -6.62473 14.9905 6
    endloop
  endfacet
  facet normal -0.997999 -0.0632362 0
    outer loop
      vertex -6.65475 15.2468 0
      vertex -6.67393 15.5495 6
      vertex -6.67393 15.5495 0
    endloop
  endfacet
  facet normal -0.997999 -0.0632362 0
    outer loop
      vertex -6.67393 15.5495 6
      vertex -6.65475 15.2468 0
      vertex -6.65475 15.2468 6
    endloop
  endfacet
  facet normal -0.999951 -0.00987323 0
    outer loop
      vertex -6.67393 15.5495 0
      vertex -6.67737 15.8979 6
      vertex -6.67737 15.8979 0
    endloop
  endfacet
  facet normal -0.999951 -0.00987323 0
    outer loop
      vertex -6.67737 15.8979 6
      vertex -6.67393 15.5495 0
      vertex -6.67393 15.5495 6
    endloop
  endfacet
  facet normal -0.999051 0.0435497 0
    outer loop
      vertex -6.67737 15.8979 0
      vertex -6.66023 16.2911 6
      vertex -6.66023 16.2911 0
    endloop
  endfacet
  facet normal -0.999051 0.0435497 0
    outer loop
      vertex -6.66023 16.2911 6
      vertex -6.67737 15.8979 0
      vertex -6.67737 15.8979 6
    endloop
  endfacet
  facet normal -0.365481 0.930819 0
    outer loop
      vertex -6.19849 16.4724 0
      vertex -6.66023 16.2911 6
      vertex -6.19849 16.4724 6
    endloop
  endfacet
  facet normal -0.365481 0.930819 0
    outer loop
      vertex -6.66023 16.2911 6
      vertex -6.19849 16.4724 0
      vertex -6.66023 16.2911 0
    endloop
  endfacet
  facet normal 0.702839 0.711349 -0
    outer loop
      vertex -5.91844 16.1957 0
      vertex -6.19849 16.4724 6
      vertex -5.91844 16.1957 6
    endloop
  endfacet
  facet normal 0.702839 0.711349 0
    outer loop
      vertex -6.19849 16.4724 6
      vertex -5.91844 16.1957 0
      vertex -6.19849 16.4724 0
    endloop
  endfacet
  facet normal 0.739672 0.672967 0
    outer loop
      vertex -5.68398 15.938 6
      vertex -5.91844 16.1957 0
      vertex -5.91844 16.1957 6
    endloop
  endfacet
  facet normal 0.739672 0.672967 0
    outer loop
      vertex -5.91844 16.1957 0
      vertex -5.68398 15.938 6
      vertex -5.68398 15.938 0
    endloop
  endfacet
  facet normal 0.774605 0.632446 0
    outer loop
      vertex -5.49219 15.7031 6
      vertex -5.68398 15.938 0
      vertex -5.68398 15.938 6
    endloop
  endfacet
  facet normal 0.774605 0.632446 0
    outer loop
      vertex -5.68398 15.938 0
      vertex -5.49219 15.7031 6
      vertex -5.49219 15.7031 0
    endloop
  endfacet
  facet normal 0.807187 0.590296 0
    outer loop
      vertex -5.33986 15.4948 6
      vertex -5.49219 15.7031 0
      vertex -5.49219 15.7031 6
    endloop
  endfacet
  facet normal 0.807187 0.590296 0
    outer loop
      vertex -5.49219 15.7031 0
      vertex -5.33986 15.4948 6
      vertex -5.33986 15.4948 0
    endloop
  endfacet
  facet normal 0.83753 0.546391 0
    outer loop
      vertex -5.22354 15.3165 6
      vertex -5.33986 15.4948 0
      vertex -5.33986 15.4948 6
    endloop
  endfacet
  facet normal 0.83753 0.546391 0
    outer loop
      vertex -5.33986 15.4948 0
      vertex -5.22354 15.3165 6
      vertex -5.22354 15.3165 0
    endloop
  endfacet
  facet normal 0.865512 0.500888 0
    outer loop
      vertex -5.13951 15.1713 6
      vertex -5.22354 15.3165 0
      vertex -5.22354 15.3165 6
    endloop
  endfacet
  facet normal 0.865512 0.500888 0
    outer loop
      vertex -5.22354 15.3165 0
      vertex -5.13951 15.1713 6
      vertex -5.13951 15.1713 0
    endloop
  endfacet
  facet normal 0.890707 0.454579 0
    outer loop
      vertex -5.08383 15.0622 6
      vertex -5.13951 15.1713 0
      vertex -5.13951 15.1713 6
    endloop
  endfacet
  facet normal 0.890707 0.454579 0
    outer loop
      vertex -5.13951 15.1713 0
      vertex -5.08383 15.0622 6
      vertex -5.08383 15.0622 0
    endloop
  endfacet
  facet normal 0.913534 0.406762 0
    outer loop
      vertex -5.05235 14.9915 6
      vertex -5.08383 15.0622 0
      vertex -5.08383 15.0622 6
    endloop
  endfacet
  facet normal 0.913534 0.406762 0
    outer loop
      vertex -5.08383 15.0622 0
      vertex -5.05235 14.9915 6
      vertex -5.05235 14.9915 0
    endloop
  endfacet
  facet normal 0.946948 0.321388 0
    outer loop
      vertex -5.05011 14.9849 6
      vertex -5.05235 14.9915 0
      vertex -5.05235 14.9915 6
    endloop
  endfacet
  facet normal 0.946948 0.321388 0
    outer loop
      vertex -5.05235 14.9915 0
      vertex -5.05011 14.9849 6
      vertex -5.05011 14.9849 0
    endloop
  endfacet
  facet normal -0.297857 0.95461 0
    outer loop
      vertex -4.26939 15.2285 0
      vertex -5.05011 14.9849 6
      vertex -4.26939 15.2285 6
    endloop
  endfacet
  facet normal -0.297857 0.95461 0
    outer loop
      vertex -5.05011 14.9849 6
      vertex -4.26939 15.2285 0
      vertex -5.05011 14.9849 0
    endloop
  endfacet
  facet normal -0.962726 -0.27048 0
    outer loop
      vertex -4.26939 15.2285 0
      vertex -4.27057 15.2327 6
      vertex -4.27057 15.2327 0
    endloop
  endfacet
  facet normal -0.962726 -0.27048 0
    outer loop
      vertex -4.27057 15.2327 6
      vertex -4.26939 15.2285 0
      vertex -4.26939 15.2285 6
    endloop
  endfacet
  facet normal -0.983998 -0.17818 0
    outer loop
      vertex -4.27057 15.2327 0
      vertex -4.28435 15.3088 6
      vertex -4.28435 15.3088 0
    endloop
  endfacet
  facet normal -0.983998 -0.17818 0
    outer loop
      vertex -4.28435 15.3088 6
      vertex -4.27057 15.2327 0
      vertex -4.27057 15.2327 6
    endloop
  endfacet
  facet normal -0.991971 -0.126466 0
    outer loop
      vertex -4.28435 15.3088 0
      vertex -4.29984 15.4303 6
      vertex -4.29984 15.4303 0
    endloop
  endfacet
  facet normal -0.991971 -0.126466 0
    outer loop
      vertex -4.29984 15.4303 6
      vertex -4.28435 15.3088 0
      vertex -4.28435 15.3088 6
    endloop
  endfacet
  facet normal -0.997291 -0.0735599 0
    outer loop
      vertex -4.29984 15.4303 0
      vertex -4.31218 15.5976 6
      vertex -4.31218 15.5976 0
    endloop
  endfacet
  facet normal -0.997291 -0.0735599 0
    outer loop
      vertex -4.31218 15.5976 6
      vertex -4.29984 15.4303 0
      vertex -4.29984 15.4303 6
    endloop
  endfacet
  facet normal -0.999793 -0.020334 0
    outer loop
      vertex -4.31218 15.5976 0
      vertex -4.31651 15.8105 6
      vertex -4.31651 15.8105 0
    endloop
  endfacet
  facet normal -0.999793 -0.020334 0
    outer loop
      vertex -4.31651 15.8105 6
      vertex -4.31218 15.5976 0
      vertex -4.31218 15.5976 6
    endloop
  endfacet
  facet normal -0.999457 0.0329406 0
    outer loop
      vertex -4.31651 15.8105 0
      vertex -4.30801 16.0684 6
      vertex -4.30801 16.0684 0
    endloop
  endfacet
  facet normal -0.999457 0.0329406 0
    outer loop
      vertex -4.30801 16.0684 6
      vertex -4.31651 15.8105 0
      vertex -4.31651 15.8105 6
    endloop
  endfacet
  facet normal -0.996275 0.0862383 0
    outer loop
      vertex -4.30801 16.0684 0
      vertex -4.28186 16.3705 6
      vertex -4.28186 16.3705 0
    endloop
  endfacet
  facet normal -0.996275 0.0862383 0
    outer loop
      vertex -4.28186 16.3705 6
      vertex -4.30801 16.0684 0
      vertex -4.30801 16.0684 6
    endloop
  endfacet
  facet normal -0.990247 0.139323 0
    outer loop
      vertex -4.28186 16.3705 0
      vertex -4.23332 16.7155 6
      vertex -4.23332 16.7155 0
    endloop
  endfacet
  facet normal -0.990247 0.139323 0
    outer loop
      vertex -4.23332 16.7155 6
      vertex -4.28186 16.3705 0
      vertex -4.28186 16.3705 6
    endloop
  endfacet
  facet normal -0.981412 0.191913 0
    outer loop
      vertex -4.23332 16.7155 0
      vertex -4.15778 17.1018 6
      vertex -4.15778 17.1018 0
    endloop
  endfacet
  facet normal -0.981412 0.191913 0
    outer loop
      vertex -4.15778 17.1018 6
      vertex -4.23332 16.7155 0
      vertex -4.23332 16.7155 6
    endloop
  endfacet
  facet normal -0.222562 0.974919 0
    outer loop
      vertex -3.67418 17.2122 0
      vertex -4.15778 17.1018 6
      vertex -3.67418 17.2122 6
    endloop
  endfacet
  facet normal -0.222562 0.974919 0
    outer loop
      vertex -4.15778 17.1018 6
      vertex -3.67418 17.2122 0
      vertex -4.15778 17.1018 0
    endloop
  endfacet
  facet normal 0.800956 0.598723 0
    outer loop
      vertex -3.43849 16.8969 6
      vertex -3.67418 17.2122 0
      vertex -3.67418 17.2122 6
    endloop
  endfacet
  facet normal 0.800956 0.598723 0
    outer loop
      vertex -3.67418 17.2122 0
      vertex -3.43849 16.8969 6
      vertex -3.43849 16.8969 0
    endloop
  endfacet
  facet normal 0.831746 0.555157 0
    outer loop
      vertex -3.24506 16.6071 6
      vertex -3.43849 16.8969 0
      vertex -3.43849 16.8969 6
    endloop
  endfacet
  facet normal 0.831746 0.555157 0
    outer loop
      vertex -3.43849 16.8969 0
      vertex -3.24506 16.6071 6
      vertex -3.24506 16.6071 0
    endloop
  endfacet
  facet normal 0.860159 0.510027 0
    outer loop
      vertex -3.09042 16.3463 6
      vertex -3.24506 16.6071 0
      vertex -3.24506 16.6071 6
    endloop
  endfacet
  facet normal 0.860159 0.510027 0
    outer loop
      vertex -3.24506 16.6071 0
      vertex -3.09042 16.3463 6
      vertex -3.09042 16.3463 0
    endloop
  endfacet
  facet normal 0.886174 0.463352 0
    outer loop
      vertex -2.97084 16.1176 6
      vertex -3.09042 16.3463 0
      vertex -3.09042 16.3463 6
    endloop
  endfacet
  facet normal 0.886174 0.463352 0
    outer loop
      vertex -3.09042 16.3463 0
      vertex -2.97084 16.1176 6
      vertex -2.97084 16.1176 0
    endloop
  endfacet
  facet normal 0.909667 0.415338 0
    outer loop
      vertex -2.8824 15.9239 6
      vertex -2.97084 16.1176 0
      vertex -2.97084 16.1176 6
    endloop
  endfacet
  facet normal 0.909667 0.415338 0
    outer loop
      vertex -2.97084 16.1176 0
      vertex -2.8824 15.9239 6
      vertex -2.8824 15.9239 0
    endloop
  endfacet
  facet normal 0.930397 0.366553 0
    outer loop
      vertex -2.82094 15.7679 6
      vertex -2.8824 15.9239 0
      vertex -2.8824 15.9239 6
    endloop
  endfacet
  facet normal 0.930397 0.366553 0
    outer loop
      vertex -2.8824 15.9239 0
      vertex -2.82094 15.7679 6
      vertex -2.82094 15.7679 0
    endloop
  endfacet
  facet normal 0.948544 0.316644 0
    outer loop
      vertex -2.78215 15.6517 6
      vertex -2.82094 15.7679 0
      vertex -2.82094 15.7679 6
    endloop
  endfacet
  facet normal 0.948544 0.316644 0
    outer loop
      vertex -2.82094 15.7679 0
      vertex -2.78215 15.6517 6
      vertex -2.78215 15.6517 0
    endloop
  endfacet
  facet normal 0.963924 0.266177 0
    outer loop
      vertex -2.76155 15.5771 6
      vertex -2.78215 15.6517 0
      vertex -2.78215 15.6517 6
    endloop
  endfacet
  facet normal 0.963924 0.266177 0
    outer loop
      vertex -2.78215 15.6517 0
      vertex -2.76155 15.5771 6
      vertex -2.76155 15.5771 0
    endloop
  endfacet
  facet normal 0.984726 0.174111 0
    outer loop
      vertex -2.76033 15.5702 6
      vertex -2.76155 15.5771 0
      vertex -2.76155 15.5771 6
    endloop
  endfacet
  facet normal 0.984726 0.174111 0
    outer loop
      vertex -2.76155 15.5771 0
      vertex -2.76033 15.5702 6
      vertex -2.76033 15.5702 0
    endloop
  endfacet
  facet normal -0.152232 0.988345 0
    outer loop
      vertex -1.95203 15.6947 0
      vertex -2.76033 15.5702 6
      vertex -1.95203 15.6947 6
    endloop
  endfacet
  facet normal -0.152232 0.988345 0
    outer loop
      vertex -2.76033 15.5702 6
      vertex -1.95203 15.6947 0
      vertex -2.76033 15.5702 0
    endloop
  endfacet
  facet normal -0.992489 -0.12233 0
    outer loop
      vertex -1.95203 15.6947 0
      vertex -1.95256 15.699 6
      vertex -1.95256 15.699 0
    endloop
  endfacet
  facet normal -0.992489 -0.12233 0
    outer loop
      vertex -1.95256 15.699 6
      vertex -1.95203 15.6947 0
      vertex -1.95203 15.6947 6
    endloop
  endfacet
  facet normal -0.999563 -0.0295736 0
    outer loop
      vertex -1.95256 15.699 0
      vertex -1.95485 15.7764 6
      vertex -1.95485 15.7764 0
    endloop
  endfacet
  facet normal -0.999563 -0.0295736 0
    outer loop
      vertex -1.95485 15.7764 6
      vertex -1.95256 15.699 0
      vertex -1.95256 15.699 6
    endloop
  endfacet
  facet normal -0.999737 0.0229515 0
    outer loop
      vertex -1.95485 15.7764 0
      vertex -1.95204 15.8988 6
      vertex -1.95204 15.8988 0
    endloop
  endfacet
  facet normal -0.999737 0.0229515 0
    outer loop
      vertex -1.95204 15.8988 6
      vertex -1.95485 15.7764 0
      vertex -1.95485 15.7764 6
    endloop
  endfacet
  facet normal -0.997122 0.0758123 0
    outer loop
      vertex -1.95204 15.8988 0
      vertex -1.93932 16.0661 6
      vertex -1.93932 16.0661 0
    endloop
  endfacet
  facet normal -0.997122 0.0758123 0
    outer loop
      vertex -1.93932 16.0661 6
      vertex -1.95204 15.8988 0
      vertex -1.95204 15.8988 6
    endloop
  endfacet
  facet normal -0.991657 0.128901 0
    outer loop
      vertex -1.93932 16.0661 0
      vertex -1.91188 16.2772 6
      vertex -1.91188 16.2772 0
    endloop
  endfacet
  facet normal -0.991657 0.128901 0
    outer loop
      vertex -1.91188 16.2772 6
      vertex -1.93932 16.0661 0
      vertex -1.93932 16.0661 6
    endloop
  endfacet
  facet normal -0.983379 0.181565 0
    outer loop
      vertex -1.91188 16.2772 0
      vertex -1.86502 16.531 6
      vertex -1.86502 16.531 0
    endloop
  endfacet
  facet normal -0.983379 0.181565 0
    outer loop
      vertex -1.86502 16.531 6
      vertex -1.91188 16.2772 0
      vertex -1.91188 16.2772 6
    endloop
  endfacet
  facet normal -0.972291 0.233772 0
    outer loop
      vertex -1.86502 16.531 0
      vertex -1.79414 16.8258 6
      vertex -1.79414 16.8258 0
    endloop
  endfacet
  facet normal -0.972291 0.233772 0
    outer loop
      vertex -1.79414 16.8258 6
      vertex -1.86502 16.531 0
      vertex -1.86502 16.531 6
    endloop
  endfacet
  facet normal -0.95844 0.285294 0
    outer loop
      vertex -1.79414 16.8258 0
      vertex -1.69472 17.1598 6
      vertex -1.69472 17.1598 0
    endloop
  endfacet
  facet normal -0.95844 0.285294 0
    outer loop
      vertex -1.69472 17.1598 6
      vertex -1.79414 16.8258 0
      vertex -1.79414 16.8258 6
    endloop
  endfacet
  facet normal -0.941833 0.336082 0
    outer loop
      vertex -1.69472 17.1598 0
      vertex -1.56244 17.5305 6
      vertex -1.56244 17.5305 0
    endloop
  endfacet
  facet normal -0.941833 0.336082 0
    outer loop
      vertex -1.56244 17.5305 6
      vertex -1.69472 17.1598 0
      vertex -1.69472 17.1598 6
    endloop
  endfacet
  facet normal -0.0747925 0.997199 0
    outer loop
      vertex -1.06779 17.5676 0
      vertex -1.56244 17.5305 6
      vertex -1.06779 17.5676 6
    endloop
  endfacet
  facet normal -0.0747925 0.997199 0
    outer loop
      vertex -1.56244 17.5305 6
      vertex -1.06779 17.5676 0
      vertex -1.56244 17.5305 0
    endloop
  endfacet
  facet normal 0.881245 0.472659 0
    outer loop
      vertex -0.881729 17.2207 6
      vertex -1.06779 17.5676 0
      vertex -1.06779 17.5676 6
    endloop
  endfacet
  facet normal 0.881245 0.472659 0
    outer loop
      vertex -1.06779 17.5676 0
      vertex -0.881729 17.2207 6
      vertex -0.881729 17.2207 0
    endloop
  endfacet
  facet normal 0.905192 0.425004 0
    outer loop
      vertex -0.733643 16.9053 6
      vertex -0.881729 17.2207 0
      vertex -0.881729 17.2207 6
    endloop
  endfacet
  facet normal 0.905192 0.425004 0
    outer loop
      vertex -0.881729 17.2207 0
      vertex -0.733643 16.9053 6
      vertex -0.733643 16.9053 0
    endloop
  endfacet
  facet normal 0.926613 0.376017 0
    outer loop
      vertex -0.619614 16.6243 6
      vertex -0.733643 16.9053 0
      vertex -0.733643 16.9053 6
    endloop
  endfacet
  facet normal 0.926613 0.376017 0
    outer loop
      vertex -0.733643 16.9053 0
      vertex -0.619614 16.6243 6
      vertex -0.619614 16.6243 0
    endloop
  endfacet
  facet normal 0.945314 0.326162 0
    outer loop
      vertex -0.535461 16.3804 6
      vertex -0.619614 16.6243 0
      vertex -0.619614 16.6243 6
    endloop
  endfacet
  facet normal 0.945314 0.326162 0
    outer loop
      vertex -0.619614 16.6243 0
      vertex -0.535461 16.3804 6
      vertex -0.535461 16.3804 0
    endloop
  endfacet
  facet normal 0.961371 0.275256 0
    outer loop
      vertex -0.476852 16.1757 6
      vertex -0.535461 16.3804 0
      vertex -0.535461 16.3804 6
    endloop
  endfacet
  facet normal 0.961371 0.275256 0
    outer loop
      vertex -0.535461 16.3804 0
      vertex -0.476852 16.1757 6
      vertex -0.476852 16.1757 0
    endloop
  endfacet
  facet normal 0.974684 0.223587 0
    outer loop
      vertex -0.439346 16.0122 6
      vertex -0.476852 16.1757 0
      vertex -0.476852 16.1757 6
    endloop
  endfacet
  facet normal 0.974684 0.223587 0
    outer loop
      vertex -0.476852 16.1757 0
      vertex -0.439346 16.0122 6
      vertex -0.439346 16.0122 0
    endloop
  endfacet
  facet normal 0.985164 0.171616 0
    outer loop
      vertex -0.41832 15.8915 6
      vertex -0.439346 16.0122 0
      vertex -0.439346 16.0122 6
    endloop
  endfacet
  facet normal 0.985164 0.171616 0
    outer loop
      vertex -0.439346 16.0122 0
      vertex -0.41832 15.8915 6
      vertex -0.41832 15.8915 0
    endloop
  endfacet
  facet normal 0.992806 0.119731 0
    outer loop
      vertex -0.409058 15.8147 6
      vertex -0.41832 15.8915 0
      vertex -0.41832 15.8915 6
    endloop
  endfacet
  facet normal 0.992806 0.119731 0
    outer loop
      vertex -0.41832 15.8915 0
      vertex -0.409058 15.8147 6
      vertex -0.409058 15.8147 0
    endloop
  endfacet
  facet normal 0.999658 0.0261339 0
    outer loop
      vertex -0.408875 15.8077 6
      vertex -0.409058 15.8147 0
      vertex -0.409058 15.8147 6
    endloop
  endfacet
  facet normal 0.999658 0.0261339 0
    outer loop
      vertex -0.409058 15.8147 0
      vertex -0.408875 15.8077 6
      vertex -0.408875 15.8077 0
    endloop
  endfacet
  facet normal -0.00317914 0.999995 0
    outer loop
      vertex 0.408951 15.8103 0
      vertex -0.408875 15.8077 6
      vertex 0.408951 15.8103 6
    endloop
  endfacet
  facet normal -0.00317914 0.999995 0
    outer loop
      vertex -0.408875 15.8077 6
      vertex 0.408951 15.8103 0
      vertex -0.408875 15.8077 0
    endloop
  endfacet
  facet normal -0.999704 0.024311 0
    outer loop
      vertex 0.408951 15.8103 0
      vertex 0.409058 15.8147 6
      vertex 0.409058 15.8147 0
    endloop
  endfacet
  facet normal -0.999704 0.024311 0
    outer loop
      vertex 0.409058 15.8147 6
      vertex 0.408951 15.8103 0
      vertex 0.408951 15.8103 6
    endloop
  endfacet
  facet normal -0.992806 0.119731 0
    outer loop
      vertex 0.409058 15.8147 0
      vertex 0.41832 15.8915 6
      vertex 0.41832 15.8915 0
    endloop
  endfacet
  facet normal -0.992806 0.119731 0
    outer loop
      vertex 0.41832 15.8915 6
      vertex 0.409058 15.8147 0
      vertex 0.409058 15.8147 6
    endloop
  endfacet
  facet normal -0.985164 0.171616 0
    outer loop
      vertex 0.41832 15.8915 0
      vertex 0.439346 16.0122 6
      vertex 0.439346 16.0122 0
    endloop
  endfacet
  facet normal -0.985164 0.171616 0
    outer loop
      vertex 0.439346 16.0122 6
      vertex 0.41832 15.8915 0
      vertex 0.41832 15.8915 6
    endloop
  endfacet
  facet normal -0.974684 0.223587 0
    outer loop
      vertex 0.439346 16.0122 0
      vertex 0.476852 16.1757 6
      vertex 0.476852 16.1757 0
    endloop
  endfacet
  facet normal -0.974684 0.223587 0
    outer loop
      vertex 0.476852 16.1757 6
      vertex 0.439346 16.0122 0
      vertex 0.439346 16.0122 6
    endloop
  endfacet
  facet normal -0.961371 0.275256 0
    outer loop
      vertex 0.476852 16.1757 0
      vertex 0.535461 16.3804 6
      vertex 0.535461 16.3804 0
    endloop
  endfacet
  facet normal -0.961371 0.275256 0
    outer loop
      vertex 0.535461 16.3804 6
      vertex 0.476852 16.1757 0
      vertex 0.476852 16.1757 6
    endloop
  endfacet
  facet normal -0.945314 0.326162 0
    outer loop
      vertex 0.535461 16.3804 0
      vertex 0.619614 16.6243 6
      vertex 0.619614 16.6243 0
    endloop
  endfacet
  facet normal -0.945314 0.326162 0
    outer loop
      vertex 0.619614 16.6243 6
      vertex 0.535461 16.3804 0
      vertex 0.535461 16.3804 6
    endloop
  endfacet
  facet normal -0.926613 0.376017 0
    outer loop
      vertex 0.619614 16.6243 0
      vertex 0.733643 16.9053 6
      vertex 0.733643 16.9053 0
    endloop
  endfacet
  facet normal -0.926613 0.376017 0
    outer loop
      vertex 0.733643 16.9053 6
      vertex 0.619614 16.6243 0
      vertex 0.619614 16.6243 6
    endloop
  endfacet
  facet normal -0.905192 0.425004 0
    outer loop
      vertex 0.733643 16.9053 0
      vertex 0.881729 17.2207 6
      vertex 0.881729 17.2207 0
    endloop
  endfacet
  facet normal -0.905192 0.425004 0
    outer loop
      vertex 0.881729 17.2207 6
      vertex 0.733643 16.9053 0
      vertex 0.733643 16.9053 6
    endloop
  endfacet
  facet normal -0.881245 0.472659 0
    outer loop
      vertex 0.881729 17.2207 0
      vertex 1.06779 17.5676 6
      vertex 1.06779 17.5676 0
    endloop
  endfacet
  facet normal -0.881245 0.472659 0
    outer loop
      vertex 1.06779 17.5676 6
      vertex 0.881729 17.2207 0
      vertex 0.881729 17.2207 6
    endloop
  endfacet
  facet normal 0.0747925 0.997199 -0
    outer loop
      vertex 1.56244 17.5305 0
      vertex 1.06779 17.5676 6
      vertex 1.56244 17.5305 6
    endloop
  endfacet
  facet normal 0.0747925 0.997199 0
    outer loop
      vertex 1.06779 17.5676 6
      vertex 1.56244 17.5305 0
      vertex 1.06779 17.5676 0
    endloop
  endfacet
  facet normal 0.941833 0.336082 0
    outer loop
      vertex 1.69472 17.1598 6
      vertex 1.56244 17.5305 0
      vertex 1.56244 17.5305 6
    endloop
  endfacet
  facet normal 0.941833 0.336082 0
    outer loop
      vertex 1.56244 17.5305 0
      vertex 1.69472 17.1598 6
      vertex 1.69472 17.1598 0
    endloop
  endfacet
  facet normal 0.95844 0.285294 0
    outer loop
      vertex 1.79414 16.8258 6
      vertex 1.69472 17.1598 0
      vertex 1.69472 17.1598 6
    endloop
  endfacet
  facet normal 0.95844 0.285294 0
    outer loop
      vertex 1.69472 17.1598 0
      vertex 1.79414 16.8258 6
      vertex 1.79414 16.8258 0
    endloop
  endfacet
  facet normal 0.972291 0.233772 0
    outer loop
      vertex 1.86502 16.531 6
      vertex 1.79414 16.8258 0
      vertex 1.79414 16.8258 6
    endloop
  endfacet
  facet normal 0.972291 0.233772 0
    outer loop
      vertex 1.79414 16.8258 0
      vertex 1.86502 16.531 6
      vertex 1.86502 16.531 0
    endloop
  endfacet
  facet normal 0.983379 0.181565 0
    outer loop
      vertex 1.91188 16.2772 6
      vertex 1.86502 16.531 0
      vertex 1.86502 16.531 6
    endloop
  endfacet
  facet normal 0.983379 0.181565 0
    outer loop
      vertex 1.86502 16.531 0
      vertex 1.91188 16.2772 6
      vertex 1.91188 16.2772 0
    endloop
  endfacet
  facet normal 0.991657 0.128901 0
    outer loop
      vertex 1.93932 16.0661 6
      vertex 1.91188 16.2772 0
      vertex 1.91188 16.2772 6
    endloop
  endfacet
  facet normal 0.991657 0.128901 0
    outer loop
      vertex 1.91188 16.2772 0
      vertex 1.93932 16.0661 6
      vertex 1.93932 16.0661 0
    endloop
  endfacet
  facet normal 0.997122 0.0758123 0
    outer loop
      vertex 1.95204 15.8988 6
      vertex 1.93932 16.0661 0
      vertex 1.93932 16.0661 6
    endloop
  endfacet
  facet normal 0.997122 0.0758123 0
    outer loop
      vertex 1.93932 16.0661 0
      vertex 1.95204 15.8988 6
      vertex 1.95204 15.8988 0
    endloop
  endfacet
  facet normal 0.999737 0.0229515 0
    outer loop
      vertex 1.95485 15.7764 6
      vertex 1.95204 15.8988 0
      vertex 1.95204 15.8988 6
    endloop
  endfacet
  facet normal 0.999737 0.0229515 0
    outer loop
      vertex 1.95204 15.8988 0
      vertex 1.95485 15.7764 6
      vertex 1.95485 15.7764 0
    endloop
  endfacet
  facet normal 0.999563 -0.0295736 0
    outer loop
      vertex 1.95256 15.699 6
      vertex 1.95485 15.7764 0
      vertex 1.95485 15.7764 6
    endloop
  endfacet
  facet normal 0.999563 -0.0295736 0
    outer loop
      vertex 1.95485 15.7764 0
      vertex 1.95256 15.699 6
      vertex 1.95256 15.699 0
    endloop
  endfacet
  facet normal 0.992365 -0.123337 0
    outer loop
      vertex 1.95169 15.692 6
      vertex 1.95256 15.699 0
      vertex 1.95256 15.699 6
    endloop
  endfacet
  facet normal 0.992365 -0.123337 0
    outer loop
      vertex 1.95256 15.699 0
      vertex 1.95169 15.692 6
      vertex 1.95169 15.692 0
    endloop
  endfacet
  facet normal 0.145751 0.989321 -0
    outer loop
      vertex 2.76079 15.5728 0
      vertex 1.95169 15.692 6
      vertex 2.76079 15.5728 6
    endloop
  endfacet
  facet normal 0.145751 0.989321 0
    outer loop
      vertex 1.95169 15.692 6
      vertex 2.76079 15.5728 0
      vertex 1.95169 15.692 0
    endloop
  endfacet
  facet normal -0.984737 0.174047 0
    outer loop
      vertex 2.76079 15.5728 0
      vertex 2.76155 15.5771 6
      vertex 2.76155 15.5771 0
    endloop
  endfacet
  facet normal -0.984737 0.174047 0
    outer loop
      vertex 2.76155 15.5771 6
      vertex 2.76079 15.5728 0
      vertex 2.76079 15.5728 6
    endloop
  endfacet
  facet normal -0.963924 0.266177 0
    outer loop
      vertex 2.76155 15.5771 0
      vertex 2.78215 15.6517 6
      vertex 2.78215 15.6517 0
    endloop
  endfacet
  facet normal -0.963924 0.266177 0
    outer loop
      vertex 2.78215 15.6517 6
      vertex 2.76155 15.5771 0
      vertex 2.76155 15.5771 6
    endloop
  endfacet
  facet normal -0.948544 0.316644 0
    outer loop
      vertex 2.78215 15.6517 0
      vertex 2.82094 15.7679 6
      vertex 2.82094 15.7679 0
    endloop
  endfacet
  facet normal -0.948544 0.316644 0
    outer loop
      vertex 2.82094 15.7679 6
      vertex 2.78215 15.6517 0
      vertex 2.78215 15.6517 6
    endloop
  endfacet
  facet normal -0.930397 0.366553 0
    outer loop
      vertex 2.82094 15.7679 0
      vertex 2.8824 15.9239 6
      vertex 2.8824 15.9239 0
    endloop
  endfacet
  facet normal -0.930397 0.366553 0
    outer loop
      vertex 2.8824 15.9239 6
      vertex 2.82094 15.7679 0
      vertex 2.82094 15.7679 6
    endloop
  endfacet
  facet normal -0.909667 0.415338 0
    outer loop
      vertex 2.8824 15.9239 0
      vertex 2.97084 16.1176 6
      vertex 2.97084 16.1176 0
    endloop
  endfacet
  facet normal -0.909667 0.415338 0
    outer loop
      vertex 2.97084 16.1176 6
      vertex 2.8824 15.9239 0
      vertex 2.8824 15.9239 6
    endloop
  endfacet
  facet normal -0.886174 0.463352 0
    outer loop
      vertex 2.97084 16.1176 0
      vertex 3.09042 16.3463 6
      vertex 3.09042 16.3463 0
    endloop
  endfacet
  facet normal -0.886174 0.463352 0
    outer loop
      vertex 3.09042 16.3463 6
      vertex 2.97084 16.1176 0
      vertex 2.97084 16.1176 6
    endloop
  endfacet
  facet normal -0.860159 0.510027 0
    outer loop
      vertex 3.09042 16.3463 0
      vertex 3.24506 16.6071 6
      vertex 3.24506 16.6071 0
    endloop
  endfacet
  facet normal -0.860159 0.510027 0
    outer loop
      vertex 3.24506 16.6071 6
      vertex 3.09042 16.3463 0
      vertex 3.09042 16.3463 6
    endloop
  endfacet
  facet normal -0.831746 0.555157 0
    outer loop
      vertex 3.24506 16.6071 0
      vertex 3.43849 16.8969 6
      vertex 3.43849 16.8969 0
    endloop
  endfacet
  facet normal -0.831746 0.555157 0
    outer loop
      vertex 3.43849 16.8969 6
      vertex 3.24506 16.6071 0
      vertex 3.24506 16.6071 6
    endloop
  endfacet
  facet normal -0.800956 0.598723 0
    outer loop
      vertex 3.43849 16.8969 0
      vertex 3.67418 17.2122 6
      vertex 3.67418 17.2122 0
    endloop
  endfacet
  facet normal -0.800956 0.598723 0
    outer loop
      vertex 3.67418 17.2122 6
      vertex 3.43849 16.8969 0
      vertex 3.43849 16.8969 6
    endloop
  endfacet
  facet normal 0.222562 0.974919 -0
    outer loop
      vertex 4.15778 17.1018 0
      vertex 3.67418 17.2122 6
      vertex 4.15778 17.1018 6
    endloop
  endfacet
  facet normal 0.222562 0.974919 0
    outer loop
      vertex 3.67418 17.2122 6
      vertex 4.15778 17.1018 0
      vertex 3.67418 17.2122 0
    endloop
  endfacet
  facet normal 0.981412 0.191913 0
    outer loop
      vertex 4.23332 16.7155 6
      vertex 4.15778 17.1018 0
      vertex 4.15778 17.1018 6
    endloop
  endfacet
  facet normal 0.981412 0.191913 0
    outer loop
      vertex 4.15778 17.1018 0
      vertex 4.23332 16.7155 6
      vertex 4.23332 16.7155 0
    endloop
  endfacet
  facet normal 0.990247 0.139323 0
    outer loop
      vertex 4.28186 16.3705 6
      vertex 4.23332 16.7155 0
      vertex 4.23332 16.7155 6
    endloop
  endfacet
  facet normal 0.990247 0.139323 0
    outer loop
      vertex 4.23332 16.7155 0
      vertex 4.28186 16.3705 6
      vertex 4.28186 16.3705 0
    endloop
  endfacet
  facet normal 0.996275 0.0862383 0
    outer loop
      vertex 4.30801 16.0684 6
      vertex 4.28186 16.3705 0
      vertex 4.28186 16.3705 6
    endloop
  endfacet
  facet normal 0.996275 0.0862383 0
    outer loop
      vertex 4.28186 16.3705 0
      vertex 4.30801 16.0684 6
      vertex 4.30801 16.0684 0
    endloop
  endfacet
  facet normal 0.999457 0.0329406 0
    outer loop
      vertex 4.31651 15.8105 6
      vertex 4.30801 16.0684 0
      vertex 4.30801 16.0684 6
    endloop
  endfacet
  facet normal 0.999457 0.0329406 0
    outer loop
      vertex 4.30801 16.0684 0
      vertex 4.31651 15.8105 6
      vertex 4.31651 15.8105 0
    endloop
  endfacet
  facet normal 0.999793 -0.020334 0
    outer loop
      vertex 4.31218 15.5976 6
      vertex 4.31651 15.8105 0
      vertex 4.31651 15.8105 6
    endloop
  endfacet
  facet normal 0.999793 -0.020334 0
    outer loop
      vertex 4.31651 15.8105 0
      vertex 4.31218 15.5976 6
      vertex 4.31218 15.5976 0
    endloop
  endfacet
  facet normal 0.997291 -0.0735599 0
    outer loop
      vertex 4.29984 15.4303 6
      vertex 4.31218 15.5976 0
      vertex 4.31218 15.5976 6
    endloop
  endfacet
  facet normal 0.997291 -0.0735599 0
    outer loop
      vertex 4.31218 15.5976 0
      vertex 4.29984 15.4303 6
      vertex 4.29984 15.4303 0
    endloop
  endfacet
  facet normal 0.991971 -0.126466 0
    outer loop
      vertex 4.28435 15.3088 6
      vertex 4.29984 15.4303 0
      vertex 4.29984 15.4303 6
    endloop
  endfacet
  facet normal 0.991971 -0.126466 0
    outer loop
      vertex 4.29984 15.4303 0
      vertex 4.28435 15.3088 6
      vertex 4.28435 15.3088 0
    endloop
  endfacet
  facet normal 0.983998 -0.17818 0
    outer loop
      vertex 4.27057 15.2327 6
      vertex 4.28435 15.3088 0
      vertex 4.28435 15.3088 6
    endloop
  endfacet
  facet normal 0.983998 -0.17818 0
    outer loop
      vertex 4.28435 15.3088 0
      vertex 4.27057 15.2327 6
      vertex 4.27057 15.2327 0
    endloop
  endfacet
  facet normal 0.963477 -0.26779 0
    outer loop
      vertex 4.26868 15.2259 6
      vertex 4.27057 15.2327 0
      vertex 4.27057 15.2327 6
    endloop
  endfacet
  facet normal 0.963477 -0.26779 0
    outer loop
      vertex 4.27057 15.2327 0
      vertex 4.26868 15.2259 6
      vertex 4.26868 15.2259 0
    endloop
  endfacet
  facet normal 0.291626 0.956532 -0
    outer loop
      vertex 5.05096 14.9874 0
      vertex 4.26868 15.2259 6
      vertex 5.05096 14.9874 6
    endloop
  endfacet
  facet normal 0.291626 0.956532 0
    outer loop
      vertex 4.26868 15.2259 6
      vertex 5.05096 14.9874 0
      vertex 4.26868 15.2259 0
    endloop
  endfacet
  facet normal -0.947054 0.321074 0
    outer loop
      vertex 5.05096 14.9874 0
      vertex 5.05235 14.9915 6
      vertex 5.05235 14.9915 0
    endloop
  endfacet
  facet normal -0.947054 0.321074 0
    outer loop
      vertex 5.05235 14.9915 6
      vertex 5.05096 14.9874 0
      vertex 5.05096 14.9874 6
    endloop
  endfacet
  facet normal -0.913534 0.406762 0
    outer loop
      vertex 5.05235 14.9915 0
      vertex 5.08383 15.0622 6
      vertex 5.08383 15.0622 0
    endloop
  endfacet
  facet normal -0.913534 0.406762 0
    outer loop
      vertex 5.08383 15.0622 6
      vertex 5.05235 14.9915 0
      vertex 5.05235 14.9915 6
    endloop
  endfacet
  facet normal -0.890707 0.454579 0
    outer loop
      vertex 5.08383 15.0622 0
      vertex 5.13951 15.1713 6
      vertex 5.13951 15.1713 0
    endloop
  endfacet
  facet normal -0.890707 0.454579 0
    outer loop
      vertex 5.13951 15.1713 6
      vertex 5.08383 15.0622 0
      vertex 5.08383 15.0622 6
    endloop
  endfacet
  facet normal -0.865512 0.500888 0
    outer loop
      vertex 5.13951 15.1713 0
      vertex 5.22354 15.3165 6
      vertex 5.22354 15.3165 0
    endloop
  endfacet
  facet normal -0.865512 0.500888 0
    outer loop
      vertex 5.22354 15.3165 6
      vertex 5.13951 15.1713 0
      vertex 5.13951 15.1713 6
    endloop
  endfacet
  facet normal -0.83753 0.546391 0
    outer loop
      vertex 5.22354 15.3165 0
      vertex 5.33986 15.4948 6
      vertex 5.33986 15.4948 0
    endloop
  endfacet
  facet normal -0.83753 0.546391 0
    outer loop
      vertex 5.33986 15.4948 6
      vertex 5.22354 15.3165 0
      vertex 5.22354 15.3165 6
    endloop
  endfacet
  facet normal -0.807187 0.590296 0
    outer loop
      vertex 5.33986 15.4948 0
      vertex 5.49219 15.7031 6
      vertex 5.49219 15.7031 0
    endloop
  endfacet
  facet normal -0.807187 0.590296 0
    outer loop
      vertex 5.49219 15.7031 6
      vertex 5.33986 15.4948 0
      vertex 5.33986 15.4948 6
    endloop
  endfacet
  facet normal -0.774605 0.632446 0
    outer loop
      vertex 5.49219 15.7031 0
      vertex 5.68398 15.938 6
      vertex 5.68398 15.938 0
    endloop
  endfacet
  facet normal -0.774605 0.632446 0
    outer loop
      vertex 5.68398 15.938 6
      vertex 5.49219 15.7031 0
      vertex 5.49219 15.7031 6
    endloop
  endfacet
  facet normal -0.739672 0.672967 0
    outer loop
      vertex 5.68398 15.938 0
      vertex 5.91844 16.1957 6
      vertex 5.91844 16.1957 0
    endloop
  endfacet
  facet normal -0.739672 0.672967 0
    outer loop
      vertex 5.91844 16.1957 6
      vertex 5.68398 15.938 0
      vertex 5.68398 15.938 6
    endloop
  endfacet
  facet normal -0.702839 0.711349 0
    outer loop
      vertex 6.19849 16.4724 0
      vertex 5.91844 16.1957 6
      vertex 6.19849 16.4724 6
    endloop
  endfacet
  facet normal -0.702839 0.711349 0
    outer loop
      vertex 5.91844 16.1957 6
      vertex 6.19849 16.4724 0
      vertex 5.91844 16.1957 0
    endloop
  endfacet
  facet normal 0.365481 0.930819 -0
    outer loop
      vertex 6.66023 16.2911 0
      vertex 6.19849 16.4724 6
      vertex 6.66023 16.2911 6
    endloop
  endfacet
  facet normal 0.365481 0.930819 0
    outer loop
      vertex 6.19849 16.4724 6
      vertex 6.66023 16.2911 0
      vertex 6.19849 16.4724 0
    endloop
  endfacet
  facet normal 0.999051 0.0435497 0
    outer loop
      vertex 6.67737 15.8979 6
      vertex 6.66023 16.2911 0
      vertex 6.66023 16.2911 6
    endloop
  endfacet
  facet normal 0.999051 0.0435497 0
    outer loop
      vertex 6.66023 16.2911 0
      vertex 6.67737 15.8979 6
      vertex 6.67737 15.8979 0
    endloop
  endfacet
  facet normal 0.999951 -0.00987323 0
    outer loop
      vertex 6.67393 15.5495 6
      vertex 6.67737 15.8979 0
      vertex 6.67737 15.8979 6
    endloop
  endfacet
  facet normal 0.999951 -0.00987323 0
    outer loop
      vertex 6.67737 15.8979 0
      vertex 6.67393 15.5495 6
      vertex 6.67393 15.5495 0
    endloop
  endfacet
  facet normal 0.997999 -0.0632362 0
    outer loop
      vertex 6.65475 15.2468 6
      vertex 6.67393 15.5495 0
      vertex 6.67393 15.5495 6
    endloop
  endfacet
  facet normal 0.997999 -0.0632362 0
    outer loop
      vertex 6.67393 15.5495 0
      vertex 6.65475 15.2468 6
      vertex 6.65475 15.2468 0
    endloop
  endfacet
  facet normal 0.99321 -0.116333 0
    outer loop
      vertex 6.62473 14.9905 6
      vertex 6.65475 15.2468 0
      vertex 6.65475 15.2468 6
    endloop
  endfacet
  facet normal 0.99321 -0.116333 0
    outer loop
      vertex 6.65475 15.2468 0
      vertex 6.62473 14.9905 6
      vertex 6.62473 14.9905 0
    endloop
  endfacet
  facet normal 0.98558 -0.169212 0
    outer loop
      vertex 6.58871 14.7807 6
      vertex 6.62473 14.9905 0
      vertex 6.62473 14.9905 6
    endloop
  endfacet
  facet normal 0.98558 -0.169212 0
    outer loop
      vertex 6.62473 14.9905 0
      vertex 6.58871 14.7807 6
      vertex 6.58871 14.7807 0
    endloop
  endfacet
  facet normal 0.975212 -0.221271 0
    outer loop
      vertex 6.55159 14.6171 6
      vertex 6.58871 14.7807 0
      vertex 6.58871 14.7807 6
    endloop
  endfacet
  facet normal 0.975212 -0.221271 0
    outer loop
      vertex 6.58871 14.7807 0
      vertex 6.55159 14.6171 6
      vertex 6.55159 14.6171 0
    endloop
  endfacet
  facet normal 0.962012 -0.273006 0
    outer loop
      vertex 6.51816 14.4993 6
      vertex 6.55159 14.6171 0
      vertex 6.55159 14.6171 6
    endloop
  endfacet
  facet normal 0.962012 -0.273006 0
    outer loop
      vertex 6.55159 14.6171 0
      vertex 6.51816 14.4993 6
      vertex 6.51816 14.4993 0
    endloop
  endfacet
  facet normal 0.946544 -0.322574 0
    outer loop
      vertex 6.49318 14.426 6
      vertex 6.51816 14.4993 0
      vertex 6.51816 14.4993 6
    endloop
  endfacet
  facet normal 0.946544 -0.322574 0
    outer loop
      vertex 6.51816 14.4993 0
      vertex 6.49318 14.426 6
      vertex 6.49318 14.426 0
    endloop
  endfacet
  facet normal 0.911922 -0.410365 0
    outer loop
      vertex 6.4903 14.4196 6
      vertex 6.49318 14.426 0
      vertex 6.49318 14.426 6
    endloop
  endfacet
  facet normal 0.911922 -0.410365 0
    outer loop
      vertex 6.49318 14.426 0
      vertex 6.4903 14.4196 6
      vertex 6.4903 14.4196 0
    endloop
  endfacet
  facet normal 0.430892 0.902403 -0
    outer loop
      vertex 7.22832 14.0672 0
      vertex 6.4903 14.4196 6
      vertex 7.22832 14.0672 6
    endloop
  endfacet
  facet normal 0.430892 0.902403 0
    outer loop
      vertex 6.4903 14.4196 6
      vertex 7.22832 14.0672 0
      vertex 6.4903 14.4196 0
    endloop
  endfacet
  facet normal -0.891667 0.452692 0
    outer loop
      vertex 7.22832 14.0672 0
      vertex 7.2303 14.0711 6
      vertex 7.2303 14.0711 0
    endloop
  endfacet
  facet normal -0.891667 0.452692 0
    outer loop
      vertex 7.2303 14.0711 6
      vertex 7.22832 14.0672 0
      vertex 7.22832 14.0672 6
    endloop
  endfacet
  facet normal -0.842295 0.539017 0
    outer loop
      vertex 7.2303 14.0711 0
      vertex 7.27196 14.1362 6
      vertex 7.27196 14.1362 0
    endloop
  endfacet
  facet normal -0.842295 0.539017 0
    outer loop
      vertex 7.27196 14.1362 6
      vertex 7.2303 14.0711 0
      vertex 7.2303 14.0711 6
    endloop
  endfacet
  facet normal -0.813325 0.581809 0
    outer loop
      vertex 7.27196 14.1362 0
      vertex 7.34328 14.2359 6
      vertex 7.34328 14.2359 0
    endloop
  endfacet
  facet normal -0.813325 0.581809 0
    outer loop
      vertex 7.34328 14.2359 6
      vertex 7.27196 14.1362 0
      vertex 7.27196 14.1362 6
    endloop
  endfacet
  facet normal -0.781101 0.624404 0
    outer loop
      vertex 7.34328 14.2359 0
      vertex 7.448 14.3669 6
      vertex 7.448 14.3669 0
    endloop
  endfacet
  facet normal -0.781101 0.624404 0
    outer loop
      vertex 7.448 14.3669 6
      vertex 7.34328 14.2359 0
      vertex 7.34328 14.2359 6
    endloop
  endfacet
  facet normal -0.746787 0.665063 0
    outer loop
      vertex 7.448 14.3669 0
      vertex 7.5896 14.5259 6
      vertex 7.5896 14.5259 0
    endloop
  endfacet
  facet normal -0.746787 0.665063 0
    outer loop
      vertex 7.5896 14.5259 6
      vertex 7.448 14.3669 0
      vertex 7.448 14.3669 6
    endloop
  endfacet
  facet normal -0.710258 0.703942 0
    outer loop
      vertex 7.5896 14.5259 0
      vertex 7.77127 14.7092 6
      vertex 7.77127 14.7092 0
    endloop
  endfacet
  facet normal -0.710258 0.703942 0
    outer loop
      vertex 7.77127 14.7092 6
      vertex 7.5896 14.5259 0
      vertex 7.5896 14.5259 6
    endloop
  endfacet
  facet normal -0.671523 0.740984 0
    outer loop
      vertex 7.99593 14.9128 0
      vertex 7.77127 14.7092 6
      vertex 7.99593 14.9128 6
    endloop
  endfacet
  facet normal -0.671523 0.740984 0
    outer loop
      vertex 7.77127 14.7092 6
      vertex 7.99593 14.9128 0
      vertex 7.77127 14.7092 0
    endloop
  endfacet
  facet normal -0.631308 0.775533 0
    outer loop
      vertex 8.26619 15.1328 0
      vertex 7.99593 14.9128 6
      vertex 8.26619 15.1328 6
    endloop
  endfacet
  facet normal -0.631308 0.775533 0
    outer loop
      vertex 7.99593 14.9128 6
      vertex 8.26619 15.1328 0
      vertex 7.99593 14.9128 0
    endloop
  endfacet
  facet normal -0.5887 0.808351 0
    outer loop
      vertex 8.58434 15.3645 0
      vertex 8.26619 15.1328 6
      vertex 8.58434 15.3645 6
    endloop
  endfacet
  facet normal -0.5887 0.808351 0
    outer loop
      vertex 8.26619 15.1328 6
      vertex 8.58434 15.3645 0
      vertex 8.26619 15.1328 0
    endloop
  endfacet
  facet normal 0.49999 0.866031 -0
    outer loop
      vertex 9.0139 15.1165 0
      vertex 8.58434 15.3645 6
      vertex 9.0139 15.1165 6
    endloop
  endfacet
  facet normal 0.49999 0.866031 0
    outer loop
      vertex 8.58434 15.3645 6
      vertex 9.0139 15.1165 0
      vertex 8.58434 15.3645 0
    endloop
  endfacet
  facet normal 0.994383 -0.105841 0
    outer loop
      vertex 8.97224 14.7251 6
      vertex 9.0139 15.1165 0
      vertex 9.0139 15.1165 6
    endloop
  endfacet
  facet normal 0.994383 -0.105841 0
    outer loop
      vertex 9.0139 15.1165 0
      vertex 8.97224 14.7251 6
      vertex 8.97224 14.7251 0
    endloop
  endfacet
  facet normal 0.987319 -0.158746 0
    outer loop
      vertex 8.91693 14.3811 6
      vertex 8.97224 14.7251 0
      vertex 8.97224 14.7251 6
    endloop
  endfacet
  facet normal 0.987319 -0.158746 0
    outer loop
      vertex 8.97224 14.7251 0
      vertex 8.91693 14.3811 6
      vertex 8.91693 14.3811 0
    endloop
  endfacet
  facet normal 0.977425 -0.211281 0
    outer loop
      vertex 8.85286 14.0847 6
      vertex 8.91693 14.3811 0
      vertex 8.91693 14.3811 6
    endloop
  endfacet
  facet normal 0.977425 -0.211281 0
    outer loop
      vertex 8.91693 14.3811 0
      vertex 8.85286 14.0847 6
      vertex 8.85286 14.0847 0
    endloop
  endfacet
  facet normal 0.964773 -0.263085 0
    outer loop
      vertex 8.78496 13.8357 6
      vertex 8.85286 14.0847 0
      vertex 8.85286 14.0847 6
    endloop
  endfacet
  facet normal 0.964773 -0.263085 0
    outer loop
      vertex 8.85286 14.0847 0
      vertex 8.78496 13.8357 6
      vertex 8.78496 13.8357 0
    endloop
  endfacet
  facet normal 0.949367 -0.31417 0
    outer loop
      vertex 8.71808 13.6336 6
      vertex 8.78496 13.8357 0
      vertex 8.78496 13.8357 6
    endloop
  endfacet
  facet normal 0.949367 -0.31417 0
    outer loop
      vertex 8.78496 13.8357 0
      vertex 8.71808 13.6336 6
      vertex 8.71808 13.6336 0
    endloop
  endfacet
  facet normal 0.931287 -0.364287 0
    outer loop
      vertex 8.65698 13.4774 6
      vertex 8.71808 13.6336 0
      vertex 8.71808 13.6336 6
    endloop
  endfacet
  facet normal 0.931287 -0.364287 0
    outer loop
      vertex 8.71808 13.6336 0
      vertex 8.65698 13.4774 6
      vertex 8.65698 13.4774 0
    endloop
  endfacet
  facet normal 0.910665 -0.413145 0
    outer loop
      vertex 8.60635 13.3658 6
      vertex 8.65698 13.4774 0
      vertex 8.65698 13.4774 6
    endloop
  endfacet
  facet normal 0.910665 -0.413145 0
    outer loop
      vertex 8.65698 13.4774 0
      vertex 8.60635 13.3658 6
      vertex 8.60635 13.3658 0
    endloop
  endfacet
  facet normal 0.887819 -0.460193 0
    outer loop
      vertex 8.57074 13.2971 6
      vertex 8.60635 13.3658 0
      vertex 8.60635 13.3658 6
    endloop
  endfacet
  facet normal 0.887819 -0.460193 0
    outer loop
      vertex 8.60635 13.3658 0
      vertex 8.57074 13.2971 6
      vertex 8.57074 13.2971 0
    endloop
  endfacet
  facet normal 0.836461 -0.548026 0
    outer loop
      vertex 8.56694 13.2913 6
      vertex 8.57074 13.2971 0
      vertex 8.57074 13.2971 6
    endloop
  endfacet
  facet normal 0.836461 -0.548026 0
    outer loop
      vertex 8.57074 13.2971 0
      vertex 8.56694 13.2913 6
      vertex 8.56694 13.2913 0
    endloop
  endfacet
  facet normal 0.560695 0.828022 -0
    outer loop
      vertex 9.24419 12.8327 0
      vertex 8.56694 13.2913 6
      vertex 9.24419 12.8327 6
    endloop
  endfacet
  facet normal 0.560695 0.828022 0
    outer loop
      vertex 8.56694 13.2913 6
      vertex 9.24419 12.8327 0
      vertex 8.56694 13.2913 0
    endloop
  endfacet
  facet normal -0.818163 0.574987 0
    outer loop
      vertex 9.24419 12.8327 0
      vertex 9.24672 12.8363 6
      vertex 9.24672 12.8363 0
    endloop
  endfacet
  facet normal -0.818163 0.574987 0
    outer loop
      vertex 9.24672 12.8363 6
      vertex 9.24419 12.8327 0
      vertex 9.24419 12.8327 6
    endloop
  endfacet
  facet normal -0.752609 0.658468 0
    outer loop
      vertex 9.24672 12.8363 0
      vertex 9.29764 12.8945 6
      vertex 9.29764 12.8945 0
    endloop
  endfacet
  facet normal -0.752609 0.658468 0
    outer loop
      vertex 9.29764 12.8945 6
      vertex 9.24672 12.8363 0
      vertex 9.24672 12.8363 6
    endloop
  endfacet
  facet normal -0.717355 0.696708 0
    outer loop
      vertex 9.29764 12.8945 0
      vertex 9.38301 12.9824 6
      vertex 9.38301 12.9824 0
    endloop
  endfacet
  facet normal -0.717355 0.696708 0
    outer loop
      vertex 9.38301 12.9824 6
      vertex 9.29764 12.8945 0
      vertex 9.29764 12.8945 6
    endloop
  endfacet
  facet normal -0.679206 0.733948 0
    outer loop
      vertex 9.50609 13.0963 0
      vertex 9.38301 12.9824 6
      vertex 9.50609 13.0963 6
    endloop
  endfacet
  facet normal -0.679206 0.733948 0
    outer loop
      vertex 9.38301 12.9824 6
      vertex 9.50609 13.0963 0
      vertex 9.38301 12.9824 0
    endloop
  endfacet
  facet normal -0.639283 0.768972 0
    outer loop
      vertex 9.6698 13.2324 0
      vertex 9.50609 13.0963 6
      vertex 9.6698 13.2324 6
    endloop
  endfacet
  facet normal -0.639283 0.768972 0
    outer loop
      vertex 9.50609 13.0963 6
      vertex 9.6698 13.2324 0
      vertex 9.50609 13.0963 0
    endloop
  endfacet
  facet normal -0.597486 0.801879 0
    outer loop
      vertex 9.87675 13.3866 0
      vertex 9.6698 13.2324 6
      vertex 9.87675 13.3866 6
    endloop
  endfacet
  facet normal -0.597486 0.801879 0
    outer loop
      vertex 9.6698 13.2324 6
      vertex 9.87675 13.3866 0
      vertex 9.6698 13.2324 0
    endloop
  endfacet
  facet normal -0.553634 0.83276 0
    outer loop
      vertex 10.1293 13.5545 0
      vertex 9.87675 13.3866 6
      vertex 10.1293 13.5545 6
    endloop
  endfacet
  facet normal -0.553634 0.83276 0
    outer loop
      vertex 9.87675 13.3866 6
      vertex 10.1293 13.5545 0
      vertex 9.87675 13.3866 0
    endloop
  endfacet
  facet normal -0.508575 0.861018 0
    outer loop
      vertex 10.4293 13.7317 0
      vertex 10.1293 13.5545 6
      vertex 10.4293 13.7317 6
    endloop
  endfacet
  facet normal -0.508575 0.861018 0
    outer loop
      vertex 10.1293 13.5545 6
      vertex 10.4293 13.7317 0
      vertex 10.1293 13.5545 0
    endloop
  endfacet
  facet normal -0.461889 0.886938 0
    outer loop
      vertex 10.7784 13.9135 0
      vertex 10.4293 13.7317 6
      vertex 10.7784 13.9135 6
    endloop
  endfacet
  facet normal -0.461889 0.886938 0
    outer loop
      vertex 10.4293 13.7317 6
      vertex 10.7784 13.9135 0
      vertex 10.4293 13.7317 0
    endloop
  endfacet
  facet normal 0.623539 0.781792 -0
    outer loop
      vertex 11.1662 13.6042 0
      vertex 10.7784 13.9135 6
      vertex 11.1662 13.6042 6
    endloop
  endfacet
  facet normal 0.623539 0.781792 0
    outer loop
      vertex 10.7784 13.9135 6
      vertex 11.1662 13.6042 0
      vertex 10.7784 13.9135 0
    endloop
  endfacet
  facet normal 0.967517 -0.252805 0
    outer loop
      vertex 11.0667 13.2234 6
      vertex 11.1662 13.6042 0
      vertex 11.1662 13.6042 6
    endloop
  endfacet
  facet normal 0.967517 -0.252805 0
    outer loop
      vertex 11.1662 13.6042 0
      vertex 11.0667 13.2234 6
      vertex 11.0667 13.2234 0
    endloop
  endfacet
  facet normal 0.952597 -0.304234 0
    outer loop
      vertex 10.9607 12.8915 6
      vertex 11.0667 13.2234 0
      vertex 11.0667 13.2234 6
    endloop
  endfacet
  facet normal 0.952597 -0.304234 0
    outer loop
      vertex 11.0667 13.2234 0
      vertex 10.9607 12.8915 6
      vertex 10.9607 12.8915 0
    endloop
  endfacet
  facet normal 0.935077 -0.354445 0
    outer loop
      vertex 10.8532 12.6079 6
      vertex 10.9607 12.8915 0
      vertex 10.9607 12.8915 6
    endloop
  endfacet
  facet normal 0.935077 -0.354445 0
    outer loop
      vertex 10.9607 12.8915 0
      vertex 10.8532 12.6079 6
      vertex 10.8532 12.6079 0
    endloop
  endfacet
  facet normal 0.914657 -0.404232 0
    outer loop
      vertex 10.7489 12.3719 6
      vertex 10.8532 12.6079 0
      vertex 10.8532 12.6079 6
    endloop
  endfacet
  facet normal 0.914657 -0.404232 0
    outer loop
      vertex 10.8532 12.6079 0
      vertex 10.7489 12.3719 6
      vertex 10.7489 12.3719 0
    endloop
  endfacet
  facet normal 0.892066 -0.451905 0
    outer loop
      vertex 10.6527 12.182 6
      vertex 10.7489 12.3719 0
      vertex 10.7489 12.3719 6
    endloop
  endfacet
  facet normal 0.892066 -0.451905 0
    outer loop
      vertex 10.7489 12.3719 0
      vertex 10.6527 12.182 6
      vertex 10.6527 12.182 0
    endloop
  endfacet
  facet normal 0.866662 -0.498897 0
    outer loop
      vertex 10.569 12.0366 6
      vertex 10.6527 12.182 0
      vertex 10.6527 12.182 6
    endloop
  endfacet
  facet normal 0.866662 -0.498897 0
    outer loop
      vertex 10.6527 12.182 0
      vertex 10.569 12.0366 6
      vertex 10.569 12.0366 0
    endloop
  endfacet
  facet normal 0.838891 -0.5443 0
    outer loop
      vertex 10.5023 11.9338 6
      vertex 10.569 12.0366 0
      vertex 10.569 12.0366 6
    endloop
  endfacet
  facet normal 0.838891 -0.5443 0
    outer loop
      vertex 10.569 12.0366 0
      vertex 10.5023 11.9338 6
      vertex 10.5023 11.9338 0
    endloop
  endfacet
  facet normal 0.809518 -0.587095 0
    outer loop
      vertex 10.4569 11.8712 6
      vertex 10.5023 11.9338 0
      vertex 10.5023 11.9338 6
    endloop
  endfacet
  facet normal 0.809518 -0.587095 0
    outer loop
      vertex 10.5023 11.9338 0
      vertex 10.4569 11.8712 6
      vertex 10.4569 11.8712 0
    endloop
  endfacet
  facet normal 0.741874 -0.67054 0
    outer loop
      vertex 10.4522 11.866 6
      vertex 10.4569 11.8712 0
      vertex 10.4569 11.8712 6
    endloop
  endfacet
  facet normal 0.741874 -0.67054 0
    outer loop
      vertex 10.4569 11.8712 0
      vertex 10.4522 11.866 6
      vertex 10.4522 11.866 0
    endloop
  endfacet
  facet normal 0.677853 0.735197 -0
    outer loop
      vertex 11.0535 11.3116 0
      vertex 10.4522 11.866 6
      vertex 11.0535 11.3116 6
    endloop
  endfacet
  facet normal 0.677853 0.735197 0
    outer loop
      vertex 10.4522 11.866 6
      vertex 11.0535 11.3116 0
      vertex 10.4522 11.866 0
    endloop
  endfacet
  facet normal -0.71824 0.695795 0
    outer loop
      vertex 11.0535 11.3116 0
      vertex 11.0566 11.3148 6
      vertex 11.0566 11.3148 0
    endloop
  endfacet
  facet normal -0.71824 0.695795 0
    outer loop
      vertex 11.0566 11.3148 6
      vertex 11.0535 11.3116 0
      vertex 11.0535 11.3116 6
    endloop
  endfacet
  facet normal -0.645768 0.763534 0
    outer loop
      vertex 11.1156 11.3647 0
      vertex 11.0566 11.3148 6
      vertex 11.1156 11.3647 6
    endloop
  endfacet
  facet normal -0.645768 0.763534 0
    outer loop
      vertex 11.0566 11.3148 6
      vertex 11.1156 11.3647 0
      vertex 11.0566 11.3148 0
    endloop
  endfacet
  facet normal -0.6056 0.795769 0
    outer loop
      vertex 11.2131 11.4389 0
      vertex 11.1156 11.3647 6
      vertex 11.2131 11.4389 6
    endloop
  endfacet
  facet normal -0.6056 0.795769 0
    outer loop
      vertex 11.1156 11.3647 6
      vertex 11.2131 11.4389 0
      vertex 11.1156 11.3647 0
    endloop
  endfacet
  facet normal -0.562652 0.826694 0
    outer loop
      vertex 11.3518 11.5333 0
      vertex 11.2131 11.4389 6
      vertex 11.3518 11.5333 6
    endloop
  endfacet
  facet normal -0.562652 0.826694 0
    outer loop
      vertex 11.2131 11.4389 6
      vertex 11.3518 11.5333 0
      vertex 11.2131 11.4389 0
    endloop
  endfacet
  facet normal -0.517187 0.855872 0
    outer loop
      vertex 11.534 11.6434 0
      vertex 11.3518 11.5333 6
      vertex 11.534 11.6434 6
    endloop
  endfacet
  facet normal -0.517187 0.855872 0
    outer loop
      vertex 11.3518 11.5333 6
      vertex 11.534 11.6434 0
      vertex 11.3518 11.5333 0
    endloop
  endfacet
  facet normal -0.471232 0.882009 0
    outer loop
      vertex 11.7616 11.765 0
      vertex 11.534 11.6434 6
      vertex 11.7616 11.765 6
    endloop
  endfacet
  facet normal -0.471232 0.882009 0
    outer loop
      vertex 11.534 11.6434 6
      vertex 11.7616 11.765 0
      vertex 11.534 11.6434 0
    endloop
  endfacet
  facet normal -0.423716 0.905795 0
    outer loop
      vertex 12.0363 11.8935 0
      vertex 11.7616 11.765 6
      vertex 12.0363 11.8935 6
    endloop
  endfacet
  facet normal -0.423716 0.905795 0
    outer loop
      vertex 11.7616 11.765 6
      vertex 12.0363 11.8935 0
      vertex 11.7616 11.765 0
    endloop
  endfacet
  facet normal -0.374259 0.927324 0
    outer loop
      vertex 12.3594 12.0239 0
      vertex 12.0363 11.8935 6
      vertex 12.3594 12.0239 6
    endloop
  endfacet
  facet normal -0.374259 0.927324 0
    outer loop
      vertex 12.0363 11.8935 6
      vertex 12.3594 12.0239 0
      vertex 12.0363 11.8935 0
    endloop
  endfacet
  facet normal -0.324675 0.945826 0
    outer loop
      vertex 12.7317 12.1517 0
      vertex 12.3594 12.0239 6
      vertex 12.7317 12.1517 6
    endloop
  endfacet
  facet normal -0.324675 0.945826 0
    outer loop
      vertex 12.3594 12.0239 6
      vertex 12.7317 12.1517 0
      vertex 12.3594 12.0239 0
    endloop
  endfacet
  facet normal 0.733116 0.680103 0
    outer loop
      vertex 13.0691 11.788 6
      vertex 12.7317 12.1517 0
      vertex 12.7317 12.1517 6
    endloop
  endfacet
  facet normal 0.733116 0.680103 0
    outer loop
      vertex 12.7317 12.1517 0
      vertex 13.0691 11.788 6
      vertex 13.0691 11.788 0
    endloop
  endfacet
  facet normal 0.918974 -0.394318 0
    outer loop
      vertex 12.9139 11.4263 6
      vertex 13.0691 11.788 0
      vertex 13.0691 11.788 6
    endloop
  endfacet
  facet normal 0.918974 -0.394318 0
    outer loop
      vertex 13.0691 11.788 0
      vertex 12.9139 11.4263 6
      vertex 12.9139 11.4263 0
    endloop
  endfacet
  facet normal 0.896712 -0.442615 0
    outer loop
      vertex 12.7597 11.1139 6
      vertex 12.9139 11.4263 0
      vertex 12.9139 11.4263 6
    endloop
  endfacet
  facet normal 0.896712 -0.442615 0
    outer loop
      vertex 12.9139 11.4263 0
      vertex 12.7597 11.1139 6
      vertex 12.7597 11.1139 0
    endloop
  endfacet
  facet normal 0.871752 -0.489948 0
    outer loop
      vertex 12.6111 10.8495 6
      vertex 12.7597 11.1139 0
      vertex 12.7597 11.1139 6
    endloop
  endfacet
  facet normal 0.871752 -0.489948 0
    outer loop
      vertex 12.7597 11.1139 0
      vertex 12.6111 10.8495 6
      vertex 12.6111 10.8495 0
    endloop
  endfacet
  facet normal 0.844299 -0.535872 0
    outer loop
      vertex 12.4728 10.6316 6
      vertex 12.6111 10.8495 0
      vertex 12.6111 10.8495 6
    endloop
  endfacet
  facet normal 0.844299 -0.535872 0
    outer loop
      vertex 12.6111 10.8495 0
      vertex 12.4728 10.6316 6
      vertex 12.4728 10.6316 0
    endloop
  endfacet
  facet normal 0.814526 -0.580127 0
    outer loop
      vertex 12.3493 10.4582 6
      vertex 12.4728 10.6316 0
      vertex 12.4728 10.6316 6
    endloop
  endfacet
  facet normal 0.814526 -0.580127 0
    outer loop
      vertex 12.4728 10.6316 0
      vertex 12.3493 10.4582 6
      vertex 12.3493 10.4582 0
    endloop
  endfacet
  facet normal 0.782495 -0.622656 0
    outer loop
      vertex 12.2449 10.327 6
      vertex 12.3493 10.4582 0
      vertex 12.3493 10.4582 6
    endloop
  endfacet
  facet normal 0.782495 -0.622656 0
    outer loop
      vertex 12.3493 10.4582 0
      vertex 12.2449 10.327 6
      vertex 12.2449 10.327 0
    endloop
  endfacet
  facet normal 0.749028 -0.662539 0
    outer loop
      vertex 12.1637 10.2352 6
      vertex 12.2449 10.327 0
      vertex 12.2449 10.327 6
    endloop
  endfacet
  facet normal 0.749028 -0.662539 0
    outer loop
      vertex 12.2449 10.327 0
      vertex 12.1637 10.2352 6
      vertex 12.1637 10.2352 0
    endloop
  endfacet
  facet normal 0.712259 -0.701917 0
    outer loop
      vertex 12.1094 10.1801 6
      vertex 12.1637 10.2352 0
      vertex 12.1637 10.2352 6
    endloop
  endfacet
  facet normal 0.712259 -0.701917 0
    outer loop
      vertex 12.1637 10.2352 0
      vertex 12.1094 10.1801 6
      vertex 12.1094 10.1801 0
    endloop
  endfacet
  facet normal 0.640184 -0.768221 0
    outer loop
      vertex 12.104 10.1756 0
      vertex 12.1094 10.1801 6
      vertex 12.104 10.1756 6
    endloop
  endfacet
  facet normal 0.640184 -0.768221 0
    outer loop
      vertex 12.1094 10.1801 6
      vertex 12.104 10.1756 0
      vertex 12.1094 10.1801 0
    endloop
  endfacet
  facet normal 0.779789 0.626042 0
    outer loop
      vertex 12.616 9.53786 6
      vertex 12.104 10.1756 0
      vertex 12.104 10.1756 6
    endloop
  endfacet
  facet normal 0.779789 0.626042 0
    outer loop
      vertex 12.104 10.1756 0
      vertex 12.616 9.53786 6
      vertex 12.616 9.53786 0
    endloop
  endfacet
  facet normal -0.599268 0.800549 0
    outer loop
      vertex 12.6195 9.54048 0
      vertex 12.616 9.53786 6
      vertex 12.6195 9.54048 6
    endloop
  endfacet
  facet normal -0.599268 0.800549 0
    outer loop
      vertex 12.616 9.53786 6
      vertex 12.6195 9.54048 0
      vertex 12.616 9.53786 0
    endloop
  endfacet
  facet normal -0.525482 0.850805 0
    outer loop
      vertex 12.6853 9.58112 0
      vertex 12.6195 9.54048 6
      vertex 12.6853 9.58112 6
    endloop
  endfacet
  facet normal -0.525482 0.850805 0
    outer loop
      vertex 12.6195 9.54048 6
      vertex 12.6853 9.58112 0
      vertex 12.6195 9.54048 0
    endloop
  endfacet
  facet normal -0.480007 0.877265 0
    outer loop
      vertex 12.7928 9.63994 0
      vertex 12.6853 9.58112 6
      vertex 12.7928 9.63994 6
    endloop
  endfacet
  facet normal -0.480007 0.877265 0
    outer loop
      vertex 12.6853 9.58112 6
      vertex 12.7928 9.63994 0
      vertex 12.6853 9.58112 0
    endloop
  endfacet
  facet normal -0.432847 0.901467 0
    outer loop
      vertex 12.944 9.71254 0
      vertex 12.7928 9.63994 6
      vertex 12.944 9.71254 6
    endloop
  endfacet
  facet normal -0.432847 0.901467 0
    outer loop
      vertex 12.7928 9.63994 6
      vertex 12.944 9.71254 0
      vertex 12.7928 9.63994 0
    endloop
  endfacet
  facet normal -0.384315 0.923202 0
    outer loop
      vertex 13.1405 9.79434 0
      vertex 12.944 9.71254 6
      vertex 13.1405 9.79434 6
    endloop
  endfacet
  facet normal -0.384315 0.923202 0
    outer loop
      vertex 12.944 9.71254 6
      vertex 13.1405 9.79434 0
      vertex 12.944 9.71254 0
    endloop
  endfacet
  facet normal -0.334455 0.942412 0
    outer loop
      vertex 13.3837 9.88065 0
      vertex 13.1405 9.79434 6
      vertex 13.3837 9.88065 6
    endloop
  endfacet
  facet normal -0.334455 0.942412 0
    outer loop
      vertex 13.1405 9.79434 6
      vertex 13.3837 9.88065 0
      vertex 13.1405 9.79434 0
    endloop
  endfacet
  facet normal -0.283716 0.958908 0
    outer loop
      vertex 13.6745 9.96669 0
      vertex 13.3837 9.88065 6
      vertex 13.6745 9.96669 6
    endloop
  endfacet
  facet normal -0.283716 0.958908 0
    outer loop
      vertex 13.3837 9.88065 6
      vertex 13.6745 9.96669 0
      vertex 13.3837 9.88065 0
    endloop
  endfacet
  facet normal -0.232217 0.972664 0
    outer loop
      vertex 14.0134 10.0476 0
      vertex 13.6745 9.96669 6
      vertex 14.0134 10.0476 6
    endloop
  endfacet
  facet normal -0.232217 0.972664 0
    outer loop
      vertex 13.6745 9.96669 6
      vertex 14.0134 10.0476 0
      vertex 13.6745 9.96669 0
    endloop
  endfacet
  facet normal -0.179869 0.983691 0
    outer loop
      vertex 14.4006 10.1184 0
      vertex 14.0134 10.0476 6
      vertex 14.4006 10.1184 6
    endloop
  endfacet
  facet normal -0.179869 0.983691 0
    outer loop
      vertex 14.0134 10.0476 6
      vertex 14.4006 10.1184 0
      vertex 14.0134 10.0476 0
    endloop
  endfacet
  facet normal 0.826187 0.563396 0
    outer loop
      vertex 14.6801 9.70853 6
      vertex 14.4006 10.1184 0
      vertex 14.4006 10.1184 6
    endloop
  endfacet
  facet normal 0.826187 0.563396 0
    outer loop
      vertex 14.4006 10.1184 0
      vertex 14.6801 9.70853 6
      vertex 14.6801 9.70853 0
    endloop
  endfacet
  facet normal 0.849948 -0.526867 0
    outer loop
      vertex 14.4727 9.37395 6
      vertex 14.6801 9.70853 0
      vertex 14.6801 9.70853 6
    endloop
  endfacet
  facet normal 0.849948 -0.526867 0
    outer loop
      vertex 14.6801 9.70853 0
      vertex 14.4727 9.37395 6
      vertex 14.4727 9.37395 0
    endloop
  endfacet
  facet normal 0.820656 -0.571423 0
    outer loop
      vertex 14.2736 9.08801 6
      vertex 14.4727 9.37395 0
      vertex 14.4727 9.37395 6
    endloop
  endfacet
  facet normal 0.820656 -0.571423 0
    outer loop
      vertex 14.4727 9.37395 0
      vertex 14.2736 9.08801 6
      vertex 14.2736 9.08801 0
    endloop
  endfacet
  facet normal 0.789018 -0.61437 0
    outer loop
      vertex 14.0873 8.84875 6
      vertex 14.2736 9.08801 0
      vertex 14.2736 9.08801 6
    endloop
  endfacet
  facet normal 0.789018 -0.61437 0
    outer loop
      vertex 14.2736 9.08801 0
      vertex 14.0873 8.84875 6
      vertex 14.0873 8.84875 0
    endloop
  endfacet
  facet normal 0.755056 -0.65566 0
    outer loop
      vertex 13.9181 8.6539 6
      vertex 14.0873 8.84875 0
      vertex 14.0873 8.84875 6
    endloop
  endfacet
  facet normal 0.755056 -0.65566 0
    outer loop
      vertex 14.0873 8.84875 0
      vertex 13.9181 8.6539 6
      vertex 13.9181 8.6539 0
    endloop
  endfacet
  facet normal 0.718958 -0.695054 0
    outer loop
      vertex 13.7701 8.50081 6
      vertex 13.9181 8.6539 0
      vertex 13.9181 8.6539 6
    endloop
  endfacet
  facet normal 0.718958 -0.695054 0
    outer loop
      vertex 13.9181 8.6539 0
      vertex 13.7701 8.50081 6
      vertex 13.7701 8.50081 0
    endloop
  endfacet
  facet normal 0.681032 -0.732254 0
    outer loop
      vertex 13.6473 8.3866 0
      vertex 13.7701 8.50081 6
      vertex 13.6473 8.3866 6
    endloop
  endfacet
  facet normal 0.681032 -0.732254 0
    outer loop
      vertex 13.7701 8.50081 6
      vertex 13.6473 8.3866 0
      vertex 13.7701 8.50081 0
    endloop
  endfacet
  facet normal 0.641324 -0.76727 0
    outer loop
      vertex 13.5533 8.30803 0
      vertex 13.6473 8.3866 6
      vertex 13.5533 8.30803 6
    endloop
  endfacet
  facet normal 0.641324 -0.76727 0
    outer loop
      vertex 13.6473 8.3866 6
      vertex 13.5533 8.30803 0
      vertex 13.6473 8.3866 0
    endloop
  endfacet
  facet normal 0.599959 -0.800031 0
    outer loop
      vertex 13.4914 8.26161 0
      vertex 13.5533 8.30803 6
      vertex 13.4914 8.26161 6
    endloop
  endfacet
  facet normal 0.599959 -0.800031 0
    outer loop
      vertex 13.5533 8.30803 6
      vertex 13.4914 8.26161 0
      vertex 13.5533 8.30803 0
    endloop
  endfacet
  facet normal 0.522829 -0.852438 0
    outer loop
      vertex 13.4854 8.25793 0
      vertex 13.4914 8.26161 6
      vertex 13.4854 8.25793 6
    endloop
  endfacet
  facet normal 0.522829 -0.852438 0
    outer loop
      vertex 13.4914 8.26161 6
      vertex 13.4854 8.25793 0
      vertex 13.4914 8.26161 0
    endloop
  endfacet
  facet normal 0.864401 0.502803 0
    outer loop
      vertex 13.8966 7.55101 6
      vertex 13.4854 8.25793 0
      vertex 13.4854 8.25793 6
    endloop
  endfacet
  facet normal 0.864401 0.502803 0
    outer loop
      vertex 13.4854 8.25793 0
      vertex 13.8966 7.55101 6
      vertex 13.8966 7.55101 0
    endloop
  endfacet
  facet normal -0.470588 0.882353 0
    outer loop
      vertex 13.9005 7.55309 0
      vertex 13.8966 7.55101 6
      vertex 13.9005 7.55309 6
    endloop
  endfacet
  facet normal -0.470588 0.882353 0
    outer loop
      vertex 13.8966 7.55101 6
      vertex 13.9005 7.55309 0
      vertex 13.8966 7.55101 0
    endloop
  endfacet
  facet normal -0.39292 0.919573 0
    outer loop
      vertex 13.9716 7.58347 0
      vertex 13.9005 7.55309 6
      vertex 13.9716 7.58347 6
    endloop
  endfacet
  facet normal -0.39292 0.919573 0
    outer loop
      vertex 13.9005 7.55309 6
      vertex 13.9716 7.58347 0
      vertex 13.9005 7.55309 0
    endloop
  endfacet
  facet normal -0.343799 0.939043 0
    outer loop
      vertex 14.0867 7.62561 0
      vertex 13.9716 7.58347 6
      vertex 14.0867 7.62561 6
    endloop
  endfacet
  facet normal -0.343799 0.939043 0
    outer loop
      vertex 13.9716 7.58347 6
      vertex 14.0867 7.62561 0
      vertex 13.9716 7.58347 0
    endloop
  endfacet
  facet normal -0.293633 0.955918 0
    outer loop
      vertex 14.247 7.67485 0
      vertex 14.0867 7.62561 6
      vertex 14.247 7.67485 6
    endloop
  endfacet
  facet normal -0.293633 0.955918 0
    outer loop
      vertex 14.0867 7.62561 6
      vertex 14.247 7.67485 0
      vertex 14.0867 7.62561 0
    endloop
  endfacet
  facet normal -0.242381 0.970181 0
    outer loop
      vertex 14.4535 7.72644 0
      vertex 14.247 7.67485 6
      vertex 14.4535 7.72644 6
    endloop
  endfacet
  facet normal -0.242381 0.970181 0
    outer loop
      vertex 14.247 7.67485 6
      vertex 14.4535 7.72644 0
      vertex 14.247 7.67485 0
    endloop
  endfacet
  facet normal -0.190227 0.98174 0
    outer loop
      vertex 14.7069 7.77554 0
      vertex 14.4535 7.72644 6
      vertex 14.7069 7.77554 6
    endloop
  endfacet
  facet normal -0.190227 0.98174 0
    outer loop
      vertex 14.4535 7.72644 6
      vertex 14.7069 7.77554 0
      vertex 14.4535 7.72644 0
    endloop
  endfacet
  facet normal -0.137703 0.990474 0
    outer loop
      vertex 15.0072 7.81729 0
      vertex 14.7069 7.77554 6
      vertex 15.0072 7.81729 6
    endloop
  endfacet
  facet normal -0.137703 0.990474 0
    outer loop
      vertex 14.7069 7.77554 6
      vertex 15.0072 7.81729 0
      vertex 14.7069 7.77554 0
    endloop
  endfacet
  facet normal -0.0845179 0.996422 0
    outer loop
      vertex 15.3544 7.84674 0
      vertex 15.0072 7.81729 6
      vertex 15.3544 7.84674 6
    endloop
  endfacet
  facet normal -0.0845179 0.996422 0
    outer loop
      vertex 15.0072 7.81729 6
      vertex 15.3544 7.84674 0
      vertex 15.0072 7.81729 0
    endloop
  endfacet
  facet normal -0.0312427 0.999512 0
    outer loop
      vertex 15.7479 7.85904 0
      vertex 15.3544 7.84674 6
      vertex 15.7479 7.85904 6
    endloop
  endfacet
  facet normal -0.0312427 0.999512 0
    outer loop
      vertex 15.3544 7.84674 6
      vertex 15.7479 7.85904 0
      vertex 15.3544 7.84674 0
    endloop
  endfacet
  facet normal 0.900981 0.433858 0
    outer loop
      vertex 15.9631 7.41214 6
      vertex 15.7479 7.85904 0
      vertex 15.7479 7.85904 6
    endloop
  endfacet
  facet normal 0.900981 0.433858 0
    outer loop
      vertex 15.7479 7.85904 0
      vertex 15.9631 7.41214 6
      vertex 15.9631 7.41214 0
    endloop
  endfacet
  facet normal 0.762001 -0.647576 0
    outer loop
      vertex 15.7082 7.1122 6
      vertex 15.9631 7.41214 0
      vertex 15.9631 7.41214 6
    endloop
  endfacet
  facet normal 0.762001 -0.647576 0
    outer loop
      vertex 15.9631 7.41214 0
      vertex 15.7082 7.1122 6
      vertex 15.7082 7.1122 0
    endloop
  endfacet
  facet normal 0.726312 -0.687366 0
    outer loop
      vertex 15.4687 6.85913 6
      vertex 15.7082 7.1122 0
      vertex 15.7082 7.1122 6
    endloop
  endfacet
  facet normal 0.726312 -0.687366 0
    outer loop
      vertex 15.7082 7.1122 0
      vertex 15.4687 6.85913 6
      vertex 15.4687 6.85913 0
    endloop
  endfacet
  facet normal 0.688567 -0.725172 0
    outer loop
      vertex 15.2488 6.65033 0
      vertex 15.4687 6.85913 6
      vertex 15.2488 6.65033 6
    endloop
  endfacet
  facet normal 0.688567 -0.725172 0
    outer loop
      vertex 15.4687 6.85913 6
      vertex 15.2488 6.65033 0
      vertex 15.4687 6.85913 0
    endloop
  endfacet
  facet normal 0.64884 -0.760925 0
    outer loop
      vertex 15.0524 6.48286 0
      vertex 15.2488 6.65033 6
      vertex 15.0524 6.48286 6
    endloop
  endfacet
  facet normal 0.64884 -0.760925 0
    outer loop
      vertex 15.2488 6.65033 6
      vertex 15.0524 6.48286 0
      vertex 15.2488 6.65033 0
    endloop
  endfacet
  facet normal 0.607504 -0.794316 0
    outer loop
      vertex 14.8833 6.35353 0
      vertex 15.0524 6.48286 6
      vertex 14.8833 6.35353 6
    endloop
  endfacet
  facet normal 0.607504 -0.794316 0
    outer loop
      vertex 15.0524 6.48286 6
      vertex 14.8833 6.35353 0
      vertex 15.0524 6.48286 0
    endloop
  endfacet
  facet normal 0.564143 -0.825677 0
    outer loop
      vertex 14.7448 6.2589 0
      vertex 14.8833 6.35353 6
      vertex 14.7448 6.2589 6
    endloop
  endfacet
  facet normal 0.564143 -0.825677 0
    outer loop
      vertex 14.8833 6.35353 6
      vertex 14.7448 6.2589 0
      vertex 14.8833 6.35353 0
    endloop
  endfacet
  facet normal 0.519647 -0.854381 0
    outer loop
      vertex 14.6401 6.19522 0
      vertex 14.7448 6.2589 6
      vertex 14.6401 6.19522 6
    endloop
  endfacet
  facet normal 0.519647 -0.854381 0
    outer loop
      vertex 14.7448 6.2589 6
      vertex 14.6401 6.19522 0
      vertex 14.7448 6.2589 0
    endloop
  endfacet
  facet normal 0.474208 -0.880413 0
    outer loop
      vertex 14.572 6.15854 0
      vertex 14.6401 6.19522 6
      vertex 14.572 6.15854 6
    endloop
  endfacet
  facet normal 0.474208 -0.880413 0
    outer loop
      vertex 14.6401 6.19522 6
      vertex 14.572 6.15854 0
      vertex 14.6401 6.19522 0
    endloop
  endfacet
  facet normal 0.392358 -0.919813 0
    outer loop
      vertex 14.5656 6.15581 0
      vertex 14.572 6.15854 6
      vertex 14.5656 6.15581 6
    endloop
  endfacet
  facet normal 0.392358 -0.919813 0
    outer loop
      vertex 14.572 6.15854 6
      vertex 14.5656 6.15581 0
      vertex 14.572 6.15854 0
    endloop
  endfacet
  facet normal 0.929666 0.368404 0
    outer loop
      vertex 14.8669 5.39548 6
      vertex 14.5656 6.15581 0
      vertex 14.5656 6.15581 6
    endloop
  endfacet
  facet normal 0.929666 0.368404 0
    outer loop
      vertex 14.5656 6.15581 0
      vertex 14.8669 5.39548 6
      vertex 14.8669 5.39548 0
    endloop
  endfacet
  facet normal -0.347009 0.937862 0
    outer loop
      vertex 14.8709 5.39696 0
      vertex 14.8669 5.39548 6
      vertex 14.8709 5.39696 6
    endloop
  endfacet
  facet normal -0.347009 0.937862 0
    outer loop
      vertex 14.8669 5.39548 6
      vertex 14.8709 5.39696 0
      vertex 14.8669 5.39548 0
    endloop
  endfacet
  facet normal -0.251222 0.967929 0
    outer loop
      vertex 14.9458 5.4164 0
      vertex 14.8709 5.39696 6
      vertex 14.9458 5.4164 6
    endloop
  endfacet
  facet normal -0.251222 0.967929 0
    outer loop
      vertex 14.8709 5.39696 6
      vertex 14.9458 5.4164 0
      vertex 14.8709 5.39696 0
    endloop
  endfacet
  facet normal -0.200115 0.979772 0
    outer loop
      vertex 15.0659 5.44093 0
      vertex 14.9458 5.4164 6
      vertex 15.0659 5.44093 6
    endloop
  endfacet
  facet normal -0.200115 0.979772 0
    outer loop
      vertex 14.9458 5.4164 6
      vertex 15.0659 5.44093 0
      vertex 14.9458 5.4164 0
    endloop
  endfacet
  facet normal -0.147932 0.988998 0
    outer loop
      vertex 15.2317 5.46573 0
      vertex 15.0659 5.44093 6
      vertex 15.2317 5.46573 6
    endloop
  endfacet
  facet normal -0.147932 0.988998 0
    outer loop
      vertex 15.0659 5.44093 6
      vertex 15.2317 5.46573 0
      vertex 15.0659 5.44093 0
    endloop
  endfacet
  facet normal -0.094993 0.995478 0
    outer loop
      vertex 15.4437 5.48596 0
      vertex 15.2317 5.46573 6
      vertex 15.4437 5.48596 6
    endloop
  endfacet
  facet normal -0.094993 0.995478 0
    outer loop
      vertex 15.2317 5.46573 6
      vertex 15.4437 5.48596 0
      vertex 15.2317 5.46573 0
    endloop
  endfacet
  facet normal -0.0418175 0.999125 0
    outer loop
      vertex 15.7015 5.49675 0
      vertex 15.4437 5.48596 6
      vertex 15.7015 5.49675 6
    endloop
  endfacet
  facet normal -0.0418175 0.999125 0
    outer loop
      vertex 15.4437 5.48596 6
      vertex 15.7015 5.49675 0
      vertex 15.4437 5.48596 0
    endloop
  endfacet
  facet normal 0.0114768 0.999934 -0
    outer loop
      vertex 16.0047 5.49327 0
      vertex 15.7015 5.49675 6
      vertex 16.0047 5.49327 6
    endloop
  endfacet
  facet normal 0.0114768 0.999934 0
    outer loop
      vertex 15.7015 5.49675 6
      vertex 16.0047 5.49327 0
      vertex 15.7015 5.49675 0
    endloop
  endfacet
  facet normal 0.0649474 0.997889 -0
    outer loop
      vertex 16.3524 5.47064 0
      vertex 16.0047 5.49327 6
      vertex 16.3524 5.47064 6
    endloop
  endfacet
  facet normal 0.0649474 0.997889 0
    outer loop
      vertex 16.0047 5.49327 6
      vertex 16.3524 5.47064 0
      vertex 16.0047 5.49327 0
    endloop
  endfacet
  facet normal 0.118073 0.993005 -0
    outer loop
      vertex 16.7433 5.42416 0
      vertex 16.3524 5.47064 6
      vertex 16.7433 5.42416 6
    endloop
  endfacet
  facet normal 0.118073 0.993005 0
    outer loop
      vertex 16.3524 5.47064 6
      vertex 16.7433 5.42416 0
      vertex 16.3524 5.47064 0
    endloop
  endfacet
  facet normal 0.955578 0.294737 0
    outer loop
      vertex 16.8895 4.95016 6
      vertex 16.7433 5.42416 0
      vertex 16.7433 5.42416 6
    endloop
  endfacet
  facet normal 0.955578 0.294737 0
    outer loop
      vertex 16.7433 5.42416 0
      vertex 16.8895 4.95016 6
      vertex 16.8895 4.95016 0
    endloop
  endfacet
  facet normal 0.656877 -0.753998 0
    outer loop
      vertex 16.5927 4.69159 0
      vertex 16.8895 4.95016 6
      vertex 16.5927 4.69159 6
    endloop
  endfacet
  facet normal 0.656877 -0.753998 0
    outer loop
      vertex 16.8895 4.95016 6
      vertex 16.5927 4.69159 0
      vertex 16.8895 4.95016 0
    endloop
  endfacet
  facet normal 0.615817 -0.787889 0
    outer loop
      vertex 16.3182 4.47704 0
      vertex 16.5927 4.69159 6
      vertex 16.3182 4.47704 6
    endloop
  endfacet
  facet normal 0.615817 -0.787889 0
    outer loop
      vertex 16.5927 4.69159 6
      vertex 16.3182 4.47704 0
      vertex 16.5927 4.69159 0
    endloop
  endfacet
  facet normal 0.572754 -0.819727 0
    outer loop
      vertex 16.0696 4.30334 0
      vertex 16.3182 4.47704 6
      vertex 16.0696 4.30334 6
    endloop
  endfacet
  facet normal 0.572754 -0.819727 0
    outer loop
      vertex 16.3182 4.47704 6
      vertex 16.0696 4.30334 0
      vertex 16.3182 4.47704 0
    endloop
  endfacet
  facet normal 0.528305 -0.849055 0
    outer loop
      vertex 15.8505 4.16701 0
      vertex 16.0696 4.30334 6
      vertex 15.8505 4.16701 6
    endloop
  endfacet
  facet normal 0.528305 -0.849055 0
    outer loop
      vertex 16.0696 4.30334 6
      vertex 15.8505 4.16701 0
      vertex 16.0696 4.30334 0
    endloop
  endfacet
  facet normal 0.482297 -0.876008 0
    outer loop
      vertex 15.664 4.06433 0
      vertex 15.8505 4.16701 6
      vertex 15.664 4.06433 6
    endloop
  endfacet
  facet normal 0.482297 -0.876008 0
    outer loop
      vertex 15.8505 4.16701 6
      vertex 15.664 4.06433 0
      vertex 15.8505 4.16701 0
    endloop
  endfacet
  facet normal 0.435008 -0.900427 0
    outer loop
      vertex 15.513 3.99138 0
      vertex 15.664 4.06433 6
      vertex 15.513 3.99138 6
    endloop
  endfacet
  facet normal 0.435008 -0.900427 0
    outer loop
      vertex 15.664 4.06433 6
      vertex 15.513 3.99138 0
      vertex 15.664 4.06433 0
    endloop
  endfacet
  facet normal 0.386539 -0.922273 0
    outer loop
      vertex 15.4 3.94402 0
      vertex 15.513 3.99138 6
      vertex 15.4 3.94402 6
    endloop
  endfacet
  facet normal 0.386539 -0.922273 0
    outer loop
      vertex 15.513 3.99138 6
      vertex 15.4 3.94402 0
      vertex 15.513 3.99138 0
    endloop
  endfacet
  facet normal 0.337597 -0.941291 0
    outer loop
      vertex 15.3272 3.91791 0
      vertex 15.4 3.94402 6
      vertex 15.3272 3.91791 6
    endloop
  endfacet
  facet normal 0.337597 -0.941291 0
    outer loop
      vertex 15.4 3.94402 6
      vertex 15.3272 3.91791 0
      vertex 15.4 3.94402 0
    endloop
  endfacet
  facet normal 0.247895 -0.968787 0
    outer loop
      vertex 15.3204 3.91617 0
      vertex 15.3272 3.91791 6
      vertex 15.3204 3.91617 6
    endloop
  endfacet
  facet normal 0.247895 -0.968787 0
    outer loop
      vertex 15.3272 3.91791 6
      vertex 15.3204 3.91617 0
      vertex 15.3272 3.91791 0
    endloop
  endfacet
  facet normal 0.974193 0.225715 0
    outer loop
      vertex 15.505 3.11943 6
      vertex 15.3204 3.91617 0
      vertex 15.3204 3.91617 6
    endloop
  endfacet
  facet normal 0.974193 0.225715 0
    outer loop
      vertex 15.3204 3.91617 0
      vertex 15.505 3.11943 6
      vertex 15.505 3.11943 0
    endloop
  endfacet
  facet normal -0.2006 0.979673 0
    outer loop
      vertex 15.5092 3.12029 0
      vertex 15.505 3.11943 6
      vertex 15.5092 3.12029 6
    endloop
  endfacet
  facet normal -0.2006 0.979673 0
    outer loop
      vertex 15.505 3.11943 6
      vertex 15.5092 3.12029 0
      vertex 15.505 3.11943 0
    endloop
  endfacet
  facet normal -0.103979 0.99458 0
    outer loop
      vertex 15.5862 3.12834 0
      vertex 15.5092 3.12029 6
      vertex 15.5862 3.12834 6
    endloop
  endfacet
  facet normal -0.103979 0.99458 0
    outer loop
      vertex 15.5092 3.12029 6
      vertex 15.5862 3.12834 0
      vertex 15.5092 3.12029 0
    endloop
  endfacet
  facet normal -0.0519331 0.998651 0
    outer loop
      vertex 15.7085 3.1347 0
      vertex 15.5862 3.12834 6
      vertex 15.7085 3.1347 6
    endloop
  endfacet
  facet normal -0.0519331 0.998651 0
    outer loop
      vertex 15.5862 3.12834 6
      vertex 15.7085 3.1347 0
      vertex 15.5862 3.12834 0
    endloop
  endfacet
  facet normal 0.00113297 0.999999 -0
    outer loop
      vertex 15.8762 3.13451 0
      vertex 15.7085 3.1347 6
      vertex 15.8762 3.13451 6
    endloop
  endfacet
  facet normal 0.00113297 0.999999 0
    outer loop
      vertex 15.7085 3.1347 6
      vertex 15.8762 3.13451 0
      vertex 15.7085 3.1347 0
    endloop
  endfacet
  facet normal 0.0544347 0.998517 -0
    outer loop
      vertex 16.0888 3.12292 0
      vertex 15.8762 3.13451 6
      vertex 16.0888 3.12292 6
    endloop
  endfacet
  facet normal 0.0544347 0.998517 0
    outer loop
      vertex 15.8762 3.13451 6
      vertex 16.0888 3.12292 0
      vertex 15.8762 3.13451 0
    endloop
  endfacet
  facet normal 0.107518 0.994203 -0
    outer loop
      vertex 16.3454 3.09517 0
      vertex 16.0888 3.12292 6
      vertex 16.3454 3.09517 6
    endloop
  endfacet
  facet normal 0.107518 0.994203 0
    outer loop
      vertex 16.0888 3.12292 6
      vertex 16.3454 3.09517 0
      vertex 16.0888 3.12292 0
    endloop
  endfacet
  facet normal 0.16044 0.987046 -0
    outer loop
      vertex 16.6447 3.04652 0
      vertex 16.3454 3.09517 6
      vertex 16.6447 3.04652 6
    endloop
  endfacet
  facet normal 0.16044 0.987046 0
    outer loop
      vertex 16.3454 3.09517 6
      vertex 16.6447 3.04652 0
      vertex 16.3454 3.09517 0
    endloop
  endfacet
  facet normal 0.212863 0.977082 -0
    outer loop
      vertex 16.9852 2.97234 0
      vertex 16.6447 3.04652 6
      vertex 16.9852 2.97234 6
    endloop
  endfacet
  facet normal 0.212863 0.977082 0
    outer loop
      vertex 16.6447 3.04652 6
      vertex 16.9852 2.97234 0
      vertex 16.6447 3.04652 0
    endloop
  endfacet
  facet normal 0.26482 0.964298 -0
    outer loop
      vertex 17.3647 2.86812 0
      vertex 16.9852 2.97234 6
      vertex 17.3647 2.86812 6
    endloop
  endfacet
  facet normal 0.26482 0.964298 0
    outer loop
      vertex 16.9852 2.97234 6
      vertex 17.3647 2.86812 0
      vertex 16.9852 2.97234 0
    endloop
  endfacet
  facet normal 0.98884 0.148981 0
    outer loop
      vertex 17.4386 2.37762 6
      vertex 17.3647 2.86812 0
      vertex 17.3647 2.86812 6
    endloop
  endfacet
  facet normal 0.98884 0.148981 0
    outer loop
      vertex 17.3647 2.86812 0
      vertex 17.4386 2.37762 6
      vertex 17.4386 2.37762 0
    endloop
  endfacet
  facet normal 0.537311 -0.843384 0
    outer loop
      vertex 17.1067 2.16617 0
      vertex 17.4386 2.37762 6
      vertex 17.1067 2.16617 6
    endloop
  endfacet
  facet normal 0.537311 -0.843384 0
    outer loop
      vertex 17.4386 2.37762 6
      vertex 17.1067 2.16617 0
      vertex 17.4386 2.37762 0
    endloop
  endfacet
  facet normal 0.491419 -0.870923 0
    outer loop
      vertex 16.8032 1.99492 0
      vertex 17.1067 2.16617 6
      vertex 16.8032 1.99492 6
    endloop
  endfacet
  facet normal 0.491419 -0.870923 0
    outer loop
      vertex 17.1067 2.16617 6
      vertex 16.8032 1.99492 0
      vertex 17.1067 2.16617 0
    endloop
  endfacet
  facet normal 0.444204 -0.895926 0
    outer loop
      vertex 16.5315 1.86021 0
      vertex 16.8032 1.99492 6
      vertex 16.5315 1.86021 6
    endloop
  endfacet
  facet normal 0.444204 -0.895926 0
    outer loop
      vertex 16.8032 1.99492 6
      vertex 16.5315 1.86021 0
      vertex 16.8032 1.99492 0
    endloop
  endfacet
  facet normal 0.39578 -0.918345 0
    outer loop
      vertex 16.2945 1.75807 0
      vertex 16.5315 1.86021 6
      vertex 16.2945 1.75807 6
    endloop
  endfacet
  facet normal 0.39578 -0.918345 0
    outer loop
      vertex 16.5315 1.86021 6
      vertex 16.2945 1.75807 0
      vertex 16.5315 1.86021 0
    endloop
  endfacet
  facet normal 0.346352 -0.938105 0
    outer loop
      vertex 16.0948 1.68434 0
      vertex 16.2945 1.75807 6
      vertex 16.0948 1.68434 6
    endloop
  endfacet
  facet normal 0.346352 -0.938105 0
    outer loop
      vertex 16.2945 1.75807 6
      vertex 16.0948 1.68434 0
      vertex 16.2945 1.75807 0
    endloop
  endfacet
  facet normal 0.29587 -0.955228 0
    outer loop
      vertex 15.9346 1.63472 0
      vertex 16.0948 1.68434 6
      vertex 15.9346 1.63472 6
    endloop
  endfacet
  facet normal 0.29587 -0.955228 0
    outer loop
      vertex 16.0948 1.68434 6
      vertex 15.9346 1.63472 0
      vertex 16.0948 1.68434 0
    endloop
  endfacet
  facet normal 0.244839 -0.969564 0
    outer loop
      vertex 15.8158 1.60472 0
      vertex 15.9346 1.63472 6
      vertex 15.8158 1.60472 6
    endloop
  endfacet
  facet normal 0.244839 -0.969564 0
    outer loop
      vertex 15.9346 1.63472 6
      vertex 15.8158 1.60472 0
      vertex 15.9346 1.63472 0
    endloop
  endfacet
  facet normal 0.193505 -0.981099 0
    outer loop
      vertex 15.7399 1.58975 0
      vertex 15.8158 1.60472 6
      vertex 15.7399 1.58975 6
    endloop
  endfacet
  facet normal 0.193505 -0.981099 0
    outer loop
      vertex 15.8158 1.60472 6
      vertex 15.7399 1.58975 0
      vertex 15.8158 1.60472 0
    endloop
  endfacet
  facet normal 0.0995037 -0.995037 0
    outer loop
      vertex 15.7329 1.58905 0
      vertex 15.7399 1.58975 6
      vertex 15.7329 1.58905 6
    endloop
  endfacet
  facet normal 0.0995037 -0.995037 0
    outer loop
      vertex 15.7399 1.58975 6
      vertex 15.7329 1.58905 0
      vertex 15.7399 1.58975 0
    endloop
  endfacet
  facet normal 0.996953 0.0780099 0
    outer loop
      vertex 15.7967 0.773697 6
      vertex 15.7329 1.58905 0
      vertex 15.7329 1.58905 6
    endloop
  endfacet
  facet normal 0.996953 0.0780099 0
    outer loop
      vertex 15.7329 1.58905 0
      vertex 15.7967 0.773697 6
      vertex 15.7967 0.773697 0
    endloop
  endfacet
  facet normal -0.0485789 0.998819 0
    outer loop
      vertex 15.8011 0.773911 0
      vertex 15.7967 0.773697 6
      vertex 15.8011 0.773911 6
    endloop
  endfacet
  facet normal -0.0485789 0.998819 0
    outer loop
      vertex 15.7967 0.773697 6
      vertex 15.8011 0.773911 0
      vertex 15.7967 0.773697 0
    endloop
  endfacet
  facet normal 0.0452257 0.998977 -0
    outer loop
      vertex 15.8783 0.770416 0
      vertex 15.8011 0.773911 6
      vertex 15.8783 0.770416 6
    endloop
  endfacet
  facet normal 0.0452257 0.998977 0
    outer loop
      vertex 15.8011 0.773911 6
      vertex 15.8783 0.770416 0
      vertex 15.8011 0.773911 0
    endloop
  endfacet
  facet normal 0.09746 0.995239 -0
    outer loop
      vertex 16.0003 0.758469 0
      vertex 15.8783 0.770416 6
      vertex 16.0003 0.758469 6
    endloop
  endfacet
  facet normal 0.09746 0.995239 0
    outer loop
      vertex 15.8783 0.770416 6
      vertex 16.0003 0.758469 0
      vertex 15.8783 0.770416 0
    endloop
  endfacet
  facet normal 0.150224 0.988652 -0
    outer loop
      vertex 16.1661 0.733276 0
      vertex 16.0003 0.758469 6
      vertex 16.1661 0.733276 6
    endloop
  endfacet
  facet normal 0.150224 0.988652 0
    outer loop
      vertex 16.0003 0.758469 6
      vertex 16.1661 0.733276 0
      vertex 16.0003 0.758469 0
    endloop
  endfacet
  facet normal 0.202597 0.979262 -0
    outer loop
      vertex 16.3746 0.69014 0
      vertex 16.1661 0.733276 6
      vertex 16.3746 0.69014 6
    endloop
  endfacet
  facet normal 0.202597 0.979262 0
    outer loop
      vertex 16.1661 0.733276 6
      vertex 16.3746 0.69014 0
      vertex 16.1661 0.733276 0
    endloop
  endfacet
  facet normal 0.254606 0.967045 -0
    outer loop
      vertex 16.6241 0.624451 0
      vertex 16.3746 0.69014 6
      vertex 16.6241 0.624451 6
    endloop
  endfacet
  facet normal 0.254606 0.967045 0
    outer loop
      vertex 16.3746 0.69014 6
      vertex 16.6241 0.624451 0
      vertex 16.3746 0.69014 0
    endloop
  endfacet
  facet normal 0.305664 0.95214 -0
    outer loop
      vertex 16.9129 0.531738 0
      vertex 16.6241 0.624451 6
      vertex 16.9129 0.531738 6
    endloop
  endfacet
  facet normal 0.305664 0.95214 0
    outer loop
      vertex 16.6241 0.624451 6
      vertex 16.9129 0.531738 0
      vertex 16.6241 0.624451 0
    endloop
  endfacet
  facet normal 0.356243 0.934393 -0
    outer loop
      vertex 17.2384 0.407639 0
      vertex 16.9129 0.531738 6
      vertex 17.2384 0.407639 6
    endloop
  endfacet
  facet normal 0.356243 0.934393 0
    outer loop
      vertex 16.9129 0.531738 6
      vertex 17.2384 0.407639 0
      vertex 16.9129 0.531738 0
    endloop
  endfacet
  facet normal 0.405433 0.914125 -0
    outer loop
      vertex 17.5983 0.248016 0
      vertex 17.2384 0.407639 6
      vertex 17.5983 0.248016 6
    endloop
  endfacet
  facet normal 0.405433 0.914125 0
    outer loop
      vertex 17.2384 0.407639 6
      vertex 17.5983 0.248016 0
      vertex 17.2384 0.407639 0
    endloop
  endfacet
  facet normal 1 -0 0
    outer loop
      vertex 17.5983 -0.248016 6
      vertex 17.5983 0.248016 0
      vertex 17.5983 0.248016 6
    endloop
  endfacet
  facet normal 1 0 0
    outer loop
      vertex 17.5983 0.248016 0
      vertex 17.5983 -0.248016 6
      vertex 17.5983 -0.248016 0
    endloop
  endfacet
  facet normal 0.405433 -0.914125 0
    outer loop
      vertex 17.2384 -0.407639 0
      vertex 17.5983 -0.248016 6
      vertex 17.2384 -0.407639 6
    endloop
  endfacet
  facet normal 0.405433 -0.914125 0
    outer loop
      vertex 17.5983 -0.248016 6
      vertex 17.2384 -0.407639 0
      vertex 17.5983 -0.248016 0
    endloop
  endfacet
  facet normal 0.356243 -0.934393 0
    outer loop
      vertex 16.9129 -0.531738 0
      vertex 17.2384 -0.407639 6
      vertex 16.9129 -0.531738 6
    endloop
  endfacet
  facet normal 0.356243 -0.934393 0
    outer loop
      vertex 17.2384 -0.407639 6
      vertex 16.9129 -0.531738 0
      vertex 17.2384 -0.407639 0
    endloop
  endfacet
  facet normal 0.305664 -0.95214 0
    outer loop
      vertex 16.6241 -0.624451 0
      vertex 16.9129 -0.531738 6
      vertex 16.6241 -0.624451 6
    endloop
  endfacet
  facet normal 0.305664 -0.95214 0
    outer loop
      vertex 16.9129 -0.531738 6
      vertex 16.6241 -0.624451 0
      vertex 16.9129 -0.531738 0
    endloop
  endfacet
  facet normal 0.254606 -0.967045 0
    outer loop
      vertex 16.3746 -0.69014 0
      vertex 16.6241 -0.624451 6
      vertex 16.3746 -0.69014 6
    endloop
  endfacet
  facet normal 0.254606 -0.967045 0
    outer loop
      vertex 16.6241 -0.624451 6
      vertex 16.3746 -0.69014 0
      vertex 16.6241 -0.624451 0
    endloop
  endfacet
  facet normal 0.202597 -0.979262 0
    outer loop
      vertex 16.1661 -0.733276 0
      vertex 16.3746 -0.69014 6
      vertex 16.1661 -0.733276 6
    endloop
  endfacet
  facet normal 0.202597 -0.979262 0
    outer loop
      vertex 16.3746 -0.69014 6
      vertex 16.1661 -0.733276 0
      vertex 16.3746 -0.69014 0
    endloop
  endfacet
  facet normal 0.150224 -0.988652 0
    outer loop
      vertex 16.0003 -0.758469 0
      vertex 16.1661 -0.733276 6
      vertex 16.0003 -0.758469 6
    endloop
  endfacet
  facet normal 0.150224 -0.988652 0
    outer loop
      vertex 16.1661 -0.733276 6
      vertex 16.0003 -0.758469 0
      vertex 16.1661 -0.733276 0
    endloop
  endfacet
  facet normal 0.09746 -0.995239 0
    outer loop
      vertex 15.8783 -0.770416 0
      vertex 16.0003 -0.758469 6
      vertex 15.8783 -0.770416 6
    endloop
  endfacet
  facet normal 0.09746 -0.995239 0
    outer loop
      vertex 16.0003 -0.758469 6
      vertex 15.8783 -0.770416 0
      vertex 16.0003 -0.758469 0
    endloop
  endfacet
  facet normal 0.0452257 -0.998977 0
    outer loop
      vertex 15.8011 -0.773911 0
      vertex 15.8783 -0.770416 6
      vertex 15.8011 -0.773911 6
    endloop
  endfacet
  facet normal 0.0452257 -0.998977 0
    outer loop
      vertex 15.8783 -0.770416 6
      vertex 15.8011 -0.773911 0
      vertex 15.8783 -0.770416 0
    endloop
  endfacet
  facet normal -0.0493763 -0.99878 0
    outer loop
      vertex 15.794 -0.77356 0
      vertex 15.8011 -0.773911 6
      vertex 15.794 -0.77356 6
    endloop
  endfacet
  facet normal -0.0493763 -0.99878 -0
    outer loop
      vertex 15.8011 -0.773911 6
      vertex 15.794 -0.77356 0
      vertex 15.8011 -0.773911 0
    endloop
  endfacet
  facet normal 0.997447 -0.0714078 0
    outer loop
      vertex 15.7356 -1.58931 6
      vertex 15.794 -0.77356 0
      vertex 15.794 -0.77356 6
    endloop
  endfacet
  facet normal 0.997447 -0.0714078 0
    outer loop
      vertex 15.794 -0.77356 0
      vertex 15.7356 -1.58931 6
      vertex 15.7356 -1.58931 0
    endloop
  endfacet
  facet normal 0.101794 0.994805 -0
    outer loop
      vertex 15.7399 -1.58975 0
      vertex 15.7356 -1.58931 6
      vertex 15.7399 -1.58975 6
    endloop
  endfacet
  facet normal 0.101794 0.994805 0
    outer loop
      vertex 15.7356 -1.58931 6
      vertex 15.7399 -1.58975 0
      vertex 15.7356 -1.58931 0
    endloop
  endfacet
  facet normal 0.193505 0.981099 -0
    outer loop
      vertex 15.8158 -1.60472 0
      vertex 15.7399 -1.58975 6
      vertex 15.8158 -1.60472 6
    endloop
  endfacet
  facet normal 0.193505 0.981099 0
    outer loop
      vertex 15.7399 -1.58975 6
      vertex 15.8158 -1.60472 0
      vertex 15.7399 -1.58975 0
    endloop
  endfacet
  facet normal 0.244839 0.969564 -0
    outer loop
      vertex 15.9346 -1.63472 0
      vertex 15.8158 -1.60472 6
      vertex 15.9346 -1.63472 6
    endloop
  endfacet
  facet normal 0.244839 0.969564 0
    outer loop
      vertex 15.8158 -1.60472 6
      vertex 15.9346 -1.63472 0
      vertex 15.8158 -1.60472 0
    endloop
  endfacet
  facet normal 0.29587 0.955228 -0
    outer loop
      vertex 16.0948 -1.68434 0
      vertex 15.9346 -1.63472 6
      vertex 16.0948 -1.68434 6
    endloop
  endfacet
  facet normal 0.29587 0.955228 0
    outer loop
      vertex 15.9346 -1.63472 6
      vertex 16.0948 -1.68434 0
      vertex 15.9346 -1.63472 0
    endloop
  endfacet
  facet normal 0.346352 0.938105 -0
    outer loop
      vertex 16.2945 -1.75807 0
      vertex 16.0948 -1.68434 6
      vertex 16.2945 -1.75807 6
    endloop
  endfacet
  facet normal 0.346352 0.938105 0
    outer loop
      vertex 16.0948 -1.68434 6
      vertex 16.2945 -1.75807 0
      vertex 16.0948 -1.68434 0
    endloop
  endfacet
  facet normal 0.39578 0.918345 -0
    outer loop
      vertex 16.5315 -1.86021 0
      vertex 16.2945 -1.75807 6
      vertex 16.5315 -1.86021 6
    endloop
  endfacet
  facet normal 0.39578 0.918345 0
    outer loop
      vertex 16.2945 -1.75807 6
      vertex 16.5315 -1.86021 0
      vertex 16.2945 -1.75807 0
    endloop
  endfacet
  facet normal 0.444204 0.895926 -0
    outer loop
      vertex 16.8032 -1.99492 0
      vertex 16.5315 -1.86021 6
      vertex 16.8032 -1.99492 6
    endloop
  endfacet
  facet normal 0.444204 0.895926 0
    outer loop
      vertex 16.5315 -1.86021 6
      vertex 16.8032 -1.99492 0
      vertex 16.5315 -1.86021 0
    endloop
  endfacet
  facet normal 0.491419 0.870923 -0
    outer loop
      vertex 17.1067 -2.16617 0
      vertex 16.8032 -1.99492 6
      vertex 17.1067 -2.16617 6
    endloop
  endfacet
  facet normal 0.491419 0.870923 0
    outer loop
      vertex 16.8032 -1.99492 6
      vertex 17.1067 -2.16617 0
      vertex 16.8032 -1.99492 0
    endloop
  endfacet
  facet normal 0.537311 0.843384 -0
    outer loop
      vertex 17.4386 -2.37762 0
      vertex 17.1067 -2.16617 6
      vertex 17.4386 -2.37762 6
    endloop
  endfacet
  facet normal 0.537311 0.843384 0
    outer loop
      vertex 17.1067 -2.16617 6
      vertex 17.4386 -2.37762 0
      vertex 17.1067 -2.16617 0
    endloop
  endfacet
  facet normal 0.98884 -0.148981 0
    outer loop
      vertex 17.3647 -2.86812 6
      vertex 17.4386 -2.37762 0
      vertex 17.4386 -2.37762 6
    endloop
  endfacet
  facet normal 0.98884 -0.148981 0
    outer loop
      vertex 17.4386 -2.37762 0
      vertex 17.3647 -2.86812 6
      vertex 17.3647 -2.86812 0
    endloop
  endfacet
  facet normal 0.26482 -0.964298 0
    outer loop
      vertex 16.9852 -2.97234 0
      vertex 17.3647 -2.86812 6
      vertex 16.9852 -2.97234 6
    endloop
  endfacet
  facet normal 0.26482 -0.964298 0
    outer loop
      vertex 17.3647 -2.86812 6
      vertex 16.9852 -2.97234 0
      vertex 17.3647 -2.86812 0
    endloop
  endfacet
  facet normal 0.212863 -0.977082 0
    outer loop
      vertex 16.6447 -3.04652 0
      vertex 16.9852 -2.97234 6
      vertex 16.6447 -3.04652 6
    endloop
  endfacet
  facet normal 0.212863 -0.977082 0
    outer loop
      vertex 16.9852 -2.97234 6
      vertex 16.6447 -3.04652 0
      vertex 16.9852 -2.97234 0
    endloop
  endfacet
  facet normal 0.16044 -0.987046 0
    outer loop
      vertex 16.3454 -3.09517 0
      vertex 16.6447 -3.04652 6
      vertex 16.3454 -3.09517 6
    endloop
  endfacet
  facet normal 0.16044 -0.987046 0
    outer loop
      vertex 16.6447 -3.04652 6
      vertex 16.3454 -3.09517 0
      vertex 16.6447 -3.04652 0
    endloop
  endfacet
  facet normal 0.107518 -0.994203 0
    outer loop
      vertex 16.0888 -3.12292 0
      vertex 16.3454 -3.09517 6
      vertex 16.0888 -3.12292 6
    endloop
  endfacet
  facet normal 0.107518 -0.994203 0
    outer loop
      vertex 16.3454 -3.09517 6
      vertex 16.0888 -3.12292 0
      vertex 16.3454 -3.09517 0
    endloop
  endfacet
  facet normal 0.0544347 -0.998517 0
    outer loop
      vertex 15.8762 -3.13451 0
      vertex 16.0888 -3.12292 6
      vertex 15.8762 -3.13451 6
    endloop
  endfacet
  facet normal 0.0544347 -0.998517 0
    outer loop
      vertex 16.0888 -3.12292 6
      vertex 15.8762 -3.13451 0
      vertex 16.0888 -3.12292 0
    endloop
  endfacet
  facet normal 0.00113297 -0.999999 0
    outer loop
      vertex 15.7085 -3.1347 0
      vertex 15.8762 -3.13451 6
      vertex 15.7085 -3.1347 6
    endloop
  endfacet
  facet normal 0.00113297 -0.999999 0
    outer loop
      vertex 15.8762 -3.13451 6
      vertex 15.7085 -3.1347 0
      vertex 15.8762 -3.13451 0
    endloop
  endfacet
  facet normal -0.0519331 -0.998651 0
    outer loop
      vertex 15.5862 -3.12834 0
      vertex 15.7085 -3.1347 6
      vertex 15.5862 -3.12834 6
    endloop
  endfacet
  facet normal -0.0519331 -0.998651 -0
    outer loop
      vertex 15.7085 -3.1347 6
      vertex 15.5862 -3.12834 0
      vertex 15.7085 -3.1347 0
    endloop
  endfacet
  facet normal -0.103979 -0.99458 0
    outer loop
      vertex 15.5092 -3.12029 0
      vertex 15.5862 -3.12834 6
      vertex 15.5092 -3.12029 6
    endloop
  endfacet
  facet normal -0.103979 -0.99458 -0
    outer loop
      vertex 15.5862 -3.12834 6
      vertex 15.5092 -3.12029 0
      vertex 15.5862 -3.12834 0
    endloop
  endfacet
  facet normal -0.197482 -0.980307 0
    outer loop
      vertex 15.5023 -3.1189 0
      vertex 15.5092 -3.12029 6
      vertex 15.5023 -3.1189 6
    endloop
  endfacet
  facet normal -0.197482 -0.980307 -0
    outer loop
      vertex 15.5092 -3.12029 6
      vertex 15.5023 -3.1189 0
      vertex 15.5092 -3.12029 0
    endloop
  endfacet
  facet normal 0.975672 -0.219237 0
    outer loop
      vertex 15.323 -3.91684 6
      vertex 15.5023 -3.1189 0
      vertex 15.5023 -3.1189 6
    endloop
  endfacet
  facet normal 0.975672 -0.219237 0
    outer loop
      vertex 15.5023 -3.1189 0
      vertex 15.323 -3.91684 6
      vertex 15.323 -3.91684 0
    endloop
  endfacet
  facet normal 0.246876 0.969047 -0
    outer loop
      vertex 15.3272 -3.91791 0
      vertex 15.323 -3.91684 6
      vertex 15.3272 -3.91791 6
    endloop
  endfacet
  facet normal 0.246876 0.969047 0
    outer loop
      vertex 15.323 -3.91684 6
      vertex 15.3272 -3.91791 0
      vertex 15.323 -3.91684 0
    endloop
  endfacet
  facet normal 0.337597 0.941291 -0
    outer loop
      vertex 15.4 -3.94402 0
      vertex 15.3272 -3.91791 6
      vertex 15.4 -3.94402 6
    endloop
  endfacet
  facet normal 0.337597 0.941291 0
    outer loop
      vertex 15.3272 -3.91791 6
      vertex 15.4 -3.94402 0
      vertex 15.3272 -3.91791 0
    endloop
  endfacet
  facet normal 0.386539 0.922273 -0
    outer loop
      vertex 15.513 -3.99138 0
      vertex 15.4 -3.94402 6
      vertex 15.513 -3.99138 6
    endloop
  endfacet
  facet normal 0.386539 0.922273 0
    outer loop
      vertex 15.4 -3.94402 6
      vertex 15.513 -3.99138 0
      vertex 15.4 -3.94402 0
    endloop
  endfacet
  facet normal 0.435008 0.900427 -0
    outer loop
      vertex 15.664 -4.06433 0
      vertex 15.513 -3.99138 6
      vertex 15.664 -4.06433 6
    endloop
  endfacet
  facet normal 0.435008 0.900427 0
    outer loop
      vertex 15.513 -3.99138 6
      vertex 15.664 -4.06433 0
      vertex 15.513 -3.99138 0
    endloop
  endfacet
  facet normal 0.482297 0.876008 -0
    outer loop
      vertex 15.8505 -4.16701 0
      vertex 15.664 -4.06433 6
      vertex 15.8505 -4.16701 6
    endloop
  endfacet
  facet normal 0.482297 0.876008 0
    outer loop
      vertex 15.664 -4.06433 6
      vertex 15.8505 -4.16701 0
      vertex 15.664 -4.06433 0
    endloop
  endfacet
  facet normal 0.528305 0.849055 -0
    outer loop
      vertex 16.0696 -4.30334 0
      vertex 15.8505 -4.16701 6
      vertex 16.0696 -4.30334 6
    endloop
  endfacet
  facet normal 0.528305 0.849055 0
    outer loop
      vertex 15.8505 -4.16701 6
      vertex 16.0696 -4.30334 0
      vertex 15.8505 -4.16701 0
    endloop
  endfacet
  facet normal 0.572754 0.819727 -0
    outer loop
      vertex 16.3182 -4.47704 0
      vertex 16.0696 -4.30334 6
      vertex 16.3182 -4.47704 6
    endloop
  endfacet
  facet normal 0.572754 0.819727 0
    outer loop
      vertex 16.0696 -4.30334 6
      vertex 16.3182 -4.47704 0
      vertex 16.0696 -4.30334 0
    endloop
  endfacet
  facet normal 0.615817 0.787889 -0
    outer loop
      vertex 16.5927 -4.69159 0
      vertex 16.3182 -4.47704 6
      vertex 16.5927 -4.69159 6
    endloop
  endfacet
  facet normal 0.615817 0.787889 0
    outer loop
      vertex 16.3182 -4.47704 6
      vertex 16.5927 -4.69159 0
      vertex 16.3182 -4.47704 0
    endloop
  endfacet
  facet normal 0.656877 0.753998 -0
    outer loop
      vertex 16.8895 -4.95016 0
      vertex 16.5927 -4.69159 6
      vertex 16.8895 -4.95016 6
    endloop
  endfacet
  facet normal 0.656877 0.753998 0
    outer loop
      vertex 16.5927 -4.69159 6
      vertex 16.8895 -4.95016 0
      vertex 16.5927 -4.69159 0
    endloop
  endfacet
  facet normal 0.955578 -0.294737 0
    outer loop
      vertex 16.7433 -5.42416 6
      vertex 16.8895 -4.95016 0
      vertex 16.8895 -4.95016 6
    endloop
  endfacet
  facet normal 0.955578 -0.294737 0
    outer loop
      vertex 16.8895 -4.95016 0
      vertex 16.7433 -5.42416 6
      vertex 16.7433 -5.42416 0
    endloop
  endfacet
  facet normal 0.118073 -0.993005 0
    outer loop
      vertex 16.3524 -5.47064 0
      vertex 16.7433 -5.42416 6
      vertex 16.3524 -5.47064 6
    endloop
  endfacet
  facet normal 0.118073 -0.993005 0
    outer loop
      vertex 16.7433 -5.42416 6
      vertex 16.3524 -5.47064 0
      vertex 16.7433 -5.42416 0
    endloop
  endfacet
  facet normal 0.0649474 -0.997889 0
    outer loop
      vertex 16.0047 -5.49327 0
      vertex 16.3524 -5.47064 6
      vertex 16.0047 -5.49327 6
    endloop
  endfacet
  facet normal 0.0649474 -0.997889 0
    outer loop
      vertex 16.3524 -5.47064 6
      vertex 16.0047 -5.49327 0
      vertex 16.3524 -5.47064 0
    endloop
  endfacet
  facet normal 0.0114768 -0.999934 0
    outer loop
      vertex 15.7015 -5.49675 0
      vertex 16.0047 -5.49327 6
      vertex 15.7015 -5.49675 6
    endloop
  endfacet
  facet normal 0.0114768 -0.999934 0
    outer loop
      vertex 16.0047 -5.49327 6
      vertex 15.7015 -5.49675 0
      vertex 16.0047 -5.49327 0
    endloop
  endfacet
  facet normal -0.0418175 -0.999125 0
    outer loop
      vertex 15.4437 -5.48596 0
      vertex 15.7015 -5.49675 6
      vertex 15.4437 -5.48596 6
    endloop
  endfacet
  facet normal -0.0418175 -0.999125 -0
    outer loop
      vertex 15.7015 -5.49675 6
      vertex 15.4437 -5.48596 0
      vertex 15.7015 -5.49675 0
    endloop
  endfacet
  facet normal -0.094993 -0.995478 0
    outer loop
      vertex 15.2317 -5.46573 0
      vertex 15.4437 -5.48596 6
      vertex 15.2317 -5.46573 6
    endloop
  endfacet
  facet normal -0.094993 -0.995478 -0
    outer loop
      vertex 15.4437 -5.48596 6
      vertex 15.2317 -5.46573 0
      vertex 15.4437 -5.48596 0
    endloop
  endfacet
  facet normal -0.147932 -0.988998 0
    outer loop
      vertex 15.0659 -5.44093 0
      vertex 15.2317 -5.46573 6
      vertex 15.0659 -5.44093 6
    endloop
  endfacet
  facet normal -0.147932 -0.988998 -0
    outer loop
      vertex 15.2317 -5.46573 6
      vertex 15.0659 -5.44093 0
      vertex 15.2317 -5.46573 0
    endloop
  endfacet
  facet normal -0.200115 -0.979772 0
    outer loop
      vertex 14.9458 -5.4164 0
      vertex 15.0659 -5.44093 6
      vertex 14.9458 -5.4164 6
    endloop
  endfacet
  facet normal -0.200115 -0.979772 -0
    outer loop
      vertex 15.0659 -5.44093 6
      vertex 14.9458 -5.4164 0
      vertex 15.0659 -5.44093 0
    endloop
  endfacet
  facet normal -0.251222 -0.967929 0
    outer loop
      vertex 14.8709 -5.39696 0
      vertex 14.9458 -5.4164 6
      vertex 14.8709 -5.39696 6
    endloop
  endfacet
  facet normal -0.251222 -0.967929 -0
    outer loop
      vertex 14.9458 -5.4164 6
      vertex 14.8709 -5.39696 0
      vertex 14.9458 -5.4164 0
    endloop
  endfacet
  facet normal -0.341743 -0.939793 0
    outer loop
      vertex 14.8643 -5.39456 0
      vertex 14.8709 -5.39696 6
      vertex 14.8643 -5.39456 6
    endloop
  endfacet
  facet normal -0.341743 -0.939793 -0
    outer loop
      vertex 14.8709 -5.39696 6
      vertex 14.8643 -5.39456 0
      vertex 14.8709 -5.39696 0
    endloop
  endfacet
  facet normal 0.932065 -0.362291 0
    outer loop
      vertex 14.568 -6.15685 6
      vertex 14.8643 -5.39456 0
      vertex 14.8643 -5.39456 6
    endloop
  endfacet
  facet normal 0.932065 -0.362291 0
    outer loop
      vertex 14.8643 -5.39456 0
      vertex 14.568 -6.15685 6
      vertex 14.568 -6.15685 0
    endloop
  endfacet
  facet normal 0.389189 0.921158 -0
    outer loop
      vertex 14.572 -6.15854 0
      vertex 14.568 -6.15685 6
      vertex 14.572 -6.15854 6
    endloop
  endfacet
  facet normal 0.389189 0.921158 0
    outer loop
      vertex 14.568 -6.15685 6
      vertex 14.572 -6.15854 0
      vertex 14.568 -6.15685 0
    endloop
  endfacet
  facet normal 0.474208 0.880413 -0
    outer loop
      vertex 14.6401 -6.19522 0
      vertex 14.572 -6.15854 6
      vertex 14.6401 -6.19522 6
    endloop
  endfacet
  facet normal 0.474208 0.880413 0
    outer loop
      vertex 14.572 -6.15854 6
      vertex 14.6401 -6.19522 0
      vertex 14.572 -6.15854 0
    endloop
  endfacet
  facet normal 0.519647 0.854381 -0
    outer loop
      vertex 14.7448 -6.2589 0
      vertex 14.6401 -6.19522 6
      vertex 14.7448 -6.2589 6
    endloop
  endfacet
  facet normal 0.519647 0.854381 0
    outer loop
      vertex 14.6401 -6.19522 6
      vertex 14.7448 -6.2589 0
      vertex 14.6401 -6.19522 0
    endloop
  endfacet
  facet normal 0.564143 0.825677 -0
    outer loop
      vertex 14.8833 -6.35353 0
      vertex 14.7448 -6.2589 6
      vertex 14.8833 -6.35353 6
    endloop
  endfacet
  facet normal 0.564143 0.825677 0
    outer loop
      vertex 14.7448 -6.2589 6
      vertex 14.8833 -6.35353 0
      vertex 14.7448 -6.2589 0
    endloop
  endfacet
  facet normal 0.607504 0.794316 -0
    outer loop
      vertex 15.0524 -6.48286 0
      vertex 14.8833 -6.35353 6
      vertex 15.0524 -6.48286 6
    endloop
  endfacet
  facet normal 0.607504 0.794316 0
    outer loop
      vertex 14.8833 -6.35353 6
      vertex 15.0524 -6.48286 0
      vertex 14.8833 -6.35353 0
    endloop
  endfacet
  facet normal 0.64884 0.760925 -0
    outer loop
      vertex 15.2488 -6.65033 0
      vertex 15.0524 -6.48286 6
      vertex 15.2488 -6.65033 6
    endloop
  endfacet
  facet normal 0.64884 0.760925 0
    outer loop
      vertex 15.0524 -6.48286 6
      vertex 15.2488 -6.65033 0
      vertex 15.0524 -6.48286 0
    endloop
  endfacet
  facet normal 0.688567 0.725172 -0
    outer loop
      vertex 15.4687 -6.85913 0
      vertex 15.2488 -6.65033 6
      vertex 15.4687 -6.85913 6
    endloop
  endfacet
  facet normal 0.688567 0.725172 0
    outer loop
      vertex 15.2488 -6.65033 6
      vertex 15.4687 -6.85913 0
      vertex 15.2488 -6.65033 0
    endloop
  endfacet
  facet normal 0.726312 0.687366 0
    outer loop
      vertex 15.7082 -7.1122 6
      vertex 15.4687 -6.85913 0
      vertex 15.4687 -6.85913 6
    endloop
  endfacet
  facet normal 0.726312 0.687366 0
    outer loop
      vertex 15.4687 -6.85913 0
      vertex 15.7082 -7.1122 6
      vertex 15.7082 -7.1122 0
    endloop
  endfacet
  facet normal 0.762001 0.647576 0
    outer loop
      vertex 15.9631 -7.41214 6
      vertex 15.7082 -7.1122 0
      vertex 15.7082 -7.1122 6
    endloop
  endfacet
  facet normal 0.762001 0.647576 0
    outer loop
      vertex 15.7082 -7.1122 0
      vertex 15.9631 -7.41214 6
      vertex 15.9631 -7.41214 0
    endloop
  endfacet
  facet normal 0.900981 -0.433858 0
    outer loop
      vertex 15.7479 -7.85904 6
      vertex 15.9631 -7.41214 0
      vertex 15.9631 -7.41214 6
    endloop
  endfacet
  facet normal 0.900981 -0.433858 0
    outer loop
      vertex 15.9631 -7.41214 0
      vertex 15.7479 -7.85904 6
      vertex 15.7479 -7.85904 0
    endloop
  endfacet
  facet normal -0.0312427 -0.999512 0
    outer loop
      vertex 15.3544 -7.84674 0
      vertex 15.7479 -7.85904 6
      vertex 15.3544 -7.84674 6
    endloop
  endfacet
  facet normal -0.0312427 -0.999512 -0
    outer loop
      vertex 15.7479 -7.85904 6
      vertex 15.3544 -7.84674 0
      vertex 15.7479 -7.85904 0
    endloop
  endfacet
  facet normal -0.0845179 -0.996422 0
    outer loop
      vertex 15.0072 -7.81729 0
      vertex 15.3544 -7.84674 6
      vertex 15.0072 -7.81729 6
    endloop
  endfacet
  facet normal -0.0845179 -0.996422 -0
    outer loop
      vertex 15.3544 -7.84674 6
      vertex 15.0072 -7.81729 0
      vertex 15.3544 -7.84674 0
    endloop
  endfacet
  facet normal -0.137703 -0.990474 0
    outer loop
      vertex 14.7069 -7.77554 0
      vertex 15.0072 -7.81729 6
      vertex 14.7069 -7.77554 6
    endloop
  endfacet
  facet normal -0.137703 -0.990474 -0
    outer loop
      vertex 15.0072 -7.81729 6
      vertex 14.7069 -7.77554 0
      vertex 15.0072 -7.81729 0
    endloop
  endfacet
  facet normal -0.190227 -0.98174 0
    outer loop
      vertex 14.4535 -7.72644 0
      vertex 14.7069 -7.77554 6
      vertex 14.4535 -7.72644 6
    endloop
  endfacet
  facet normal -0.190227 -0.98174 -0
    outer loop
      vertex 14.7069 -7.77554 6
      vertex 14.4535 -7.72644 0
      vertex 14.7069 -7.77554 0
    endloop
  endfacet
  facet normal -0.242381 -0.970181 0
    outer loop
      vertex 14.247 -7.67485 0
      vertex 14.4535 -7.72644 6
      vertex 14.247 -7.67485 6
    endloop
  endfacet
  facet normal -0.242381 -0.970181 -0
    outer loop
      vertex 14.4535 -7.72644 6
      vertex 14.247 -7.67485 0
      vertex 14.4535 -7.72644 0
    endloop
  endfacet
  facet normal -0.293633 -0.955918 0
    outer loop
      vertex 14.0867 -7.62561 0
      vertex 14.247 -7.67485 6
      vertex 14.0867 -7.62561 6
    endloop
  endfacet
  facet normal -0.293633 -0.955918 -0
    outer loop
      vertex 14.247 -7.67485 6
      vertex 14.0867 -7.62561 0
      vertex 14.247 -7.67485 0
    endloop
  endfacet
  facet normal -0.343799 -0.939043 0
    outer loop
      vertex 13.9716 -7.58347 0
      vertex 14.0867 -7.62561 6
      vertex 13.9716 -7.58347 6
    endloop
  endfacet
  facet normal -0.343799 -0.939043 -0
    outer loop
      vertex 14.0867 -7.62561 6
      vertex 13.9716 -7.58347 0
      vertex 14.0867 -7.62561 0
    endloop
  endfacet
  facet normal -0.39292 -0.919573 0
    outer loop
      vertex 13.9005 -7.55309 0
      vertex 13.9716 -7.58347 6
      vertex 13.9005 -7.55309 6
    endloop
  endfacet
  facet normal -0.39292 -0.919573 -0
    outer loop
      vertex 13.9716 -7.58347 6
      vertex 13.9005 -7.55309 0
      vertex 13.9716 -7.58347 0
    endloop
  endfacet
  facet normal -0.476466 -0.879193 0
    outer loop
      vertex 13.8943 -7.54973 0
      vertex 13.9005 -7.55309 6
      vertex 13.8943 -7.54973 6
    endloop
  endfacet
  facet normal -0.476466 -0.879193 -0
    outer loop
      vertex 13.9005 -7.55309 6
      vertex 13.8943 -7.54973 0
      vertex 13.9005 -7.55309 0
    endloop
  endfacet
  facet normal 0.867659 -0.49716 0
    outer loop
      vertex 13.4877 -8.25934 6
      vertex 13.8943 -7.54973 0
      vertex 13.8943 -7.54973 6
    endloop
  endfacet
  facet normal 0.867659 -0.49716 0
    outer loop
      vertex 13.8943 -7.54973 0
      vertex 13.4877 -8.25934 6
      vertex 13.4877 -8.25934 0
    endloop
  endfacet
  facet normal 0.52294 0.852369 -0
    outer loop
      vertex 13.4914 -8.26161 0
      vertex 13.4877 -8.25934 6
      vertex 13.4914 -8.26161 6
    endloop
  endfacet
  facet normal 0.52294 0.852369 0
    outer loop
      vertex 13.4877 -8.25934 6
      vertex 13.4914 -8.26161 0
      vertex 13.4877 -8.25934 0
    endloop
  endfacet
  facet normal 0.599959 0.800031 -0
    outer loop
      vertex 13.5533 -8.30803 0
      vertex 13.4914 -8.26161 6
      vertex 13.5533 -8.30803 6
    endloop
  endfacet
  facet normal 0.599959 0.800031 0
    outer loop
      vertex 13.4914 -8.26161 6
      vertex 13.5533 -8.30803 0
      vertex 13.4914 -8.26161 0
    endloop
  endfacet
  facet normal 0.641324 0.76727 -0
    outer loop
      vertex 13.6473 -8.3866 0
      vertex 13.5533 -8.30803 6
      vertex 13.6473 -8.3866 6
    endloop
  endfacet
  facet normal 0.641324 0.76727 0
    outer loop
      vertex 13.5533 -8.30803 6
      vertex 13.6473 -8.3866 0
      vertex 13.5533 -8.30803 0
    endloop
  endfacet
  facet normal 0.681032 0.732254 -0
    outer loop
      vertex 13.7701 -8.50081 0
      vertex 13.6473 -8.3866 6
      vertex 13.7701 -8.50081 6
    endloop
  endfacet
  facet normal 0.681032 0.732254 0
    outer loop
      vertex 13.6473 -8.3866 6
      vertex 13.7701 -8.50081 0
      vertex 13.6473 -8.3866 0
    endloop
  endfacet
  facet normal 0.718958 0.695054 0
    outer loop
      vertex 13.9181 -8.6539 6
      vertex 13.7701 -8.50081 0
      vertex 13.7701 -8.50081 6
    endloop
  endfacet
  facet normal 0.718958 0.695054 0
    outer loop
      vertex 13.7701 -8.50081 0
      vertex 13.9181 -8.6539 6
      vertex 13.9181 -8.6539 0
    endloop
  endfacet
  facet normal 0.755056 0.65566 0
    outer loop
      vertex 14.0873 -8.84875 6
      vertex 13.9181 -8.6539 0
      vertex 13.9181 -8.6539 6
    endloop
  endfacet
  facet normal 0.755056 0.65566 0
    outer loop
      vertex 13.9181 -8.6539 0
      vertex 14.0873 -8.84875 6
      vertex 14.0873 -8.84875 0
    endloop
  endfacet
  facet normal 0.789018 0.61437 0
    outer loop
      vertex 14.2736 -9.08801 6
      vertex 14.0873 -8.84875 0
      vertex 14.0873 -8.84875 6
    endloop
  endfacet
  facet normal 0.789018 0.61437 0
    outer loop
      vertex 14.0873 -8.84875 0
      vertex 14.2736 -9.08801 6
      vertex 14.2736 -9.08801 0
    endloop
  endfacet
  facet normal 0.820656 0.571423 0
    outer loop
      vertex 14.4727 -9.37395 6
      vertex 14.2736 -9.08801 0
      vertex 14.2736 -9.08801 6
    endloop
  endfacet
  facet normal 0.820656 0.571423 0
    outer loop
      vertex 14.2736 -9.08801 0
      vertex 14.4727 -9.37395 6
      vertex 14.4727 -9.37395 0
    endloop
  endfacet
  facet normal 0.849948 0.526867 0
    outer loop
      vertex 14.6801 -9.70853 6
      vertex 14.4727 -9.37395 0
      vertex 14.4727 -9.37395 6
    endloop
  endfacet
  facet normal 0.849948 0.526867 0
    outer loop
      vertex 14.4727 -9.37395 0
      vertex 14.6801 -9.70853 6
      vertex 14.6801 -9.70853 0
    endloop
  endfacet
  facet normal 0.826187 -0.563396 0
    outer loop
      vertex 14.4006 -10.1184 6
      vertex 14.6801 -9.70853 0
      vertex 14.6801 -9.70853 6
    endloop
  endfacet
  facet normal 0.826187 -0.563396 0
    outer loop
      vertex 14.6801 -9.70853 0
      vertex 14.4006 -10.1184 6
      vertex 14.4006 -10.1184 0
    endloop
  endfacet
  facet normal -0.179869 -0.983691 0
    outer loop
      vertex 14.0134 -10.0476 0
      vertex 14.4006 -10.1184 6
      vertex 14.0134 -10.0476 6
    endloop
  endfacet
  facet normal -0.179869 -0.983691 -0
    outer loop
      vertex 14.4006 -10.1184 6
      vertex 14.0134 -10.0476 0
      vertex 14.4006 -10.1184 0
    endloop
  endfacet
  facet normal -0.232217 -0.972664 0
    outer loop
      vertex 13.6745 -9.96669 0
      vertex 14.0134 -10.0476 6
      vertex 13.6745 -9.96669 6
    endloop
  endfacet
  facet normal -0.232217 -0.972664 -0
    outer loop
      vertex 14.0134 -10.0476 6
      vertex 13.6745 -9.96669 0
      vertex 14.0134 -10.0476 0
    endloop
  endfacet
  facet normal -0.283716 -0.958908 0
    outer loop
      vertex 13.3837 -9.88065 0
      vertex 13.6745 -9.96669 6
      vertex 13.3837 -9.88065 6
    endloop
  endfacet
  facet normal -0.283716 -0.958908 -0
    outer loop
      vertex 13.6745 -9.96669 6
      vertex 13.3837 -9.88065 0
      vertex 13.6745 -9.96669 0
    endloop
  endfacet
  facet normal -0.334455 -0.942412 0
    outer loop
      vertex 13.1405 -9.79434 0
      vertex 13.3837 -9.88065 6
      vertex 13.1405 -9.79434 6
    endloop
  endfacet
  facet normal -0.334455 -0.942412 -0
    outer loop
      vertex 13.3837 -9.88065 6
      vertex 13.1405 -9.79434 0
      vertex 13.3837 -9.88065 0
    endloop
  endfacet
  facet normal -0.384315 -0.923202 0
    outer loop
      vertex 12.944 -9.71254 0
      vertex 13.1405 -9.79434 6
      vertex 12.944 -9.71254 6
    endloop
  endfacet
  facet normal -0.384315 -0.923202 -0
    outer loop
      vertex 13.1405 -9.79434 6
      vertex 12.944 -9.71254 0
      vertex 13.1405 -9.79434 0
    endloop
  endfacet
  facet normal -0.432847 -0.901467 0
    outer loop
      vertex 12.7928 -9.63994 0
      vertex 12.944 -9.71254 6
      vertex 12.7928 -9.63994 6
    endloop
  endfacet
  facet normal -0.432847 -0.901467 -0
    outer loop
      vertex 12.944 -9.71254 6
      vertex 12.7928 -9.63994 0
      vertex 12.944 -9.71254 0
    endloop
  endfacet
  facet normal -0.480007 -0.877265 0
    outer loop
      vertex 12.6853 -9.58112 0
      vertex 12.7928 -9.63994 6
      vertex 12.6853 -9.58112 6
    endloop
  endfacet
  facet normal -0.480007 -0.877265 -0
    outer loop
      vertex 12.7928 -9.63994 6
      vertex 12.6853 -9.58112 0
      vertex 12.7928 -9.63994 0
    endloop
  endfacet
  facet normal -0.525482 -0.850805 0
    outer loop
      vertex 12.6195 -9.54048 0
      vertex 12.6853 -9.58112 6
      vertex 12.6195 -9.54048 6
    endloop
  endfacet
  facet normal -0.525482 -0.850805 -0
    outer loop
      vertex 12.6853 -9.58112 6
      vertex 12.6195 -9.54048 0
      vertex 12.6853 -9.58112 0
    endloop
  endfacet
  facet normal -0.603638 -0.797258 0
    outer loop
      vertex 12.6139 -9.53624 0
      vertex 12.6195 -9.54048 6
      vertex 12.6139 -9.53624 6
    endloop
  endfacet
  facet normal -0.603638 -0.797258 -0
    outer loop
      vertex 12.6195 -9.54048 6
      vertex 12.6139 -9.53624 0
      vertex 12.6195 -9.54048 0
    endloop
  endfacet
  facet normal 0.783811 -0.620999 0
    outer loop
      vertex 12.106 -10.1773 6
      vertex 12.6139 -9.53624 0
      vertex 12.6139 -9.53624 6
    endloop
  endfacet
  facet normal 0.783811 -0.620999 0
    outer loop
      vertex 12.6139 -9.53624 0
      vertex 12.106 -10.1773 6
      vertex 12.106 -10.1773 0
    endloop
  endfacet
  facet normal 0.635707 0.77193 -0
    outer loop
      vertex 12.1094 -10.1801 0
      vertex 12.106 -10.1773 6
      vertex 12.1094 -10.1801 6
    endloop
  endfacet
  facet normal 0.635707 0.77193 0
    outer loop
      vertex 12.106 -10.1773 6
      vertex 12.1094 -10.1801 0
      vertex 12.106 -10.1773 0
    endloop
  endfacet
  facet normal 0.712259 0.701917 0
    outer loop
      vertex 12.1637 -10.2352 6
      vertex 12.1094 -10.1801 0
      vertex 12.1094 -10.1801 6
    endloop
  endfacet
  facet normal 0.712259 0.701917 0
    outer loop
      vertex 12.1094 -10.1801 0
      vertex 12.1637 -10.2352 6
      vertex 12.1637 -10.2352 0
    endloop
  endfacet
  facet normal 0.749028 0.662539 0
    outer loop
      vertex 12.2449 -10.327 6
      vertex 12.1637 -10.2352 0
      vertex 12.1637 -10.2352 6
    endloop
  endfacet
  facet normal 0.749028 0.662539 0
    outer loop
      vertex 12.1637 -10.2352 0
      vertex 12.2449 -10.327 6
      vertex 12.2449 -10.327 0
    endloop
  endfacet
  facet normal 0.782495 0.622656 0
    outer loop
      vertex 12.3493 -10.4582 6
      vertex 12.2449 -10.327 0
      vertex 12.2449 -10.327 6
    endloop
  endfacet
  facet normal 0.782495 0.622656 0
    outer loop
      vertex 12.2449 -10.327 0
      vertex 12.3493 -10.4582 6
      vertex 12.3493 -10.4582 0
    endloop
  endfacet
  facet normal 0.814526 0.580127 0
    outer loop
      vertex 12.4728 -10.6316 6
      vertex 12.3493 -10.4582 0
      vertex 12.3493 -10.4582 6
    endloop
  endfacet
  facet normal 0.814526 0.580127 0
    outer loop
      vertex 12.3493 -10.4582 0
      vertex 12.4728 -10.6316 6
      vertex 12.4728 -10.6316 0
    endloop
  endfacet
  facet normal 0.844299 0.535872 0
    outer loop
      vertex 12.6111 -10.8495 6
      vertex 12.4728 -10.6316 0
      vertex 12.4728 -10.6316 6
    endloop
  endfacet
  facet normal 0.844299 0.535872 0
    outer loop
      vertex 12.4728 -10.6316 0
      vertex 12.6111 -10.8495 6
      vertex 12.6111 -10.8495 0
    endloop
  endfacet
  facet normal 0.871752 0.489948 0
    outer loop
      vertex 12.7597 -11.1139 6
      vertex 12.6111 -10.8495 0
      vertex 12.6111 -10.8495 6
    endloop
  endfacet
  facet normal 0.871752 0.489948 0
    outer loop
      vertex 12.6111 -10.8495 0
      vertex 12.7597 -11.1139 6
      vertex 12.7597 -11.1139 0
    endloop
  endfacet
  facet normal 0.896712 0.442615 0
    outer loop
      vertex 12.9139 -11.4263 6
      vertex 12.7597 -11.1139 0
      vertex 12.7597 -11.1139 6
    endloop
  endfacet
  facet normal 0.896712 0.442615 0
    outer loop
      vertex 12.7597 -11.1139 0
      vertex 12.9139 -11.4263 6
      vertex 12.9139 -11.4263 0
    endloop
  endfacet
  facet normal 0.918974 0.394318 0
    outer loop
      vertex 13.0691 -11.788 6
      vertex 12.9139 -11.4263 0
      vertex 12.9139 -11.4263 6
    endloop
  endfacet
  facet normal 0.918974 0.394318 0
    outer loop
      vertex 12.9139 -11.4263 0
      vertex 13.0691 -11.788 6
      vertex 13.0691 -11.788 0
    endloop
  endfacet
  facet normal 0.733116 -0.680103 0
    outer loop
      vertex 12.7317 -12.1517 6
      vertex 13.0691 -11.788 0
      vertex 13.0691 -11.788 6
    endloop
  endfacet
  facet normal 0.733116 -0.680103 0
    outer loop
      vertex 13.0691 -11.788 0
      vertex 12.7317 -12.1517 6
      vertex 12.7317 -12.1517 0
    endloop
  endfacet
  facet normal -0.324675 -0.945826 0
    outer loop
      vertex 12.3594 -12.0239 0
      vertex 12.7317 -12.1517 6
      vertex 12.3594 -12.0239 6
    endloop
  endfacet
  facet normal -0.324675 -0.945826 -0
    outer loop
      vertex 12.7317 -12.1517 6
      vertex 12.3594 -12.0239 0
      vertex 12.7317 -12.1517 0
    endloop
  endfacet
  facet normal -0.374259 -0.927324 0
    outer loop
      vertex 12.0363 -11.8935 0
      vertex 12.3594 -12.0239 6
      vertex 12.0363 -11.8935 6
    endloop
  endfacet
  facet normal -0.374259 -0.927324 -0
    outer loop
      vertex 12.3594 -12.0239 6
      vertex 12.0363 -11.8935 0
      vertex 12.3594 -12.0239 0
    endloop
  endfacet
  facet normal -0.423716 -0.905795 0
    outer loop
      vertex 11.7616 -11.765 0
      vertex 12.0363 -11.8935 6
      vertex 11.7616 -11.765 6
    endloop
  endfacet
  facet normal -0.423716 -0.905795 -0
    outer loop
      vertex 12.0363 -11.8935 6
      vertex 11.7616 -11.765 0
      vertex 12.0363 -11.8935 0
    endloop
  endfacet
  facet normal -0.471232 -0.882009 0
    outer loop
      vertex 11.534 -11.6434 0
      vertex 11.7616 -11.765 6
      vertex 11.534 -11.6434 6
    endloop
  endfacet
  facet normal -0.471232 -0.882009 -0
    outer loop
      vertex 11.7616 -11.765 6
      vertex 11.534 -11.6434 0
      vertex 11.7616 -11.765 0
    endloop
  endfacet
  facet normal -0.517187 -0.855872 0
    outer loop
      vertex 11.3518 -11.5333 0
      vertex 11.534 -11.6434 6
      vertex 11.3518 -11.5333 6
    endloop
  endfacet
  facet normal -0.517187 -0.855872 -0
    outer loop
      vertex 11.534 -11.6434 6
      vertex 11.3518 -11.5333 0
      vertex 11.534 -11.6434 0
    endloop
  endfacet
  facet normal -0.562652 -0.826694 0
    outer loop
      vertex 11.2131 -11.4389 0
      vertex 11.3518 -11.5333 6
      vertex 11.2131 -11.4389 6
    endloop
  endfacet
  facet normal -0.562652 -0.826694 -0
    outer loop
      vertex 11.3518 -11.5333 6
      vertex 11.2131 -11.4389 0
      vertex 11.3518 -11.5333 0
    endloop
  endfacet
  facet normal -0.6056 -0.795769 0
    outer loop
      vertex 11.1156 -11.3647 0
      vertex 11.2131 -11.4389 6
      vertex 11.1156 -11.3647 6
    endloop
  endfacet
  facet normal -0.6056 -0.795769 -0
    outer loop
      vertex 11.2131 -11.4389 6
      vertex 11.1156 -11.3647 0
      vertex 11.2131 -11.4389 0
    endloop
  endfacet
  facet normal -0.645768 -0.763534 0
    outer loop
      vertex 11.0566 -11.3148 0
      vertex 11.1156 -11.3647 6
      vertex 11.0566 -11.3148 6
    endloop
  endfacet
  facet normal -0.645768 -0.763534 -0
    outer loop
      vertex 11.1156 -11.3647 6
      vertex 11.0566 -11.3148 0
      vertex 11.1156 -11.3647 0
    endloop
  endfacet
  facet normal -0.721105 -0.692826 0
    outer loop
      vertex 11.0566 -11.3148 0
      vertex 11.0517 -11.3097 6
      vertex 11.0517 -11.3097 0
    endloop
  endfacet
  facet normal -0.721105 -0.692826 0
    outer loop
      vertex 11.0517 -11.3097 6
      vertex 11.0566 -11.3148 0
      vertex 11.0566 -11.3148 6
    endloop
  endfacet
  facet normal 0.68261 -0.730783 0
    outer loop
      vertex 10.454 -11.868 0
      vertex 11.0517 -11.3097 6
      vertex 10.454 -11.868 6
    endloop
  endfacet
  facet normal 0.68261 -0.730783 0
    outer loop
      vertex 11.0517 -11.3097 6
      vertex 10.454 -11.868 0
      vertex 11.0517 -11.3097 0
    endloop
  endfacet
  facet normal 0.740987 0.671519 0
    outer loop
      vertex 10.4569 -11.8712 6
      vertex 10.454 -11.868 0
      vertex 10.454 -11.868 6
    endloop
  endfacet
  facet normal 0.740987 0.671519 0
    outer loop
      vertex 10.454 -11.868 0
      vertex 10.4569 -11.8712 6
      vertex 10.4569 -11.8712 0
    endloop
  endfacet
  facet normal 0.809518 0.587095 0
    outer loop
      vertex 10.5023 -11.9338 6
      vertex 10.4569 -11.8712 0
      vertex 10.4569 -11.8712 6
    endloop
  endfacet
  facet normal 0.809518 0.587095 0
    outer loop
      vertex 10.4569 -11.8712 0
      vertex 10.5023 -11.9338 6
      vertex 10.5023 -11.9338 0
    endloop
  endfacet
  facet normal 0.838891 0.5443 0
    outer loop
      vertex 10.569 -12.0366 6
      vertex 10.5023 -11.9338 0
      vertex 10.5023 -11.9338 6
    endloop
  endfacet
  facet normal 0.838891 0.5443 0
    outer loop
      vertex 10.5023 -11.9338 0
      vertex 10.569 -12.0366 6
      vertex 10.569 -12.0366 0
    endloop
  endfacet
  facet normal 0.866662 0.498897 0
    outer loop
      vertex 10.6527 -12.182 6
      vertex 10.569 -12.0366 0
      vertex 10.569 -12.0366 6
    endloop
  endfacet
  facet normal 0.866662 0.498897 0
    outer loop
      vertex 10.569 -12.0366 0
      vertex 10.6527 -12.182 6
      vertex 10.6527 -12.182 0
    endloop
  endfacet
  facet normal 0.892066 0.451905 0
    outer loop
      vertex 10.7489 -12.3719 6
      vertex 10.6527 -12.182 0
      vertex 10.6527 -12.182 6
    endloop
  endfacet
  facet normal 0.892066 0.451905 0
    outer loop
      vertex 10.6527 -12.182 0
      vertex 10.7489 -12.3719 6
      vertex 10.7489 -12.3719 0
    endloop
  endfacet
  facet normal 0.914657 0.404232 0
    outer loop
      vertex 10.8532 -12.6079 6
      vertex 10.7489 -12.3719 0
      vertex 10.7489 -12.3719 6
    endloop
  endfacet
  facet normal 0.914657 0.404232 0
    outer loop
      vertex 10.7489 -12.3719 0
      vertex 10.8532 -12.6079 6
      vertex 10.8532 -12.6079 0
    endloop
  endfacet
  facet normal 0.935077 0.354445 0
    outer loop
      vertex 10.9607 -12.8915 6
      vertex 10.8532 -12.6079 0
      vertex 10.8532 -12.6079 6
    endloop
  endfacet
  facet normal 0.935077 0.354445 0
    outer loop
      vertex 10.8532 -12.6079 0
      vertex 10.9607 -12.8915 6
      vertex 10.9607 -12.8915 0
    endloop
  endfacet
  facet normal 0.952597 0.304234 0
    outer loop
      vertex 11.0667 -13.2234 6
      vertex 10.9607 -12.8915 0
      vertex 10.9607 -12.8915 6
    endloop
  endfacet
  facet normal 0.952597 0.304234 0
    outer loop
      vertex 10.9607 -12.8915 0
      vertex 11.0667 -13.2234 6
      vertex 11.0667 -13.2234 0
    endloop
  endfacet
  facet normal 0.967517 0.252805 0
    outer loop
      vertex 11.1662 -13.6042 6
      vertex 11.0667 -13.2234 0
      vertex 11.0667 -13.2234 6
    endloop
  endfacet
  facet normal 0.967517 0.252805 0
    outer loop
      vertex 11.0667 -13.2234 0
      vertex 11.1662 -13.6042 6
      vertex 11.1662 -13.6042 0
    endloop
  endfacet
  facet normal 0.623539 -0.781792 0
    outer loop
      vertex 10.7784 -13.9135 0
      vertex 11.1662 -13.6042 6
      vertex 10.7784 -13.9135 6
    endloop
  endfacet
  facet normal 0.623539 -0.781792 0
    outer loop
      vertex 11.1662 -13.6042 6
      vertex 10.7784 -13.9135 0
      vertex 11.1662 -13.6042 0
    endloop
  endfacet
  facet normal -0.461889 -0.886938 0
    outer loop
      vertex 10.4293 -13.7317 0
      vertex 10.7784 -13.9135 6
      vertex 10.4293 -13.7317 6
    endloop
  endfacet
  facet normal -0.461889 -0.886938 -0
    outer loop
      vertex 10.7784 -13.9135 6
      vertex 10.4293 -13.7317 0
      vertex 10.7784 -13.9135 0
    endloop
  endfacet
  facet normal -0.508575 -0.861018 0
    outer loop
      vertex 10.1293 -13.5545 0
      vertex 10.4293 -13.7317 6
      vertex 10.1293 -13.5545 6
    endloop
  endfacet
  facet normal -0.508575 -0.861018 -0
    outer loop
      vertex 10.4293 -13.7317 6
      vertex 10.1293 -13.5545 0
      vertex 10.4293 -13.7317 0
    endloop
  endfacet
  facet normal -0.553634 -0.83276 0
    outer loop
      vertex 9.87675 -13.3866 0
      vertex 10.1293 -13.5545 6
      vertex 9.87675 -13.3866 6
    endloop
  endfacet
  facet normal -0.553634 -0.83276 -0
    outer loop
      vertex 10.1293 -13.5545 6
      vertex 9.87675 -13.3866 0
      vertex 10.1293 -13.5545 0
    endloop
  endfacet
  facet normal -0.597486 -0.801879 0
    outer loop
      vertex 9.6698 -13.2324 0
      vertex 9.87675 -13.3866 6
      vertex 9.6698 -13.2324 6
    endloop
  endfacet
  facet normal -0.597486 -0.801879 -0
    outer loop
      vertex 9.87675 -13.3866 6
      vertex 9.6698 -13.2324 0
      vertex 9.87675 -13.3866 0
    endloop
  endfacet
  facet normal -0.639283 -0.768972 0
    outer loop
      vertex 9.50609 -13.0963 0
      vertex 9.6698 -13.2324 6
      vertex 9.50609 -13.0963 6
    endloop
  endfacet
  facet normal -0.639283 -0.768972 -0
    outer loop
      vertex 9.6698 -13.2324 6
      vertex 9.50609 -13.0963 0
      vertex 9.6698 -13.2324 0
    endloop
  endfacet
  facet normal -0.679206 -0.733948 0
    outer loop
      vertex 9.38301 -12.9824 0
      vertex 9.50609 -13.0963 6
      vertex 9.38301 -12.9824 6
    endloop
  endfacet
  facet normal -0.679206 -0.733948 -0
    outer loop
      vertex 9.50609 -13.0963 6
      vertex 9.38301 -12.9824 0
      vertex 9.50609 -13.0963 0
    endloop
  endfacet
  facet normal -0.717355 -0.696708 0
    outer loop
      vertex 9.38301 -12.9824 0
      vertex 9.29764 -12.8945 6
      vertex 9.29764 -12.8945 0
    endloop
  endfacet
  facet normal -0.717355 -0.696708 0
    outer loop
      vertex 9.29764 -12.8945 6
      vertex 9.38301 -12.9824 0
      vertex 9.38301 -12.9824 6
    endloop
  endfacet
  facet normal -0.752609 -0.658468 0
    outer loop
      vertex 9.29764 -12.8945 0
      vertex 9.24672 -12.8363 6
      vertex 9.24672 -12.8363 0
    endloop
  endfacet
  facet normal -0.752609 -0.658468 0
    outer loop
      vertex 9.24672 -12.8363 6
      vertex 9.29764 -12.8945 0
      vertex 9.29764 -12.8945 6
    endloop
  endfacet
  facet normal -0.811129 -0.584867 0
    outer loop
      vertex 9.24672 -12.8363 0
      vertex 9.24261 -12.8306 6
      vertex 9.24261 -12.8306 0
    endloop
  endfacet
  facet normal -0.811129 -0.584867 0
    outer loop
      vertex 9.24261 -12.8306 6
      vertex 9.24672 -12.8363 0
      vertex 9.24672 -12.8363 6
    endloop
  endfacet
  facet normal 0.566009 -0.824399 0
    outer loop
      vertex 8.56839 -13.2935 0
      vertex 9.24261 -12.8306 6
      vertex 8.56839 -13.2935 6
    endloop
  endfacet
  facet normal 0.566009 -0.824399 0
    outer loop
      vertex 9.24261 -12.8306 6
      vertex 8.56839 -13.2935 0
      vertex 9.24261 -12.8306 0
    endloop
  endfacet
  facet normal 0.837379 0.546623 0
    outer loop
      vertex 8.57074 -13.2971 6
      vertex 8.56839 -13.2935 0
      vertex 8.56839 -13.2935 6
    endloop
  endfacet
  facet normal 0.837379 0.546623 0
    outer loop
      vertex 8.56839 -13.2935 0
      vertex 8.57074 -13.2971 6
      vertex 8.57074 -13.2971 0
    endloop
  endfacet
  facet normal 0.887819 0.460193 0
    outer loop
      vertex 8.60635 -13.3658 6
      vertex 8.57074 -13.2971 0
      vertex 8.57074 -13.2971 6
    endloop
  endfacet
  facet normal 0.887819 0.460193 0
    outer loop
      vertex 8.57074 -13.2971 0
      vertex 8.60635 -13.3658 6
      vertex 8.60635 -13.3658 0
    endloop
  endfacet
  facet normal 0.910665 0.413145 0
    outer loop
      vertex 8.65698 -13.4774 6
      vertex 8.60635 -13.3658 0
      vertex 8.60635 -13.3658 6
    endloop
  endfacet
  facet normal 0.910665 0.413145 0
    outer loop
      vertex 8.60635 -13.3658 0
      vertex 8.65698 -13.4774 6
      vertex 8.65698 -13.4774 0
    endloop
  endfacet
  facet normal 0.931287 0.364287 0
    outer loop
      vertex 8.71808 -13.6336 6
      vertex 8.65698 -13.4774 0
      vertex 8.65698 -13.4774 6
    endloop
  endfacet
  facet normal 0.931287 0.364287 0
    outer loop
      vertex 8.65698 -13.4774 0
      vertex 8.71808 -13.6336 6
      vertex 8.71808 -13.6336 0
    endloop
  endfacet
  facet normal 0.949367 0.31417 0
    outer loop
      vertex 8.78496 -13.8357 6
      vertex 8.71808 -13.6336 0
      vertex 8.71808 -13.6336 6
    endloop
  endfacet
  facet normal 0.949367 0.31417 0
    outer loop
      vertex 8.71808 -13.6336 0
      vertex 8.78496 -13.8357 6
      vertex 8.78496 -13.8357 0
    endloop
  endfacet
  facet normal 0.964773 0.263085 0
    outer loop
      vertex 8.85286 -14.0847 6
      vertex 8.78496 -13.8357 0
      vertex 8.78496 -13.8357 6
    endloop
  endfacet
  facet normal 0.964773 0.263085 0
    outer loop
      vertex 8.78496 -13.8357 0
      vertex 8.85286 -14.0847 6
      vertex 8.85286 -14.0847 0
    endloop
  endfacet
  facet normal 0.977425 0.211281 0
    outer loop
      vertex 8.91693 -14.3811 6
      vertex 8.85286 -14.0847 0
      vertex 8.85286 -14.0847 6
    endloop
  endfacet
  facet normal 0.977425 0.211281 0
    outer loop
      vertex 8.85286 -14.0847 0
      vertex 8.91693 -14.3811 6
      vertex 8.91693 -14.3811 0
    endloop
  endfacet
  facet normal 0.987319 0.158746 0
    outer loop
      vertex 8.97224 -14.7251 6
      vertex 8.91693 -14.3811 0
      vertex 8.91693 -14.3811 6
    endloop
  endfacet
  facet normal 0.987319 0.158746 0
    outer loop
      vertex 8.91693 -14.3811 0
      vertex 8.97224 -14.7251 6
      vertex 8.97224 -14.7251 0
    endloop
  endfacet
  facet normal 0.994383 0.105841 0
    outer loop
      vertex 9.0139 -15.1165 6
      vertex 8.97224 -14.7251 0
      vertex 8.97224 -14.7251 6
    endloop
  endfacet
  facet normal 0.994383 0.105841 0
    outer loop
      vertex 8.97224 -14.7251 0
      vertex 9.0139 -15.1165 6
      vertex 9.0139 -15.1165 0
    endloop
  endfacet
  facet normal 0.49999 -0.866031 0
    outer loop
      vertex 8.58434 -15.3645 0
      vertex 9.0139 -15.1165 6
      vertex 8.58434 -15.3645 6
    endloop
  endfacet
  facet normal 0.49999 -0.866031 0
    outer loop
      vertex 9.0139 -15.1165 6
      vertex 8.58434 -15.3645 0
      vertex 9.0139 -15.1165 0
    endloop
  endfacet
  facet normal -0.5887 -0.808351 0
    outer loop
      vertex 8.26619 -15.1328 0
      vertex 8.58434 -15.3645 6
      vertex 8.26619 -15.1328 6
    endloop
  endfacet
  facet normal -0.5887 -0.808351 -0
    outer loop
      vertex 8.58434 -15.3645 6
      vertex 8.26619 -15.1328 0
      vertex 8.58434 -15.3645 0
    endloop
  endfacet
  facet normal -0.631308 -0.775533 0
    outer loop
      vertex 7.99593 -14.9128 0
      vertex 8.26619 -15.1328 6
      vertex 7.99593 -14.9128 6
    endloop
  endfacet
  facet normal -0.631308 -0.775533 -0
    outer loop
      vertex 8.26619 -15.1328 6
      vertex 7.99593 -14.9128 0
      vertex 8.26619 -15.1328 0
    endloop
  endfacet
  facet normal -0.671523 -0.740984 0
    outer loop
      vertex 7.77127 -14.7092 0
      vertex 7.99593 -14.9128 6
      vertex 7.77127 -14.7092 6
    endloop
  endfacet
  facet normal -0.671523 -0.740984 -0
    outer loop
      vertex 7.99593 -14.9128 6
      vertex 7.77127 -14.7092 0
      vertex 7.99593 -14.9128 0
    endloop
  endfacet
  facet normal -0.710258 -0.703942 0
    outer loop
      vertex 7.77127 -14.7092 0
      vertex 7.5896 -14.5259 6
      vertex 7.5896 -14.5259 0
    endloop
  endfacet
  facet normal -0.710258 -0.703942 0
    outer loop
      vertex 7.5896 -14.5259 6
      vertex 7.77127 -14.7092 0
      vertex 7.77127 -14.7092 6
    endloop
  endfacet
  facet normal -0.746787 -0.665063 0
    outer loop
      vertex 7.5896 -14.5259 0
      vertex 7.448 -14.3669 6
      vertex 7.448 -14.3669 0
    endloop
  endfacet
  facet normal -0.746787 -0.665063 0
    outer loop
      vertex 7.448 -14.3669 6
      vertex 7.5896 -14.5259 0
      vertex 7.5896 -14.5259 6
    endloop
  endfacet
  facet normal -0.781101 -0.624404 0
    outer loop
      vertex 7.448 -14.3669 0
      vertex 7.34328 -14.2359 6
      vertex 7.34328 -14.2359 0
    endloop
  endfacet
  facet normal -0.781101 -0.624404 0
    outer loop
      vertex 7.34328 -14.2359 6
      vertex 7.448 -14.3669 0
      vertex 7.448 -14.3669 6
    endloop
  endfacet
  facet normal -0.813325 -0.581809 0
    outer loop
      vertex 7.34328 -14.2359 0
      vertex 7.27196 -14.1362 6
      vertex 7.27196 -14.1362 0
    endloop
  endfacet
  facet normal -0.813325 -0.581809 0
    outer loop
      vertex 7.27196 -14.1362 6
      vertex 7.34328 -14.2359 0
      vertex 7.34328 -14.2359 6
    endloop
  endfacet
  facet normal -0.842295 -0.539017 0
    outer loop
      vertex 7.27196 -14.1362 0
      vertex 7.2303 -14.0711 6
      vertex 7.2303 -14.0711 0
    endloop
  endfacet
  facet normal -0.842295 -0.539017 0
    outer loop
      vertex 7.2303 -14.0711 6
      vertex 7.27196 -14.1362 0
      vertex 7.27196 -14.1362 6
    endloop
  endfacet
  facet normal -0.890435 -0.455111 0
    outer loop
      vertex 7.2303 -14.0711 0
      vertex 7.22708 -14.0648 6
      vertex 7.22708 -14.0648 0
    endloop
  endfacet
  facet normal -0.890435 -0.455111 0
    outer loop
      vertex 7.22708 -14.0648 6
      vertex 7.2303 -14.0711 0
      vertex 7.2303 -14.0711 6
    endloop
  endfacet
  facet normal 0.436869 -0.899525 0
    outer loop
      vertex 6.49139 -14.4221 0
      vertex 7.22708 -14.0648 6
      vertex 6.49139 -14.4221 6
    endloop
  endfacet
  facet normal 0.436869 -0.899525 0
    outer loop
      vertex 7.22708 -14.0648 6
      vertex 6.49139 -14.4221 0
      vertex 7.22708 -14.0648 0
    endloop
  endfacet
  facet normal 0.908844 0.417136 0
    outer loop
      vertex 6.49318 -14.426 6
      vertex 6.49139 -14.4221 0
      vertex 6.49139 -14.4221 6
    endloop
  endfacet
  facet normal 0.908844 0.417136 0
    outer loop
      vertex 6.49139 -14.4221 0
      vertex 6.49318 -14.426 6
      vertex 6.49318 -14.426 0
    endloop
  endfacet
  facet normal 0.946544 0.322574 0
    outer loop
      vertex 6.51816 -14.4993 6
      vertex 6.49318 -14.426 0
      vertex 6.49318 -14.426 6
    endloop
  endfacet
  facet normal 0.946544 0.322574 0
    outer loop
      vertex 6.49318 -14.426 0
      vertex 6.51816 -14.4993 6
      vertex 6.51816 -14.4993 0
    endloop
  endfacet
  facet normal 0.962012 0.273006 0
    outer loop
      vertex 6.55159 -14.6171 6
      vertex 6.51816 -14.4993 0
      vertex 6.51816 -14.4993 6
    endloop
  endfacet
  facet normal 0.962012 0.273006 0
    outer loop
      vertex 6.51816 -14.4993 0
      vertex 6.55159 -14.6171 6
      vertex 6.55159 -14.6171 0
    endloop
  endfacet
  facet normal 0.975212 0.221271 0
    outer loop
      vertex 6.58871 -14.7807 6
      vertex 6.55159 -14.6171 0
      vertex 6.55159 -14.6171 6
    endloop
  endfacet
  facet normal 0.975212 0.221271 0
    outer loop
      vertex 6.55159 -14.6171 0
      vertex 6.58871 -14.7807 6
      vertex 6.58871 -14.7807 0
    endloop
  endfacet
  facet normal 0.98558 0.169212 0
    outer loop
      vertex 6.62473 -14.9905 6
      vertex 6.58871 -14.7807 0
      vertex 6.58871 -14.7807 6
    endloop
  endfacet
  facet normal 0.98558 0.169212 0
    outer loop
      vertex 6.58871 -14.7807 0
      vertex 6.62473 -14.9905 6
      vertex 6.62473 -14.9905 0
    endloop
  endfacet
  facet normal 0.99321 0.116333 0
    outer loop
      vertex 6.65475 -15.2468 6
      vertex 6.62473 -14.9905 0
      vertex 6.62473 -14.9905 6
    endloop
  endfacet
  facet normal 0.99321 0.116333 0
    outer loop
      vertex 6.62473 -14.9905 0
      vertex 6.65475 -15.2468 6
      vertex 6.65475 -15.2468 0
    endloop
  endfacet
  facet normal 0.997999 0.0632362 0
    outer loop
      vertex 6.67393 -15.5495 6
      vertex 6.65475 -15.2468 0
      vertex 6.65475 -15.2468 6
    endloop
  endfacet
  facet normal 0.997999 0.0632362 0
    outer loop
      vertex 6.65475 -15.2468 0
      vertex 6.67393 -15.5495 6
      vertex 6.67393 -15.5495 0
    endloop
  endfacet
  facet normal 0.999951 0.00987323 0
    outer loop
      vertex 6.67737 -15.8979 6
      vertex 6.67393 -15.5495 0
      vertex 6.67393 -15.5495 6
    endloop
  endfacet
  facet normal 0.999951 0.00987323 0
    outer loop
      vertex 6.67393 -15.5495 0
      vertex 6.67737 -15.8979 6
      vertex 6.67737 -15.8979 0
    endloop
  endfacet
  facet normal 0.999051 -0.0435497 0
    outer loop
      vertex 6.66023 -16.2911 6
      vertex 6.67737 -15.8979 0
      vertex 6.67737 -15.8979 6
    endloop
  endfacet
  facet normal 0.999051 -0.0435497 0
    outer loop
      vertex 6.67737 -15.8979 0
      vertex 6.66023 -16.2911 6
      vertex 6.66023 -16.2911 0
    endloop
  endfacet
  facet normal 0.365481 -0.930819 0
    outer loop
      vertex 6.19849 -16.4724 0
      vertex 6.66023 -16.2911 6
      vertex 6.19849 -16.4724 6
    endloop
  endfacet
  facet normal 0.365481 -0.930819 0
    outer loop
      vertex 6.66023 -16.2911 6
      vertex 6.19849 -16.4724 0
      vertex 6.66023 -16.2911 0
    endloop
  endfacet
  facet normal -0.702839 -0.711349 0
    outer loop
      vertex 5.91844 -16.1957 0
      vertex 6.19849 -16.4724 6
      vertex 5.91844 -16.1957 6
    endloop
  endfacet
  facet normal -0.702839 -0.711349 -0
    outer loop
      vertex 6.19849 -16.4724 6
      vertex 5.91844 -16.1957 0
      vertex 6.19849 -16.4724 0
    endloop
  endfacet
  facet normal -0.739672 -0.672967 0
    outer loop
      vertex 5.91844 -16.1957 0
      vertex 5.68398 -15.938 6
      vertex 5.68398 -15.938 0
    endloop
  endfacet
  facet normal -0.739672 -0.672967 0
    outer loop
      vertex 5.68398 -15.938 6
      vertex 5.91844 -16.1957 0
      vertex 5.91844 -16.1957 6
    endloop
  endfacet
  facet normal -0.774605 -0.632446 0
    outer loop
      vertex 5.68398 -15.938 0
      vertex 5.49219 -15.7031 6
      vertex 5.49219 -15.7031 0
    endloop
  endfacet
  facet normal -0.774605 -0.632446 0
    outer loop
      vertex 5.49219 -15.7031 6
      vertex 5.68398 -15.938 0
      vertex 5.68398 -15.938 6
    endloop
  endfacet
  facet normal -0.807187 -0.590296 0
    outer loop
      vertex 5.49219 -15.7031 0
      vertex 5.33986 -15.4948 6
      vertex 5.33986 -15.4948 0
    endloop
  endfacet
  facet normal -0.807187 -0.590296 0
    outer loop
      vertex 5.33986 -15.4948 6
      vertex 5.49219 -15.7031 0
      vertex 5.49219 -15.7031 6
    endloop
  endfacet
  facet normal -0.83753 -0.546391 0
    outer loop
      vertex 5.33986 -15.4948 0
      vertex 5.22354 -15.3165 6
      vertex 5.22354 -15.3165 0
    endloop
  endfacet
  facet normal -0.83753 -0.546391 0
    outer loop
      vertex 5.22354 -15.3165 6
      vertex 5.33986 -15.4948 0
      vertex 5.33986 -15.4948 6
    endloop
  endfacet
  facet normal -0.865512 -0.500888 0
    outer loop
      vertex 5.22354 -15.3165 0
      vertex 5.13951 -15.1713 6
      vertex 5.13951 -15.1713 0
    endloop
  endfacet
  facet normal -0.865512 -0.500888 0
    outer loop
      vertex 5.13951 -15.1713 6
      vertex 5.22354 -15.3165 0
      vertex 5.22354 -15.3165 6
    endloop
  endfacet
  facet normal -0.890707 -0.454579 0
    outer loop
      vertex 5.13951 -15.1713 0
      vertex 5.08383 -15.0622 6
      vertex 5.08383 -15.0622 0
    endloop
  endfacet
  facet normal -0.890707 -0.454579 0
    outer loop
      vertex 5.08383 -15.0622 6
      vertex 5.13951 -15.1713 0
      vertex 5.13951 -15.1713 6
    endloop
  endfacet
  facet normal -0.913534 -0.406762 0
    outer loop
      vertex 5.08383 -15.0622 0
      vertex 5.05235 -14.9915 6
      vertex 5.05235 -14.9915 0
    endloop
  endfacet
  facet normal -0.913534 -0.406762 0
    outer loop
      vertex 5.05235 -14.9915 6
      vertex 5.08383 -15.0622 0
      vertex 5.08383 -15.0622 6
    endloop
  endfacet
  facet normal -0.946948 -0.321388 0
    outer loop
      vertex 5.05235 -14.9915 0
      vertex 5.05011 -14.9849 6
      vertex 5.05011 -14.9849 0
    endloop
  endfacet
  facet normal -0.946948 -0.321388 0
    outer loop
      vertex 5.05011 -14.9849 6
      vertex 5.05235 -14.9915 0
      vertex 5.05235 -14.9915 6
    endloop
  endfacet
  facet normal 0.297857 -0.95461 0
    outer loop
      vertex 4.26939 -15.2285 0
      vertex 5.05011 -14.9849 6
      vertex 4.26939 -15.2285 6
    endloop
  endfacet
  facet normal 0.297857 -0.95461 0
    outer loop
      vertex 5.05011 -14.9849 6
      vertex 4.26939 -15.2285 0
      vertex 5.05011 -14.9849 0
    endloop
  endfacet
  facet normal 0.962726 0.27048 0
    outer loop
      vertex 4.27057 -15.2327 6
      vertex 4.26939 -15.2285 0
      vertex 4.26939 -15.2285 6
    endloop
  endfacet
  facet normal 0.962726 0.27048 0
    outer loop
      vertex 4.26939 -15.2285 0
      vertex 4.27057 -15.2327 6
      vertex 4.27057 -15.2327 0
    endloop
  endfacet
  facet normal 0.983998 0.17818 0
    outer loop
      vertex 4.28435 -15.3088 6
      vertex 4.27057 -15.2327 0
      vertex 4.27057 -15.2327 6
    endloop
  endfacet
  facet normal 0.983998 0.17818 0
    outer loop
      vertex 4.27057 -15.2327 0
      vertex 4.28435 -15.3088 6
      vertex 4.28435 -15.3088 0
    endloop
  endfacet
  facet normal 0.991971 0.126466 0
    outer loop
      vertex 4.29984 -15.4303 6
      vertex 4.28435 -15.3088 0
      vertex 4.28435 -15.3088 6
    endloop
  endfacet
  facet normal 0.991971 0.126466 0
    outer loop
      vertex 4.28435 -15.3088 0
      vertex 4.29984 -15.4303 6
      vertex 4.29984 -15.4303 0
    endloop
  endfacet
  facet normal 0.997291 0.0735599 0
    outer loop
      vertex 4.31218 -15.5976 6
      vertex 4.29984 -15.4303 0
      vertex 4.29984 -15.4303 6
    endloop
  endfacet
  facet normal 0.997291 0.0735599 0
    outer loop
      vertex 4.29984 -15.4303 0
      vertex 4.31218 -15.5976 6
      vertex 4.31218 -15.5976 0
    endloop
  endfacet
  facet normal 0.999793 0.020334 0
    outer loop
      vertex 4.31651 -15.8105 6
      vertex 4.31218 -15.5976 0
      vertex 4.31218 -15.5976 6
    endloop
  endfacet
  facet normal 0.999793 0.020334 0
    outer loop
      vertex 4.31218 -15.5976 0
      vertex 4.31651 -15.8105 6
      vertex 4.31651 -15.8105 0
    endloop
  endfacet
  facet normal 0.999457 -0.0329406 0
    outer loop
      vertex 4.30801 -16.0684 6
      vertex 4.31651 -15.8105 0
      vertex 4.31651 -15.8105 6
    endloop
  endfacet
  facet normal 0.999457 -0.0329406 0
    outer loop
      vertex 4.31651 -15.8105 0
      vertex 4.30801 -16.0684 6
      vertex 4.30801 -16.0684 0
    endloop
  endfacet
  facet normal 0.996275 -0.0862383 0
    outer loop
      vertex 4.28186 -16.3705 6
      vertex 4.30801 -16.0684 0
      vertex 4.30801 -16.0684 6
    endloop
  endfacet
  facet normal 0.996275 -0.0862383 0
    outer loop
      vertex 4.30801 -16.0684 0
      vertex 4.28186 -16.3705 6
      vertex 4.28186 -16.3705 0
    endloop
  endfacet
  facet normal 0.990247 -0.139323 0
    outer loop
      vertex 4.23332 -16.7155 6
      vertex 4.28186 -16.3705 0
      vertex 4.28186 -16.3705 6
    endloop
  endfacet
  facet normal 0.990247 -0.139323 0
    outer loop
      vertex 4.28186 -16.3705 0
      vertex 4.23332 -16.7155 6
      vertex 4.23332 -16.7155 0
    endloop
  endfacet
  facet normal 0.981412 -0.191913 0
    outer loop
      vertex 4.15778 -17.1018 6
      vertex 4.23332 -16.7155 0
      vertex 4.23332 -16.7155 6
    endloop
  endfacet
  facet normal 0.981412 -0.191913 0
    outer loop
      vertex 4.23332 -16.7155 0
      vertex 4.15778 -17.1018 6
      vertex 4.15778 -17.1018 0
    endloop
  endfacet
  facet normal 0.222562 -0.974919 0
    outer loop
      vertex 3.67418 -17.2122 0
      vertex 4.15778 -17.1018 6
      vertex 3.67418 -17.2122 6
    endloop
  endfacet
  facet normal 0.222562 -0.974919 0
    outer loop
      vertex 4.15778 -17.1018 6
      vertex 3.67418 -17.2122 0
      vertex 4.15778 -17.1018 0
    endloop
  endfacet
  facet normal -0.800956 -0.598723 0
    outer loop
      vertex 3.67418 -17.2122 0
      vertex 3.43849 -16.8969 6
      vertex 3.43849 -16.8969 0
    endloop
  endfacet
  facet normal -0.800956 -0.598723 0
    outer loop
      vertex 3.43849 -16.8969 6
      vertex 3.67418 -17.2122 0
      vertex 3.67418 -17.2122 6
    endloop
  endfacet
  facet normal -0.831746 -0.555157 0
    outer loop
      vertex 3.43849 -16.8969 0
      vertex 3.24506 -16.6071 6
      vertex 3.24506 -16.6071 0
    endloop
  endfacet
  facet normal -0.831746 -0.555157 0
    outer loop
      vertex 3.24506 -16.6071 6
      vertex 3.43849 -16.8969 0
      vertex 3.43849 -16.8969 6
    endloop
  endfacet
  facet normal -0.860159 -0.510027 0
    outer loop
      vertex 3.24506 -16.6071 0
      vertex 3.09042 -16.3463 6
      vertex 3.09042 -16.3463 0
    endloop
  endfacet
  facet normal -0.860159 -0.510027 0
    outer loop
      vertex 3.09042 -16.3463 6
      vertex 3.24506 -16.6071 0
      vertex 3.24506 -16.6071 6
    endloop
  endfacet
  facet normal -0.886174 -0.463352 0
    outer loop
      vertex 3.09042 -16.3463 0
      vertex 2.97084 -16.1176 6
      vertex 2.97084 -16.1176 0
    endloop
  endfacet
  facet normal -0.886174 -0.463352 0
    outer loop
      vertex 2.97084 -16.1176 6
      vertex 3.09042 -16.3463 0
      vertex 3.09042 -16.3463 6
    endloop
  endfacet
  facet normal -0.909667 -0.415338 0
    outer loop
      vertex 2.97084 -16.1176 0
      vertex 2.8824 -15.9239 6
      vertex 2.8824 -15.9239 0
    endloop
  endfacet
  facet normal -0.909667 -0.415338 0
    outer loop
      vertex 2.8824 -15.9239 6
      vertex 2.97084 -16.1176 0
      vertex 2.97084 -16.1176 6
    endloop
  endfacet
  facet normal -0.930397 -0.366553 0
    outer loop
      vertex 2.8824 -15.9239 0
      vertex 2.82094 -15.7679 6
      vertex 2.82094 -15.7679 0
    endloop
  endfacet
  facet normal -0.930397 -0.366553 0
    outer loop
      vertex 2.82094 -15.7679 6
      vertex 2.8824 -15.9239 0
      vertex 2.8824 -15.9239 6
    endloop
  endfacet
  facet normal -0.948544 -0.316644 0
    outer loop
      vertex 2.82094 -15.7679 0
      vertex 2.78215 -15.6517 6
      vertex 2.78215 -15.6517 0
    endloop
  endfacet
  facet normal -0.948544 -0.316644 0
    outer loop
      vertex 2.78215 -15.6517 6
      vertex 2.82094 -15.7679 0
      vertex 2.82094 -15.7679 6
    endloop
  endfacet
  facet normal -0.963924 -0.266177 0
    outer loop
      vertex 2.78215 -15.6517 0
      vertex 2.76155 -15.5771 6
      vertex 2.76155 -15.5771 0
    endloop
  endfacet
  facet normal -0.963924 -0.266177 0
    outer loop
      vertex 2.76155 -15.5771 6
      vertex 2.78215 -15.6517 0
      vertex 2.78215 -15.6517 6
    endloop
  endfacet
  facet normal -0.984726 -0.174111 0
    outer loop
      vertex 2.76155 -15.5771 0
      vertex 2.76033 -15.5702 6
      vertex 2.76033 -15.5702 0
    endloop
  endfacet
  facet normal -0.984726 -0.174111 0
    outer loop
      vertex 2.76033 -15.5702 6
      vertex 2.76155 -15.5771 0
      vertex 2.76155 -15.5771 6
    endloop
  endfacet
  facet normal 0.152232 -0.988345 0
    outer loop
      vertex 1.95203 -15.6947 0
      vertex 2.76033 -15.5702 6
      vertex 1.95203 -15.6947 6
    endloop
  endfacet
  facet normal 0.152232 -0.988345 0
    outer loop
      vertex 2.76033 -15.5702 6
      vertex 1.95203 -15.6947 0
      vertex 2.76033 -15.5702 0
    endloop
  endfacet
  facet normal 0.992489 0.12233 0
    outer loop
      vertex 1.95256 -15.699 6
      vertex 1.95203 -15.6947 0
      vertex 1.95203 -15.6947 6
    endloop
  endfacet
  facet normal 0.992489 0.12233 0
    outer loop
      vertex 1.95203 -15.6947 0
      vertex 1.95256 -15.699 6
      vertex 1.95256 -15.699 0
    endloop
  endfacet
  facet normal 0.999563 0.0295736 0
    outer loop
      vertex 1.95485 -15.7764 6
      vertex 1.95256 -15.699 0
      vertex 1.95256 -15.699 6
    endloop
  endfacet
  facet normal 0.999563 0.0295736 0
    outer loop
      vertex 1.95256 -15.699 0
      vertex 1.95485 -15.7764 6
      vertex 1.95485 -15.7764 0
    endloop
  endfacet
  facet normal 0.999737 -0.0229515 0
    outer loop
      vertex 1.95204 -15.8988 6
      vertex 1.95485 -15.7764 0
      vertex 1.95485 -15.7764 6
    endloop
  endfacet
  facet normal 0.999737 -0.0229515 0
    outer loop
      vertex 1.95485 -15.7764 0
      vertex 1.95204 -15.8988 6
      vertex 1.95204 -15.8988 0
    endloop
  endfacet
  facet normal 0.997122 -0.0758123 0
    outer loop
      vertex 1.93932 -16.0661 6
      vertex 1.95204 -15.8988 0
      vertex 1.95204 -15.8988 6
    endloop
  endfacet
  facet normal 0.997122 -0.0758123 0
    outer loop
      vertex 1.95204 -15.8988 0
      vertex 1.93932 -16.0661 6
      vertex 1.93932 -16.0661 0
    endloop
  endfacet
  facet normal 0.991657 -0.128901 0
    outer loop
      vertex 1.91188 -16.2772 6
      vertex 1.93932 -16.0661 0
      vertex 1.93932 -16.0661 6
    endloop
  endfacet
  facet normal 0.991657 -0.128901 0
    outer loop
      vertex 1.93932 -16.0661 0
      vertex 1.91188 -16.2772 6
      vertex 1.91188 -16.2772 0
    endloop
  endfacet
  facet normal 0.983379 -0.181565 0
    outer loop
      vertex 1.86502 -16.531 6
      vertex 1.91188 -16.2772 0
      vertex 1.91188 -16.2772 6
    endloop
  endfacet
  facet normal 0.983379 -0.181565 0
    outer loop
      vertex 1.91188 -16.2772 0
      vertex 1.86502 -16.531 6
      vertex 1.86502 -16.531 0
    endloop
  endfacet
  facet normal 0.972291 -0.233772 0
    outer loop
      vertex 1.79414 -16.8258 6
      vertex 1.86502 -16.531 0
      vertex 1.86502 -16.531 6
    endloop
  endfacet
  facet normal 0.972291 -0.233772 0
    outer loop
      vertex 1.86502 -16.531 0
      vertex 1.79414 -16.8258 6
      vertex 1.79414 -16.8258 0
    endloop
  endfacet
  facet normal 0.95844 -0.285294 0
    outer loop
      vertex 1.69472 -17.1598 6
      vertex 1.79414 -16.8258 0
      vertex 1.79414 -16.8258 6
    endloop
  endfacet
  facet normal 0.95844 -0.285294 0
    outer loop
      vertex 1.79414 -16.8258 0
      vertex 1.69472 -17.1598 6
      vertex 1.69472 -17.1598 0
    endloop
  endfacet
  facet normal 0.941833 -0.336082 0
    outer loop
      vertex 1.56244 -17.5305 6
      vertex 1.69472 -17.1598 0
      vertex 1.69472 -17.1598 6
    endloop
  endfacet
  facet normal 0.941833 -0.336082 0
    outer loop
      vertex 1.69472 -17.1598 0
      vertex 1.56244 -17.5305 6
      vertex 1.56244 -17.5305 0
    endloop
  endfacet
  facet normal 0.0747925 -0.997199 0
    outer loop
      vertex 1.06779 -17.5676 0
      vertex 1.56244 -17.5305 6
      vertex 1.06779 -17.5676 6
    endloop
  endfacet
  facet normal 0.0747925 -0.997199 0
    outer loop
      vertex 1.56244 -17.5305 6
      vertex 1.06779 -17.5676 0
      vertex 1.56244 -17.5305 0
    endloop
  endfacet
  facet normal -0.881245 -0.472659 0
    outer loop
      vertex 1.06779 -17.5676 0
      vertex 0.881729 -17.2207 6
      vertex 0.881729 -17.2207 0
    endloop
  endfacet
  facet normal -0.881245 -0.472659 0
    outer loop
      vertex 0.881729 -17.2207 6
      vertex 1.06779 -17.5676 0
      vertex 1.06779 -17.5676 6
    endloop
  endfacet
  facet normal -0.905192 -0.425004 0
    outer loop
      vertex 0.881729 -17.2207 0
      vertex 0.733643 -16.9053 6
      vertex 0.733643 -16.9053 0
    endloop
  endfacet
  facet normal -0.905192 -0.425004 0
    outer loop
      vertex 0.733643 -16.9053 6
      vertex 0.881729 -17.2207 0
      vertex 0.881729 -17.2207 6
    endloop
  endfacet
  facet normal -0.926613 -0.376017 0
    outer loop
      vertex 0.733643 -16.9053 0
      vertex 0.619614 -16.6243 6
      vertex 0.619614 -16.6243 0
    endloop
  endfacet
  facet normal -0.926613 -0.376017 0
    outer loop
      vertex 0.619614 -16.6243 6
      vertex 0.733643 -16.9053 0
      vertex 0.733643 -16.9053 6
    endloop
  endfacet
  facet normal -0.945314 -0.326162 0
    outer loop
      vertex 0.619614 -16.6243 0
      vertex 0.535461 -16.3804 6
      vertex 0.535461 -16.3804 0
    endloop
  endfacet
  facet normal -0.945314 -0.326162 0
    outer loop
      vertex 0.535461 -16.3804 6
      vertex 0.619614 -16.6243 0
      vertex 0.619614 -16.6243 6
    endloop
  endfacet
  facet normal -0.961371 -0.275256 0
    outer loop
      vertex 0.535461 -16.3804 0
      vertex 0.476852 -16.1757 6
      vertex 0.476852 -16.1757 0
    endloop
  endfacet
  facet normal -0.961371 -0.275256 0
    outer loop
      vertex 0.476852 -16.1757 6
      vertex 0.535461 -16.3804 0
      vertex 0.535461 -16.3804 6
    endloop
  endfacet
  facet normal -0.974684 -0.223587 0
    outer loop
      vertex 0.476852 -16.1757 0
      vertex 0.439346 -16.0122 6
      vertex 0.439346 -16.0122 0
    endloop
  endfacet
  facet normal -0.974684 -0.223587 0
    outer loop
      vertex 0.439346 -16.0122 6
      vertex 0.476852 -16.1757 0
      vertex 0.476852 -16.1757 6
    endloop
  endfacet
  facet normal -0.985164 -0.171616 0
    outer loop
      vertex 0.439346 -16.0122 0
      vertex 0.41832 -15.8915 6
      vertex 0.41832 -15.8915 0
    endloop
  endfacet
  facet normal -0.985164 -0.171616 0
    outer loop
      vertex 0.41832 -15.8915 6
      vertex 0.439346 -16.0122 0
      vertex 0.439346 -16.0122 6
    endloop
  endfacet
  facet normal -0.992806 -0.119731 0
    outer loop
      vertex 0.41832 -15.8915 0
      vertex 0.409058 -15.8147 6
      vertex 0.409058 -15.8147 0
    endloop
  endfacet
  facet normal -0.992806 -0.119731 0
    outer loop
      vertex 0.409058 -15.8147 6
      vertex 0.41832 -15.8915 0
      vertex 0.41832 -15.8915 6
    endloop
  endfacet
  facet normal -0.999658 -0.0261339 0
    outer loop
      vertex 0.409058 -15.8147 0
      vertex 0.408875 -15.8077 6
      vertex 0.408875 -15.8077 0
    endloop
  endfacet
  facet normal -0.999658 -0.0261339 0
    outer loop
      vertex 0.408875 -15.8077 6
      vertex 0.409058 -15.8147 0
      vertex 0.409058 -15.8147 6
    endloop
  endfacet
  facet normal 0.00317914 -0.999995 0
    outer loop
      vertex -0.408951 -15.8103 0
      vertex 0.408875 -15.8077 6
      vertex -0.408951 -15.8103 6
    endloop
  endfacet
  facet normal 0.00317914 -0.999995 0
    outer loop
      vertex 0.408875 -15.8077 6
      vertex -0.408951 -15.8103 0
      vertex 0.408875 -15.8077 0
    endloop
  endfacet
  facet normal 0.999704 -0.024311 0
    outer loop
      vertex -0.409058 -15.8147 6
      vertex -0.408951 -15.8103 0
      vertex -0.408951 -15.8103 6
    endloop
  endfacet
  facet normal 0.999704 -0.024311 0
    outer loop
      vertex -0.408951 -15.8103 0
      vertex -0.409058 -15.8147 6
      vertex -0.409058 -15.8147 0
    endloop
  endfacet
  facet normal 0.992806 -0.119731 0
    outer loop
      vertex -0.41832 -15.8915 6
      vertex -0.409058 -15.8147 0
      vertex -0.409058 -15.8147 6
    endloop
  endfacet
  facet normal 0.992806 -0.119731 0
    outer loop
      vertex -0.409058 -15.8147 0
      vertex -0.41832 -15.8915 6
      vertex -0.41832 -15.8915 0
    endloop
  endfacet
  facet normal 0.985164 -0.171616 0
    outer loop
      vertex -0.439346 -16.0122 6
      vertex -0.41832 -15.8915 0
      vertex -0.41832 -15.8915 6
    endloop
  endfacet
  facet normal 0.985164 -0.171616 0
    outer loop
      vertex -0.41832 -15.8915 0
      vertex -0.439346 -16.0122 6
      vertex -0.439346 -16.0122 0
    endloop
  endfacet
  facet normal 0.974684 -0.223587 0
    outer loop
      vertex -0.476852 -16.1757 6
      vertex -0.439346 -16.0122 0
      vertex -0.439346 -16.0122 6
    endloop
  endfacet
  facet normal 0.974684 -0.223587 0
    outer loop
      vertex -0.439346 -16.0122 0
      vertex -0.476852 -16.1757 6
      vertex -0.476852 -16.1757 0
    endloop
  endfacet
  facet normal 0.961371 -0.275256 0
    outer loop
      vertex -0.535461 -16.3804 6
      vertex -0.476852 -16.1757 0
      vertex -0.476852 -16.1757 6
    endloop
  endfacet
  facet normal 0.961371 -0.275256 0
    outer loop
      vertex -0.476852 -16.1757 0
      vertex -0.535461 -16.3804 6
      vertex -0.535461 -16.3804 0
    endloop
  endfacet
  facet normal 0.945314 -0.326162 0
    outer loop
      vertex -0.619614 -16.6243 6
      vertex -0.535461 -16.3804 0
      vertex -0.535461 -16.3804 6
    endloop
  endfacet
  facet normal 0.945314 -0.326162 0
    outer loop
      vertex -0.535461 -16.3804 0
      vertex -0.619614 -16.6243 6
      vertex -0.619614 -16.6243 0
    endloop
  endfacet
  facet normal 0.926613 -0.376017 0
    outer loop
      vertex -0.733643 -16.9053 6
      vertex -0.619614 -16.6243 0
      vertex -0.619614 -16.6243 6
    endloop
  endfacet
  facet normal 0.926613 -0.376017 0
    outer loop
      vertex -0.619614 -16.6243 0
      vertex -0.733643 -16.9053 6
      vertex -0.733643 -16.9053 0
    endloop
  endfacet
  facet normal 0.905192 -0.425004 0
    outer loop
      vertex -0.881729 -17.2207 6
      vertex -0.733643 -16.9053 0
      vertex -0.733643 -16.9053 6
    endloop
  endfacet
  facet normal 0.905192 -0.425004 0
    outer loop
      vertex -0.733643 -16.9053 0
      vertex -0.881729 -17.2207 6
      vertex -0.881729 -17.2207 0
    endloop
  endfacet
  facet normal 0.881245 -0.472659 0
    outer loop
      vertex -1.06779 -17.5676 6
      vertex -0.881729 -17.2207 0
      vertex -0.881729 -17.2207 6
    endloop
  endfacet
  facet normal 0.881245 -0.472659 0
    outer loop
      vertex -0.881729 -17.2207 0
      vertex -1.06779 -17.5676 6
      vertex -1.06779 -17.5676 0
    endloop
  endfacet
  facet normal -0.0747925 -0.997199 0
    outer loop
      vertex -1.56244 -17.5305 0
      vertex -1.06779 -17.5676 6
      vertex -1.56244 -17.5305 6
    endloop
  endfacet
  facet normal -0.0747925 -0.997199 -0
    outer loop
      vertex -1.06779 -17.5676 6
      vertex -1.56244 -17.5305 0
      vertex -1.06779 -17.5676 0
    endloop
  endfacet
  facet normal -0.608753 0.79336 0
    outer loop
      vertex -2.2943 3.27661 22
      vertex -2.57115 3.06418 25
      vertex -2.2943 3.27661 25
    endloop
  endfacet
  facet normal -0.608753 0.79336 0
    outer loop
      vertex -2.57115 3.06418 25
      vertex -2.2943 3.27661 22
      vertex -2.57115 3.06418 22
    endloop
  endfacet
  facet normal -0.608753 0.79336 0
    outer loop
      vertex -2.2943 3.27661 6
      vertex -2.57115 3.06418 16
      vertex -2.2943 3.27661 16
    endloop
  endfacet
  facet normal -0.608753 0.79336 0
    outer loop
      vertex -2.57115 3.06418 16
      vertex -2.2943 3.27661 6
      vertex -2.57115 3.06418 6
    endloop
  endfacet
  facet normal 0.382688 0.923878 -0
    outer loop
      vertex 1.69047 3.62523 22
      vertex 1.36808 3.75877 25
      vertex 1.69047 3.62523 25
    endloop
  endfacet
  facet normal 0.382688 0.923878 0
    outer loop
      vertex 1.36808 3.75877 25
      vertex 1.69047 3.62523 22
      vertex 1.36808 3.75877 22
    endloop
  endfacet
  facet normal 0.382688 0.923878 -0
    outer loop
      vertex 1.69047 3.62523 6
      vertex 1.36808 3.75877 16
      vertex 1.69047 3.62523 16
    endloop
  endfacet
  facet normal 0.382688 0.923878 0
    outer loop
      vertex 1.36808 3.75877 16
      vertex 1.69047 3.62523 6
      vertex 1.36808 3.75877 6
    endloop
  endfacet
  facet normal 0.887012 0.461746 0
    outer loop
      vertex 3.62523 1.69047 25
      vertex 3.4641 2 22
      vertex 3.4641 2 25
    endloop
  endfacet
  facet normal 0.887012 0.461746 0
    outer loop
      vertex 3.4641 2 22
      vertex 3.62523 1.69047 25
      vertex 3.62523 1.69047 22
    endloop
  endfacet
  facet normal 0.887012 0.461746 0
    outer loop
      vertex 3.62523 1.69047 16
      vertex 3.4641 2 6
      vertex 3.4641 2 16
    endloop
  endfacet
  facet normal 0.887012 0.461746 0
    outer loop
      vertex 3.4641 2 6
      vertex 3.62523 1.69047 16
      vertex 3.62523 1.69047 6
    endloop
  endfacet
  facet normal 0.923878 -0.382688 0
    outer loop
      vertex 3.62523 -1.69047 25
      vertex 3.75877 -1.36808 22
      vertex 3.75877 -1.36808 25
    endloop
  endfacet
  facet normal 0.923878 -0.382688 0
    outer loop
      vertex 3.75877 -1.36808 22
      vertex 3.62523 -1.69047 25
      vertex 3.62523 -1.69047 22
    endloop
  endfacet
  facet normal 0.923878 -0.382688 0
    outer loop
      vertex 3.62523 -1.69047 16
      vertex 3.75877 -1.36808 6
      vertex 3.75877 -1.36808 16
    endloop
  endfacet
  facet normal 0.923878 -0.382688 0
    outer loop
      vertex 3.75877 -1.36808 6
      vertex 3.62523 -1.69047 16
      vertex 3.62523 -1.69047 6
    endloop
  endfacet
  facet normal 0.461746 -0.887012 0
    outer loop
      vertex 1.69047 -3.62523 22
      vertex 2 -3.4641 25
      vertex 1.69047 -3.62523 25
    endloop
  endfacet
  facet normal 0.461746 -0.887012 0
    outer loop
      vertex 2 -3.4641 25
      vertex 1.69047 -3.62523 22
      vertex 2 -3.4641 22
    endloop
  endfacet
  facet normal 0.461746 -0.887012 0
    outer loop
      vertex 1.69047 -3.62523 6
      vertex 2 -3.4641 16
      vertex 1.69047 -3.62523 16
    endloop
  endfacet
  facet normal 0.461746 -0.887012 0
    outer loop
      vertex 2 -3.4641 16
      vertex 1.69047 -3.62523 6
      vertex 2 -3.4641 6
    endloop
  endfacet
  facet normal -0.887012 0.461746 0
    outer loop
      vertex -3.62523 1.69047 22
      vertex -3.4641 2 25
      vertex -3.4641 2 22
    endloop
  endfacet
  facet normal -0.887012 0.461746 0
    outer loop
      vertex -3.4641 2 25
      vertex -3.62523 1.69047 22
      vertex -3.62523 1.69047 25
    endloop
  endfacet
  facet normal -0.887012 0.461746 0
    outer loop
      vertex -3.62523 1.69047 6
      vertex -3.4641 2 16
      vertex -3.4641 2 6
    endloop
  endfacet
  facet normal -0.887012 0.461746 0
    outer loop
      vertex -3.4641 2 16
      vertex -3.62523 1.69047 6
      vertex -3.62523 1.69047 16
    endloop
  endfacet
  facet normal -0.130532 0.991444 0
    outer loop
      vertex -0.348622 3.98478 22
      vertex -0.694592 3.93923 25
      vertex -0.348622 3.98478 25
    endloop
  endfacet
  facet normal -0.130532 0.991444 0
    outer loop
      vertex -0.694592 3.93923 25
      vertex -0.348622 3.98478 22
      vertex -0.694592 3.93923 22
    endloop
  endfacet
  facet normal -0.130532 0.991444 0
    outer loop
      vertex -0.348622 3.98478 6
      vertex -0.694592 3.93923 16
      vertex -0.348622 3.98478 16
    endloop
  endfacet
  facet normal -0.130532 0.991444 0
    outer loop
      vertex -0.694592 3.93923 16
      vertex -0.348622 3.98478 6
      vertex -0.694592 3.93923 6
    endloop
  endfacet
  facet normal 0.737283 0.675584 0
    outer loop
      vertex 3.06418 2.57115 25
      vertex 2.82843 2.82843 22
      vertex 2.82843 2.82843 25
    endloop
  endfacet
  facet normal 0.737283 0.675584 0
    outer loop
      vertex 2.82843 2.82843 22
      vertex 3.06418 2.57115 25
      vertex 3.06418 2.57115 22
    endloop
  endfacet
  facet normal 0.737283 0.675584 0
    outer loop
      vertex 3.06418 2.57115 16
      vertex 2.82843 2.82843 6
      vertex 2.82843 2.82843 16
    endloop
  endfacet
  facet normal 0.737283 0.675584 0
    outer loop
      vertex 2.82843 2.82843 6
      vertex 3.06418 2.57115 16
      vertex 3.06418 2.57115 6
    endloop
  endfacet
  facet normal 0.130532 0.991444 -0
    outer loop
      vertex 0.694592 3.93923 22
      vertex 0.348622 3.98478 25
      vertex 0.694592 3.93923 25
    endloop
  endfacet
  facet normal 0.130532 0.991444 0
    outer loop
      vertex 0.348622 3.98478 25
      vertex 0.694592 3.93923 22
      vertex 0.348622 3.98478 22
    endloop
  endfacet
  facet normal 0.130532 0.991444 -0
    outer loop
      vertex 0.694592 3.93923 6
      vertex 0.348622 3.98478 16
      vertex 0.694592 3.93923 16
    endloop
  endfacet
  facet normal 0.130532 0.991444 0
    outer loop
      vertex 0.348622 3.98478 16
      vertex 0.694592 3.93923 6
      vertex 0.348622 3.98478 6
    endloop
  endfacet
  facet normal -0.999048 -0.0436161 0
    outer loop
      vertex -3.98478 -0.348622 22
      vertex -4 0 25
      vertex -4 0 22
    endloop
  endfacet
  facet normal -0.999048 -0.0436161 0
    outer loop
      vertex -4 0 25
      vertex -3.98478 -0.348622 22
      vertex -3.98478 -0.348622 25
    endloop
  endfacet
  facet normal -0.999048 -0.0436161 0
    outer loop
      vertex -3.98478 -0.348622 6
      vertex -4 0 16
      vertex -4 0 6
    endloop
  endfacet
  facet normal -0.999048 -0.0436161 0
    outer loop
      vertex -4 0 16
      vertex -3.98478 -0.348622 6
      vertex -3.98478 -0.348622 16
    endloop
  endfacet
  facet normal -0.79336 -0.608753 0
    outer loop
      vertex -3.06418 -2.57115 22
      vertex -3.27661 -2.2943 25
      vertex -3.27661 -2.2943 22
    endloop
  endfacet
  facet normal -0.79336 -0.608753 0
    outer loop
      vertex -3.27661 -2.2943 25
      vertex -3.06418 -2.57115 22
      vertex -3.06418 -2.57115 25
    endloop
  endfacet
  facet normal -0.79336 -0.608753 0
    outer loop
      vertex -3.06418 -2.57115 6
      vertex -3.27661 -2.2943 16
      vertex -3.27661 -2.2943 6
    endloop
  endfacet
  facet normal -0.79336 -0.608753 0
    outer loop
      vertex -3.27661 -2.2943 16
      vertex -3.06418 -2.57115 6
      vertex -3.06418 -2.57115 16
    endloop
  endfacet
  facet normal 0.675584 -0.737283 0
    outer loop
      vertex 2.57115 -3.06418 22
      vertex 2.82843 -2.82843 25
      vertex 2.57115 -3.06418 25
    endloop
  endfacet
  facet normal 0.675584 -0.737283 0
    outer loop
      vertex 2.82843 -2.82843 25
      vertex 2.57115 -3.06418 22
      vertex 2.82843 -2.82843 22
    endloop
  endfacet
  facet normal 0.675584 -0.737283 0
    outer loop
      vertex 2.57115 -3.06418 6
      vertex 2.82843 -2.82843 16
      vertex 2.57115 -3.06418 16
    endloop
  endfacet
  facet normal 0.675584 -0.737283 0
    outer loop
      vertex 2.82843 -2.82843 16
      vertex 2.57115 -3.06418 6
      vertex 2.82843 -2.82843 6
    endloop
  endfacet
  facet normal 0.79336 -0.608753 0
    outer loop
      vertex 3.06418 -2.57115 25
      vertex 3.27661 -2.2943 22
      vertex 3.27661 -2.2943 25
    endloop
  endfacet
  facet normal 0.79336 -0.608753 0
    outer loop
      vertex 3.27661 -2.2943 22
      vertex 3.06418 -2.57115 25
      vertex 3.06418 -2.57115 22
    endloop
  endfacet
  facet normal 0.79336 -0.608753 0
    outer loop
      vertex 3.06418 -2.57115 16
      vertex 3.27661 -2.2943 6
      vertex 3.27661 -2.2943 16
    endloop
  endfacet
  facet normal 0.79336 -0.608753 0
    outer loop
      vertex 3.27661 -2.2943 6
      vertex 3.06418 -2.57115 16
      vertex 3.06418 -2.57115 6
    endloop
  endfacet
  facet normal -0.991444 0.130532 0
    outer loop
      vertex -3.98478 0.348622 22
      vertex -3.93923 0.694592 25
      vertex -3.93923 0.694592 22
    endloop
  endfacet
  facet normal -0.991444 0.130532 0
    outer loop
      vertex -3.93923 0.694592 25
      vertex -3.98478 0.348622 22
      vertex -3.98478 0.348622 25
    endloop
  endfacet
  facet normal -0.991444 0.130532 0
    outer loop
      vertex -3.98478 0.348622 6
      vertex -3.93923 0.694592 16
      vertex -3.93923 0.694592 6
    endloop
  endfacet
  facet normal -0.991444 0.130532 0
    outer loop
      vertex -3.93923 0.694592 16
      vertex -3.98478 0.348622 6
      vertex -3.98478 0.348622 16
    endloop
  endfacet
  facet normal -0.976295 0.216443 0
    outer loop
      vertex -3.93923 0.694592 22
      vertex -3.8637 1.03528 25
      vertex -3.8637 1.03528 22
    endloop
  endfacet
  facet normal -0.976295 0.216443 0
    outer loop
      vertex -3.8637 1.03528 25
      vertex -3.93923 0.694592 22
      vertex -3.93923 0.694592 25
    endloop
  endfacet
  facet normal -0.976295 0.216443 0
    outer loop
      vertex -3.93923 0.694592 6
      vertex -3.8637 1.03528 16
      vertex -3.8637 1.03528 6
    endloop
  endfacet
  facet normal -0.976295 0.216443 0
    outer loop
      vertex -3.8637 1.03528 16
      vertex -3.93923 0.694592 6
      vertex -3.93923 0.694592 16
    endloop
  endfacet
  facet normal -0.953718 0.300702 0
    outer loop
      vertex -3.8637 1.03528 22
      vertex -3.75877 1.36808 25
      vertex -3.75877 1.36808 22
    endloop
  endfacet
  facet normal -0.953718 0.300702 0
    outer loop
      vertex -3.75877 1.36808 25
      vertex -3.8637 1.03528 22
      vertex -3.8637 1.03528 25
    endloop
  endfacet
  facet normal -0.953718 0.300702 0
    outer loop
      vertex -3.8637 1.03528 6
      vertex -3.75877 1.36808 16
      vertex -3.75877 1.36808 6
    endloop
  endfacet
  facet normal -0.953718 0.300702 0
    outer loop
      vertex -3.75877 1.36808 16
      vertex -3.8637 1.03528 6
      vertex -3.8637 1.03528 16
    endloop
  endfacet
  facet normal -0.737283 0.675584 0
    outer loop
      vertex -3.06418 2.57115 22
      vertex -2.82843 2.82843 25
      vertex -2.82843 2.82843 22
    endloop
  endfacet
  facet normal -0.737283 0.675584 0
    outer loop
      vertex -2.82843 2.82843 25
      vertex -3.06418 2.57115 22
      vertex -3.06418 2.57115 25
    endloop
  endfacet
  facet normal -0.737283 0.675584 0
    outer loop
      vertex -3.06418 2.57115 6
      vertex -2.82843 2.82843 16
      vertex -2.82843 2.82843 6
    endloop
  endfacet
  facet normal -0.737283 0.675584 0
    outer loop
      vertex -2.82843 2.82843 16
      vertex -3.06418 2.57115 6
      vertex -3.06418 2.57115 16
    endloop
  endfacet
  facet normal -0.79336 0.608753 0
    outer loop
      vertex -3.27661 2.2943 22
      vertex -3.06418 2.57115 25
      vertex -3.06418 2.57115 22
    endloop
  endfacet
  facet normal -0.79336 0.608753 0
    outer loop
      vertex -3.06418 2.57115 25
      vertex -3.27661 2.2943 22
      vertex -3.27661 2.2943 25
    endloop
  endfacet
  facet normal -0.79336 0.608753 0
    outer loop
      vertex -3.27661 2.2943 6
      vertex -3.06418 2.57115 16
      vertex -3.06418 2.57115 6
    endloop
  endfacet
  facet normal -0.79336 0.608753 0
    outer loop
      vertex -3.06418 2.57115 16
      vertex -3.27661 2.2943 6
      vertex -3.27661 2.2943 16
    endloop
  endfacet
  facet normal -0.461746 0.887012 0
    outer loop
      vertex -1.69047 3.62523 22
      vertex -2 3.4641 25
      vertex -1.69047 3.62523 25
    endloop
  endfacet
  facet normal -0.461746 0.887012 0
    outer loop
      vertex -2 3.4641 25
      vertex -1.69047 3.62523 22
      vertex -2 3.4641 22
    endloop
  endfacet
  facet normal -0.461746 0.887012 0
    outer loop
      vertex -1.69047 3.62523 6
      vertex -2 3.4641 16
      vertex -1.69047 3.62523 16
    endloop
  endfacet
  facet normal -0.461746 0.887012 0
    outer loop
      vertex -2 3.4641 16
      vertex -1.69047 3.62523 6
      vertex -2 3.4641 6
    endloop
  endfacet
  facet normal -0.0436161 0.999048 0
    outer loop
      vertex 0 4 22
      vertex -0.348622 3.98478 25
      vertex 0 4 25
    endloop
  endfacet
  facet normal -0.0436161 0.999048 0
    outer loop
      vertex -0.348622 3.98478 25
      vertex 0 4 22
      vertex -0.348622 3.98478 22
    endloop
  endfacet
  facet normal -0.0436161 0.999048 0
    outer loop
      vertex 0 4 6
      vertex -0.348622 3.98478 16
      vertex 0 4 16
    endloop
  endfacet
  facet normal -0.0436161 0.999048 0
    outer loop
      vertex -0.348622 3.98478 16
      vertex 0 4 6
      vertex -0.348622 3.98478 6
    endloop
  endfacet
  facet normal -0.300702 0.953718 0
    outer loop
      vertex -1.03528 3.8637 22
      vertex -1.36808 3.75877 25
      vertex -1.03528 3.8637 25
    endloop
  endfacet
  facet normal -0.300702 0.953718 0
    outer loop
      vertex -1.36808 3.75877 25
      vertex -1.03528 3.8637 22
      vertex -1.36808 3.75877 22
    endloop
  endfacet
  facet normal -0.300702 0.953718 0
    outer loop
      vertex -1.03528 3.8637 6
      vertex -1.36808 3.75877 16
      vertex -1.03528 3.8637 16
    endloop
  endfacet
  facet normal -0.300702 0.953718 0
    outer loop
      vertex -1.36808 3.75877 16
      vertex -1.03528 3.8637 6
      vertex -1.36808 3.75877 6
    endloop
  endfacet
  facet normal 0.999048 0.0436161 0
    outer loop
      vertex 4 0 25
      vertex 3.98478 0.348622 22
      vertex 3.98478 0.348622 25
    endloop
  endfacet
  facet normal 0.999048 0.0436161 0
    outer loop
      vertex 3.98478 0.348622 22
      vertex 4 0 25
      vertex 4 0 22
    endloop
  endfacet
  facet normal 0.999048 0.0436161 0
    outer loop
      vertex 4 0 16
      vertex 3.98478 0.348622 6
      vertex 3.98478 0.348622 16
    endloop
  endfacet
  facet normal 0.999048 0.0436161 0
    outer loop
      vertex 3.98478 0.348622 6
      vertex 4 0 16
      vertex 4 0 6
    endloop
  endfacet
  facet normal 0.923878 0.382688 0
    outer loop
      vertex 3.75877 1.36808 25
      vertex 3.62523 1.69047 22
      vertex 3.62523 1.69047 25
    endloop
  endfacet
  facet normal 0.923878 0.382688 0
    outer loop
      vertex 3.62523 1.69047 22
      vertex 3.75877 1.36808 25
      vertex 3.75877 1.36808 22
    endloop
  endfacet
  facet normal 0.923878 0.382688 0
    outer loop
      vertex 3.75877 1.36808 16
      vertex 3.62523 1.69047 6
      vertex 3.62523 1.69047 16
    endloop
  endfacet
  facet normal 0.923878 0.382688 0
    outer loop
      vertex 3.62523 1.69047 6
      vertex 3.75877 1.36808 16
      vertex 3.75877 1.36808 6
    endloop
  endfacet
  facet normal 0.953718 0.300702 0
    outer loop
      vertex 3.8637 1.03528 25
      vertex 3.75877 1.36808 22
      vertex 3.75877 1.36808 25
    endloop
  endfacet
  facet normal 0.953718 0.300702 0
    outer loop
      vertex 3.75877 1.36808 22
      vertex 3.8637 1.03528 25
      vertex 3.8637 1.03528 22
    endloop
  endfacet
  facet normal 0.953718 0.300702 0
    outer loop
      vertex 3.8637 1.03528 16
      vertex 3.75877 1.36808 6
      vertex 3.75877 1.36808 16
    endloop
  endfacet
  facet normal 0.953718 0.300702 0
    outer loop
      vertex 3.75877 1.36808 6
      vertex 3.8637 1.03528 16
      vertex 3.8637 1.03528 6
    endloop
  endfacet
  facet normal 0.843391 0.5373 0
    outer loop
      vertex 3.4641 2 25
      vertex 3.27661 2.2943 22
      vertex 3.27661 2.2943 25
    endloop
  endfacet
  facet normal 0.843391 0.5373 0
    outer loop
      vertex 3.27661 2.2943 22
      vertex 3.4641 2 25
      vertex 3.4641 2 22
    endloop
  endfacet
  facet normal 0.843391 0.5373 0
    outer loop
      vertex 3.4641 2 16
      vertex 3.27661 2.2943 6
      vertex 3.27661 2.2943 16
    endloop
  endfacet
  facet normal 0.843391 0.5373 0
    outer loop
      vertex 3.27661 2.2943 6
      vertex 3.4641 2 16
      vertex 3.4641 2 6
    endloop
  endfacet
  facet normal 0.79336 0.608753 0
    outer loop
      vertex 3.27661 2.2943 25
      vertex 3.06418 2.57115 22
      vertex 3.06418 2.57115 25
    endloop
  endfacet
  facet normal 0.79336 0.608753 0
    outer loop
      vertex 3.06418 2.57115 22
      vertex 3.27661 2.2943 25
      vertex 3.27661 2.2943 22
    endloop
  endfacet
  facet normal 0.79336 0.608753 0
    outer loop
      vertex 3.27661 2.2943 16
      vertex 3.06418 2.57115 6
      vertex 3.06418 2.57115 16
    endloop
  endfacet
  facet normal 0.79336 0.608753 0
    outer loop
      vertex 3.06418 2.57115 6
      vertex 3.27661 2.2943 16
      vertex 3.27661 2.2943 6
    endloop
  endfacet
  facet normal 0.300702 0.953718 -0
    outer loop
      vertex 1.36808 3.75877 22
      vertex 1.03528 3.8637 25
      vertex 1.36808 3.75877 25
    endloop
  endfacet
  facet normal 0.300702 0.953718 0
    outer loop
      vertex 1.03528 3.8637 25
      vertex 1.36808 3.75877 22
      vertex 1.03528 3.8637 22
    endloop
  endfacet
  facet normal 0.300702 0.953718 -0
    outer loop
      vertex 1.36808 3.75877 6
      vertex 1.03528 3.8637 16
      vertex 1.36808 3.75877 16
    endloop
  endfacet
  facet normal 0.300702 0.953718 0
    outer loop
      vertex 1.03528 3.8637 16
      vertex 1.36808 3.75877 6
      vertex 1.03528 3.8637 6
    endloop
  endfacet
  facet normal 0.0436161 0.999048 -0
    outer loop
      vertex 0.348622 3.98478 22
      vertex 0 4 25
      vertex 0.348622 3.98478 25
    endloop
  endfacet
  facet normal 0.0436161 0.999048 0
    outer loop
      vertex 0 4 25
      vertex 0.348622 3.98478 22
      vertex 0 4 22
    endloop
  endfacet
  facet normal 0.0436161 0.999048 -0
    outer loop
      vertex 0.348622 3.98478 6
      vertex 0 4 16
      vertex 0.348622 3.98478 16
    endloop
  endfacet
  facet normal 0.0436161 0.999048 0
    outer loop
      vertex 0 4 16
      vertex 0.348622 3.98478 6
      vertex 0 4 6
    endloop
  endfacet
  facet normal 0.5373 0.843391 -0
    outer loop
      vertex 2.2943 3.27661 22
      vertex 2 3.4641 25
      vertex 2.2943 3.27661 25
    endloop
  endfacet
  facet normal 0.5373 0.843391 0
    outer loop
      vertex 2 3.4641 25
      vertex 2.2943 3.27661 22
      vertex 2 3.4641 22
    endloop
  endfacet
  facet normal 0.5373 0.843391 -0
    outer loop
      vertex 2.2943 3.27661 6
      vertex 2 3.4641 16
      vertex 2.2943 3.27661 16
    endloop
  endfacet
  facet normal 0.5373 0.843391 0
    outer loop
      vertex 2 3.4641 16
      vertex 2.2943 3.27661 6
      vertex 2 3.4641 6
    endloop
  endfacet
  facet normal 0.608753 0.79336 -0
    outer loop
      vertex 2.57115 3.06418 22
      vertex 2.2943 3.27661 25
      vertex 2.57115 3.06418 25
    endloop
  endfacet
  facet normal 0.608753 0.79336 0
    outer loop
      vertex 2.2943 3.27661 25
      vertex 2.57115 3.06418 22
      vertex 2.2943 3.27661 22
    endloop
  endfacet
  facet normal 0.608753 0.79336 -0
    outer loop
      vertex 2.57115 3.06418 6
      vertex 2.2943 3.27661 16
      vertex 2.57115 3.06418 16
    endloop
  endfacet
  facet normal 0.608753 0.79336 0
    outer loop
      vertex 2.2943 3.27661 16
      vertex 2.57115 3.06418 6
      vertex 2.2943 3.27661 6
    endloop
  endfacet
  facet normal 0.461746 0.887012 -0
    outer loop
      vertex 2 3.4641 22
      vertex 1.69047 3.62523 25
      vertex 2 3.4641 25
    endloop
  endfacet
  facet normal 0.461746 0.887012 0
    outer loop
      vertex 1.69047 3.62523 25
      vertex 2 3.4641 22
      vertex 1.69047 3.62523 22
    endloop
  endfacet
  facet normal 0.461746 0.887012 -0
    outer loop
      vertex 2 3.4641 6
      vertex 1.69047 3.62523 16
      vertex 2 3.4641 16
    endloop
  endfacet
  facet normal 0.461746 0.887012 0
    outer loop
      vertex 1.69047 3.62523 16
      vertex 2 3.4641 6
      vertex 1.69047 3.62523 6
    endloop
  endfacet
  facet normal 0.675584 0.737283 -0
    outer loop
      vertex 2.82843 2.82843 22
      vertex 2.57115 3.06418 25
      vertex 2.82843 2.82843 25
    endloop
  endfacet
  facet normal 0.675584 0.737283 0
    outer loop
      vertex 2.57115 3.06418 25
      vertex 2.82843 2.82843 22
      vertex 2.57115 3.06418 22
    endloop
  endfacet
  facet normal 0.675584 0.737283 -0
    outer loop
      vertex 2.82843 2.82843 6
      vertex 2.57115 3.06418 16
      vertex 2.82843 2.82843 16
    endloop
  endfacet
  facet normal 0.675584 0.737283 0
    outer loop
      vertex 2.57115 3.06418 16
      vertex 2.82843 2.82843 6
      vertex 2.57115 3.06418 6
    endloop
  endfacet
  facet normal -0.999048 0.0436161 0
    outer loop
      vertex -4 0 22
      vertex -3.98478 0.348622 25
      vertex -3.98478 0.348622 22
    endloop
  endfacet
  facet normal -0.999048 0.0436161 0
    outer loop
      vertex -3.98478 0.348622 25
      vertex -4 0 22
      vertex -4 0 25
    endloop
  endfacet
  facet normal -0.999048 0.0436161 0
    outer loop
      vertex -4 0 6
      vertex -3.98478 0.348622 16
      vertex -3.98478 0.348622 6
    endloop
  endfacet
  facet normal -0.999048 0.0436161 0
    outer loop
      vertex -3.98478 0.348622 16
      vertex -4 0 6
      vertex -4 0 16
    endloop
  endfacet
  facet normal -0.0436161 -0.999048 0
    outer loop
      vertex -0.348622 -3.98478 22
      vertex 0 -4 25
      vertex -0.348622 -3.98478 25
    endloop
  endfacet
  facet normal -0.0436161 -0.999048 -0
    outer loop
      vertex 0 -4 25
      vertex -0.348622 -3.98478 22
      vertex 0 -4 22
    endloop
  endfacet
  facet normal -0.0436161 -0.999048 0
    outer loop
      vertex -0.348622 -3.98478 6
      vertex 0 -4 16
      vertex -0.348622 -3.98478 16
    endloop
  endfacet
  facet normal -0.0436161 -0.999048 -0
    outer loop
      vertex 0 -4 16
      vertex -0.348622 -3.98478 6
      vertex 0 -4 6
    endloop
  endfacet
  facet normal 0 0 1
    outer loop
      vertex 2.65 0 25
      vertex 4 0 25
      vertex 3.98478 0.348622 25
    endloop
  endfacet
  facet normal 0 0 1
    outer loop
      vertex 2.63992 0.230962 25
      vertex 3.98478 0.348622 25
      vertex 3.93923 0.694592 25
    endloop
  endfacet
  facet normal 0 0 1
    outer loop
      vertex 4 0 25
      vertex 2.65 0 25
      vertex 3.98478 -0.348622 25
    endloop
  endfacet
  facet normal 0 0 1
    outer loop
      vertex 2.60974 0.460167 25
      vertex 3.93923 0.694592 25
      vertex 3.8637 1.03528 25
    endloop
  endfacet
  facet normal -0 0 1
    outer loop
      vertex 2.63992 -0.230962 25
      vertex 3.98478 -0.348622 25
      vertex 2.65 0 25
    endloop
  endfacet
  facet normal 0 0 1
    outer loop
      vertex 2.5597 0.68587 25
      vertex 3.8637 1.03528 25
      vertex 3.75877 1.36808 25
    endloop
  endfacet
  facet normal 0 0 1
    outer loop
      vertex 3.98478 -0.348622 25
      vertex 2.63992 -0.230962 25
      vertex 3.93923 -0.694592 25
    endloop
  endfacet
  facet normal 0 0 1
    outer loop
      vertex 2.49018 0.906353 25
      vertex 3.75877 1.36808 25
      vertex 3.62523 1.69047 25
    endloop
  endfacet
  facet normal -0 0 1
    outer loop
      vertex 2.60974 -0.460167 25
      vertex 3.93923 -0.694592 25
      vertex 2.63992 -0.230962 25
    endloop
  endfacet
  facet normal 0 0 1
    outer loop
      vertex 2.40172 1.11994 25
      vertex 3.62523 1.69047 25
      vertex 3.4641 2 25
    endloop
  endfacet
  facet normal 0 0 1
    outer loop
      vertex 3.93923 -0.694592 25
      vertex 2.60974 -0.460167 25
      vertex 3.8637 -1.03528 25
    endloop
  endfacet
  facet normal 0 0 1
    outer loop
      vertex 2.29497 1.325 25
      vertex 3.4641 2 25
      vertex 3.27661 2.2943 25
    endloop
  endfacet
  facet normal -0 0 1
    outer loop
      vertex 2.5597 -0.68587 25
      vertex 3.8637 -1.03528 25
      vertex 2.60974 -0.460167 25
    endloop
  endfacet
  facet normal 0 0 1
    outer loop
      vertex 2.17075 1.51998 25
      vertex 3.27661 2.2943 25
      vertex 3.06418 2.57115 25
    endloop
  endfacet
  facet normal 0 0 1
    outer loop
      vertex 3.8637 -1.03528 25
      vertex 2.5597 -0.68587 25
      vertex 3.75877 -1.36808 25
    endloop
  endfacet
  facet normal 0 0 1
    outer loop
      vertex 2.03002 1.70339 25
      vertex 3.06418 2.57115 25
      vertex 2.82843 2.82843 25
    endloop
  endfacet
  facet normal -0 0 1
    outer loop
      vertex 2.49018 -0.906353 25
      vertex 3.75877 -1.36808 25
      vertex 2.5597 -0.68587 25
    endloop
  endfacet
  facet normal 0 0 1
    outer loop
      vertex 3.75877 -1.36808 25
      vertex 2.49018 -0.906353 25
      vertex 3.62523 -1.69047 25
    endloop
  endfacet
  facet normal 0 0 1
    outer loop
      vertex 3.98478 0.348622 25
      vertex 2.63992 0.230962 25
      vertex 2.65 0 25
    endloop
  endfacet
  facet normal 0 0 1
    outer loop
      vertex 3.93923 0.694592 25
      vertex 2.60974 0.460167 25
      vertex 2.63992 0.230962 25
    endloop
  endfacet
  facet normal 0 0 1
    outer loop
      vertex 1.87383 1.87383 25
      vertex 2.82843 2.82843 25
      vertex 2.57115 3.06418 25
    endloop
  endfacet
  facet normal 0 0 1
    outer loop
      vertex 3.8637 1.03528 25
      vertex 2.5597 0.68587 25
      vertex 2.60974 0.460167 25
    endloop
  endfacet
  facet normal 0 0 1
    outer loop
      vertex 3.75877 1.36808 25
      vertex 2.49018 0.906353 25
      vertex 2.5597 0.68587 25
    endloop
  endfacet
  facet normal 0 0 1
    outer loop
      vertex 3.62523 1.69047 25
      vertex 2.40172 1.11994 25
      vertex 2.49018 0.906353 25
    endloop
  endfacet
  facet normal 0 0 1
    outer loop
      vertex 3.4641 2 25
      vertex 2.29497 1.325 25
      vertex 2.40172 1.11994 25
    endloop
  endfacet
  facet normal 0 0 1
    outer loop
      vertex 1.70339 2.03002 25
      vertex 2.57115 3.06418 25
      vertex 2.2943 3.27661 25
    endloop
  endfacet
  facet normal 0 0 1
    outer loop
      vertex 3.27661 2.2943 25
      vertex 2.17075 1.51998 25
      vertex 2.29497 1.325 25
    endloop
  endfacet
  facet normal 0 0 1
    outer loop
      vertex 3.06418 2.57115 25
      vertex 2.03002 1.70339 25
      vertex 2.17075 1.51998 25
    endloop
  endfacet
  facet normal 0 0 1
    outer loop
      vertex 1.51998 2.17075 25
      vertex 2.2943 3.27661 25
      vertex 2 3.4641 25
    endloop
  endfacet
  facet normal 0 0 1
    outer loop
      vertex 2.82843 2.82843 25
      vertex 1.87383 1.87383 25
      vertex 2.03002 1.70339 25
    endloop
  endfacet
  facet normal 0 0 1
    outer loop
      vertex 2.57115 3.06418 25
      vertex 1.70339 2.03002 25
      vertex 1.87383 1.87383 25
    endloop
  endfacet
  facet normal 0 0 1
    outer loop
      vertex 1.325 2.29497 25
      vertex 2 3.4641 25
      vertex 1.69047 3.62523 25
    endloop
  endfacet
  facet normal 0 0 1
    outer loop
      vertex 2.2943 3.27661 25
      vertex 1.51998 2.17075 25
      vertex 1.70339 2.03002 25
    endloop
  endfacet
  facet normal 0 0 1
    outer loop
      vertex 1.11994 2.40172 25
      vertex 1.69047 3.62523 25
      vertex 1.36808 3.75877 25
    endloop
  endfacet
  facet normal 0 0 1
    outer loop
      vertex 2 3.4641 25
      vertex 1.325 2.29497 25
      vertex 1.51998 2.17075 25
    endloop
  endfacet
  facet normal 0 0 1
    outer loop
      vertex 1.69047 3.62523 25
      vertex 1.11994 2.40172 25
      vertex 1.325 2.29497 25
    endloop
  endfacet
  facet normal 0 0 1
    outer loop
      vertex 0.906353 2.49018 25
      vertex 1.36808 3.75877 25
      vertex 1.03528 3.8637 25
    endloop
  endfacet
  facet normal 0 0 1
    outer loop
      vertex 1.36808 3.75877 25
      vertex 0.906353 2.49018 25
      vertex 1.11994 2.40172 25
    endloop
  endfacet
  facet normal 0 0 1
    outer loop
      vertex 0.68587 2.5597 25
      vertex 1.03528 3.8637 25
      vertex 0.694592 3.93923 25
    endloop
  endfacet
  facet normal 0 0 1
    outer loop
      vertex 1.03528 3.8637 25
      vertex 0.68587 2.5597 25
      vertex 0.906353 2.49018 25
    endloop
  endfacet
  facet normal 0 0 1
    outer loop
      vertex 0.694592 3.93923 25
      vertex 0.460167 2.60974 25
      vertex 0.68587 2.5597 25
    endloop
  endfacet
  facet normal 0 0 1
    outer loop
      vertex 0.348622 3.98478 25
      vertex 0.460167 2.60974 25
      vertex 0.694592 3.93923 25
    endloop
  endfacet
  facet normal 0 0 1
    outer loop
      vertex 0.348622 3.98478 25
      vertex 0.230962 2.63992 25
      vertex 0.460167 2.60974 25
    endloop
  endfacet
  facet normal 0 0 1
    outer loop
      vertex 0 4 25
      vertex 0.230962 2.63992 25
      vertex 0.348622 3.98478 25
    endloop
  endfacet
  facet normal 0 0 1
    outer loop
      vertex 0 4 25
      vertex 0 2.65 25
      vertex 0.230962 2.63992 25
    endloop
  endfacet
  facet normal 0 0 1
    outer loop
      vertex 0 4 25
      vertex -0.230962 2.63992 25
      vertex 0 2.65 25
    endloop
  endfacet
  facet normal -0 0 1
    outer loop
      vertex -0.348622 3.98478 25
      vertex -0.230962 2.63992 25
      vertex 0 4 25
    endloop
  endfacet
  facet normal 0 0 1
    outer loop
      vertex -0.348622 3.98478 25
      vertex -0.460167 2.60974 25
      vertex -0.230962 2.63992 25
    endloop
  endfacet
  facet normal -0 0 1
    outer loop
      vertex -0.694592 3.93923 25
      vertex -0.460167 2.60974 25
      vertex -0.348622 3.98478 25
    endloop
  endfacet
  facet normal 0 0 1
    outer loop
      vertex -0.460167 2.60974 25
      vertex -0.694592 3.93923 25
      vertex -0.68587 2.5597 25
    endloop
  endfacet
  facet normal -0 0 1
    outer loop
      vertex -1.03528 3.8637 25
      vertex -0.68587 2.5597 25
      vertex -0.694592 3.93923 25
    endloop
  endfacet
  facet normal 0 0 1
    outer loop
      vertex -0.68587 2.5597 25
      vertex -1.03528 3.8637 25
      vertex -0.906353 2.49018 25
    endloop
  endfacet
  facet normal -0 0 1
    outer loop
      vertex -1.36808 3.75877 25
      vertex -0.906353 2.49018 25
      vertex -1.03528 3.8637 25
    endloop
  endfacet
  facet normal 0 0 1
    outer loop
      vertex -0.906353 2.49018 25
      vertex -1.36808 3.75877 25
      vertex -1.11994 2.40172 25
    endloop
  endfacet
  facet normal -0 0 1
    outer loop
      vertex -1.69047 3.62523 25
      vertex -1.11994 2.40172 25
      vertex -1.36808 3.75877 25
    endloop
  endfacet
  facet normal 0 0 1
    outer loop
      vertex -1.11994 2.40172 25
      vertex -1.69047 3.62523 25
      vertex -1.325 2.29497 25
    endloop
  endfacet
  facet normal -0 0 1
    outer loop
      vertex -2 3.4641 25
      vertex -1.325 2.29497 25
      vertex -1.69047 3.62523 25
    endloop
  endfacet
  facet normal 0 0 1
    outer loop
      vertex -1.325 2.29497 25
      vertex -2 3.4641 25
      vertex -1.51998 2.17075 25
    endloop
  endfacet
  facet normal -0 0 1
    outer loop
      vertex -2.2943 3.27661 25
      vertex -1.51998 2.17075 25
      vertex -2 3.4641 25
    endloop
  endfacet
  facet normal 0 0 1
    outer loop
      vertex -1.51998 2.17075 25
      vertex -2.2943 3.27661 25
      vertex -1.70339 2.03002 25
    endloop
  endfacet
  facet normal -0 0 1
    outer loop
      vertex -2.57115 3.06418 25
      vertex -1.70339 2.03002 25
      vertex -2.2943 3.27661 25
    endloop
  endfacet
  facet normal 0 0 1
    outer loop
      vertex -1.70339 2.03002 25
      vertex -2.57115 3.06418 25
      vertex -1.87383 1.87383 25
    endloop
  endfacet
  facet normal -0 0 1
    outer loop
      vertex -2.82843 2.82843 25
      vertex -1.87383 1.87383 25
      vertex -2.57115 3.06418 25
    endloop
  endfacet
  facet normal 0 0 1
    outer loop
      vertex -1.87383 1.87383 25
      vertex -2.82843 2.82843 25
      vertex -2.03002 1.70339 25
    endloop
  endfacet
  facet normal -0 0 1
    outer loop
      vertex -3.06418 2.57115 25
      vertex -2.03002 1.70339 25
      vertex -2.82843 2.82843 25
    endloop
  endfacet
  facet normal 0 0 1
    outer loop
      vertex -2.03002 1.70339 25
      vertex -3.06418 2.57115 25
      vertex -2.17075 1.51998 25
    endloop
  endfacet
  facet normal -0 0 1
    outer loop
      vertex -3.27661 2.2943 25
      vertex -2.17075 1.51998 25
      vertex -3.06418 2.57115 25
    endloop
  endfacet
  facet normal 0 0 1
    outer loop
      vertex -2.17075 1.51998 25
      vertex -3.27661 2.2943 25
      vertex -2.29497 1.325 25
    endloop
  endfacet
  facet normal -0 0 1
    outer loop
      vertex -3.4641 2 25
      vertex -2.29497 1.325 25
      vertex -3.27661 2.2943 25
    endloop
  endfacet
  facet normal 0 0 1
    outer loop
      vertex -2.29497 1.325 25
      vertex -3.4641 2 25
      vertex -2.40172 1.11994 25
    endloop
  endfacet
  facet normal -0 0 1
    outer loop
      vertex -3.62523 1.69047 25
      vertex -2.40172 1.11994 25
      vertex -3.4641 2 25
    endloop
  endfacet
  facet normal 0 0 1
    outer loop
      vertex -2.40172 1.11994 25
      vertex -3.62523 1.69047 25
      vertex -2.49018 0.906353 25
    endloop
  endfacet
  facet normal -0 0 1
    outer loop
      vertex 2.40172 -1.11994 25
      vertex 3.62523 -1.69047 25
      vertex 2.49018 -0.906353 25
    endloop
  endfacet
  facet normal 0 0 1
    outer loop
      vertex 3.62523 -1.69047 25
      vertex 2.40172 -1.11994 25
      vertex 3.4641 -2 25
    endloop
  endfacet
  facet normal -0 0 1
    outer loop
      vertex 2.29497 -1.325 25
      vertex 3.4641 -2 25
      vertex 2.40172 -1.11994 25
    endloop
  endfacet
  facet normal 0 0 1
    outer loop
      vertex 3.4641 -2 25
      vertex 2.29497 -1.325 25
      vertex 3.27661 -2.2943 25
    endloop
  endfacet
  facet normal -0 0 1
    outer loop
      vertex 2.17075 -1.51998 25
      vertex 3.27661 -2.2943 25
      vertex 2.29497 -1.325 25
    endloop
  endfacet
  facet normal 0 0 1
    outer loop
      vertex 3.27661 -2.2943 25
      vertex 2.17075 -1.51998 25
      vertex 3.06418 -2.57115 25
    endloop
  endfacet
  facet normal -0 0 1
    outer loop
      vertex 2.03002 -1.70339 25
      vertex 3.06418 -2.57115 25
      vertex 2.17075 -1.51998 25
    endloop
  endfacet
  facet normal 0 0 1
    outer loop
      vertex 3.06418 -2.57115 25
      vertex 2.03002 -1.70339 25
      vertex 2.82843 -2.82843 25
    endloop
  endfacet
  facet normal -0 0 1
    outer loop
      vertex 1.87383 -1.87383 25
      vertex 2.82843 -2.82843 25
      vertex 2.03002 -1.70339 25
    endloop
  endfacet
  facet normal 0 0 1
    outer loop
      vertex 2.82843 -2.82843 25
      vertex 1.87383 -1.87383 25
      vertex 2.57115 -3.06418 25
    endloop
  endfacet
  facet normal -0 0 1
    outer loop
      vertex 1.70339 -2.03002 25
      vertex 2.57115 -3.06418 25
      vertex 1.87383 -1.87383 25
    endloop
  endfacet
  facet normal 0 0 1
    outer loop
      vertex 2.57115 -3.06418 25
      vertex 1.70339 -2.03002 25
      vertex 2.2943 -3.27661 25
    endloop
  endfacet
  facet normal -0 0 1
    outer loop
      vertex 1.51998 -2.17075 25
      vertex 2.2943 -3.27661 25
      vertex 1.70339 -2.03002 25
    endloop
  endfacet
  facet normal 0 0 1
    outer loop
      vertex 2.2943 -3.27661 25
      vertex 1.51998 -2.17075 25
      vertex 2 -3.4641 25
    endloop
  endfacet
  facet normal -0 0 1
    outer loop
      vertex 1.325 -2.29497 25
      vertex 2 -3.4641 25
      vertex 1.51998 -2.17075 25
    endloop
  endfacet
  facet normal 0 0 1
    outer loop
      vertex 2 -3.4641 25
      vertex 1.325 -2.29497 25
      vertex 1.69047 -3.62523 25
    endloop
  endfacet
  facet normal -0 0 1
    outer loop
      vertex 1.11994 -2.40172 25
      vertex 1.69047 -3.62523 25
      vertex 1.325 -2.29497 25
    endloop
  endfacet
  facet normal 0 0 1
    outer loop
      vertex 1.69047 -3.62523 25
      vertex 1.11994 -2.40172 25
      vertex 1.36808 -3.75877 25
    endloop
  endfacet
  facet normal -0 0 1
    outer loop
      vertex 0.906353 -2.49018 25
      vertex 1.36808 -3.75877 25
      vertex 1.11994 -2.40172 25
    endloop
  endfacet
  facet normal 0 0 1
    outer loop
      vertex 1.36808 -3.75877 25
      vertex 0.906353 -2.49018 25
      vertex 1.03528 -3.8637 25
    endloop
  endfacet
  facet normal -0 0 1
    outer loop
      vertex 0.68587 -2.5597 25
      vertex 1.03528 -3.8637 25
      vertex 0.906353 -2.49018 25
    endloop
  endfacet
  facet normal 0 0 1
    outer loop
      vertex 1.03528 -3.8637 25
      vertex 0.68587 -2.5597 25
      vertex 0.694592 -3.93923 25
    endloop
  endfacet
  facet normal -0 0 1
    outer loop
      vertex 0.460167 -2.60974 25
      vertex 0.694592 -3.93923 25
      vertex 0.68587 -2.5597 25
    endloop
  endfacet
  facet normal 0 0 1
    outer loop
      vertex 0.460167 -2.60974 25
      vertex 0.348622 -3.98478 25
      vertex 0.694592 -3.93923 25
    endloop
  endfacet
  facet normal -0 0 1
    outer loop
      vertex 0.230962 -2.63992 25
      vertex 0.348622 -3.98478 25
      vertex 0.460167 -2.60974 25
    endloop
  endfacet
  facet normal -0 0 1
    outer loop
      vertex 0 -2.65 25
      vertex 0.348622 -3.98478 25
      vertex 0.230962 -2.63992 25
    endloop
  endfacet
  facet normal 0 0 1
    outer loop
      vertex 0 -2.65 25
      vertex 0 -4 25
      vertex 0.348622 -3.98478 25
    endloop
  endfacet
  facet normal 0 0 1
    outer loop
      vertex -0.230962 -2.63992 25
      vertex 0 -4 25
      vertex 0 -2.65 25
    endloop
  endfacet
  facet normal 0 0 1
    outer loop
      vertex -0.230962 -2.63992 25
      vertex -0.348622 -3.98478 25
      vertex 0 -4 25
    endloop
  endfacet
  facet normal 0 0 1
    outer loop
      vertex -0.460167 -2.60974 25
      vertex -0.348622 -3.98478 25
      vertex -0.230962 -2.63992 25
    endloop
  endfacet
  facet normal 0 0 1
    outer loop
      vertex -0.694592 -3.93923 25
      vertex -0.460167 -2.60974 25
      vertex -0.68587 -2.5597 25
    endloop
  endfacet
  facet normal 0 0 1
    outer loop
      vertex -0.460167 -2.60974 25
      vertex -0.694592 -3.93923 25
      vertex -0.348622 -3.98478 25
    endloop
  endfacet
  facet normal 0 0 1
    outer loop
      vertex -1.03528 -3.8637 25
      vertex -0.68587 -2.5597 25
      vertex -0.906353 -2.49018 25
    endloop
  endfacet
  facet normal 0 0 1
    outer loop
      vertex -0.68587 -2.5597 25
      vertex -1.03528 -3.8637 25
      vertex -0.694592 -3.93923 25
    endloop
  endfacet
  facet normal 0 0 1
    outer loop
      vertex -1.36808 -3.75877 25
      vertex -0.906353 -2.49018 25
      vertex -1.11994 -2.40172 25
    endloop
  endfacet
  facet normal 0 0 1
    outer loop
      vertex -1.69047 -3.62523 25
      vertex -1.11994 -2.40172 25
      vertex -1.325 -2.29497 25
    endloop
  endfacet
  facet normal 0 0 1
    outer loop
      vertex -0.906353 -2.49018 25
      vertex -1.36808 -3.75877 25
      vertex -1.03528 -3.8637 25
    endloop
  endfacet
  facet normal 0 0 1
    outer loop
      vertex -2 -3.4641 25
      vertex -1.325 -2.29497 25
      vertex -1.51998 -2.17075 25
    endloop
  endfacet
  facet normal 0 0 1
    outer loop
      vertex -1.11994 -2.40172 25
      vertex -1.69047 -3.62523 25
      vertex -1.36808 -3.75877 25
    endloop
  endfacet
  facet normal 0 0 1
    outer loop
      vertex -2.2943 -3.27661 25
      vertex -1.51998 -2.17075 25
      vertex -1.70339 -2.03002 25
    endloop
  endfacet
  facet normal 0 0 1
    outer loop
      vertex -2.57115 -3.06418 25
      vertex -1.70339 -2.03002 25
      vertex -1.87383 -1.87383 25
    endloop
  endfacet
  facet normal 0 0 1
    outer loop
      vertex -1.325 -2.29497 25
      vertex -2 -3.4641 25
      vertex -1.69047 -3.62523 25
    endloop
  endfacet
  facet normal 0 0 1
    outer loop
      vertex -2.82843 -2.82843 25
      vertex -1.87383 -1.87383 25
      vertex -2.03002 -1.70339 25
    endloop
  endfacet
  facet normal 0 0 1
    outer loop
      vertex -3.06418 -2.57115 25
      vertex -2.03002 -1.70339 25
      vertex -2.17075 -1.51998 25
    endloop
  endfacet
  facet normal 0 0 1
    outer loop
      vertex -1.51998 -2.17075 25
      vertex -2.2943 -3.27661 25
      vertex -2 -3.4641 25
    endloop
  endfacet
  facet normal 0 0 1
    outer loop
      vertex -3.27661 -2.2943 25
      vertex -2.17075 -1.51998 25
      vertex -2.29497 -1.325 25
    endloop
  endfacet
  facet normal 0 0 1
    outer loop
      vertex -3.4641 -2 25
      vertex -2.29497 -1.325 25
      vertex -2.40172 -1.11994 25
    endloop
  endfacet
  facet normal 0 0 1
    outer loop
      vertex -3.62523 -1.69047 25
      vertex -2.40172 -1.11994 25
      vertex -2.49018 -0.906353 25
    endloop
  endfacet
  facet normal 0 0 1
    outer loop
      vertex -3.75877 -1.36808 25
      vertex -2.49018 -0.906353 25
      vertex -2.5597 -0.68587 25
    endloop
  endfacet
  facet normal 0 0 1
    outer loop
      vertex -1.70339 -2.03002 25
      vertex -2.57115 -3.06418 25
      vertex -2.2943 -3.27661 25
    endloop
  endfacet
  facet normal 0 0 1
    outer loop
      vertex -3.8637 -1.03528 25
      vertex -2.5597 -0.68587 25
      vertex -2.60974 -0.460167 25
    endloop
  endfacet
  facet normal 0 0 1
    outer loop
      vertex -3.93923 -0.694592 25
      vertex -2.60974 -0.460167 25
      vertex -2.63992 -0.230962 25
    endloop
  endfacet
  facet normal 0 0 1
    outer loop
      vertex -3.98478 -0.348622 25
      vertex -2.63992 -0.230962 25
      vertex -2.65 0 25
    endloop
  endfacet
  facet normal -0 0 1
    outer loop
      vertex -3.75877 1.36808 25
      vertex -2.49018 0.906353 25
      vertex -3.62523 1.69047 25
    endloop
  endfacet
  facet normal 0 0 1
    outer loop
      vertex -1.87383 -1.87383 25
      vertex -2.82843 -2.82843 25
      vertex -2.57115 -3.06418 25
    endloop
  endfacet
  facet normal 0 0 1
    outer loop
      vertex -2.49018 0.906353 25
      vertex -3.75877 1.36808 25
      vertex -2.5597 0.68587 25
    endloop
  endfacet
  facet normal 0 0 1
    outer loop
      vertex -2.03002 -1.70339 25
      vertex -3.06418 -2.57115 25
      vertex -2.82843 -2.82843 25
    endloop
  endfacet
  facet normal -0 0 1
    outer loop
      vertex -3.8637 1.03528 25
      vertex -2.5597 0.68587 25
      vertex -3.75877 1.36808 25
    endloop
  endfacet
  facet normal 0 0 1
    outer loop
      vertex -2.17075 -1.51998 25
      vertex -3.27661 -2.2943 25
      vertex -3.06418 -2.57115 25
    endloop
  endfacet
  facet normal 0 0 1
    outer loop
      vertex -2.5597 0.68587 25
      vertex -3.8637 1.03528 25
      vertex -2.60974 0.460167 25
    endloop
  endfacet
  facet normal 0 0 1
    outer loop
      vertex -2.29497 -1.325 25
      vertex -3.4641 -2 25
      vertex -3.27661 -2.2943 25
    endloop
  endfacet
  facet normal -0 0 1
    outer loop
      vertex -3.93923 0.694592 25
      vertex -2.60974 0.460167 25
      vertex -3.8637 1.03528 25
    endloop
  endfacet
  facet normal 0 0 1
    outer loop
      vertex -2.40172 -1.11994 25
      vertex -3.62523 -1.69047 25
      vertex -3.4641 -2 25
    endloop
  endfacet
  facet normal 0 0 1
    outer loop
      vertex -2.60974 0.460167 25
      vertex -3.93923 0.694592 25
      vertex -2.63992 0.230962 25
    endloop
  endfacet
  facet normal 0 0 1
    outer loop
      vertex -2.49018 -0.906353 25
      vertex -3.75877 -1.36808 25
      vertex -3.62523 -1.69047 25
    endloop
  endfacet
  facet normal -0 0 1
    outer loop
      vertex -3.98478 0.348622 25
      vertex -2.63992 0.230962 25
      vertex -3.93923 0.694592 25
    endloop
  endfacet
  facet normal 0 0 1
    outer loop
      vertex -2.5597 -0.68587 25
      vertex -3.8637 -1.03528 25
      vertex -3.75877 -1.36808 25
    endloop
  endfacet
  facet normal 0 0 1
    outer loop
      vertex -2.63992 0.230962 25
      vertex -3.98478 0.348622 25
      vertex -2.65 0 25
    endloop
  endfacet
  facet normal 0 0 1
    outer loop
      vertex -2.60974 -0.460167 25
      vertex -3.93923 -0.694592 25
      vertex -3.8637 -1.03528 25
    endloop
  endfacet
  facet normal 0 0 1
    outer loop
      vertex -4 0 25
      vertex -2.65 0 25
      vertex -3.98478 0.348622 25
    endloop
  endfacet
  facet normal 0 0 1
    outer loop
      vertex -2.63992 -0.230962 25
      vertex -3.98478 -0.348622 25
      vertex -3.93923 -0.694592 25
    endloop
  endfacet
  facet normal 0 0 1
    outer loop
      vertex -2.65 0 25
      vertex -4 0 25
      vertex -3.98478 -0.348622 25
    endloop
  endfacet
  facet normal -0.130532 -0.991444 0
    outer loop
      vertex -0.694592 -3.93923 22
      vertex -0.348622 -3.98478 25
      vertex -0.694592 -3.93923 25
    endloop
  endfacet
  facet normal -0.130532 -0.991444 -0
    outer loop
      vertex -0.348622 -3.98478 25
      vertex -0.694592 -3.93923 22
      vertex -0.348622 -3.98478 22
    endloop
  endfacet
  facet normal -0.130532 -0.991444 0
    outer loop
      vertex -0.694592 -3.93923 6
      vertex -0.348622 -3.98478 16
      vertex -0.694592 -3.93923 16
    endloop
  endfacet
  facet normal -0.130532 -0.991444 -0
    outer loop
      vertex -0.348622 -3.98478 16
      vertex -0.694592 -3.93923 6
      vertex -0.348622 -3.98478 6
    endloop
  endfacet
  facet normal -0.675584 -0.737283 0
    outer loop
      vertex -2.82843 -2.82843 22
      vertex -2.57115 -3.06418 25
      vertex -2.82843 -2.82843 25
    endloop
  endfacet
  facet normal -0.675584 -0.737283 -0
    outer loop
      vertex -2.57115 -3.06418 25
      vertex -2.82843 -2.82843 22
      vertex -2.57115 -3.06418 22
    endloop
  endfacet
  facet normal -0.675584 -0.737283 0
    outer loop
      vertex -2.82843 -2.82843 6
      vertex -2.57115 -3.06418 16
      vertex -2.82843 -2.82843 16
    endloop
  endfacet
  facet normal -0.675584 -0.737283 -0
    outer loop
      vertex -2.57115 -3.06418 16
      vertex -2.82843 -2.82843 6
      vertex -2.57115 -3.06418 6
    endloop
  endfacet
  facet normal -0.608753 -0.79336 0
    outer loop
      vertex -2.57115 -3.06418 22
      vertex -2.2943 -3.27661 25
      vertex -2.57115 -3.06418 25
    endloop
  endfacet
  facet normal -0.608753 -0.79336 -0
    outer loop
      vertex -2.2943 -3.27661 25
      vertex -2.57115 -3.06418 22
      vertex -2.2943 -3.27661 22
    endloop
  endfacet
  facet normal -0.608753 -0.79336 0
    outer loop
      vertex -2.57115 -3.06418 6
      vertex -2.2943 -3.27661 16
      vertex -2.57115 -3.06418 16
    endloop
  endfacet
  facet normal -0.608753 -0.79336 -0
    outer loop
      vertex -2.2943 -3.27661 16
      vertex -2.57115 -3.06418 6
      vertex -2.2943 -3.27661 6
    endloop
  endfacet
  facet normal -0.461746 -0.887012 0
    outer loop
      vertex -2 -3.4641 22
      vertex -1.69047 -3.62523 25
      vertex -2 -3.4641 25
    endloop
  endfacet
  facet normal -0.461746 -0.887012 -0
    outer loop
      vertex -1.69047 -3.62523 25
      vertex -2 -3.4641 22
      vertex -1.69047 -3.62523 22
    endloop
  endfacet
  facet normal -0.461746 -0.887012 0
    outer loop
      vertex -2 -3.4641 6
      vertex -1.69047 -3.62523 16
      vertex -2 -3.4641 16
    endloop
  endfacet
  facet normal -0.461746 -0.887012 -0
    outer loop
      vertex -1.69047 -3.62523 16
      vertex -2 -3.4641 6
      vertex -1.69047 -3.62523 6
    endloop
  endfacet
  facet normal -0.887012 -0.461746 0
    outer loop
      vertex -3.4641 -2 22
      vertex -3.62523 -1.69047 25
      vertex -3.62523 -1.69047 22
    endloop
  endfacet
  facet normal -0.887012 -0.461746 0
    outer loop
      vertex -3.62523 -1.69047 25
      vertex -3.4641 -2 22
      vertex -3.4641 -2 25
    endloop
  endfacet
  facet normal -0.887012 -0.461746 0
    outer loop
      vertex -3.4641 -2 6
      vertex -3.62523 -1.69047 16
      vertex -3.62523 -1.69047 6
    endloop
  endfacet
  facet normal -0.887012 -0.461746 0
    outer loop
      vertex -3.62523 -1.69047 16
      vertex -3.4641 -2 6
      vertex -3.4641 -2 16
    endloop
  endfacet
  facet normal 0.0436161 -0.999048 0
    outer loop
      vertex 0 -4 22
      vertex 0.348622 -3.98478 25
      vertex 0 -4 25
    endloop
  endfacet
  facet normal 0.0436161 -0.999048 0
    outer loop
      vertex 0.348622 -3.98478 25
      vertex 0 -4 22
      vertex 0.348622 -3.98478 22
    endloop
  endfacet
  facet normal 0.0436161 -0.999048 0
    outer loop
      vertex 0 -4 6
      vertex 0.348622 -3.98478 16
      vertex 0 -4 16
    endloop
  endfacet
  facet normal 0.0436161 -0.999048 0
    outer loop
      vertex 0.348622 -3.98478 16
      vertex 0 -4 6
      vertex 0.348622 -3.98478 6
    endloop
  endfacet
  facet normal 0.382688 -0.923878 0
    outer loop
      vertex 1.36808 -3.75877 22
      vertex 1.69047 -3.62523 25
      vertex 1.36808 -3.75877 25
    endloop
  endfacet
  facet normal 0.382688 -0.923878 0
    outer loop
      vertex 1.69047 -3.62523 25
      vertex 1.36808 -3.75877 22
      vertex 1.69047 -3.62523 22
    endloop
  endfacet
  facet normal 0.382688 -0.923878 0
    outer loop
      vertex 1.36808 -3.75877 6
      vertex 1.69047 -3.62523 16
      vertex 1.36808 -3.75877 16
    endloop
  endfacet
  facet normal 0.382688 -0.923878 0
    outer loop
      vertex 1.69047 -3.62523 16
      vertex 1.36808 -3.75877 6
      vertex 1.69047 -3.62523 6
    endloop
  endfacet
  facet normal 0.300702 -0.953718 0
    outer loop
      vertex 1.03528 -3.8637 22
      vertex 1.36808 -3.75877 25
      vertex 1.03528 -3.8637 25
    endloop
  endfacet
  facet normal 0.300702 -0.953718 0
    outer loop
      vertex 1.36808 -3.75877 25
      vertex 1.03528 -3.8637 22
      vertex 1.36808 -3.75877 22
    endloop
  endfacet
  facet normal 0.300702 -0.953718 0
    outer loop
      vertex 1.03528 -3.8637 6
      vertex 1.36808 -3.75877 16
      vertex 1.03528 -3.8637 16
    endloop
  endfacet
  facet normal 0.300702 -0.953718 0
    outer loop
      vertex 1.36808 -3.75877 16
      vertex 1.03528 -3.8637 6
      vertex 1.36808 -3.75877 6
    endloop
  endfacet
  facet normal 0.5373 -0.843391 0
    outer loop
      vertex 2 -3.4641 22
      vertex 2.2943 -3.27661 25
      vertex 2 -3.4641 25
    endloop
  endfacet
  facet normal 0.5373 -0.843391 0
    outer loop
      vertex 2.2943 -3.27661 25
      vertex 2 -3.4641 22
      vertex 2.2943 -3.27661 22
    endloop
  endfacet
  facet normal 0.5373 -0.843391 0
    outer loop
      vertex 2 -3.4641 6
      vertex 2.2943 -3.27661 16
      vertex 2 -3.4641 16
    endloop
  endfacet
  facet normal 0.5373 -0.843391 0
    outer loop
      vertex 2.2943 -3.27661 16
      vertex 2 -3.4641 6
      vertex 2.2943 -3.27661 6
    endloop
  endfacet
  facet normal 0.608753 -0.79336 0
    outer loop
      vertex 2.2943 -3.27661 22
      vertex 2.57115 -3.06418 25
      vertex 2.2943 -3.27661 25
    endloop
  endfacet
  facet normal 0.608753 -0.79336 0
    outer loop
      vertex 2.57115 -3.06418 25
      vertex 2.2943 -3.27661 22
      vertex 2.57115 -3.06418 22
    endloop
  endfacet
  facet normal 0.608753 -0.79336 0
    outer loop
      vertex 2.2943 -3.27661 6
      vertex 2.57115 -3.06418 16
      vertex 2.2943 -3.27661 16
    endloop
  endfacet
  facet normal 0.608753 -0.79336 0
    outer loop
      vertex 2.57115 -3.06418 16
      vertex 2.2943 -3.27661 6
      vertex 2.57115 -3.06418 6
    endloop
  endfacet
  facet normal 0.999048 -0.0436161 0
    outer loop
      vertex 3.98478 -0.348622 25
      vertex 4 0 22
      vertex 4 0 25
    endloop
  endfacet
  facet normal 0.999048 -0.0436161 0
    outer loop
      vertex 4 0 22
      vertex 3.98478 -0.348622 25
      vertex 3.98478 -0.348622 22
    endloop
  endfacet
  facet normal 0.999048 -0.0436161 0
    outer loop
      vertex 3.98478 -0.348622 16
      vertex 4 0 6
      vertex 4 0 16
    endloop
  endfacet
  facet normal 0.999048 -0.0436161 0
    outer loop
      vertex 4 0 6
      vertex 3.98478 -0.348622 16
      vertex 3.98478 -0.348622 6
    endloop
  endfacet
  facet normal 0.953718 -0.300702 0
    outer loop
      vertex 3.75877 -1.36808 25
      vertex 3.8637 -1.03528 22
      vertex 3.8637 -1.03528 25
    endloop
  endfacet
  facet normal 0.953718 -0.300702 0
    outer loop
      vertex 3.8637 -1.03528 22
      vertex 3.75877 -1.36808 25
      vertex 3.75877 -1.36808 22
    endloop
  endfacet
  facet normal 0.953718 -0.300702 0
    outer loop
      vertex 3.75877 -1.36808 16
      vertex 3.8637 -1.03528 6
      vertex 3.8637 -1.03528 16
    endloop
  endfacet
  facet normal 0.953718 -0.300702 0
    outer loop
      vertex 3.8637 -1.03528 6
      vertex 3.75877 -1.36808 16
      vertex 3.75877 -1.36808 6
    endloop
  endfacet
  facet normal 0.991444 -0.130532 0
    outer loop
      vertex 3.93923 -0.694592 25
      vertex 3.98478 -0.348622 22
      vertex 3.98478 -0.348622 25
    endloop
  endfacet
  facet normal 0.991444 -0.130532 0
    outer loop
      vertex 3.98478 -0.348622 22
      vertex 3.93923 -0.694592 25
      vertex 3.93923 -0.694592 22
    endloop
  endfacet
  facet normal 0.991444 -0.130532 0
    outer loop
      vertex 3.93923 -0.694592 16
      vertex 3.98478 -0.348622 6
      vertex 3.98478 -0.348622 16
    endloop
  endfacet
  facet normal 0.991444 -0.130532 0
    outer loop
      vertex 3.98478 -0.348622 6
      vertex 3.93923 -0.694592 16
      vertex 3.93923 -0.694592 6
    endloop
  endfacet
  facet normal 0.887012 -0.461746 0
    outer loop
      vertex 3.4641 -2 25
      vertex 3.62523 -1.69047 22
      vertex 3.62523 -1.69047 25
    endloop
  endfacet
  facet normal 0.887012 -0.461746 0
    outer loop
      vertex 3.62523 -1.69047 22
      vertex 3.4641 -2 25
      vertex 3.4641 -2 22
    endloop
  endfacet
  facet normal 0.887012 -0.461746 0
    outer loop
      vertex 3.4641 -2 16
      vertex 3.62523 -1.69047 6
      vertex 3.62523 -1.69047 16
    endloop
  endfacet
  facet normal 0.887012 -0.461746 0
    outer loop
      vertex 3.62523 -1.69047 6
      vertex 3.4641 -2 16
      vertex 3.4641 -2 6
    endloop
  endfacet
  facet normal 0.843391 -0.5373 0
    outer loop
      vertex 3.27661 -2.2943 25
      vertex 3.4641 -2 22
      vertex 3.4641 -2 25
    endloop
  endfacet
  facet normal 0.843391 -0.5373 0
    outer loop
      vertex 3.4641 -2 22
      vertex 3.27661 -2.2943 25
      vertex 3.27661 -2.2943 22
    endloop
  endfacet
  facet normal 0.843391 -0.5373 0
    outer loop
      vertex 3.27661 -2.2943 16
      vertex 3.4641 -2 6
      vertex 3.4641 -2 16
    endloop
  endfacet
  facet normal 0.843391 -0.5373 0
    outer loop
      vertex 3.4641 -2 6
      vertex 3.27661 -2.2943 16
      vertex 3.27661 -2.2943 6
    endloop
  endfacet
  facet normal 0.737283 -0.675584 0
    outer loop
      vertex 2.82843 -2.82843 25
      vertex 3.06418 -2.57115 22
      vertex 3.06418 -2.57115 25
    endloop
  endfacet
  facet normal 0.737283 -0.675584 0
    outer loop
      vertex 3.06418 -2.57115 22
      vertex 2.82843 -2.82843 25
      vertex 2.82843 -2.82843 22
    endloop
  endfacet
  facet normal 0.737283 -0.675584 0
    outer loop
      vertex 2.82843 -2.82843 16
      vertex 3.06418 -2.57115 6
      vertex 3.06418 -2.57115 16
    endloop
  endfacet
  facet normal 0.737283 -0.675584 0
    outer loop
      vertex 3.06418 -2.57115 6
      vertex 2.82843 -2.82843 16
      vertex 2.82843 -2.82843 6
    endloop
  endfacet
  facet normal -0.923878 0.382688 0
    outer loop
      vertex -3.75877 1.36808 22
      vertex -3.62523 1.69047 25
      vertex -3.62523 1.69047 22
    endloop
  endfacet
  facet normal -0.923878 0.382688 0
    outer loop
      vertex -3.62523 1.69047 25
      vertex -3.75877 1.36808 22
      vertex -3.75877 1.36808 25
    endloop
  endfacet
  facet normal -0.923878 0.382688 0
    outer loop
      vertex -3.75877 1.36808 6
      vertex -3.62523 1.69047 16
      vertex -3.62523 1.69047 6
    endloop
  endfacet
  facet normal -0.923878 0.382688 0
    outer loop
      vertex -3.62523 1.69047 16
      vertex -3.75877 1.36808 6
      vertex -3.75877 1.36808 16
    endloop
  endfacet
  facet normal -0.843391 0.5373 0
    outer loop
      vertex -3.4641 2 22
      vertex -3.27661 2.2943 25
      vertex -3.27661 2.2943 22
    endloop
  endfacet
  facet normal -0.843391 0.5373 0
    outer loop
      vertex -3.27661 2.2943 25
      vertex -3.4641 2 22
      vertex -3.4641 2 25
    endloop
  endfacet
  facet normal -0.843391 0.5373 0
    outer loop
      vertex -3.4641 2 6
      vertex -3.27661 2.2943 16
      vertex -3.27661 2.2943 6
    endloop
  endfacet
  facet normal -0.843391 0.5373 0
    outer loop
      vertex -3.27661 2.2943 16
      vertex -3.4641 2 6
      vertex -3.4641 2 16
    endloop
  endfacet
  facet normal -0.675584 0.737283 0
    outer loop
      vertex -2.57115 3.06418 22
      vertex -2.82843 2.82843 25
      vertex -2.57115 3.06418 25
    endloop
  endfacet
  facet normal -0.675584 0.737283 0
    outer loop
      vertex -2.82843 2.82843 25
      vertex -2.57115 3.06418 22
      vertex -2.82843 2.82843 22
    endloop
  endfacet
  facet normal -0.675584 0.737283 0
    outer loop
      vertex -2.57115 3.06418 6
      vertex -2.82843 2.82843 16
      vertex -2.57115 3.06418 16
    endloop
  endfacet
  facet normal -0.675584 0.737283 0
    outer loop
      vertex -2.82843 2.82843 16
      vertex -2.57115 3.06418 6
      vertex -2.82843 2.82843 6
    endloop
  endfacet
  facet normal -0.5373 0.843391 0
    outer loop
      vertex -2 3.4641 22
      vertex -2.2943 3.27661 25
      vertex -2 3.4641 25
    endloop
  endfacet
  facet normal -0.5373 0.843391 0
    outer loop
      vertex -2.2943 3.27661 25
      vertex -2 3.4641 22
      vertex -2.2943 3.27661 22
    endloop
  endfacet
  facet normal -0.5373 0.843391 0
    outer loop
      vertex -2 3.4641 6
      vertex -2.2943 3.27661 16
      vertex -2 3.4641 16
    endloop
  endfacet
  facet normal -0.5373 0.843391 0
    outer loop
      vertex -2.2943 3.27661 16
      vertex -2 3.4641 6
      vertex -2.2943 3.27661 6
    endloop
  endfacet
  facet normal -0.382688 0.923878 0
    outer loop
      vertex -1.36808 3.75877 22
      vertex -1.69047 3.62523 25
      vertex -1.36808 3.75877 25
    endloop
  endfacet
  facet normal -0.382688 0.923878 0
    outer loop
      vertex -1.69047 3.62523 25
      vertex -1.36808 3.75877 22
      vertex -1.69047 3.62523 22
    endloop
  endfacet
  facet normal -0.382688 0.923878 0
    outer loop
      vertex -1.36808 3.75877 6
      vertex -1.69047 3.62523 16
      vertex -1.36808 3.75877 16
    endloop
  endfacet
  facet normal -0.382688 0.923878 0
    outer loop
      vertex -1.69047 3.62523 16
      vertex -1.36808 3.75877 6
      vertex -1.69047 3.62523 6
    endloop
  endfacet
  facet normal -0.216443 0.976295 0
    outer loop
      vertex -0.694592 3.93923 22
      vertex -1.03528 3.8637 25
      vertex -0.694592 3.93923 25
    endloop
  endfacet
  facet normal -0.216443 0.976295 0
    outer loop
      vertex -1.03528 3.8637 25
      vertex -0.694592 3.93923 22
      vertex -1.03528 3.8637 22
    endloop
  endfacet
  facet normal -0.216443 0.976295 0
    outer loop
      vertex -0.694592 3.93923 6
      vertex -1.03528 3.8637 16
      vertex -0.694592 3.93923 16
    endloop
  endfacet
  facet normal -0.216443 0.976295 0
    outer loop
      vertex -1.03528 3.8637 16
      vertex -0.694592 3.93923 6
      vertex -1.03528 3.8637 6
    endloop
  endfacet
  facet normal 0.991444 0.130532 0
    outer loop
      vertex 3.98478 0.348622 25
      vertex 3.93923 0.694592 22
      vertex 3.93923 0.694592 25
    endloop
  endfacet
  facet normal 0.991444 0.130532 0
    outer loop
      vertex 3.93923 0.694592 22
      vertex 3.98478 0.348622 25
      vertex 3.98478 0.348622 22
    endloop
  endfacet
  facet normal 0.991444 0.130532 0
    outer loop
      vertex 3.98478 0.348622 16
      vertex 3.93923 0.694592 6
      vertex 3.93923 0.694592 16
    endloop
  endfacet
  facet normal 0.991444 0.130532 0
    outer loop
      vertex 3.93923 0.694592 6
      vertex 3.98478 0.348622 16
      vertex 3.98478 0.348622 6
    endloop
  endfacet
  facet normal 0.976295 0.216443 0
    outer loop
      vertex 3.93923 0.694592 25
      vertex 3.8637 1.03528 22
      vertex 3.8637 1.03528 25
    endloop
  endfacet
  facet normal 0.976295 0.216443 0
    outer loop
      vertex 3.8637 1.03528 22
      vertex 3.93923 0.694592 25
      vertex 3.93923 0.694592 22
    endloop
  endfacet
  facet normal 0.976295 0.216443 0
    outer loop
      vertex 3.93923 0.694592 16
      vertex 3.8637 1.03528 6
      vertex 3.8637 1.03528 16
    endloop
  endfacet
  facet normal 0.976295 0.216443 0
    outer loop
      vertex 3.8637 1.03528 6
      vertex 3.93923 0.694592 16
      vertex 3.93923 0.694592 6
    endloop
  endfacet
  facet normal 0.216443 0.976295 -0
    outer loop
      vertex 1.03528 3.8637 22
      vertex 0.694592 3.93923 25
      vertex 1.03528 3.8637 25
    endloop
  endfacet
  facet normal 0.216443 0.976295 0
    outer loop
      vertex 0.694592 3.93923 25
      vertex 1.03528 3.8637 22
      vertex 0.694592 3.93923 22
    endloop
  endfacet
  facet normal 0.216443 0.976295 -0
    outer loop
      vertex 1.03528 3.8637 6
      vertex 0.694592 3.93923 16
      vertex 1.03528 3.8637 16
    endloop
  endfacet
  facet normal 0.216443 0.976295 0
    outer loop
      vertex 0.694592 3.93923 16
      vertex 1.03528 3.8637 6
      vertex 0.694592 3.93923 6
    endloop
  endfacet
  facet normal -0.976295 -0.216443 0
    outer loop
      vertex -3.8637 -1.03528 22
      vertex -3.93923 -0.694592 25
      vertex -3.93923 -0.694592 22
    endloop
  endfacet
  facet normal -0.976295 -0.216443 0
    outer loop
      vertex -3.93923 -0.694592 25
      vertex -3.8637 -1.03528 22
      vertex -3.8637 -1.03528 25
    endloop
  endfacet
  facet normal -0.976295 -0.216443 0
    outer loop
      vertex -3.8637 -1.03528 6
      vertex -3.93923 -0.694592 16
      vertex -3.93923 -0.694592 6
    endloop
  endfacet
  facet normal -0.976295 -0.216443 0
    outer loop
      vertex -3.93923 -0.694592 16
      vertex -3.8637 -1.03528 6
      vertex -3.8637 -1.03528 16
    endloop
  endfacet
  facet normal -0.953718 -0.300702 0
    outer loop
      vertex -3.75877 -1.36808 22
      vertex -3.8637 -1.03528 25
      vertex -3.8637 -1.03528 22
    endloop
  endfacet
  facet normal -0.953718 -0.300702 0
    outer loop
      vertex -3.8637 -1.03528 25
      vertex -3.75877 -1.36808 22
      vertex -3.75877 -1.36808 25
    endloop
  endfacet
  facet normal -0.953718 -0.300702 0
    outer loop
      vertex -3.75877 -1.36808 6
      vertex -3.8637 -1.03528 16
      vertex -3.8637 -1.03528 6
    endloop
  endfacet
  facet normal -0.953718 -0.300702 0
    outer loop
      vertex -3.8637 -1.03528 16
      vertex -3.75877 -1.36808 6
      vertex -3.75877 -1.36808 16
    endloop
  endfacet
  facet normal -0.991444 -0.130532 0
    outer loop
      vertex -3.93923 -0.694592 22
      vertex -3.98478 -0.348622 25
      vertex -3.98478 -0.348622 22
    endloop
  endfacet
  facet normal -0.991444 -0.130532 0
    outer loop
      vertex -3.98478 -0.348622 25
      vertex -3.93923 -0.694592 22
      vertex -3.93923 -0.694592 25
    endloop
  endfacet
  facet normal -0.991444 -0.130532 0
    outer loop
      vertex -3.93923 -0.694592 6
      vertex -3.98478 -0.348622 16
      vertex -3.98478 -0.348622 6
    endloop
  endfacet
  facet normal -0.991444 -0.130532 0
    outer loop
      vertex -3.98478 -0.348622 16
      vertex -3.93923 -0.694592 6
      vertex -3.93923 -0.694592 16
    endloop
  endfacet
  facet normal -0.216443 -0.976295 0
    outer loop
      vertex -1.03528 -3.8637 22
      vertex -0.694592 -3.93923 25
      vertex -1.03528 -3.8637 25
    endloop
  endfacet
  facet normal -0.216443 -0.976295 -0
    outer loop
      vertex -0.694592 -3.93923 25
      vertex -1.03528 -3.8637 22
      vertex -0.694592 -3.93923 22
    endloop
  endfacet
  facet normal -0.216443 -0.976295 0
    outer loop
      vertex -1.03528 -3.8637 6
      vertex -0.694592 -3.93923 16
      vertex -1.03528 -3.8637 16
    endloop
  endfacet
  facet normal -0.216443 -0.976295 -0
    outer loop
      vertex -0.694592 -3.93923 16
      vertex -1.03528 -3.8637 6
      vertex -0.694592 -3.93923 6
    endloop
  endfacet
  facet normal -0.382688 -0.923878 0
    outer loop
      vertex -1.69047 -3.62523 22
      vertex -1.36808 -3.75877 25
      vertex -1.69047 -3.62523 25
    endloop
  endfacet
  facet normal -0.382688 -0.923878 -0
    outer loop
      vertex -1.36808 -3.75877 25
      vertex -1.69047 -3.62523 22
      vertex -1.36808 -3.75877 22
    endloop
  endfacet
  facet normal -0.382688 -0.923878 0
    outer loop
      vertex -1.69047 -3.62523 6
      vertex -1.36808 -3.75877 16
      vertex -1.69047 -3.62523 16
    endloop
  endfacet
  facet normal -0.382688 -0.923878 -0
    outer loop
      vertex -1.36808 -3.75877 16
      vertex -1.69047 -3.62523 6
      vertex -1.36808 -3.75877 6
    endloop
  endfacet
  facet normal -0.300702 -0.953718 0
    outer loop
      vertex -1.36808 -3.75877 22
      vertex -1.03528 -3.8637 25
      vertex -1.36808 -3.75877 25
    endloop
  endfacet
  facet normal -0.300702 -0.953718 -0
    outer loop
      vertex -1.03528 -3.8637 25
      vertex -1.36808 -3.75877 22
      vertex -1.03528 -3.8637 22
    endloop
  endfacet
  facet normal -0.300702 -0.953718 0
    outer loop
      vertex -1.36808 -3.75877 6
      vertex -1.03528 -3.8637 16
      vertex -1.36808 -3.75877 16
    endloop
  endfacet
  facet normal -0.300702 -0.953718 -0
    outer loop
      vertex -1.03528 -3.8637 16
      vertex -1.36808 -3.75877 6
      vertex -1.03528 -3.8637 6
    endloop
  endfacet
  facet normal -0.737283 -0.675584 0
    outer loop
      vertex -2.82843 -2.82843 22
      vertex -3.06418 -2.57115 25
      vertex -3.06418 -2.57115 22
    endloop
  endfacet
  facet normal -0.737283 -0.675584 0
    outer loop
      vertex -3.06418 -2.57115 25
      vertex -2.82843 -2.82843 22
      vertex -2.82843 -2.82843 25
    endloop
  endfacet
  facet normal -0.737283 -0.675584 0
    outer loop
      vertex -2.82843 -2.82843 6
      vertex -3.06418 -2.57115 16
      vertex -3.06418 -2.57115 6
    endloop
  endfacet
  facet normal -0.737283 -0.675584 0
    outer loop
      vertex -3.06418 -2.57115 16
      vertex -2.82843 -2.82843 6
      vertex -2.82843 -2.82843 16
    endloop
  endfacet
  facet normal -0.5373 -0.843391 0
    outer loop
      vertex -2.2943 -3.27661 22
      vertex -2 -3.4641 25
      vertex -2.2943 -3.27661 25
    endloop
  endfacet
  facet normal -0.5373 -0.843391 -0
    outer loop
      vertex -2 -3.4641 25
      vertex -2.2943 -3.27661 22
      vertex -2 -3.4641 22
    endloop
  endfacet
  facet normal -0.5373 -0.843391 0
    outer loop
      vertex -2.2943 -3.27661 6
      vertex -2 -3.4641 16
      vertex -2.2943 -3.27661 16
    endloop
  endfacet
  facet normal -0.5373 -0.843391 -0
    outer loop
      vertex -2 -3.4641 16
      vertex -2.2943 -3.27661 6
      vertex -2 -3.4641 6
    endloop
  endfacet
  facet normal -0.923878 -0.382688 0
    outer loop
      vertex -3.62523 -1.69047 22
      vertex -3.75877 -1.36808 25
      vertex -3.75877 -1.36808 22
    endloop
  endfacet
  facet normal -0.923878 -0.382688 0
    outer loop
      vertex -3.75877 -1.36808 25
      vertex -3.62523 -1.69047 22
      vertex -3.62523 -1.69047 25
    endloop
  endfacet
  facet normal -0.923878 -0.382688 0
    outer loop
      vertex -3.62523 -1.69047 6
      vertex -3.75877 -1.36808 16
      vertex -3.75877 -1.36808 6
    endloop
  endfacet
  facet normal -0.923878 -0.382688 0
    outer loop
      vertex -3.75877 -1.36808 16
      vertex -3.62523 -1.69047 6
      vertex -3.62523 -1.69047 16
    endloop
  endfacet
  facet normal -0.843391 -0.5373 0
    outer loop
      vertex -3.27661 -2.2943 22
      vertex -3.4641 -2 25
      vertex -3.4641 -2 22
    endloop
  endfacet
  facet normal -0.843391 -0.5373 0
    outer loop
      vertex -3.4641 -2 25
      vertex -3.27661 -2.2943 22
      vertex -3.27661 -2.2943 25
    endloop
  endfacet
  facet normal -0.843391 -0.5373 0
    outer loop
      vertex -3.27661 -2.2943 6
      vertex -3.4641 -2 16
      vertex -3.4641 -2 6
    endloop
  endfacet
  facet normal -0.843391 -0.5373 0
    outer loop
      vertex -3.4641 -2 16
      vertex -3.27661 -2.2943 6
      vertex -3.27661 -2.2943 16
    endloop
  endfacet
  facet normal 0.130532 -0.991444 0
    outer loop
      vertex 0.348622 -3.98478 22
      vertex 0.694592 -3.93923 25
      vertex 0.348622 -3.98478 25
    endloop
  endfacet
  facet normal 0.130532 -0.991444 0
    outer loop
      vertex 0.694592 -3.93923 25
      vertex 0.348622 -3.98478 22
      vertex 0.694592 -3.93923 22
    endloop
  endfacet
  facet normal 0.130532 -0.991444 0
    outer loop
      vertex 0.348622 -3.98478 6
      vertex 0.694592 -3.93923 16
      vertex 0.348622 -3.98478 16
    endloop
  endfacet
  facet normal 0.130532 -0.991444 0
    outer loop
      vertex 0.694592 -3.93923 16
      vertex 0.348622 -3.98478 6
      vertex 0.694592 -3.93923 6
    endloop
  endfacet
  facet normal 0.216443 -0.976295 0
    outer loop
      vertex 0.694592 -3.93923 22
      vertex 1.03528 -3.8637 25
      vertex 0.694592 -3.93923 25
    endloop
  endfacet
  facet normal 0.216443 -0.976295 0
    outer loop
      vertex 1.03528 -3.8637 25
      vertex 0.694592 -3.93923 22
      vertex 1.03528 -3.8637 22
    endloop
  endfacet
  facet normal 0.216443 -0.976295 0
    outer loop
      vertex 0.694592 -3.93923 6
      vertex 1.03528 -3.8637 16
      vertex 0.694592 -3.93923 16
    endloop
  endfacet
  facet normal 0.216443 -0.976295 0
    outer loop
      vertex 1.03528 -3.8637 16
      vertex 0.694592 -3.93923 6
      vertex 1.03528 -3.8637 6
    endloop
  endfacet
  facet normal 0.976295 -0.216443 0
    outer loop
      vertex 3.8637 -1.03528 25
      vertex 3.93923 -0.694592 22
      vertex 3.93923 -0.694592 25
    endloop
  endfacet
  facet normal 0.976295 -0.216443 0
    outer loop
      vertex 3.93923 -0.694592 22
      vertex 3.8637 -1.03528 25
      vertex 3.8637 -1.03528 22
    endloop
  endfacet
  facet normal 0.976295 -0.216443 0
    outer loop
      vertex 3.8637 -1.03528 16
      vertex 3.93923 -0.694592 6
      vertex 3.93923 -0.694592 16
    endloop
  endfacet
  facet normal 0.976295 -0.216443 0
    outer loop
      vertex 3.93923 -0.694592 6
      vertex 3.8637 -1.03528 16
      vertex 3.8637 -1.03528 6
    endloop
  endfacet
  facet normal 0.999049 -0.043602 0
    outer loop
      vertex -2.65 0 25
      vertex -2.63992 0.230962 5.1
      vertex -2.63992 0.230962 25
    endloop
  endfacet
  facet normal 0.999049 -0.043602 0
    outer loop
      vertex -2.63992 0.230962 5.1
      vertex -2.65 0 25
      vertex -2.65 0 5.1
    endloop
  endfacet
  facet normal -0.999049 -0.043602 0
    outer loop
      vertex 2.65 0 5.1
      vertex 2.63992 0.230962 25
      vertex 2.63992 0.230962 5.1
    endloop
  endfacet
  facet normal -0.999049 -0.043602 0
    outer loop
      vertex 2.63992 0.230962 25
      vertex 2.65 0 5.1
      vertex 2.65 0 25
    endloop
  endfacet
  facet normal -0.043602 0.999049 0
    outer loop
      vertex 0.230962 -2.63992 5.1
      vertex 0 -2.65 25
      vertex 0.230962 -2.63992 25
    endloop
  endfacet
  facet normal -0.043602 0.999049 0
    outer loop
      vertex 0 -2.65 25
      vertex 0.230962 -2.63992 5.1
      vertex 0 -2.65 5.1
    endloop
  endfacet
  facet normal -0.737255 0.675615 0
    outer loop
      vertex 1.87383 -1.87383 5.1
      vertex 2.03002 -1.70339 25
      vertex 2.03002 -1.70339 5.1
    endloop
  endfacet
  facet normal -0.737255 0.675615 0
    outer loop
      vertex 2.03002 -1.70339 25
      vertex 1.87383 -1.87383 5.1
      vertex 1.87383 -1.87383 25
    endloop
  endfacet
  facet normal -0.675615 -0.737255 0
    outer loop
      vertex 1.70339 2.03002 5.1
      vertex 1.87383 1.87383 25
      vertex 1.70339 2.03002 25
    endloop
  endfacet
  facet normal -0.675615 -0.737255 -0
    outer loop
      vertex 1.87383 1.87383 25
      vertex 1.70339 2.03002 5.1
      vertex 1.87383 1.87383 5.1
    endloop
  endfacet
  facet normal -0.382644 -0.923896 0
    outer loop
      vertex 0.906353 2.49018 5.1
      vertex 1.11994 2.40172 25
      vertex 0.906353 2.49018 25
    endloop
  endfacet
  facet normal -0.382644 -0.923896 -0
    outer loop
      vertex 1.11994 2.40172 25
      vertex 0.906353 2.49018 5.1
      vertex 1.11994 2.40172 5.1
    endloop
  endfacet
  facet normal -0.923896 0.382644 0
    outer loop
      vertex 2.40172 -1.11994 5.1
      vertex 2.49018 -0.906353 25
      vertex 2.49018 -0.906353 5.1
    endloop
  endfacet
  facet normal -0.923896 0.382644 0
    outer loop
      vertex 2.49018 -0.906353 25
      vertex 2.40172 -1.11994 5.1
      vertex 2.40172 -1.11994 25
    endloop
  endfacet
  facet normal -0.887006 -0.461757 0
    outer loop
      vertex 2.40172 1.11994 5.1
      vertex 2.29497 1.325 25
      vertex 2.29497 1.325 5.1
    endloop
  endfacet
  facet normal -0.887006 -0.461757 0
    outer loop
      vertex 2.29497 1.325 25
      vertex 2.40172 1.11994 5.1
      vertex 2.40172 1.11994 25
    endloop
  endfacet
  facet normal -0.130546 -0.991442 0
    outer loop
      vertex 0.230962 2.63992 5.1
      vertex 0.460167 2.60974 25
      vertex 0.230962 2.63992 25
    endloop
  endfacet
  facet normal -0.130546 -0.991442 -0
    outer loop
      vertex 0.460167 2.60974 25
      vertex 0.230962 2.63992 5.1
      vertex 0.460167 2.60974 5.1
    endloop
  endfacet
  facet normal 0.923896 0.382644 0
    outer loop
      vertex -2.40172 -1.11994 25
      vertex -2.49018 -0.906353 5.1
      vertex -2.49018 -0.906353 25
    endloop
  endfacet
  facet normal 0.923896 0.382644 0
    outer loop
      vertex -2.49018 -0.906353 5.1
      vertex -2.40172 -1.11994 25
      vertex -2.40172 -1.11994 5.1
    endloop
  endfacet
  facet normal 0.382644 0.923896 -0
    outer loop
      vertex -0.906353 -2.49018 5.1
      vertex -1.11994 -2.40172 25
      vertex -0.906353 -2.49018 25
    endloop
  endfacet
  facet normal 0.382644 0.923896 0
    outer loop
      vertex -1.11994 -2.40172 25
      vertex -0.906353 -2.49018 5.1
      vertex -1.11994 -2.40172 5.1
    endloop
  endfacet
  facet normal -0.461757 0.887006 0
    outer loop
      vertex 1.325 -2.29497 5.1
      vertex 1.11994 -2.40172 25
      vertex 1.325 -2.29497 25
    endloop
  endfacet
  facet normal -0.461757 0.887006 0
    outer loop
      vertex 1.11994 -2.40172 25
      vertex 1.325 -2.29497 5.1
      vertex 1.11994 -2.40172 5.1
    endloop
  endfacet
  facet normal -0.991442 0.130546 0
    outer loop
      vertex 2.60974 -0.460167 5.1
      vertex 2.63992 -0.230962 25
      vertex 2.63992 -0.230962 5.1
    endloop
  endfacet
  facet normal -0.991442 0.130546 0
    outer loop
      vertex 2.63992 -0.230962 25
      vertex 2.60974 -0.460167 5.1
      vertex 2.60974 -0.460167 25
    endloop
  endfacet
  facet normal 0.991442 -0.130546 0
    outer loop
      vertex -2.63992 0.230962 25
      vertex -2.60974 0.460167 5.1
      vertex -2.60974 0.460167 25
    endloop
  endfacet
  facet normal 0.991442 -0.130546 0
    outer loop
      vertex -2.60974 0.460167 5.1
      vertex -2.63992 0.230962 25
      vertex -2.63992 0.230962 5.1
    endloop
  endfacet
  facet normal 0.953714 -0.300714 0
    outer loop
      vertex -2.5597 0.68587 25
      vertex -2.49018 0.906353 5.1
      vertex -2.49018 0.906353 25
    endloop
  endfacet
  facet normal 0.953714 -0.300714 0
    outer loop
      vertex -2.49018 0.906353 5.1
      vertex -2.5597 0.68587 25
      vertex -2.5597 0.68587 5.1
    endloop
  endfacet
  facet normal 0.793365 -0.608747 0
    outer loop
      vertex -2.17075 1.51998 25
      vertex -2.03002 1.70339 5.1
      vertex -2.03002 1.70339 25
    endloop
  endfacet
  facet normal 0.793365 -0.608747 0
    outer loop
      vertex -2.03002 1.70339 5.1
      vertex -2.17075 1.51998 25
      vertex -2.17075 1.51998 5.1
    endloop
  endfacet
  facet normal 0.887006 -0.461757 0
    outer loop
      vertex -2.40172 1.11994 25
      vertex -2.29497 1.325 5.1
      vertex -2.29497 1.325 25
    endloop
  endfacet
  facet normal 0.887006 -0.461757 0
    outer loop
      vertex -2.29497 1.325 5.1
      vertex -2.40172 1.11994 25
      vertex -2.40172 1.11994 5.1
    endloop
  endfacet
  facet normal 0.130546 -0.991442 0
    outer loop
      vertex -0.460167 2.60974 5.1
      vertex -0.230962 2.63992 25
      vertex -0.460167 2.60974 25
    endloop
  endfacet
  facet normal 0.130546 -0.991442 0
    outer loop
      vertex -0.230962 2.63992 25
      vertex -0.460167 2.60974 5.1
      vertex -0.230962 2.63992 5.1
    endloop
  endfacet
  facet normal 0.537312 -0.843384 0
    outer loop
      vertex -1.51998 2.17075 5.1
      vertex -1.325 2.29497 25
      vertex -1.51998 2.17075 25
    endloop
  endfacet
  facet normal 0.537312 -0.843384 0
    outer loop
      vertex -1.325 2.29497 25
      vertex -1.51998 2.17075 5.1
      vertex -1.325 2.29497 5.1
    endloop
  endfacet
  facet normal 0.675615 -0.737255 0
    outer loop
      vertex -1.87383 1.87383 5.1
      vertex -1.70339 2.03002 25
      vertex -1.87383 1.87383 25
    endloop
  endfacet
  facet normal 0.675615 -0.737255 0
    outer loop
      vertex -1.70339 2.03002 25
      vertex -1.87383 1.87383 5.1
      vertex -1.70339 2.03002 5.1
    endloop
  endfacet
  facet normal -0.976293 -0.216451 0
    outer loop
      vertex 2.60974 0.460167 5.1
      vertex 2.5597 0.68587 25
      vertex 2.5597 0.68587 5.1
    endloop
  endfacet
  facet normal -0.976293 -0.216451 0
    outer loop
      vertex 2.5597 0.68587 25
      vertex 2.60974 0.460167 5.1
      vertex 2.60974 0.460167 25
    endloop
  endfacet
  facet normal -0.793365 -0.608747 0
    outer loop
      vertex 2.17075 1.51998 5.1
      vertex 2.03002 1.70339 25
      vertex 2.03002 1.70339 5.1
    endloop
  endfacet
  facet normal -0.793365 -0.608747 0
    outer loop
      vertex 2.03002 1.70339 25
      vertex 2.17075 1.51998 5.1
      vertex 2.17075 1.51998 25
    endloop
  endfacet
  facet normal -0.737255 -0.675615 0
    outer loop
      vertex 2.03002 1.70339 5.1
      vertex 1.87383 1.87383 25
      vertex 1.87383 1.87383 5.1
    endloop
  endfacet
  facet normal -0.737255 -0.675615 0
    outer loop
      vertex 1.87383 1.87383 25
      vertex 2.03002 1.70339 5.1
      vertex 2.03002 1.70339 25
    endloop
  endfacet
  facet normal -0.843384 -0.537312 0
    outer loop
      vertex 2.29497 1.325 5.1
      vertex 2.17075 1.51998 25
      vertex 2.17075 1.51998 5.1
    endloop
  endfacet
  facet normal -0.843384 -0.537312 0
    outer loop
      vertex 2.17075 1.51998 25
      vertex 2.29497 1.325 5.1
      vertex 2.29497 1.325 25
    endloop
  endfacet
  facet normal -0.991442 -0.130546 0
    outer loop
      vertex 2.63992 0.230962 5.1
      vertex 2.60974 0.460167 25
      vertex 2.60974 0.460167 5.1
    endloop
  endfacet
  facet normal -0.991442 -0.130546 0
    outer loop
      vertex 2.60974 0.460167 25
      vertex 2.63992 0.230962 5.1
      vertex 2.63992 0.230962 25
    endloop
  endfacet
  facet normal -0.537312 -0.843384 0
    outer loop
      vertex 1.325 2.29497 5.1
      vertex 1.51998 2.17075 25
      vertex 1.325 2.29497 25
    endloop
  endfacet
  facet normal -0.537312 -0.843384 -0
    outer loop
      vertex 1.51998 2.17075 25
      vertex 1.325 2.29497 5.1
      vertex 1.51998 2.17075 5.1
    endloop
  endfacet
  facet normal -0.461757 -0.887006 0
    outer loop
      vertex 1.11994 2.40172 5.1
      vertex 1.325 2.29497 25
      vertex 1.11994 2.40172 25
    endloop
  endfacet
  facet normal -0.461757 -0.887006 -0
    outer loop
      vertex 1.325 2.29497 25
      vertex 1.11994 2.40172 5.1
      vertex 1.325 2.29497 5.1
    endloop
  endfacet
  facet normal -0.608747 -0.793365 0
    outer loop
      vertex 1.51998 2.17075 5.1
      vertex 1.70339 2.03002 25
      vertex 1.51998 2.17075 25
    endloop
  endfacet
  facet normal -0.608747 -0.793365 -0
    outer loop
      vertex 1.70339 2.03002 25
      vertex 1.51998 2.17075 5.1
      vertex 1.70339 2.03002 5.1
    endloop
  endfacet
  facet normal -0.216451 -0.976293 0
    outer loop
      vertex 0.460167 2.60974 5.1
      vertex 0.68587 2.5597 25
      vertex 0.460167 2.60974 25
    endloop
  endfacet
  facet normal -0.216451 -0.976293 -0
    outer loop
      vertex 0.68587 2.5597 25
      vertex 0.460167 2.60974 5.1
      vertex 0.68587 2.5597 5.1
    endloop
  endfacet
  facet normal -0.043602 -0.999049 0
    outer loop
      vertex 0 2.65 5.1
      vertex 0.230962 2.63992 25
      vertex 0 2.65 25
    endloop
  endfacet
  facet normal -0.043602 -0.999049 -0
    outer loop
      vertex 0.230962 2.63992 25
      vertex 0 2.65 5.1
      vertex 0.230962 2.63992 5.1
    endloop
  endfacet
  facet normal 0.043602 0.999049 -0
    outer loop
      vertex 0 -2.65 5.1
      vertex -0.230962 -2.63992 25
      vertex 0 -2.65 25
    endloop
  endfacet
  facet normal 0.043602 0.999049 0
    outer loop
      vertex -0.230962 -2.63992 25
      vertex 0 -2.65 5.1
      vertex -0.230962 -2.63992 5.1
    endloop
  endfacet
  facet normal 0.216451 0.976293 -0
    outer loop
      vertex -0.460167 -2.60974 5.1
      vertex -0.68587 -2.5597 25
      vertex -0.460167 -2.60974 25
    endloop
  endfacet
  facet normal 0.216451 0.976293 0
    outer loop
      vertex -0.68587 -2.5597 25
      vertex -0.460167 -2.60974 5.1
      vertex -0.68587 -2.5597 5.1
    endloop
  endfacet
  facet normal 0.608747 0.793365 -0
    outer loop
      vertex -1.51998 -2.17075 5.1
      vertex -1.70339 -2.03002 25
      vertex -1.51998 -2.17075 25
    endloop
  endfacet
  facet normal 0.608747 0.793365 0
    outer loop
      vertex -1.70339 -2.03002 25
      vertex -1.51998 -2.17075 5.1
      vertex -1.70339 -2.03002 5.1
    endloop
  endfacet
  facet normal 0.461757 0.887006 -0
    outer loop
      vertex -1.11994 -2.40172 5.1
      vertex -1.325 -2.29497 25
      vertex -1.11994 -2.40172 25
    endloop
  endfacet
  facet normal 0.461757 0.887006 0
    outer loop
      vertex -1.325 -2.29497 25
      vertex -1.11994 -2.40172 5.1
      vertex -1.325 -2.29497 5.1
    endloop
  endfacet
  facet normal 0.887006 0.461757 0
    outer loop
      vertex -2.29497 -1.325 25
      vertex -2.40172 -1.11994 5.1
      vertex -2.40172 -1.11994 25
    endloop
  endfacet
  facet normal 0.887006 0.461757 0
    outer loop
      vertex -2.40172 -1.11994 5.1
      vertex -2.29497 -1.325 25
      vertex -2.29497 -1.325 5.1
    endloop
  endfacet
  facet normal -0.216451 0.976293 0
    outer loop
      vertex 0.68587 -2.5597 5.1
      vertex 0.460167 -2.60974 25
      vertex 0.68587 -2.5597 25
    endloop
  endfacet
  facet normal -0.216451 0.976293 0
    outer loop
      vertex 0.460167 -2.60974 25
      vertex 0.68587 -2.5597 5.1
      vertex 0.460167 -2.60974 5.1
    endloop
  endfacet
  facet normal -0.608747 0.793365 0
    outer loop
      vertex 1.70339 -2.03002 5.1
      vertex 1.51998 -2.17075 25
      vertex 1.70339 -2.03002 25
    endloop
  endfacet
  facet normal -0.608747 0.793365 0
    outer loop
      vertex 1.51998 -2.17075 25
      vertex 1.70339 -2.03002 5.1
      vertex 1.51998 -2.17075 5.1
    endloop
  endfacet
  facet normal -0.675615 0.737255 0
    outer loop
      vertex 1.87383 -1.87383 5.1
      vertex 1.70339 -2.03002 25
      vertex 1.87383 -1.87383 25
    endloop
  endfacet
  facet normal -0.675615 0.737255 0
    outer loop
      vertex 1.70339 -2.03002 25
      vertex 1.87383 -1.87383 5.1
      vertex 1.70339 -2.03002 5.1
    endloop
  endfacet
  facet normal -0.537312 0.843384 0
    outer loop
      vertex 1.51998 -2.17075 5.1
      vertex 1.325 -2.29497 25
      vertex 1.51998 -2.17075 25
    endloop
  endfacet
  facet normal -0.537312 0.843384 0
    outer loop
      vertex 1.325 -2.29497 25
      vertex 1.51998 -2.17075 5.1
      vertex 1.325 -2.29497 5.1
    endloop
  endfacet
  facet normal -0.300714 0.953714 0
    outer loop
      vertex 0.906353 -2.49018 5.1
      vertex 0.68587 -2.5597 25
      vertex 0.906353 -2.49018 25
    endloop
  endfacet
  facet normal -0.300714 0.953714 0
    outer loop
      vertex 0.68587 -2.5597 25
      vertex 0.906353 -2.49018 5.1
      vertex 0.68587 -2.5597 5.1
    endloop
  endfacet
  facet normal -0.130546 0.991442 0
    outer loop
      vertex 0.460167 -2.60974 5.1
      vertex 0.230962 -2.63992 25
      vertex 0.460167 -2.60974 25
    endloop
  endfacet
  facet normal -0.130546 0.991442 0
    outer loop
      vertex 0.230962 -2.63992 25
      vertex 0.460167 -2.60974 5.1
      vertex 0.230962 -2.63992 5.1
    endloop
  endfacet
  facet normal -0.843384 0.537312 0
    outer loop
      vertex 2.17075 -1.51998 5.1
      vertex 2.29497 -1.325 25
      vertex 2.29497 -1.325 5.1
    endloop
  endfacet
  facet normal -0.843384 0.537312 0
    outer loop
      vertex 2.29497 -1.325 25
      vertex 2.17075 -1.51998 5.1
      vertex 2.17075 -1.51998 25
    endloop
  endfacet
  facet normal -0.793365 0.608747 0
    outer loop
      vertex 2.03002 -1.70339 5.1
      vertex 2.17075 -1.51998 25
      vertex 2.17075 -1.51998 5.1
    endloop
  endfacet
  facet normal -0.793365 0.608747 0
    outer loop
      vertex 2.17075 -1.51998 25
      vertex 2.03002 -1.70339 5.1
      vertex 2.03002 -1.70339 25
    endloop
  endfacet
  facet normal -0.999049 0.043602 0
    outer loop
      vertex 2.63992 -0.230962 5.1
      vertex 2.65 0 25
      vertex 2.65 0 5.1
    endloop
  endfacet
  facet normal -0.999049 0.043602 0
    outer loop
      vertex 2.65 0 25
      vertex 2.63992 -0.230962 5.1
      vertex 2.63992 -0.230962 25
    endloop
  endfacet
  facet normal 0.976293 -0.216451 0
    outer loop
      vertex -2.60974 0.460167 25
      vertex -2.5597 0.68587 5.1
      vertex -2.5597 0.68587 25
    endloop
  endfacet
  facet normal 0.976293 -0.216451 0
    outer loop
      vertex -2.5597 0.68587 5.1
      vertex -2.60974 0.460167 25
      vertex -2.60974 0.460167 5.1
    endloop
  endfacet
  facet normal 0.923896 -0.382644 0
    outer loop
      vertex -2.49018 0.906353 25
      vertex -2.40172 1.11994 5.1
      vertex -2.40172 1.11994 25
    endloop
  endfacet
  facet normal 0.923896 -0.382644 0
    outer loop
      vertex -2.40172 1.11994 5.1
      vertex -2.49018 0.906353 25
      vertex -2.49018 0.906353 5.1
    endloop
  endfacet
  facet normal 0.737255 -0.675615 0
    outer loop
      vertex -2.03002 1.70339 25
      vertex -1.87383 1.87383 5.1
      vertex -1.87383 1.87383 25
    endloop
  endfacet
  facet normal 0.737255 -0.675615 0
    outer loop
      vertex -1.87383 1.87383 5.1
      vertex -2.03002 1.70339 25
      vertex -2.03002 1.70339 5.1
    endloop
  endfacet
  facet normal 0.843384 -0.537312 0
    outer loop
      vertex -2.29497 1.325 25
      vertex -2.17075 1.51998 5.1
      vertex -2.17075 1.51998 25
    endloop
  endfacet
  facet normal 0.843384 -0.537312 0
    outer loop
      vertex -2.17075 1.51998 5.1
      vertex -2.29497 1.325 25
      vertex -2.29497 1.325 5.1
    endloop
  endfacet
  facet normal 0.382644 -0.923896 0
    outer loop
      vertex -1.11994 2.40172 5.1
      vertex -0.906353 2.49018 25
      vertex -1.11994 2.40172 25
    endloop
  endfacet
  facet normal 0.382644 -0.923896 0
    outer loop
      vertex -0.906353 2.49018 25
      vertex -1.11994 2.40172 5.1
      vertex -0.906353 2.49018 5.1
    endloop
  endfacet
  facet normal 0.216451 -0.976293 0
    outer loop
      vertex -0.68587 2.5597 5.1
      vertex -0.460167 2.60974 25
      vertex -0.68587 2.5597 25
    endloop
  endfacet
  facet normal 0.216451 -0.976293 0
    outer loop
      vertex -0.460167 2.60974 25
      vertex -0.68587 2.5597 5.1
      vertex -0.460167 2.60974 5.1
    endloop
  endfacet
  facet normal 0.043602 -0.999049 0
    outer loop
      vertex -0.230962 2.63992 5.1
      vertex 0 2.65 25
      vertex -0.230962 2.63992 25
    endloop
  endfacet
  facet normal 0.043602 -0.999049 0
    outer loop
      vertex 0 2.65 25
      vertex -0.230962 2.63992 5.1
      vertex 0 2.65 5.1
    endloop
  endfacet
  facet normal 0.461757 -0.887006 0
    outer loop
      vertex -1.325 2.29497 5.1
      vertex -1.11994 2.40172 25
      vertex -1.325 2.29497 25
    endloop
  endfacet
  facet normal 0.461757 -0.887006 0
    outer loop
      vertex -1.11994 2.40172 25
      vertex -1.325 2.29497 5.1
      vertex -1.11994 2.40172 5.1
    endloop
  endfacet
  facet normal 0.608747 -0.793365 0
    outer loop
      vertex -1.70339 2.03002 5.1
      vertex -1.51998 2.17075 25
      vertex -1.70339 2.03002 25
    endloop
  endfacet
  facet normal 0.608747 -0.793365 0
    outer loop
      vertex -1.51998 2.17075 25
      vertex -1.70339 2.03002 5.1
      vertex -1.51998 2.17075 5.1
    endloop
  endfacet
  facet normal -0.953714 -0.300714 0
    outer loop
      vertex 2.5597 0.68587 5.1
      vertex 2.49018 0.906353 25
      vertex 2.49018 0.906353 5.1
    endloop
  endfacet
  facet normal -0.953714 -0.300714 0
    outer loop
      vertex 2.49018 0.906353 25
      vertex 2.5597 0.68587 5.1
      vertex 2.5597 0.68587 25
    endloop
  endfacet
  facet normal -0.923896 -0.382644 0
    outer loop
      vertex 2.49018 0.906353 5.1
      vertex 2.40172 1.11994 25
      vertex 2.40172 1.11994 5.1
    endloop
  endfacet
  facet normal -0.923896 -0.382644 0
    outer loop
      vertex 2.40172 1.11994 25
      vertex 2.49018 0.906353 5.1
      vertex 2.49018 0.906353 25
    endloop
  endfacet
  facet normal -0.300714 -0.953714 0
    outer loop
      vertex 0.68587 2.5597 5.1
      vertex 0.906353 2.49018 25
      vertex 0.68587 2.5597 25
    endloop
  endfacet
  facet normal -0.300714 -0.953714 -0
    outer loop
      vertex 0.906353 2.49018 25
      vertex 0.68587 2.5597 5.1
      vertex 0.906353 2.49018 5.1
    endloop
  endfacet
  facet normal 0.999049 0.043602 0
    outer loop
      vertex -2.63992 -0.230962 25
      vertex -2.65 0 5.1
      vertex -2.65 0 25
    endloop
  endfacet
  facet normal 0.999049 0.043602 0
    outer loop
      vertex -2.65 0 5.1
      vertex -2.63992 -0.230962 25
      vertex -2.63992 -0.230962 5.1
    endloop
  endfacet
  facet normal 0.130546 0.991442 -0
    outer loop
      vertex -0.230962 -2.63992 5.1
      vertex -0.460167 -2.60974 25
      vertex -0.230962 -2.63992 25
    endloop
  endfacet
  facet normal 0.130546 0.991442 0
    outer loop
      vertex -0.460167 -2.60974 25
      vertex -0.230962 -2.63992 5.1
      vertex -0.460167 -2.60974 5.1
    endloop
  endfacet
  facet normal 0.300714 0.953714 -0
    outer loop
      vertex -0.68587 -2.5597 5.1
      vertex -0.906353 -2.49018 25
      vertex -0.68587 -2.5597 25
    endloop
  endfacet
  facet normal 0.300714 0.953714 0
    outer loop
      vertex -0.906353 -2.49018 25
      vertex -0.68587 -2.5597 5.1
      vertex -0.906353 -2.49018 5.1
    endloop
  endfacet
  facet normal 0.675615 0.737255 -0
    outer loop
      vertex -1.70339 -2.03002 5.1
      vertex -1.87383 -1.87383 25
      vertex -1.70339 -2.03002 25
    endloop
  endfacet
  facet normal 0.675615 0.737255 0
    outer loop
      vertex -1.87383 -1.87383 25
      vertex -1.70339 -2.03002 5.1
      vertex -1.87383 -1.87383 5.1
    endloop
  endfacet
  facet normal 0.537312 0.843384 -0
    outer loop
      vertex -1.325 -2.29497 5.1
      vertex -1.51998 -2.17075 25
      vertex -1.325 -2.29497 25
    endloop
  endfacet
  facet normal 0.537312 0.843384 0
    outer loop
      vertex -1.51998 -2.17075 25
      vertex -1.325 -2.29497 5.1
      vertex -1.51998 -2.17075 5.1
    endloop
  endfacet
  facet normal 0.737255 0.675615 0
    outer loop
      vertex -1.87383 -1.87383 25
      vertex -2.03002 -1.70339 5.1
      vertex -2.03002 -1.70339 25
    endloop
  endfacet
  facet normal 0.737255 0.675615 0
    outer loop
      vertex -2.03002 -1.70339 5.1
      vertex -1.87383 -1.87383 25
      vertex -1.87383 -1.87383 5.1
    endloop
  endfacet
  facet normal 0.843384 0.537312 0
    outer loop
      vertex -2.17075 -1.51998 25
      vertex -2.29497 -1.325 5.1
      vertex -2.29497 -1.325 25
    endloop
  endfacet
  facet normal 0.843384 0.537312 0
    outer loop
      vertex -2.29497 -1.325 5.1
      vertex -2.17075 -1.51998 25
      vertex -2.17075 -1.51998 5.1
    endloop
  endfacet
  facet normal 0.976293 0.216451 0
    outer loop
      vertex -2.5597 -0.68587 25
      vertex -2.60974 -0.460167 5.1
      vertex -2.60974 -0.460167 25
    endloop
  endfacet
  facet normal 0.976293 0.216451 0
    outer loop
      vertex -2.60974 -0.460167 5.1
      vertex -2.5597 -0.68587 25
      vertex -2.5597 -0.68587 5.1
    endloop
  endfacet
  facet normal 0.953714 0.300714 0
    outer loop
      vertex -2.49018 -0.906353 25
      vertex -2.5597 -0.68587 5.1
      vertex -2.5597 -0.68587 25
    endloop
  endfacet
  facet normal 0.953714 0.300714 0
    outer loop
      vertex -2.5597 -0.68587 5.1
      vertex -2.49018 -0.906353 25
      vertex -2.49018 -0.906353 5.1
    endloop
  endfacet
  facet normal 0.991442 0.130546 0
    outer loop
      vertex -2.60974 -0.460167 25
      vertex -2.63992 -0.230962 5.1
      vertex -2.63992 -0.230962 25
    endloop
  endfacet
  facet normal 0.991442 0.130546 0
    outer loop
      vertex -2.63992 -0.230962 5.1
      vertex -2.60974 -0.460167 25
      vertex -2.60974 -0.460167 5.1
    endloop
  endfacet
  facet normal -0.382644 0.923896 0
    outer loop
      vertex 1.11994 -2.40172 5.1
      vertex 0.906353 -2.49018 25
      vertex 1.11994 -2.40172 25
    endloop
  endfacet
  facet normal -0.382644 0.923896 0
    outer loop
      vertex 0.906353 -2.49018 25
      vertex 1.11994 -2.40172 5.1
      vertex 0.906353 -2.49018 5.1
    endloop
  endfacet
  facet normal -0.887006 0.461757 0
    outer loop
      vertex 2.29497 -1.325 5.1
      vertex 2.40172 -1.11994 25
      vertex 2.40172 -1.11994 5.1
    endloop
  endfacet
  facet normal -0.887006 0.461757 0
    outer loop
      vertex 2.40172 -1.11994 25
      vertex 2.29497 -1.325 5.1
      vertex 2.29497 -1.325 25
    endloop
  endfacet
  facet normal -0.976293 0.216451 0
    outer loop
      vertex 2.5597 -0.68587 5.1
      vertex 2.60974 -0.460167 25
      vertex 2.60974 -0.460167 5.1
    endloop
  endfacet
  facet normal -0.976293 0.216451 0
    outer loop
      vertex 2.60974 -0.460167 25
      vertex 2.5597 -0.68587 5.1
      vertex 2.5597 -0.68587 25
    endloop
  endfacet
  facet normal 0.300714 -0.953714 0
    outer loop
      vertex -0.906353 2.49018 5.1
      vertex -0.68587 2.5597 25
      vertex -0.906353 2.49018 25
    endloop
  endfacet
  facet normal 0.300714 -0.953714 0
    outer loop
      vertex -0.68587 2.5597 25
      vertex -0.906353 2.49018 5.1
      vertex -0.68587 2.5597 5.1
    endloop
  endfacet
  facet normal 0.793365 0.608747 0
    outer loop
      vertex -2.03002 -1.70339 25
      vertex -2.17075 -1.51998 5.1
      vertex -2.17075 -1.51998 25
    endloop
  endfacet
  facet normal 0.793365 0.608747 0
    outer loop
      vertex -2.17075 -1.51998 5.1
      vertex -2.03002 -1.70339 25
      vertex -2.03002 -1.70339 5.1
    endloop
  endfacet
  facet normal -0.953714 0.300714 0
    outer loop
      vertex 2.49018 -0.906353 5.1
      vertex 2.5597 -0.68587 25
      vertex 2.5597 -0.68587 5.1
    endloop
  endfacet
  facet normal -0.953714 0.300714 0
    outer loop
      vertex 2.5597 -0.68587 25
      vertex 2.49018 -0.906353 5.1
      vertex 2.49018 -0.906353 25
    endloop
  endfacet
  facet normal 0.887009 -0.461753 0
    outer loop
      vertex -7.34109 3.42321 5.1
      vertex -7.0148 4.05 0
      vertex -7.0148 4.05 5.1
    endloop
  endfacet
  facet normal 0.887009 -0.461753 0
    outer loop
      vertex -7.0148 4.05 0
      vertex -7.34109 3.42321 5.1
      vertex -7.34109 3.42321 0
    endloop
  endfacet
  facet normal 0.300707 -0.953717 0
    outer loop
      vertex -2.77036 7.61151 0
      vertex -2.09643 7.824 5.1
      vertex -2.77036 7.61151 5.1
    endloop
  endfacet
  facet normal 0.300707 -0.953717 0
    outer loop
      vertex -2.09643 7.824 5.1
      vertex -2.77036 7.61151 0
      vertex -2.09643 7.824 0
    endloop
  endfacet
  facet normal -0.382684 -0.923879 0
    outer loop
      vertex 2.77036 7.61151 0
      vertex 3.42321 7.34109 5.1
      vertex 2.77036 7.61151 5.1
    endloop
  endfacet
  facet normal -0.382684 -0.923879 -0
    outer loop
      vertex 3.42321 7.34109 5.1
      vertex 2.77036 7.61151 0
      vertex 3.42321 7.34109 0
    endloop
  endfacet
  facet normal -0.887009 -0.461753 0
    outer loop
      vertex 7.34109 3.42321 0
      vertex 7.0148 4.05 5.1
      vertex 7.0148 4.05 0
    endloop
  endfacet
  facet normal -0.887009 -0.461753 0
    outer loop
      vertex 7.0148 4.05 5.1
      vertex 7.34109 3.42321 0
      vertex 7.34109 3.42321 5.1
    endloop
  endfacet
  facet normal 0.999048 0.0436153 0
    outer loop
      vertex -8.06918 -0.705961 5.1
      vertex -8.1 0 0
      vertex -8.1 0 5.1
    endloop
  endfacet
  facet normal 0.999048 0.0436153 0
    outer loop
      vertex -8.1 0 0
      vertex -8.06918 -0.705961 5.1
      vertex -8.06918 -0.705961 0
    endloop
  endfacet
  facet normal 0.0436153 -0.999048 0
    outer loop
      vertex -0.705961 8.06918 0
      vertex 0 8.1 5.1
      vertex -0.705961 8.06918 5.1
    endloop
  endfacet
  facet normal 0.0436153 -0.999048 0
    outer loop
      vertex 0 8.1 5.1
      vertex -0.705961 8.06918 0
      vertex 0 8.1 0
    endloop
  endfacet
  facet normal 0.461753 -0.887009 0
    outer loop
      vertex -4.05 7.0148 0
      vertex -3.42321 7.34109 5.1
      vertex -4.05 7.0148 5.1
    endloop
  endfacet
  facet normal 0.461753 -0.887009 0
    outer loop
      vertex -3.42321 7.34109 5.1
      vertex -4.05 7.0148 0
      vertex -3.42321 7.34109 0
    endloop
  endfacet
  facet normal -0.991444 -0.130534 0
    outer loop
      vertex 8.06918 0.705961 0
      vertex 7.97694 1.40655 5.1
      vertex 7.97694 1.40655 0
    endloop
  endfacet
  facet normal -0.991444 -0.130534 0
    outer loop
      vertex 7.97694 1.40655 5.1
      vertex 8.06918 0.705961 0
      vertex 8.06918 0.705961 5.1
    endloop
  endfacet
  facet normal -0.73727 -0.675598 0
    outer loop
      vertex 6.20496 5.20658 0
      vertex 5.72756 5.72756 5.1
      vertex 5.72756 5.72756 0
    endloop
  endfacet
  facet normal -0.73727 -0.675598 0
    outer loop
      vertex 5.72756 5.72756 5.1
      vertex 6.20496 5.20658 0
      vertex 6.20496 5.20658 5.1
    endloop
  endfacet
  facet normal -0.216436 -0.976297 0
    outer loop
      vertex 1.40655 7.97694 0
      vertex 2.09643 7.824 5.1
      vertex 1.40655 7.97694 5.1
    endloop
  endfacet
  facet normal -0.216436 -0.976297 -0
    outer loop
      vertex 2.09643 7.824 5.1
      vertex 1.40655 7.97694 0
      vertex 2.09643 7.824 0
    endloop
  endfacet
  facet normal -0.675598 0.73727 0
    outer loop
      vertex 5.72756 -5.72756 0
      vertex 5.20658 -6.20496 5.1
      vertex 5.72756 -5.72756 5.1
    endloop
  endfacet
  facet normal -0.675598 0.73727 0
    outer loop
      vertex 5.20658 -6.20496 5.1
      vertex 5.72756 -5.72756 0
      vertex 5.20658 -6.20496 0
    endloop
  endfacet
  facet normal 0.991444 -0.130534 0
    outer loop
      vertex -8.06918 0.705961 5.1
      vertex -7.97694 1.40655 0
      vertex -7.97694 1.40655 5.1
    endloop
  endfacet
  facet normal 0.991444 -0.130534 0
    outer loop
      vertex -7.97694 1.40655 0
      vertex -8.06918 0.705961 5.1
      vertex -8.06918 0.705961 0
    endloop
  endfacet
  facet normal 0.953717 -0.300707 0
    outer loop
      vertex -7.824 2.09643 5.1
      vertex -7.61151 2.77036 0
      vertex -7.61151 2.77036 5.1
    endloop
  endfacet
  facet normal 0.953717 -0.300707 0
    outer loop
      vertex -7.61151 2.77036 0
      vertex -7.824 2.09643 5.1
      vertex -7.824 2.09643 0
    endloop
  endfacet
  facet normal 0.73727 -0.675598 0
    outer loop
      vertex -6.20496 5.20658 5.1
      vertex -5.72756 5.72756 0
      vertex -5.72756 5.72756 5.1
    endloop
  endfacet
  facet normal 0.73727 -0.675598 0
    outer loop
      vertex -5.72756 5.72756 0
      vertex -6.20496 5.20658 5.1
      vertex -6.20496 5.20658 0
    endloop
  endfacet
  facet normal 0.675598 -0.73727 0
    outer loop
      vertex -5.72756 5.72756 0
      vertex -5.20658 6.20496 5.1
      vertex -5.72756 5.72756 5.1
    endloop
  endfacet
  facet normal 0.675598 -0.73727 0
    outer loop
      vertex -5.20658 6.20496 5.1
      vertex -5.72756 5.72756 0
      vertex -5.20658 6.20496 0
    endloop
  endfacet
  facet normal -0.0436153 -0.999048 0
    outer loop
      vertex 0 8.1 0
      vertex 0.705961 8.06918 5.1
      vertex 0 8.1 5.1
    endloop
  endfacet
  facet normal -0.0436153 -0.999048 -0
    outer loop
      vertex 0.705961 8.06918 5.1
      vertex 0 8.1 0
      vertex 0.705961 8.06918 0
    endloop
  endfacet
  facet normal 0.216436 -0.976297 0
    outer loop
      vertex -2.09643 7.824 0
      vertex -1.40655 7.97694 5.1
      vertex -2.09643 7.824 5.1
    endloop
  endfacet
  facet normal 0.216436 -0.976297 0
    outer loop
      vertex -1.40655 7.97694 5.1
      vertex -2.09643 7.824 0
      vertex -1.40655 7.97694 0
    endloop
  endfacet
  facet normal 0.382684 -0.923879 0
    outer loop
      vertex -3.42321 7.34109 0
      vertex -2.77036 7.61151 5.1
      vertex -3.42321 7.34109 5.1
    endloop
  endfacet
  facet normal 0.382684 -0.923879 0
    outer loop
      vertex -2.77036 7.61151 5.1
      vertex -3.42321 7.34109 0
      vertex -2.77036 7.61151 0
    endloop
  endfacet
  facet normal 0.60876 -0.793354 0
    outer loop
      vertex -5.20658 6.20496 0
      vertex -4.64597 6.63513 5.1
      vertex -5.20658 6.20496 5.1
    endloop
  endfacet
  facet normal 0.60876 -0.793354 0
    outer loop
      vertex -4.64597 6.63513 5.1
      vertex -5.20658 6.20496 0
      vertex -4.64597 6.63513 0
    endloop
  endfacet
  facet normal -0.999048 -0.0436153 0
    outer loop
      vertex 8.1 0 0
      vertex 8.06918 0.705961 5.1
      vertex 8.06918 0.705961 0
    endloop
  endfacet
  facet normal -0.999048 -0.0436153 0
    outer loop
      vertex 8.06918 0.705961 5.1
      vertex 8.1 0 0
      vertex 8.1 0 5.1
    endloop
  endfacet
  facet normal -0.976297 -0.216436 0
    outer loop
      vertex 7.97694 1.40655 0
      vertex 7.824 2.09643 5.1
      vertex 7.824 2.09643 0
    endloop
  endfacet
  facet normal -0.976297 -0.216436 0
    outer loop
      vertex 7.824 2.09643 5.1
      vertex 7.97694 1.40655 0
      vertex 7.97694 1.40655 5.1
    endloop
  endfacet
  facet normal -0.843395 -0.537295 0
    outer loop
      vertex 7.0148 4.05 0
      vertex 6.63513 4.64597 5.1
      vertex 6.63513 4.64597 0
    endloop
  endfacet
  facet normal -0.843395 -0.537295 0
    outer loop
      vertex 6.63513 4.64597 5.1
      vertex 7.0148 4.05 0
      vertex 7.0148 4.05 5.1
    endloop
  endfacet
  facet normal -0.793354 -0.60876 0
    outer loop
      vertex 6.63513 4.64597 0
      vertex 6.20496 5.20658 5.1
      vertex 6.20496 5.20658 0
    endloop
  endfacet
  facet normal -0.793354 -0.60876 0
    outer loop
      vertex 6.20496 5.20658 5.1
      vertex 6.63513 4.64597 0
      vertex 6.63513 4.64597 5.1
    endloop
  endfacet
  facet normal -0.300707 -0.953717 0
    outer loop
      vertex 2.09643 7.824 0
      vertex 2.77036 7.61151 5.1
      vertex 2.09643 7.824 5.1
    endloop
  endfacet
  facet normal -0.300707 -0.953717 -0
    outer loop
      vertex 2.77036 7.61151 5.1
      vertex 2.09643 7.824 0
      vertex 2.77036 7.61151 0
    endloop
  endfacet
  facet normal -0.130534 -0.991444 0
    outer loop
      vertex 0.705961 8.06918 0
      vertex 1.40655 7.97694 5.1
      vertex 0.705961 8.06918 5.1
    endloop
  endfacet
  facet normal -0.130534 -0.991444 -0
    outer loop
      vertex 1.40655 7.97694 5.1
      vertex 0.705961 8.06918 0
      vertex 1.40655 7.97694 0
    endloop
  endfacet
  facet normal -0.537295 -0.843395 0
    outer loop
      vertex 4.05 7.0148 0
      vertex 4.64597 6.63513 5.1
      vertex 4.05 7.0148 5.1
    endloop
  endfacet
  facet normal -0.537295 -0.843395 -0
    outer loop
      vertex 4.64597 6.63513 5.1
      vertex 4.05 7.0148 0
      vertex 4.64597 6.63513 0
    endloop
  endfacet
  facet normal -0.60876 -0.793354 0
    outer loop
      vertex 4.64597 6.63513 0
      vertex 5.20658 6.20496 5.1
      vertex 4.64597 6.63513 5.1
    endloop
  endfacet
  facet normal -0.60876 -0.793354 -0
    outer loop
      vertex 5.20658 6.20496 5.1
      vertex 4.64597 6.63513 0
      vertex 5.20658 6.20496 0
    endloop
  endfacet
  facet normal -0.461753 -0.887009 0
    outer loop
      vertex 3.42321 7.34109 0
      vertex 4.05 7.0148 5.1
      vertex 3.42321 7.34109 5.1
    endloop
  endfacet
  facet normal -0.461753 -0.887009 -0
    outer loop
      vertex 4.05 7.0148 5.1
      vertex 3.42321 7.34109 0
      vertex 4.05 7.0148 0
    endloop
  endfacet
  facet normal -0.675598 -0.73727 0
    outer loop
      vertex 5.20658 6.20496 0
      vertex 5.72756 5.72756 5.1
      vertex 5.20658 6.20496 5.1
    endloop
  endfacet
  facet normal -0.675598 -0.73727 -0
    outer loop
      vertex 5.72756 5.72756 5.1
      vertex 5.20658 6.20496 0
      vertex 5.72756 5.72756 0
    endloop
  endfacet
  facet normal 0.999048 -0.0436153 0
    outer loop
      vertex -8.1 0 5.1
      vertex -8.06918 0.705961 0
      vertex -8.06918 0.705961 5.1
    endloop
  endfacet
  facet normal 0.999048 -0.0436153 0
    outer loop
      vertex -8.06918 0.705961 0
      vertex -8.1 0 5.1
      vertex -8.1 0 0
    endloop
  endfacet
  facet normal 0.976297 0.216436 0
    outer loop
      vertex -7.824 -2.09643 5.1
      vertex -7.97694 -1.40655 0
      vertex -7.97694 -1.40655 5.1
    endloop
  endfacet
  facet normal 0.976297 0.216436 0
    outer loop
      vertex -7.97694 -1.40655 0
      vertex -7.824 -2.09643 5.1
      vertex -7.824 -2.09643 0
    endloop
  endfacet
  facet normal 0 0 -1
    outer loop
      vertex 2.65 0 5.1
      vertex 8.1 0 5.1
      vertex 8.06918 -0.705961 5.1
    endloop
  endfacet
  facet normal 0 0 -1
    outer loop
      vertex 2.63992 -0.230962 5.1
      vertex 8.06918 -0.705961 5.1
      vertex 7.97694 -1.40655 5.1
    endloop
  endfacet
  facet normal 0 0 -1
    outer loop
      vertex 8.1 0 5.1
      vertex 2.65 0 5.1
      vertex 8.06918 0.705961 5.1
    endloop
  endfacet
  facet normal 0 0 -1
    outer loop
      vertex 2.60974 -0.460167 5.1
      vertex 7.97694 -1.40655 5.1
      vertex 7.824 -2.09643 5.1
    endloop
  endfacet
  facet normal 0 0 -1
    outer loop
      vertex 2.63992 0.230962 5.1
      vertex 8.06918 0.705961 5.1
      vertex 2.65 0 5.1
    endloop
  endfacet
  facet normal 0 0 -1
    outer loop
      vertex 2.5597 -0.68587 5.1
      vertex 7.824 -2.09643 5.1
      vertex 7.61151 -2.77036 5.1
    endloop
  endfacet
  facet normal -0 0 -1
    outer loop
      vertex 8.06918 0.705961 5.1
      vertex 2.63992 0.230962 5.1
      vertex 7.97694 1.40655 5.1
    endloop
  endfacet
  facet normal 0 0 -1
    outer loop
      vertex 2.49018 -0.906353 5.1
      vertex 7.61151 -2.77036 5.1
      vertex 7.34109 -3.42321 5.1
    endloop
  endfacet
  facet normal 0 0 -1
    outer loop
      vertex 2.60974 0.460167 5.1
      vertex 7.97694 1.40655 5.1
      vertex 2.63992 0.230962 5.1
    endloop
  endfacet
  facet normal 0 0 -1
    outer loop
      vertex 2.40172 -1.11994 5.1
      vertex 7.34109 -3.42321 5.1
      vertex 7.0148 -4.05 5.1
    endloop
  endfacet
  facet normal -0 0 -1
    outer loop
      vertex 7.97694 1.40655 5.1
      vertex 2.60974 0.460167 5.1
      vertex 7.824 2.09643 5.1
    endloop
  endfacet
  facet normal 0 0 -1
    outer loop
      vertex 2.29497 -1.325 5.1
      vertex 7.0148 -4.05 5.1
      vertex 6.63513 -4.64597 5.1
    endloop
  endfacet
  facet normal 0 0 -1
    outer loop
      vertex 2.5597 0.68587 5.1
      vertex 7.824 2.09643 5.1
      vertex 2.60974 0.460167 5.1
    endloop
  endfacet
  facet normal 0 0 -1
    outer loop
      vertex 2.17075 -1.51998 5.1
      vertex 6.63513 -4.64597 5.1
      vertex 6.20496 -5.20658 5.1
    endloop
  endfacet
  facet normal -0 0 -1
    outer loop
      vertex 7.824 2.09643 5.1
      vertex 2.5597 0.68587 5.1
      vertex 7.61151 2.77036 5.1
    endloop
  endfacet
  facet normal 0 0 -1
    outer loop
      vertex 2.03002 -1.70339 5.1
      vertex 6.20496 -5.20658 5.1
      vertex 5.72756 -5.72756 5.1
    endloop
  endfacet
  facet normal 0 0 -1
    outer loop
      vertex 2.49018 0.906353 5.1
      vertex 7.61151 2.77036 5.1
      vertex 2.5597 0.68587 5.1
    endloop
  endfacet
  facet normal 0 0 -1
    outer loop
      vertex 1.87383 -1.87383 5.1
      vertex 5.72756 -5.72756 5.1
      vertex 5.20658 -6.20496 5.1
    endloop
  endfacet
  facet normal -0 0 -1
    outer loop
      vertex 7.61151 2.77036 5.1
      vertex 2.49018 0.906353 5.1
      vertex 7.34109 3.42321 5.1
    endloop
  endfacet
  facet normal 0 0 -1
    outer loop
      vertex 1.70339 -2.03002 5.1
      vertex 5.20658 -6.20496 5.1
      vertex 4.64597 -6.63513 5.1
    endloop
  endfacet
  facet normal 0 0 -1
    outer loop
      vertex 2.40172 1.11994 5.1
      vertex 7.34109 3.42321 5.1
      vertex 2.49018 0.906353 5.1
    endloop
  endfacet
  facet normal 0 0 -1
    outer loop
      vertex 1.51998 -2.17075 5.1
      vertex 4.64597 -6.63513 5.1
      vertex 4.05 -7.0148 5.1
    endloop
  endfacet
  facet normal -0 0 -1
    outer loop
      vertex 7.34109 3.42321 5.1
      vertex 2.40172 1.11994 5.1
      vertex 7.0148 4.05 5.1
    endloop
  endfacet
  facet normal 0 0 -1
    outer loop
      vertex 1.325 -2.29497 5.1
      vertex 4.05 -7.0148 5.1
      vertex 3.42321 -7.34109 5.1
    endloop
  endfacet
  facet normal 0 0 -1
    outer loop
      vertex 2.29497 1.325 5.1
      vertex 7.0148 4.05 5.1
      vertex 2.40172 1.11994 5.1
    endloop
  endfacet
  facet normal 0 0 -1
    outer loop
      vertex 1.11994 -2.40172 5.1
      vertex 3.42321 -7.34109 5.1
      vertex 2.77036 -7.61151 5.1
    endloop
  endfacet
  facet normal -0 0 -1
    outer loop
      vertex 7.0148 4.05 5.1
      vertex 2.29497 1.325 5.1
      vertex 6.63513 4.64597 5.1
    endloop
  endfacet
  facet normal 0 0 -1
    outer loop
      vertex 2.17075 1.51998 5.1
      vertex 6.63513 4.64597 5.1
      vertex 2.29497 1.325 5.1
    endloop
  endfacet
  facet normal 0 0 -1
    outer loop
      vertex 8.06918 -0.705961 5.1
      vertex 2.63992 -0.230962 5.1
      vertex 2.65 0 5.1
    endloop
  endfacet
  facet normal 0 0 -1
    outer loop
      vertex 7.97694 -1.40655 5.1
      vertex 2.60974 -0.460167 5.1
      vertex 2.63992 -0.230962 5.1
    endloop
  endfacet
  facet normal 0 0 -1
    outer loop
      vertex 7.824 -2.09643 5.1
      vertex 2.5597 -0.68587 5.1
      vertex 2.60974 -0.460167 5.1
    endloop
  endfacet
  facet normal 0 0 -1
    outer loop
      vertex 7.61151 -2.77036 5.1
      vertex 2.49018 -0.906353 5.1
      vertex 2.5597 -0.68587 5.1
    endloop
  endfacet
  facet normal 0 0 -1
    outer loop
      vertex 7.34109 -3.42321 5.1
      vertex 2.40172 -1.11994 5.1
      vertex 2.49018 -0.906353 5.1
    endloop
  endfacet
  facet normal 0 0 -1
    outer loop
      vertex 7.0148 -4.05 5.1
      vertex 2.29497 -1.325 5.1
      vertex 2.40172 -1.11994 5.1
    endloop
  endfacet
  facet normal 0 0 -1
    outer loop
      vertex 6.63513 -4.64597 5.1
      vertex 2.17075 -1.51998 5.1
      vertex 2.29497 -1.325 5.1
    endloop
  endfacet
  facet normal 0 0 -1
    outer loop
      vertex 0.906353 -2.49018 5.1
      vertex 2.77036 -7.61151 5.1
      vertex 2.09643 -7.824 5.1
    endloop
  endfacet
  facet normal 0 0 -1
    outer loop
      vertex 6.20496 -5.20658 5.1
      vertex 2.03002 -1.70339 5.1
      vertex 2.17075 -1.51998 5.1
    endloop
  endfacet
  facet normal 0 0 -1
    outer loop
      vertex 5.72756 -5.72756 5.1
      vertex 1.87383 -1.87383 5.1
      vertex 2.03002 -1.70339 5.1
    endloop
  endfacet
  facet normal 0 0 -1
    outer loop
      vertex 5.20658 -6.20496 5.1
      vertex 1.70339 -2.03002 5.1
      vertex 1.87383 -1.87383 5.1
    endloop
  endfacet
  facet normal 0 0 -1
    outer loop
      vertex 4.64597 -6.63513 5.1
      vertex 1.51998 -2.17075 5.1
      vertex 1.70339 -2.03002 5.1
    endloop
  endfacet
  facet normal 0 0 -1
    outer loop
      vertex 0.68587 -2.5597 5.1
      vertex 2.09643 -7.824 5.1
      vertex 1.40655 -7.97694 5.1
    endloop
  endfacet
  facet normal 0 0 -1
    outer loop
      vertex 4.05 -7.0148 5.1
      vertex 1.325 -2.29497 5.1
      vertex 1.51998 -2.17075 5.1
    endloop
  endfacet
  facet normal 0 0 -1
    outer loop
      vertex 3.42321 -7.34109 5.1
      vertex 1.11994 -2.40172 5.1
      vertex 1.325 -2.29497 5.1
    endloop
  endfacet
  facet normal 0 0 -1
    outer loop
      vertex 2.77036 -7.61151 5.1
      vertex 0.906353 -2.49018 5.1
      vertex 1.11994 -2.40172 5.1
    endloop
  endfacet
  facet normal 0 0 -1
    outer loop
      vertex 0.460167 -2.60974 5.1
      vertex 1.40655 -7.97694 5.1
      vertex 0.705961 -8.06918 5.1
    endloop
  endfacet
  facet normal 0 0 -1
    outer loop
      vertex 2.09643 -7.824 5.1
      vertex 0.68587 -2.5597 5.1
      vertex 0.906353 -2.49018 5.1
    endloop
  endfacet
  facet normal 0 0 -1
    outer loop
      vertex 1.40655 -7.97694 5.1
      vertex 0.460167 -2.60974 5.1
      vertex 0.68587 -2.5597 5.1
    endloop
  endfacet
  facet normal 0 0 -1
    outer loop
      vertex 0.705961 -8.06918 5.1
      vertex 0.230962 -2.63992 5.1
      vertex 0.460167 -2.60974 5.1
    endloop
  endfacet
  facet normal 0 0 -1
    outer loop
      vertex 0 -8.1 5.1
      vertex 0.230962 -2.63992 5.1
      vertex 0.705961 -8.06918 5.1
    endloop
  endfacet
  facet normal 0 0 -1
    outer loop
      vertex 0 -8.1 5.1
      vertex 0 -2.65 5.1
      vertex 0.230962 -2.63992 5.1
    endloop
  endfacet
  facet normal 0 0 -1
    outer loop
      vertex 0 -8.1 5.1
      vertex -0.230962 -2.63992 5.1
      vertex 0 -2.65 5.1
    endloop
  endfacet
  facet normal 0 0 -1
    outer loop
      vertex -0.705961 -8.06918 5.1
      vertex -0.230962 -2.63992 5.1
      vertex 0 -8.1 5.1
    endloop
  endfacet
  facet normal -0 0 -1
    outer loop
      vertex -0.230962 -2.63992 5.1
      vertex -0.705961 -8.06918 5.1
      vertex -0.460167 -2.60974 5.1
    endloop
  endfacet
  facet normal 0 0 -1
    outer loop
      vertex -1.40655 -7.97694 5.1
      vertex -0.460167 -2.60974 5.1
      vertex -0.705961 -8.06918 5.1
    endloop
  endfacet
  facet normal -0 0 -1
    outer loop
      vertex -0.460167 -2.60974 5.1
      vertex -1.40655 -7.97694 5.1
      vertex -0.68587 -2.5597 5.1
    endloop
  endfacet
  facet normal 0 0 -1
    outer loop
      vertex -2.09643 -7.824 5.1
      vertex -0.68587 -2.5597 5.1
      vertex -1.40655 -7.97694 5.1
    endloop
  endfacet
  facet normal -0 0 -1
    outer loop
      vertex -0.68587 -2.5597 5.1
      vertex -2.09643 -7.824 5.1
      vertex -0.906353 -2.49018 5.1
    endloop
  endfacet
  facet normal 0 0 -1
    outer loop
      vertex -2.77036 -7.61151 5.1
      vertex -0.906353 -2.49018 5.1
      vertex -2.09643 -7.824 5.1
    endloop
  endfacet
  facet normal -0 0 -1
    outer loop
      vertex -0.906353 -2.49018 5.1
      vertex -2.77036 -7.61151 5.1
      vertex -1.11994 -2.40172 5.1
    endloop
  endfacet
  facet normal 0 0 -1
    outer loop
      vertex -3.42321 -7.34109 5.1
      vertex -1.11994 -2.40172 5.1
      vertex -2.77036 -7.61151 5.1
    endloop
  endfacet
  facet normal -0 0 -1
    outer loop
      vertex -1.11994 -2.40172 5.1
      vertex -3.42321 -7.34109 5.1
      vertex -1.325 -2.29497 5.1
    endloop
  endfacet
  facet normal 0 0 -1
    outer loop
      vertex -4.05 -7.0148 5.1
      vertex -1.325 -2.29497 5.1
      vertex -3.42321 -7.34109 5.1
    endloop
  endfacet
  facet normal -0 0 -1
    outer loop
      vertex -1.325 -2.29497 5.1
      vertex -4.05 -7.0148 5.1
      vertex -1.51998 -2.17075 5.1
    endloop
  endfacet
  facet normal 0 0 -1
    outer loop
      vertex -4.64597 -6.63513 5.1
      vertex -1.51998 -2.17075 5.1
      vertex -4.05 -7.0148 5.1
    endloop
  endfacet
  facet normal -0 0 -1
    outer loop
      vertex -1.51998 -2.17075 5.1
      vertex -4.64597 -6.63513 5.1
      vertex -1.70339 -2.03002 5.1
    endloop
  endfacet
  facet normal 0 0 -1
    outer loop
      vertex -5.20658 -6.20496 5.1
      vertex -1.70339 -2.03002 5.1
      vertex -4.64597 -6.63513 5.1
    endloop
  endfacet
  facet normal -0 0 -1
    outer loop
      vertex -1.70339 -2.03002 5.1
      vertex -5.20658 -6.20496 5.1
      vertex -1.87383 -1.87383 5.1
    endloop
  endfacet
  facet normal 0 0 -1
    outer loop
      vertex -5.72756 -5.72756 5.1
      vertex -1.87383 -1.87383 5.1
      vertex -5.20658 -6.20496 5.1
    endloop
  endfacet
  facet normal -0 0 -1
    outer loop
      vertex -1.87383 -1.87383 5.1
      vertex -5.72756 -5.72756 5.1
      vertex -2.03002 -1.70339 5.1
    endloop
  endfacet
  facet normal 0 0 -1
    outer loop
      vertex -6.20496 -5.20658 5.1
      vertex -2.03002 -1.70339 5.1
      vertex -5.72756 -5.72756 5.1
    endloop
  endfacet
  facet normal 0 0 -1
    outer loop
      vertex -6.63513 -4.64597 5.1
      vertex -2.17075 -1.51998 5.1
      vertex -6.20496 -5.20658 5.1
    endloop
  endfacet
  facet normal -0 0 -1
    outer loop
      vertex -2.03002 -1.70339 5.1
      vertex -6.20496 -5.20658 5.1
      vertex -2.17075 -1.51998 5.1
    endloop
  endfacet
  facet normal -0 0 -1
    outer loop
      vertex 6.63513 4.64597 5.1
      vertex 2.17075 1.51998 5.1
      vertex 6.20496 5.20658 5.1
    endloop
  endfacet
  facet normal 0 0 -1
    outer loop
      vertex 2.03002 1.70339 5.1
      vertex 6.20496 5.20658 5.1
      vertex 2.17075 1.51998 5.1
    endloop
  endfacet
  facet normal -0 0 -1
    outer loop
      vertex 6.20496 5.20658 5.1
      vertex 2.03002 1.70339 5.1
      vertex 5.72756 5.72756 5.1
    endloop
  endfacet
  facet normal 0 0 -1
    outer loop
      vertex 1.87383 1.87383 5.1
      vertex 5.72756 5.72756 5.1
      vertex 2.03002 1.70339 5.1
    endloop
  endfacet
  facet normal -0 0 -1
    outer loop
      vertex 5.72756 5.72756 5.1
      vertex 1.87383 1.87383 5.1
      vertex 5.20658 6.20496 5.1
    endloop
  endfacet
  facet normal 0 0 -1
    outer loop
      vertex 1.70339 2.03002 5.1
      vertex 5.20658 6.20496 5.1
      vertex 1.87383 1.87383 5.1
    endloop
  endfacet
  facet normal -0 0 -1
    outer loop
      vertex 5.20658 6.20496 5.1
      vertex 1.70339 2.03002 5.1
      vertex 4.64597 6.63513 5.1
    endloop
  endfacet
  facet normal 0 0 -1
    outer loop
      vertex 1.51998 2.17075 5.1
      vertex 4.64597 6.63513 5.1
      vertex 1.70339 2.03002 5.1
    endloop
  endfacet
  facet normal -0 0 -1
    outer loop
      vertex 4.64597 6.63513 5.1
      vertex 1.51998 2.17075 5.1
      vertex 4.05 7.0148 5.1
    endloop
  endfacet
  facet normal 0 0 -1
    outer loop
      vertex 1.325 2.29497 5.1
      vertex 4.05 7.0148 5.1
      vertex 1.51998 2.17075 5.1
    endloop
  endfacet
  facet normal -0 0 -1
    outer loop
      vertex 4.05 7.0148 5.1
      vertex 1.325 2.29497 5.1
      vertex 3.42321 7.34109 5.1
    endloop
  endfacet
  facet normal 0 0 -1
    outer loop
      vertex 1.11994 2.40172 5.1
      vertex 3.42321 7.34109 5.1
      vertex 1.325 2.29497 5.1
    endloop
  endfacet
  facet normal -0 0 -1
    outer loop
      vertex 3.42321 7.34109 5.1
      vertex 1.11994 2.40172 5.1
      vertex 2.77036 7.61151 5.1
    endloop
  endfacet
  facet normal 0 0 -1
    outer loop
      vertex 0.906353 2.49018 5.1
      vertex 2.77036 7.61151 5.1
      vertex 1.11994 2.40172 5.1
    endloop
  endfacet
  facet normal -0 0 -1
    outer loop
      vertex 2.77036 7.61151 5.1
      vertex 0.906353 2.49018 5.1
      vertex 2.09643 7.824 5.1
    endloop
  endfacet
  facet normal 0 0 -1
    outer loop
      vertex 0.68587 2.5597 5.1
      vertex 2.09643 7.824 5.1
      vertex 0.906353 2.49018 5.1
    endloop
  endfacet
  facet normal -0 0 -1
    outer loop
      vertex 2.09643 7.824 5.1
      vertex 0.68587 2.5597 5.1
      vertex 1.40655 7.97694 5.1
    endloop
  endfacet
  facet normal 0 0 -1
    outer loop
      vertex 0.460167 2.60974 5.1
      vertex 1.40655 7.97694 5.1
      vertex 0.68587 2.5597 5.1
    endloop
  endfacet
  facet normal -0 0 -1
    outer loop
      vertex 1.40655 7.97694 5.1
      vertex 0.460167 2.60974 5.1
      vertex 0.705961 8.06918 5.1
    endloop
  endfacet
  facet normal 0 0 -1
    outer loop
      vertex 0.230962 2.63992 5.1
      vertex 0.705961 8.06918 5.1
      vertex 0.460167 2.60974 5.1
    endloop
  endfacet
  facet normal 0 0 -1
    outer loop
      vertex 0 2.65 5.1
      vertex 0.705961 8.06918 5.1
      vertex 0.230962 2.63992 5.1
    endloop
  endfacet
  facet normal 0 0 -1
    outer loop
      vertex 0 2.65 5.1
      vertex 0 8.1 5.1
      vertex 0.705961 8.06918 5.1
    endloop
  endfacet
  facet normal 0 0 -1
    outer loop
      vertex -0.230962 2.63992 5.1
      vertex 0 8.1 5.1
      vertex 0 2.65 5.1
    endloop
  endfacet
  facet normal 0 0 -1
    outer loop
      vertex -0.705961 8.06918 5.1
      vertex -0.230962 2.63992 5.1
      vertex -0.460167 2.60974 5.1
    endloop
  endfacet
  facet normal 0 0 -1
    outer loop
      vertex -1.40655 7.97694 5.1
      vertex -0.460167 2.60974 5.1
      vertex -0.68587 2.5597 5.1
    endloop
  endfacet
  facet normal 0 0 -1
    outer loop
      vertex -0.230962 2.63992 5.1
      vertex -0.705961 8.06918 5.1
      vertex 0 8.1 5.1
    endloop
  endfacet
  facet normal 0 0 -1
    outer loop
      vertex -2.09643 7.824 5.1
      vertex -0.68587 2.5597 5.1
      vertex -0.906353 2.49018 5.1
    endloop
  endfacet
  facet normal 0 0 -1
    outer loop
      vertex -2.77036 7.61151 5.1
      vertex -0.906353 2.49018 5.1
      vertex -1.11994 2.40172 5.1
    endloop
  endfacet
  facet normal 0 0 -1
    outer loop
      vertex -3.42321 7.34109 5.1
      vertex -1.11994 2.40172 5.1
      vertex -1.325 2.29497 5.1
    endloop
  endfacet
  facet normal 0 0 -1
    outer loop
      vertex -0.460167 2.60974 5.1
      vertex -1.40655 7.97694 5.1
      vertex -0.705961 8.06918 5.1
    endloop
  endfacet
  facet normal 0 0 -1
    outer loop
      vertex -4.05 7.0148 5.1
      vertex -1.325 2.29497 5.1
      vertex -1.51998 2.17075 5.1
    endloop
  endfacet
  facet normal 0 0 -1
    outer loop
      vertex -4.64597 6.63513 5.1
      vertex -1.51998 2.17075 5.1
      vertex -1.70339 2.03002 5.1
    endloop
  endfacet
  facet normal 0 0 -1
    outer loop
      vertex -5.20658 6.20496 5.1
      vertex -1.70339 2.03002 5.1
      vertex -1.87383 1.87383 5.1
    endloop
  endfacet
  facet normal 0 0 -1
    outer loop
      vertex -5.72756 5.72756 5.1
      vertex -1.87383 1.87383 5.1
      vertex -2.03002 1.70339 5.1
    endloop
  endfacet
  facet normal 0 0 -1
    outer loop
      vertex -0.68587 2.5597 5.1
      vertex -2.09643 7.824 5.1
      vertex -1.40655 7.97694 5.1
    endloop
  endfacet
  facet normal 0 0 -1
    outer loop
      vertex -6.20496 5.20658 5.1
      vertex -2.03002 1.70339 5.1
      vertex -2.17075 1.51998 5.1
    endloop
  endfacet
  facet normal 0 0 -1
    outer loop
      vertex -6.63513 4.64597 5.1
      vertex -2.17075 1.51998 5.1
      vertex -2.29497 1.325 5.1
    endloop
  endfacet
  facet normal 0 0 -1
    outer loop
      vertex -7.0148 4.05 5.1
      vertex -2.29497 1.325 5.1
      vertex -2.40172 1.11994 5.1
    endloop
  endfacet
  facet normal 0 0 -1
    outer loop
      vertex -7.34109 3.42321 5.1
      vertex -2.40172 1.11994 5.1
      vertex -2.49018 0.906353 5.1
    endloop
  endfacet
  facet normal 0 0 -1
    outer loop
      vertex -7.61151 2.77036 5.1
      vertex -2.49018 0.906353 5.1
      vertex -2.5597 0.68587 5.1
    endloop
  endfacet
  facet normal 0 0 -1
    outer loop
      vertex -7.824 2.09643 5.1
      vertex -2.5597 0.68587 5.1
      vertex -2.60974 0.460167 5.1
    endloop
  endfacet
  facet normal 0 0 -1
    outer loop
      vertex -7.97694 1.40655 5.1
      vertex -2.60974 0.460167 5.1
      vertex -2.63992 0.230962 5.1
    endloop
  endfacet
  facet normal 0 0 -1
    outer loop
      vertex -0.906353 2.49018 5.1
      vertex -2.77036 7.61151 5.1
      vertex -2.09643 7.824 5.1
    endloop
  endfacet
  facet normal 0 0 -1
    outer loop
      vertex -8.06918 0.705961 5.1
      vertex -2.63992 0.230962 5.1
      vertex -2.65 0 5.1
    endloop
  endfacet
  facet normal -0 0 -1
    outer loop
      vertex -2.17075 -1.51998 5.1
      vertex -6.63513 -4.64597 5.1
      vertex -2.29497 -1.325 5.1
    endloop
  endfacet
  facet normal 0 0 -1
    outer loop
      vertex -7.0148 -4.05 5.1
      vertex -2.29497 -1.325 5.1
      vertex -6.63513 -4.64597 5.1
    endloop
  endfacet
  facet normal 0 0 -1
    outer loop
      vertex -1.11994 2.40172 5.1
      vertex -3.42321 7.34109 5.1
      vertex -2.77036 7.61151 5.1
    endloop
  endfacet
  facet normal -0 0 -1
    outer loop
      vertex -2.29497 -1.325 5.1
      vertex -7.0148 -4.05 5.1
      vertex -2.40172 -1.11994 5.1
    endloop
  endfacet
  facet normal 0 0 -1
    outer loop
      vertex -1.325 2.29497 5.1
      vertex -4.05 7.0148 5.1
      vertex -3.42321 7.34109 5.1
    endloop
  endfacet
  facet normal 0 0 -1
    outer loop
      vertex -7.34109 -3.42321 5.1
      vertex -2.40172 -1.11994 5.1
      vertex -7.0148 -4.05 5.1
    endloop
  endfacet
  facet normal 0 0 -1
    outer loop
      vertex -1.51998 2.17075 5.1
      vertex -4.64597 6.63513 5.1
      vertex -4.05 7.0148 5.1
    endloop
  endfacet
  facet normal -0 0 -1
    outer loop
      vertex -2.40172 -1.11994 5.1
      vertex -7.34109 -3.42321 5.1
      vertex -2.49018 -0.906353 5.1
    endloop
  endfacet
  facet normal 0 0 -1
    outer loop
      vertex -1.70339 2.03002 5.1
      vertex -5.20658 6.20496 5.1
      vertex -4.64597 6.63513 5.1
    endloop
  endfacet
  facet normal 0 0 -1
    outer loop
      vertex -7.61151 -2.77036 5.1
      vertex -2.49018 -0.906353 5.1
      vertex -7.34109 -3.42321 5.1
    endloop
  endfacet
  facet normal 0 0 -1
    outer loop
      vertex -1.87383 1.87383 5.1
      vertex -5.72756 5.72756 5.1
      vertex -5.20658 6.20496 5.1
    endloop
  endfacet
  facet normal -0 0 -1
    outer loop
      vertex -2.49018 -0.906353 5.1
      vertex -7.61151 -2.77036 5.1
      vertex -2.5597 -0.68587 5.1
    endloop
  endfacet
  facet normal 0 0 -1
    outer loop
      vertex -2.03002 1.70339 5.1
      vertex -6.20496 5.20658 5.1
      vertex -5.72756 5.72756 5.1
    endloop
  endfacet
  facet normal 0 0 -1
    outer loop
      vertex -7.824 -2.09643 5.1
      vertex -2.5597 -0.68587 5.1
      vertex -7.61151 -2.77036 5.1
    endloop
  endfacet
  facet normal 0 0 -1
    outer loop
      vertex -2.17075 1.51998 5.1
      vertex -6.63513 4.64597 5.1
      vertex -6.20496 5.20658 5.1
    endloop
  endfacet
  facet normal -0 0 -1
    outer loop
      vertex -2.5597 -0.68587 5.1
      vertex -7.824 -2.09643 5.1
      vertex -2.60974 -0.460167 5.1
    endloop
  endfacet
  facet normal 0 0 -1
    outer loop
      vertex -2.29497 1.325 5.1
      vertex -7.0148 4.05 5.1
      vertex -6.63513 4.64597 5.1
    endloop
  endfacet
  facet normal 0 0 -1
    outer loop
      vertex -7.97694 -1.40655 5.1
      vertex -2.60974 -0.460167 5.1
      vertex -7.824 -2.09643 5.1
    endloop
  endfacet
  facet normal 0 0 -1
    outer loop
      vertex -2.40172 1.11994 5.1
      vertex -7.34109 3.42321 5.1
      vertex -7.0148 4.05 5.1
    endloop
  endfacet
  facet normal -0 0 -1
    outer loop
      vertex -2.60974 -0.460167 5.1
      vertex -7.97694 -1.40655 5.1
      vertex -2.63992 -0.230962 5.1
    endloop
  endfacet
  facet normal 0 0 -1
    outer loop
      vertex -2.49018 0.906353 5.1
      vertex -7.61151 2.77036 5.1
      vertex -7.34109 3.42321 5.1
    endloop
  endfacet
  facet normal 0 0 -1
    outer loop
      vertex -8.06918 -0.705961 5.1
      vertex -2.63992 -0.230962 5.1
      vertex -7.97694 -1.40655 5.1
    endloop
  endfacet
  facet normal 0 0 -1
    outer loop
      vertex -2.5597 0.68587 5.1
      vertex -7.824 2.09643 5.1
      vertex -7.61151 2.77036 5.1
    endloop
  endfacet
  facet normal -0 0 -1
    outer loop
      vertex -2.63992 -0.230962 5.1
      vertex -8.06918 -0.705961 5.1
      vertex -2.65 0 5.1
    endloop
  endfacet
  facet normal 0 0 -1
    outer loop
      vertex -2.60974 0.460167 5.1
      vertex -7.97694 1.40655 5.1
      vertex -7.824 2.09643 5.1
    endloop
  endfacet
  facet normal 0 0 -1
    outer loop
      vertex -8.1 0 5.1
      vertex -2.65 0 5.1
      vertex -8.06918 -0.705961 5.1
    endloop
  endfacet
  facet normal 0 0 -1
    outer loop
      vertex -2.63992 0.230962 5.1
      vertex -8.06918 0.705961 5.1
      vertex -7.97694 1.40655 5.1
    endloop
  endfacet
  facet normal 0 0 -1
    outer loop
      vertex -2.65 0 5.1
      vertex -8.1 0 5.1
      vertex -8.06918 0.705961 5.1
    endloop
  endfacet
  facet normal -0.976297 0.216436 0
    outer loop
      vertex 7.824 -2.09643 0
      vertex 7.97694 -1.40655 5.1
      vertex 7.97694 -1.40655 0
    endloop
  endfacet
  facet normal -0.976297 0.216436 0
    outer loop
      vertex 7.97694 -1.40655 5.1
      vertex 7.824 -2.09643 0
      vertex 7.824 -2.09643 5.1
    endloop
  endfacet
  facet normal -0.999048 0.0436153 0
    outer loop
      vertex 8.06918 -0.705961 0
      vertex 8.1 0 5.1
      vertex 8.1 0 0
    endloop
  endfacet
  facet normal -0.999048 0.0436153 0
    outer loop
      vertex 8.1 0 5.1
      vertex 8.06918 -0.705961 0
      vertex 8.06918 -0.705961 5.1
    endloop
  endfacet
  facet normal 0.130534 0.991444 -0
    outer loop
      vertex -0.705961 -8.06918 0
      vertex -1.40655 -7.97694 5.1
      vertex -0.705961 -8.06918 5.1
    endloop
  endfacet
  facet normal 0.130534 0.991444 0
    outer loop
      vertex -1.40655 -7.97694 5.1
      vertex -0.705961 -8.06918 0
      vertex -1.40655 -7.97694 0
    endloop
  endfacet
  facet normal 0.923879 -0.382684 0
    outer loop
      vertex -7.61151 2.77036 5.1
      vertex -7.34109 3.42321 0
      vertex -7.34109 3.42321 5.1
    endloop
  endfacet
  facet normal 0.923879 -0.382684 0
    outer loop
      vertex -7.34109 3.42321 0
      vertex -7.61151 2.77036 5.1
      vertex -7.61151 2.77036 0
    endloop
  endfacet
  facet normal 0.976297 -0.216436 0
    outer loop
      vertex -7.97694 1.40655 5.1
      vertex -7.824 2.09643 0
      vertex -7.824 2.09643 5.1
    endloop
  endfacet
  facet normal 0.976297 -0.216436 0
    outer loop
      vertex -7.824 2.09643 0
      vertex -7.97694 1.40655 5.1
      vertex -7.97694 1.40655 0
    endloop
  endfacet
  facet normal 0.793354 -0.60876 0
    outer loop
      vertex -6.63513 4.64597 5.1
      vertex -6.20496 5.20658 0
      vertex -6.20496 5.20658 5.1
    endloop
  endfacet
  facet normal 0.793354 -0.60876 0
    outer loop
      vertex -6.20496 5.20658 0
      vertex -6.63513 4.64597 5.1
      vertex -6.63513 4.64597 0
    endloop
  endfacet
  facet normal 0.130534 -0.991444 0
    outer loop
      vertex -1.40655 7.97694 0
      vertex -0.705961 8.06918 5.1
      vertex -1.40655 7.97694 5.1
    endloop
  endfacet
  facet normal 0.130534 -0.991444 0
    outer loop
      vertex -0.705961 8.06918 5.1
      vertex -1.40655 7.97694 0
      vertex -0.705961 8.06918 0
    endloop
  endfacet
  facet normal 0.537295 -0.843395 0
    outer loop
      vertex -4.64597 6.63513 0
      vertex -4.05 7.0148 5.1
      vertex -4.64597 6.63513 5.1
    endloop
  endfacet
  facet normal 0.537295 -0.843395 0
    outer loop
      vertex -4.05 7.0148 5.1
      vertex -4.64597 6.63513 0
      vertex -4.05 7.0148 0
    endloop
  endfacet
  facet normal -0.953717 -0.300707 0
    outer loop
      vertex 7.824 2.09643 0
      vertex 7.61151 2.77036 5.1
      vertex 7.61151 2.77036 0
    endloop
  endfacet
  facet normal -0.953717 -0.300707 0
    outer loop
      vertex 7.61151 2.77036 5.1
      vertex 7.824 2.09643 0
      vertex 7.824 2.09643 5.1
    endloop
  endfacet
  facet normal -0.923879 -0.382684 0
    outer loop
      vertex 7.61151 2.77036 0
      vertex 7.34109 3.42321 5.1
      vertex 7.34109 3.42321 0
    endloop
  endfacet
  facet normal -0.923879 -0.382684 0
    outer loop
      vertex 7.34109 3.42321 5.1
      vertex 7.61151 2.77036 0
      vertex 7.61151 2.77036 5.1
    endloop
  endfacet
  facet normal 0.991444 0.130534 0
    outer loop
      vertex -7.97694 -1.40655 5.1
      vertex -8.06918 -0.705961 0
      vertex -8.06918 -0.705961 5.1
    endloop
  endfacet
  facet normal 0.991444 0.130534 0
    outer loop
      vertex -8.06918 -0.705961 0
      vertex -7.97694 -1.40655 5.1
      vertex -7.97694 -1.40655 0
    endloop
  endfacet
  facet normal 0.923879 0.382684 0
    outer loop
      vertex -7.34109 -3.42321 5.1
      vertex -7.61151 -2.77036 0
      vertex -7.61151 -2.77036 5.1
    endloop
  endfacet
  facet normal 0.923879 0.382684 0
    outer loop
      vertex -7.61151 -2.77036 0
      vertex -7.34109 -3.42321 5.1
      vertex -7.34109 -3.42321 0
    endloop
  endfacet
  facet normal -0.843395 0.537295 0
    outer loop
      vertex 6.63513 -4.64597 0
      vertex 7.0148 -4.05 5.1
      vertex 7.0148 -4.05 0
    endloop
  endfacet
  facet normal -0.843395 0.537295 0
    outer loop
      vertex 7.0148 -4.05 5.1
      vertex 6.63513 -4.64597 0
      vertex 6.63513 -4.64597 5.1
    endloop
  endfacet
  facet normal -0.887009 0.461753 0
    outer loop
      vertex 7.0148 -4.05 0
      vertex 7.34109 -3.42321 5.1
      vertex 7.34109 -3.42321 0
    endloop
  endfacet
  facet normal -0.887009 0.461753 0
    outer loop
      vertex 7.34109 -3.42321 5.1
      vertex 7.0148 -4.05 0
      vertex 7.0148 -4.05 5.1
    endloop
  endfacet
  facet normal -0.73727 0.675598 0
    outer loop
      vertex 5.72756 -5.72756 0
      vertex 6.20496 -5.20658 5.1
      vertex 6.20496 -5.20658 0
    endloop
  endfacet
  facet normal -0.73727 0.675598 0
    outer loop
      vertex 6.20496 -5.20658 5.1
      vertex 5.72756 -5.72756 0
      vertex 5.72756 -5.72756 5.1
    endloop
  endfacet
  facet normal 0.300707 0.953717 -0
    outer loop
      vertex -2.09643 -7.824 0
      vertex -2.77036 -7.61151 5.1
      vertex -2.09643 -7.824 5.1
    endloop
  endfacet
  facet normal 0.300707 0.953717 0
    outer loop
      vertex -2.77036 -7.61151 5.1
      vertex -2.09643 -7.824 0
      vertex -2.77036 -7.61151 0
    endloop
  endfacet
  facet normal 0.216436 0.976297 -0
    outer loop
      vertex -1.40655 -7.97694 0
      vertex -2.09643 -7.824 5.1
      vertex -1.40655 -7.97694 5.1
    endloop
  endfacet
  facet normal 0.216436 0.976297 0
    outer loop
      vertex -2.09643 -7.824 5.1
      vertex -1.40655 -7.97694 0
      vertex -2.09643 -7.824 0
    endloop
  endfacet
  facet normal 0.382684 0.923879 -0
    outer loop
      vertex -2.77036 -7.61151 0
      vertex -3.42321 -7.34109 5.1
      vertex -2.77036 -7.61151 5.1
    endloop
  endfacet
  facet normal 0.382684 0.923879 0
    outer loop
      vertex -3.42321 -7.34109 5.1
      vertex -2.77036 -7.61151 0
      vertex -3.42321 -7.34109 0
    endloop
  endfacet
  facet normal 0.843395 -0.537295 0
    outer loop
      vertex -7.0148 4.05 5.1
      vertex -6.63513 4.64597 0
      vertex -6.63513 4.64597 5.1
    endloop
  endfacet
  facet normal 0.843395 -0.537295 0
    outer loop
      vertex -6.63513 4.64597 0
      vertex -7.0148 4.05 5.1
      vertex -7.0148 4.05 0
    endloop
  endfacet
  facet normal 0.793354 0.60876 0
    outer loop
      vertex -6.20496 -5.20658 5.1
      vertex -6.63513 -4.64597 0
      vertex -6.63513 -4.64597 5.1
    endloop
  endfacet
  facet normal 0.793354 0.60876 0
    outer loop
      vertex -6.63513 -4.64597 0
      vertex -6.20496 -5.20658 5.1
      vertex -6.20496 -5.20658 0
    endloop
  endfacet
  facet normal 0.843395 0.537295 0
    outer loop
      vertex -6.63513 -4.64597 5.1
      vertex -7.0148 -4.05 0
      vertex -7.0148 -4.05 5.1
    endloop
  endfacet
  facet normal 0.843395 0.537295 0
    outer loop
      vertex -7.0148 -4.05 0
      vertex -6.63513 -4.64597 5.1
      vertex -6.63513 -4.64597 0
    endloop
  endfacet
  facet normal 0.953717 0.300707 0
    outer loop
      vertex -7.61151 -2.77036 5.1
      vertex -7.824 -2.09643 0
      vertex -7.824 -2.09643 5.1
    endloop
  endfacet
  facet normal 0.953717 0.300707 0
    outer loop
      vertex -7.824 -2.09643 0
      vertex -7.61151 -2.77036 5.1
      vertex -7.61151 -2.77036 0
    endloop
  endfacet
  facet normal -0.60876 0.793354 0
    outer loop
      vertex 5.20658 -6.20496 0
      vertex 4.64597 -6.63513 5.1
      vertex 5.20658 -6.20496 5.1
    endloop
  endfacet
  facet normal -0.60876 0.793354 0
    outer loop
      vertex 4.64597 -6.63513 5.1
      vertex 5.20658 -6.20496 0
      vertex 4.64597 -6.63513 0
    endloop
  endfacet
  facet normal 0.0436153 0.999048 -0
    outer loop
      vertex 0 -8.1 0
      vertex -0.705961 -8.06918 5.1
      vertex 0 -8.1 5.1
    endloop
  endfacet
  facet normal 0.0436153 0.999048 0
    outer loop
      vertex -0.705961 -8.06918 5.1
      vertex 0 -8.1 0
      vertex -0.705961 -8.06918 0
    endloop
  endfacet
  facet normal -0.0436153 0.999048 0
    outer loop
      vertex 0.705961 -8.06918 0
      vertex 0 -8.1 5.1
      vertex 0.705961 -8.06918 5.1
    endloop
  endfacet
  facet normal -0.0436153 0.999048 0
    outer loop
      vertex 0 -8.1 5.1
      vertex 0.705961 -8.06918 0
      vertex 0 -8.1 0
    endloop
  endfacet
  facet normal -0.382684 0.923879 0
    outer loop
      vertex 3.42321 -7.34109 0
      vertex 2.77036 -7.61151 5.1
      vertex 3.42321 -7.34109 5.1
    endloop
  endfacet
  facet normal -0.382684 0.923879 0
    outer loop
      vertex 2.77036 -7.61151 5.1
      vertex 3.42321 -7.34109 0
      vertex 2.77036 -7.61151 0
    endloop
  endfacet
  facet normal -0.300707 0.953717 0
    outer loop
      vertex 2.77036 -7.61151 0
      vertex 2.09643 -7.824 5.1
      vertex 2.77036 -7.61151 5.1
    endloop
  endfacet
  facet normal -0.300707 0.953717 0
    outer loop
      vertex 2.09643 -7.824 5.1
      vertex 2.77036 -7.61151 0
      vertex 2.09643 -7.824 0
    endloop
  endfacet
  facet normal -0.130534 0.991444 0
    outer loop
      vertex 1.40655 -7.97694 0
      vertex 0.705961 -8.06918 5.1
      vertex 1.40655 -7.97694 5.1
    endloop
  endfacet
  facet normal -0.130534 0.991444 0
    outer loop
      vertex 0.705961 -8.06918 5.1
      vertex 1.40655 -7.97694 0
      vertex 0.705961 -8.06918 0
    endloop
  endfacet
  facet normal -0.991444 0.130534 0
    outer loop
      vertex 7.97694 -1.40655 0
      vertex 8.06918 -0.705961 5.1
      vertex 8.06918 -0.705961 0
    endloop
  endfacet
  facet normal -0.991444 0.130534 0
    outer loop
      vertex 8.06918 -0.705961 5.1
      vertex 7.97694 -1.40655 0
      vertex 7.97694 -1.40655 5.1
    endloop
  endfacet
  facet normal -0.953717 0.300707 0
    outer loop
      vertex 7.61151 -2.77036 0
      vertex 7.824 -2.09643 5.1
      vertex 7.824 -2.09643 0
    endloop
  endfacet
  facet normal -0.953717 0.300707 0
    outer loop
      vertex 7.824 -2.09643 5.1
      vertex 7.61151 -2.77036 0
      vertex 7.61151 -2.77036 5.1
    endloop
  endfacet
  facet normal -0.793354 0.60876 0
    outer loop
      vertex 6.20496 -5.20658 0
      vertex 6.63513 -4.64597 5.1
      vertex 6.63513 -4.64597 0
    endloop
  endfacet
  facet normal -0.793354 0.60876 0
    outer loop
      vertex 6.63513 -4.64597 5.1
      vertex 6.20496 -5.20658 0
      vertex 6.20496 -5.20658 5.1
    endloop
  endfacet
  facet normal 0.537295 0.843395 -0
    outer loop
      vertex -4.05 -7.0148 0
      vertex -4.64597 -6.63513 5.1
      vertex -4.05 -7.0148 5.1
    endloop
  endfacet
  facet normal 0.537295 0.843395 0
    outer loop
      vertex -4.64597 -6.63513 5.1
      vertex -4.05 -7.0148 0
      vertex -4.64597 -6.63513 0
    endloop
  endfacet
  facet normal 0.461753 0.887009 -0
    outer loop
      vertex -3.42321 -7.34109 0
      vertex -4.05 -7.0148 5.1
      vertex -3.42321 -7.34109 5.1
    endloop
  endfacet
  facet normal 0.461753 0.887009 0
    outer loop
      vertex -4.05 -7.0148 5.1
      vertex -3.42321 -7.34109 0
      vertex -4.05 -7.0148 0
    endloop
  endfacet
  facet normal 0.73727 0.675598 0
    outer loop
      vertex -5.72756 -5.72756 5.1
      vertex -6.20496 -5.20658 0
      vertex -6.20496 -5.20658 5.1
    endloop
  endfacet
  facet normal 0.73727 0.675598 0
    outer loop
      vertex -6.20496 -5.20658 0
      vertex -5.72756 -5.72756 5.1
      vertex -5.72756 -5.72756 0
    endloop
  endfacet
  facet normal 0.675598 0.73727 -0
    outer loop
      vertex -5.20658 -6.20496 0
      vertex -5.72756 -5.72756 5.1
      vertex -5.20658 -6.20496 5.1
    endloop
  endfacet
  facet normal 0.675598 0.73727 0
    outer loop
      vertex -5.72756 -5.72756 5.1
      vertex -5.20658 -6.20496 0
      vertex -5.72756 -5.72756 0
    endloop
  endfacet
  facet normal 0.887009 0.461753 0
    outer loop
      vertex -7.0148 -4.05 5.1
      vertex -7.34109 -3.42321 0
      vertex -7.34109 -3.42321 5.1
    endloop
  endfacet
  facet normal 0.887009 0.461753 0
    outer loop
      vertex -7.34109 -3.42321 0
      vertex -7.0148 -4.05 5.1
      vertex -7.0148 -4.05 0
    endloop
  endfacet
  facet normal -0.461753 0.887009 0
    outer loop
      vertex 4.05 -7.0148 0
      vertex 3.42321 -7.34109 5.1
      vertex 4.05 -7.0148 5.1
    endloop
  endfacet
  facet normal -0.461753 0.887009 0
    outer loop
      vertex 3.42321 -7.34109 5.1
      vertex 4.05 -7.0148 0
      vertex 3.42321 -7.34109 0
    endloop
  endfacet
  facet normal -0.537295 0.843395 0
    outer loop
      vertex 4.64597 -6.63513 0
      vertex 4.05 -7.0148 5.1
      vertex 4.64597 -6.63513 5.1
    endloop
  endfacet
  facet normal -0.537295 0.843395 0
    outer loop
      vertex 4.05 -7.0148 5.1
      vertex 4.64597 -6.63513 0
      vertex 4.05 -7.0148 0
    endloop
  endfacet
  facet normal -0.216436 0.976297 0
    outer loop
      vertex 2.09643 -7.824 0
      vertex 1.40655 -7.97694 5.1
      vertex 2.09643 -7.824 5.1
    endloop
  endfacet
  facet normal -0.216436 0.976297 0
    outer loop
      vertex 1.40655 -7.97694 5.1
      vertex 2.09643 -7.824 0
      vertex 1.40655 -7.97694 0
    endloop
  endfacet
  facet normal -0.923879 0.382684 0
    outer loop
      vertex 7.34109 -3.42321 0
      vertex 7.61151 -2.77036 5.1
      vertex 7.61151 -2.77036 0
    endloop
  endfacet
  facet normal -0.923879 0.382684 0
    outer loop
      vertex 7.61151 -2.77036 5.1
      vertex 7.34109 -3.42321 0
      vertex 7.34109 -3.42321 5.1
    endloop
  endfacet
  facet normal 0.60876 0.793354 -0
    outer loop
      vertex -4.64597 -6.63513 0
      vertex -5.20658 -6.20496 5.1
      vertex -4.64597 -6.63513 5.1
    endloop
  endfacet
  facet normal 0.60876 0.793354 0
    outer loop
      vertex -5.20658 -6.20496 5.1
      vertex -4.64597 -6.63513 0
      vertex -5.20658 -6.20496 0
    endloop
  endfacet
endsolid OpenSCAD_Model
