solid OpenSCAD_Model
  facet normal 0.887096 -0.461586 0
    outer loop
      vertex 8.3923 183 3.2
      vertex 8.87569 183.929 1.90735e-07
      vertex 8.87569 183.929 3.2
    endloop
  endfacet
  facet normal 0.887096 -0.461586 0
    outer loop
      vertex 8.87569 183.929 1.90735e-07
      vertex 8.3923 183 3.2
      vertex 8.3923 183 1.90735e-07
    endloop
  endfacet
  facet normal 0.999049 -0.0436105 0
    outer loop
      vertex 9.95434 187.954 3.2
      vertex 10 189 1.90735e-07
      vertex 10 189 3.2
    endloop
  endfacet
  facet normal 0.999049 -0.0436105 0
    outer loop
      vertex 10 189 1.90735e-07
      vertex 9.95434 187.954 3.2
      vertex 9.95434 187.954 1.90735e-07
    endloop
  endfacet
  facet normal -0.0439388 -0.999034 0
    outer loop
      vertex -49.0459 177.046 1.90735e-07
      vertex -48 177 3.2
      vertex -49.0459 177.046 3.2
    endloop
  endfacet
  facet normal -0.0439388 -0.999034 -0
    outer loop
      vertex -48 177 3.2
      vertex -49.0459 177.046 1.90735e-07
      vertex -48 177 1.90735e-07
    endloop
  endfacet
  facet normal -0.999047 0.0436486 0
    outer loop
      vertex -60 288 1.90735e-07
      vertex -59.9543 289.046 3.2
      vertex -59.9543 289.046 1.90735e-07
    endloop
  endfacet
  facet normal -0.999047 0.0436486 0
    outer loop
      vertex -59.9543 289.046 3.2
      vertex -60 288 1.90735e-07
      vertex -60 288 3.2
    endloop
  endfacet
  facet normal 1 -0 0
    outer loop
      vertex 10 189 3.2
      vertex 10 288 1.90735e-07
      vertex 10 288 3.2
    endloop
  endfacet
  facet normal 1 0 0
    outer loop
      vertex 10 288 1.90735e-07
      vertex 10 189 3.2
      vertex 10 189 1.90735e-07
    endloop
  endfacet
  facet normal -0.608556 -0.793511 0
    outer loop
      vertex -55.7135 179.807 1.90735e-07
      vertex -54.8829 179.17 3.2
      vertex -55.7135 179.807 3.2
    endloop
  endfacet
  facet normal -0.608556 -0.793511 -0
    outer loop
      vertex -54.8829 179.17 3.2
      vertex -55.7135 179.807 1.90735e-07
      vertex -54.8829 179.17 1.90735e-07
    endloop
  endfacet
  facet normal 0 -1 0
    outer loop
      vertex -48 177 1.90735e-07
      vertex -2 177 3.2
      vertex -48 177 3.2
    endloop
  endfacet
  facet normal 0 -1 -0
    outer loop
      vertex -2 177 3.2
      vertex -48 177 1.90735e-07
      vertex -2 177 1.90735e-07
    endloop
  endfacet
  facet normal -0.923861 0.382729 0
    outer loop
      vertex -59.2763 292.104 1.90735e-07
      vertex -58.8757 293.071 3.2
      vertex -58.8757 293.071 1.90735e-07
    endloop
  endfacet
  facet normal -0.923861 0.382729 0
    outer loop
      vertex -58.8757 293.071 3.2
      vertex -59.2763 292.104 1.90735e-07
      vertex -59.2763 292.104 3.2
    endloop
  endfacet
  facet normal 0.923854 0.382745 0
    outer loop
      vertex 9.27631 292.104 3.2
      vertex 8.87569 293.071 1.90735e-07
      vertex 8.87569 293.071 3.2
    endloop
  endfacet
  facet normal 0.923854 0.382745 0
    outer loop
      vertex 8.87569 293.071 1.90735e-07
      vertex 9.27631 292.104 3.2
      vertex 9.27631 292.104 1.90735e-07
    endloop
  endfacet
  facet normal 0.999049 0.0436105 0
    outer loop
      vertex 10 288 3.2
      vertex 9.95434 289.046 1.90735e-07
      vertex 9.95434 289.046 3.2
    endloop
  endfacet
  facet normal 0.999049 0.0436105 0
    outer loop
      vertex 9.95434 289.046 1.90735e-07
      vertex 10 288 3.2
      vertex 10 288 1.90735e-07
    endloop
  endfacet
  facet normal 0.793165 -0.609007 0
    outer loop
      vertex 7.19253 181.287 3.2
      vertex 7.82982 182.117 1.90735e-07
      vertex 7.82982 182.117 3.2
    endloop
  endfacet
  facet normal 0.793165 -0.609007 0
    outer loop
      vertex 7.82982 182.117 1.90735e-07
      vertex 7.19253 181.287 3.2
      vertex 7.19253 181.287 1.90735e-07
    endloop
  endfacet
  facet normal -0.0439388 0.999034 0
    outer loop
      vertex -48 300 1.90735e-07
      vertex -49.0459 299.954 3.2
      vertex -48 300 3.2
    endloop
  endfacet
  facet normal -0.0439388 0.999034 0
    outer loop
      vertex -49.0459 299.954 3.2
      vertex -48 300 1.90735e-07
      vertex -49.0459 299.954 1.90735e-07
    endloop
  endfacet
  facet normal -0.999047 -0.0436486 0
    outer loop
      vertex -59.9543 187.954 1.90735e-07
      vertex -60 189 3.2
      vertex -60 189 1.90735e-07
    endloop
  endfacet
  facet normal -0.999047 -0.0436486 0
    outer loop
      vertex -60 189 3.2
      vertex -59.9543 187.954 1.90735e-07
      vertex -59.9543 187.954 3.2
    endloop
  endfacet
  facet normal -0.129923 -0.991524 0
    outer loop
      vertex -50.0838 177.182 1.90735e-07
      vertex -49.0459 177.046 3.2
      vertex -50.0838 177.182 3.2
    endloop
  endfacet
  facet normal -0.129923 -0.991524 -0
    outer loop
      vertex -49.0459 177.046 3.2
      vertex -50.0838 177.182 1.90735e-07
      vertex -49.0459 177.046 1.90735e-07
    endloop
  endfacet
  facet normal -0.216829 -0.97621 0
    outer loop
      vertex -51.1058 177.409 1.90735e-07
      vertex -50.0838 177.182 3.2
      vertex -51.1058 177.409 3.2
    endloop
  endfacet
  facet normal -0.216829 -0.97621 -0
    outer loop
      vertex -50.0838 177.182 3.2
      vertex -51.1058 177.409 1.90735e-07
      vertex -50.0838 177.182 1.90735e-07
    endloop
  endfacet
  facet normal 0.462208 -0.886771 0
    outer loop
      vertex 3.07142 178.124 1.90735e-07
      vertex 4 178.608 3.2
      vertex 3.07142 178.124 3.2
    endloop
  endfacet
  facet normal 0.462208 -0.886771 0
    outer loop
      vertex 4 178.608 3.2
      vertex 3.07142 178.124 1.90735e-07
      vertex 4 178.608 1.90735e-07
    endloop
  endfacet
  facet normal 0.04394 -0.999034 0
    outer loop
      vertex -2 177 1.90735e-07
      vertex -0.95413 177.046 3.2
      vertex -2 177 3.2
    endloop
  endfacet
  facet normal 0.04394 -0.999034 0
    outer loop
      vertex -0.95413 177.046 3.2
      vertex -2 177 1.90735e-07
      vertex -0.95413 177.046 1.90735e-07
    endloop
  endfacet
  facet normal 0.129922 -0.991524 0
    outer loop
      vertex -0.95413 177.046 1.90735e-07
      vertex 0.0837774 177.182 3.2
      vertex -0.95413 177.046 3.2
    endloop
  endfacet
  facet normal 0.129922 -0.991524 0
    outer loop
      vertex 0.0837774 177.182 3.2
      vertex -0.95413 177.046 1.90735e-07
      vertex 0.0837774 177.182 1.90735e-07
    endloop
  endfacet
  facet normal 0 0 -1
    outer loop
      vertex 10 288 1.90735e-07
      vertex -18.5247 263.433 1.90735e-07
      vertex -18.5 264 1.90735e-07
    endloop
  endfacet
  facet normal 0 0 -1
    outer loop
      vertex -27.2231 257.892 1.90735e-07
      vertex -18.4744 233.065 1.90735e-07
      vertex -18.5986 232.87 1.90735e-07
    endloop
  endfacet
  facet normal 0 0 -1
    outer loop
      vertex -18.3337 233.248 1.90735e-07
      vertex -18.5987 262.871 1.90735e-07
      vertex -18.5247 263.433 1.90735e-07
    endloop
  endfacet
  facet normal 0 0 -1
    outer loop
      vertex -27.747 258.109 1.90735e-07
      vertex -18.5986 232.87 1.90735e-07
      vertex -18.7054 232.665 1.90735e-07
    endloop
  endfacet
  facet normal 0 0 -1
    outer loop
      vertex -18.3337 233.248 1.90735e-07
      vertex -18.7215 262.318 1.90735e-07
      vertex -18.5987 262.871 1.90735e-07
    endloop
  endfacet
  facet normal 0 0 -1
    outer loop
      vertex -27.747 258.109 1.90735e-07
      vertex -18.7054 232.665 1.90735e-07
      vertex -18.7939 232.451 1.90735e-07
    endloop
  endfacet
  facet normal 0 0 -1
    outer loop
      vertex -28.25 258.371 1.90735e-07
      vertex -18.7939 232.451 1.90735e-07
      vertex -18.8634 232.231 1.90735e-07
    endloop
  endfacet
  facet normal 0 0 -1
    outer loop
      vertex -18.3337 233.248 1.90735e-07
      vertex -18.892 261.777 1.90735e-07
      vertex -18.7215 262.318 1.90735e-07
    endloop
  endfacet
  facet normal 0 0 -1
    outer loop
      vertex -28.7282 258.676 1.90735e-07
      vertex -18.8634 232.231 1.90735e-07
      vertex -18.9134 232.005 1.90735e-07
    endloop
  endfacet
  facet normal 0 0 -1
    outer loop
      vertex -29.1781 259.021 1.90735e-07
      vertex -18.9134 232.005 1.90735e-07
      vertex -18.9436 231.776 1.90735e-07
    endloop
  endfacet
  facet normal 0 0 -1
    outer loop
      vertex -29.5962 259.404 1.90735e-07
      vertex -18.9436 231.776 1.90735e-07
      vertex -18.9537 231.545 1.90735e-07
    endloop
  endfacet
  facet normal 0 0 -1
    outer loop
      vertex -18.3337 233.248 1.90735e-07
      vertex -19.109 261.253 1.90735e-07
      vertex -18.892 261.777 1.90735e-07
    endloop
  endfacet
  facet normal 0 0 -1
    outer loop
      vertex -18.892 266.223 1.90735e-07
      vertex 10 288 1.90735e-07
      vertex -18.7215 265.682 1.90735e-07
    endloop
  endfacet
  facet normal 0 0 -1
    outer loop
      vertex -19.109 266.747 1.90735e-07
      vertex 10 288 1.90735e-07
      vertex -18.892 266.223 1.90735e-07
    endloop
  endfacet
  facet normal -0 0 -1
    outer loop
      vertex 10 288 1.90735e-07
      vertex -19.109 266.747 1.90735e-07
      vertex 3.41857 292.403 1.90735e-07
    endloop
  endfacet
  facet normal 0 0 -1
    outer loop
      vertex -19.3708 267.25 1.90735e-07
      vertex 3.41857 292.403 1.90735e-07
      vertex -19.109 266.747 1.90735e-07
    endloop
  endfacet
  facet normal -0 0 -1
    outer loop
      vertex 3.41857 292.403 1.90735e-07
      vertex -19.3708 267.25 1.90735e-07
      vertex 3.28155 292.459 1.90735e-07
    endloop
  endfacet
  facet normal -0 0 -1
    outer loop
      vertex 3.28155 292.459 1.90735e-07
      vertex -19.3708 267.25 1.90735e-07
      vertex 3.15 292.528 1.90735e-07
    endloop
  endfacet
  facet normal 0 0 -1
    outer loop
      vertex -18.5247 263.433 1.90735e-07
      vertex -14.0087 232.87 1.90735e-07
      vertex -14.1329 233.065 1.90735e-07
    endloop
  endfacet
  facet normal 0 0 -1
    outer loop
      vertex -18.5247 263.433 1.90735e-07
      vertex -14.1329 233.065 1.90735e-07
      vertex -14.2737 233.248 1.90735e-07
    endloop
  endfacet
  facet normal 0 0 -1
    outer loop
      vertex -18.5247 263.433 1.90735e-07
      vertex -14.2737 233.248 1.90735e-07
      vertex -14.4298 233.419 1.90735e-07
    endloop
  endfacet
  facet normal 0 0 -1
    outer loop
      vertex -18.5247 263.433 1.90735e-07
      vertex -14.4298 233.419 1.90735e-07
      vertex -14.6003 233.575 1.90735e-07
    endloop
  endfacet
  facet normal 0 0 -1
    outer loop
      vertex -18.5247 263.433 1.90735e-07
      vertex -14.6003 233.575 1.90735e-07
      vertex -14.7837 233.716 1.90735e-07
    endloop
  endfacet
  facet normal 0 0 -1
    outer loop
      vertex -18.5247 263.433 1.90735e-07
      vertex -14.7837 233.716 1.90735e-07
      vertex -14.9787 233.84 1.90735e-07
    endloop
  endfacet
  facet normal 0 0 -1
    outer loop
      vertex -18.5247 263.433 1.90735e-07
      vertex -14.9787 233.84 1.90735e-07
      vertex -15.1837 233.947 1.90735e-07
    endloop
  endfacet
  facet normal 0 0 -1
    outer loop
      vertex -18.5247 263.433 1.90735e-07
      vertex -15.1837 233.947 1.90735e-07
      vertex -15.3973 234.035 1.90735e-07
    endloop
  endfacet
  facet normal 0 0 -1
    outer loop
      vertex -18.5247 263.433 1.90735e-07
      vertex -15.3973 234.035 1.90735e-07
      vertex -15.6178 234.105 1.90735e-07
    endloop
  endfacet
  facet normal 0 0 -1
    outer loop
      vertex -18.5247 263.433 1.90735e-07
      vertex -15.6178 234.105 1.90735e-07
      vertex -15.8435 234.155 1.90735e-07
    endloop
  endfacet
  facet normal 0 0 -1
    outer loop
      vertex -18.5247 263.433 1.90735e-07
      vertex -15.8435 234.155 1.90735e-07
      vertex -16.0727 234.185 1.90735e-07
    endloop
  endfacet
  facet normal 0 0 -1
    outer loop
      vertex -18.5247 263.433 1.90735e-07
      vertex -16.0727 234.185 1.90735e-07
      vertex -16.3037 234.195 1.90735e-07
    endloop
  endfacet
  facet normal 0 0 -1
    outer loop
      vertex -18.5247 263.433 1.90735e-07
      vertex -16.3037 234.195 1.90735e-07
      vertex -16.5346 234.185 1.90735e-07
    endloop
  endfacet
  facet normal 0 0 -1
    outer loop
      vertex -18.5247 263.433 1.90735e-07
      vertex -16.5346 234.185 1.90735e-07
      vertex -16.7638 234.155 1.90735e-07
    endloop
  endfacet
  facet normal 0 0 -1
    outer loop
      vertex -18.5247 263.433 1.90735e-07
      vertex -16.7638 234.155 1.90735e-07
      vertex -16.9895 234.105 1.90735e-07
    endloop
  endfacet
  facet normal 0 0 -1
    outer loop
      vertex -18.5247 263.433 1.90735e-07
      vertex -16.9895 234.105 1.90735e-07
      vertex -17.21 234.035 1.90735e-07
    endloop
  endfacet
  facet normal 0 0 -1
    outer loop
      vertex -18.5247 263.433 1.90735e-07
      vertex -17.21 234.035 1.90735e-07
      vertex -17.4236 233.947 1.90735e-07
    endloop
  endfacet
  facet normal 0 0 -1
    outer loop
      vertex -18.5247 263.433 1.90735e-07
      vertex -17.4236 233.947 1.90735e-07
      vertex -17.6287 233.84 1.90735e-07
    endloop
  endfacet
  facet normal 0 0 -1
    outer loop
      vertex -18.5247 263.433 1.90735e-07
      vertex -17.6287 233.84 1.90735e-07
      vertex -17.8237 233.716 1.90735e-07
    endloop
  endfacet
  facet normal 0 0 -1
    outer loop
      vertex -18.5247 263.433 1.90735e-07
      vertex -17.8237 233.716 1.90735e-07
      vertex -18.0071 233.575 1.90735e-07
    endloop
  endfacet
  facet normal 0 0 -1
    outer loop
      vertex -18.5247 263.433 1.90735e-07
      vertex -18.0071 233.575 1.90735e-07
      vertex -18.1775 233.419 1.90735e-07
    endloop
  endfacet
  facet normal 0 0 -1
    outer loop
      vertex -18.5247 263.433 1.90735e-07
      vertex -18.1775 233.419 1.90735e-07
      vertex -18.3337 233.248 1.90735e-07
    endloop
  endfacet
  facet normal 0 0 -1
    outer loop
      vertex -26.6823 257.721 1.90735e-07
      vertex -18.3337 233.248 1.90735e-07
      vertex -18.4744 233.065 1.90735e-07
    endloop
  endfacet
  facet normal 0 0 -1
    outer loop
      vertex -19.6755 267.728 1.90735e-07
      vertex 3.15 292.528 1.90735e-07
      vertex -19.3708 267.25 1.90735e-07
    endloop
  endfacet
  facet normal -0 0 -1
    outer loop
      vertex 3.15 292.528 1.90735e-07
      vertex -19.6755 267.728 1.90735e-07
      vertex 3.02492 292.607 1.90735e-07
    endloop
  endfacet
  facet normal 0 0 -1
    outer loop
      vertex -20.0207 268.178 1.90735e-07
      vertex 3.02492 292.607 1.90735e-07
      vertex -19.6755 267.728 1.90735e-07
    endloop
  endfacet
  facet normal -0 0 -1
    outer loop
      vertex 3.02492 292.607 1.90735e-07
      vertex -20.0207 268.178 1.90735e-07
      vertex 2.90726 292.698 1.90735e-07
    endloop
  endfacet
  facet normal 0 0 -1
    outer loop
      vertex -20.4038 268.596 1.90735e-07
      vertex 2.90726 292.698 1.90735e-07
      vertex -20.0207 268.178 1.90735e-07
    endloop
  endfacet
  facet normal -0 0 -1
    outer loop
      vertex 2.90726 292.698 1.90735e-07
      vertex -20.4038 268.596 1.90735e-07
      vertex 2.79792 292.798 1.90735e-07
    endloop
  endfacet
  facet normal 0 0 -1
    outer loop
      vertex -20.8219 268.979 1.90735e-07
      vertex 2.79792 292.798 1.90735e-07
      vertex -20.4038 268.596 1.90735e-07
    endloop
  endfacet
  facet normal -0 0 -1
    outer loop
      vertex 2.79792 292.798 1.90735e-07
      vertex -20.8219 268.979 1.90735e-07
      vertex 2.69772 292.907 1.90735e-07
    endloop
  endfacet
  facet normal -0 0 -1
    outer loop
      vertex 2.69772 292.907 1.90735e-07
      vertex -20.8219 268.979 1.90735e-07
      vertex 2.60744 293.025 1.90735e-07
    endloop
  endfacet
  facet normal 0 0 -1
    outer loop
      vertex -21.2718 269.324 1.90735e-07
      vertex 2.60744 293.025 1.90735e-07
      vertex -20.8219 268.979 1.90735e-07
    endloop
  endfacet
  facet normal -0 0 -1
    outer loop
      vertex 2.60744 293.025 1.90735e-07
      vertex -21.2718 269.324 1.90735e-07
      vertex 2.52776 293.15 1.90735e-07
    endloop
  endfacet
  facet normal 0 0 -1
    outer loop
      vertex -21.75 269.629 1.90735e-07
      vertex 2.52776 293.15 1.90735e-07
      vertex -21.2718 269.324 1.90735e-07
    endloop
  endfacet
  facet normal 0 0 -1
    outer loop
      vertex -22.253 269.891 1.90735e-07
      vertex 2.52776 293.15 1.90735e-07
      vertex -21.75 269.629 1.90735e-07
    endloop
  endfacet
  facet normal -0 0 -1
    outer loop
      vertex 2.52776 293.15 1.90735e-07
      vertex -22.253 269.891 1.90735e-07
      vertex -2 300 1.90735e-07
    endloop
  endfacet
  facet normal 0 0 -1
    outer loop
      vertex -22.7769 270.108 1.90735e-07
      vertex -2 300 1.90735e-07
      vertex -22.253 269.891 1.90735e-07
    endloop
  endfacet
  facet normal 0 0 -1
    outer loop
      vertex -23.3177 270.279 1.90735e-07
      vertex -2 300 1.90735e-07
      vertex -22.7769 270.108 1.90735e-07
    endloop
  endfacet
  facet normal 0 0 -1
    outer loop
      vertex -23.8713 270.401 1.90735e-07
      vertex -2 300 1.90735e-07
      vertex -23.3177 270.279 1.90735e-07
    endloop
  endfacet
  facet normal 0 0 -1
    outer loop
      vertex -24.4335 270.475 1.90735e-07
      vertex -2 300 1.90735e-07
      vertex -23.8713 270.401 1.90735e-07
    endloop
  endfacet
  facet normal 0 0 -1
    outer loop
      vertex -25 270.5 1.90735e-07
      vertex -2 300 1.90735e-07
      vertex -24.4335 270.475 1.90735e-07
    endloop
  endfacet
  facet normal 0 0 -1
    outer loop
      vertex -48 300 1.90735e-07
      vertex -25 270.5 1.90735e-07
      vertex -25.5665 270.475 1.90735e-07
    endloop
  endfacet
  facet normal 0 0 -1
    outer loop
      vertex -48 300 1.90735e-07
      vertex -25.5665 270.475 1.90735e-07
      vertex -26.1287 270.401 1.90735e-07
    endloop
  endfacet
  facet normal 0 0 -1
    outer loop
      vertex -48 300 1.90735e-07
      vertex -26.1287 270.401 1.90735e-07
      vertex -26.6823 270.279 1.90735e-07
    endloop
  endfacet
  facet normal 0 0 -1
    outer loop
      vertex -48 300 1.90735e-07
      vertex -26.6823 270.279 1.90735e-07
      vertex -27.2231 270.108 1.90735e-07
    endloop
  endfacet
  facet normal 0 0 -1
    outer loop
      vertex -48 300 1.90735e-07
      vertex -27.2231 270.108 1.90735e-07
      vertex -27.747 269.891 1.90735e-07
    endloop
  endfacet
  facet normal 0 0 -1
    outer loop
      vertex -52.4593 293.282 1.90735e-07
      vertex -27.747 269.891 1.90735e-07
      vertex -28.25 269.629 1.90735e-07
    endloop
  endfacet
  facet normal 0 0 -1
    outer loop
      vertex -52.5278 293.15 1.90735e-07
      vertex -28.25 269.629 1.90735e-07
      vertex -28.7282 269.324 1.90735e-07
    endloop
  endfacet
  facet normal 0 0 -1
    outer loop
      vertex -52.6074 293.025 1.90735e-07
      vertex -28.7282 269.324 1.90735e-07
      vertex -29.1781 268.979 1.90735e-07
    endloop
  endfacet
  facet normal 0 0 -1
    outer loop
      vertex -52.7979 292.798 1.90735e-07
      vertex -29.1781 268.979 1.90735e-07
      vertex -29.5962 268.596 1.90735e-07
    endloop
  endfacet
  facet normal 0 0 -1
    outer loop
      vertex -52.9073 292.698 1.90735e-07
      vertex -29.5962 268.596 1.90735e-07
      vertex -29.9793 268.178 1.90735e-07
    endloop
  endfacet
  facet normal -0 0 -1
    outer loop
      vertex -18.7939 230.639 1.90735e-07
      vertex -53.8518 184.694 1.90735e-07
      vertex -18.8634 230.859 1.90735e-07
    endloop
  endfacet
  facet normal 0 0 -1
    outer loop
      vertex -54 184.7 1.90735e-07
      vertex -18.8634 230.859 1.90735e-07
      vertex -53.8518 184.694 1.90735e-07
    endloop
  endfacet
  facet normal 0 0 -1
    outer loop
      vertex -25 270.5 1.90735e-07
      vertex -48 300 1.90735e-07
      vertex -2 300 1.90735e-07
    endloop
  endfacet
  facet normal 0 0 -1
    outer loop
      vertex -53.0249 292.607 1.90735e-07
      vertex -29.9793 268.178 1.90735e-07
      vertex -30.3245 267.728 1.90735e-07
    endloop
  endfacet
  facet normal 0 0 -1
    outer loop
      vertex -53.15 292.528 1.90735e-07
      vertex -30.3245 267.728 1.90735e-07
      vertex -30.6292 267.25 1.90735e-07
    endloop
  endfacet
  facet normal 0 0 -1
    outer loop
      vertex -53.4186 292.403 1.90735e-07
      vertex -30.6292 267.25 1.90735e-07
      vertex -30.891 266.747 1.90735e-07
    endloop
  endfacet
  facet normal 0 0 -1
    outer loop
      vertex -53.56 292.358 1.90735e-07
      vertex -30.891 266.747 1.90735e-07
      vertex -31.108 266.223 1.90735e-07
    endloop
  endfacet
  facet normal 0 0 -1
    outer loop
      vertex -53.7048 292.326 1.90735e-07
      vertex -31.108 266.223 1.90735e-07
      vertex -31.2785 265.682 1.90735e-07
    endloop
  endfacet
  facet normal 0 0 -1
    outer loop
      vertex -53.8518 292.306 1.90735e-07
      vertex -31.2785 265.682 1.90735e-07
      vertex -31.4012 265.129 1.90735e-07
    endloop
  endfacet
  facet normal -0 0 -1
    outer loop
      vertex -18.8634 230.859 1.90735e-07
      vertex -54 184.7 1.90735e-07
      vertex -18.9134 231.085 1.90735e-07
    endloop
  endfacet
  facet normal 0 0 -1
    outer loop
      vertex -52.3579 182.56 1.90735e-07
      vertex -48 177 1.90735e-07
      vertex -49.0459 177.046 1.90735e-07
    endloop
  endfacet
  facet normal 0 0 -1
    outer loop
      vertex -52.5278 183.85 1.90735e-07
      vertex -48 177 1.90735e-07
      vertex -52.4593 183.718 1.90735e-07
    endloop
  endfacet
  facet normal 0 0 -1
    outer loop
      vertex -52.4593 182.282 1.90735e-07
      vertex -49.0459 177.046 1.90735e-07
      vertex -50.0838 177.182 1.90735e-07
    endloop
  endfacet
  facet normal 0 0 -1
    outer loop
      vertex -48 177 1.90735e-07
      vertex -52.4025 183.581 1.90735e-07
      vertex -52.4593 183.718 1.90735e-07
    endloop
  endfacet
  facet normal 0 0 -1
    outer loop
      vertex -52.6074 182.025 1.90735e-07
      vertex -50.0838 177.182 1.90735e-07
      vertex -51.1058 177.409 1.90735e-07
    endloop
  endfacet
  facet normal 0 0 -1
    outer loop
      vertex -48 177 1.90735e-07
      vertex -52.3258 183.295 1.90735e-07
      vertex -52.3579 183.44 1.90735e-07
    endloop
  endfacet
  facet normal 0 0 -1
    outer loop
      vertex -52.7979 181.798 1.90735e-07
      vertex -51.1058 177.409 1.90735e-07
      vertex -52.1042 177.724 1.90735e-07
    endloop
  endfacet
  facet normal 0 0 -1
    outer loop
      vertex -48 177 1.90735e-07
      vertex -52.3 183 1.90735e-07
      vertex -52.3065 183.148 1.90735e-07
    endloop
  endfacet
  facet normal 0 0 -1
    outer loop
      vertex -48 177 1.90735e-07
      vertex -52.3065 183.148 1.90735e-07
      vertex -52.3258 183.295 1.90735e-07
    endloop
  endfacet
  facet normal 0 0 -1
    outer loop
      vertex -48 177 1.90735e-07
      vertex -52.3065 182.852 1.90735e-07
      vertex -52.3 183 1.90735e-07
    endloop
  endfacet
  facet normal 0 0 -1
    outer loop
      vertex -48 177 1.90735e-07
      vertex -52.3258 182.705 1.90735e-07
      vertex -52.3065 182.852 1.90735e-07
    endloop
  endfacet
  facet normal 0 0 -1
    outer loop
      vertex -48 177 1.90735e-07
      vertex -52.3579 182.56 1.90735e-07
      vertex -52.3258 182.705 1.90735e-07
    endloop
  endfacet
  facet normal 0 0 -1
    outer loop
      vertex -49.0459 177.046 1.90735e-07
      vertex -52.4025 182.419 1.90735e-07
      vertex -52.3579 182.56 1.90735e-07
    endloop
  endfacet
  facet normal 0 0 -1
    outer loop
      vertex -49.0459 177.046 1.90735e-07
      vertex -52.4593 182.282 1.90735e-07
      vertex -52.4025 182.419 1.90735e-07
    endloop
  endfacet
  facet normal 0 0 -1
    outer loop
      vertex -50.0838 177.182 1.90735e-07
      vertex -52.5278 182.15 1.90735e-07
      vertex -52.4593 182.282 1.90735e-07
    endloop
  endfacet
  facet normal 0 0 -1
    outer loop
      vertex -50.0838 177.182 1.90735e-07
      vertex -52.6074 182.025 1.90735e-07
      vertex -52.5278 182.15 1.90735e-07
    endloop
  endfacet
  facet normal 0 0 -1
    outer loop
      vertex -51.1058 177.409 1.90735e-07
      vertex -52.6977 181.907 1.90735e-07
      vertex -52.6074 182.025 1.90735e-07
    endloop
  endfacet
  facet normal 0 0 -1
    outer loop
      vertex -51.1058 177.409 1.90735e-07
      vertex -52.7979 181.798 1.90735e-07
      vertex -52.6977 181.907 1.90735e-07
    endloop
  endfacet
  facet normal 0 0 -1
    outer loop
      vertex -52.1042 177.724 1.90735e-07
      vertex -52.9073 181.698 1.90735e-07
      vertex -52.7979 181.798 1.90735e-07
    endloop
  endfacet
  facet normal 0 0 -1
    outer loop
      vertex -52.1042 177.724 1.90735e-07
      vertex -53.0249 181.607 1.90735e-07
      vertex -52.9073 181.698 1.90735e-07
    endloop
  endfacet
  facet normal 0 0 -1
    outer loop
      vertex -53.0714 178.124 1.90735e-07
      vertex -53.0249 181.607 1.90735e-07
      vertex -52.1042 177.724 1.90735e-07
    endloop
  endfacet
  facet normal 0 0 -1
    outer loop
      vertex -53.0714 178.124 1.90735e-07
      vertex -53.15 181.528 1.90735e-07
      vertex -53.0249 181.607 1.90735e-07
    endloop
  endfacet
  facet normal 0 0 -1
    outer loop
      vertex -53.0714 178.124 1.90735e-07
      vertex -53.2815 181.459 1.90735e-07
      vertex -53.15 181.528 1.90735e-07
    endloop
  endfacet
  facet normal 0 0 -1
    outer loop
      vertex -53.0714 178.124 1.90735e-07
      vertex -53.4186 181.403 1.90735e-07
      vertex -53.2815 181.459 1.90735e-07
    endloop
  endfacet
  facet normal 0 0 -1
    outer loop
      vertex -54 178.608 1.90735e-07
      vertex -53.4186 181.403 1.90735e-07
      vertex -53.0714 178.124 1.90735e-07
    endloop
  endfacet
  facet normal 0 0 -1
    outer loop
      vertex -53.4186 181.403 1.90735e-07
      vertex -54 178.608 1.90735e-07
      vertex -53.56 181.358 1.90735e-07
    endloop
  endfacet
  facet normal 0 0 -1
    outer loop
      vertex -53.56 181.358 1.90735e-07
      vertex -54 178.608 1.90735e-07
      vertex -53.7048 181.326 1.90735e-07
    endloop
  endfacet
  facet normal 0 0 -1
    outer loop
      vertex -53.7048 181.326 1.90735e-07
      vertex -54 178.608 1.90735e-07
      vertex -53.8518 181.306 1.90735e-07
    endloop
  endfacet
  facet normal 0 0 -1
    outer loop
      vertex -54.8829 179.17 1.90735e-07
      vertex -53.8518 181.306 1.90735e-07
      vertex -54 178.608 1.90735e-07
    endloop
  endfacet
  facet normal 0 0 -1
    outer loop
      vertex -53.8518 181.306 1.90735e-07
      vertex -54.8829 179.17 1.90735e-07
      vertex -54 181.3 1.90735e-07
    endloop
  endfacet
  facet normal -0 0 -1
    outer loop
      vertex -54 181.3 1.90735e-07
      vertex -54.8829 179.17 1.90735e-07
      vertex -54.1482 181.306 1.90735e-07
    endloop
  endfacet
  facet normal -0 0 -1
    outer loop
      vertex -54.1482 181.306 1.90735e-07
      vertex -54.8829 179.17 1.90735e-07
      vertex -54.2952 181.326 1.90735e-07
    endloop
  endfacet
  facet normal -0 0 -1
    outer loop
      vertex -54.2952 181.326 1.90735e-07
      vertex -54.8829 179.17 1.90735e-07
      vertex -54.44 181.358 1.90735e-07
    endloop
  endfacet
  facet normal 0 0 -1
    outer loop
      vertex -55.7135 179.807 1.90735e-07
      vertex -54.44 181.358 1.90735e-07
      vertex -54.8829 179.17 1.90735e-07
    endloop
  endfacet
  facet normal -0 0 -1
    outer loop
      vertex -54.44 181.358 1.90735e-07
      vertex -55.7135 179.807 1.90735e-07
      vertex -54.5814 181.403 1.90735e-07
    endloop
  endfacet
  facet normal -0 0 -1
    outer loop
      vertex -54.5814 181.403 1.90735e-07
      vertex -55.7135 179.807 1.90735e-07
      vertex -54.7185 181.459 1.90735e-07
    endloop
  endfacet
  facet normal -0 0 -1
    outer loop
      vertex -54.7185 181.459 1.90735e-07
      vertex -55.7135 179.807 1.90735e-07
      vertex -54.85 181.528 1.90735e-07
    endloop
  endfacet
  facet normal -0 0 -1
    outer loop
      vertex -54.85 181.528 1.90735e-07
      vertex -55.7135 179.807 1.90735e-07
      vertex -54.9751 181.607 1.90735e-07
    endloop
  endfacet
  facet normal 0 0 -1
    outer loop
      vertex -56.4853 180.515 1.90735e-07
      vertex -54.9751 181.607 1.90735e-07
      vertex -55.7135 179.807 1.90735e-07
    endloop
  endfacet
  facet normal -0 0 -1
    outer loop
      vertex -54.9751 181.607 1.90735e-07
      vertex -56.4853 180.515 1.90735e-07
      vertex -55.0927 181.698 1.90735e-07
    endloop
  endfacet
  facet normal -0 0 -1
    outer loop
      vertex -55.0927 181.698 1.90735e-07
      vertex -56.4853 180.515 1.90735e-07
      vertex -55.2021 181.798 1.90735e-07
    endloop
  endfacet
  facet normal -0 0 -1
    outer loop
      vertex -55.2021 181.798 1.90735e-07
      vertex -56.4853 180.515 1.90735e-07
      vertex -55.3023 181.907 1.90735e-07
    endloop
  endfacet
  facet normal -0 0 -1
    outer loop
      vertex -55.3023 181.907 1.90735e-07
      vertex -56.4853 180.515 1.90735e-07
      vertex -55.3926 182.025 1.90735e-07
    endloop
  endfacet
  facet normal 0 0 -1
    outer loop
      vertex -57.1925 181.287 1.90735e-07
      vertex -55.3926 182.025 1.90735e-07
      vertex -56.4853 180.515 1.90735e-07
    endloop
  endfacet
  facet normal -0 0 -1
    outer loop
      vertex -55.3926 182.025 1.90735e-07
      vertex -57.1925 181.287 1.90735e-07
      vertex -55.4722 182.15 1.90735e-07
    endloop
  endfacet
  facet normal -0 0 -1
    outer loop
      vertex -55.6421 182.56 1.90735e-07
      vertex -57.8298 182.117 1.90735e-07
      vertex -55.6742 182.705 1.90735e-07
    endloop
  endfacet
  facet normal 0 0 -1
    outer loop
      vertex -57.8298 182.117 1.90735e-07
      vertex -55.6421 182.56 1.90735e-07
      vertex -57.1925 181.287 1.90735e-07
    endloop
  endfacet
  facet normal -0 0 -1
    outer loop
      vertex -55.5975 182.419 1.90735e-07
      vertex -57.1925 181.287 1.90735e-07
      vertex -55.6421 182.56 1.90735e-07
    endloop
  endfacet
  facet normal -0 0 -1
    outer loop
      vertex -55.5407 182.282 1.90735e-07
      vertex -57.1925 181.287 1.90735e-07
      vertex -55.5975 182.419 1.90735e-07
    endloop
  endfacet
  facet normal -0 0 -1
    outer loop
      vertex -55.4722 182.15 1.90735e-07
      vertex -57.1925 181.287 1.90735e-07
      vertex -55.5407 182.282 1.90735e-07
    endloop
  endfacet
  facet normal 0 0 -1
    outer loop
      vertex -48 177 1.90735e-07
      vertex -52.3579 183.44 1.90735e-07
      vertex -52.4025 183.581 1.90735e-07
    endloop
  endfacet
  facet normal 0 0 -1
    outer loop
      vertex -52.3579 294.44 1.90735e-07
      vertex -48 300 1.90735e-07
      vertex -52.3258 294.295 1.90735e-07
    endloop
  endfacet
  facet normal 0 0 -1
    outer loop
      vertex -52.3065 294.148 1.90735e-07
      vertex -48 300 1.90735e-07
      vertex -52.3 294 1.90735e-07
    endloop
  endfacet
  facet normal 0 0 -1
    outer loop
      vertex -52.3258 294.295 1.90735e-07
      vertex -48 300 1.90735e-07
      vertex -52.3065 294.148 1.90735e-07
    endloop
  endfacet
  facet normal 0 0 -1
    outer loop
      vertex -54.1482 184.694 1.90735e-07
      vertex -18.9134 231.085 1.90735e-07
      vertex -54 184.7 1.90735e-07
    endloop
  endfacet
  facet normal 0 -0 -1
    outer loop
      vertex -52.3 294 1.90735e-07
      vertex -48 300 1.90735e-07
      vertex -52.3065 293.852 1.90735e-07
    endloop
  endfacet
  facet normal 0 -0 -1
    outer loop
      vertex -52.3258 293.705 1.90735e-07
      vertex -48 300 1.90735e-07
      vertex -52.3579 293.56 1.90735e-07
    endloop
  endfacet
  facet normal 0 -0 -1
    outer loop
      vertex -52.3065 293.852 1.90735e-07
      vertex -48 300 1.90735e-07
      vertex -52.3258 293.705 1.90735e-07
    endloop
  endfacet
  facet normal 0 0 -1
    outer loop
      vertex -27.747 269.891 1.90735e-07
      vertex -52.4025 293.419 1.90735e-07
      vertex -48 300 1.90735e-07
    endloop
  endfacet
  facet normal 0 -0 -1
    outer loop
      vertex -52.3579 293.56 1.90735e-07
      vertex -48 300 1.90735e-07
      vertex -52.4025 293.419 1.90735e-07
    endloop
  endfacet
  facet normal 0 0 -1
    outer loop
      vertex -28.25 269.629 1.90735e-07
      vertex -52.5278 293.15 1.90735e-07
      vertex -52.4593 293.282 1.90735e-07
    endloop
  endfacet
  facet normal 0 0 -1
    outer loop
      vertex -27.747 269.891 1.90735e-07
      vertex -52.4593 293.282 1.90735e-07
      vertex -52.4025 293.419 1.90735e-07
    endloop
  endfacet
  facet normal 0 0 -1
    outer loop
      vertex -54.2952 184.674 1.90735e-07
      vertex -18.9134 231.085 1.90735e-07
      vertex -54.1482 184.694 1.90735e-07
    endloop
  endfacet
  facet normal 0 0 -1
    outer loop
      vertex -28.7282 269.324 1.90735e-07
      vertex -52.6074 293.025 1.90735e-07
      vertex -52.5278 293.15 1.90735e-07
    endloop
  endfacet
  facet normal -0 0 -1
    outer loop
      vertex -18.9134 231.085 1.90735e-07
      vertex -54.2952 184.674 1.90735e-07
      vertex -18.9436 231.314 1.90735e-07
    endloop
  endfacet
  facet normal 0 0 -1
    outer loop
      vertex -29.1781 268.979 1.90735e-07
      vertex -52.6977 292.907 1.90735e-07
      vertex -52.6074 293.025 1.90735e-07
    endloop
  endfacet
  facet normal 0 0 -1
    outer loop
      vertex -54.44 184.642 1.90735e-07
      vertex -18.9436 231.314 1.90735e-07
      vertex -54.2952 184.674 1.90735e-07
    endloop
  endfacet
  facet normal 0 0 -1
    outer loop
      vertex -29.1781 268.979 1.90735e-07
      vertex -52.7979 292.798 1.90735e-07
      vertex -52.6977 292.907 1.90735e-07
    endloop
  endfacet
  facet normal -0 0 -1
    outer loop
      vertex -18.9436 231.314 1.90735e-07
      vertex -54.44 184.642 1.90735e-07
      vertex -29.9793 259.822 1.90735e-07
    endloop
  endfacet
  facet normal 0 0 -1
    outer loop
      vertex -29.5962 268.596 1.90735e-07
      vertex -52.9073 292.698 1.90735e-07
      vertex -52.7979 292.798 1.90735e-07
    endloop
  endfacet
  facet normal -0 0 -1
    outer loop
      vertex -29.9793 259.822 1.90735e-07
      vertex -54.44 184.642 1.90735e-07
      vertex -30.3245 260.272 1.90735e-07
    endloop
  endfacet
  facet normal 0 0 -1
    outer loop
      vertex -29.9793 268.178 1.90735e-07
      vertex -53.0249 292.607 1.90735e-07
      vertex -52.9073 292.698 1.90735e-07
    endloop
  endfacet
  facet normal 0 0 -1
    outer loop
      vertex -54.5814 184.597 1.90735e-07
      vertex -30.3245 260.272 1.90735e-07
      vertex -54.44 184.642 1.90735e-07
    endloop
  endfacet
  facet normal 0 0 -1
    outer loop
      vertex -30.3245 267.728 1.90735e-07
      vertex -53.15 292.528 1.90735e-07
      vertex -53.0249 292.607 1.90735e-07
    endloop
  endfacet
  facet normal -0 0 -1
    outer loop
      vertex -30.3245 260.272 1.90735e-07
      vertex -54.5814 184.597 1.90735e-07
      vertex -30.6292 260.75 1.90735e-07
    endloop
  endfacet
  facet normal 0 0 -1
    outer loop
      vertex -30.6292 267.25 1.90735e-07
      vertex -53.2815 292.459 1.90735e-07
      vertex -53.15 292.528 1.90735e-07
    endloop
  endfacet
  facet normal 0 0 -1
    outer loop
      vertex -54.7185 184.541 1.90735e-07
      vertex -30.6292 260.75 1.90735e-07
      vertex -54.5814 184.597 1.90735e-07
    endloop
  endfacet
  facet normal 0 0 -1
    outer loop
      vertex -30.6292 267.25 1.90735e-07
      vertex -53.4186 292.403 1.90735e-07
      vertex -53.2815 292.459 1.90735e-07
    endloop
  endfacet
  facet normal -0 0 -1
    outer loop
      vertex -30.6292 260.75 1.90735e-07
      vertex -54.7185 184.541 1.90735e-07
      vertex -30.891 261.253 1.90735e-07
    endloop
  endfacet
  facet normal 0 0 -1
    outer loop
      vertex -30.891 266.747 1.90735e-07
      vertex -53.56 292.358 1.90735e-07
      vertex -53.4186 292.403 1.90735e-07
    endloop
  endfacet
  facet normal 0 0 -1
    outer loop
      vertex -54.85 184.472 1.90735e-07
      vertex -30.891 261.253 1.90735e-07
      vertex -54.7185 184.541 1.90735e-07
    endloop
  endfacet
  facet normal 0 0 -1
    outer loop
      vertex -31.108 266.223 1.90735e-07
      vertex -53.7048 292.326 1.90735e-07
      vertex -53.56 292.358 1.90735e-07
    endloop
  endfacet
  facet normal -0 0 -1
    outer loop
      vertex -30.891 261.253 1.90735e-07
      vertex -54.85 184.472 1.90735e-07
      vertex -31.108 261.777 1.90735e-07
    endloop
  endfacet
  facet normal 0 0 -1
    outer loop
      vertex -31.2785 265.682 1.90735e-07
      vertex -53.8518 292.306 1.90735e-07
      vertex -53.7048 292.326 1.90735e-07
    endloop
  endfacet
  facet normal 0 0 -1
    outer loop
      vertex -54.9751 184.393 1.90735e-07
      vertex -31.108 261.777 1.90735e-07
      vertex -54.85 184.472 1.90735e-07
    endloop
  endfacet
  facet normal 0 0 -1
    outer loop
      vertex -31.4012 265.129 1.90735e-07
      vertex -54 292.3 1.90735e-07
      vertex -53.8518 292.306 1.90735e-07
    endloop
  endfacet
  facet normal 0 0 -1
    outer loop
      vertex -54.9751 292.607 1.90735e-07
      vertex -31.108 261.777 1.90735e-07
      vertex -54.9751 184.393 1.90735e-07
    endloop
  endfacet
  facet normal 0 0 -1
    outer loop
      vertex -31.4012 265.129 1.90735e-07
      vertex -54.1482 292.306 1.90735e-07
      vertex -54 292.3 1.90735e-07
    endloop
  endfacet
  facet normal -0 -0 -1
    outer loop
      vertex -54.85 292.528 1.90735e-07
      vertex -31.108 261.777 1.90735e-07
      vertex -54.9751 292.607 1.90735e-07
    endloop
  endfacet
  facet normal 0 0 -1
    outer loop
      vertex -31.4753 264.566 1.90735e-07
      vertex -54.1482 292.306 1.90735e-07
      vertex -31.4012 265.129 1.90735e-07
    endloop
  endfacet
  facet normal 0 0 -1
    outer loop
      vertex -31.108 261.777 1.90735e-07
      vertex -54.85 292.528 1.90735e-07
      vertex -31.2785 262.318 1.90735e-07
    endloop
  endfacet
  facet normal -0 -0 -1
    outer loop
      vertex -54.1482 292.306 1.90735e-07
      vertex -31.4753 264.566 1.90735e-07
      vertex -54.2952 292.326 1.90735e-07
    endloop
  endfacet
  facet normal -0 -0 -1
    outer loop
      vertex -54.7185 292.459 1.90735e-07
      vertex -31.2785 262.318 1.90735e-07
      vertex -54.85 292.528 1.90735e-07
    endloop
  endfacet
  facet normal 0 0 -1
    outer loop
      vertex -31.5 264 1.90735e-07
      vertex -54.2952 292.326 1.90735e-07
      vertex -31.4753 264.566 1.90735e-07
    endloop
  endfacet
  facet normal 0 0 -1
    outer loop
      vertex -31.2785 262.318 1.90735e-07
      vertex -54.7185 292.459 1.90735e-07
      vertex -31.4012 262.871 1.90735e-07
    endloop
  endfacet
  facet normal -0 -0 -1
    outer loop
      vertex -54.2952 292.326 1.90735e-07
      vertex -31.5 264 1.90735e-07
      vertex -54.44 292.358 1.90735e-07
    endloop
  endfacet
  facet normal -0 -0 -1
    outer loop
      vertex -54.5814 292.403 1.90735e-07
      vertex -31.4012 262.871 1.90735e-07
      vertex -54.7185 292.459 1.90735e-07
    endloop
  endfacet
  facet normal 0 0 -1
    outer loop
      vertex -31.4753 263.433 1.90735e-07
      vertex -54.44 292.358 1.90735e-07
      vertex -31.5 264 1.90735e-07
    endloop
  endfacet
  facet normal 0 0 -1
    outer loop
      vertex -31.4012 262.871 1.90735e-07
      vertex -54.5814 292.403 1.90735e-07
      vertex -31.4753 263.433 1.90735e-07
    endloop
  endfacet
  facet normal -0 -0 -1
    outer loop
      vertex -54.44 292.358 1.90735e-07
      vertex -31.4753 263.433 1.90735e-07
      vertex -54.5814 292.403 1.90735e-07
    endloop
  endfacet
  facet normal 0 0 -1
    outer loop
      vertex -55.0927 184.302 1.90735e-07
      vertex -54.9751 292.607 1.90735e-07
      vertex -54.9751 184.393 1.90735e-07
    endloop
  endfacet
  facet normal 0 0 -1
    outer loop
      vertex -55.0927 184.302 1.90735e-07
      vertex -55.0927 292.698 1.90735e-07
      vertex -54.9751 292.607 1.90735e-07
    endloop
  endfacet
  facet normal 0 0 -1
    outer loop
      vertex -55.2021 184.202 1.90735e-07
      vertex -55.0927 292.698 1.90735e-07
      vertex -55.0927 184.302 1.90735e-07
    endloop
  endfacet
  facet normal 0 0 -1
    outer loop
      vertex -55.2021 184.202 1.90735e-07
      vertex -55.2021 292.798 1.90735e-07
      vertex -55.0927 292.698 1.90735e-07
    endloop
  endfacet
  facet normal 0 0 -1
    outer loop
      vertex -55.3023 184.093 1.90735e-07
      vertex -55.2021 292.798 1.90735e-07
      vertex -55.2021 184.202 1.90735e-07
    endloop
  endfacet
  facet normal 0 0 -1
    outer loop
      vertex -55.3023 184.093 1.90735e-07
      vertex -55.3023 292.907 1.90735e-07
      vertex -55.2021 292.798 1.90735e-07
    endloop
  endfacet
  facet normal 0 0 -1
    outer loop
      vertex -55.3926 183.975 1.90735e-07
      vertex -55.3023 292.907 1.90735e-07
      vertex -55.3023 184.093 1.90735e-07
    endloop
  endfacet
  facet normal 0 0 -1
    outer loop
      vertex -55.3926 183.975 1.90735e-07
      vertex -55.3926 293.025 1.90735e-07
      vertex -55.3023 292.907 1.90735e-07
    endloop
  endfacet
  facet normal 0 0 -1
    outer loop
      vertex -55.4722 183.85 1.90735e-07
      vertex -55.3926 293.025 1.90735e-07
      vertex -55.3926 183.975 1.90735e-07
    endloop
  endfacet
  facet normal 0 0 -1
    outer loop
      vertex -55.4722 183.85 1.90735e-07
      vertex -55.4722 293.15 1.90735e-07
      vertex -55.3926 293.025 1.90735e-07
    endloop
  endfacet
  facet normal 0 0 -1
    outer loop
      vertex -55.5407 183.718 1.90735e-07
      vertex -55.4722 293.15 1.90735e-07
      vertex -55.4722 183.85 1.90735e-07
    endloop
  endfacet
  facet normal 0 0 -1
    outer loop
      vertex -55.5407 183.718 1.90735e-07
      vertex -55.5407 293.282 1.90735e-07
      vertex -55.4722 293.15 1.90735e-07
    endloop
  endfacet
  facet normal 0 0 -1
    outer loop
      vertex -55.5975 183.581 1.90735e-07
      vertex -55.5407 293.282 1.90735e-07
      vertex -55.5407 183.718 1.90735e-07
    endloop
  endfacet
  facet normal 0 0 -1
    outer loop
      vertex -55.5975 183.581 1.90735e-07
      vertex -55.5975 293.419 1.90735e-07
      vertex -55.5407 293.282 1.90735e-07
    endloop
  endfacet
  facet normal 0 0 -1
    outer loop
      vertex -55.6421 183.44 1.90735e-07
      vertex -55.5975 293.419 1.90735e-07
      vertex -55.5975 183.581 1.90735e-07
    endloop
  endfacet
  facet normal 0 0 -1
    outer loop
      vertex -55.6421 183.44 1.90735e-07
      vertex -55.6421 293.56 1.90735e-07
      vertex -55.5975 293.419 1.90735e-07
    endloop
  endfacet
  facet normal 0 0 -1
    outer loop
      vertex -55.6742 183.295 1.90735e-07
      vertex -55.6421 293.56 1.90735e-07
      vertex -55.6421 183.44 1.90735e-07
    endloop
  endfacet
  facet normal 0 0 -1
    outer loop
      vertex -55.6742 183.295 1.90735e-07
      vertex -55.6742 293.705 1.90735e-07
      vertex -55.6421 293.56 1.90735e-07
    endloop
  endfacet
  facet normal 0 0 -1
    outer loop
      vertex -55.6935 183.148 1.90735e-07
      vertex -55.6742 293.705 1.90735e-07
      vertex -55.6742 183.295 1.90735e-07
    endloop
  endfacet
  facet normal 0 0 -1
    outer loop
      vertex -55.6935 183.148 1.90735e-07
      vertex -55.6935 293.852 1.90735e-07
      vertex -55.6742 293.705 1.90735e-07
    endloop
  endfacet
  facet normal 0 0 -1
    outer loop
      vertex -55.7 183 1.90735e-07
      vertex -55.6935 293.852 1.90735e-07
      vertex -55.6935 183.148 1.90735e-07
    endloop
  endfacet
  facet normal -0 0 -1
    outer loop
      vertex -55.6935 293.852 1.90735e-07
      vertex -55.7 183 1.90735e-07
      vertex -55.7 294 1.90735e-07
    endloop
  endfacet
  facet normal 0 0 -1
    outer loop
      vertex -48 300 1.90735e-07
      vertex -52.3579 294.44 1.90735e-07
      vertex -49.0459 299.954 1.90735e-07
    endloop
  endfacet
  facet normal 0 0 -1
    outer loop
      vertex -52.4025 294.581 1.90735e-07
      vertex -49.0459 299.954 1.90735e-07
      vertex -52.3579 294.44 1.90735e-07
    endloop
  endfacet
  facet normal 0 0 -1
    outer loop
      vertex -52.4593 294.718 1.90735e-07
      vertex -49.0459 299.954 1.90735e-07
      vertex -52.4025 294.581 1.90735e-07
    endloop
  endfacet
  facet normal 0 0 -1
    outer loop
      vertex -49.0459 299.954 1.90735e-07
      vertex -52.4593 294.718 1.90735e-07
      vertex -50.0838 299.818 1.90735e-07
    endloop
  endfacet
  facet normal 0 0 -1
    outer loop
      vertex -52.5278 294.85 1.90735e-07
      vertex -50.0838 299.818 1.90735e-07
      vertex -52.4593 294.718 1.90735e-07
    endloop
  endfacet
  facet normal 0 0 -1
    outer loop
      vertex -52.6074 294.975 1.90735e-07
      vertex -50.0838 299.818 1.90735e-07
      vertex -52.5278 294.85 1.90735e-07
    endloop
  endfacet
  facet normal 0 0 -1
    outer loop
      vertex -50.0838 299.818 1.90735e-07
      vertex -52.6074 294.975 1.90735e-07
      vertex -51.1058 299.591 1.90735e-07
    endloop
  endfacet
  facet normal 0 0 -1
    outer loop
      vertex -52.6977 295.093 1.90735e-07
      vertex -51.1058 299.591 1.90735e-07
      vertex -52.6074 294.975 1.90735e-07
    endloop
  endfacet
  facet normal 0 0 -1
    outer loop
      vertex -52.7979 295.202 1.90735e-07
      vertex -51.1058 299.591 1.90735e-07
      vertex -52.6977 295.093 1.90735e-07
    endloop
  endfacet
  facet normal 0 0 -1
    outer loop
      vertex -51.1058 299.591 1.90735e-07
      vertex -52.7979 295.202 1.90735e-07
      vertex -52.1042 299.276 1.90735e-07
    endloop
  endfacet
  facet normal 0 0 -1
    outer loop
      vertex -52.9073 295.302 1.90735e-07
      vertex -52.1042 299.276 1.90735e-07
      vertex -52.7979 295.202 1.90735e-07
    endloop
  endfacet
  facet normal 0 0 -1
    outer loop
      vertex -53.0249 295.393 1.90735e-07
      vertex -52.1042 299.276 1.90735e-07
      vertex -52.9073 295.302 1.90735e-07
    endloop
  endfacet
  facet normal 0 0 -1
    outer loop
      vertex -53.0249 295.393 1.90735e-07
      vertex -53.0714 298.876 1.90735e-07
      vertex -52.1042 299.276 1.90735e-07
    endloop
  endfacet
  facet normal 0 0 -1
    outer loop
      vertex -53.15 295.472 1.90735e-07
      vertex -53.0714 298.876 1.90735e-07
      vertex -53.0249 295.393 1.90735e-07
    endloop
  endfacet
  facet normal 0 0 -1
    outer loop
      vertex -53.2815 295.541 1.90735e-07
      vertex -53.0714 298.876 1.90735e-07
      vertex -53.15 295.472 1.90735e-07
    endloop
  endfacet
  facet normal 0 0 -1
    outer loop
      vertex -53.4186 295.597 1.90735e-07
      vertex -53.0714 298.876 1.90735e-07
      vertex -53.2815 295.541 1.90735e-07
    endloop
  endfacet
  facet normal 0 0 -1
    outer loop
      vertex -54 298.392 1.90735e-07
      vertex -53.4186 295.597 1.90735e-07
      vertex -53.56 295.642 1.90735e-07
    endloop
  endfacet
  facet normal 0 0 -1
    outer loop
      vertex -54 298.392 1.90735e-07
      vertex -53.56 295.642 1.90735e-07
      vertex -53.7048 295.674 1.90735e-07
    endloop
  endfacet
  facet normal 0 0 -1
    outer loop
      vertex -54 298.392 1.90735e-07
      vertex -53.7048 295.674 1.90735e-07
      vertex -53.8518 295.694 1.90735e-07
    endloop
  endfacet
  facet normal 0 0 -1
    outer loop
      vertex -54.8829 297.83 1.90735e-07
      vertex -53.8518 295.694 1.90735e-07
      vertex -54 295.7 1.90735e-07
    endloop
  endfacet
  facet normal 0 0 -1
    outer loop
      vertex -53.4186 295.597 1.90735e-07
      vertex -54 298.392 1.90735e-07
      vertex -53.0714 298.876 1.90735e-07
    endloop
  endfacet
  facet normal 0 0 -1
    outer loop
      vertex -54.8829 297.83 1.90735e-07
      vertex -54 295.7 1.90735e-07
      vertex -54.1482 295.694 1.90735e-07
    endloop
  endfacet
  facet normal 0 0 -1
    outer loop
      vertex -54.8829 297.83 1.90735e-07
      vertex -54.1482 295.694 1.90735e-07
      vertex -54.2952 295.674 1.90735e-07
    endloop
  endfacet
  facet normal 0 0 -1
    outer loop
      vertex -54.8829 297.83 1.90735e-07
      vertex -54.2952 295.674 1.90735e-07
      vertex -54.44 295.642 1.90735e-07
    endloop
  endfacet
  facet normal 0 0 -1
    outer loop
      vertex -55.7135 297.193 1.90735e-07
      vertex -54.44 295.642 1.90735e-07
      vertex -54.5814 295.597 1.90735e-07
    endloop
  endfacet
  facet normal 0 0 -1
    outer loop
      vertex -55.7135 297.193 1.90735e-07
      vertex -54.5814 295.597 1.90735e-07
      vertex -54.7185 295.541 1.90735e-07
    endloop
  endfacet
  facet normal 0 0 -1
    outer loop
      vertex -55.7135 297.193 1.90735e-07
      vertex -54.7185 295.541 1.90735e-07
      vertex -54.85 295.472 1.90735e-07
    endloop
  endfacet
  facet normal 0 0 -1
    outer loop
      vertex -53.8518 295.694 1.90735e-07
      vertex -54.8829 297.83 1.90735e-07
      vertex -54 298.392 1.90735e-07
    endloop
  endfacet
  facet normal 0 0 -1
    outer loop
      vertex -55.7135 297.193 1.90735e-07
      vertex -54.85 295.472 1.90735e-07
      vertex -54.9751 295.393 1.90735e-07
    endloop
  endfacet
  facet normal 0 0 -1
    outer loop
      vertex -56.4853 296.485 1.90735e-07
      vertex -54.9751 295.393 1.90735e-07
      vertex -55.0927 295.302 1.90735e-07
    endloop
  endfacet
  facet normal 0 0 -1
    outer loop
      vertex -56.4853 296.485 1.90735e-07
      vertex -55.0927 295.302 1.90735e-07
      vertex -55.2021 295.202 1.90735e-07
    endloop
  endfacet
  facet normal 0 0 -1
    outer loop
      vertex -56.4853 296.485 1.90735e-07
      vertex -55.2021 295.202 1.90735e-07
      vertex -55.3023 295.093 1.90735e-07
    endloop
  endfacet
  facet normal 0 0 -1
    outer loop
      vertex -56.4853 296.485 1.90735e-07
      vertex -55.3023 295.093 1.90735e-07
      vertex -55.3926 294.975 1.90735e-07
    endloop
  endfacet
  facet normal 0 0 -1
    outer loop
      vertex -57.1925 295.713 1.90735e-07
      vertex -55.3926 294.975 1.90735e-07
      vertex -55.4722 294.85 1.90735e-07
    endloop
  endfacet
  facet normal 0 0 -1
    outer loop
      vertex -57.1925 295.713 1.90735e-07
      vertex -55.4722 294.85 1.90735e-07
      vertex -55.5407 294.718 1.90735e-07
    endloop
  endfacet
  facet normal 0 0 -1
    outer loop
      vertex -57.1925 295.713 1.90735e-07
      vertex -55.5407 294.718 1.90735e-07
      vertex -55.5975 294.581 1.90735e-07
    endloop
  endfacet
  facet normal 0 0 -1
    outer loop
      vertex -57.1925 295.713 1.90735e-07
      vertex -55.5975 294.581 1.90735e-07
      vertex -55.6421 294.44 1.90735e-07
    endloop
  endfacet
  facet normal 0 0 -1
    outer loop
      vertex -54.44 295.642 1.90735e-07
      vertex -55.7135 297.193 1.90735e-07
      vertex -54.8829 297.83 1.90735e-07
    endloop
  endfacet
  facet normal 0 0 -1
    outer loop
      vertex -57.8298 294.883 1.90735e-07
      vertex -55.6421 294.44 1.90735e-07
      vertex -55.6742 294.295 1.90735e-07
    endloop
  endfacet
  facet normal 0 0 -1
    outer loop
      vertex -57.8298 294.883 1.90735e-07
      vertex -55.6742 294.295 1.90735e-07
      vertex -55.6935 294.148 1.90735e-07
    endloop
  endfacet
  facet normal 0 0 -1
    outer loop
      vertex -57.8298 294.883 1.90735e-07
      vertex -55.6935 294.148 1.90735e-07
      vertex -55.7 294 1.90735e-07
    endloop
  endfacet
  facet normal 0 0 -1
    outer loop
      vertex -55.7 183 1.90735e-07
      vertex -60 189 1.90735e-07
      vertex -55.7 294 1.90735e-07
    endloop
  endfacet
  facet normal -0 0 -1
    outer loop
      vertex -55.6742 182.705 1.90735e-07
      vertex -57.8298 182.117 1.90735e-07
      vertex -55.6935 182.852 1.90735e-07
    endloop
  endfacet
  facet normal 0 0 -1
    outer loop
      vertex -60 288 1.90735e-07
      vertex -55.7 294 1.90735e-07
      vertex -60 189 1.90735e-07
    endloop
  endfacet
  facet normal -0 0 -1
    outer loop
      vertex -55.6935 182.852 1.90735e-07
      vertex -57.8298 182.117 1.90735e-07
      vertex -55.7 183 1.90735e-07
    endloop
  endfacet
  facet normal 0 -0 -1
    outer loop
      vertex -59.9543 289.046 1.90735e-07
      vertex -55.7 294 1.90735e-07
      vertex -60 288 1.90735e-07
    endloop
  endfacet
  facet normal 0 0 -1
    outer loop
      vertex -58.3923 183 1.90735e-07
      vertex -55.7 183 1.90735e-07
      vertex -57.8298 182.117 1.90735e-07
    endloop
  endfacet
  facet normal 0 0 -1
    outer loop
      vertex -54.9751 295.393 1.90735e-07
      vertex -56.4853 296.485 1.90735e-07
      vertex -55.7135 297.193 1.90735e-07
    endloop
  endfacet
  facet normal 0 0 -1
    outer loop
      vertex -58.8757 183.929 1.90735e-07
      vertex -55.7 183 1.90735e-07
      vertex -58.3923 183 1.90735e-07
    endloop
  endfacet
  facet normal 0 0 -1
    outer loop
      vertex -55.3926 294.975 1.90735e-07
      vertex -57.1925 295.713 1.90735e-07
      vertex -56.4853 296.485 1.90735e-07
    endloop
  endfacet
  facet normal 0 0 -1
    outer loop
      vertex -59.2763 184.896 1.90735e-07
      vertex -55.7 183 1.90735e-07
      vertex -58.8757 183.929 1.90735e-07
    endloop
  endfacet
  facet normal 0 0 -1
    outer loop
      vertex -55.6421 294.44 1.90735e-07
      vertex -57.8298 294.883 1.90735e-07
      vertex -57.1925 295.713 1.90735e-07
    endloop
  endfacet
  facet normal 0 0 -1
    outer loop
      vertex -59.5911 185.894 1.90735e-07
      vertex -55.7 183 1.90735e-07
      vertex -59.2763 184.896 1.90735e-07
    endloop
  endfacet
  facet normal 0 0 -1
    outer loop
      vertex -55.7 294 1.90735e-07
      vertex -58.3923 294 1.90735e-07
      vertex -57.8298 294.883 1.90735e-07
    endloop
  endfacet
  facet normal 0 0 -1
    outer loop
      vertex -59.8177 186.916 1.90735e-07
      vertex -55.7 183 1.90735e-07
      vertex -59.5911 185.894 1.90735e-07
    endloop
  endfacet
  facet normal -0 0 -1
    outer loop
      vertex -55.7 294 1.90735e-07
      vertex -58.8757 293.071 1.90735e-07
      vertex -58.3923 294 1.90735e-07
    endloop
  endfacet
  facet normal 0 0 -1
    outer loop
      vertex -59.9543 187.954 1.90735e-07
      vertex -55.7 183 1.90735e-07
      vertex -59.8177 186.916 1.90735e-07
    endloop
  endfacet
  facet normal 0 0 -1
    outer loop
      vertex -55.7 294 1.90735e-07
      vertex -59.2763 292.104 1.90735e-07
      vertex -58.8757 293.071 1.90735e-07
    endloop
  endfacet
  facet normal 0 0 -1
    outer loop
      vertex -55.7 183 1.90735e-07
      vertex -59.9543 187.954 1.90735e-07
      vertex -60 189 1.90735e-07
    endloop
  endfacet
  facet normal 0 0 -1
    outer loop
      vertex -55.7 294 1.90735e-07
      vertex -59.5911 291.106 1.90735e-07
      vertex -59.2763 292.104 1.90735e-07
    endloop
  endfacet
  facet normal 0 0 -1
    outer loop
      vertex -55.7 294 1.90735e-07
      vertex -59.8177 290.084 1.90735e-07
      vertex -59.5911 291.106 1.90735e-07
    endloop
  endfacet
  facet normal 0 0 -1
    outer loop
      vertex -55.7 294 1.90735e-07
      vertex -59.9543 289.046 1.90735e-07
      vertex -59.8177 290.084 1.90735e-07
    endloop
  endfacet
  facet normal 0 0 -1
    outer loop
      vertex 8.87569 183.929 1.90735e-07
      vertex 5.39256 183.975 1.90735e-07
      vertex 9.27631 184.896 1.90735e-07
    endloop
  endfacet
  facet normal 0 0 -1
    outer loop
      vertex 10 288 1.90735e-07
      vertex 5.69353 293.852 1.90735e-07
      vertex 5.7 294 1.90735e-07
    endloop
  endfacet
  facet normal 0 0 -1
    outer loop
      vertex 5.30227 184.093 1.90735e-07
      vertex 9.27631 184.896 1.90735e-07
      vertex 5.39256 183.975 1.90735e-07
    endloop
  endfacet
  facet normal 0 0 -1
    outer loop
      vertex 10 288 1.90735e-07
      vertex 5.67417 293.705 1.90735e-07
      vertex 5.69353 293.852 1.90735e-07
    endloop
  endfacet
  facet normal 0 0 -1
    outer loop
      vertex 5.20208 184.202 1.90735e-07
      vertex 9.27631 184.896 1.90735e-07
      vertex 5.30227 184.093 1.90735e-07
    endloop
  endfacet
  facet normal 0 0 -1
    outer loop
      vertex 10 288 1.90735e-07
      vertex 5.64207 293.56 1.90735e-07
      vertex 5.67417 293.705 1.90735e-07
    endloop
  endfacet
  facet normal -0 0 -1
    outer loop
      vertex 9.27631 184.896 1.90735e-07
      vertex 5.20208 184.202 1.90735e-07
      vertex 9.59111 185.894 1.90735e-07
    endloop
  endfacet
  facet normal 0 0 -1
    outer loop
      vertex 10 288 1.90735e-07
      vertex 5.59748 293.419 1.90735e-07
      vertex 5.64207 293.56 1.90735e-07
    endloop
  endfacet
  facet normal 0 0 -1
    outer loop
      vertex 5.09274 184.302 1.90735e-07
      vertex 9.59111 185.894 1.90735e-07
      vertex 5.20208 184.202 1.90735e-07
    endloop
  endfacet
  facet normal 0 0 -1
    outer loop
      vertex 10 288 1.90735e-07
      vertex 5.54072 293.282 1.90735e-07
      vertex 5.59748 293.419 1.90735e-07
    endloop
  endfacet
  facet normal 0 0 -1
    outer loop
      vertex 4.97508 184.393 1.90735e-07
      vertex 9.59111 185.894 1.90735e-07
      vertex 5.09274 184.302 1.90735e-07
    endloop
  endfacet
  facet normal 0 0 -1
    outer loop
      vertex 10 288 1.90735e-07
      vertex 5.47224 293.15 1.90735e-07
      vertex 5.54072 293.282 1.90735e-07
    endloop
  endfacet
  facet normal -0 0 -1
    outer loop
      vertex 9.59111 185.894 1.90735e-07
      vertex 4.97508 184.393 1.90735e-07
      vertex 9.81769 186.916 1.90735e-07
    endloop
  endfacet
  facet normal 0 0 -1
    outer loop
      vertex 10 288 1.90735e-07
      vertex 5.39256 293.025 1.90735e-07
      vertex 5.47224 293.15 1.90735e-07
    endloop
  endfacet
  facet normal 0 0 -1
    outer loop
      vertex -13.6638 231.776 1.90735e-07
      vertex 10 189 1.90735e-07
      vertex -13.6537 231.545 1.90735e-07
    endloop
  endfacet
  facet normal 0 0 -1
    outer loop
      vertex 10 288 1.90735e-07
      vertex 5.30227 292.907 1.90735e-07
      vertex 5.39256 293.025 1.90735e-07
    endloop
  endfacet
  facet normal 0 0 -1
    outer loop
      vertex 4.85 184.472 1.90735e-07
      vertex 9.81769 186.916 1.90735e-07
      vertex 4.97508 184.393 1.90735e-07
    endloop
  endfacet
  facet normal 0 0 -1
    outer loop
      vertex 10 189 1.90735e-07
      vertex -13.6638 231.776 1.90735e-07
      vertex 10 288 1.90735e-07
    endloop
  endfacet
  facet normal 0 0 -1
    outer loop
      vertex 4.71845 184.541 1.90735e-07
      vertex 9.81769 186.916 1.90735e-07
      vertex 4.85 184.472 1.90735e-07
    endloop
  endfacet
  facet normal 0 0 -1
    outer loop
      vertex 10 288 1.90735e-07
      vertex 5.20208 292.798 1.90735e-07
      vertex 5.30227 292.907 1.90735e-07
    endloop
  endfacet
  facet normal -0 0 -1
    outer loop
      vertex 9.81769 186.916 1.90735e-07
      vertex 4.71845 184.541 1.90735e-07
      vertex 9.95434 187.954 1.90735e-07
    endloop
  endfacet
  facet normal 0 0 -1
    outer loop
      vertex 10 288 1.90735e-07
      vertex 5.09274 292.698 1.90735e-07
      vertex 5.20208 292.798 1.90735e-07
    endloop
  endfacet
  facet normal 0 0 -1
    outer loop
      vertex 4.58143 184.597 1.90735e-07
      vertex 9.95434 187.954 1.90735e-07
      vertex 4.71845 184.541 1.90735e-07
    endloop
  endfacet
  facet normal 0 0 -1
    outer loop
      vertex 10 288 1.90735e-07
      vertex 4.97508 292.607 1.90735e-07
      vertex 5.09274 292.698 1.90735e-07
    endloop
  endfacet
  facet normal -0 0 -1
    outer loop
      vertex 9.95434 187.954 1.90735e-07
      vertex 4.58143 184.597 1.90735e-07
      vertex 10 189 1.90735e-07
    endloop
  endfacet
  facet normal 0 0 -1
    outer loop
      vertex 10 288 1.90735e-07
      vertex 4.85 292.528 1.90735e-07
      vertex 4.97508 292.607 1.90735e-07
    endloop
  endfacet
  facet normal 0 0 -1
    outer loop
      vertex 4.43999 184.642 1.90735e-07
      vertex 10 189 1.90735e-07
      vertex 4.58143 184.597 1.90735e-07
    endloop
  endfacet
  facet normal 0 0 -1
    outer loop
      vertex 10 288 1.90735e-07
      vertex 4.71845 292.459 1.90735e-07
      vertex 4.85 292.528 1.90735e-07
    endloop
  endfacet
  facet normal 0 0 -1
    outer loop
      vertex 4.2952 184.674 1.90735e-07
      vertex 10 189 1.90735e-07
      vertex 4.43999 184.642 1.90735e-07
    endloop
  endfacet
  facet normal 0 0 -1
    outer loop
      vertex 10 288 1.90735e-07
      vertex 4.58143 292.403 1.90735e-07
      vertex 4.71845 292.459 1.90735e-07
    endloop
  endfacet
  facet normal 0 0 -1
    outer loop
      vertex 4.14816 184.694 1.90735e-07
      vertex 10 189 1.90735e-07
      vertex 4.2952 184.674 1.90735e-07
    endloop
  endfacet
  facet normal 0 0 -1
    outer loop
      vertex 10 288 1.90735e-07
      vertex 4.43999 292.358 1.90735e-07
      vertex 4.58143 292.403 1.90735e-07
    endloop
  endfacet
  facet normal 0 0 -1
    outer loop
      vertex 4 184.7 1.90735e-07
      vertex 10 189 1.90735e-07
      vertex 4.14816 184.694 1.90735e-07
    endloop
  endfacet
  facet normal 0 0 -1
    outer loop
      vertex 10 288 1.90735e-07
      vertex 4.2952 292.326 1.90735e-07
      vertex 4.43999 292.358 1.90735e-07
    endloop
  endfacet
  facet normal 0 0 -1
    outer loop
      vertex 3.85183 184.694 1.90735e-07
      vertex 10 189 1.90735e-07
      vertex 4 184.7 1.90735e-07
    endloop
  endfacet
  facet normal 0 0 -1
    outer loop
      vertex 10 288 1.90735e-07
      vertex 4.14816 292.306 1.90735e-07
      vertex 4.2952 292.326 1.90735e-07
    endloop
  endfacet
  facet normal 0 0 -1
    outer loop
      vertex 3.7048 184.674 1.90735e-07
      vertex 10 189 1.90735e-07
      vertex 3.85183 184.694 1.90735e-07
    endloop
  endfacet
  facet normal 0 0 -1
    outer loop
      vertex 10 288 1.90735e-07
      vertex 4 292.3 1.90735e-07
      vertex 4.14816 292.306 1.90735e-07
    endloop
  endfacet
  facet normal 0 0 -1
    outer loop
      vertex 3.56001 184.642 1.90735e-07
      vertex 10 189 1.90735e-07
      vertex 3.7048 184.674 1.90735e-07
    endloop
  endfacet
  facet normal 0 0 -1
    outer loop
      vertex 10 288 1.90735e-07
      vertex 3.85183 292.306 1.90735e-07
      vertex 4 292.3 1.90735e-07
    endloop
  endfacet
  facet normal 0 0 -1
    outer loop
      vertex 3.41857 184.597 1.90735e-07
      vertex 10 189 1.90735e-07
      vertex 3.56001 184.642 1.90735e-07
    endloop
  endfacet
  facet normal 0 0 -1
    outer loop
      vertex 10 288 1.90735e-07
      vertex 3.7048 292.326 1.90735e-07
      vertex 3.85183 292.306 1.90735e-07
    endloop
  endfacet
  facet normal 0 0 -1
    outer loop
      vertex 3.28155 184.541 1.90735e-07
      vertex 10 189 1.90735e-07
      vertex 3.41857 184.597 1.90735e-07
    endloop
  endfacet
  facet normal 0 0 -1
    outer loop
      vertex 10 288 1.90735e-07
      vertex 3.56001 292.358 1.90735e-07
      vertex 3.7048 292.326 1.90735e-07
    endloop
  endfacet
  facet normal 0 0 -1
    outer loop
      vertex -15.3973 229.055 1.90735e-07
      vertex 10 189 1.90735e-07
      vertex 3.28155 184.541 1.90735e-07
    endloop
  endfacet
  facet normal 0 0 -1
    outer loop
      vertex 10 288 1.90735e-07
      vertex 3.41857 292.403 1.90735e-07
      vertex 3.56001 292.358 1.90735e-07
    endloop
  endfacet
  facet normal 0 0 -1
    outer loop
      vertex -15.3973 229.055 1.90735e-07
      vertex 3.28155 184.541 1.90735e-07
      vertex 3.15 184.472 1.90735e-07
    endloop
  endfacet
  facet normal 0 0 -1
    outer loop
      vertex -18.5247 264.566 1.90735e-07
      vertex 10 288 1.90735e-07
      vertex -18.5 264 1.90735e-07
    endloop
  endfacet
  facet normal 0 0 -1
    outer loop
      vertex -15.6178 228.985 1.90735e-07
      vertex 3.15 184.472 1.90735e-07
      vertex 3.02492 184.393 1.90735e-07
    endloop
  endfacet
  facet normal 0 0 -1
    outer loop
      vertex -13.6939 232.005 1.90735e-07
      vertex 10 288 1.90735e-07
      vertex -13.6638 231.776 1.90735e-07
    endloop
  endfacet
  facet normal 0 0 -1
    outer loop
      vertex -15.8435 228.935 1.90735e-07
      vertex 3.02492 184.393 1.90735e-07
      vertex 2.90726 184.302 1.90735e-07
    endloop
  endfacet
  facet normal 0 0 -1
    outer loop
      vertex -13.744 232.231 1.90735e-07
      vertex 10 288 1.90735e-07
      vertex -13.6939 232.005 1.90735e-07
    endloop
  endfacet
  facet normal 0 0 -1
    outer loop
      vertex -16.0727 228.905 1.90735e-07
      vertex 2.90726 184.302 1.90735e-07
      vertex 2.79792 184.202 1.90735e-07
    endloop
  endfacet
  facet normal 0 0 -1
    outer loop
      vertex -13.8135 232.451 1.90735e-07
      vertex 10 288 1.90735e-07
      vertex -13.744 232.231 1.90735e-07
    endloop
  endfacet
  facet normal 0 0 -1
    outer loop
      vertex -16.3037 228.895 1.90735e-07
      vertex 2.79792 184.202 1.90735e-07
      vertex 2.69772 184.093 1.90735e-07
    endloop
  endfacet
  facet normal 0 0 -1
    outer loop
      vertex -13.902 232.665 1.90735e-07
      vertex 10 288 1.90735e-07
      vertex -13.8135 232.451 1.90735e-07
    endloop
  endfacet
  facet normal 0 0 -1
    outer loop
      vertex -16.5346 228.905 1.90735e-07
      vertex 2.69772 184.093 1.90735e-07
      vertex 2.60744 183.975 1.90735e-07
    endloop
  endfacet
  facet normal 0 0 -1
    outer loop
      vertex -14.0087 232.87 1.90735e-07
      vertex 10 288 1.90735e-07
      vertex -13.902 232.665 1.90735e-07
    endloop
  endfacet
  facet normal 0 0 -1
    outer loop
      vertex -16.7638 228.935 1.90735e-07
      vertex 2.60744 183.975 1.90735e-07
      vertex 2.52776 183.85 1.90735e-07
    endloop
  endfacet
  facet normal 0 0 -1
    outer loop
      vertex -18.5247 263.433 1.90735e-07
      vertex 10 288 1.90735e-07
      vertex -14.0087 232.87 1.90735e-07
    endloop
  endfacet
  facet normal 0 0 -1
    outer loop
      vertex -52.5278 183.85 1.90735e-07
      vertex 2.45928 183.718 1.90735e-07
      vertex -48 177 1.90735e-07
    endloop
  endfacet
  facet normal 0 0 -1
    outer loop
      vertex -18.5987 265.129 1.90735e-07
      vertex 10 288 1.90735e-07
      vertex -18.5247 264.566 1.90735e-07
    endloop
  endfacet
  facet normal 0 0 -1
    outer loop
      vertex -2 177 1.90735e-07
      vertex 2.45928 183.718 1.90735e-07
      vertex 2.40252 183.581 1.90735e-07
    endloop
  endfacet
  facet normal 0 0 -1
    outer loop
      vertex -18.7215 265.682 1.90735e-07
      vertex 10 288 1.90735e-07
      vertex -18.5987 265.129 1.90735e-07
    endloop
  endfacet
  facet normal 0 0 -1
    outer loop
      vertex -2 177 1.90735e-07
      vertex 2.40252 183.581 1.90735e-07
      vertex 2.35793 183.44 1.90735e-07
    endloop
  endfacet
  facet normal 0 0 -1
    outer loop
      vertex 2.52776 293.15 1.90735e-07
      vertex -2 300 1.90735e-07
      vertex 2.45928 293.282 1.90735e-07
    endloop
  endfacet
  facet normal 0 0 -1
    outer loop
      vertex -2 177 1.90735e-07
      vertex 2.35793 183.44 1.90735e-07
      vertex 2.32583 183.295 1.90735e-07
    endloop
  endfacet
  facet normal 0 0 -1
    outer loop
      vertex 2.45928 293.282 1.90735e-07
      vertex -2 300 1.90735e-07
      vertex 2.40252 293.419 1.90735e-07
    endloop
  endfacet
  facet normal 0 0 -1
    outer loop
      vertex -2 177 1.90735e-07
      vertex 2.32583 183.295 1.90735e-07
      vertex 2.30647 183.148 1.90735e-07
    endloop
  endfacet
  facet normal 0 0 -1
    outer loop
      vertex 2.40252 293.419 1.90735e-07
      vertex -2 300 1.90735e-07
      vertex 2.35793 293.56 1.90735e-07
    endloop
  endfacet
  facet normal 0 0 -1
    outer loop
      vertex -2 177 1.90735e-07
      vertex 2.30647 183.148 1.90735e-07
      vertex 2.3 183 1.90735e-07
    endloop
  endfacet
  facet normal 0 0 -1
    outer loop
      vertex 2.35793 293.56 1.90735e-07
      vertex -2 300 1.90735e-07
      vertex 2.32583 293.705 1.90735e-07
    endloop
  endfacet
  facet normal 0 0 -1
    outer loop
      vertex 5.54072 183.718 1.90735e-07
      vertex 8.87569 183.929 1.90735e-07
      vertex 5.59748 183.581 1.90735e-07
    endloop
  endfacet
  facet normal 0 0 -1
    outer loop
      vertex 5.47224 183.85 1.90735e-07
      vertex 8.87569 183.929 1.90735e-07
      vertex 5.54072 183.718 1.90735e-07
    endloop
  endfacet
  facet normal 0 0 -1
    outer loop
      vertex 8.3923 183 1.90735e-07
      vertex 5.59748 183.581 1.90735e-07
      vertex 8.87569 183.929 1.90735e-07
    endloop
  endfacet
  facet normal 0 0 -1
    outer loop
      vertex 5.39256 183.975 1.90735e-07
      vertex 8.87569 183.929 1.90735e-07
      vertex 5.47224 183.85 1.90735e-07
    endloop
  endfacet
  facet normal 0 0 -1
    outer loop
      vertex 5.59748 183.581 1.90735e-07
      vertex 8.3923 183 1.90735e-07
      vertex 5.64207 183.44 1.90735e-07
    endloop
  endfacet
  facet normal 0 0 -1
    outer loop
      vertex 10 288 1.90735e-07
      vertex 5.7 294 1.90735e-07
      vertex 9.95434 289.046 1.90735e-07
    endloop
  endfacet
  facet normal 0 0 -1
    outer loop
      vertex 5.64207 183.44 1.90735e-07
      vertex 8.3923 183 1.90735e-07
      vertex 5.67417 183.295 1.90735e-07
    endloop
  endfacet
  facet normal 0 0 -1
    outer loop
      vertex 9.95434 289.046 1.90735e-07
      vertex 5.7 294 1.90735e-07
      vertex 9.81769 290.084 1.90735e-07
    endloop
  endfacet
  facet normal 0 0 -1
    outer loop
      vertex 5.67417 183.295 1.90735e-07
      vertex 8.3923 183 1.90735e-07
      vertex 5.69353 183.148 1.90735e-07
    endloop
  endfacet
  facet normal 0 0 -1
    outer loop
      vertex 9.81769 290.084 1.90735e-07
      vertex 5.7 294 1.90735e-07
      vertex 9.59111 291.106 1.90735e-07
    endloop
  endfacet
  facet normal 0 0 -1
    outer loop
      vertex 7.82982 182.117 1.90735e-07
      vertex 5.69353 183.148 1.90735e-07
      vertex 8.3923 183 1.90735e-07
    endloop
  endfacet
  facet normal 0 0 -1
    outer loop
      vertex 9.59111 291.106 1.90735e-07
      vertex 5.7 294 1.90735e-07
      vertex 9.27631 292.104 1.90735e-07
    endloop
  endfacet
  facet normal 0 0 -1
    outer loop
      vertex 5.69353 183.148 1.90735e-07
      vertex 7.82982 182.117 1.90735e-07
      vertex 5.7 183 1.90735e-07
    endloop
  endfacet
  facet normal 0 0 -1
    outer loop
      vertex 9.27631 292.104 1.90735e-07
      vertex 5.7 294 1.90735e-07
      vertex 8.87569 293.071 1.90735e-07
    endloop
  endfacet
  facet normal 0 0 -1
    outer loop
      vertex 5.64207 182.56 1.90735e-07
      vertex 7.82982 182.117 1.90735e-07
      vertex 7.19253 181.287 1.90735e-07
    endloop
  endfacet
  facet normal 0 0 -1
    outer loop
      vertex 8.87569 293.071 1.90735e-07
      vertex 5.7 294 1.90735e-07
      vertex 8.3923 294 1.90735e-07
    endloop
  endfacet
  facet normal 0 0 -1
    outer loop
      vertex 5.39256 182.025 1.90735e-07
      vertex 7.19253 181.287 1.90735e-07
      vertex 6.48528 180.515 1.90735e-07
    endloop
  endfacet
  facet normal 0 0 -1
    outer loop
      vertex 8.3923 294 1.90735e-07
      vertex 5.7 294 1.90735e-07
      vertex 7.82982 294.883 1.90735e-07
    endloop
  endfacet
  facet normal 0 0 -1
    outer loop
      vertex 4.97508 181.607 1.90735e-07
      vertex 6.48528 180.515 1.90735e-07
      vertex 5.71345 179.807 1.90735e-07
    endloop
  endfacet
  facet normal 0 0 -1
    outer loop
      vertex 5.69353 294.148 1.90735e-07
      vertex 7.82982 294.883 1.90735e-07
      vertex 5.7 294 1.90735e-07
    endloop
  endfacet
  facet normal 0 0 -1
    outer loop
      vertex 5.67417 294.295 1.90735e-07
      vertex 7.82982 294.883 1.90735e-07
      vertex 5.69353 294.148 1.90735e-07
    endloop
  endfacet
  facet normal 0 0 -1
    outer loop
      vertex 7.82982 182.117 1.90735e-07
      vertex 5.69353 182.852 1.90735e-07
      vertex 5.7 183 1.90735e-07
    endloop
  endfacet
  facet normal 0 0 -1
    outer loop
      vertex 7.82982 182.117 1.90735e-07
      vertex 5.67417 182.705 1.90735e-07
      vertex 5.69353 182.852 1.90735e-07
    endloop
  endfacet
  facet normal 0 0 -1
    outer loop
      vertex 7.82982 182.117 1.90735e-07
      vertex 5.64207 182.56 1.90735e-07
      vertex 5.67417 182.705 1.90735e-07
    endloop
  endfacet
  facet normal 0 0 -1
    outer loop
      vertex 7.19253 181.287 1.90735e-07
      vertex 5.59748 182.419 1.90735e-07
      vertex 5.64207 182.56 1.90735e-07
    endloop
  endfacet
  facet normal 0 0 -1
    outer loop
      vertex 7.19253 181.287 1.90735e-07
      vertex 5.54072 182.282 1.90735e-07
      vertex 5.59748 182.419 1.90735e-07
    endloop
  endfacet
  facet normal 0 0 -1
    outer loop
      vertex 7.19253 181.287 1.90735e-07
      vertex 5.47224 182.15 1.90735e-07
      vertex 5.54072 182.282 1.90735e-07
    endloop
  endfacet
  facet normal 0 0 -1
    outer loop
      vertex 7.19253 181.287 1.90735e-07
      vertex 5.39256 182.025 1.90735e-07
      vertex 5.47224 182.15 1.90735e-07
    endloop
  endfacet
  facet normal 0 0 -1
    outer loop
      vertex 6.48528 180.515 1.90735e-07
      vertex 5.30227 181.907 1.90735e-07
      vertex 5.39256 182.025 1.90735e-07
    endloop
  endfacet
  facet normal 0 0 -1
    outer loop
      vertex 6.48528 180.515 1.90735e-07
      vertex 5.20208 181.798 1.90735e-07
      vertex 5.30227 181.907 1.90735e-07
    endloop
  endfacet
  facet normal 0 0 -1
    outer loop
      vertex 6.48528 180.515 1.90735e-07
      vertex 5.09274 181.698 1.90735e-07
      vertex 5.20208 181.798 1.90735e-07
    endloop
  endfacet
  facet normal 0 0 -1
    outer loop
      vertex 6.48528 180.515 1.90735e-07
      vertex 4.97508 181.607 1.90735e-07
      vertex 5.09274 181.698 1.90735e-07
    endloop
  endfacet
  facet normal 0 0 -1
    outer loop
      vertex 4.43999 181.358 1.90735e-07
      vertex 5.71345 179.807 1.90735e-07
      vertex 4.88292 179.17 1.90735e-07
    endloop
  endfacet
  facet normal 0 0 -1
    outer loop
      vertex 5.71345 179.807 1.90735e-07
      vertex 4.85 181.528 1.90735e-07
      vertex 4.97508 181.607 1.90735e-07
    endloop
  endfacet
  facet normal 0 0 -1
    outer loop
      vertex 5.71345 179.807 1.90735e-07
      vertex 4.71845 181.459 1.90735e-07
      vertex 4.85 181.528 1.90735e-07
    endloop
  endfacet
  facet normal 0 0 -1
    outer loop
      vertex 5.71345 179.807 1.90735e-07
      vertex 4.58143 181.403 1.90735e-07
      vertex 4.71845 181.459 1.90735e-07
    endloop
  endfacet
  facet normal 0 0 -1
    outer loop
      vertex 5.71345 179.807 1.90735e-07
      vertex 4.43999 181.358 1.90735e-07
      vertex 4.58143 181.403 1.90735e-07
    endloop
  endfacet
  facet normal 0 0 -1
    outer loop
      vertex 4.88292 179.17 1.90735e-07
      vertex 4.2952 181.326 1.90735e-07
      vertex 4.43999 181.358 1.90735e-07
    endloop
  endfacet
  facet normal 0 0 -1
    outer loop
      vertex 4.88292 179.17 1.90735e-07
      vertex 4.14816 181.306 1.90735e-07
      vertex 4.2952 181.326 1.90735e-07
    endloop
  endfacet
  facet normal 0 0 -1
    outer loop
      vertex 3.85183 181.306 1.90735e-07
      vertex 4.88292 179.17 1.90735e-07
      vertex 4 178.608 1.90735e-07
    endloop
  endfacet
  facet normal 0 0 -1
    outer loop
      vertex 4.88292 179.17 1.90735e-07
      vertex 4 181.3 1.90735e-07
      vertex 4.14816 181.306 1.90735e-07
    endloop
  endfacet
  facet normal 0 0 -1
    outer loop
      vertex 4.88292 179.17 1.90735e-07
      vertex 3.85183 181.306 1.90735e-07
      vertex 4 181.3 1.90735e-07
    endloop
  endfacet
  facet normal 0 0 -1
    outer loop
      vertex 4 178.608 1.90735e-07
      vertex 3.7048 181.326 1.90735e-07
      vertex 3.85183 181.306 1.90735e-07
    endloop
  endfacet
  facet normal 0 0 -1
    outer loop
      vertex 4 178.608 1.90735e-07
      vertex 3.56001 181.358 1.90735e-07
      vertex 3.7048 181.326 1.90735e-07
    endloop
  endfacet
  facet normal 0 0 -1
    outer loop
      vertex 4 178.608 1.90735e-07
      vertex 3.41857 181.403 1.90735e-07
      vertex 3.56001 181.358 1.90735e-07
    endloop
  endfacet
  facet normal 0 0 -1
    outer loop
      vertex 3.07142 178.124 1.90735e-07
      vertex 3.41857 181.403 1.90735e-07
      vertex 4 178.608 1.90735e-07
    endloop
  endfacet
  facet normal -0 0 -1
    outer loop
      vertex 3.41857 181.403 1.90735e-07
      vertex 3.07142 178.124 1.90735e-07
      vertex 3.28155 181.459 1.90735e-07
    endloop
  endfacet
  facet normal -0 0 -1
    outer loop
      vertex 3.28155 181.459 1.90735e-07
      vertex 3.07142 178.124 1.90735e-07
      vertex 3.15 181.528 1.90735e-07
    endloop
  endfacet
  facet normal 0 0 -1
    outer loop
      vertex 3.07142 178.124 1.90735e-07
      vertex 3.02492 181.607 1.90735e-07
      vertex 3.15 181.528 1.90735e-07
    endloop
  endfacet
  facet normal 0 0 -1
    outer loop
      vertex 2.10424 177.724 1.90735e-07
      vertex 3.02492 181.607 1.90735e-07
      vertex 3.07142 178.124 1.90735e-07
    endloop
  endfacet
  facet normal -0 0 -1
    outer loop
      vertex 3.02492 181.607 1.90735e-07
      vertex 2.10424 177.724 1.90735e-07
      vertex 2.90726 181.698 1.90735e-07
    endloop
  endfacet
  facet normal -0 0 -1
    outer loop
      vertex 2.90726 181.698 1.90735e-07
      vertex 2.10424 177.724 1.90735e-07
      vertex 2.79792 181.798 1.90735e-07
    endloop
  endfacet
  facet normal 0 0 -1
    outer loop
      vertex 1.10583 177.409 1.90735e-07
      vertex 2.79792 181.798 1.90735e-07
      vertex 2.10424 177.724 1.90735e-07
    endloop
  endfacet
  facet normal -0 0 -1
    outer loop
      vertex 2.79792 181.798 1.90735e-07
      vertex 1.10583 177.409 1.90735e-07
      vertex 2.69772 181.907 1.90735e-07
    endloop
  endfacet
  facet normal -0 0 -1
    outer loop
      vertex 2.69772 181.907 1.90735e-07
      vertex 1.10583 177.409 1.90735e-07
      vertex 2.60744 182.025 1.90735e-07
    endloop
  endfacet
  facet normal 0 0 -1
    outer loop
      vertex 0.0837774 177.182 1.90735e-07
      vertex 2.60744 182.025 1.90735e-07
      vertex 1.10583 177.409 1.90735e-07
    endloop
  endfacet
  facet normal -0 0 -1
    outer loop
      vertex 2.60744 182.025 1.90735e-07
      vertex 0.0837774 177.182 1.90735e-07
      vertex 2.52776 182.15 1.90735e-07
    endloop
  endfacet
  facet normal -0 0 -1
    outer loop
      vertex 2.52776 182.15 1.90735e-07
      vertex 0.0837774 177.182 1.90735e-07
      vertex 2.45928 182.282 1.90735e-07
    endloop
  endfacet
  facet normal 0 0 -1
    outer loop
      vertex -2 177 1.90735e-07
      vertex 2.35793 182.56 1.90735e-07
      vertex -0.95413 177.046 1.90735e-07
    endloop
  endfacet
  facet normal -0 0 -1
    outer loop
      vertex 2.40252 182.419 1.90735e-07
      vertex -0.95413 177.046 1.90735e-07
      vertex 2.35793 182.56 1.90735e-07
    endloop
  endfacet
  facet normal -0 0 -1
    outer loop
      vertex 2.45928 182.282 1.90735e-07
      vertex -0.95413 177.046 1.90735e-07
      vertex 2.40252 182.419 1.90735e-07
    endloop
  endfacet
  facet normal 0 0 -1
    outer loop
      vertex -0.95413 177.046 1.90735e-07
      vertex 2.45928 182.282 1.90735e-07
      vertex 0.0837774 177.182 1.90735e-07
    endloop
  endfacet
  facet normal 0 0 -1
    outer loop
      vertex 5.64207 294.44 1.90735e-07
      vertex 7.82982 294.883 1.90735e-07
      vertex 5.67417 294.295 1.90735e-07
    endloop
  endfacet
  facet normal -0 0 -1
    outer loop
      vertex 7.82982 294.883 1.90735e-07
      vertex 5.64207 294.44 1.90735e-07
      vertex 7.19253 295.713 1.90735e-07
    endloop
  endfacet
  facet normal 0 0 -1
    outer loop
      vertex 5.59748 294.581 1.90735e-07
      vertex 7.19253 295.713 1.90735e-07
      vertex 5.64207 294.44 1.90735e-07
    endloop
  endfacet
  facet normal 0 0 -1
    outer loop
      vertex 5.54072 294.718 1.90735e-07
      vertex 7.19253 295.713 1.90735e-07
      vertex 5.59748 294.581 1.90735e-07
    endloop
  endfacet
  facet normal 0 0 -1
    outer loop
      vertex 5.47224 294.85 1.90735e-07
      vertex 7.19253 295.713 1.90735e-07
      vertex 5.54072 294.718 1.90735e-07
    endloop
  endfacet
  facet normal 0 0 -1
    outer loop
      vertex 5.39256 294.975 1.90735e-07
      vertex 7.19253 295.713 1.90735e-07
      vertex 5.47224 294.85 1.90735e-07
    endloop
  endfacet
  facet normal -0 0 -1
    outer loop
      vertex 7.19253 295.713 1.90735e-07
      vertex 5.39256 294.975 1.90735e-07
      vertex 6.48528 296.485 1.90735e-07
    endloop
  endfacet
  facet normal 0 0 -1
    outer loop
      vertex 5.30227 295.093 1.90735e-07
      vertex 6.48528 296.485 1.90735e-07
      vertex 5.39256 294.975 1.90735e-07
    endloop
  endfacet
  facet normal 0 0 -1
    outer loop
      vertex 5.20208 295.202 1.90735e-07
      vertex 6.48528 296.485 1.90735e-07
      vertex 5.30227 295.093 1.90735e-07
    endloop
  endfacet
  facet normal 0 0 -1
    outer loop
      vertex 5.09274 295.302 1.90735e-07
      vertex 6.48528 296.485 1.90735e-07
      vertex 5.20208 295.202 1.90735e-07
    endloop
  endfacet
  facet normal 0 0 -1
    outer loop
      vertex 4.97508 295.393 1.90735e-07
      vertex 6.48528 296.485 1.90735e-07
      vertex 5.09274 295.302 1.90735e-07
    endloop
  endfacet
  facet normal -0 0 -1
    outer loop
      vertex 6.48528 296.485 1.90735e-07
      vertex 4.97508 295.393 1.90735e-07
      vertex 5.71345 297.193 1.90735e-07
    endloop
  endfacet
  facet normal 0 0 -1
    outer loop
      vertex 4.85 295.472 1.90735e-07
      vertex 5.71345 297.193 1.90735e-07
      vertex 4.97508 295.393 1.90735e-07
    endloop
  endfacet
  facet normal 0 0 -1
    outer loop
      vertex 4.71845 295.541 1.90735e-07
      vertex 5.71345 297.193 1.90735e-07
      vertex 4.85 295.472 1.90735e-07
    endloop
  endfacet
  facet normal 0 0 -1
    outer loop
      vertex 4.58143 295.597 1.90735e-07
      vertex 5.71345 297.193 1.90735e-07
      vertex 4.71845 295.541 1.90735e-07
    endloop
  endfacet
  facet normal 0 0 -1
    outer loop
      vertex 4.43999 295.642 1.90735e-07
      vertex 5.71345 297.193 1.90735e-07
      vertex 4.58143 295.597 1.90735e-07
    endloop
  endfacet
  facet normal -0 0 -1
    outer loop
      vertex 5.71345 297.193 1.90735e-07
      vertex 4.43999 295.642 1.90735e-07
      vertex 4.88292 297.83 1.90735e-07
    endloop
  endfacet
  facet normal 0 0 -1
    outer loop
      vertex 4.2952 295.674 1.90735e-07
      vertex 4.88292 297.83 1.90735e-07
      vertex 4.43999 295.642 1.90735e-07
    endloop
  endfacet
  facet normal 0 0 -1
    outer loop
      vertex 4.14816 295.694 1.90735e-07
      vertex 4.88292 297.83 1.90735e-07
      vertex 4.2952 295.674 1.90735e-07
    endloop
  endfacet
  facet normal 0 0 -1
    outer loop
      vertex 4 295.7 1.90735e-07
      vertex 4.88292 297.83 1.90735e-07
      vertex 4.14816 295.694 1.90735e-07
    endloop
  endfacet
  facet normal 0 0 -1
    outer loop
      vertex 3.85183 295.694 1.90735e-07
      vertex 4.88292 297.83 1.90735e-07
      vertex 4 295.7 1.90735e-07
    endloop
  endfacet
  facet normal -0 0 -1
    outer loop
      vertex 4.88292 297.83 1.90735e-07
      vertex 3.85183 295.694 1.90735e-07
      vertex 4 298.392 1.90735e-07
    endloop
  endfacet
  facet normal 0 0 -1
    outer loop
      vertex 3.7048 295.674 1.90735e-07
      vertex 4 298.392 1.90735e-07
      vertex 3.85183 295.694 1.90735e-07
    endloop
  endfacet
  facet normal 0 0 -1
    outer loop
      vertex 3.56001 295.642 1.90735e-07
      vertex 4 298.392 1.90735e-07
      vertex 3.7048 295.674 1.90735e-07
    endloop
  endfacet
  facet normal 0 0 -1
    outer loop
      vertex 3.41857 295.597 1.90735e-07
      vertex 4 298.392 1.90735e-07
      vertex 3.56001 295.642 1.90735e-07
    endloop
  endfacet
  facet normal 0 0 -1
    outer loop
      vertex 3.07142 298.876 1.90735e-07
      vertex 3.41857 295.597 1.90735e-07
      vertex 3.28155 295.541 1.90735e-07
    endloop
  endfacet
  facet normal 0 0 -1
    outer loop
      vertex 3.07142 298.876 1.90735e-07
      vertex 3.28155 295.541 1.90735e-07
      vertex 3.15 295.472 1.90735e-07
    endloop
  endfacet
  facet normal 0 0 -1
    outer loop
      vertex 3.41857 295.597 1.90735e-07
      vertex 3.07142 298.876 1.90735e-07
      vertex 4 298.392 1.90735e-07
    endloop
  endfacet
  facet normal 0 0 -1
    outer loop
      vertex 3.02492 295.393 1.90735e-07
      vertex 3.07142 298.876 1.90735e-07
      vertex 3.15 295.472 1.90735e-07
    endloop
  endfacet
  facet normal 0 0 -1
    outer loop
      vertex 2.10424 299.276 1.90735e-07
      vertex 3.02492 295.393 1.90735e-07
      vertex 2.90726 295.302 1.90735e-07
    endloop
  endfacet
  facet normal 0 0 -1
    outer loop
      vertex 2.10424 299.276 1.90735e-07
      vertex 2.90726 295.302 1.90735e-07
      vertex 2.79792 295.202 1.90735e-07
    endloop
  endfacet
  facet normal 0 0 -1
    outer loop
      vertex 1.10583 299.591 1.90735e-07
      vertex 2.79792 295.202 1.90735e-07
      vertex 2.69772 295.093 1.90735e-07
    endloop
  endfacet
  facet normal 0 0 -1
    outer loop
      vertex 1.10583 299.591 1.90735e-07
      vertex 2.69772 295.093 1.90735e-07
      vertex 2.60744 294.975 1.90735e-07
    endloop
  endfacet
  facet normal 0 0 -1
    outer loop
      vertex 0.0837774 299.818 1.90735e-07
      vertex 2.60744 294.975 1.90735e-07
      vertex 2.52776 294.85 1.90735e-07
    endloop
  endfacet
  facet normal 0 0 -1
    outer loop
      vertex 0.0837774 299.818 1.90735e-07
      vertex 2.52776 294.85 1.90735e-07
      vertex 2.45928 294.718 1.90735e-07
    endloop
  endfacet
  facet normal 0 0 -1
    outer loop
      vertex -0.95413 299.954 1.90735e-07
      vertex 2.45928 294.718 1.90735e-07
      vertex 2.40252 294.581 1.90735e-07
    endloop
  endfacet
  facet normal 0 0 -1
    outer loop
      vertex -0.95413 299.954 1.90735e-07
      vertex 2.40252 294.581 1.90735e-07
      vertex 2.35793 294.44 1.90735e-07
    endloop
  endfacet
  facet normal 0 0 -1
    outer loop
      vertex -2 300 1.90735e-07
      vertex 2.35793 294.44 1.90735e-07
      vertex 2.32583 294.295 1.90735e-07
    endloop
  endfacet
  facet normal 0 0 -1
    outer loop
      vertex 3.02492 295.393 1.90735e-07
      vertex 2.10424 299.276 1.90735e-07
      vertex 3.07142 298.876 1.90735e-07
    endloop
  endfacet
  facet normal 0 0 -1
    outer loop
      vertex -2 300 1.90735e-07
      vertex 2.32583 294.295 1.90735e-07
      vertex 2.30647 294.148 1.90735e-07
    endloop
  endfacet
  facet normal 0 0 -1
    outer loop
      vertex -2 300 1.90735e-07
      vertex 2.30647 294.148 1.90735e-07
      vertex 2.3 294 1.90735e-07
    endloop
  endfacet
  facet normal 0 0 -1
    outer loop
      vertex 2.32583 293.705 1.90735e-07
      vertex -2 300 1.90735e-07
      vertex 2.30647 293.852 1.90735e-07
    endloop
  endfacet
  facet normal -0 0 -1
    outer loop
      vertex 2.35793 182.56 1.90735e-07
      vertex -2 177 1.90735e-07
      vertex 2.32583 182.705 1.90735e-07
    endloop
  endfacet
  facet normal 0 0 -1
    outer loop
      vertex 2.30647 293.852 1.90735e-07
      vertex -2 300 1.90735e-07
      vertex 2.3 294 1.90735e-07
    endloop
  endfacet
  facet normal -0 0 -1
    outer loop
      vertex 2.32583 182.705 1.90735e-07
      vertex -2 177 1.90735e-07
      vertex 2.30647 182.852 1.90735e-07
    endloop
  endfacet
  facet normal 0 0 -1
    outer loop
      vertex 2.35793 294.44 1.90735e-07
      vertex -2 300 1.90735e-07
      vertex -0.95413 299.954 1.90735e-07
    endloop
  endfacet
  facet normal -0 0 -1
    outer loop
      vertex 2.30647 182.852 1.90735e-07
      vertex -2 177 1.90735e-07
      vertex 2.3 183 1.90735e-07
    endloop
  endfacet
  facet normal 0 0 -1
    outer loop
      vertex 2.79792 295.202 1.90735e-07
      vertex 1.10583 299.591 1.90735e-07
      vertex 2.10424 299.276 1.90735e-07
    endloop
  endfacet
  facet normal 0 0 -1
    outer loop
      vertex 2.45928 183.718 1.90735e-07
      vertex -2 177 1.90735e-07
      vertex -48 177 1.90735e-07
    endloop
  endfacet
  facet normal 0 0 -1
    outer loop
      vertex 2.60744 294.975 1.90735e-07
      vertex 0.0837774 299.818 1.90735e-07
      vertex 1.10583 299.591 1.90735e-07
    endloop
  endfacet
  facet normal 0 0 -1
    outer loop
      vertex 2.45928 294.718 1.90735e-07
      vertex -0.95413 299.954 1.90735e-07
      vertex 0.0837774 299.818 1.90735e-07
    endloop
  endfacet
  facet normal 0 0 -1
    outer loop
      vertex 10 189 1.90735e-07
      vertex -13.6638 231.314 1.90735e-07
      vertex -13.6537 231.545 1.90735e-07
    endloop
  endfacet
  facet normal 0 0 -1
    outer loop
      vertex 10 189 1.90735e-07
      vertex -13.6939 231.085 1.90735e-07
      vertex -13.6638 231.314 1.90735e-07
    endloop
  endfacet
  facet normal 0 0 -1
    outer loop
      vertex 10 189 1.90735e-07
      vertex -13.744 230.859 1.90735e-07
      vertex -13.6939 231.085 1.90735e-07
    endloop
  endfacet
  facet normal 0 0 -1
    outer loop
      vertex 10 189 1.90735e-07
      vertex -13.8135 230.639 1.90735e-07
      vertex -13.744 230.859 1.90735e-07
    endloop
  endfacet
  facet normal 0 0 -1
    outer loop
      vertex 10 189 1.90735e-07
      vertex -13.902 230.425 1.90735e-07
      vertex -13.8135 230.639 1.90735e-07
    endloop
  endfacet
  facet normal 0 0 -1
    outer loop
      vertex 10 189 1.90735e-07
      vertex -14.0087 230.22 1.90735e-07
      vertex -13.902 230.425 1.90735e-07
    endloop
  endfacet
  facet normal 0 0 -1
    outer loop
      vertex 10 189 1.90735e-07
      vertex -14.1329 230.025 1.90735e-07
      vertex -14.0087 230.22 1.90735e-07
    endloop
  endfacet
  facet normal 0 0 -1
    outer loop
      vertex 10 189 1.90735e-07
      vertex -14.2737 229.842 1.90735e-07
      vertex -14.1329 230.025 1.90735e-07
    endloop
  endfacet
  facet normal 0 0 -1
    outer loop
      vertex 10 189 1.90735e-07
      vertex -14.4298 229.671 1.90735e-07
      vertex -14.2737 229.842 1.90735e-07
    endloop
  endfacet
  facet normal 0 0 -1
    outer loop
      vertex 10 189 1.90735e-07
      vertex -14.6003 229.515 1.90735e-07
      vertex -14.4298 229.671 1.90735e-07
    endloop
  endfacet
  facet normal 0 0 -1
    outer loop
      vertex 10 189 1.90735e-07
      vertex -14.7837 229.374 1.90735e-07
      vertex -14.6003 229.515 1.90735e-07
    endloop
  endfacet
  facet normal 0 0 -1
    outer loop
      vertex 10 189 1.90735e-07
      vertex -14.9787 229.25 1.90735e-07
      vertex -14.7837 229.374 1.90735e-07
    endloop
  endfacet
  facet normal 0 0 -1
    outer loop
      vertex 10 189 1.90735e-07
      vertex -15.1837 229.143 1.90735e-07
      vertex -14.9787 229.25 1.90735e-07
    endloop
  endfacet
  facet normal 0 0 -1
    outer loop
      vertex 10 189 1.90735e-07
      vertex -15.3973 229.055 1.90735e-07
      vertex -15.1837 229.143 1.90735e-07
    endloop
  endfacet
  facet normal 0 0 -1
    outer loop
      vertex 3.15 184.472 1.90735e-07
      vertex -15.6178 228.985 1.90735e-07
      vertex -15.3973 229.055 1.90735e-07
    endloop
  endfacet
  facet normal 0 0 -1
    outer loop
      vertex 3.02492 184.393 1.90735e-07
      vertex -15.8435 228.935 1.90735e-07
      vertex -15.6178 228.985 1.90735e-07
    endloop
  endfacet
  facet normal 0 0 -1
    outer loop
      vertex 2.90726 184.302 1.90735e-07
      vertex -16.0727 228.905 1.90735e-07
      vertex -15.8435 228.935 1.90735e-07
    endloop
  endfacet
  facet normal 0 0 -1
    outer loop
      vertex 2.79792 184.202 1.90735e-07
      vertex -16.3037 228.895 1.90735e-07
      vertex -16.0727 228.905 1.90735e-07
    endloop
  endfacet
  facet normal 0 0 -1
    outer loop
      vertex 2.69772 184.093 1.90735e-07
      vertex -16.5346 228.905 1.90735e-07
      vertex -16.3037 228.895 1.90735e-07
    endloop
  endfacet
  facet normal 0 0 -1
    outer loop
      vertex 2.60744 183.975 1.90735e-07
      vertex -16.7638 228.935 1.90735e-07
      vertex -16.5346 228.905 1.90735e-07
    endloop
  endfacet
  facet normal 0 0 -1
    outer loop
      vertex 2.52776 183.85 1.90735e-07
      vertex -16.9895 228.985 1.90735e-07
      vertex -16.7638 228.935 1.90735e-07
    endloop
  endfacet
  facet normal 0 0 -1
    outer loop
      vertex 2.45928 183.718 1.90735e-07
      vertex -52.5278 183.85 1.90735e-07
      vertex 2.52776 183.85 1.90735e-07
    endloop
  endfacet
  facet normal 0 0 -1
    outer loop
      vertex 2.52776 183.85 1.90735e-07
      vertex -52.5278 183.85 1.90735e-07
      vertex -16.9895 228.985 1.90735e-07
    endloop
  endfacet
  facet normal -0 0 -1
    outer loop
      vertex -16.9895 228.985 1.90735e-07
      vertex -52.5278 183.85 1.90735e-07
      vertex -17.21 229.055 1.90735e-07
    endloop
  endfacet
  facet normal 0 0 -1
    outer loop
      vertex -52.6074 183.975 1.90735e-07
      vertex -17.21 229.055 1.90735e-07
      vertex -52.5278 183.85 1.90735e-07
    endloop
  endfacet
  facet normal -0 0 -1
    outer loop
      vertex -17.21 229.055 1.90735e-07
      vertex -52.6074 183.975 1.90735e-07
      vertex -17.4236 229.143 1.90735e-07
    endloop
  endfacet
  facet normal 0 0 -1
    outer loop
      vertex -52.6977 184.093 1.90735e-07
      vertex -17.4236 229.143 1.90735e-07
      vertex -52.6074 183.975 1.90735e-07
    endloop
  endfacet
  facet normal -0 0 -1
    outer loop
      vertex -17.4236 229.143 1.90735e-07
      vertex -52.6977 184.093 1.90735e-07
      vertex -17.6287 229.25 1.90735e-07
    endloop
  endfacet
  facet normal 0 0 -1
    outer loop
      vertex -52.7979 184.202 1.90735e-07
      vertex -17.6287 229.25 1.90735e-07
      vertex -52.6977 184.093 1.90735e-07
    endloop
  endfacet
  facet normal -0 0 -1
    outer loop
      vertex -17.6287 229.25 1.90735e-07
      vertex -52.7979 184.202 1.90735e-07
      vertex -17.8237 229.374 1.90735e-07
    endloop
  endfacet
  facet normal 0 0 -1
    outer loop
      vertex -52.9073 184.302 1.90735e-07
      vertex -17.8237 229.374 1.90735e-07
      vertex -52.7979 184.202 1.90735e-07
    endloop
  endfacet
  facet normal -0 0 -1
    outer loop
      vertex -17.8237 229.374 1.90735e-07
      vertex -52.9073 184.302 1.90735e-07
      vertex -18.0071 229.515 1.90735e-07
    endloop
  endfacet
  facet normal 0 0 -1
    outer loop
      vertex -53.0249 184.393 1.90735e-07
      vertex -18.0071 229.515 1.90735e-07
      vertex -52.9073 184.302 1.90735e-07
    endloop
  endfacet
  facet normal 0 0 -1
    outer loop
      vertex -18.3337 233.248 1.90735e-07
      vertex -19.3708 260.75 1.90735e-07
      vertex -19.109 261.253 1.90735e-07
    endloop
  endfacet
  facet normal 0 0 -1
    outer loop
      vertex -18.3337 233.248 1.90735e-07
      vertex -19.6755 260.272 1.90735e-07
      vertex -19.3708 260.75 1.90735e-07
    endloop
  endfacet
  facet normal 0 0 -1
    outer loop
      vertex -18.3337 233.248 1.90735e-07
      vertex -20.0207 259.822 1.90735e-07
      vertex -19.6755 260.272 1.90735e-07
    endloop
  endfacet
  facet normal 0 0 -1
    outer loop
      vertex -18.3337 233.248 1.90735e-07
      vertex -20.4038 259.404 1.90735e-07
      vertex -20.0207 259.822 1.90735e-07
    endloop
  endfacet
  facet normal 0 0 -1
    outer loop
      vertex -29.9793 259.822 1.90735e-07
      vertex -18.9537 231.545 1.90735e-07
      vertex -18.9436 231.314 1.90735e-07
    endloop
  endfacet
  facet normal 0 0 -1
    outer loop
      vertex -18.3337 233.248 1.90735e-07
      vertex -20.8219 259.021 1.90735e-07
      vertex -20.4038 259.404 1.90735e-07
    endloop
  endfacet
  facet normal 0 0 -1
    outer loop
      vertex -18.3337 233.248 1.90735e-07
      vertex -21.2718 258.676 1.90735e-07
      vertex -20.8219 259.021 1.90735e-07
    endloop
  endfacet
  facet normal 0 0 -1
    outer loop
      vertex -18.3337 233.248 1.90735e-07
      vertex -21.75 258.371 1.90735e-07
      vertex -21.2718 258.676 1.90735e-07
    endloop
  endfacet
  facet normal 0 0 -1
    outer loop
      vertex -18.3337 233.248 1.90735e-07
      vertex -22.253 258.109 1.90735e-07
      vertex -21.75 258.371 1.90735e-07
    endloop
  endfacet
  facet normal 0 0 -1
    outer loop
      vertex -18.3337 233.248 1.90735e-07
      vertex -22.7769 257.892 1.90735e-07
      vertex -22.253 258.109 1.90735e-07
    endloop
  endfacet
  facet normal -0 0 -1
    outer loop
      vertex -18.1775 229.671 1.90735e-07
      vertex -53.15 184.472 1.90735e-07
      vertex -18.3337 229.842 1.90735e-07
    endloop
  endfacet
  facet normal 0 0 -1
    outer loop
      vertex -18.3337 233.248 1.90735e-07
      vertex -23.3177 257.721 1.90735e-07
      vertex -22.7769 257.892 1.90735e-07
    endloop
  endfacet
  facet normal 0 0 -1
    outer loop
      vertex -18.3337 233.248 1.90735e-07
      vertex -23.8713 257.599 1.90735e-07
      vertex -23.3177 257.721 1.90735e-07
    endloop
  endfacet
  facet normal 0 0 -1
    outer loop
      vertex -18.3337 233.248 1.90735e-07
      vertex -24.4335 257.525 1.90735e-07
      vertex -23.8713 257.599 1.90735e-07
    endloop
  endfacet
  facet normal 0 0 -1
    outer loop
      vertex -18.3337 233.248 1.90735e-07
      vertex -25 257.5 1.90735e-07
      vertex -24.4335 257.525 1.90735e-07
    endloop
  endfacet
  facet normal 0 0 -1
    outer loop
      vertex -53.15 184.472 1.90735e-07
      vertex -18.1775 229.671 1.90735e-07
      vertex -53.0249 184.393 1.90735e-07
    endloop
  endfacet
  facet normal 0 0 -1
    outer loop
      vertex -18.3337 233.248 1.90735e-07
      vertex -25.5665 257.525 1.90735e-07
      vertex -25 257.5 1.90735e-07
    endloop
  endfacet
  facet normal 0 0 -1
    outer loop
      vertex -18.3337 233.248 1.90735e-07
      vertex -26.1287 257.599 1.90735e-07
      vertex -25.5665 257.525 1.90735e-07
    endloop
  endfacet
  facet normal 0 0 -1
    outer loop
      vertex -18.3337 233.248 1.90735e-07
      vertex -26.6823 257.721 1.90735e-07
      vertex -26.1287 257.599 1.90735e-07
    endloop
  endfacet
  facet normal 0 0 -1
    outer loop
      vertex -18.4744 233.065 1.90735e-07
      vertex -27.2231 257.892 1.90735e-07
      vertex -26.6823 257.721 1.90735e-07
    endloop
  endfacet
  facet normal 0 0 -1
    outer loop
      vertex -18.5986 232.87 1.90735e-07
      vertex -27.747 258.109 1.90735e-07
      vertex -27.2231 257.892 1.90735e-07
    endloop
  endfacet
  facet normal -0 0 -1
    outer loop
      vertex -18.0071 229.515 1.90735e-07
      vertex -53.0249 184.393 1.90735e-07
      vertex -18.1775 229.671 1.90735e-07
    endloop
  endfacet
  facet normal 0 0 -1
    outer loop
      vertex -53.2815 184.541 1.90735e-07
      vertex -18.3337 229.842 1.90735e-07
      vertex -53.15 184.472 1.90735e-07
    endloop
  endfacet
  facet normal 0 0 -1
    outer loop
      vertex -18.7939 232.451 1.90735e-07
      vertex -28.25 258.371 1.90735e-07
      vertex -27.747 258.109 1.90735e-07
    endloop
  endfacet
  facet normal 0 0 -1
    outer loop
      vertex -18.8634 232.231 1.90735e-07
      vertex -28.7282 258.676 1.90735e-07
      vertex -28.25 258.371 1.90735e-07
    endloop
  endfacet
  facet normal 0 0 -1
    outer loop
      vertex -18.9134 232.005 1.90735e-07
      vertex -29.1781 259.021 1.90735e-07
      vertex -28.7282 258.676 1.90735e-07
    endloop
  endfacet
  facet normal 0 0 -1
    outer loop
      vertex -18.9436 231.776 1.90735e-07
      vertex -29.5962 259.404 1.90735e-07
      vertex -29.1781 259.021 1.90735e-07
    endloop
  endfacet
  facet normal 0 0 -1
    outer loop
      vertex -18.9537 231.545 1.90735e-07
      vertex -29.9793 259.822 1.90735e-07
      vertex -29.5962 259.404 1.90735e-07
    endloop
  endfacet
  facet normal -0 0 -1
    outer loop
      vertex -18.3337 229.842 1.90735e-07
      vertex -53.2815 184.541 1.90735e-07
      vertex -18.4744 230.025 1.90735e-07
    endloop
  endfacet
  facet normal 0 0 -1
    outer loop
      vertex -53.4186 184.597 1.90735e-07
      vertex -18.4744 230.025 1.90735e-07
      vertex -53.2815 184.541 1.90735e-07
    endloop
  endfacet
  facet normal -0 0 -1
    outer loop
      vertex -18.4744 230.025 1.90735e-07
      vertex -53.4186 184.597 1.90735e-07
      vertex -18.5986 230.22 1.90735e-07
    endloop
  endfacet
  facet normal 0 0 -1
    outer loop
      vertex -53.8518 184.694 1.90735e-07
      vertex -18.7939 230.639 1.90735e-07
      vertex -53.7048 184.674 1.90735e-07
    endloop
  endfacet
  facet normal -0 0 -1
    outer loop
      vertex -18.7054 230.425 1.90735e-07
      vertex -53.7048 184.674 1.90735e-07
      vertex -18.7939 230.639 1.90735e-07
    endloop
  endfacet
  facet normal 0 0 -1
    outer loop
      vertex -53.7048 184.674 1.90735e-07
      vertex -18.7054 230.425 1.90735e-07
      vertex -53.56 184.642 1.90735e-07
    endloop
  endfacet
  facet normal -0 0 -1
    outer loop
      vertex -18.5986 230.22 1.90735e-07
      vertex -53.56 184.642 1.90735e-07
      vertex -18.7054 230.425 1.90735e-07
    endloop
  endfacet
  facet normal 0 0 -1
    outer loop
      vertex -53.56 184.642 1.90735e-07
      vertex -18.5986 230.22 1.90735e-07
      vertex -53.4186 184.597 1.90735e-07
    endloop
  endfacet
  facet normal 0.887096 0.461586 0
    outer loop
      vertex 8.87569 293.071 3.2
      vertex 8.3923 294 1.90735e-07
      vertex 8.3923 294 3.2
    endloop
  endfacet
  facet normal 0.887096 0.461586 0
    outer loop
      vertex 8.3923 294 1.90735e-07
      vertex 8.87569 293.071 3.2
      vertex 8.87569 293.071 1.90735e-07
    endloop
  endfacet
  facet normal 0.843414 0.537264 0
    outer loop
      vertex 8.3923 294 3.2
      vertex 7.82982 294.883 1.90735e-07
      vertex 7.82982 294.883 3.2
    endloop
  endfacet
  facet normal 0.843414 0.537264 0
    outer loop
      vertex 7.82982 294.883 1.90735e-07
      vertex 8.3923 294 3.2
      vertex 8.3923 294 1.90735e-07
    endloop
  endfacet
  facet normal 0.976294 0.216447 0
    outer loop
      vertex 9.81769 290.084 3.2
      vertex 9.59111 291.106 1.90735e-07
      vertex 9.59111 291.106 3.2
    endloop
  endfacet
  facet normal 0.976294 0.216447 0
    outer loop
      vertex 9.59111 291.106 1.90735e-07
      vertex 9.81769 290.084 3.2
      vertex 9.81769 290.084 1.90735e-07
    endloop
  endfacet
  facet normal 0.953681 0.30082 0
    outer loop
      vertex 9.59111 291.106 3.2
      vertex 9.27631 292.104 1.90735e-07
      vertex 9.27631 292.104 3.2
    endloop
  endfacet
  facet normal 0.953681 0.30082 0
    outer loop
      vertex 9.27631 292.104 1.90735e-07
      vertex 9.59111 291.106 3.2
      vertex 9.59111 291.106 1.90735e-07
    endloop
  endfacet
  facet normal 0.991446 0.130521 0
    outer loop
      vertex 9.95434 289.046 3.2
      vertex 9.81769 290.084 1.90735e-07
      vertex 9.81769 290.084 3.2
    endloop
  endfacet
  facet normal 0.991446 0.130521 0
    outer loop
      vertex 9.81769 290.084 1.90735e-07
      vertex 9.95434 289.046 3.2
      vertex 9.95434 289.046 1.90735e-07
    endloop
  endfacet
  facet normal 0.923854 -0.382745 0
    outer loop
      vertex 8.87569 183.929 3.2
      vertex 9.27631 184.896 1.90735e-07
      vertex 9.27631 184.896 3.2
    endloop
  endfacet
  facet normal 0.923854 -0.382745 0
    outer loop
      vertex 9.27631 184.896 1.90735e-07
      vertex 8.87569 183.929 3.2
      vertex 8.87569 183.929 1.90735e-07
    endloop
  endfacet
  facet normal 0.976294 -0.216447 0
    outer loop
      vertex 9.59111 185.894 3.2
      vertex 9.81769 186.916 1.90735e-07
      vertex 9.81769 186.916 3.2
    endloop
  endfacet
  facet normal 0.976294 -0.216447 0
    outer loop
      vertex 9.81769 186.916 1.90735e-07
      vertex 9.59111 185.894 3.2
      vertex 9.59111 185.894 1.90735e-07
    endloop
  endfacet
  facet normal 0.991446 -0.130521 0
    outer loop
      vertex 9.81769 186.916 3.2
      vertex 9.95434 187.954 1.90735e-07
      vertex 9.95434 187.954 3.2
    endloop
  endfacet
  facet normal 0.991446 -0.130521 0
    outer loop
      vertex 9.95434 187.954 1.90735e-07
      vertex 9.81769 186.916 3.2
      vertex 9.81769 186.916 1.90735e-07
    endloop
  endfacet
  facet normal -0.675993 0.736908 0
    outer loop
      vertex -55.7135 297.193 1.90735e-07
      vertex -56.4853 296.485 3.2
      vertex -55.7135 297.193 3.2
    endloop
  endfacet
  facet normal -0.675993 0.736908 0
    outer loop
      vertex -56.4853 296.485 3.2
      vertex -55.7135 297.193 1.90735e-07
      vertex -56.4853 296.485 1.90735e-07
    endloop
  endfacet
  facet normal -1 0 0
    outer loop
      vertex -60 189 1.90735e-07
      vertex -60 288 3.2
      vertex -60 288 1.90735e-07
    endloop
  endfacet
  facet normal -1 -0 0
    outer loop
      vertex -60 288 3.2
      vertex -60 189 1.90735e-07
      vertex -60 189 3.2
    endloop
  endfacet
  facet normal -0.843406 -0.537277 0
    outer loop
      vertex -57.8298 182.117 1.90735e-07
      vertex -58.3923 183 3.2
      vertex -58.3923 183 1.90735e-07
    endloop
  endfacet
  facet normal -0.843406 -0.537277 0
    outer loop
      vertex -58.3923 183 3.2
      vertex -57.8298 182.117 1.90735e-07
      vertex -57.8298 182.117 3.2
    endloop
  endfacet
  facet normal -0.991452 -0.130474 0
    outer loop
      vertex -59.8177 186.916 1.90735e-07
      vertex -59.9543 187.954 3.2
      vertex -59.9543 187.954 1.90735e-07
    endloop
  endfacet
  facet normal -0.991452 -0.130474 0
    outer loop
      vertex -59.9543 187.954 3.2
      vertex -59.8177 186.916 1.90735e-07
      vertex -59.8177 186.916 3.2
    endloop
  endfacet
  facet normal -0.737376 -0.675482 0
    outer loop
      vertex -56.4853 180.515 1.90735e-07
      vertex -57.1925 181.287 3.2
      vertex -57.1925 181.287 1.90735e-07
    endloop
  endfacet
  facet normal -0.737376 -0.675482 0
    outer loop
      vertex -57.1925 181.287 3.2
      vertex -56.4853 180.515 1.90735e-07
      vertex -56.4853 180.515 3.2
    endloop
  endfacet
  facet normal -0.675993 -0.736908 0
    outer loop
      vertex -56.4853 180.515 1.90735e-07
      vertex -55.7135 179.807 3.2
      vertex -56.4853 180.515 3.2
    endloop
  endfacet
  facet normal -0.675993 -0.736908 -0
    outer loop
      vertex -55.7135 179.807 3.2
      vertex -56.4853 180.515 1.90735e-07
      vertex -55.7135 179.807 1.90735e-07
    endloop
  endfacet
  facet normal -0.4622 -0.886775 0
    outer loop
      vertex -54 178.608 1.90735e-07
      vertex -53.0714 178.124 3.2
      vertex -54 178.608 3.2
    endloop
  endfacet
  facet normal -0.4622 -0.886775 -0
    outer loop
      vertex -53.0714 178.124 3.2
      vertex -54 178.608 1.90735e-07
      vertex -53.0714 178.124 1.90735e-07
    endloop
  endfacet
  facet normal 0 0 1
    outer loop
      vertex -34.9586 272.356 3.2
      vertex -53.15 292.528 3.2
      vertex -35.649 271.456 3.2
    endloop
  endfacet
  facet normal 0 0 1
    outer loop
      vertex -37.557 260.635 3.2
      vertex -52.3065 183.148 3.2
      vertex -52.3 183 3.2
    endloop
  endfacet
  facet normal -0 0 1
    outer loop
      vertex -53.2815 292.459 3.2
      vertex -35.649 271.456 3.2
      vertex -53.15 292.528 3.2
    endloop
  endfacet
  facet normal 0 0 1
    outer loop
      vertex -37.557 260.635 3.2
      vertex -52.3258 183.295 3.2
      vertex -52.3065 183.148 3.2
    endloop
  endfacet
  facet normal -0 0 1
    outer loop
      vertex -53.4186 292.403 3.2
      vertex -35.649 271.456 3.2
      vertex -53.2815 292.459 3.2
    endloop
  endfacet
  facet normal 0 0 1
    outer loop
      vertex -37.557 260.635 3.2
      vertex -52.3579 183.44 3.2
      vertex -52.3258 183.295 3.2
    endloop
  endfacet
  facet normal 0 0 1
    outer loop
      vertex -35.649 271.456 3.2
      vertex -53.4186 292.403 3.2
      vertex -36.2583 270.5 3.2
    endloop
  endfacet
  facet normal 0 0 1
    outer loop
      vertex -37.557 260.635 3.2
      vertex -52.4025 183.581 3.2
      vertex -52.3579 183.44 3.2
    endloop
  endfacet
  facet normal -0 0 1
    outer loop
      vertex -60 288 3.2
      vertex -36.2583 270.5 3.2
      vertex -53.4186 292.403 3.2
    endloop
  endfacet
  facet normal 0 0 1
    outer loop
      vertex -37.557 260.635 3.2
      vertex -52.4593 183.718 3.2
      vertex -52.4025 183.581 3.2
    endloop
  endfacet
  facet normal 0 0 1
    outer loop
      vertex -36.2583 270.5 3.2
      vertex -60 288 3.2
      vertex -36.782 269.494 3.2
    endloop
  endfacet
  facet normal 0 0 1
    outer loop
      vertex -37.557 260.635 3.2
      vertex -52.5278 183.85 3.2
      vertex -52.4593 183.718 3.2
    endloop
  endfacet
  facet normal 0 0 1
    outer loop
      vertex -36.782 269.494 3.2
      vertex -60 288 3.2
      vertex -37.216 268.446 3.2
    endloop
  endfacet
  facet normal 0 0 1
    outer loop
      vertex -37.557 260.635 3.2
      vertex -52.6074 183.975 3.2
      vertex -52.5278 183.85 3.2
    endloop
  endfacet
  facet normal 0 0 1
    outer loop
      vertex -37.216 268.446 3.2
      vertex -60 288 3.2
      vertex -37.557 267.365 3.2
    endloop
  endfacet
  facet normal 0 0 1
    outer loop
      vertex -37.557 260.635 3.2
      vertex -52.6977 184.093 3.2
      vertex -52.6074 183.975 3.2
    endloop
  endfacet
  facet normal 0 0 1
    outer loop
      vertex -37.557 267.365 3.2
      vertex -60 288 3.2
      vertex -37.8025 266.257 3.2
    endloop
  endfacet
  facet normal 0 0 1
    outer loop
      vertex -37.557 260.635 3.2
      vertex -52.7979 184.202 3.2
      vertex -52.6977 184.093 3.2
    endloop
  endfacet
  facet normal 0 0 1
    outer loop
      vertex -37.8025 266.257 3.2
      vertex -60 288 3.2
      vertex -37.9505 265.133 3.2
    endloop
  endfacet
  facet normal 0 0 1
    outer loop
      vertex -37.557 260.635 3.2
      vertex -52.9073 184.302 3.2
      vertex -52.7979 184.202 3.2
    endloop
  endfacet
  facet normal 0 0 1
    outer loop
      vertex -37.9505 265.133 3.2
      vertex -60 288 3.2
      vertex -38 264 3.2
    endloop
  endfacet
  facet normal 0 0 1
    outer loop
      vertex -37.557 260.635 3.2
      vertex -53.0249 184.393 3.2
      vertex -52.9073 184.302 3.2
    endloop
  endfacet
  facet normal 0 0 1
    outer loop
      vertex -38 264 3.2
      vertex -60 288 3.2
      vertex -37.9505 262.867 3.2
    endloop
  endfacet
  facet normal 0 0 1
    outer loop
      vertex -37.557 260.635 3.2
      vertex -53.15 184.472 3.2
      vertex -53.0249 184.393 3.2
    endloop
  endfacet
  facet normal 0 0 1
    outer loop
      vertex -37.9505 262.867 3.2
      vertex -60 288 3.2
      vertex -37.8025 261.743 3.2
    endloop
  endfacet
  facet normal 0 0 1
    outer loop
      vertex -60 189 3.2
      vertex -37.557 260.635 3.2
      vertex -60 288 3.2
    endloop
  endfacet
  facet normal 0 0 1
    outer loop
      vertex -37.8025 261.743 3.2
      vertex -60 288 3.2
      vertex -37.557 260.635 3.2
    endloop
  endfacet
  facet normal 0 0 1
    outer loop
      vertex -37.557 260.635 3.2
      vertex -60 189 3.2
      vertex -53.15 184.472 3.2
    endloop
  endfacet
  facet normal 0 0 1
    outer loop
      vertex -60 288 3.2
      vertex -53.4186 292.403 3.2
      vertex -53.56 292.358 3.2
    endloop
  endfacet
  facet normal 0 0 1
    outer loop
      vertex -53.15 184.472 3.2
      vertex -60 189 3.2
      vertex -53.2815 184.541 3.2
    endloop
  endfacet
  facet normal 0 0 1
    outer loop
      vertex -60 288 3.2
      vertex -53.56 292.358 3.2
      vertex -53.7048 292.326 3.2
    endloop
  endfacet
  facet normal 0 0 1
    outer loop
      vertex -53.2815 184.541 3.2
      vertex -60 189 3.2
      vertex -53.4186 184.597 3.2
    endloop
  endfacet
  facet normal 0 0 1
    outer loop
      vertex -60 288 3.2
      vertex -53.7048 292.326 3.2
      vertex -53.8518 292.306 3.2
    endloop
  endfacet
  facet normal 0 0 1
    outer loop
      vertex -53.4186 184.597 3.2
      vertex -60 189 3.2
      vertex -53.56 184.642 3.2
    endloop
  endfacet
  facet normal 0 0 1
    outer loop
      vertex -60 288 3.2
      vertex -53.8518 292.306 3.2
      vertex -54 292.3 3.2
    endloop
  endfacet
  facet normal 0 0 1
    outer loop
      vertex -53.56 184.642 3.2
      vertex -60 189 3.2
      vertex -53.7048 184.674 3.2
    endloop
  endfacet
  facet normal 0 0 1
    outer loop
      vertex -60 288 3.2
      vertex -54 292.3 3.2
      vertex -54.1482 292.306 3.2
    endloop
  endfacet
  facet normal 0 0 1
    outer loop
      vertex -53.7048 184.674 3.2
      vertex -60 189 3.2
      vertex -53.8518 184.694 3.2
    endloop
  endfacet
  facet normal 0 0 1
    outer loop
      vertex -60 288 3.2
      vertex -54.1482 292.306 3.2
      vertex -54.2952 292.326 3.2
    endloop
  endfacet
  facet normal 0 0 1
    outer loop
      vertex -53.8518 184.694 3.2
      vertex -60 189 3.2
      vertex -54 184.7 3.2
    endloop
  endfacet
  facet normal 0 0 1
    outer loop
      vertex -60 288 3.2
      vertex -54.2952 292.326 3.2
      vertex -54.44 292.358 3.2
    endloop
  endfacet
  facet normal 0 0 1
    outer loop
      vertex -54 184.7 3.2
      vertex -60 189 3.2
      vertex -54.1482 184.694 3.2
    endloop
  endfacet
  facet normal 0 0 1
    outer loop
      vertex -60 288 3.2
      vertex -54.44 292.358 3.2
      vertex -54.5814 292.403 3.2
    endloop
  endfacet
  facet normal 0 0 1
    outer loop
      vertex -54.1482 184.694 3.2
      vertex -60 189 3.2
      vertex -54.2952 184.674 3.2
    endloop
  endfacet
  facet normal 0 0 1
    outer loop
      vertex -60 288 3.2
      vertex -54.5814 292.403 3.2
      vertex -54.7185 292.459 3.2
    endloop
  endfacet
  facet normal 0 0 1
    outer loop
      vertex -54.2952 184.674 3.2
      vertex -60 189 3.2
      vertex -54.44 184.642 3.2
    endloop
  endfacet
  facet normal 0 0 1
    outer loop
      vertex -60 288 3.2
      vertex -54.7185 292.459 3.2
      vertex -54.85 292.528 3.2
    endloop
  endfacet
  facet normal 0 0 1
    outer loop
      vertex -54.44 184.642 3.2
      vertex -60 189 3.2
      vertex -54.5814 184.597 3.2
    endloop
  endfacet
  facet normal 0 0 1
    outer loop
      vertex -60 288 3.2
      vertex -54.85 292.528 3.2
      vertex -54.9751 292.607 3.2
    endloop
  endfacet
  facet normal -0 -0 1
    outer loop
      vertex -59.9543 187.954 3.2
      vertex -54.5814 184.597 3.2
      vertex -60 189 3.2
    endloop
  endfacet
  facet normal 0 0 1
    outer loop
      vertex -60 288 3.2
      vertex -54.9751 292.607 3.2
      vertex -55.0927 292.698 3.2
    endloop
  endfacet
  facet normal 0 0 1
    outer loop
      vertex -54.5814 184.597 3.2
      vertex -59.9543 187.954 3.2
      vertex -54.7185 184.541 3.2
    endloop
  endfacet
  facet normal 0 0 1
    outer loop
      vertex -60 288 3.2
      vertex -55.0927 292.698 3.2
      vertex -55.2021 292.798 3.2
    endloop
  endfacet
  facet normal -0 -0 1
    outer loop
      vertex -59.8177 186.916 3.2
      vertex -54.7185 184.541 3.2
      vertex -59.9543 187.954 3.2
    endloop
  endfacet
  facet normal 0 0 1
    outer loop
      vertex -60 288 3.2
      vertex -55.2021 292.798 3.2
      vertex -55.3023 292.907 3.2
    endloop
  endfacet
  facet normal 0 0 1
    outer loop
      vertex -54.7185 184.541 3.2
      vertex -59.8177 186.916 3.2
      vertex -54.85 184.472 3.2
    endloop
  endfacet
  facet normal 0 0 1
    outer loop
      vertex -60 288 3.2
      vertex -55.3023 292.907 3.2
      vertex -55.3926 293.025 3.2
    endloop
  endfacet
  facet normal 0 0 1
    outer loop
      vertex -54.85 184.472 3.2
      vertex -59.8177 186.916 3.2
      vertex -54.9751 184.393 3.2
    endloop
  endfacet
  facet normal 0 0 1
    outer loop
      vertex -60 288 3.2
      vertex -55.3926 293.025 3.2
      vertex -55.4722 293.15 3.2
    endloop
  endfacet
  facet normal -0 -0 1
    outer loop
      vertex -59.5911 185.894 3.2
      vertex -54.9751 184.393 3.2
      vertex -59.8177 186.916 3.2
    endloop
  endfacet
  facet normal 0 0 1
    outer loop
      vertex -60 288 3.2
      vertex -55.4722 293.15 3.2
      vertex -55.5407 293.282 3.2
    endloop
  endfacet
  facet normal 0 0 1
    outer loop
      vertex -54.9751 184.393 3.2
      vertex -59.5911 185.894 3.2
      vertex -55.0927 184.302 3.2
    endloop
  endfacet
  facet normal 0 0 1
    outer loop
      vertex -60 288 3.2
      vertex -55.5407 293.282 3.2
      vertex -55.5975 293.419 3.2
    endloop
  endfacet
  facet normal 0 0 1
    outer loop
      vertex -55.0927 184.302 3.2
      vertex -59.5911 185.894 3.2
      vertex -55.2021 184.202 3.2
    endloop
  endfacet
  facet normal 0 0 1
    outer loop
      vertex -60 288 3.2
      vertex -55.5975 293.419 3.2
      vertex -55.6421 293.56 3.2
    endloop
  endfacet
  facet normal -0 -0 1
    outer loop
      vertex -59.2763 184.896 3.2
      vertex -55.2021 184.202 3.2
      vertex -59.5911 185.894 3.2
    endloop
  endfacet
  facet normal 0 0 1
    outer loop
      vertex -60 288 3.2
      vertex -55.6421 293.56 3.2
      vertex -55.6742 293.705 3.2
    endloop
  endfacet
  facet normal 0 0 1
    outer loop
      vertex -55.2021 184.202 3.2
      vertex -59.2763 184.896 3.2
      vertex -55.3023 184.093 3.2
    endloop
  endfacet
  facet normal 0 0 1
    outer loop
      vertex -60 288 3.2
      vertex -55.6742 293.705 3.2
      vertex -55.6935 293.852 3.2
    endloop
  endfacet
  facet normal 0 0 1
    outer loop
      vertex -55.3023 184.093 3.2
      vertex -59.2763 184.896 3.2
      vertex -55.3926 183.975 3.2
    endloop
  endfacet
  facet normal 0 0 1
    outer loop
      vertex -60 288 3.2
      vertex -55.6935 293.852 3.2
      vertex -55.7 294 3.2
    endloop
  endfacet
  facet normal 0 -0 1
    outer loop
      vertex -58.8757 183.929 3.2
      vertex -55.3926 183.975 3.2
      vertex -59.2763 184.896 3.2
    endloop
  endfacet
  facet normal 0 0 1
    outer loop
      vertex -48 177 3.2
      vertex -52.3579 182.56 3.2
      vertex -49.0459 177.046 3.2
    endloop
  endfacet
  facet normal -0 0 1
    outer loop
      vertex -52.4025 182.419 3.2
      vertex -49.0459 177.046 3.2
      vertex -52.3579 182.56 3.2
    endloop
  endfacet
  facet normal -0 0 1
    outer loop
      vertex -52.4593 182.282 3.2
      vertex -49.0459 177.046 3.2
      vertex -52.4025 182.419 3.2
    endloop
  endfacet
  facet normal 0 0 1
    outer loop
      vertex -49.0459 177.046 3.2
      vertex -52.4593 182.282 3.2
      vertex -50.0838 177.182 3.2
    endloop
  endfacet
  facet normal -0 0 1
    outer loop
      vertex -52.5278 182.15 3.2
      vertex -50.0838 177.182 3.2
      vertex -52.4593 182.282 3.2
    endloop
  endfacet
  facet normal -0 0 1
    outer loop
      vertex -52.6074 182.025 3.2
      vertex -50.0838 177.182 3.2
      vertex -52.5278 182.15 3.2
    endloop
  endfacet
  facet normal 0 0 1
    outer loop
      vertex -50.0838 177.182 3.2
      vertex -52.6074 182.025 3.2
      vertex -51.1058 177.409 3.2
    endloop
  endfacet
  facet normal -0 0 1
    outer loop
      vertex -52.6977 181.907 3.2
      vertex -51.1058 177.409 3.2
      vertex -52.6074 182.025 3.2
    endloop
  endfacet
  facet normal -0 0 1
    outer loop
      vertex -52.7979 181.798 3.2
      vertex -51.1058 177.409 3.2
      vertex -52.6977 181.907 3.2
    endloop
  endfacet
  facet normal 0 0 1
    outer loop
      vertex -51.1058 177.409 3.2
      vertex -52.7979 181.798 3.2
      vertex -52.1042 177.724 3.2
    endloop
  endfacet
  facet normal -0 0 1
    outer loop
      vertex -52.9073 181.698 3.2
      vertex -52.1042 177.724 3.2
      vertex -52.7979 181.798 3.2
    endloop
  endfacet
  facet normal -0 0 1
    outer loop
      vertex -53.0249 181.607 3.2
      vertex -52.1042 177.724 3.2
      vertex -52.9073 181.698 3.2
    endloop
  endfacet
  facet normal 0 0 1
    outer loop
      vertex -53.0249 181.607 3.2
      vertex -53.0714 178.124 3.2
      vertex -52.1042 177.724 3.2
    endloop
  endfacet
  facet normal -0 0 1
    outer loop
      vertex -53.15 181.528 3.2
      vertex -53.0714 178.124 3.2
      vertex -53.0249 181.607 3.2
    endloop
  endfacet
  facet normal -0 0 1
    outer loop
      vertex -53.2815 181.459 3.2
      vertex -53.0714 178.124 3.2
      vertex -53.15 181.528 3.2
    endloop
  endfacet
  facet normal -0 0 1
    outer loop
      vertex -53.4186 181.403 3.2
      vertex -53.0714 178.124 3.2
      vertex -53.2815 181.459 3.2
    endloop
  endfacet
  facet normal 0 0 1
    outer loop
      vertex -54 178.608 3.2
      vertex -53.4186 181.403 3.2
      vertex -53.56 181.358 3.2
    endloop
  endfacet
  facet normal 0 0 1
    outer loop
      vertex -54 178.608 3.2
      vertex -53.56 181.358 3.2
      vertex -53.7048 181.326 3.2
    endloop
  endfacet
  facet normal 0 0 1
    outer loop
      vertex -54 178.608 3.2
      vertex -53.7048 181.326 3.2
      vertex -53.8518 181.306 3.2
    endloop
  endfacet
  facet normal 0 0 1
    outer loop
      vertex -54.8829 179.17 3.2
      vertex -53.8518 181.306 3.2
      vertex -54 181.3 3.2
    endloop
  endfacet
  facet normal 0 0 1
    outer loop
      vertex -53.4186 181.403 3.2
      vertex -54 178.608 3.2
      vertex -53.0714 178.124 3.2
    endloop
  endfacet
  facet normal 0 0 1
    outer loop
      vertex -54.8829 179.17 3.2
      vertex -54 181.3 3.2
      vertex -54.1482 181.306 3.2
    endloop
  endfacet
  facet normal 0 0 1
    outer loop
      vertex -54.8829 179.17 3.2
      vertex -54.1482 181.306 3.2
      vertex -54.2952 181.326 3.2
    endloop
  endfacet
  facet normal 0 0 1
    outer loop
      vertex -54.8829 179.17 3.2
      vertex -54.2952 181.326 3.2
      vertex -54.44 181.358 3.2
    endloop
  endfacet
  facet normal 0 0 1
    outer loop
      vertex -55.7135 179.807 3.2
      vertex -54.44 181.358 3.2
      vertex -54.5814 181.403 3.2
    endloop
  endfacet
  facet normal 0 0 1
    outer loop
      vertex -55.7135 179.807 3.2
      vertex -54.5814 181.403 3.2
      vertex -54.7185 181.459 3.2
    endloop
  endfacet
  facet normal 0 0 1
    outer loop
      vertex -55.7135 179.807 3.2
      vertex -54.7185 181.459 3.2
      vertex -54.85 181.528 3.2
    endloop
  endfacet
  facet normal 0 0 1
    outer loop
      vertex -53.8518 181.306 3.2
      vertex -54.8829 179.17 3.2
      vertex -54 178.608 3.2
    endloop
  endfacet
  facet normal 0 0 1
    outer loop
      vertex -55.7135 179.807 3.2
      vertex -54.85 181.528 3.2
      vertex -54.9751 181.607 3.2
    endloop
  endfacet
  facet normal 0 0 1
    outer loop
      vertex -56.4853 180.515 3.2
      vertex -54.9751 181.607 3.2
      vertex -55.0927 181.698 3.2
    endloop
  endfacet
  facet normal 0 0 1
    outer loop
      vertex -56.4853 180.515 3.2
      vertex -55.0927 181.698 3.2
      vertex -55.2021 181.798 3.2
    endloop
  endfacet
  facet normal 0 0 1
    outer loop
      vertex -56.4853 180.515 3.2
      vertex -55.2021 181.798 3.2
      vertex -55.3023 181.907 3.2
    endloop
  endfacet
  facet normal 0 0 1
    outer loop
      vertex -56.4853 180.515 3.2
      vertex -55.3023 181.907 3.2
      vertex -55.3926 182.025 3.2
    endloop
  endfacet
  facet normal 0 0 1
    outer loop
      vertex -57.1925 181.287 3.2
      vertex -55.3926 182.025 3.2
      vertex -55.4722 182.15 3.2
    endloop
  endfacet
  facet normal 0 0 1
    outer loop
      vertex -57.1925 181.287 3.2
      vertex -55.4722 182.15 3.2
      vertex -55.5407 182.282 3.2
    endloop
  endfacet
  facet normal 0 0 1
    outer loop
      vertex -57.1925 181.287 3.2
      vertex -55.5407 182.282 3.2
      vertex -55.5975 182.419 3.2
    endloop
  endfacet
  facet normal 0 0 1
    outer loop
      vertex -57.1925 181.287 3.2
      vertex -55.5975 182.419 3.2
      vertex -55.6421 182.56 3.2
    endloop
  endfacet
  facet normal 0 0 1
    outer loop
      vertex -54.44 181.358 3.2
      vertex -55.7135 179.807 3.2
      vertex -54.8829 179.17 3.2
    endloop
  endfacet
  facet normal 0 0 1
    outer loop
      vertex -57.8298 182.117 3.2
      vertex -55.6421 182.56 3.2
      vertex -55.6742 182.705 3.2
    endloop
  endfacet
  facet normal 0 0 1
    outer loop
      vertex -57.8298 182.117 3.2
      vertex -55.6742 182.705 3.2
      vertex -55.6935 182.852 3.2
    endloop
  endfacet
  facet normal 0 0 1
    outer loop
      vertex -57.8298 182.117 3.2
      vertex -55.6935 182.852 3.2
      vertex -55.7 183 3.2
    endloop
  endfacet
  facet normal 0 0 1
    outer loop
      vertex -55.3926 183.975 3.2
      vertex -58.8757 183.929 3.2
      vertex -55.4722 183.85 3.2
    endloop
  endfacet
  facet normal 0 0 1
    outer loop
      vertex -60 288 3.2
      vertex -55.7135 297.193 3.2
      vertex -56.4853 296.485 3.2
    endloop
  endfacet
  facet normal 0 0 1
    outer loop
      vertex -55.4722 183.85 3.2
      vertex -58.8757 183.929 3.2
      vertex -55.5407 183.718 3.2
    endloop
  endfacet
  facet normal 0 0 1
    outer loop
      vertex -60 288 3.2
      vertex -56.4853 296.485 3.2
      vertex -57.1925 295.713 3.2
    endloop
  endfacet
  facet normal 0 0 1
    outer loop
      vertex -55.5407 183.718 3.2
      vertex -58.8757 183.929 3.2
      vertex -55.5975 183.581 3.2
    endloop
  endfacet
  facet normal 0 0 1
    outer loop
      vertex -60 288 3.2
      vertex -57.1925 295.713 3.2
      vertex -57.8298 294.883 3.2
    endloop
  endfacet
  facet normal 0 0 1
    outer loop
      vertex -54.9751 181.607 3.2
      vertex -56.4853 180.515 3.2
      vertex -55.7135 179.807 3.2
    endloop
  endfacet
  facet normal 0 0 1
    outer loop
      vertex -60 288 3.2
      vertex -57.8298 294.883 3.2
      vertex -58.3923 294 3.2
    endloop
  endfacet
  facet normal 0 0 1
    outer loop
      vertex -55.3926 182.025 3.2
      vertex -57.1925 181.287 3.2
      vertex -56.4853 180.515 3.2
    endloop
  endfacet
  facet normal 0 0 1
    outer loop
      vertex -60 288 3.2
      vertex -58.3923 294 3.2
      vertex -58.8757 293.071 3.2
    endloop
  endfacet
  facet normal 0 0 1
    outer loop
      vertex -55.6421 182.56 3.2
      vertex -57.8298 182.117 3.2
      vertex -57.1925 181.287 3.2
    endloop
  endfacet
  facet normal 0 0 1
    outer loop
      vertex -60 288 3.2
      vertex -58.8757 293.071 3.2
      vertex -59.2763 292.104 3.2
    endloop
  endfacet
  facet normal 0 0 1
    outer loop
      vertex -55.6935 183.148 3.2
      vertex -57.8298 182.117 3.2
      vertex -55.7 183 3.2
    endloop
  endfacet
  facet normal 0 0 1
    outer loop
      vertex -60 288 3.2
      vertex -59.2763 292.104 3.2
      vertex -59.5911 291.106 3.2
    endloop
  endfacet
  facet normal 0 -0 1
    outer loop
      vertex -57.8298 182.117 3.2
      vertex -55.6935 183.148 3.2
      vertex -58.3923 183 3.2
    endloop
  endfacet
  facet normal 0 0 1
    outer loop
      vertex -60 288 3.2
      vertex -59.5911 291.106 3.2
      vertex -59.8177 290.084 3.2
    endloop
  endfacet
  facet normal 0 0 1
    outer loop
      vertex -55.6742 183.295 3.2
      vertex -58.3923 183 3.2
      vertex -55.6935 183.148 3.2
    endloop
  endfacet
  facet normal 0 0 1
    outer loop
      vertex -60 288 3.2
      vertex -59.8177 290.084 3.2
      vertex -59.9543 289.046 3.2
    endloop
  endfacet
  facet normal 0 0 1
    outer loop
      vertex -55.6421 183.44 3.2
      vertex -58.3923 183 3.2
      vertex -55.6742 183.295 3.2
    endloop
  endfacet
  facet normal 0 0 1
    outer loop
      vertex -55.5975 183.581 3.2
      vertex -58.3923 183 3.2
      vertex -55.6421 183.44 3.2
    endloop
  endfacet
  facet normal 0 -0 1
    outer loop
      vertex -58.3923 183 3.2
      vertex -55.5975 183.581 3.2
      vertex -58.8757 183.929 3.2
    endloop
  endfacet
  facet normal 0 0 1
    outer loop
      vertex 8.87569 293.071 3.2
      vertex 5.39256 293.025 3.2
      vertex 9.27631 292.104 3.2
    endloop
  endfacet
  facet normal 0 0 1
    outer loop
      vertex 10 189 3.2
      vertex 5.69353 183.148 3.2
      vertex 5.7 183 3.2
    endloop
  endfacet
  facet normal -0 0 1
    outer loop
      vertex 5.30227 292.907 3.2
      vertex 9.27631 292.104 3.2
      vertex 5.39256 293.025 3.2
    endloop
  endfacet
  facet normal 0 0 1
    outer loop
      vertex 10 189 3.2
      vertex 5.67417 183.295 3.2
      vertex 5.69353 183.148 3.2
    endloop
  endfacet
  facet normal -0 0 1
    outer loop
      vertex 5.20208 292.798 3.2
      vertex 9.27631 292.104 3.2
      vertex 5.30227 292.907 3.2
    endloop
  endfacet
  facet normal 0 0 1
    outer loop
      vertex 10 189 3.2
      vertex 5.64207 183.44 3.2
      vertex 5.67417 183.295 3.2
    endloop
  endfacet
  facet normal 0 0 1
    outer loop
      vertex 9.27631 292.104 3.2
      vertex 5.20208 292.798 3.2
      vertex 9.59111 291.106 3.2
    endloop
  endfacet
  facet normal 0 0 1
    outer loop
      vertex 10 189 3.2
      vertex 5.59748 183.581 3.2
      vertex 5.64207 183.44 3.2
    endloop
  endfacet
  facet normal -0 0 1
    outer loop
      vertex 5.09274 292.698 3.2
      vertex 9.59111 291.106 3.2
      vertex 5.20208 292.798 3.2
    endloop
  endfacet
  facet normal 0 0 1
    outer loop
      vertex 10 189 3.2
      vertex 5.54072 183.718 3.2
      vertex 5.59748 183.581 3.2
    endloop
  endfacet
  facet normal -0 0 1
    outer loop
      vertex 4.97508 292.607 3.2
      vertex 9.59111 291.106 3.2
      vertex 5.09274 292.698 3.2
    endloop
  endfacet
  facet normal 0 0 1
    outer loop
      vertex 10 189 3.2
      vertex 5.47224 183.85 3.2
      vertex 5.54072 183.718 3.2
    endloop
  endfacet
  facet normal 0 0 1
    outer loop
      vertex 9.59111 291.106 3.2
      vertex 4.97508 292.607 3.2
      vertex 9.81769 290.084 3.2
    endloop
  endfacet
  facet normal 0 0 1
    outer loop
      vertex 10 189 3.2
      vertex 5.39256 183.975 3.2
      vertex 5.47224 183.85 3.2
    endloop
  endfacet
  facet normal -0 0 1
    outer loop
      vertex 4.85 292.528 3.2
      vertex 9.81769 290.084 3.2
      vertex 4.97508 292.607 3.2
    endloop
  endfacet
  facet normal 0 0 1
    outer loop
      vertex 10 189 3.2
      vertex 5.30227 184.093 3.2
      vertex 5.39256 183.975 3.2
    endloop
  endfacet
  facet normal 0 0 1
    outer loop
      vertex 10 288 3.2
      vertex -13.6638 231.776 3.2
      vertex 10 189 3.2
    endloop
  endfacet
  facet normal -0 -0 1
    outer loop
      vertex -13.6537 231.545 3.2
      vertex 10 189 3.2
      vertex -13.6638 231.776 3.2
    endloop
  endfacet
  facet normal -0 0 1
    outer loop
      vertex 4.71845 292.459 3.2
      vertex 9.81769 290.084 3.2
      vertex 4.85 292.528 3.2
    endloop
  endfacet
  facet normal -0 0 1
    outer loop
      vertex -13.6638 231.314 3.2
      vertex 10 189 3.2
      vertex -13.6537 231.545 3.2
    endloop
  endfacet
  facet normal 0 0 1
    outer loop
      vertex 9.81769 290.084 3.2
      vertex 4.71845 292.459 3.2
      vertex 9.95434 289.046 3.2
    endloop
  endfacet
  facet normal 0 0 1
    outer loop
      vertex 10 189 3.2
      vertex 5.20208 184.202 3.2
      vertex 5.30227 184.093 3.2
    endloop
  endfacet
  facet normal -0 0 1
    outer loop
      vertex 4.58143 292.403 3.2
      vertex 9.95434 289.046 3.2
      vertex 4.71845 292.459 3.2
    endloop
  endfacet
  facet normal -0 0 1
    outer loop
      vertex -13.6939 231.085 3.2
      vertex 10 189 3.2
      vertex -13.6638 231.314 3.2
    endloop
  endfacet
  facet normal 0 0 1
    outer loop
      vertex 9.95434 289.046 3.2
      vertex 4.58143 292.403 3.2
      vertex 10 288 3.2
    endloop
  endfacet
  facet normal 0 0 1
    outer loop
      vertex 10 189 3.2
      vertex 5.09274 184.302 3.2
      vertex 5.20208 184.202 3.2
    endloop
  endfacet
  facet normal -0 0 1
    outer loop
      vertex 4.43999 292.358 3.2
      vertex 10 288 3.2
      vertex 4.58143 292.403 3.2
    endloop
  endfacet
  facet normal -0 0 1
    outer loop
      vertex -13.744 230.859 3.2
      vertex 10 189 3.2
      vertex -13.6939 231.085 3.2
    endloop
  endfacet
  facet normal -0 0 1
    outer loop
      vertex 4.2952 292.326 3.2
      vertex 10 288 3.2
      vertex 4.43999 292.358 3.2
    endloop
  endfacet
  facet normal 0 0 1
    outer loop
      vertex 10 189 3.2
      vertex 4.97508 184.393 3.2
      vertex 5.09274 184.302 3.2
    endloop
  endfacet
  facet normal -0 0 1
    outer loop
      vertex 4.14816 292.306 3.2
      vertex 10 288 3.2
      vertex 4.2952 292.326 3.2
    endloop
  endfacet
  facet normal -0 0 1
    outer loop
      vertex -13.8135 230.639 3.2
      vertex 10 189 3.2
      vertex -13.744 230.859 3.2
    endloop
  endfacet
  facet normal -0 0 1
    outer loop
      vertex 4 292.3 3.2
      vertex 10 288 3.2
      vertex 4.14816 292.306 3.2
    endloop
  endfacet
  facet normal 0 0 1
    outer loop
      vertex 10 189 3.2
      vertex 4.85 184.472 3.2
      vertex 4.97508 184.393 3.2
    endloop
  endfacet
  facet normal 0 0 1
    outer loop
      vertex 3.85183 292.306 3.2
      vertex 10 288 3.2
      vertex 4 292.3 3.2
    endloop
  endfacet
  facet normal -0 0 1
    outer loop
      vertex -13.902 230.425 3.2
      vertex 10 189 3.2
      vertex -13.8135 230.639 3.2
    endloop
  endfacet
  facet normal 0 0 1
    outer loop
      vertex 3.7048 292.326 3.2
      vertex 10 288 3.2
      vertex 3.85183 292.306 3.2
    endloop
  endfacet
  facet normal 0 0 1
    outer loop
      vertex 10 189 3.2
      vertex 4.71845 184.541 3.2
      vertex 4.85 184.472 3.2
    endloop
  endfacet
  facet normal 0 0 1
    outer loop
      vertex 3.56001 292.358 3.2
      vertex 10 288 3.2
      vertex 3.7048 292.326 3.2
    endloop
  endfacet
  facet normal -0 0 1
    outer loop
      vertex -14.0087 230.22 3.2
      vertex 10 189 3.2
      vertex -13.902 230.425 3.2
    endloop
  endfacet
  facet normal 0 0 1
    outer loop
      vertex 3.41857 292.403 3.2
      vertex 10 288 3.2
      vertex 3.56001 292.358 3.2
    endloop
  endfacet
  facet normal 0 0 1
    outer loop
      vertex 10 189 3.2
      vertex 4.58143 184.597 3.2
      vertex 4.71845 184.541 3.2
    endloop
  endfacet
  facet normal 0 0 1
    outer loop
      vertex 10 288 3.2
      vertex 3.41857 292.403 3.2
      vertex -13.7417 270.5 3.2
    endloop
  endfacet
  facet normal -0 0 1
    outer loop
      vertex -14.1329 230.025 3.2
      vertex 10 189 3.2
      vertex -14.0087 230.22 3.2
    endloop
  endfacet
  facet normal 0 0 1
    outer loop
      vertex -14.351 271.456 3.2
      vertex 3.41857 292.403 3.2
      vertex 3.28155 292.459 3.2
    endloop
  endfacet
  facet normal 0 0 1
    outer loop
      vertex 10 189 3.2
      vertex 4.43999 184.642 3.2
      vertex 4.58143 184.597 3.2
    endloop
  endfacet
  facet normal 0 0 1
    outer loop
      vertex -14.351 271.456 3.2
      vertex 3.28155 292.459 3.2
      vertex 3.15 292.528 3.2
    endloop
  endfacet
  facet normal -0 0 1
    outer loop
      vertex -14.2737 229.842 3.2
      vertex 10 189 3.2
      vertex -14.1329 230.025 3.2
    endloop
  endfacet
  facet normal 0 0 1
    outer loop
      vertex -15.0414 272.356 3.2
      vertex 3.15 292.528 3.2
      vertex 3.02492 292.607 3.2
    endloop
  endfacet
  facet normal 0 0 1
    outer loop
      vertex 10 189 3.2
      vertex 4.2952 184.674 3.2
      vertex 4.43999 184.642 3.2
    endloop
  endfacet
  facet normal 0 0 1
    outer loop
      vertex -15.0414 272.356 3.2
      vertex 3.02492 292.607 3.2
      vertex 2.90726 292.698 3.2
    endloop
  endfacet
  facet normal -0 0 1
    outer loop
      vertex -14.4298 229.671 3.2
      vertex 10 189 3.2
      vertex -14.2737 229.842 3.2
    endloop
  endfacet
  facet normal 0 0 1
    outer loop
      vertex -15.8076 273.192 3.2
      vertex 2.90726 292.698 3.2
      vertex 2.79792 292.798 3.2
    endloop
  endfacet
  facet normal 0 0 1
    outer loop
      vertex 10 189 3.2
      vertex 4.14816 184.694 3.2
      vertex 4.2952 184.674 3.2
    endloop
  endfacet
  facet normal 0 0 1
    outer loop
      vertex -16.6438 273.959 3.2
      vertex 2.79792 292.798 3.2
      vertex 2.69772 292.907 3.2
    endloop
  endfacet
  facet normal 0 0 1
    outer loop
      vertex 10 189 3.2
      vertex 4 184.7 3.2
      vertex 4.14816 184.694 3.2
    endloop
  endfacet
  facet normal 0 0 1
    outer loop
      vertex -16.6438 273.959 3.2
      vertex 2.69772 292.907 3.2
      vertex 2.60744 293.025 3.2
    endloop
  endfacet
  facet normal -0 0 1
    outer loop
      vertex -14.6003 229.515 3.2
      vertex 10 189 3.2
      vertex -14.4298 229.671 3.2
    endloop
  endfacet
  facet normal 0 0 1
    outer loop
      vertex -17.5435 274.649 3.2
      vertex 2.60744 293.025 3.2
      vertex 2.52776 293.15 3.2
    endloop
  endfacet
  facet normal 0 0 1
    outer loop
      vertex 10 189 3.2
      vertex 3.85183 184.694 3.2
      vertex 4 184.7 3.2
    endloop
  endfacet
  facet normal 0 0 1
    outer loop
      vertex -17.5435 274.649 3.2
      vertex 2.52776 293.15 3.2
      vertex 2.45928 293.282 3.2
    endloop
  endfacet
  facet normal -0 0 1
    outer loop
      vertex -14.7837 229.374 3.2
      vertex 10 189 3.2
      vertex -14.6003 229.515 3.2
    endloop
  endfacet
  facet normal 0 0 1
    outer loop
      vertex -18.5 275.258 3.2
      vertex 2.45928 293.282 3.2
      vertex 2.40252 293.419 3.2
    endloop
  endfacet
  facet normal 0 0 1
    outer loop
      vertex 10 189 3.2
      vertex 3.7048 184.674 3.2
      vertex 3.85183 184.694 3.2
    endloop
  endfacet
  facet normal 0 0 1
    outer loop
      vertex -2 300 3.2
      vertex 2.40252 293.419 3.2
      vertex 2.35793 293.56 3.2
    endloop
  endfacet
  facet normal -0 0 1
    outer loop
      vertex -14.9787 229.25 3.2
      vertex 10 189 3.2
      vertex -14.7837 229.374 3.2
    endloop
  endfacet
  facet normal 0 0 1
    outer loop
      vertex -2 300 3.2
      vertex 2.35793 293.56 3.2
      vertex 2.32583 293.705 3.2
    endloop
  endfacet
  facet normal 0 0 1
    outer loop
      vertex 10 189 3.2
      vertex 3.56001 184.642 3.2
      vertex 3.7048 184.674 3.2
    endloop
  endfacet
  facet normal 0 0 1
    outer loop
      vertex -2 300 3.2
      vertex 2.32583 293.705 3.2
      vertex 2.30647 293.852 3.2
    endloop
  endfacet
  facet normal -0 0 1
    outer loop
      vertex -15.1837 229.143 3.2
      vertex 10 189 3.2
      vertex -14.9787 229.25 3.2
    endloop
  endfacet
  facet normal 0 0 1
    outer loop
      vertex -2 300 3.2
      vertex 2.30647 293.852 3.2
      vertex 2.3 294 3.2
    endloop
  endfacet
  facet normal 0 0 1
    outer loop
      vertex 10 189 3.2
      vertex 3.41857 184.597 3.2
      vertex 3.56001 184.642 3.2
    endloop
  endfacet
  facet normal -0 0 1
    outer loop
      vertex 5.54072 293.282 3.2
      vertex 8.87569 293.071 3.2
      vertex 5.59748 293.419 3.2
    endloop
  endfacet
  facet normal -0 0 1
    outer loop
      vertex 5.47224 293.15 3.2
      vertex 8.87569 293.071 3.2
      vertex 5.54072 293.282 3.2
    endloop
  endfacet
  facet normal 0 0 1
    outer loop
      vertex 8.3923 294 3.2
      vertex 5.59748 293.419 3.2
      vertex 8.87569 293.071 3.2
    endloop
  endfacet
  facet normal 0 0 1
    outer loop
      vertex 5.39256 293.025 3.2
      vertex 8.87569 293.071 3.2
      vertex 5.47224 293.15 3.2
    endloop
  endfacet
  facet normal 0 0 1
    outer loop
      vertex 5.59748 293.419 3.2
      vertex 8.3923 294 3.2
      vertex 5.64207 293.56 3.2
    endloop
  endfacet
  facet normal 0 0 1
    outer loop
      vertex 10 189 3.2
      vertex 5.7 183 3.2
      vertex 9.95434 187.954 3.2
    endloop
  endfacet
  facet normal 0 0 1
    outer loop
      vertex 5.64207 293.56 3.2
      vertex 8.3923 294 3.2
      vertex 5.67417 293.705 3.2
    endloop
  endfacet
  facet normal 0 0 1
    outer loop
      vertex 9.95434 187.954 3.2
      vertex 5.7 183 3.2
      vertex 9.81769 186.916 3.2
    endloop
  endfacet
  facet normal 0 0 1
    outer loop
      vertex 5.67417 293.705 3.2
      vertex 8.3923 294 3.2
      vertex 5.69353 293.852 3.2
    endloop
  endfacet
  facet normal 0 0 1
    outer loop
      vertex 9.81769 186.916 3.2
      vertex 5.7 183 3.2
      vertex 9.59111 185.894 3.2
    endloop
  endfacet
  facet normal 0 0 1
    outer loop
      vertex 7.82982 294.883 3.2
      vertex 5.69353 293.852 3.2
      vertex 8.3923 294 3.2
    endloop
  endfacet
  facet normal 0 0 1
    outer loop
      vertex 9.59111 185.894 3.2
      vertex 5.7 183 3.2
      vertex 9.27631 184.896 3.2
    endloop
  endfacet
  facet normal 0 0 1
    outer loop
      vertex 5.69353 293.852 3.2
      vertex 7.82982 294.883 3.2
      vertex 5.7 294 3.2
    endloop
  endfacet
  facet normal 0 0 1
    outer loop
      vertex 9.27631 184.896 3.2
      vertex 5.7 183 3.2
      vertex 8.87569 183.929 3.2
    endloop
  endfacet
  facet normal 0 0 1
    outer loop
      vertex 5.64207 294.44 3.2
      vertex 7.82982 294.883 3.2
      vertex 7.19253 295.713 3.2
    endloop
  endfacet
  facet normal 0 0 1
    outer loop
      vertex 8.87569 183.929 3.2
      vertex 5.7 183 3.2
      vertex 8.3923 183 3.2
    endloop
  endfacet
  facet normal 0 0 1
    outer loop
      vertex 5.39256 294.975 3.2
      vertex 7.19253 295.713 3.2
      vertex 6.48528 296.485 3.2
    endloop
  endfacet
  facet normal 0 0 1
    outer loop
      vertex 8.3923 183 3.2
      vertex 5.7 183 3.2
      vertex 7.82982 182.117 3.2
    endloop
  endfacet
  facet normal 0 0 1
    outer loop
      vertex 4.97508 295.393 3.2
      vertex 6.48528 296.485 3.2
      vertex 5.71345 297.193 3.2
    endloop
  endfacet
  facet normal -0 0 1
    outer loop
      vertex 5.69353 182.852 3.2
      vertex 7.82982 182.117 3.2
      vertex 5.7 183 3.2
    endloop
  endfacet
  facet normal -0 0 1
    outer loop
      vertex 5.67417 182.705 3.2
      vertex 7.82982 182.117 3.2
      vertex 5.69353 182.852 3.2
    endloop
  endfacet
  facet normal 0 0 1
    outer loop
      vertex 7.82982 294.883 3.2
      vertex 5.69353 294.148 3.2
      vertex 5.7 294 3.2
    endloop
  endfacet
  facet normal 0 0 1
    outer loop
      vertex 7.82982 294.883 3.2
      vertex 5.67417 294.295 3.2
      vertex 5.69353 294.148 3.2
    endloop
  endfacet
  facet normal 0 0 1
    outer loop
      vertex 7.82982 294.883 3.2
      vertex 5.64207 294.44 3.2
      vertex 5.67417 294.295 3.2
    endloop
  endfacet
  facet normal 0 0 1
    outer loop
      vertex 7.19253 295.713 3.2
      vertex 5.59748 294.581 3.2
      vertex 5.64207 294.44 3.2
    endloop
  endfacet
  facet normal 0 0 1
    outer loop
      vertex 7.19253 295.713 3.2
      vertex 5.54072 294.718 3.2
      vertex 5.59748 294.581 3.2
    endloop
  endfacet
  facet normal 0 0 1
    outer loop
      vertex 7.19253 295.713 3.2
      vertex 5.47224 294.85 3.2
      vertex 5.54072 294.718 3.2
    endloop
  endfacet
  facet normal 0 0 1
    outer loop
      vertex 7.19253 295.713 3.2
      vertex 5.39256 294.975 3.2
      vertex 5.47224 294.85 3.2
    endloop
  endfacet
  facet normal 0 0 1
    outer loop
      vertex 6.48528 296.485 3.2
      vertex 5.30227 295.093 3.2
      vertex 5.39256 294.975 3.2
    endloop
  endfacet
  facet normal 0 0 1
    outer loop
      vertex 6.48528 296.485 3.2
      vertex 5.20208 295.202 3.2
      vertex 5.30227 295.093 3.2
    endloop
  endfacet
  facet normal 0 0 1
    outer loop
      vertex 6.48528 296.485 3.2
      vertex 5.09274 295.302 3.2
      vertex 5.20208 295.202 3.2
    endloop
  endfacet
  facet normal 0 0 1
    outer loop
      vertex 6.48528 296.485 3.2
      vertex 4.97508 295.393 3.2
      vertex 5.09274 295.302 3.2
    endloop
  endfacet
  facet normal 0 0 1
    outer loop
      vertex 4.43999 295.642 3.2
      vertex 5.71345 297.193 3.2
      vertex 4.88292 297.83 3.2
    endloop
  endfacet
  facet normal 0 0 1
    outer loop
      vertex 5.71345 297.193 3.2
      vertex 4.85 295.472 3.2
      vertex 4.97508 295.393 3.2
    endloop
  endfacet
  facet normal 0 0 1
    outer loop
      vertex 5.71345 297.193 3.2
      vertex 4.71845 295.541 3.2
      vertex 4.85 295.472 3.2
    endloop
  endfacet
  facet normal 0 0 1
    outer loop
      vertex 5.71345 297.193 3.2
      vertex 4.58143 295.597 3.2
      vertex 4.71845 295.541 3.2
    endloop
  endfacet
  facet normal 0 0 1
    outer loop
      vertex 5.71345 297.193 3.2
      vertex 4.43999 295.642 3.2
      vertex 4.58143 295.597 3.2
    endloop
  endfacet
  facet normal 0 0 1
    outer loop
      vertex 4.88292 297.83 3.2
      vertex 4.2952 295.674 3.2
      vertex 4.43999 295.642 3.2
    endloop
  endfacet
  facet normal 0 0 1
    outer loop
      vertex 4.88292 297.83 3.2
      vertex 4.14816 295.694 3.2
      vertex 4.2952 295.674 3.2
    endloop
  endfacet
  facet normal 0 0 1
    outer loop
      vertex 3.85183 295.694 3.2
      vertex 4.88292 297.83 3.2
      vertex 4 298.392 3.2
    endloop
  endfacet
  facet normal 0 0 1
    outer loop
      vertex 4.88292 297.83 3.2
      vertex 4 295.7 3.2
      vertex 4.14816 295.694 3.2
    endloop
  endfacet
  facet normal 0 0 1
    outer loop
      vertex 4.88292 297.83 3.2
      vertex 3.85183 295.694 3.2
      vertex 4 295.7 3.2
    endloop
  endfacet
  facet normal 0 0 1
    outer loop
      vertex 4 298.392 3.2
      vertex 3.7048 295.674 3.2
      vertex 3.85183 295.694 3.2
    endloop
  endfacet
  facet normal 0 0 1
    outer loop
      vertex 4 298.392 3.2
      vertex 3.56001 295.642 3.2
      vertex 3.7048 295.674 3.2
    endloop
  endfacet
  facet normal 0 0 1
    outer loop
      vertex 4 298.392 3.2
      vertex 3.41857 295.597 3.2
      vertex 3.56001 295.642 3.2
    endloop
  endfacet
  facet normal 0 0 1
    outer loop
      vertex 3.07142 298.876 3.2
      vertex 3.41857 295.597 3.2
      vertex 4 298.392 3.2
    endloop
  endfacet
  facet normal 0 0 1
    outer loop
      vertex 3.41857 295.597 3.2
      vertex 3.07142 298.876 3.2
      vertex 3.28155 295.541 3.2
    endloop
  endfacet
  facet normal 0 0 1
    outer loop
      vertex 3.28155 295.541 3.2
      vertex 3.07142 298.876 3.2
      vertex 3.15 295.472 3.2
    endloop
  endfacet
  facet normal 0 0 1
    outer loop
      vertex 3.07142 298.876 3.2
      vertex 3.02492 295.393 3.2
      vertex 3.15 295.472 3.2
    endloop
  endfacet
  facet normal 0 0 1
    outer loop
      vertex 2.10424 299.276 3.2
      vertex 3.02492 295.393 3.2
      vertex 3.07142 298.876 3.2
    endloop
  endfacet
  facet normal 0 0 1
    outer loop
      vertex 3.02492 295.393 3.2
      vertex 2.10424 299.276 3.2
      vertex 2.90726 295.302 3.2
    endloop
  endfacet
  facet normal 0 0 1
    outer loop
      vertex 2.90726 295.302 3.2
      vertex 2.10424 299.276 3.2
      vertex 2.79792 295.202 3.2
    endloop
  endfacet
  facet normal 0 0 1
    outer loop
      vertex 1.10583 299.591 3.2
      vertex 2.79792 295.202 3.2
      vertex 2.10424 299.276 3.2
    endloop
  endfacet
  facet normal 0 0 1
    outer loop
      vertex 2.79792 295.202 3.2
      vertex 1.10583 299.591 3.2
      vertex 2.69772 295.093 3.2
    endloop
  endfacet
  facet normal 0 0 1
    outer loop
      vertex 2.69772 295.093 3.2
      vertex 1.10583 299.591 3.2
      vertex 2.60744 294.975 3.2
    endloop
  endfacet
  facet normal 0 0 1
    outer loop
      vertex 0.0837774 299.818 3.2
      vertex 2.60744 294.975 3.2
      vertex 1.10583 299.591 3.2
    endloop
  endfacet
  facet normal 0 0 1
    outer loop
      vertex 2.60744 294.975 3.2
      vertex 0.0837774 299.818 3.2
      vertex 2.52776 294.85 3.2
    endloop
  endfacet
  facet normal 0 0 1
    outer loop
      vertex 2.52776 294.85 3.2
      vertex 0.0837774 299.818 3.2
      vertex 2.45928 294.718 3.2
    endloop
  endfacet
  facet normal 0 0 1
    outer loop
      vertex -2 300 3.2
      vertex 2.35793 294.44 3.2
      vertex -0.95413 299.954 3.2
    endloop
  endfacet
  facet normal 0 0 1
    outer loop
      vertex 2.40252 294.581 3.2
      vertex -0.95413 299.954 3.2
      vertex 2.35793 294.44 3.2
    endloop
  endfacet
  facet normal 0 0 1
    outer loop
      vertex 2.45928 294.718 3.2
      vertex -0.95413 299.954 3.2
      vertex 2.40252 294.581 3.2
    endloop
  endfacet
  facet normal 0 0 1
    outer loop
      vertex -0.95413 299.954 3.2
      vertex 2.45928 294.718 3.2
      vertex 0.0837774 299.818 3.2
    endloop
  endfacet
  facet normal -0 0 1
    outer loop
      vertex 5.64207 182.56 3.2
      vertex 7.82982 182.117 3.2
      vertex 5.67417 182.705 3.2
    endloop
  endfacet
  facet normal 0 0 1
    outer loop
      vertex 7.82982 182.117 3.2
      vertex 5.64207 182.56 3.2
      vertex 7.19253 181.287 3.2
    endloop
  endfacet
  facet normal -0 0 1
    outer loop
      vertex 5.59748 182.419 3.2
      vertex 7.19253 181.287 3.2
      vertex 5.64207 182.56 3.2
    endloop
  endfacet
  facet normal -0 0 1
    outer loop
      vertex 5.54072 182.282 3.2
      vertex 7.19253 181.287 3.2
      vertex 5.59748 182.419 3.2
    endloop
  endfacet
  facet normal -0 0 1
    outer loop
      vertex 5.47224 182.15 3.2
      vertex 7.19253 181.287 3.2
      vertex 5.54072 182.282 3.2
    endloop
  endfacet
  facet normal -0 0 1
    outer loop
      vertex 5.39256 182.025 3.2
      vertex 7.19253 181.287 3.2
      vertex 5.47224 182.15 3.2
    endloop
  endfacet
  facet normal 0 0 1
    outer loop
      vertex 7.19253 181.287 3.2
      vertex 5.39256 182.025 3.2
      vertex 6.48528 180.515 3.2
    endloop
  endfacet
  facet normal -0 0 1
    outer loop
      vertex 5.30227 181.907 3.2
      vertex 6.48528 180.515 3.2
      vertex 5.39256 182.025 3.2
    endloop
  endfacet
  facet normal -0 0 1
    outer loop
      vertex 5.20208 181.798 3.2
      vertex 6.48528 180.515 3.2
      vertex 5.30227 181.907 3.2
    endloop
  endfacet
  facet normal -0 0 1
    outer loop
      vertex 5.09274 181.698 3.2
      vertex 6.48528 180.515 3.2
      vertex 5.20208 181.798 3.2
    endloop
  endfacet
  facet normal -0 0 1
    outer loop
      vertex 4.97508 181.607 3.2
      vertex 6.48528 180.515 3.2
      vertex 5.09274 181.698 3.2
    endloop
  endfacet
  facet normal 0 0 1
    outer loop
      vertex 6.48528 180.515 3.2
      vertex 4.97508 181.607 3.2
      vertex 5.71345 179.807 3.2
    endloop
  endfacet
  facet normal -0 0 1
    outer loop
      vertex 4.85 181.528 3.2
      vertex 5.71345 179.807 3.2
      vertex 4.97508 181.607 3.2
    endloop
  endfacet
  facet normal -0 0 1
    outer loop
      vertex 4.71845 181.459 3.2
      vertex 5.71345 179.807 3.2
      vertex 4.85 181.528 3.2
    endloop
  endfacet
  facet normal -0 0 1
    outer loop
      vertex 4.58143 181.403 3.2
      vertex 5.71345 179.807 3.2
      vertex 4.71845 181.459 3.2
    endloop
  endfacet
  facet normal -0 0 1
    outer loop
      vertex 4.43999 181.358 3.2
      vertex 5.71345 179.807 3.2
      vertex 4.58143 181.403 3.2
    endloop
  endfacet
  facet normal 0 0 1
    outer loop
      vertex 5.71345 179.807 3.2
      vertex 4.43999 181.358 3.2
      vertex 4.88292 179.17 3.2
    endloop
  endfacet
  facet normal -0 0 1
    outer loop
      vertex 4.2952 181.326 3.2
      vertex 4.88292 179.17 3.2
      vertex 4.43999 181.358 3.2
    endloop
  endfacet
  facet normal -0 0 1
    outer loop
      vertex 4.14816 181.306 3.2
      vertex 4.88292 179.17 3.2
      vertex 4.2952 181.326 3.2
    endloop
  endfacet
  facet normal -0 0 1
    outer loop
      vertex 4 181.3 3.2
      vertex 4.88292 179.17 3.2
      vertex 4.14816 181.306 3.2
    endloop
  endfacet
  facet normal 0 0 1
    outer loop
      vertex 3.85183 181.306 3.2
      vertex 4.88292 179.17 3.2
      vertex 4 181.3 3.2
    endloop
  endfacet
  facet normal 0 0 1
    outer loop
      vertex 4.88292 179.17 3.2
      vertex 3.85183 181.306 3.2
      vertex 4 178.608 3.2
    endloop
  endfacet
  facet normal 0 0 1
    outer loop
      vertex 3.7048 181.326 3.2
      vertex 4 178.608 3.2
      vertex 3.85183 181.306 3.2
    endloop
  endfacet
  facet normal 0 0 1
    outer loop
      vertex 3.56001 181.358 3.2
      vertex 4 178.608 3.2
      vertex 3.7048 181.326 3.2
    endloop
  endfacet
  facet normal 0 0 1
    outer loop
      vertex 3.41857 181.403 3.2
      vertex 4 178.608 3.2
      vertex 3.56001 181.358 3.2
    endloop
  endfacet
  facet normal 0 0 1
    outer loop
      vertex 3.07142 178.124 3.2
      vertex 3.41857 181.403 3.2
      vertex 3.28155 181.459 3.2
    endloop
  endfacet
  facet normal 0 0 1
    outer loop
      vertex 3.07142 178.124 3.2
      vertex 3.28155 181.459 3.2
      vertex 3.15 181.528 3.2
    endloop
  endfacet
  facet normal 0 0 1
    outer loop
      vertex 3.41857 181.403 3.2
      vertex 3.07142 178.124 3.2
      vertex 4 178.608 3.2
    endloop
  endfacet
  facet normal 0 0 1
    outer loop
      vertex 3.02492 181.607 3.2
      vertex 3.07142 178.124 3.2
      vertex 3.15 181.528 3.2
    endloop
  endfacet
  facet normal 0 0 1
    outer loop
      vertex 2.10424 177.724 3.2
      vertex 3.02492 181.607 3.2
      vertex 2.90726 181.698 3.2
    endloop
  endfacet
  facet normal 0 0 1
    outer loop
      vertex 2.10424 177.724 3.2
      vertex 2.90726 181.698 3.2
      vertex 2.79792 181.798 3.2
    endloop
  endfacet
  facet normal 0 0 1
    outer loop
      vertex 1.10583 177.409 3.2
      vertex 2.79792 181.798 3.2
      vertex 2.69772 181.907 3.2
    endloop
  endfacet
  facet normal 0 0 1
    outer loop
      vertex 1.10583 177.409 3.2
      vertex 2.69772 181.907 3.2
      vertex 2.60744 182.025 3.2
    endloop
  endfacet
  facet normal 0 0 1
    outer loop
      vertex 0.0837774 177.182 3.2
      vertex 2.60744 182.025 3.2
      vertex 2.52776 182.15 3.2
    endloop
  endfacet
  facet normal 0 0 1
    outer loop
      vertex 0.0837774 177.182 3.2
      vertex 2.52776 182.15 3.2
      vertex 2.45928 182.282 3.2
    endloop
  endfacet
  facet normal 0 0 1
    outer loop
      vertex -0.95413 177.046 3.2
      vertex 2.45928 182.282 3.2
      vertex 2.40252 182.419 3.2
    endloop
  endfacet
  facet normal 0 0 1
    outer loop
      vertex -0.95413 177.046 3.2
      vertex 2.40252 182.419 3.2
      vertex 2.35793 182.56 3.2
    endloop
  endfacet
  facet normal 0 0 1
    outer loop
      vertex -2 177 3.2
      vertex 2.35793 182.56 3.2
      vertex 2.32583 182.705 3.2
    endloop
  endfacet
  facet normal 0 0 1
    outer loop
      vertex 3.02492 181.607 3.2
      vertex 2.10424 177.724 3.2
      vertex 3.07142 178.124 3.2
    endloop
  endfacet
  facet normal 0 0 1
    outer loop
      vertex -2 177 3.2
      vertex 2.32583 182.705 3.2
      vertex 2.30647 182.852 3.2
    endloop
  endfacet
  facet normal 0 0 1
    outer loop
      vertex -2 177 3.2
      vertex 2.30647 182.852 3.2
      vertex 2.3 183 3.2
    endloop
  endfacet
  facet normal -0 0 1
    outer loop
      vertex -15.3973 229.055 3.2
      vertex 10 189 3.2
      vertex -15.1837 229.143 3.2
    endloop
  endfacet
  facet normal 0 0 1
    outer loop
      vertex 2.35793 294.44 3.2
      vertex -2 300 3.2
      vertex 2.32583 294.295 3.2
    endloop
  endfacet
  facet normal 0 0 1
    outer loop
      vertex 10 189 3.2
      vertex 3.28155 184.541 3.2
      vertex 3.41857 184.597 3.2
    endloop
  endfacet
  facet normal 0 0 1
    outer loop
      vertex 2.32583 294.295 3.2
      vertex -2 300 3.2
      vertex 2.30647 294.148 3.2
    endloop
  endfacet
  facet normal 0 0 1
    outer loop
      vertex 10 189 3.2
      vertex -15.3973 229.055 3.2
      vertex 3.28155 184.541 3.2
    endloop
  endfacet
  facet normal 0 0 1
    outer loop
      vertex 2.30647 294.148 3.2
      vertex -2 300 3.2
      vertex 2.3 294 3.2
    endloop
  endfacet
  facet normal 0 0 1
    outer loop
      vertex 10 288 3.2
      vertex -12.1975 261.743 3.2
      vertex -12.443 260.635 3.2
    endloop
  endfacet
  facet normal 0 0 1
    outer loop
      vertex 2.40252 293.419 3.2
      vertex -2 300 3.2
      vertex -18.5 275.258 3.2
    endloop
  endfacet
  facet normal 0 0 1
    outer loop
      vertex 3.28155 184.541 3.2
      vertex -15.3973 229.055 3.2
      vertex 3.15 184.472 3.2
    endloop
  endfacet
  facet normal 0 0 1
    outer loop
      vertex 10 288 3.2
      vertex -12 264 3.2
      vertex -12.0495 262.867 3.2
    endloop
  endfacet
  facet normal 0 0 1
    outer loop
      vertex 10 288 3.2
      vertex -12.0495 265.133 3.2
      vertex -12 264 3.2
    endloop
  endfacet
  facet normal 0 0 1
    outer loop
      vertex 10 288 3.2
      vertex -12.1975 266.257 3.2
      vertex -12.0495 265.133 3.2
    endloop
  endfacet
  facet normal 0 0 1
    outer loop
      vertex 10 288 3.2
      vertex -12.443 267.365 3.2
      vertex -12.1975 266.257 3.2
    endloop
  endfacet
  facet normal 0 0 1
    outer loop
      vertex 10 288 3.2
      vertex -12.784 268.446 3.2
      vertex -12.443 267.365 3.2
    endloop
  endfacet
  facet normal 0 0 1
    outer loop
      vertex 10 288 3.2
      vertex -13.218 269.494 3.2
      vertex -12.784 268.446 3.2
    endloop
  endfacet
  facet normal 0 0 1
    outer loop
      vertex 10 288 3.2
      vertex -13.7417 270.5 3.2
      vertex -13.218 269.494 3.2
    endloop
  endfacet
  facet normal 0 0 1
    outer loop
      vertex 3.41857 292.403 3.2
      vertex -14.351 271.456 3.2
      vertex -13.7417 270.5 3.2
    endloop
  endfacet
  facet normal 0 0 1
    outer loop
      vertex 3.15 292.528 3.2
      vertex -15.0414 272.356 3.2
      vertex -14.351 271.456 3.2
    endloop
  endfacet
  facet normal 0 0 1
    outer loop
      vertex 2.90726 292.698 3.2
      vertex -15.8076 273.192 3.2
      vertex -15.0414 272.356 3.2
    endloop
  endfacet
  facet normal 0 0 1
    outer loop
      vertex 2.79792 292.798 3.2
      vertex -16.6438 273.959 3.2
      vertex -15.8076 273.192 3.2
    endloop
  endfacet
  facet normal 0 0 1
    outer loop
      vertex 2.60744 293.025 3.2
      vertex -17.5435 274.649 3.2
      vertex -16.6438 273.959 3.2
    endloop
  endfacet
  facet normal 0 0 1
    outer loop
      vertex 2.45928 293.282 3.2
      vertex -18.5 275.258 3.2
      vertex -17.5435 274.649 3.2
    endloop
  endfacet
  facet normal 0 0 1
    outer loop
      vertex -2 300 3.2
      vertex -19.506 275.782 3.2
      vertex -18.5 275.258 3.2
    endloop
  endfacet
  facet normal 0 0 1
    outer loop
      vertex -2 300 3.2
      vertex -20.5537 276.216 3.2
      vertex -19.506 275.782 3.2
    endloop
  endfacet
  facet normal 0 0 1
    outer loop
      vertex -2 300 3.2
      vertex -21.6354 276.557 3.2
      vertex -20.5537 276.216 3.2
    endloop
  endfacet
  facet normal 0 0 1
    outer loop
      vertex -2 300 3.2
      vertex -22.7426 276.802 3.2
      vertex -21.6354 276.557 3.2
    endloop
  endfacet
  facet normal 0 0 1
    outer loop
      vertex -2 300 3.2
      vertex -23.867 276.951 3.2
      vertex -22.7426 276.802 3.2
    endloop
  endfacet
  facet normal 0 0 1
    outer loop
      vertex -2 300 3.2
      vertex -25 277 3.2
      vertex -23.867 276.951 3.2
    endloop
  endfacet
  facet normal -0 0 1
    outer loop
      vertex -48 300 3.2
      vertex -25 277 3.2
      vertex -2 300 3.2
    endloop
  endfacet
  facet normal 0 0 1
    outer loop
      vertex -25 277 3.2
      vertex -48 300 3.2
      vertex -26.133 276.951 3.2
    endloop
  endfacet
  facet normal 0 0 1
    outer loop
      vertex -26.133 276.951 3.2
      vertex -48 300 3.2
      vertex -27.2574 276.802 3.2
    endloop
  endfacet
  facet normal 0 0 1
    outer loop
      vertex -27.2574 276.802 3.2
      vertex -48 300 3.2
      vertex -28.3646 276.557 3.2
    endloop
  endfacet
  facet normal 0 0 1
    outer loop
      vertex -28.3646 276.557 3.2
      vertex -48 300 3.2
      vertex -29.4463 276.216 3.2
    endloop
  endfacet
  facet normal 0 0 1
    outer loop
      vertex -29.4463 276.216 3.2
      vertex -48 300 3.2
      vertex -30.494 275.782 3.2
    endloop
  endfacet
  facet normal 0 0 1
    outer loop
      vertex -30.494 275.782 3.2
      vertex -48 300 3.2
      vertex -31.5 275.258 3.2
    endloop
  endfacet
  facet normal 0 0 1
    outer loop
      vertex -52.3065 293.852 3.2
      vertex -48 300 3.2
      vertex -52.3 294 3.2
    endloop
  endfacet
  facet normal -0 0 1
    outer loop
      vertex -52.7979 292.798 3.2
      vertex -33.3562 273.959 3.2
      vertex -52.6977 292.907 3.2
    endloop
  endfacet
  facet normal -0 0 1
    outer loop
      vertex -52.6977 292.907 3.2
      vertex -33.3562 273.959 3.2
      vertex -52.6074 293.025 3.2
    endloop
  endfacet
  facet normal 0 0 1
    outer loop
      vertex -32.4565 274.649 3.2
      vertex -52.6074 293.025 3.2
      vertex -33.3562 273.959 3.2
    endloop
  endfacet
  facet normal -0 0 1
    outer loop
      vertex -52.6074 293.025 3.2
      vertex -32.4565 274.649 3.2
      vertex -52.5278 293.15 3.2
    endloop
  endfacet
  facet normal -0 0 1
    outer loop
      vertex -52.5278 293.15 3.2
      vertex -32.4565 274.649 3.2
      vertex -52.4593 293.282 3.2
    endloop
  endfacet
  facet normal 0 0 1
    outer loop
      vertex -31.5 275.258 3.2
      vertex -52.4593 293.282 3.2
      vertex -32.4565 274.649 3.2
    endloop
  endfacet
  facet normal -0 0 1
    outer loop
      vertex -52.4593 293.282 3.2
      vertex -31.5 275.258 3.2
      vertex -52.4025 293.419 3.2
    endloop
  endfacet
  facet normal 0 0 1
    outer loop
      vertex -48 300 3.2
      vertex -52.4025 293.419 3.2
      vertex -31.5 275.258 3.2
    endloop
  endfacet
  facet normal 0 0 1
    outer loop
      vertex -52.4025 293.419 3.2
      vertex -48 300 3.2
      vertex -52.3579 293.56 3.2
    endloop
  endfacet
  facet normal 0 0 1
    outer loop
      vertex -52.3579 293.56 3.2
      vertex -48 300 3.2
      vertex -52.3258 293.705 3.2
    endloop
  endfacet
  facet normal 0 0 1
    outer loop
      vertex -52.3258 293.705 3.2
      vertex -48 300 3.2
      vertex -52.3065 293.852 3.2
    endloop
  endfacet
  facet normal -0 0 1
    outer loop
      vertex -15.6178 228.985 3.2
      vertex 3.15 184.472 3.2
      vertex -15.3973 229.055 3.2
    endloop
  endfacet
  facet normal 0 0 1
    outer loop
      vertex 10 288 3.2
      vertex -13.6939 232.005 3.2
      vertex -13.6638 231.776 3.2
    endloop
  endfacet
  facet normal 0 0 1
    outer loop
      vertex -13.902 232.665 3.2
      vertex -13.218 258.506 3.2
      vertex -13.7417 257.5 3.2
    endloop
  endfacet
  facet normal 0 0 1
    outer loop
      vertex 10 288 3.2
      vertex -13.744 232.231 3.2
      vertex -13.6939 232.005 3.2
    endloop
  endfacet
  facet normal 0 0 1
    outer loop
      vertex -12.784 259.554 3.2
      vertex -13.8135 232.451 3.2
      vertex -13.744 232.231 3.2
    endloop
  endfacet
  facet normal 0 0 1
    outer loop
      vertex -13.218 258.506 3.2
      vertex -13.902 232.665 3.2
      vertex -13.8135 232.451 3.2
    endloop
  endfacet
  facet normal 0 0 1
    outer loop
      vertex -13.7417 257.5 3.2
      vertex -14.0087 232.87 3.2
      vertex -13.902 232.665 3.2
    endloop
  endfacet
  facet normal 0 0 1
    outer loop
      vertex -13.7417 257.5 3.2
      vertex -14.1329 233.065 3.2
      vertex -14.0087 232.87 3.2
    endloop
  endfacet
  facet normal -0 0 1
    outer loop
      vertex -14.351 256.544 3.2
      vertex -14.1329 233.065 3.2
      vertex -13.7417 257.5 3.2
    endloop
  endfacet
  facet normal 0 0 1
    outer loop
      vertex -14.1329 233.065 3.2
      vertex -14.351 256.544 3.2
      vertex -14.2737 233.248 3.2
    endloop
  endfacet
  facet normal -0 0 1
    outer loop
      vertex -15.0414 255.644 3.2
      vertex -14.2737 233.248 3.2
      vertex -14.351 256.544 3.2
    endloop
  endfacet
  facet normal 0 0 1
    outer loop
      vertex -14.2737 233.248 3.2
      vertex -15.0414 255.644 3.2
      vertex -14.4298 233.419 3.2
    endloop
  endfacet
  facet normal 0 0 1
    outer loop
      vertex -14.4298 233.419 3.2
      vertex -15.0414 255.644 3.2
      vertex -14.6003 233.575 3.2
    endloop
  endfacet
  facet normal -0 0 1
    outer loop
      vertex -15.8076 254.808 3.2
      vertex -14.6003 233.575 3.2
      vertex -15.0414 255.644 3.2
    endloop
  endfacet
  facet normal 0 0 1
    outer loop
      vertex -14.6003 233.575 3.2
      vertex -15.8076 254.808 3.2
      vertex -14.7837 233.716 3.2
    endloop
  endfacet
  facet normal -0 0 1
    outer loop
      vertex -16.6438 254.041 3.2
      vertex -14.7837 233.716 3.2
      vertex -15.8076 254.808 3.2
    endloop
  endfacet
  facet normal 0 0 1
    outer loop
      vertex -14.7837 233.716 3.2
      vertex -16.6438 254.041 3.2
      vertex -14.9787 233.84 3.2
    endloop
  endfacet
  facet normal 0 0 1
    outer loop
      vertex -14.9787 233.84 3.2
      vertex -16.6438 254.041 3.2
      vertex -15.1837 233.947 3.2
    endloop
  endfacet
  facet normal -0 0 1
    outer loop
      vertex -17.5435 253.351 3.2
      vertex -15.1837 233.947 3.2
      vertex -16.6438 254.041 3.2
    endloop
  endfacet
  facet normal 0 0 1
    outer loop
      vertex -15.1837 233.947 3.2
      vertex -17.5435 253.351 3.2
      vertex -15.3973 234.035 3.2
    endloop
  endfacet
  facet normal 0 0 1
    outer loop
      vertex -15.3973 234.035 3.2
      vertex -17.5435 253.351 3.2
      vertex -15.6178 234.105 3.2
    endloop
  endfacet
  facet normal -0 0 1
    outer loop
      vertex -18.5 252.742 3.2
      vertex -15.6178 234.105 3.2
      vertex -17.5435 253.351 3.2
    endloop
  endfacet
  facet normal 0 0 1
    outer loop
      vertex -15.6178 234.105 3.2
      vertex -18.5 252.742 3.2
      vertex -15.8435 234.155 3.2
    endloop
  endfacet
  facet normal -0 0 1
    outer loop
      vertex -19.506 252.218 3.2
      vertex -15.8435 234.155 3.2
      vertex -18.5 252.742 3.2
    endloop
  endfacet
  facet normal 0 0 1
    outer loop
      vertex -15.8435 234.155 3.2
      vertex -19.506 252.218 3.2
      vertex -16.0727 234.185 3.2
    endloop
  endfacet
  facet normal 0 0 1
    outer loop
      vertex -16.0727 234.185 3.2
      vertex -19.506 252.218 3.2
      vertex -16.3037 234.195 3.2
    endloop
  endfacet
  facet normal -0 0 1
    outer loop
      vertex -20.5537 251.784 3.2
      vertex -16.3037 234.195 3.2
      vertex -19.506 252.218 3.2
    endloop
  endfacet
  facet normal 0 0 1
    outer loop
      vertex -16.3037 234.195 3.2
      vertex -20.5537 251.784 3.2
      vertex -16.5346 234.185 3.2
    endloop
  endfacet
  facet normal 0 0 1
    outer loop
      vertex -16.5346 234.185 3.2
      vertex -20.5537 251.784 3.2
      vertex -16.7638 234.155 3.2
    endloop
  endfacet
  facet normal -0 0 1
    outer loop
      vertex -21.6354 251.443 3.2
      vertex -16.7638 234.155 3.2
      vertex -20.5537 251.784 3.2
    endloop
  endfacet
  facet normal 0 0 1
    outer loop
      vertex -16.7638 234.155 3.2
      vertex -21.6354 251.443 3.2
      vertex -16.9895 234.105 3.2
    endloop
  endfacet
  facet normal 0 0 1
    outer loop
      vertex -16.9895 234.105 3.2
      vertex -21.6354 251.443 3.2
      vertex -17.21 234.035 3.2
    endloop
  endfacet
  facet normal -0 0 1
    outer loop
      vertex -22.7426 251.197 3.2
      vertex -17.21 234.035 3.2
      vertex -21.6354 251.443 3.2
    endloop
  endfacet
  facet normal 0 0 1
    outer loop
      vertex -17.21 234.035 3.2
      vertex -22.7426 251.197 3.2
      vertex -17.4236 233.947 3.2
    endloop
  endfacet
  facet normal 0 0 1
    outer loop
      vertex -17.4236 233.947 3.2
      vertex -22.7426 251.197 3.2
      vertex -17.6287 233.84 3.2
    endloop
  endfacet
  facet normal -0 0 1
    outer loop
      vertex -23.867 251.049 3.2
      vertex -17.6287 233.84 3.2
      vertex -22.7426 251.197 3.2
    endloop
  endfacet
  facet normal 0 0 1
    outer loop
      vertex -17.6287 233.84 3.2
      vertex -23.867 251.049 3.2
      vertex -17.8237 233.716 3.2
    endloop
  endfacet
  facet normal 0 0 1
    outer loop
      vertex -17.8237 233.716 3.2
      vertex -23.867 251.049 3.2
      vertex -18.0071 233.575 3.2
    endloop
  endfacet
  facet normal -0 0 1
    outer loop
      vertex -25 251 3.2
      vertex -18.0071 233.575 3.2
      vertex -23.867 251.049 3.2
    endloop
  endfacet
  facet normal 0 0 1
    outer loop
      vertex -18.0071 233.575 3.2
      vertex -25 251 3.2
      vertex -18.1775 233.419 3.2
    endloop
  endfacet
  facet normal 0 0 1
    outer loop
      vertex -18.1775 233.419 3.2
      vertex -25 251 3.2
      vertex -18.3337 233.248 3.2
    endloop
  endfacet
  facet normal 0 0 1
    outer loop
      vertex -26.133 251.049 3.2
      vertex -18.3337 233.248 3.2
      vertex -25 251 3.2
    endloop
  endfacet
  facet normal 0 0 1
    outer loop
      vertex -18.3337 233.248 3.2
      vertex -26.133 251.049 3.2
      vertex -18.4744 233.065 3.2
    endloop
  endfacet
  facet normal 0 0 1
    outer loop
      vertex -27.2574 251.197 3.2
      vertex -18.4744 233.065 3.2
      vertex -26.133 251.049 3.2
    endloop
  endfacet
  facet normal 0 0 1
    outer loop
      vertex 10 288 3.2
      vertex -12.0495 262.867 3.2
      vertex -12.1975 261.743 3.2
    endloop
  endfacet
  facet normal 0 0 1
    outer loop
      vertex 3.15 184.472 3.2
      vertex -15.6178 228.985 3.2
      vertex 3.02492 184.393 3.2
    endloop
  endfacet
  facet normal 0 0 1
    outer loop
      vertex -12.784 259.554 3.2
      vertex 10 288 3.2
      vertex -12.443 260.635 3.2
    endloop
  endfacet
  facet normal 0 0 1
    outer loop
      vertex -13.744 232.231 3.2
      vertex 10 288 3.2
      vertex -12.784 259.554 3.2
    endloop
  endfacet
  facet normal 0 0 1
    outer loop
      vertex -13.8135 232.451 3.2
      vertex -12.784 259.554 3.2
      vertex -13.218 258.506 3.2
    endloop
  endfacet
  facet normal -0 0 1
    outer loop
      vertex -15.8435 228.935 3.2
      vertex 3.02492 184.393 3.2
      vertex -15.6178 228.985 3.2
    endloop
  endfacet
  facet normal 0 0 1
    outer loop
      vertex 3.02492 184.393 3.2
      vertex -15.8435 228.935 3.2
      vertex 2.90726 184.302 3.2
    endloop
  endfacet
  facet normal -0 0 1
    outer loop
      vertex -16.0727 228.905 3.2
      vertex 2.90726 184.302 3.2
      vertex -15.8435 228.935 3.2
    endloop
  endfacet
  facet normal 0 0 1
    outer loop
      vertex 2.90726 184.302 3.2
      vertex -16.0727 228.905 3.2
      vertex 2.79792 184.202 3.2
    endloop
  endfacet
  facet normal -0 0 1
    outer loop
      vertex -16.3037 228.895 3.2
      vertex 2.79792 184.202 3.2
      vertex -16.0727 228.905 3.2
    endloop
  endfacet
  facet normal 0 0 1
    outer loop
      vertex 2.79792 184.202 3.2
      vertex -16.3037 228.895 3.2
      vertex 2.69772 184.093 3.2
    endloop
  endfacet
  facet normal 0 0 1
    outer loop
      vertex -16.5346 228.905 3.2
      vertex 2.69772 184.093 3.2
      vertex -16.3037 228.895 3.2
    endloop
  endfacet
  facet normal 0 0 1
    outer loop
      vertex 2.69772 184.093 3.2
      vertex -16.5346 228.905 3.2
      vertex 2.60744 183.975 3.2
    endloop
  endfacet
  facet normal 0 0 1
    outer loop
      vertex -16.7638 228.935 3.2
      vertex 2.60744 183.975 3.2
      vertex -16.5346 228.905 3.2
    endloop
  endfacet
  facet normal 0 0 1
    outer loop
      vertex 2.60744 183.975 3.2
      vertex -16.7638 228.935 3.2
      vertex 2.52776 183.85 3.2
    endloop
  endfacet
  facet normal 0 0 1
    outer loop
      vertex 2.35793 182.56 3.2
      vertex -2 177 3.2
      vertex -0.95413 177.046 3.2
    endloop
  endfacet
  facet normal 0 0 1
    outer loop
      vertex 2.79792 181.798 3.2
      vertex 1.10583 177.409 3.2
      vertex 2.10424 177.724 3.2
    endloop
  endfacet
  facet normal 0 0 1
    outer loop
      vertex 2.60744 182.025 3.2
      vertex 0.0837774 177.182 3.2
      vertex 1.10583 177.409 3.2
    endloop
  endfacet
  facet normal 0 0 1
    outer loop
      vertex 2.45928 182.282 3.2
      vertex -0.95413 177.046 3.2
      vertex 0.0837774 177.182 3.2
    endloop
  endfacet
  facet normal 0 0 1
    outer loop
      vertex -16.9895 228.985 3.2
      vertex 2.52776 183.85 3.2
      vertex -16.7638 228.935 3.2
    endloop
  endfacet
  facet normal 0 0 1
    outer loop
      vertex -52.3 183 3.2
      vertex 2.52776 183.85 3.2
      vertex -16.9895 228.985 3.2
    endloop
  endfacet
  facet normal 0 0 1
    outer loop
      vertex 2.52776 183.85 3.2
      vertex -48 177 3.2
      vertex 2.45928 183.718 3.2
    endloop
  endfacet
  facet normal 0 -0 1
    outer loop
      vertex -2 177 3.2
      vertex 2.45928 183.718 3.2
      vertex -48 177 3.2
    endloop
  endfacet
  facet normal 0 0 1
    outer loop
      vertex 2.45928 183.718 3.2
      vertex -2 177 3.2
      vertex 2.40252 183.581 3.2
    endloop
  endfacet
  facet normal 0 0 1
    outer loop
      vertex 2.40252 183.581 3.2
      vertex -2 177 3.2
      vertex 2.35793 183.44 3.2
    endloop
  endfacet
  facet normal 0 0 1
    outer loop
      vertex 2.35793 183.44 3.2
      vertex -2 177 3.2
      vertex 2.32583 183.295 3.2
    endloop
  endfacet
  facet normal 0 0 1
    outer loop
      vertex 2.32583 183.295 3.2
      vertex -2 177 3.2
      vertex 2.30647 183.148 3.2
    endloop
  endfacet
  facet normal 0 0 1
    outer loop
      vertex -52.3 183 3.2
      vertex -16.9895 228.985 3.2
      vertex -17.21 229.055 3.2
    endloop
  endfacet
  facet normal 0 0 1
    outer loop
      vertex -52.3 183 3.2
      vertex -17.21 229.055 3.2
      vertex -17.4236 229.143 3.2
    endloop
  endfacet
  facet normal 0 0 1
    outer loop
      vertex -52.3 183 3.2
      vertex -17.4236 229.143 3.2
      vertex -17.6287 229.25 3.2
    endloop
  endfacet
  facet normal 0 0 1
    outer loop
      vertex -52.3 183 3.2
      vertex -17.6287 229.25 3.2
      vertex -17.8237 229.374 3.2
    endloop
  endfacet
  facet normal 0 0 1
    outer loop
      vertex -52.3 183 3.2
      vertex -17.8237 229.374 3.2
      vertex -18.0071 229.515 3.2
    endloop
  endfacet
  facet normal 0 0 1
    outer loop
      vertex -52.3 183 3.2
      vertex -18.0071 229.515 3.2
      vertex -18.1775 229.671 3.2
    endloop
  endfacet
  facet normal 0 0 1
    outer loop
      vertex -52.3 183 3.2
      vertex -18.1775 229.671 3.2
      vertex -18.3337 229.842 3.2
    endloop
  endfacet
  facet normal 0 0 1
    outer loop
      vertex -52.3 183 3.2
      vertex -18.3337 229.842 3.2
      vertex -18.4744 230.025 3.2
    endloop
  endfacet
  facet normal 0 0 1
    outer loop
      vertex -52.3 183 3.2
      vertex -18.4744 230.025 3.2
      vertex -18.5986 230.22 3.2
    endloop
  endfacet
  facet normal 0 0 1
    outer loop
      vertex -52.3 183 3.2
      vertex -18.5986 230.22 3.2
      vertex -18.7054 230.425 3.2
    endloop
  endfacet
  facet normal 0 0 1
    outer loop
      vertex -52.3 183 3.2
      vertex -18.7054 230.425 3.2
      vertex -18.7939 230.639 3.2
    endloop
  endfacet
  facet normal 0 0 1
    outer loop
      vertex -52.3 183 3.2
      vertex -18.7939 230.639 3.2
      vertex -18.8634 230.859 3.2
    endloop
  endfacet
  facet normal 0 0 1
    outer loop
      vertex -18.4744 233.065 3.2
      vertex -27.2574 251.197 3.2
      vertex -18.5986 232.87 3.2
    endloop
  endfacet
  facet normal 0 0 1
    outer loop
      vertex -18.5986 232.87 3.2
      vertex -27.2574 251.197 3.2
      vertex -18.7054 232.665 3.2
    endloop
  endfacet
  facet normal 0 0 1
    outer loop
      vertex -28.3646 251.443 3.2
      vertex -18.7054 232.665 3.2
      vertex -27.2574 251.197 3.2
    endloop
  endfacet
  facet normal 0 0 1
    outer loop
      vertex -18.7054 232.665 3.2
      vertex -28.3646 251.443 3.2
      vertex -18.7939 232.451 3.2
    endloop
  endfacet
  facet normal 0 0 1
    outer loop
      vertex -18.7939 232.451 3.2
      vertex -28.3646 251.443 3.2
      vertex -18.8634 232.231 3.2
    endloop
  endfacet
  facet normal 0 0 1
    outer loop
      vertex -29.4463 251.784 3.2
      vertex -18.8634 232.231 3.2
      vertex -28.3646 251.443 3.2
    endloop
  endfacet
  facet normal 0 0 1
    outer loop
      vertex -18.8634 232.231 3.2
      vertex -29.4463 251.784 3.2
      vertex -18.9134 232.005 3.2
    endloop
  endfacet
  facet normal 0 0 1
    outer loop
      vertex -30.494 252.218 3.2
      vertex -18.9134 232.005 3.2
      vertex -29.4463 251.784 3.2
    endloop
  endfacet
  facet normal 0 0 1
    outer loop
      vertex -18.9134 232.005 3.2
      vertex -30.494 252.218 3.2
      vertex -18.9436 231.776 3.2
    endloop
  endfacet
  facet normal 0 0 1
    outer loop
      vertex -18.9436 231.776 3.2
      vertex -30.494 252.218 3.2
      vertex -18.9537 231.545 3.2
    endloop
  endfacet
  facet normal 0 0 1
    outer loop
      vertex -31.5 252.742 3.2
      vertex -18.9537 231.545 3.2
      vertex -30.494 252.218 3.2
    endloop
  endfacet
  facet normal 0 0 1
    outer loop
      vertex -18.9537 231.545 3.2
      vertex -31.5 252.742 3.2
      vertex -18.9436 231.314 3.2
    endloop
  endfacet
  facet normal 0 0 1
    outer loop
      vertex -32.4565 253.351 3.2
      vertex -18.9436 231.314 3.2
      vertex -31.5 252.742 3.2
    endloop
  endfacet
  facet normal 0 0 1
    outer loop
      vertex -18.9436 231.314 3.2
      vertex -32.4565 253.351 3.2
      vertex -18.9134 231.085 3.2
    endloop
  endfacet
  facet normal 0 0 1
    outer loop
      vertex -33.3562 254.041 3.2
      vertex -18.9134 231.085 3.2
      vertex -32.4565 253.351 3.2
    endloop
  endfacet
  facet normal 0 0 1
    outer loop
      vertex -18.9134 231.085 3.2
      vertex -33.3562 254.041 3.2
      vertex -18.8634 230.859 3.2
    endloop
  endfacet
  facet normal 0 0 1
    outer loop
      vertex -52.3 183 3.2
      vertex -18.8634 230.859 3.2
      vertex -33.3562 254.041 3.2
    endloop
  endfacet
  facet normal 0 0 1
    outer loop
      vertex -52.3 183 3.2
      vertex -33.3562 254.041 3.2
      vertex -34.1924 254.808 3.2
    endloop
  endfacet
  facet normal 0 0 1
    outer loop
      vertex -52.3 183 3.2
      vertex -34.1924 254.808 3.2
      vertex -34.9586 255.644 3.2
    endloop
  endfacet
  facet normal 0 0 1
    outer loop
      vertex -52.3 183 3.2
      vertex -34.9586 255.644 3.2
      vertex -35.649 256.544 3.2
    endloop
  endfacet
  facet normal 0 0 1
    outer loop
      vertex -52.3 183 3.2
      vertex -35.649 256.544 3.2
      vertex -36.2583 257.5 3.2
    endloop
  endfacet
  facet normal 0 0 1
    outer loop
      vertex -52.3 183 3.2
      vertex -36.2583 257.5 3.2
      vertex -36.782 258.506 3.2
    endloop
  endfacet
  facet normal 0 0 1
    outer loop
      vertex -33.3562 273.959 3.2
      vertex -52.7979 292.798 3.2
      vertex -34.1924 273.192 3.2
    endloop
  endfacet
  facet normal -0 0 1
    outer loop
      vertex -52.9073 292.698 3.2
      vertex -34.1924 273.192 3.2
      vertex -52.7979 292.798 3.2
    endloop
  endfacet
  facet normal 0 0 1
    outer loop
      vertex -34.1924 273.192 3.2
      vertex -52.9073 292.698 3.2
      vertex -34.9586 272.356 3.2
    endloop
  endfacet
  facet normal 0 0 1
    outer loop
      vertex 2.30647 183.148 3.2
      vertex -2 177 3.2
      vertex 2.3 183 3.2
    endloop
  endfacet
  facet normal 0 0 1
    outer loop
      vertex -52.3 183 3.2
      vertex -36.782 258.506 3.2
      vertex -37.216 259.554 3.2
    endloop
  endfacet
  facet normal 0 0 1
    outer loop
      vertex -52.3 183 3.2
      vertex -37.216 259.554 3.2
      vertex -37.557 260.635 3.2
    endloop
  endfacet
  facet normal -0 0 1
    outer loop
      vertex -53.0249 292.607 3.2
      vertex -34.9586 272.356 3.2
      vertex -52.9073 292.698 3.2
    endloop
  endfacet
  facet normal 0 0 1
    outer loop
      vertex -52.3579 294.44 3.2
      vertex -48 300 3.2
      vertex -49.0459 299.954 3.2
    endloop
  endfacet
  facet normal -0 0 1
    outer loop
      vertex -53.15 292.528 3.2
      vertex -34.9586 272.356 3.2
      vertex -53.0249 292.607 3.2
    endloop
  endfacet
  facet normal 0 0 1
    outer loop
      vertex -52.4593 294.718 3.2
      vertex -49.0459 299.954 3.2
      vertex -50.0838 299.818 3.2
    endloop
  endfacet
  facet normal 0 0 1
    outer loop
      vertex 2.52776 183.85 3.2
      vertex -52.3 183 3.2
      vertex -48 177 3.2
    endloop
  endfacet
  facet normal 0 0 1
    outer loop
      vertex -52.6074 294.975 3.2
      vertex -50.0838 299.818 3.2
      vertex -51.1058 299.591 3.2
    endloop
  endfacet
  facet normal -0 0 1
    outer loop
      vertex -52.3065 182.852 3.2
      vertex -48 177 3.2
      vertex -52.3 183 3.2
    endloop
  endfacet
  facet normal 0 0 1
    outer loop
      vertex -52.7979 295.202 3.2
      vertex -51.1058 299.591 3.2
      vertex -52.1042 299.276 3.2
    endloop
  endfacet
  facet normal -0 0 1
    outer loop
      vertex -52.3258 182.705 3.2
      vertex -48 177 3.2
      vertex -52.3065 182.852 3.2
    endloop
  endfacet
  facet normal -0 0 1
    outer loop
      vertex -52.3579 182.56 3.2
      vertex -48 177 3.2
      vertex -52.3258 182.705 3.2
    endloop
  endfacet
  facet normal 0 0 1
    outer loop
      vertex -48 300 3.2
      vertex -52.3065 294.148 3.2
      vertex -52.3 294 3.2
    endloop
  endfacet
  facet normal 0 0 1
    outer loop
      vertex -48 300 3.2
      vertex -52.3258 294.295 3.2
      vertex -52.3065 294.148 3.2
    endloop
  endfacet
  facet normal 0 0 1
    outer loop
      vertex -48 300 3.2
      vertex -52.3579 294.44 3.2
      vertex -52.3258 294.295 3.2
    endloop
  endfacet
  facet normal 0 0 1
    outer loop
      vertex -49.0459 299.954 3.2
      vertex -52.4025 294.581 3.2
      vertex -52.3579 294.44 3.2
    endloop
  endfacet
  facet normal 0 0 1
    outer loop
      vertex -49.0459 299.954 3.2
      vertex -52.4593 294.718 3.2
      vertex -52.4025 294.581 3.2
    endloop
  endfacet
  facet normal 0 0 1
    outer loop
      vertex -50.0838 299.818 3.2
      vertex -52.5278 294.85 3.2
      vertex -52.4593 294.718 3.2
    endloop
  endfacet
  facet normal 0 0 1
    outer loop
      vertex -50.0838 299.818 3.2
      vertex -52.6074 294.975 3.2
      vertex -52.5278 294.85 3.2
    endloop
  endfacet
  facet normal 0 0 1
    outer loop
      vertex -51.1058 299.591 3.2
      vertex -52.6977 295.093 3.2
      vertex -52.6074 294.975 3.2
    endloop
  endfacet
  facet normal 0 0 1
    outer loop
      vertex -51.1058 299.591 3.2
      vertex -52.7979 295.202 3.2
      vertex -52.6977 295.093 3.2
    endloop
  endfacet
  facet normal 0 0 1
    outer loop
      vertex -52.1042 299.276 3.2
      vertex -52.9073 295.302 3.2
      vertex -52.7979 295.202 3.2
    endloop
  endfacet
  facet normal 0 0 1
    outer loop
      vertex -52.1042 299.276 3.2
      vertex -53.0249 295.393 3.2
      vertex -52.9073 295.302 3.2
    endloop
  endfacet
  facet normal -0 0 1
    outer loop
      vertex -53.0714 298.876 3.2
      vertex -53.0249 295.393 3.2
      vertex -52.1042 299.276 3.2
    endloop
  endfacet
  facet normal 0 0 1
    outer loop
      vertex -53.0714 298.876 3.2
      vertex -53.15 295.472 3.2
      vertex -53.0249 295.393 3.2
    endloop
  endfacet
  facet normal 0 0 1
    outer loop
      vertex -53.0714 298.876 3.2
      vertex -53.2815 295.541 3.2
      vertex -53.15 295.472 3.2
    endloop
  endfacet
  facet normal 0 0 1
    outer loop
      vertex -53.0714 298.876 3.2
      vertex -53.4186 295.597 3.2
      vertex -53.2815 295.541 3.2
    endloop
  endfacet
  facet normal -0 0 1
    outer loop
      vertex -54 298.392 3.2
      vertex -53.4186 295.597 3.2
      vertex -53.0714 298.876 3.2
    endloop
  endfacet
  facet normal 0 0 1
    outer loop
      vertex -53.4186 295.597 3.2
      vertex -54 298.392 3.2
      vertex -53.56 295.642 3.2
    endloop
  endfacet
  facet normal 0 0 1
    outer loop
      vertex -53.56 295.642 3.2
      vertex -54 298.392 3.2
      vertex -53.7048 295.674 3.2
    endloop
  endfacet
  facet normal 0 0 1
    outer loop
      vertex -53.7048 295.674 3.2
      vertex -54 298.392 3.2
      vertex -53.8518 295.694 3.2
    endloop
  endfacet
  facet normal -0 0 1
    outer loop
      vertex -54.8829 297.83 3.2
      vertex -53.8518 295.694 3.2
      vertex -54 298.392 3.2
    endloop
  endfacet
  facet normal 0 0 1
    outer loop
      vertex -53.8518 295.694 3.2
      vertex -54.8829 297.83 3.2
      vertex -54 295.7 3.2
    endloop
  endfacet
  facet normal 0 0 1
    outer loop
      vertex -54 295.7 3.2
      vertex -54.8829 297.83 3.2
      vertex -54.1482 295.694 3.2
    endloop
  endfacet
  facet normal 0 0 1
    outer loop
      vertex -54.1482 295.694 3.2
      vertex -54.8829 297.83 3.2
      vertex -54.2952 295.674 3.2
    endloop
  endfacet
  facet normal 0 0 1
    outer loop
      vertex -54.2952 295.674 3.2
      vertex -54.8829 297.83 3.2
      vertex -54.44 295.642 3.2
    endloop
  endfacet
  facet normal -0 0 1
    outer loop
      vertex -55.7135 297.193 3.2
      vertex -54.44 295.642 3.2
      vertex -54.8829 297.83 3.2
    endloop
  endfacet
  facet normal 0 0 1
    outer loop
      vertex -54.44 295.642 3.2
      vertex -55.7135 297.193 3.2
      vertex -54.5814 295.597 3.2
    endloop
  endfacet
  facet normal 0 0 1
    outer loop
      vertex -54.5814 295.597 3.2
      vertex -55.7135 297.193 3.2
      vertex -54.7185 295.541 3.2
    endloop
  endfacet
  facet normal 0 0 1
    outer loop
      vertex -54.7185 295.541 3.2
      vertex -55.7135 297.193 3.2
      vertex -54.85 295.472 3.2
    endloop
  endfacet
  facet normal 0 0 1
    outer loop
      vertex -54.85 295.472 3.2
      vertex -55.7135 297.193 3.2
      vertex -54.9751 295.393 3.2
    endloop
  endfacet
  facet normal 0 0 1
    outer loop
      vertex -54.9751 295.393 3.2
      vertex -55.7135 297.193 3.2
      vertex -55.0927 295.302 3.2
    endloop
  endfacet
  facet normal 0 0 1
    outer loop
      vertex -55.0927 295.302 3.2
      vertex -55.7135 297.193 3.2
      vertex -55.2021 295.202 3.2
    endloop
  endfacet
  facet normal 0 0 1
    outer loop
      vertex -55.2021 295.202 3.2
      vertex -55.7135 297.193 3.2
      vertex -55.3023 295.093 3.2
    endloop
  endfacet
  facet normal 0 0 1
    outer loop
      vertex -55.3023 295.093 3.2
      vertex -55.7135 297.193 3.2
      vertex -55.3926 294.975 3.2
    endloop
  endfacet
  facet normal 0 0 1
    outer loop
      vertex -55.3926 294.975 3.2
      vertex -55.7135 297.193 3.2
      vertex -55.4722 294.85 3.2
    endloop
  endfacet
  facet normal 0 0 1
    outer loop
      vertex -55.4722 294.85 3.2
      vertex -55.7135 297.193 3.2
      vertex -55.5407 294.718 3.2
    endloop
  endfacet
  facet normal 0 0 1
    outer loop
      vertex -55.5407 294.718 3.2
      vertex -55.7135 297.193 3.2
      vertex -55.5975 294.581 3.2
    endloop
  endfacet
  facet normal 0 0 1
    outer loop
      vertex -55.6935 294.148 3.2
      vertex -60 288 3.2
      vertex -55.7 294 3.2
    endloop
  endfacet
  facet normal 0 0 1
    outer loop
      vertex -55.6742 294.295 3.2
      vertex -60 288 3.2
      vertex -55.6935 294.148 3.2
    endloop
  endfacet
  facet normal 0 0 1
    outer loop
      vertex -60 288 3.2
      vertex -55.6742 294.295 3.2
      vertex -55.7135 297.193 3.2
    endloop
  endfacet
  facet normal 0 0 1
    outer loop
      vertex -55.6421 294.44 3.2
      vertex -55.7135 297.193 3.2
      vertex -55.6742 294.295 3.2
    endloop
  endfacet
  facet normal 0 0 1
    outer loop
      vertex -55.5975 294.581 3.2
      vertex -55.7135 297.193 3.2
      vertex -55.6421 294.44 3.2
    endloop
  endfacet
  facet normal 0.843414 -0.537264 0
    outer loop
      vertex 7.82982 182.117 3.2
      vertex 8.3923 183 1.90735e-07
      vertex 8.3923 183 3.2
    endloop
  endfacet
  facet normal 0.843414 -0.537264 0
    outer loop
      vertex 8.3923 183 1.90735e-07
      vertex 7.82982 182.117 3.2
      vertex 7.82982 182.117 1.90735e-07
    endloop
  endfacet
  facet normal 0.737352 -0.675508 0
    outer loop
      vertex 6.48528 180.515 3.2
      vertex 7.19253 181.287 1.90735e-07
      vertex 7.19253 181.287 3.2
    endloop
  endfacet
  facet normal 0.737352 -0.675508 0
    outer loop
      vertex 7.19253 181.287 1.90735e-07
      vertex 6.48528 180.515 3.2
      vertex 6.48528 180.515 1.90735e-07
    endloop
  endfacet
  facet normal 0.300882 -0.953661 0
    outer loop
      vertex 1.10583 177.409 1.90735e-07
      vertex 2.10424 177.724 3.2
      vertex 1.10583 177.409 3.2
    endloop
  endfacet
  facet normal 0.300882 -0.953661 0
    outer loop
      vertex 2.10424 177.724 3.2
      vertex 1.10583 177.409 1.90735e-07
      vertex 2.10424 177.724 1.90735e-07
    endloop
  endfacet
  facet normal 0.608588 -0.793486 0
    outer loop
      vertex 4.88292 179.17 1.90735e-07
      vertex 5.71345 179.807 3.2
      vertex 4.88292 179.17 3.2
    endloop
  endfacet
  facet normal 0.608588 -0.793486 0
    outer loop
      vertex 5.71345 179.807 3.2
      vertex 4.88292 179.17 1.90735e-07
      vertex 5.71345 179.807 1.90735e-07
    endloop
  endfacet
  facet normal -0.991452 0.130474 0
    outer loop
      vertex -59.9543 289.046 1.90735e-07
      vertex -59.8177 290.084 3.2
      vertex -59.8177 290.084 1.90735e-07
    endloop
  endfacet
  facet normal -0.991452 0.130474 0
    outer loop
      vertex -59.8177 290.084 3.2
      vertex -59.9543 289.046 1.90735e-07
      vertex -59.9543 289.046 3.2
    endloop
  endfacet
  facet normal 0.953681 -0.30082 0
    outer loop
      vertex 9.27631 184.896 3.2
      vertex 9.59111 185.894 1.90735e-07
      vertex 9.59111 185.894 3.2
    endloop
  endfacet
  facet normal 0.953681 -0.30082 0
    outer loop
      vertex 9.59111 185.894 1.90735e-07
      vertex 9.27631 184.896 3.2
      vertex 9.27631 184.896 1.90735e-07
    endloop
  endfacet
  facet normal 0 1 -0
    outer loop
      vertex -2 300 1.90735e-07
      vertex -48 300 3.2
      vertex -2 300 3.2
    endloop
  endfacet
  facet normal 0 1 0
    outer loop
      vertex -48 300 3.2
      vertex -2 300 1.90735e-07
      vertex -48 300 1.90735e-07
    endloop
  endfacet
  facet normal 0.04394 0.999034 -0
    outer loop
      vertex -0.95413 299.954 1.90735e-07
      vertex -2 300 3.2
      vertex -0.95413 299.954 3.2
    endloop
  endfacet
  facet normal 0.04394 0.999034 0
    outer loop
      vertex -2 300 3.2
      vertex -0.95413 299.954 1.90735e-07
      vertex -2 300 1.90735e-07
    endloop
  endfacet
  facet normal 0.793165 0.609007 0
    outer loop
      vertex 7.82982 294.883 3.2
      vertex 7.19253 295.713 1.90735e-07
      vertex 7.19253 295.713 3.2
    endloop
  endfacet
  facet normal 0.793165 0.609007 0
    outer loop
      vertex 7.19253 295.713 1.90735e-07
      vertex 7.82982 294.883 3.2
      vertex 7.82982 294.883 1.90735e-07
    endloop
  endfacet
  facet normal 0.462208 0.886771 -0
    outer loop
      vertex 4 298.392 1.90735e-07
      vertex 3.07142 298.876 3.2
      vertex 4 298.392 3.2
    endloop
  endfacet
  facet normal 0.462208 0.886771 0
    outer loop
      vertex 3.07142 298.876 3.2
      vertex 4 298.392 1.90735e-07
      vertex 3.07142 298.876 1.90735e-07
    endloop
  endfacet
  facet normal -0.79316 -0.609013 0
    outer loop
      vertex -57.1925 181.287 1.90735e-07
      vertex -57.8298 182.117 3.2
      vertex -57.8298 182.117 1.90735e-07
    endloop
  endfacet
  facet normal -0.79316 -0.609013 0
    outer loop
      vertex -57.8298 182.117 3.2
      vertex -57.1925 181.287 1.90735e-07
      vertex -57.1925 181.287 3.2
    endloop
  endfacet
  facet normal -0.536981 -0.843595 0
    outer loop
      vertex -54.8829 179.17 1.90735e-07
      vertex -54 178.608 3.2
      vertex -54.8829 179.17 3.2
    endloop
  endfacet
  facet normal -0.536981 -0.843595 -0
    outer loop
      vertex -54 178.608 3.2
      vertex -54.8829 179.17 1.90735e-07
      vertex -54 178.608 1.90735e-07
    endloop
  endfacet
  facet normal -0.300885 -0.953661 0
    outer loop
      vertex -52.1042 177.724 1.90735e-07
      vertex -51.1058 177.409 3.2
      vertex -52.1042 177.724 3.2
    endloop
  endfacet
  facet normal -0.300885 -0.953661 -0
    outer loop
      vertex -51.1058 177.409 3.2
      vertex -52.1042 177.724 1.90735e-07
      vertex -51.1058 177.409 1.90735e-07
    endloop
  endfacet
  facet normal 0.216819 -0.976212 0
    outer loop
      vertex 0.0837774 177.182 1.90735e-07
      vertex 1.10583 177.409 3.2
      vertex 0.0837774 177.182 3.2
    endloop
  endfacet
  facet normal 0.216819 -0.976212 0
    outer loop
      vertex 1.10583 177.409 3.2
      vertex 0.0837774 177.182 1.90735e-07
      vertex 1.10583 177.409 1.90735e-07
    endloop
  endfacet
  facet normal 0.536972 -0.8436 0
    outer loop
      vertex 4 178.608 1.90735e-07
      vertex 4.88292 179.17 3.2
      vertex 4 178.608 3.2
    endloop
  endfacet
  facet normal 0.536972 -0.8436 0
    outer loop
      vertex 4.88292 179.17 3.2
      vertex 4 178.608 1.90735e-07
      vertex 4.88292 179.17 1.90735e-07
    endloop
  endfacet
  facet normal -0.79316 0.609013 0
    outer loop
      vertex -57.8298 294.883 1.90735e-07
      vertex -57.1925 295.713 3.2
      vertex -57.1925 295.713 1.90735e-07
    endloop
  endfacet
  facet normal -0.79316 0.609013 0
    outer loop
      vertex -57.1925 295.713 3.2
      vertex -57.8298 294.883 1.90735e-07
      vertex -57.8298 294.883 3.2
    endloop
  endfacet
  facet normal -0.887092 0.461593 0
    outer loop
      vertex -58.8757 293.071 1.90735e-07
      vertex -58.3923 294 3.2
      vertex -58.3923 294 1.90735e-07
    endloop
  endfacet
  facet normal -0.887092 0.461593 0
    outer loop
      vertex -58.3923 294 3.2
      vertex -58.8757 293.071 1.90735e-07
      vertex -58.8757 293.071 3.2
    endloop
  endfacet
  facet normal -0.953681 0.30082 0
    outer loop
      vertex -59.5911 291.106 1.90735e-07
      vertex -59.2763 292.104 3.2
      vertex -59.2763 292.104 1.90735e-07
    endloop
  endfacet
  facet normal -0.953681 0.30082 0
    outer loop
      vertex -59.2763 292.104 3.2
      vertex -59.5911 291.106 1.90735e-07
      vertex -59.5911 291.106 3.2
    endloop
  endfacet
  facet normal -0.97629 0.216465 0
    outer loop
      vertex -59.8177 290.084 1.90735e-07
      vertex -59.5911 291.106 3.2
      vertex -59.5911 291.106 1.90735e-07
    endloop
  endfacet
  facet normal -0.97629 0.216465 0
    outer loop
      vertex -59.5911 291.106 3.2
      vertex -59.8177 290.084 1.90735e-07
      vertex -59.8177 290.084 3.2
    endloop
  endfacet
  facet normal -0.536981 0.843595 0
    outer loop
      vertex -54 298.392 1.90735e-07
      vertex -54.8829 297.83 3.2
      vertex -54 298.392 3.2
    endloop
  endfacet
  facet normal -0.536981 0.843595 0
    outer loop
      vertex -54.8829 297.83 3.2
      vertex -54 298.392 1.90735e-07
      vertex -54.8829 297.83 1.90735e-07
    endloop
  endfacet
  facet normal 0.675978 0.736921 -0
    outer loop
      vertex 6.48528 296.485 1.90735e-07
      vertex 5.71345 297.193 3.2
      vertex 6.48528 296.485 3.2
    endloop
  endfacet
  facet normal 0.675978 0.736921 0
    outer loop
      vertex 5.71345 297.193 3.2
      vertex 6.48528 296.485 1.90735e-07
      vertex 5.71345 297.193 1.90735e-07
    endloop
  endfacet
  facet normal 0.536972 0.8436 -0
    outer loop
      vertex 4.88292 297.83 1.90735e-07
      vertex 4 298.392 3.2
      vertex 4.88292 297.83 3.2
    endloop
  endfacet
  facet normal 0.536972 0.8436 0
    outer loop
      vertex 4 298.392 3.2
      vertex 4.88292 297.83 1.90735e-07
      vertex 4 298.392 1.90735e-07
    endloop
  endfacet
  facet normal 0.737352 0.675508 0
    outer loop
      vertex 7.19253 295.713 3.2
      vertex 6.48528 296.485 1.90735e-07
      vertex 6.48528 296.485 3.2
    endloop
  endfacet
  facet normal 0.737352 0.675508 0
    outer loop
      vertex 6.48528 296.485 1.90735e-07
      vertex 7.19253 295.713 3.2
      vertex 7.19253 295.713 1.90735e-07
    endloop
  endfacet
  facet normal 0.382179 0.924089 -0
    outer loop
      vertex 3.07142 298.876 1.90735e-07
      vertex 2.10424 299.276 3.2
      vertex 3.07142 298.876 3.2
    endloop
  endfacet
  facet normal 0.382179 0.924089 0
    outer loop
      vertex 2.10424 299.276 3.2
      vertex 3.07142 298.876 1.90735e-07
      vertex 2.10424 299.276 1.90735e-07
    endloop
  endfacet
  facet normal 0.129922 0.991524 -0
    outer loop
      vertex 0.0837774 299.818 1.90735e-07
      vertex -0.95413 299.954 3.2
      vertex 0.0837774 299.818 3.2
    endloop
  endfacet
  facet normal 0.129922 0.991524 0
    outer loop
      vertex -0.95413 299.954 3.2
      vertex 0.0837774 299.818 1.90735e-07
      vertex -0.95413 299.954 1.90735e-07
    endloop
  endfacet
  facet normal 0.300882 0.953661 -0
    outer loop
      vertex 2.10424 299.276 1.90735e-07
      vertex 1.10583 299.591 3.2
      vertex 2.10424 299.276 3.2
    endloop
  endfacet
  facet normal 0.300882 0.953661 0
    outer loop
      vertex 1.10583 299.591 3.2
      vertex 2.10424 299.276 1.90735e-07
      vertex 1.10583 299.591 1.90735e-07
    endloop
  endfacet
  facet normal -0.923861 -0.382729 0
    outer loop
      vertex -58.8757 183.929 1.90735e-07
      vertex -59.2763 184.896 3.2
      vertex -59.2763 184.896 1.90735e-07
    endloop
  endfacet
  facet normal -0.923861 -0.382729 0
    outer loop
      vertex -59.2763 184.896 3.2
      vertex -58.8757 183.929 1.90735e-07
      vertex -58.8757 183.929 3.2
    endloop
  endfacet
  facet normal -0.97629 -0.216465 0
    outer loop
      vertex -59.5911 185.894 1.90735e-07
      vertex -59.8177 186.916 3.2
      vertex -59.8177 186.916 1.90735e-07
    endloop
  endfacet
  facet normal -0.97629 -0.216465 0
    outer loop
      vertex -59.8177 186.916 3.2
      vertex -59.5911 185.894 1.90735e-07
      vertex -59.5911 185.894 3.2
    endloop
  endfacet
  facet normal -0.382172 -0.924091 0
    outer loop
      vertex -53.0714 178.124 1.90735e-07
      vertex -52.1042 177.724 3.2
      vertex -53.0714 178.124 3.2
    endloop
  endfacet
  facet normal -0.382172 -0.924091 -0
    outer loop
      vertex -52.1042 177.724 3.2
      vertex -53.0714 178.124 1.90735e-07
      vertex -52.1042 177.724 1.90735e-07
    endloop
  endfacet
  facet normal 0.675978 -0.736921 0
    outer loop
      vertex 5.71345 179.807 1.90735e-07
      vertex 6.48528 180.515 3.2
      vertex 5.71345 179.807 3.2
    endloop
  endfacet
  facet normal 0.675978 -0.736921 0
    outer loop
      vertex 6.48528 180.515 3.2
      vertex 5.71345 179.807 1.90735e-07
      vertex 6.48528 180.515 1.90735e-07
    endloop
  endfacet
  facet normal 0.382179 -0.924089 0
    outer loop
      vertex 2.10424 177.724 1.90735e-07
      vertex 3.07142 178.124 3.2
      vertex 2.10424 177.724 3.2
    endloop
  endfacet
  facet normal 0.382179 -0.924089 0
    outer loop
      vertex 3.07142 178.124 3.2
      vertex 2.10424 177.724 1.90735e-07
      vertex 3.07142 178.124 1.90735e-07
    endloop
  endfacet
  facet normal -0.737376 0.675482 0
    outer loop
      vertex -57.1925 295.713 1.90735e-07
      vertex -56.4853 296.485 3.2
      vertex -56.4853 296.485 1.90735e-07
    endloop
  endfacet
  facet normal -0.737376 0.675482 0
    outer loop
      vertex -56.4853 296.485 3.2
      vertex -57.1925 295.713 1.90735e-07
      vertex -57.1925 295.713 3.2
    endloop
  endfacet
  facet normal -0.843406 0.537277 0
    outer loop
      vertex -58.3923 294 1.90735e-07
      vertex -57.8298 294.883 3.2
      vertex -57.8298 294.883 1.90735e-07
    endloop
  endfacet
  facet normal -0.843406 0.537277 0
    outer loop
      vertex -57.8298 294.883 3.2
      vertex -58.3923 294 1.90735e-07
      vertex -58.3923 294 3.2
    endloop
  endfacet
  facet normal 0.608588 0.793486 -0
    outer loop
      vertex 5.71345 297.193 1.90735e-07
      vertex 4.88292 297.83 3.2
      vertex 5.71345 297.193 3.2
    endloop
  endfacet
  facet normal 0.608588 0.793486 0
    outer loop
      vertex 4.88292 297.83 3.2
      vertex 5.71345 297.193 1.90735e-07
      vertex 4.88292 297.83 1.90735e-07
    endloop
  endfacet
  facet normal 0.216819 0.976212 -0
    outer loop
      vertex 1.10583 299.591 1.90735e-07
      vertex 0.0837774 299.818 3.2
      vertex 1.10583 299.591 3.2
    endloop
  endfacet
  facet normal 0.216819 0.976212 0
    outer loop
      vertex 0.0837774 299.818 3.2
      vertex 1.10583 299.591 1.90735e-07
      vertex 0.0837774 299.818 1.90735e-07
    endloop
  endfacet
  facet normal -0.887092 -0.461593 0
    outer loop
      vertex -58.3923 183 1.90735e-07
      vertex -58.8757 183.929 3.2
      vertex -58.8757 183.929 1.90735e-07
    endloop
  endfacet
  facet normal -0.887092 -0.461593 0
    outer loop
      vertex -58.8757 183.929 3.2
      vertex -58.3923 183 1.90735e-07
      vertex -58.3923 183 3.2
    endloop
  endfacet
  facet normal -0.953681 -0.30082 0
    outer loop
      vertex -59.2763 184.896 1.90735e-07
      vertex -59.5911 185.894 3.2
      vertex -59.5911 185.894 1.90735e-07
    endloop
  endfacet
  facet normal -0.953681 -0.30082 0
    outer loop
      vertex -59.5911 185.894 3.2
      vertex -59.2763 184.896 1.90735e-07
      vertex -59.2763 184.896 3.2
    endloop
  endfacet
  facet normal -0.608556 0.793511 0
    outer loop
      vertex -54.8829 297.83 1.90735e-07
      vertex -55.7135 297.193 3.2
      vertex -54.8829 297.83 3.2
    endloop
  endfacet
  facet normal -0.608556 0.793511 0
    outer loop
      vertex -55.7135 297.193 3.2
      vertex -54.8829 297.83 1.90735e-07
      vertex -55.7135 297.193 1.90735e-07
    endloop
  endfacet
  facet normal -0.4622 0.886775 0
    outer loop
      vertex -53.0714 298.876 1.90735e-07
      vertex -54 298.392 3.2
      vertex -53.0714 298.876 3.2
    endloop
  endfacet
  facet normal -0.4622 0.886775 0
    outer loop
      vertex -54 298.392 3.2
      vertex -53.0714 298.876 1.90735e-07
      vertex -54 298.392 1.90735e-07
    endloop
  endfacet
  facet normal -0.300885 0.953661 0
    outer loop
      vertex -51.1058 299.591 1.90735e-07
      vertex -52.1042 299.276 3.2
      vertex -51.1058 299.591 3.2
    endloop
  endfacet
  facet normal -0.300885 0.953661 0
    outer loop
      vertex -52.1042 299.276 3.2
      vertex -51.1058 299.591 1.90735e-07
      vertex -52.1042 299.276 1.90735e-07
    endloop
  endfacet
  facet normal -0.382172 0.924091 0
    outer loop
      vertex -52.1042 299.276 1.90735e-07
      vertex -53.0714 298.876 3.2
      vertex -52.1042 299.276 3.2
    endloop
  endfacet
  facet normal -0.382172 0.924091 0
    outer loop
      vertex -53.0714 298.876 3.2
      vertex -52.1042 299.276 1.90735e-07
      vertex -53.0714 298.876 1.90735e-07
    endloop
  endfacet
  facet normal -0.129923 0.991524 0
    outer loop
      vertex -49.0459 299.954 1.90735e-07
      vertex -50.0838 299.818 3.2
      vertex -49.0459 299.954 3.2
    endloop
  endfacet
  facet normal -0.129923 0.991524 0
    outer loop
      vertex -50.0838 299.818 3.2
      vertex -49.0459 299.954 1.90735e-07
      vertex -50.0838 299.818 1.90735e-07
    endloop
  endfacet
  facet normal -0.216829 0.97621 0
    outer loop
      vertex -50.0838 299.818 1.90735e-07
      vertex -51.1058 299.591 3.2
      vertex -50.0838 299.818 3.2
    endloop
  endfacet
  facet normal -0.216829 0.97621 0
    outer loop
      vertex -51.1058 299.591 3.2
      vertex -50.0838 299.818 1.90735e-07
      vertex -51.1058 299.591 1.90735e-07
    endloop
  endfacet
  facet normal -0.608559 0.793508 0
    outer loop
      vertex -32.4565 274.649 3.2
      vertex -33.3562 273.959 11.2
      vertex -32.4565 274.649 11.2
    endloop
  endfacet
  facet normal -0.608559 0.793508 0
    outer loop
      vertex -33.3562 273.959 11.2
      vertex -32.4565 274.649 3.2
      vertex -33.3562 273.959 3.2
    endloop
  endfacet
  facet normal -0.999047 -0.0436477 0
    outer loop
      vertex -37.9505 262.867 3.2
      vertex -38 264 11.2
      vertex -38 264 3.2
    endloop
  endfacet
  facet normal -0.999047 -0.0436477 0
    outer loop
      vertex -38 264 11.2
      vertex -37.9505 262.867 3.2
      vertex -37.9505 262.867 11.2
    endloop
  endfacet
  facet normal 0.382705 0.923871 -0
    outer loop
      vertex -19.506 275.782 3.2
      vertex -20.5537 276.216 11.2
      vertex -19.506 275.782 11.2
    endloop
  endfacet
  facet normal 0.382705 0.923871 0
    outer loop
      vertex -20.5537 276.216 11.2
      vertex -19.506 275.782 3.2
      vertex -20.5537 276.216 3.2
    endloop
  endfacet
  facet normal 0.953676 0.300836 0
    outer loop
      vertex -12.443 267.365 11.2
      vertex -12.784 268.446 3.2
      vertex -12.784 268.446 11.2
    endloop
  endfacet
  facet normal 0.953676 0.300836 0
    outer loop
      vertex -12.784 268.446 3.2
      vertex -12.443 267.365 11.2
      vertex -12.443 267.365 3.2
    endloop
  endfacet
  facet normal 0.923909 -0.382611 0
    outer loop
      vertex -13.218 258.506 11.2
      vertex -12.784 259.554 3.2
      vertex -12.784 259.554 11.2
    endloop
  endfacet
  facet normal 0.923909 -0.382611 0
    outer loop
      vertex -12.784 259.554 3.2
      vertex -13.218 258.506 11.2
      vertex -13.218 258.506 3.2
    endloop
  endfacet
  facet normal 0.300659 -0.953732 0
    outer loop
      vertex -21.6354 251.443 3.2
      vertex -20.5537 251.784 11.2
      vertex -21.6354 251.443 11.2
    endloop
  endfacet
  facet normal 0.300659 -0.953732 0
    outer loop
      vertex -20.5537 251.784 11.2
      vertex -21.6354 251.443 3.2
      vertex -20.5537 251.784 3.2
    endloop
  endfacet
  facet normal -0.843287 0.537463 0
    outer loop
      vertex -36.2583 270.5 3.2
      vertex -35.649 271.456 11.2
      vertex -35.649 271.456 3.2
    endloop
  endfacet
  facet normal -0.843287 0.537463 0
    outer loop
      vertex -35.649 271.456 11.2
      vertex -36.2583 270.5 3.2
      vertex -36.2583 270.5 11.2
    endloop
  endfacet
  facet normal -0.0432076 0.999066 0
    outer loop
      vertex -25 277 3.2
      vertex -26.133 276.951 11.2
      vertex -25 277 11.2
    endloop
  endfacet
  facet normal -0.0432076 0.999066 0
    outer loop
      vertex -26.133 276.951 11.2
      vertex -25 277 3.2
      vertex -26.133 276.951 3.2
    endloop
  endfacet
  facet normal 0.999047 0.0436477 0
    outer loop
      vertex -12 264 11.2
      vertex -12.0495 265.133 3.2
      vertex -12.0495 265.133 11.2
    endloop
  endfacet
  facet normal 0.999047 0.0436477 0
    outer loop
      vertex -12.0495 265.133 3.2
      vertex -12 264 11.2
      vertex -12 264 3.2
    endloop
  endfacet
  facet normal 0.793436 0.608654 0
    outer loop
      vertex -14.351 271.456 11.2
      vertex -15.0414 272.356 3.2
      vertex -15.0414 272.356 11.2
    endloop
  endfacet
  facet normal 0.793436 0.608654 0
    outer loop
      vertex -15.0414 272.356 3.2
      vertex -14.351 271.456 11.2
      vertex -14.351 271.456 3.2
    endloop
  endfacet
  facet normal 0.216053 0.976382 -0
    outer loop
      vertex -21.6354 276.557 3.2
      vertex -22.7426 276.802 11.2
      vertex -21.6354 276.557 11.2
    endloop
  endfacet
  facet normal 0.216053 0.976382 0
    outer loop
      vertex -22.7426 276.802 11.2
      vertex -21.6354 276.557 3.2
      vertex -22.7426 276.802 3.2
    endloop
  endfacet
  facet normal -0.953676 -0.300836 0
    outer loop
      vertex -37.216 259.554 3.2
      vertex -37.557 260.635 11.2
      vertex -37.557 260.635 3.2
    endloop
  endfacet
  facet normal -0.953676 -0.300836 0
    outer loop
      vertex -37.557 260.635 11.2
      vertex -37.216 259.554 3.2
      vertex -37.216 259.554 11.2
    endloop
  endfacet
  facet normal -0.461963 -0.886899 0
    outer loop
      vertex -31.5 252.742 3.2
      vertex -30.494 252.218 11.2
      vertex -31.5 252.742 11.2
    endloop
  endfacet
  facet normal -0.461963 -0.886899 -0
    outer loop
      vertex -30.494 252.218 11.2
      vertex -31.5 252.742 3.2
      vertex -30.494 252.218 3.2
    endloop
  endfacet
  facet normal 0 0 1
    outer loop
      vertex -15.4 264 11.2
      vertex -12 264 11.2
      vertex -12.0495 265.133 11.2
    endloop
  endfacet
  facet normal 0 0 1
    outer loop
      vertex -15.4365 264.837 11.2
      vertex -12.0495 265.133 11.2
      vertex -12.1975 266.257 11.2
    endloop
  endfacet
  facet normal 0 0 1
    outer loop
      vertex -12 264 11.2
      vertex -15.4 264 11.2
      vertex -12.0495 262.867 11.2
    endloop
  endfacet
  facet normal 0 0 1
    outer loop
      vertex -15.5458 265.667 11.2
      vertex -12.1975 266.257 11.2
      vertex -12.443 267.365 11.2
    endloop
  endfacet
  facet normal -0 0 1
    outer loop
      vertex -15.4365 263.163 11.2
      vertex -12.0495 262.867 11.2
      vertex -15.4 264 11.2
    endloop
  endfacet
  facet normal 0 0 1
    outer loop
      vertex -15.7271 266.485 11.2
      vertex -12.443 267.365 11.2
      vertex -12.784 268.446 11.2
    endloop
  endfacet
  facet normal 0 0 1
    outer loop
      vertex -12.0495 262.867 11.2
      vertex -15.4365 263.163 11.2
      vertex -12.1975 261.743 11.2
    endloop
  endfacet
  facet normal 0 0 1
    outer loop
      vertex -15.979 267.283 11.2
      vertex -12.784 268.446 11.2
      vertex -13.218 269.494 11.2
    endloop
  endfacet
  facet normal -0 0 1
    outer loop
      vertex -15.5458 262.333 11.2
      vertex -12.1975 261.743 11.2
      vertex -15.4365 263.163 11.2
    endloop
  endfacet
  facet normal 0 0 1
    outer loop
      vertex -16.2994 268.057 11.2
      vertex -13.218 269.494 11.2
      vertex -13.7417 270.5 11.2
    endloop
  endfacet
  facet normal 0 0 1
    outer loop
      vertex -12.1975 261.743 11.2
      vertex -15.5458 262.333 11.2
      vertex -12.443 260.635 11.2
    endloop
  endfacet
  facet normal 0 0 1
    outer loop
      vertex -16.6862 268.8 11.2
      vertex -13.7417 270.5 11.2
      vertex -14.351 271.456 11.2
    endloop
  endfacet
  facet normal -0 0 1
    outer loop
      vertex -15.7271 261.515 11.2
      vertex -12.443 260.635 11.2
      vertex -15.5458 262.333 11.2
    endloop
  endfacet
  facet normal 0 0 1
    outer loop
      vertex -17.1361 269.506 11.2
      vertex -14.351 271.456 11.2
      vertex -15.0414 272.356 11.2
    endloop
  endfacet
  facet normal 0 0 1
    outer loop
      vertex -12.443 260.635 11.2
      vertex -15.7271 261.515 11.2
      vertex -12.784 259.554 11.2
    endloop
  endfacet
  facet normal -0 0 1
    outer loop
      vertex -15.979 260.717 11.2
      vertex -12.784 259.554 11.2
      vertex -15.7271 261.515 11.2
    endloop
  endfacet
  facet normal 0 0 1
    outer loop
      vertex -12.0495 265.133 11.2
      vertex -15.4365 264.837 11.2
      vertex -15.4 264 11.2
    endloop
  endfacet
  facet normal 0 0 1
    outer loop
      vertex -12.1975 266.257 11.2
      vertex -15.5458 265.667 11.2
      vertex -15.4365 264.837 11.2
    endloop
  endfacet
  facet normal 0 0 1
    outer loop
      vertex -12.443 267.365 11.2
      vertex -15.7271 266.485 11.2
      vertex -15.5458 265.667 11.2
    endloop
  endfacet
  facet normal 0 0 1
    outer loop
      vertex -17.646 270.171 11.2
      vertex -15.0414 272.356 11.2
      vertex -15.8076 273.192 11.2
    endloop
  endfacet
  facet normal 0 0 1
    outer loop
      vertex -12.784 268.446 11.2
      vertex -15.979 267.283 11.2
      vertex -15.7271 266.485 11.2
    endloop
  endfacet
  facet normal 0 0 1
    outer loop
      vertex -13.218 269.494 11.2
      vertex -16.2994 268.057 11.2
      vertex -15.979 267.283 11.2
    endloop
  endfacet
  facet normal 0 0 1
    outer loop
      vertex -18.2118 270.788 11.2
      vertex -15.8076 273.192 11.2
      vertex -16.6438 273.959 11.2
    endloop
  endfacet
  facet normal 0 0 1
    outer loop
      vertex -13.7417 270.5 11.2
      vertex -16.6862 268.8 11.2
      vertex -16.2994 268.057 11.2
    endloop
  endfacet
  facet normal 0 0 1
    outer loop
      vertex -14.351 271.456 11.2
      vertex -17.1361 269.506 11.2
      vertex -16.6862 268.8 11.2
    endloop
  endfacet
  facet normal 0 0 1
    outer loop
      vertex -18.8292 271.354 11.2
      vertex -16.6438 273.959 11.2
      vertex -17.5435 274.649 11.2
    endloop
  endfacet
  facet normal 0 0 1
    outer loop
      vertex -15.0414 272.356 11.2
      vertex -17.646 270.171 11.2
      vertex -17.1361 269.506 11.2
    endloop
  endfacet
  facet normal 0 0 1
    outer loop
      vertex -15.8076 273.192 11.2
      vertex -18.2118 270.788 11.2
      vertex -17.646 270.171 11.2
    endloop
  endfacet
  facet normal 0 0 1
    outer loop
      vertex -19.4937 271.864 11.2
      vertex -17.5435 274.649 11.2
      vertex -18.5 275.258 11.2
    endloop
  endfacet
  facet normal 0 0 1
    outer loop
      vertex -16.6438 273.959 11.2
      vertex -18.8292 271.354 11.2
      vertex -18.2118 270.788 11.2
    endloop
  endfacet
  facet normal 0 0 1
    outer loop
      vertex -17.5435 274.649 11.2
      vertex -19.4937 271.864 11.2
      vertex -18.8292 271.354 11.2
    endloop
  endfacet
  facet normal 0 0 1
    outer loop
      vertex -20.2 272.314 11.2
      vertex -18.5 275.258 11.2
      vertex -19.506 275.782 11.2
    endloop
  endfacet
  facet normal 0 0 1
    outer loop
      vertex -18.5 275.258 11.2
      vertex -20.2 272.314 11.2
      vertex -19.4937 271.864 11.2
    endloop
  endfacet
  facet normal 0 0 1
    outer loop
      vertex -20.9429 272.701 11.2
      vertex -19.506 275.782 11.2
      vertex -20.5537 276.216 11.2
    endloop
  endfacet
  facet normal 0 0 1
    outer loop
      vertex -19.506 275.782 11.2
      vertex -20.9429 272.701 11.2
      vertex -20.2 272.314 11.2
    endloop
  endfacet
  facet normal 0 0 1
    outer loop
      vertex -21.7166 273.021 11.2
      vertex -20.5537 276.216 11.2
      vertex -21.6354 276.557 11.2
    endloop
  endfacet
  facet normal 0 0 1
    outer loop
      vertex -20.5537 276.216 11.2
      vertex -21.7166 273.021 11.2
      vertex -20.9429 272.701 11.2
    endloop
  endfacet
  facet normal 0 0 1
    outer loop
      vertex -21.6354 276.557 11.2
      vertex -22.5153 273.273 11.2
      vertex -21.7166 273.021 11.2
    endloop
  endfacet
  facet normal 0 0 1
    outer loop
      vertex -22.7426 276.802 11.2
      vertex -22.5153 273.273 11.2
      vertex -21.6354 276.557 11.2
    endloop
  endfacet
  facet normal 0 0 1
    outer loop
      vertex -22.7426 276.802 11.2
      vertex -23.333 273.454 11.2
      vertex -22.5153 273.273 11.2
    endloop
  endfacet
  facet normal 0 0 1
    outer loop
      vertex -23.867 276.951 11.2
      vertex -23.333 273.454 11.2
      vertex -22.7426 276.802 11.2
    endloop
  endfacet
  facet normal 0 0 1
    outer loop
      vertex -23.867 276.951 11.2
      vertex -24.1633 273.563 11.2
      vertex -23.333 273.454 11.2
    endloop
  endfacet
  facet normal 0 0 1
    outer loop
      vertex -25 277 11.2
      vertex -24.1633 273.563 11.2
      vertex -23.867 276.951 11.2
    endloop
  endfacet
  facet normal 0 0 1
    outer loop
      vertex -25 277 11.2
      vertex -25 273.6 11.2
      vertex -24.1633 273.563 11.2
    endloop
  endfacet
  facet normal 0 0 1
    outer loop
      vertex -25 277 11.2
      vertex -25.8367 273.563 11.2
      vertex -25 273.6 11.2
    endloop
  endfacet
  facet normal -0 0 1
    outer loop
      vertex -26.133 276.951 11.2
      vertex -25.8367 273.563 11.2
      vertex -25 277 11.2
    endloop
  endfacet
  facet normal 0 0 1
    outer loop
      vertex -26.133 276.951 11.2
      vertex -26.667 273.454 11.2
      vertex -25.8367 273.563 11.2
    endloop
  endfacet
  facet normal -0 0 1
    outer loop
      vertex -27.2574 276.802 11.2
      vertex -26.667 273.454 11.2
      vertex -26.133 276.951 11.2
    endloop
  endfacet
  facet normal 0 0 1
    outer loop
      vertex -27.2574 276.802 11.2
      vertex -27.4847 273.273 11.2
      vertex -26.667 273.454 11.2
    endloop
  endfacet
  facet normal -0 0 1
    outer loop
      vertex -28.3646 276.557 11.2
      vertex -27.4847 273.273 11.2
      vertex -27.2574 276.802 11.2
    endloop
  endfacet
  facet normal 0 0 1
    outer loop
      vertex -27.4847 273.273 11.2
      vertex -28.3646 276.557 11.2
      vertex -28.2834 273.021 11.2
    endloop
  endfacet
  facet normal -0 0 1
    outer loop
      vertex -29.4463 276.216 11.2
      vertex -28.2834 273.021 11.2
      vertex -28.3646 276.557 11.2
    endloop
  endfacet
  facet normal 0 0 1
    outer loop
      vertex -28.2834 273.021 11.2
      vertex -29.4463 276.216 11.2
      vertex -29.0571 272.701 11.2
    endloop
  endfacet
  facet normal -0 0 1
    outer loop
      vertex -30.494 275.782 11.2
      vertex -29.0571 272.701 11.2
      vertex -29.4463 276.216 11.2
    endloop
  endfacet
  facet normal 0 0 1
    outer loop
      vertex -29.0571 272.701 11.2
      vertex -30.494 275.782 11.2
      vertex -29.8 272.314 11.2
    endloop
  endfacet
  facet normal -0 0 1
    outer loop
      vertex -31.5 275.258 11.2
      vertex -29.8 272.314 11.2
      vertex -30.494 275.782 11.2
    endloop
  endfacet
  facet normal 0 0 1
    outer loop
      vertex -29.8 272.314 11.2
      vertex -31.5 275.258 11.2
      vertex -30.5063 271.864 11.2
    endloop
  endfacet
  facet normal -0 0 1
    outer loop
      vertex -32.4565 274.649 11.2
      vertex -30.5063 271.864 11.2
      vertex -31.5 275.258 11.2
    endloop
  endfacet
  facet normal 0 0 1
    outer loop
      vertex -30.5063 271.864 11.2
      vertex -32.4565 274.649 11.2
      vertex -31.1708 271.354 11.2
    endloop
  endfacet
  facet normal -0 0 1
    outer loop
      vertex -33.3562 273.959 11.2
      vertex -31.1708 271.354 11.2
      vertex -32.4565 274.649 11.2
    endloop
  endfacet
  facet normal 0 0 1
    outer loop
      vertex -31.1708 271.354 11.2
      vertex -33.3562 273.959 11.2
      vertex -31.7882 270.788 11.2
    endloop
  endfacet
  facet normal -0 0 1
    outer loop
      vertex -34.1924 273.192 11.2
      vertex -31.7882 270.788 11.2
      vertex -33.3562 273.959 11.2
    endloop
  endfacet
  facet normal 0 0 1
    outer loop
      vertex -31.7882 270.788 11.2
      vertex -34.1924 273.192 11.2
      vertex -32.354 270.171 11.2
    endloop
  endfacet
  facet normal -0 0 1
    outer loop
      vertex -34.9586 272.356 11.2
      vertex -32.354 270.171 11.2
      vertex -34.1924 273.192 11.2
    endloop
  endfacet
  facet normal 0 0 1
    outer loop
      vertex -32.354 270.171 11.2
      vertex -34.9586 272.356 11.2
      vertex -32.8639 269.506 11.2
    endloop
  endfacet
  facet normal -0 0 1
    outer loop
      vertex -35.649 271.456 11.2
      vertex -32.8639 269.506 11.2
      vertex -34.9586 272.356 11.2
    endloop
  endfacet
  facet normal 0 0 1
    outer loop
      vertex -32.8639 269.506 11.2
      vertex -35.649 271.456 11.2
      vertex -33.3138 268.8 11.2
    endloop
  endfacet
  facet normal -0 0 1
    outer loop
      vertex -36.2583 270.5 11.2
      vertex -33.3138 268.8 11.2
      vertex -35.649 271.456 11.2
    endloop
  endfacet
  facet normal 0 0 1
    outer loop
      vertex -33.3138 268.8 11.2
      vertex -36.2583 270.5 11.2
      vertex -33.7006 268.057 11.2
    endloop
  endfacet
  facet normal -0 0 1
    outer loop
      vertex -36.782 269.494 11.2
      vertex -33.7006 268.057 11.2
      vertex -36.2583 270.5 11.2
    endloop
  endfacet
  facet normal -0 0 1
    outer loop
      vertex -37.216 268.446 11.2
      vertex -34.021 267.283 11.2
      vertex -36.782 269.494 11.2
    endloop
  endfacet
  facet normal 0 0 1
    outer loop
      vertex -33.7006 268.057 11.2
      vertex -36.782 269.494 11.2
      vertex -34.021 267.283 11.2
    endloop
  endfacet
  facet normal 0 0 1
    outer loop
      vertex -12.784 259.554 11.2
      vertex -15.979 260.717 11.2
      vertex -13.218 258.506 11.2
    endloop
  endfacet
  facet normal -0 0 1
    outer loop
      vertex -16.2994 259.943 11.2
      vertex -13.218 258.506 11.2
      vertex -15.979 260.717 11.2
    endloop
  endfacet
  facet normal 0 0 1
    outer loop
      vertex -13.218 258.506 11.2
      vertex -16.2994 259.943 11.2
      vertex -13.7417 257.5 11.2
    endloop
  endfacet
  facet normal -0 0 1
    outer loop
      vertex -16.6862 259.2 11.2
      vertex -13.7417 257.5 11.2
      vertex -16.2994 259.943 11.2
    endloop
  endfacet
  facet normal 0 0 1
    outer loop
      vertex -13.7417 257.5 11.2
      vertex -16.6862 259.2 11.2
      vertex -14.351 256.544 11.2
    endloop
  endfacet
  facet normal -0 0 1
    outer loop
      vertex -17.1361 258.494 11.2
      vertex -14.351 256.544 11.2
      vertex -16.6862 259.2 11.2
    endloop
  endfacet
  facet normal 0 0 1
    outer loop
      vertex -14.351 256.544 11.2
      vertex -17.1361 258.494 11.2
      vertex -15.0414 255.644 11.2
    endloop
  endfacet
  facet normal -0 0 1
    outer loop
      vertex -17.646 257.829 11.2
      vertex -15.0414 255.644 11.2
      vertex -17.1361 258.494 11.2
    endloop
  endfacet
  facet normal 0 0 1
    outer loop
      vertex -15.0414 255.644 11.2
      vertex -17.646 257.829 11.2
      vertex -15.8076 254.808 11.2
    endloop
  endfacet
  facet normal -0 0 1
    outer loop
      vertex -18.2118 257.212 11.2
      vertex -15.8076 254.808 11.2
      vertex -17.646 257.829 11.2
    endloop
  endfacet
  facet normal 0 0 1
    outer loop
      vertex -15.8076 254.808 11.2
      vertex -18.2118 257.212 11.2
      vertex -16.6438 254.041 11.2
    endloop
  endfacet
  facet normal -0 0 1
    outer loop
      vertex -18.8292 256.646 11.2
      vertex -16.6438 254.041 11.2
      vertex -18.2118 257.212 11.2
    endloop
  endfacet
  facet normal 0 0 1
    outer loop
      vertex -16.6438 254.041 11.2
      vertex -18.8292 256.646 11.2
      vertex -17.5435 253.351 11.2
    endloop
  endfacet
  facet normal -0 0 1
    outer loop
      vertex -19.4937 256.136 11.2
      vertex -17.5435 253.351 11.2
      vertex -18.8292 256.646 11.2
    endloop
  endfacet
  facet normal 0 0 1
    outer loop
      vertex -17.5435 253.351 11.2
      vertex -19.4937 256.136 11.2
      vertex -18.5 252.742 11.2
    endloop
  endfacet
  facet normal -0 0 1
    outer loop
      vertex -20.2 255.686 11.2
      vertex -18.5 252.742 11.2
      vertex -19.4937 256.136 11.2
    endloop
  endfacet
  facet normal 0 0 1
    outer loop
      vertex -18.5 252.742 11.2
      vertex -20.2 255.686 11.2
      vertex -19.506 252.218 11.2
    endloop
  endfacet
  facet normal -0 0 1
    outer loop
      vertex -20.9429 255.299 11.2
      vertex -19.506 252.218 11.2
      vertex -20.2 255.686 11.2
    endloop
  endfacet
  facet normal 0 0 1
    outer loop
      vertex -19.506 252.218 11.2
      vertex -20.9429 255.299 11.2
      vertex -20.5537 251.784 11.2
    endloop
  endfacet
  facet normal -0 0 1
    outer loop
      vertex -21.7166 254.979 11.2
      vertex -20.5537 251.784 11.2
      vertex -20.9429 255.299 11.2
    endloop
  endfacet
  facet normal 0 0 1
    outer loop
      vertex -20.5537 251.784 11.2
      vertex -21.7166 254.979 11.2
      vertex -21.6354 251.443 11.2
    endloop
  endfacet
  facet normal -0 0 1
    outer loop
      vertex -22.5153 254.727 11.2
      vertex -21.6354 251.443 11.2
      vertex -21.7166 254.979 11.2
    endloop
  endfacet
  facet normal 0 0 1
    outer loop
      vertex -22.5153 254.727 11.2
      vertex -22.7426 251.197 11.2
      vertex -21.6354 251.443 11.2
    endloop
  endfacet
  facet normal -0 0 1
    outer loop
      vertex -23.333 254.546 11.2
      vertex -22.7426 251.197 11.2
      vertex -22.5153 254.727 11.2
    endloop
  endfacet
  facet normal 0 0 1
    outer loop
      vertex -23.333 254.546 11.2
      vertex -23.867 251.049 11.2
      vertex -22.7426 251.197 11.2
    endloop
  endfacet
  facet normal -0 0 1
    outer loop
      vertex -24.1633 254.437 11.2
      vertex -23.867 251.049 11.2
      vertex -23.333 254.546 11.2
    endloop
  endfacet
  facet normal -0 0 1
    outer loop
      vertex -25 254.4 11.2
      vertex -23.867 251.049 11.2
      vertex -24.1633 254.437 11.2
    endloop
  endfacet
  facet normal 0 0 1
    outer loop
      vertex -25 254.4 11.2
      vertex -25 251 11.2
      vertex -23.867 251.049 11.2
    endloop
  endfacet
  facet normal 0 0 1
    outer loop
      vertex -25.8367 254.437 11.2
      vertex -25 251 11.2
      vertex -25 254.4 11.2
    endloop
  endfacet
  facet normal 0 0 1
    outer loop
      vertex -25.8367 254.437 11.2
      vertex -26.133 251.049 11.2
      vertex -25 251 11.2
    endloop
  endfacet
  facet normal 0 0 1
    outer loop
      vertex -26.667 254.546 11.2
      vertex -26.133 251.049 11.2
      vertex -25.8367 254.437 11.2
    endloop
  endfacet
  facet normal 0 0 1
    outer loop
      vertex -26.667 254.546 11.2
      vertex -27.2574 251.197 11.2
      vertex -26.133 251.049 11.2
    endloop
  endfacet
  facet normal 0 0 1
    outer loop
      vertex -27.4847 254.727 11.2
      vertex -27.2574 251.197 11.2
      vertex -26.667 254.546 11.2
    endloop
  endfacet
  facet normal 0 0 1
    outer loop
      vertex -28.3646 251.443 11.2
      vertex -27.4847 254.727 11.2
      vertex -28.2834 254.979 11.2
    endloop
  endfacet
  facet normal 0 0 1
    outer loop
      vertex -27.4847 254.727 11.2
      vertex -28.3646 251.443 11.2
      vertex -27.2574 251.197 11.2
    endloop
  endfacet
  facet normal 0 0 1
    outer loop
      vertex -29.4463 251.784 11.2
      vertex -28.2834 254.979 11.2
      vertex -29.0571 255.299 11.2
    endloop
  endfacet
  facet normal 0 0 1
    outer loop
      vertex -28.2834 254.979 11.2
      vertex -29.4463 251.784 11.2
      vertex -28.3646 251.443 11.2
    endloop
  endfacet
  facet normal 0 0 1
    outer loop
      vertex -30.494 252.218 11.2
      vertex -29.0571 255.299 11.2
      vertex -29.8 255.686 11.2
    endloop
  endfacet
  facet normal 0 0 1
    outer loop
      vertex -29.0571 255.299 11.2
      vertex -30.494 252.218 11.2
      vertex -29.4463 251.784 11.2
    endloop
  endfacet
  facet normal 0 0 1
    outer loop
      vertex -31.5 252.742 11.2
      vertex -29.8 255.686 11.2
      vertex -30.5063 256.136 11.2
    endloop
  endfacet
  facet normal 0 0 1
    outer loop
      vertex -32.4565 253.351 11.2
      vertex -30.5063 256.136 11.2
      vertex -31.1708 256.646 11.2
    endloop
  endfacet
  facet normal 0 0 1
    outer loop
      vertex -29.8 255.686 11.2
      vertex -31.5 252.742 11.2
      vertex -30.494 252.218 11.2
    endloop
  endfacet
  facet normal 0 0 1
    outer loop
      vertex -33.3562 254.041 11.2
      vertex -31.1708 256.646 11.2
      vertex -31.7882 257.212 11.2
    endloop
  endfacet
  facet normal 0 0 1
    outer loop
      vertex -34.1924 254.808 11.2
      vertex -31.7882 257.212 11.2
      vertex -32.354 257.829 11.2
    endloop
  endfacet
  facet normal 0 0 1
    outer loop
      vertex -30.5063 256.136 11.2
      vertex -32.4565 253.351 11.2
      vertex -31.5 252.742 11.2
    endloop
  endfacet
  facet normal 0 0 1
    outer loop
      vertex -34.9586 255.644 11.2
      vertex -32.354 257.829 11.2
      vertex -32.8639 258.494 11.2
    endloop
  endfacet
  facet normal 0 0 1
    outer loop
      vertex -35.649 256.544 11.2
      vertex -32.8639 258.494 11.2
      vertex -33.3138 259.2 11.2
    endloop
  endfacet
  facet normal 0 0 1
    outer loop
      vertex -31.1708 256.646 11.2
      vertex -33.3562 254.041 11.2
      vertex -32.4565 253.351 11.2
    endloop
  endfacet
  facet normal 0 0 1
    outer loop
      vertex -36.2583 257.5 11.2
      vertex -33.3138 259.2 11.2
      vertex -33.7006 259.943 11.2
    endloop
  endfacet
  facet normal 0 0 1
    outer loop
      vertex -36.782 258.506 11.2
      vertex -33.7006 259.943 11.2
      vertex -34.021 260.717 11.2
    endloop
  endfacet
  facet normal 0 0 1
    outer loop
      vertex -31.7882 257.212 11.2
      vertex -34.1924 254.808 11.2
      vertex -33.3562 254.041 11.2
    endloop
  endfacet
  facet normal 0 0 1
    outer loop
      vertex -37.216 259.554 11.2
      vertex -34.021 260.717 11.2
      vertex -34.2729 261.515 11.2
    endloop
  endfacet
  facet normal 0 0 1
    outer loop
      vertex -37.557 260.635 11.2
      vertex -34.2729 261.515 11.2
      vertex -34.4542 262.333 11.2
    endloop
  endfacet
  facet normal 0 0 1
    outer loop
      vertex -37.8025 261.743 11.2
      vertex -34.4542 262.333 11.2
      vertex -34.5635 263.163 11.2
    endloop
  endfacet
  facet normal 0 0 1
    outer loop
      vertex -32.354 257.829 11.2
      vertex -34.9586 255.644 11.2
      vertex -34.1924 254.808 11.2
    endloop
  endfacet
  facet normal 0 0 1
    outer loop
      vertex -37.9505 262.867 11.2
      vertex -34.5635 263.163 11.2
      vertex -34.6 264 11.2
    endloop
  endfacet
  facet normal 0 0 1
    outer loop
      vertex -34.021 267.283 11.2
      vertex -37.216 268.446 11.2
      vertex -34.2729 266.485 11.2
    endloop
  endfacet
  facet normal -0 0 1
    outer loop
      vertex -37.557 267.365 11.2
      vertex -34.2729 266.485 11.2
      vertex -37.216 268.446 11.2
    endloop
  endfacet
  facet normal 0 0 1
    outer loop
      vertex -32.8639 258.494 11.2
      vertex -35.649 256.544 11.2
      vertex -34.9586 255.644 11.2
    endloop
  endfacet
  facet normal 0 0 1
    outer loop
      vertex -34.2729 266.485 11.2
      vertex -37.557 267.365 11.2
      vertex -34.4542 265.667 11.2
    endloop
  endfacet
  facet normal 0 0 1
    outer loop
      vertex -33.3138 259.2 11.2
      vertex -36.2583 257.5 11.2
      vertex -35.649 256.544 11.2
    endloop
  endfacet
  facet normal -0 0 1
    outer loop
      vertex -37.8025 266.257 11.2
      vertex -34.4542 265.667 11.2
      vertex -37.557 267.365 11.2
    endloop
  endfacet
  facet normal 0 0 1
    outer loop
      vertex -33.7006 259.943 11.2
      vertex -36.782 258.506 11.2
      vertex -36.2583 257.5 11.2
    endloop
  endfacet
  facet normal 0 0 1
    outer loop
      vertex -34.4542 265.667 11.2
      vertex -37.8025 266.257 11.2
      vertex -34.5635 264.837 11.2
    endloop
  endfacet
  facet normal 0 0 1
    outer loop
      vertex -34.021 260.717 11.2
      vertex -37.216 259.554 11.2
      vertex -36.782 258.506 11.2
    endloop
  endfacet
  facet normal -0 0 1
    outer loop
      vertex -37.9505 265.133 11.2
      vertex -34.5635 264.837 11.2
      vertex -37.8025 266.257 11.2
    endloop
  endfacet
  facet normal 0 0 1
    outer loop
      vertex -34.2729 261.515 11.2
      vertex -37.557 260.635 11.2
      vertex -37.216 259.554 11.2
    endloop
  endfacet
  facet normal 0 0 1
    outer loop
      vertex -34.5635 264.837 11.2
      vertex -37.9505 265.133 11.2
      vertex -34.6 264 11.2
    endloop
  endfacet
  facet normal 0 0 1
    outer loop
      vertex -34.4542 262.333 11.2
      vertex -37.8025 261.743 11.2
      vertex -37.557 260.635 11.2
    endloop
  endfacet
  facet normal 0 0 1
    outer loop
      vertex -38 264 11.2
      vertex -34.6 264 11.2
      vertex -37.9505 265.133 11.2
    endloop
  endfacet
  facet normal 0 0 1
    outer loop
      vertex -34.5635 263.163 11.2
      vertex -37.9505 262.867 11.2
      vertex -37.8025 261.743 11.2
    endloop
  endfacet
  facet normal 0 0 1
    outer loop
      vertex -34.6 264 11.2
      vertex -38 264 11.2
      vertex -37.9505 262.867 11.2
    endloop
  endfacet
  facet normal 0.0432076 -0.999066 0
    outer loop
      vertex -25 251 3.2
      vertex -23.867 251.049 11.2
      vertex -25 251 11.2
    endloop
  endfacet
  facet normal 0.0432076 -0.999066 0
    outer loop
      vertex -23.867 251.049 11.2
      vertex -25 251 3.2
      vertex -23.867 251.049 3.2
    endloop
  endfacet
  facet normal 0.608559 -0.793508 0
    outer loop
      vertex -17.5435 253.351 3.2
      vertex -16.6438 254.041 11.2
      vertex -17.5435 253.351 11.2
    endloop
  endfacet
  facet normal 0.608559 -0.793508 0
    outer loop
      vertex -16.6438 254.041 11.2
      vertex -17.5435 253.351 3.2
      vertex -16.6438 254.041 3.2
    endloop
  endfacet
  facet normal 0.976322 -0.216324 0
    outer loop
      vertex -12.443 260.635 11.2
      vertex -12.1975 261.743 3.2
      vertex -12.1975 261.743 11.2
    endloop
  endfacet
  facet normal 0.976322 -0.216324 0
    outer loop
      vertex -12.1975 261.743 3.2
      vertex -12.443 260.635 11.2
      vertex -12.443 260.635 3.2
    endloop
  endfacet
  facet normal -0.991442 0.130546 0
    outer loop
      vertex -37.9505 265.133 3.2
      vertex -37.8025 266.257 11.2
      vertex -37.8025 266.257 3.2
    endloop
  endfacet
  facet normal -0.991442 0.130546 0
    outer loop
      vertex -37.8025 266.257 11.2
      vertex -37.9505 265.133 3.2
      vertex -37.9505 265.133 11.2
    endloop
  endfacet
  facet normal -0.953676 0.300836 0
    outer loop
      vertex -37.557 267.365 3.2
      vertex -37.216 268.446 11.2
      vertex -37.216 268.446 3.2
    endloop
  endfacet
  facet normal -0.953676 0.300836 0
    outer loop
      vertex -37.216 268.446 11.2
      vertex -37.557 267.365 3.2
      vertex -37.557 267.365 11.2
    endloop
  endfacet
  facet normal -0.737213 0.675661 0
    outer loop
      vertex -34.9586 272.356 3.2
      vertex -34.1924 273.192 11.2
      vertex -34.1924 273.192 3.2
    endloop
  endfacet
  facet normal -0.737213 0.675661 0
    outer loop
      vertex -34.1924 273.192 11.2
      vertex -34.9586 272.356 3.2
      vertex -34.9586 272.356 11.2
    endloop
  endfacet
  facet normal 0.0432076 0.999066 -0
    outer loop
      vertex -23.867 276.951 3.2
      vertex -25 277 11.2
      vertex -23.867 276.951 11.2
    endloop
  endfacet
  facet normal 0.0432076 0.999066 0
    outer loop
      vertex -25 277 11.2
      vertex -23.867 276.951 3.2
      vertex -25 277 3.2
    endloop
  endfacet
  facet normal -0.216053 0.976382 0
    outer loop
      vertex -27.2574 276.802 3.2
      vertex -28.3646 276.557 11.2
      vertex -27.2574 276.802 11.2
    endloop
  endfacet
  facet normal -0.216053 0.976382 0
    outer loop
      vertex -28.3646 276.557 11.2
      vertex -27.2574 276.802 3.2
      vertex -28.3646 276.557 3.2
    endloop
  endfacet
  facet normal 0.999047 -0.0436477 0
    outer loop
      vertex -12.0495 262.867 11.2
      vertex -12 264 3.2
      vertex -12 264 11.2
    endloop
  endfacet
  facet normal 0.999047 -0.0436477 0
    outer loop
      vertex -12 264 3.2
      vertex -12.0495 262.867 11.2
      vertex -12.0495 262.867 3.2
    endloop
  endfacet
  facet normal 0.976322 0.216324 0
    outer loop
      vertex -12.1975 266.257 11.2
      vertex -12.443 267.365 3.2
      vertex -12.443 267.365 11.2
    endloop
  endfacet
  facet normal 0.976322 0.216324 0
    outer loop
      vertex -12.443 267.365 3.2
      vertex -12.1975 266.257 11.2
      vertex -12.1975 266.257 3.2
    endloop
  endfacet
  facet normal 0.991442 0.130546 0
    outer loop
      vertex -12.0495 265.133 11.2
      vertex -12.1975 266.257 3.2
      vertex -12.1975 266.257 11.2
    endloop
  endfacet
  facet normal 0.991442 0.130546 0
    outer loop
      vertex -12.1975 266.257 3.2
      vertex -12.0495 265.133 11.2
      vertex -12.0495 265.133 3.2
    endloop
  endfacet
  facet normal 0.843287 0.537463 0
    outer loop
      vertex -13.7417 270.5 11.2
      vertex -14.351 271.456 3.2
      vertex -14.351 271.456 11.2
    endloop
  endfacet
  facet normal 0.843287 0.537463 0
    outer loop
      vertex -14.351 271.456 3.2
      vertex -13.7417 270.5 11.2
      vertex -13.7417 270.5 3.2
    endloop
  endfacet
  facet normal 0.300659 0.953732 -0
    outer loop
      vertex -20.5537 276.216 3.2
      vertex -21.6354 276.557 11.2
      vertex -20.5537 276.216 11.2
    endloop
  endfacet
  facet normal 0.300659 0.953732 0
    outer loop
      vertex -21.6354 276.557 11.2
      vertex -20.5537 276.216 3.2
      vertex -21.6354 276.557 3.2
    endloop
  endfacet
  facet normal 0.131367 0.991334 -0
    outer loop
      vertex -22.7426 276.802 3.2
      vertex -23.867 276.951 11.2
      vertex -22.7426 276.802 11.2
    endloop
  endfacet
  facet normal 0.131367 0.991334 0
    outer loop
      vertex -23.867 276.951 11.2
      vertex -22.7426 276.802 3.2
      vertex -23.867 276.951 3.2
    endloop
  endfacet
  facet normal 0.537075 0.843534 -0
    outer loop
      vertex -17.5435 274.649 3.2
      vertex -18.5 275.258 11.2
      vertex -17.5435 274.649 11.2
    endloop
  endfacet
  facet normal 0.537075 0.843534 0
    outer loop
      vertex -18.5 275.258 11.2
      vertex -17.5435 274.649 3.2
      vertex -18.5 275.258 3.2
    endloop
  endfacet
  facet normal 0.461963 0.886899 -0
    outer loop
      vertex -18.5 275.258 3.2
      vertex -19.506 275.782 11.2
      vertex -18.5 275.258 11.2
    endloop
  endfacet
  facet normal 0.461963 0.886899 0
    outer loop
      vertex -19.506 275.782 11.2
      vertex -18.5 275.258 3.2
      vertex -19.506 275.782 3.2
    endloop
  endfacet
  facet normal 0.737213 0.675661 0
    outer loop
      vertex -15.0414 272.356 11.2
      vertex -15.8076 273.192 3.2
      vertex -15.8076 273.192 11.2
    endloop
  endfacet
  facet normal 0.737213 0.675661 0
    outer loop
      vertex -15.8076 273.192 3.2
      vertex -15.0414 272.356 11.2
      vertex -15.0414 272.356 3.2
    endloop
  endfacet
  facet normal -0.999047 0.0436477 0
    outer loop
      vertex -38 264 3.2
      vertex -37.9505 265.133 11.2
      vertex -37.9505 265.133 3.2
    endloop
  endfacet
  facet normal -0.999047 0.0436477 0
    outer loop
      vertex -37.9505 265.133 11.2
      vertex -38 264 3.2
      vertex -38 264 11.2
    endloop
  endfacet
  facet normal -0.976322 -0.216324 0
    outer loop
      vertex -37.557 260.635 3.2
      vertex -37.8025 261.743 11.2
      vertex -37.8025 261.743 3.2
    endloop
  endfacet
  facet normal -0.976322 -0.216324 0
    outer loop
      vertex -37.8025 261.743 11.2
      vertex -37.557 260.635 3.2
      vertex -37.557 260.635 11.2
    endloop
  endfacet
  facet normal -0.1305 -0.991448 0
    outer loop
      vertex -27.2574 251.197 3.2
      vertex -26.133 251.049 11.2
      vertex -27.2574 251.197 11.2
    endloop
  endfacet
  facet normal -0.1305 -0.991448 -0
    outer loop
      vertex -26.133 251.049 11.2
      vertex -27.2574 251.197 3.2
      vertex -26.133 251.049 3.2
    endloop
  endfacet
  facet normal -0.793436 -0.608654 0
    outer loop
      vertex -34.9586 255.644 3.2
      vertex -35.649 256.544 11.2
      vertex -35.649 256.544 3.2
    endloop
  endfacet
  facet normal -0.793436 -0.608654 0
    outer loop
      vertex -35.649 256.544 11.2
      vertex -34.9586 255.644 3.2
      vertex -34.9586 255.644 11.2
    endloop
  endfacet
  facet normal -0.300659 -0.953732 0
    outer loop
      vertex -29.4463 251.784 3.2
      vertex -28.3646 251.443 11.2
      vertex -29.4463 251.784 11.2
    endloop
  endfacet
  facet normal -0.300659 -0.953732 -0
    outer loop
      vertex -28.3646 251.443 11.2
      vertex -29.4463 251.784 3.2
      vertex -28.3646 251.443 3.2
    endloop
  endfacet
  facet normal -0.737213 -0.675661 0
    outer loop
      vertex -34.1924 254.808 3.2
      vertex -34.9586 255.644 11.2
      vertex -34.9586 255.644 3.2
    endloop
  endfacet
  facet normal -0.737213 -0.675661 0
    outer loop
      vertex -34.9586 255.644 11.2
      vertex -34.1924 254.808 3.2
      vertex -34.1924 254.808 11.2
    endloop
  endfacet
  facet normal -0.675956 -0.736942 0
    outer loop
      vertex -34.1924 254.808 3.2
      vertex -33.3562 254.041 11.2
      vertex -34.1924 254.808 11.2
    endloop
  endfacet
  facet normal -0.675956 -0.736942 -0
    outer loop
      vertex -33.3562 254.041 11.2
      vertex -34.1924 254.808 3.2
      vertex -33.3562 254.041 3.2
    endloop
  endfacet
  facet normal -0.537075 -0.843534 0
    outer loop
      vertex -32.4565 253.351 3.2
      vertex -31.5 252.742 11.2
      vertex -32.4565 253.351 11.2
    endloop
  endfacet
  facet normal -0.537075 -0.843534 -0
    outer loop
      vertex -31.5 252.742 11.2
      vertex -32.4565 253.351 3.2
      vertex -31.5 252.742 3.2
    endloop
  endfacet
  facet normal 0.216893 -0.976195 0
    outer loop
      vertex -22.7426 251.197 3.2
      vertex -21.6354 251.443 11.2
      vertex -22.7426 251.197 11.2
    endloop
  endfacet
  facet normal 0.216893 -0.976195 0
    outer loop
      vertex -21.6354 251.443 11.2
      vertex -22.7426 251.197 3.2
      vertex -21.6354 251.443 3.2
    endloop
  endfacet
  facet normal 0.1305 -0.991448 0
    outer loop
      vertex -23.867 251.049 3.2
      vertex -22.7426 251.197 11.2
      vertex -23.867 251.049 11.2
    endloop
  endfacet
  facet normal 0.1305 -0.991448 0
    outer loop
      vertex -22.7426 251.197 11.2
      vertex -23.867 251.049 3.2
      vertex -22.7426 251.197 3.2
    endloop
  endfacet
  facet normal 0.382705 -0.923871 0
    outer loop
      vertex -20.5537 251.784 3.2
      vertex -19.506 252.218 11.2
      vertex -20.5537 251.784 11.2
    endloop
  endfacet
  facet normal 0.382705 -0.923871 0
    outer loop
      vertex -19.506 252.218 11.2
      vertex -20.5537 251.784 3.2
      vertex -19.506 252.218 3.2
    endloop
  endfacet
  facet normal 0.461963 -0.886899 0
    outer loop
      vertex -19.506 252.218 3.2
      vertex -18.5 252.742 11.2
      vertex -19.506 252.218 11.2
    endloop
  endfacet
  facet normal 0.461963 -0.886899 0
    outer loop
      vertex -18.5 252.742 11.2
      vertex -19.506 252.218 3.2
      vertex -18.5 252.742 3.2
    endloop
  endfacet
  facet normal 0.953676 -0.300836 0
    outer loop
      vertex -12.784 259.554 11.2
      vertex -12.443 260.635 3.2
      vertex -12.443 260.635 11.2
    endloop
  endfacet
  facet normal 0.953676 -0.300836 0
    outer loop
      vertex -12.443 260.635 3.2
      vertex -12.784 259.554 11.2
      vertex -12.784 259.554 3.2
    endloop
  endfacet
  facet normal 0.991442 -0.130546 0
    outer loop
      vertex -12.1975 261.743 11.2
      vertex -12.0495 262.867 3.2
      vertex -12.0495 262.867 11.2
    endloop
  endfacet
  facet normal 0.991442 -0.130546 0
    outer loop
      vertex -12.0495 262.867 3.2
      vertex -12.1975 261.743 11.2
      vertex -12.1975 261.743 3.2
    endloop
  endfacet
  facet normal 0.843287 -0.537463 0
    outer loop
      vertex -14.351 256.544 11.2
      vertex -13.7417 257.5 3.2
      vertex -13.7417 257.5 11.2
    endloop
  endfacet
  facet normal 0.843287 -0.537463 0
    outer loop
      vertex -13.7417 257.5 3.2
      vertex -14.351 256.544 11.2
      vertex -14.351 256.544 3.2
    endloop
  endfacet
  facet normal 0.887007 -0.461755 0
    outer loop
      vertex -13.7417 257.5 11.2
      vertex -13.218 258.506 3.2
      vertex -13.218 258.506 11.2
    endloop
  endfacet
  facet normal 0.887007 -0.461755 0
    outer loop
      vertex -13.218 258.506 3.2
      vertex -13.7417 257.5 11.2
      vertex -13.7417 257.5 3.2
    endloop
  endfacet
  facet normal 0.675956 -0.736942 0
    outer loop
      vertex -16.6438 254.041 3.2
      vertex -15.8076 254.808 11.2
      vertex -16.6438 254.041 11.2
    endloop
  endfacet
  facet normal 0.675956 -0.736942 0
    outer loop
      vertex -15.8076 254.808 11.2
      vertex -16.6438 254.041 3.2
      vertex -15.8076 254.808 3.2
    endloop
  endfacet
  facet normal -0.976322 0.216324 0
    outer loop
      vertex -37.8025 266.257 3.2
      vertex -37.557 267.365 11.2
      vertex -37.557 267.365 3.2
    endloop
  endfacet
  facet normal -0.976322 0.216324 0
    outer loop
      vertex -37.557 267.365 11.2
      vertex -37.8025 266.257 3.2
      vertex -37.8025 266.257 11.2
    endloop
  endfacet
  facet normal -0.887007 0.461755 0
    outer loop
      vertex -36.782 269.494 3.2
      vertex -36.2583 270.5 11.2
      vertex -36.2583 270.5 3.2
    endloop
  endfacet
  facet normal -0.887007 0.461755 0
    outer loop
      vertex -36.2583 270.5 11.2
      vertex -36.782 269.494 3.2
      vertex -36.782 269.494 11.2
    endloop
  endfacet
  facet normal -0.923909 0.382611 0
    outer loop
      vertex -37.216 268.446 3.2
      vertex -36.782 269.494 11.2
      vertex -36.782 269.494 3.2
    endloop
  endfacet
  facet normal -0.923909 0.382611 0
    outer loop
      vertex -36.782 269.494 11.2
      vertex -37.216 268.446 3.2
      vertex -37.216 268.446 11.2
    endloop
  endfacet
  facet normal -0.793436 0.608654 0
    outer loop
      vertex -35.649 271.456 3.2
      vertex -34.9586 272.356 11.2
      vertex -34.9586 272.356 3.2
    endloop
  endfacet
  facet normal -0.793436 0.608654 0
    outer loop
      vertex -34.9586 272.356 11.2
      vertex -35.649 271.456 3.2
      vertex -35.649 271.456 11.2
    endloop
  endfacet
  facet normal -0.675956 0.736942 0
    outer loop
      vertex -33.3562 273.959 3.2
      vertex -34.1924 273.192 11.2
      vertex -33.3562 273.959 11.2
    endloop
  endfacet
  facet normal -0.675956 0.736942 0
    outer loop
      vertex -34.1924 273.192 11.2
      vertex -33.3562 273.959 3.2
      vertex -34.1924 273.192 3.2
    endloop
  endfacet
  facet normal -0.537075 0.843534 0
    outer loop
      vertex -31.5 275.258 3.2
      vertex -32.4565 274.649 11.2
      vertex -31.5 275.258 11.2
    endloop
  endfacet
  facet normal -0.537075 0.843534 0
    outer loop
      vertex -32.4565 274.649 11.2
      vertex -31.5 275.258 3.2
      vertex -32.4565 274.649 3.2
    endloop
  endfacet
  facet normal -0.300659 0.953732 0
    outer loop
      vertex -28.3646 276.557 3.2
      vertex -29.4463 276.216 11.2
      vertex -28.3646 276.557 11.2
    endloop
  endfacet
  facet normal -0.300659 0.953732 0
    outer loop
      vertex -29.4463 276.216 11.2
      vertex -28.3646 276.557 3.2
      vertex -29.4463 276.216 3.2
    endloop
  endfacet
  facet normal -0.461963 0.886899 0
    outer loop
      vertex -30.494 275.782 3.2
      vertex -31.5 275.258 11.2
      vertex -30.494 275.782 11.2
    endloop
  endfacet
  facet normal -0.461963 0.886899 0
    outer loop
      vertex -31.5 275.258 11.2
      vertex -30.494 275.782 3.2
      vertex -31.5 275.258 3.2
    endloop
  endfacet
  facet normal -0.131367 0.991334 0
    outer loop
      vertex -26.133 276.951 3.2
      vertex -27.2574 276.802 11.2
      vertex -26.133 276.951 11.2
    endloop
  endfacet
  facet normal -0.131367 0.991334 0
    outer loop
      vertex -27.2574 276.802 11.2
      vertex -26.133 276.951 3.2
      vertex -27.2574 276.802 3.2
    endloop
  endfacet
  facet normal 0.887007 0.461755 0
    outer loop
      vertex -13.218 269.494 11.2
      vertex -13.7417 270.5 3.2
      vertex -13.7417 270.5 11.2
    endloop
  endfacet
  facet normal 0.887007 0.461755 0
    outer loop
      vertex -13.7417 270.5 3.2
      vertex -13.218 269.494 11.2
      vertex -13.218 269.494 3.2
    endloop
  endfacet
  facet normal 0.923909 0.382611 0
    outer loop
      vertex -12.784 268.446 11.2
      vertex -13.218 269.494 3.2
      vertex -13.218 269.494 11.2
    endloop
  endfacet
  facet normal 0.923909 0.382611 0
    outer loop
      vertex -13.218 269.494 3.2
      vertex -12.784 268.446 11.2
      vertex -12.784 268.446 3.2
    endloop
  endfacet
  facet normal 0.675956 0.736942 -0
    outer loop
      vertex -15.8076 273.192 3.2
      vertex -16.6438 273.959 11.2
      vertex -15.8076 273.192 11.2
    endloop
  endfacet
  facet normal 0.675956 0.736942 0
    outer loop
      vertex -16.6438 273.959 11.2
      vertex -15.8076 273.192 3.2
      vertex -16.6438 273.959 3.2
    endloop
  endfacet
  facet normal 0.608559 0.793508 -0
    outer loop
      vertex -16.6438 273.959 3.2
      vertex -17.5435 274.649 11.2
      vertex -16.6438 273.959 11.2
    endloop
  endfacet
  facet normal 0.608559 0.793508 0
    outer loop
      vertex -17.5435 274.649 11.2
      vertex -16.6438 273.959 3.2
      vertex -17.5435 274.649 3.2
    endloop
  endfacet
  facet normal -0.991442 -0.130546 0
    outer loop
      vertex -37.8025 261.743 3.2
      vertex -37.9505 262.867 11.2
      vertex -37.9505 262.867 3.2
    endloop
  endfacet
  facet normal -0.991442 -0.130546 0
    outer loop
      vertex -37.9505 262.867 11.2
      vertex -37.8025 261.743 3.2
      vertex -37.8025 261.743 11.2
    endloop
  endfacet
  facet normal -0.216893 -0.976195 0
    outer loop
      vertex -28.3646 251.443 3.2
      vertex -27.2574 251.197 11.2
      vertex -28.3646 251.443 11.2
    endloop
  endfacet
  facet normal -0.216893 -0.976195 -0
    outer loop
      vertex -27.2574 251.197 11.2
      vertex -28.3646 251.443 3.2
      vertex -27.2574 251.197 3.2
    endloop
  endfacet
  facet normal -0.382705 -0.923871 0
    outer loop
      vertex -30.494 252.218 3.2
      vertex -29.4463 251.784 11.2
      vertex -30.494 252.218 11.2
    endloop
  endfacet
  facet normal -0.382705 -0.923871 -0
    outer loop
      vertex -29.4463 251.784 11.2
      vertex -30.494 252.218 3.2
      vertex -29.4463 251.784 3.2
    endloop
  endfacet
  facet normal -0.608559 -0.793508 0
    outer loop
      vertex -33.3562 254.041 3.2
      vertex -32.4565 253.351 11.2
      vertex -33.3562 254.041 11.2
    endloop
  endfacet
  facet normal -0.608559 -0.793508 -0
    outer loop
      vertex -32.4565 253.351 11.2
      vertex -33.3562 254.041 3.2
      vertex -32.4565 253.351 3.2
    endloop
  endfacet
  facet normal -0.0432076 -0.999066 0
    outer loop
      vertex -26.133 251.049 3.2
      vertex -25 251 11.2
      vertex -26.133 251.049 11.2
    endloop
  endfacet
  facet normal -0.0432076 -0.999066 -0
    outer loop
      vertex -25 251 11.2
      vertex -26.133 251.049 3.2
      vertex -25 251 3.2
    endloop
  endfacet
  facet normal 0.537075 -0.843534 0
    outer loop
      vertex -18.5 252.742 3.2
      vertex -17.5435 253.351 11.2
      vertex -18.5 252.742 11.2
    endloop
  endfacet
  facet normal 0.537075 -0.843534 0
    outer loop
      vertex -17.5435 253.351 11.2
      vertex -18.5 252.742 3.2
      vertex -17.5435 253.351 3.2
    endloop
  endfacet
  facet normal 0.737213 -0.675661 0
    outer loop
      vertex -15.8076 254.808 11.2
      vertex -15.0414 255.644 3.2
      vertex -15.0414 255.644 11.2
    endloop
  endfacet
  facet normal 0.737213 -0.675661 0
    outer loop
      vertex -15.0414 255.644 3.2
      vertex -15.8076 254.808 11.2
      vertex -15.8076 254.808 3.2
    endloop
  endfacet
  facet normal 0.793436 -0.608654 0
    outer loop
      vertex -15.0414 255.644 11.2
      vertex -14.351 256.544 3.2
      vertex -14.351 256.544 11.2
    endloop
  endfacet
  facet normal 0.793436 -0.608654 0
    outer loop
      vertex -14.351 256.544 3.2
      vertex -15.0414 255.644 11.2
      vertex -15.0414 255.644 3.2
    endloop
  endfacet
  facet normal -0.382705 0.923871 0
    outer loop
      vertex -29.4463 276.216 3.2
      vertex -30.494 275.782 11.2
      vertex -29.4463 276.216 11.2
    endloop
  endfacet
  facet normal -0.382705 0.923871 0
    outer loop
      vertex -30.494 275.782 11.2
      vertex -29.4463 276.216 3.2
      vertex -30.494 275.782 3.2
    endloop
  endfacet
  facet normal -0.923909 -0.382611 0
    outer loop
      vertex -36.782 258.506 3.2
      vertex -37.216 259.554 11.2
      vertex -37.216 259.554 3.2
    endloop
  endfacet
  facet normal -0.923909 -0.382611 0
    outer loop
      vertex -37.216 259.554 11.2
      vertex -36.782 258.506 3.2
      vertex -36.782 258.506 11.2
    endloop
  endfacet
  facet normal -0.843287 -0.537463 0
    outer loop
      vertex -35.649 256.544 3.2
      vertex -36.2583 257.5 11.2
      vertex -36.2583 257.5 3.2
    endloop
  endfacet
  facet normal -0.843287 -0.537463 0
    outer loop
      vertex -36.2583 257.5 11.2
      vertex -35.649 256.544 3.2
      vertex -35.649 256.544 11.2
    endloop
  endfacet
  facet normal -0.887007 -0.461755 0
    outer loop
      vertex -36.2583 257.5 3.2
      vertex -36.782 258.506 11.2
      vertex -36.782 258.506 3.2
    endloop
  endfacet
  facet normal -0.887007 -0.461755 0
    outer loop
      vertex -36.782 258.506 11.2
      vertex -36.2583 257.5 3.2
      vertex -36.2583 257.5 11.2
    endloop
  endfacet
  facet normal 0.999037 -0.0438766 0
    outer loop
      vertex -55.7 183 3.2
      vertex -55.6935 183.148 1.90735e-07
      vertex -55.6935 183.148 3.2
    endloop
  endfacet
  facet normal 0.999037 -0.0438766 0
    outer loop
      vertex -55.6935 183.148 1.90735e-07
      vertex -55.7 183 3.2
      vertex -55.7 183 1.90735e-07
    endloop
  endfacet
  facet normal -0.999037 0.0438766 0
    outer loop
      vertex -52.3065 182.852 1.90735e-07
      vertex -52.3 183 3.2
      vertex -52.3 183 1.90735e-07
    endloop
  endfacet
  facet normal -0.999037 0.0438766 0
    outer loop
      vertex -52.3 183 3.2
      vertex -52.3065 182.852 1.90735e-07
      vertex -52.3065 182.852 3.2
    endloop
  endfacet
  facet normal -0.0404527 -0.999181 0
    outer loop
      vertex -54 184.7 1.90735e-07
      vertex -53.8518 184.694 3.2
      vertex -54 184.7 3.2
    endloop
  endfacet
  facet normal -0.0404527 -0.999181 -0
    outer loop
      vertex -53.8518 184.694 3.2
      vertex -54 184.7 1.90735e-07
      vertex -53.8518 184.694 1.90735e-07
    endloop
  endfacet
  facet normal 0.0404527 0.999181 -0
    outer loop
      vertex -54 181.3 1.90735e-07
      vertex -54.1482 181.306 3.2
      vertex -54 181.3 3.2
    endloop
  endfacet
  facet normal 0.0404527 0.999181 0
    outer loop
      vertex -54.1482 181.306 3.2
      vertex -54 181.3 1.90735e-07
      vertex -54.1482 181.306 1.90735e-07
    endloop
  endfacet
  facet normal -0.7362 -0.676764 0
    outer loop
      vertex -52.6977 184.093 1.90735e-07
      vertex -52.7979 184.202 3.2
      vertex -52.7979 184.202 1.90735e-07
    endloop
  endfacet
  facet normal -0.7362 -0.676764 0
    outer loop
      vertex -52.7979 184.202 3.2
      vertex -52.6977 184.093 1.90735e-07
      vertex -52.6977 184.093 3.2
    endloop
  endfacet
  facet normal -0.378133 -0.925751 0
    outer loop
      vertex -53.4186 184.597 1.90735e-07
      vertex -53.2815 184.541 3.2
      vertex -53.4186 184.597 3.2
    endloop
  endfacet
  facet normal -0.378133 -0.925751 -0
    outer loop
      vertex -53.2815 184.541 3.2
      vertex -53.4186 184.597 1.90735e-07
      vertex -53.2815 184.541 1.90735e-07
    endloop
  endfacet
  facet normal 0.533942 -0.845521 0
    outer loop
      vertex -54.9751 184.393 1.90735e-07
      vertex -54.85 184.472 3.2
      vertex -54.9751 184.393 3.2
    endloop
  endfacet
  facet normal 0.533942 -0.845521 0
    outer loop
      vertex -54.85 184.472 3.2
      vertex -54.9751 184.393 1.90735e-07
      vertex -54.85 184.472 1.90735e-07
    endloop
  endfacet
  facet normal -0.923754 -0.382987 0
    outer loop
      vertex -52.4025 183.581 1.90735e-07
      vertex -52.4593 183.718 3.2
      vertex -52.4593 183.718 1.90735e-07
    endloop
  endfacet
  facet normal -0.923754 -0.382987 0
    outer loop
      vertex -52.4593 183.718 3.2
      vertex -52.4025 183.581 1.90735e-07
      vertex -52.4025 183.581 3.2
    endloop
  endfacet
  facet normal -0.215788 -0.97644 0
    outer loop
      vertex -53.7048 184.674 1.90735e-07
      vertex -53.56 184.642 3.2
      vertex -53.7048 184.674 3.2
    endloop
  endfacet
  facet normal -0.215788 -0.97644 -0
    outer loop
      vertex -53.56 184.642 3.2
      vertex -53.7048 184.674 1.90735e-07
      vertex -53.56 184.642 1.90735e-07
    endloop
  endfacet
  facet normal 0.303259 0.952908 -0
    outer loop
      vertex -54.44 181.358 1.90735e-07
      vertex -54.5814 181.403 3.2
      vertex -54.44 181.358 3.2
    endloop
  endfacet
  facet normal 0.303259 0.952908 0
    outer loop
      vertex -54.5814 181.403 3.2
      vertex -54.44 181.358 1.90735e-07
      vertex -54.5814 181.403 1.90735e-07
    endloop
  endfacet
  facet normal 0.991491 -0.130175 0
    outer loop
      vertex -55.6935 183.148 3.2
      vertex -55.6742 183.295 1.90735e-07
      vertex -55.6742 183.295 3.2
    endloop
  endfacet
  facet normal 0.991491 -0.130175 0
    outer loop
      vertex -55.6742 183.295 1.90735e-07
      vertex -55.6935 183.148 3.2
      vertex -55.6935 183.148 1.90735e-07
    endloop
  endfacet
  facet normal 0.953439 -0.301584 0
    outer loop
      vertex -55.6421 183.44 3.2
      vertex -55.5975 183.581 1.90735e-07
      vertex -55.5975 183.581 3.2
    endloop
  endfacet
  facet normal 0.953439 -0.301584 0
    outer loop
      vertex -55.5975 183.581 1.90735e-07
      vertex -55.6421 183.44 3.2
      vertex -55.6421 183.44 1.90735e-07
    endloop
  endfacet
  facet normal 0.843495 -0.537137 0
    outer loop
      vertex -55.4722 183.85 3.2
      vertex -55.3926 183.975 1.90735e-07
      vertex -55.3926 183.975 3.2
    endloop
  endfacet
  facet normal 0.843495 -0.537137 0
    outer loop
      vertex -55.3926 183.975 1.90735e-07
      vertex -55.4722 183.85 3.2
      vertex -55.4722 183.85 1.90735e-07
    endloop
  endfacet
  facet normal 0.887602 -0.460612 0
    outer loop
      vertex -55.5407 183.718 3.2
      vertex -55.4722 183.85 1.90735e-07
      vertex -55.4722 183.85 3.2
    endloop
  endfacet
  facet normal 0.887602 -0.460612 0
    outer loop
      vertex -55.4722 183.85 1.90735e-07
      vertex -55.5407 183.718 3.2
      vertex -55.5407 183.718 1.90735e-07
    endloop
  endfacet
  facet normal 0.134812 -0.990871 0
    outer loop
      vertex -54.2952 184.674 1.90735e-07
      vertex -54.1482 184.694 3.2
      vertex -54.2952 184.674 3.2
    endloop
  endfacet
  facet normal 0.134812 -0.990871 0
    outer loop
      vertex -54.1482 184.694 3.2
      vertex -54.2952 184.674 1.90735e-07
      vertex -54.1482 184.694 1.90735e-07
    endloop
  endfacet
  facet normal 0.215788 -0.97644 0
    outer loop
      vertex -54.44 184.642 1.90735e-07
      vertex -54.2952 184.674 3.2
      vertex -54.44 184.642 3.2
    endloop
  endfacet
  facet normal 0.215788 -0.97644 0
    outer loop
      vertex -54.2952 184.674 3.2
      vertex -54.44 184.642 1.90735e-07
      vertex -54.2952 184.674 1.90735e-07
    endloop
  endfacet
  facet normal 0.0404527 -0.999181 0
    outer loop
      vertex -54.1482 184.694 1.90735e-07
      vertex -54 184.7 3.2
      vertex -54.1482 184.694 3.2
    endloop
  endfacet
  facet normal 0.0404527 -0.999181 0
    outer loop
      vertex -54 184.7 3.2
      vertex -54.1482 184.694 1.90735e-07
      vertex -54 184.7 1.90735e-07
    endloop
  endfacet
  facet normal 0.378133 -0.925751 0
    outer loop
      vertex -54.7185 184.541 1.90735e-07
      vertex -54.5814 184.597 3.2
      vertex -54.7185 184.541 3.2
    endloop
  endfacet
  facet normal 0.378133 -0.925751 0
    outer loop
      vertex -54.5814 184.597 3.2
      vertex -54.7185 184.541 1.90735e-07
      vertex -54.5814 184.597 1.90735e-07
    endloop
  endfacet
  facet normal 0.303259 -0.952908 0
    outer loop
      vertex -54.5814 184.597 1.90735e-07
      vertex -54.44 184.642 3.2
      vertex -54.5814 184.597 3.2
    endloop
  endfacet
  facet normal 0.303259 -0.952908 0
    outer loop
      vertex -54.44 184.642 3.2
      vertex -54.5814 184.597 1.90735e-07
      vertex -54.44 184.642 1.90735e-07
    endloop
  endfacet
  facet normal 0.611983 -0.790871 0
    outer loop
      vertex -55.0927 184.302 1.90735e-07
      vertex -54.9751 184.393 3.2
      vertex -55.0927 184.302 3.2
    endloop
  endfacet
  facet normal 0.611983 -0.790871 0
    outer loop
      vertex -54.9751 184.393 3.2
      vertex -55.0927 184.302 1.90735e-07
      vertex -54.9751 184.393 1.90735e-07
    endloop
  endfacet
  facet normal -0.991491 -0.130175 0
    outer loop
      vertex -52.3065 183.148 1.90735e-07
      vertex -52.3258 183.295 3.2
      vertex -52.3258 183.295 1.90735e-07
    endloop
  endfacet
  facet normal -0.991491 -0.130175 0
    outer loop
      vertex -52.3258 183.295 3.2
      vertex -52.3065 183.148 1.90735e-07
      vertex -52.3065 183.148 3.2
    endloop
  endfacet
  facet normal -0.794148 -0.607725 0
    outer loop
      vertex -52.6074 183.975 1.90735e-07
      vertex -52.6977 184.093 3.2
      vertex -52.6977 184.093 1.90735e-07
    endloop
  endfacet
  facet normal -0.794148 -0.607725 0
    outer loop
      vertex -52.6977 184.093 3.2
      vertex -52.6074 183.975 1.90735e-07
      vertex -52.6074 183.975 3.2
    endloop
  endfacet
  facet normal -0.953439 -0.301584 0
    outer loop
      vertex -52.3579 183.44 1.90735e-07
      vertex -52.4025 183.581 3.2
      vertex -52.4025 183.581 1.90735e-07
    endloop
  endfacet
  facet normal -0.953439 -0.301584 0
    outer loop
      vertex -52.4025 183.581 3.2
      vertex -52.3579 183.44 1.90735e-07
      vertex -52.3579 183.44 3.2
    endloop
  endfacet
  facet normal -0.976361 -0.216146 0
    outer loop
      vertex -52.3258 183.295 1.90735e-07
      vertex -52.3579 183.44 3.2
      vertex -52.3579 183.44 1.90735e-07
    endloop
  endfacet
  facet normal -0.976361 -0.216146 0
    outer loop
      vertex -52.3579 183.44 3.2
      vertex -52.3258 183.295 1.90735e-07
      vertex -52.3258 183.295 3.2
    endloop
  endfacet
  facet normal -0.999037 -0.0438766 0
    outer loop
      vertex -52.3 183 1.90735e-07
      vertex -52.3065 183.148 3.2
      vertex -52.3065 183.148 1.90735e-07
    endloop
  endfacet
  facet normal -0.999037 -0.0438766 0
    outer loop
      vertex -52.3065 183.148 3.2
      vertex -52.3 183 1.90735e-07
      vertex -52.3 183 3.2
    endloop
  endfacet
  facet normal -0.464636 -0.885502 0
    outer loop
      vertex -53.2815 184.541 1.90735e-07
      vertex -53.15 184.472 3.2
      vertex -53.2815 184.541 3.2
    endloop
  endfacet
  facet normal -0.464636 -0.885502 -0
    outer loop
      vertex -53.15 184.472 3.2
      vertex -53.2815 184.541 1.90735e-07
      vertex -53.15 184.472 1.90735e-07
    endloop
  endfacet
  facet normal -0.533942 -0.845521 0
    outer loop
      vertex -53.15 184.472 1.90735e-07
      vertex -53.0249 184.393 3.2
      vertex -53.15 184.472 3.2
    endloop
  endfacet
  facet normal -0.533942 -0.845521 -0
    outer loop
      vertex -53.0249 184.393 3.2
      vertex -53.15 184.472 1.90735e-07
      vertex -53.0249 184.393 1.90735e-07
    endloop
  endfacet
  facet normal -0.674685 -0.738106 0
    outer loop
      vertex -52.9073 184.302 1.90735e-07
      vertex -52.7979 184.202 3.2
      vertex -52.9073 184.302 3.2
    endloop
  endfacet
  facet normal -0.674685 -0.738106 -0
    outer loop
      vertex -52.7979 184.202 3.2
      vertex -52.9073 184.302 1.90735e-07
      vertex -52.7979 184.202 1.90735e-07
    endloop
  endfacet
  facet normal -0.303259 -0.952908 0
    outer loop
      vertex -53.56 184.642 1.90735e-07
      vertex -53.4186 184.597 3.2
      vertex -53.56 184.642 3.2
    endloop
  endfacet
  facet normal -0.303259 -0.952908 -0
    outer loop
      vertex -53.4186 184.597 3.2
      vertex -53.56 184.642 1.90735e-07
      vertex -53.4186 184.597 1.90735e-07
    endloop
  endfacet
  facet normal -0.134812 -0.990871 0
    outer loop
      vertex -53.8518 184.694 1.90735e-07
      vertex -53.7048 184.674 3.2
      vertex -53.8518 184.694 3.2
    endloop
  endfacet
  facet normal -0.134812 -0.990871 -0
    outer loop
      vertex -53.7048 184.674 3.2
      vertex -53.8518 184.694 1.90735e-07
      vertex -53.7048 184.674 1.90735e-07
    endloop
  endfacet
  facet normal 0.999037 0.0438766 0
    outer loop
      vertex -55.6935 182.852 3.2
      vertex -55.7 183 1.90735e-07
      vertex -55.7 183 3.2
    endloop
  endfacet
  facet normal 0.999037 0.0438766 0
    outer loop
      vertex -55.7 183 1.90735e-07
      vertex -55.6935 182.852 3.2
      vertex -55.6935 182.852 1.90735e-07
    endloop
  endfacet
  facet normal 0.7362 0.676764 0
    outer loop
      vertex -55.2021 181.798 3.2
      vertex -55.3023 181.907 1.90735e-07
      vertex -55.3023 181.907 3.2
    endloop
  endfacet
  facet normal 0.7362 0.676764 0
    outer loop
      vertex -55.3023 181.907 1.90735e-07
      vertex -55.2021 181.798 3.2
      vertex -55.2021 181.798 1.90735e-07
    endloop
  endfacet
  facet normal 0.378133 0.925751 -0
    outer loop
      vertex -54.5814 181.403 1.90735e-07
      vertex -54.7185 181.459 3.2
      vertex -54.5814 181.403 3.2
    endloop
  endfacet
  facet normal 0.378133 0.925751 0
    outer loop
      vertex -54.7185 181.459 3.2
      vertex -54.5814 181.403 1.90735e-07
      vertex -54.7185 181.459 1.90735e-07
    endloop
  endfacet
  facet normal 0.976361 -0.216146 0
    outer loop
      vertex -55.6742 183.295 3.2
      vertex -55.6421 183.44 1.90735e-07
      vertex -55.6421 183.44 3.2
    endloop
  endfacet
  facet normal 0.976361 -0.216146 0
    outer loop
      vertex -55.6421 183.44 1.90735e-07
      vertex -55.6742 183.295 3.2
      vertex -55.6742 183.295 1.90735e-07
    endloop
  endfacet
  facet normal 0.923754 -0.382987 0
    outer loop
      vertex -55.5975 183.581 3.2
      vertex -55.5407 183.718 1.90735e-07
      vertex -55.5407 183.718 3.2
    endloop
  endfacet
  facet normal 0.923754 -0.382987 0
    outer loop
      vertex -55.5407 183.718 1.90735e-07
      vertex -55.5975 183.581 3.2
      vertex -55.5975 183.581 1.90735e-07
    endloop
  endfacet
  facet normal 0.7362 -0.676764 0
    outer loop
      vertex -55.3023 184.093 3.2
      vertex -55.2021 184.202 1.90735e-07
      vertex -55.2021 184.202 3.2
    endloop
  endfacet
  facet normal 0.7362 -0.676764 0
    outer loop
      vertex -55.2021 184.202 1.90735e-07
      vertex -55.3023 184.093 3.2
      vertex -55.3023 184.093 1.90735e-07
    endloop
  endfacet
  facet normal 0.794148 -0.607725 0
    outer loop
      vertex -55.3926 183.975 3.2
      vertex -55.3023 184.093 1.90735e-07
      vertex -55.3023 184.093 3.2
    endloop
  endfacet
  facet normal 0.794148 -0.607725 0
    outer loop
      vertex -55.3023 184.093 1.90735e-07
      vertex -55.3926 183.975 3.2
      vertex -55.3926 183.975 1.90735e-07
    endloop
  endfacet
  facet normal 0.674685 -0.738106 0
    outer loop
      vertex -55.2021 184.202 1.90735e-07
      vertex -55.0927 184.302 3.2
      vertex -55.2021 184.202 3.2
    endloop
  endfacet
  facet normal 0.674685 -0.738106 0
    outer loop
      vertex -55.0927 184.302 3.2
      vertex -55.2021 184.202 1.90735e-07
      vertex -55.0927 184.302 1.90735e-07
    endloop
  endfacet
  facet normal 0.464636 -0.885502 0
    outer loop
      vertex -54.85 184.472 1.90735e-07
      vertex -54.7185 184.541 3.2
      vertex -54.85 184.472 3.2
    endloop
  endfacet
  facet normal 0.464636 -0.885502 0
    outer loop
      vertex -54.7185 184.541 3.2
      vertex -54.85 184.472 1.90735e-07
      vertex -54.7185 184.541 1.90735e-07
    endloop
  endfacet
  facet normal -0.611983 -0.790871 0
    outer loop
      vertex -53.0249 184.393 1.90735e-07
      vertex -52.9073 184.302 3.2
      vertex -53.0249 184.393 3.2
    endloop
  endfacet
  facet normal -0.611983 -0.790871 -0
    outer loop
      vertex -52.9073 184.302 3.2
      vertex -53.0249 184.393 1.90735e-07
      vertex -52.9073 184.302 1.90735e-07
    endloop
  endfacet
  facet normal 0.976361 0.216146 0
    outer loop
      vertex -55.6421 182.56 3.2
      vertex -55.6742 182.705 1.90735e-07
      vertex -55.6742 182.705 3.2
    endloop
  endfacet
  facet normal 0.976361 0.216146 0
    outer loop
      vertex -55.6742 182.705 1.90735e-07
      vertex -55.6421 182.56 3.2
      vertex -55.6421 182.56 1.90735e-07
    endloop
  endfacet
  facet normal 0.794148 0.607725 0
    outer loop
      vertex -55.3023 181.907 3.2
      vertex -55.3926 182.025 1.90735e-07
      vertex -55.3926 182.025 3.2
    endloop
  endfacet
  facet normal 0.794148 0.607725 0
    outer loop
      vertex -55.3926 182.025 1.90735e-07
      vertex -55.3023 181.907 3.2
      vertex -55.3023 181.907 1.90735e-07
    endloop
  endfacet
  facet normal 0.923754 0.382987 0
    outer loop
      vertex -55.5407 182.282 3.2
      vertex -55.5975 182.419 1.90735e-07
      vertex -55.5975 182.419 3.2
    endloop
  endfacet
  facet normal 0.923754 0.382987 0
    outer loop
      vertex -55.5975 182.419 1.90735e-07
      vertex -55.5407 182.282 3.2
      vertex -55.5407 182.282 1.90735e-07
    endloop
  endfacet
  facet normal -0.303259 0.952908 0
    outer loop
      vertex -53.4186 181.403 1.90735e-07
      vertex -53.56 181.358 3.2
      vertex -53.4186 181.403 3.2
    endloop
  endfacet
  facet normal -0.303259 0.952908 0
    outer loop
      vertex -53.56 181.358 3.2
      vertex -53.4186 181.403 1.90735e-07
      vertex -53.56 181.358 1.90735e-07
    endloop
  endfacet
  facet normal -0.134812 0.990871 0
    outer loop
      vertex -53.7048 181.326 1.90735e-07
      vertex -53.8518 181.306 3.2
      vertex -53.7048 181.326 3.2
    endloop
  endfacet
  facet normal -0.134812 0.990871 0
    outer loop
      vertex -53.8518 181.306 3.2
      vertex -53.7048 181.326 1.90735e-07
      vertex -53.8518 181.306 1.90735e-07
    endloop
  endfacet
  facet normal -0.7362 0.676764 0
    outer loop
      vertex -52.7979 181.798 1.90735e-07
      vertex -52.6977 181.907 3.2
      vertex -52.6977 181.907 1.90735e-07
    endloop
  endfacet
  facet normal -0.7362 0.676764 0
    outer loop
      vertex -52.6977 181.907 3.2
      vertex -52.7979 181.798 1.90735e-07
      vertex -52.7979 181.798 3.2
    endloop
  endfacet
  facet normal -0.923754 0.382987 0
    outer loop
      vertex -52.4593 182.282 1.90735e-07
      vertex -52.4025 182.419 3.2
      vertex -52.4025 182.419 1.90735e-07
    endloop
  endfacet
  facet normal -0.923754 0.382987 0
    outer loop
      vertex -52.4025 182.419 3.2
      vertex -52.4593 182.282 1.90735e-07
      vertex -52.4593 182.282 3.2
    endloop
  endfacet
  facet normal -0.887602 -0.460612 0
    outer loop
      vertex -52.4593 183.718 1.90735e-07
      vertex -52.5278 183.85 3.2
      vertex -52.5278 183.85 1.90735e-07
    endloop
  endfacet
  facet normal -0.887602 -0.460612 0
    outer loop
      vertex -52.5278 183.85 3.2
      vertex -52.4593 183.718 1.90735e-07
      vertex -52.4593 183.718 3.2
    endloop
  endfacet
  facet normal -0.843495 -0.537137 0
    outer loop
      vertex -52.5278 183.85 1.90735e-07
      vertex -52.6074 183.975 3.2
      vertex -52.6074 183.975 1.90735e-07
    endloop
  endfacet
  facet normal -0.843495 -0.537137 0
    outer loop
      vertex -52.6074 183.975 3.2
      vertex -52.5278 183.85 1.90735e-07
      vertex -52.5278 183.85 3.2
    endloop
  endfacet
  facet normal 0.991491 0.130175 0
    outer loop
      vertex -55.6742 182.705 3.2
      vertex -55.6935 182.852 1.90735e-07
      vertex -55.6935 182.852 3.2
    endloop
  endfacet
  facet normal 0.991491 0.130175 0
    outer loop
      vertex -55.6935 182.852 1.90735e-07
      vertex -55.6742 182.705 3.2
      vertex -55.6742 182.705 1.90735e-07
    endloop
  endfacet
  facet normal 0.843495 0.537137 0
    outer loop
      vertex -55.3926 182.025 3.2
      vertex -55.4722 182.15 1.90735e-07
      vertex -55.4722 182.15 3.2
    endloop
  endfacet
  facet normal 0.843495 0.537137 0
    outer loop
      vertex -55.4722 182.15 1.90735e-07
      vertex -55.3926 182.025 3.2
      vertex -55.3926 182.025 1.90735e-07
    endloop
  endfacet
  facet normal 0.887602 0.460612 0
    outer loop
      vertex -55.4722 182.15 3.2
      vertex -55.5407 182.282 1.90735e-07
      vertex -55.5407 182.282 3.2
    endloop
  endfacet
  facet normal 0.887602 0.460612 0
    outer loop
      vertex -55.5407 182.282 1.90735e-07
      vertex -55.4722 182.15 3.2
      vertex -55.4722 182.15 1.90735e-07
    endloop
  endfacet
  facet normal 0.464636 0.885502 -0
    outer loop
      vertex -54.7185 181.459 1.90735e-07
      vertex -54.85 181.528 3.2
      vertex -54.7185 181.459 3.2
    endloop
  endfacet
  facet normal 0.464636 0.885502 0
    outer loop
      vertex -54.85 181.528 3.2
      vertex -54.7185 181.459 1.90735e-07
      vertex -54.85 181.528 1.90735e-07
    endloop
  endfacet
  facet normal 0.953439 0.301584 0
    outer loop
      vertex -55.5975 182.419 3.2
      vertex -55.6421 182.56 1.90735e-07
      vertex -55.6421 182.56 3.2
    endloop
  endfacet
  facet normal 0.953439 0.301584 0
    outer loop
      vertex -55.6421 182.56 1.90735e-07
      vertex -55.5975 182.419 3.2
      vertex -55.5975 182.419 1.90735e-07
    endloop
  endfacet
  facet normal -0.0404527 0.999181 0
    outer loop
      vertex -53.8518 181.306 1.90735e-07
      vertex -54 181.3 3.2
      vertex -53.8518 181.306 3.2
    endloop
  endfacet
  facet normal -0.0404527 0.999181 0
    outer loop
      vertex -54 181.3 3.2
      vertex -53.8518 181.306 1.90735e-07
      vertex -54 181.3 1.90735e-07
    endloop
  endfacet
  facet normal -0.611983 0.790871 0
    outer loop
      vertex -52.9073 181.698 1.90735e-07
      vertex -53.0249 181.607 3.2
      vertex -52.9073 181.698 3.2
    endloop
  endfacet
  facet normal -0.611983 0.790871 0
    outer loop
      vertex -53.0249 181.607 3.2
      vertex -52.9073 181.698 1.90735e-07
      vertex -53.0249 181.607 1.90735e-07
    endloop
  endfacet
  facet normal -0.674685 0.738106 0
    outer loop
      vertex -52.7979 181.798 1.90735e-07
      vertex -52.9073 181.698 3.2
      vertex -52.7979 181.798 3.2
    endloop
  endfacet
  facet normal -0.674685 0.738106 0
    outer loop
      vertex -52.9073 181.698 3.2
      vertex -52.7979 181.798 1.90735e-07
      vertex -52.9073 181.698 1.90735e-07
    endloop
  endfacet
  facet normal -0.843495 0.537137 0
    outer loop
      vertex -52.6074 182.025 1.90735e-07
      vertex -52.5278 182.15 3.2
      vertex -52.5278 182.15 1.90735e-07
    endloop
  endfacet
  facet normal -0.843495 0.537137 0
    outer loop
      vertex -52.5278 182.15 3.2
      vertex -52.6074 182.025 1.90735e-07
      vertex -52.6074 182.025 3.2
    endloop
  endfacet
  facet normal -0.887602 0.460612 0
    outer loop
      vertex -52.5278 182.15 1.90735e-07
      vertex -52.4593 182.282 3.2
      vertex -52.4593 182.282 1.90735e-07
    endloop
  endfacet
  facet normal -0.887602 0.460612 0
    outer loop
      vertex -52.4593 182.282 3.2
      vertex -52.5278 182.15 1.90735e-07
      vertex -52.5278 182.15 3.2
    endloop
  endfacet
  facet normal -0.953439 0.301584 0
    outer loop
      vertex -52.4025 182.419 1.90735e-07
      vertex -52.3579 182.56 3.2
      vertex -52.3579 182.56 1.90735e-07
    endloop
  endfacet
  facet normal -0.953439 0.301584 0
    outer loop
      vertex -52.3579 182.56 3.2
      vertex -52.4025 182.419 1.90735e-07
      vertex -52.4025 182.419 3.2
    endloop
  endfacet
  facet normal -0.976361 0.216146 0
    outer loop
      vertex -52.3579 182.56 1.90735e-07
      vertex -52.3258 182.705 3.2
      vertex -52.3258 182.705 1.90735e-07
    endloop
  endfacet
  facet normal -0.976361 0.216146 0
    outer loop
      vertex -52.3258 182.705 3.2
      vertex -52.3579 182.56 1.90735e-07
      vertex -52.3579 182.56 3.2
    endloop
  endfacet
  facet normal -0.991491 0.130175 0
    outer loop
      vertex -52.3258 182.705 1.90735e-07
      vertex -52.3065 182.852 3.2
      vertex -52.3065 182.852 1.90735e-07
    endloop
  endfacet
  facet normal -0.991491 0.130175 0
    outer loop
      vertex -52.3065 182.852 3.2
      vertex -52.3258 182.705 1.90735e-07
      vertex -52.3258 182.705 3.2
    endloop
  endfacet
  facet normal 0.215788 0.97644 -0
    outer loop
      vertex -54.2952 181.326 1.90735e-07
      vertex -54.44 181.358 3.2
      vertex -54.2952 181.326 3.2
    endloop
  endfacet
  facet normal 0.215788 0.97644 0
    outer loop
      vertex -54.44 181.358 3.2
      vertex -54.2952 181.326 1.90735e-07
      vertex -54.44 181.358 1.90735e-07
    endloop
  endfacet
  facet normal 0.134812 0.990871 -0
    outer loop
      vertex -54.1482 181.306 1.90735e-07
      vertex -54.2952 181.326 3.2
      vertex -54.1482 181.306 3.2
    endloop
  endfacet
  facet normal 0.134812 0.990871 0
    outer loop
      vertex -54.2952 181.326 3.2
      vertex -54.1482 181.306 1.90735e-07
      vertex -54.2952 181.326 1.90735e-07
    endloop
  endfacet
  facet normal 0.674685 0.738106 -0
    outer loop
      vertex -55.0927 181.698 1.90735e-07
      vertex -55.2021 181.798 3.2
      vertex -55.0927 181.698 3.2
    endloop
  endfacet
  facet normal 0.674685 0.738106 0
    outer loop
      vertex -55.2021 181.798 3.2
      vertex -55.0927 181.698 1.90735e-07
      vertex -55.2021 181.798 1.90735e-07
    endloop
  endfacet
  facet normal 0.611983 0.790871 -0
    outer loop
      vertex -54.9751 181.607 1.90735e-07
      vertex -55.0927 181.698 3.2
      vertex -54.9751 181.607 3.2
    endloop
  endfacet
  facet normal 0.611983 0.790871 0
    outer loop
      vertex -55.0927 181.698 3.2
      vertex -54.9751 181.607 1.90735e-07
      vertex -55.0927 181.698 1.90735e-07
    endloop
  endfacet
  facet normal -0.215788 0.97644 0
    outer loop
      vertex -53.56 181.358 1.90735e-07
      vertex -53.7048 181.326 3.2
      vertex -53.56 181.358 3.2
    endloop
  endfacet
  facet normal -0.215788 0.97644 0
    outer loop
      vertex -53.7048 181.326 3.2
      vertex -53.56 181.358 1.90735e-07
      vertex -53.7048 181.326 1.90735e-07
    endloop
  endfacet
  facet normal -0.378133 0.925751 0
    outer loop
      vertex -53.2815 181.459 1.90735e-07
      vertex -53.4186 181.403 3.2
      vertex -53.2815 181.459 3.2
    endloop
  endfacet
  facet normal -0.378133 0.925751 0
    outer loop
      vertex -53.4186 181.403 3.2
      vertex -53.2815 181.459 1.90735e-07
      vertex -53.4186 181.403 1.90735e-07
    endloop
  endfacet
  facet normal -0.464636 0.885502 0
    outer loop
      vertex -53.15 181.528 1.90735e-07
      vertex -53.2815 181.459 3.2
      vertex -53.15 181.528 3.2
    endloop
  endfacet
  facet normal -0.464636 0.885502 0
    outer loop
      vertex -53.2815 181.459 3.2
      vertex -53.15 181.528 1.90735e-07
      vertex -53.2815 181.459 1.90735e-07
    endloop
  endfacet
  facet normal -0.794148 0.607725 0
    outer loop
      vertex -52.6977 181.907 1.90735e-07
      vertex -52.6074 182.025 3.2
      vertex -52.6074 182.025 1.90735e-07
    endloop
  endfacet
  facet normal -0.794148 0.607725 0
    outer loop
      vertex -52.6074 182.025 3.2
      vertex -52.6977 181.907 1.90735e-07
      vertex -52.6977 181.907 3.2
    endloop
  endfacet
  facet normal 0.533942 0.845521 -0
    outer loop
      vertex -54.85 181.528 1.90735e-07
      vertex -54.9751 181.607 3.2
      vertex -54.85 181.528 3.2
    endloop
  endfacet
  facet normal 0.533942 0.845521 0
    outer loop
      vertex -54.9751 181.607 3.2
      vertex -54.85 181.528 1.90735e-07
      vertex -54.9751 181.607 1.90735e-07
    endloop
  endfacet
  facet normal -0.533942 0.845521 0
    outer loop
      vertex -53.0249 181.607 1.90735e-07
      vertex -53.15 181.528 3.2
      vertex -53.0249 181.607 3.2
    endloop
  endfacet
  facet normal -0.533942 0.845521 0
    outer loop
      vertex -53.15 181.528 3.2
      vertex -53.0249 181.607 1.90735e-07
      vertex -53.15 181.528 1.90735e-07
    endloop
  endfacet
  facet normal 0.999046 -0.0436745 0
    outer loop
      vertex 2.3 183 3.2
      vertex 2.30647 183.148 1.90735e-07
      vertex 2.30647 183.148 3.2
    endloop
  endfacet
  facet normal 0.999046 -0.0436745 0
    outer loop
      vertex 2.30647 183.148 1.90735e-07
      vertex 2.3 183 3.2
      vertex 2.3 183 1.90735e-07
    endloop
  endfacet
  facet normal -0.999046 0.0436745 0
    outer loop
      vertex 5.69353 182.852 1.90735e-07
      vertex 5.7 183 3.2
      vertex 5.7 183 1.90735e-07
    endloop
  endfacet
  facet normal -0.999046 0.0436745 0
    outer loop
      vertex 5.7 183 3.2
      vertex 5.69353 182.852 1.90735e-07
      vertex 5.69353 182.852 3.2
    endloop
  endfacet
  facet normal -0.0404636 -0.999181 0
    outer loop
      vertex 4 184.7 1.90735e-07
      vertex 4.14816 184.694 3.2
      vertex 4 184.7 3.2
    endloop
  endfacet
  facet normal -0.0404636 -0.999181 -0
    outer loop
      vertex 4.14816 184.694 3.2
      vertex 4 184.7 1.90735e-07
      vertex 4.14816 184.694 1.90735e-07
    endloop
  endfacet
  facet normal 0.0404609 0.999181 -0
    outer loop
      vertex 4 181.3 1.90735e-07
      vertex 3.85183 181.306 3.2
      vertex 4 181.3 3.2
    endloop
  endfacet
  facet normal 0.0404609 0.999181 0
    outer loop
      vertex 3.85183 181.306 3.2
      vertex 4 181.3 1.90735e-07
      vertex 3.85183 181.306 1.90735e-07
    endloop
  endfacet
  facet normal -0.736234 -0.676727 0
    outer loop
      vertex 5.30227 184.093 1.90735e-07
      vertex 5.20208 184.202 3.2
      vertex 5.20208 184.202 1.90735e-07
    endloop
  endfacet
  facet normal -0.736234 -0.676727 0
    outer loop
      vertex 5.20208 184.202 3.2
      vertex 5.30227 184.093 1.90735e-07
      vertex 5.30227 184.093 3.2
    endloop
  endfacet
  facet normal -0.378322 -0.925674 0
    outer loop
      vertex 4.58143 184.597 1.90735e-07
      vertex 4.71845 184.541 3.2
      vertex 4.58143 184.597 3.2
    endloop
  endfacet
  facet normal -0.378322 -0.925674 -0
    outer loop
      vertex 4.71845 184.541 3.2
      vertex 4.58143 184.597 1.90735e-07
      vertex 4.71845 184.541 1.90735e-07
    endloop
  endfacet
  facet normal 0.534003 -0.845482 0
    outer loop
      vertex 3.02492 184.393 1.90735e-07
      vertex 3.15 184.472 3.2
      vertex 3.02492 184.393 3.2
    endloop
  endfacet
  facet normal 0.534003 -0.845482 0
    outer loop
      vertex 3.15 184.472 3.2
      vertex 3.02492 184.393 1.90735e-07
      vertex 3.15 184.472 1.90735e-07
    endloop
  endfacet
  facet normal -0.923849 -0.382757 0
    outer loop
      vertex 5.59748 183.581 1.90735e-07
      vertex 5.54072 183.718 3.2
      vertex 5.54072 183.718 1.90735e-07
    endloop
  endfacet
  facet normal -0.923849 -0.382757 0
    outer loop
      vertex 5.54072 183.718 3.2
      vertex 5.59748 183.581 1.90735e-07
      vertex 5.59748 183.581 3.2
    endloop
  endfacet
  facet normal -0.215802 -0.976437 0
    outer loop
      vertex 4.2952 184.674 1.90735e-07
      vertex 4.43999 184.642 3.2
      vertex 4.2952 184.674 3.2
    endloop
  endfacet
  facet normal -0.215802 -0.976437 -0
    outer loop
      vertex 4.43999 184.642 3.2
      vertex 4.2952 184.674 1.90735e-07
      vertex 4.43999 184.642 1.90735e-07
    endloop
  endfacet
  facet normal 0.303181 0.952933 -0
    outer loop
      vertex 3.56001 181.358 1.90735e-07
      vertex 3.41857 181.403 3.2
      vertex 3.56001 181.358 3.2
    endloop
  endfacet
  facet normal 0.303181 0.952933 0
    outer loop
      vertex 3.41857 181.403 3.2
      vertex 3.56001 181.358 1.90735e-07
      vertex 3.41857 181.403 1.90735e-07
    endloop
  endfacet
  facet normal 0.991439 -0.130573 0
    outer loop
      vertex 2.30647 183.148 3.2
      vertex 2.32583 183.295 1.90735e-07
      vertex 2.32583 183.295 3.2
    endloop
  endfacet
  facet normal 0.991439 -0.130573 0
    outer loop
      vertex 2.32583 183.295 1.90735e-07
      vertex 2.30647 183.148 3.2
      vertex 2.30647 183.148 1.90735e-07
    endloop
  endfacet
  facet normal 0.953459 -0.301523 0
    outer loop
      vertex 2.35793 183.44 3.2
      vertex 2.40252 183.581 1.90735e-07
      vertex 2.40252 183.581 3.2
    endloop
  endfacet
  facet normal 0.953459 -0.301523 0
    outer loop
      vertex 2.40252 183.581 1.90735e-07
      vertex 2.35793 183.44 3.2
      vertex 2.35793 183.44 1.90735e-07
    endloop
  endfacet
  facet normal 0.84325 -0.537521 0
    outer loop
      vertex 2.52776 183.85 3.2
      vertex 2.60744 183.975 1.90735e-07
      vertex 2.60744 183.975 3.2
    endloop
  endfacet
  facet normal 0.84325 -0.537521 0
    outer loop
      vertex 2.60744 183.975 1.90735e-07
      vertex 2.52776 183.85 3.2
      vertex 2.52776 183.85 1.90735e-07
    endloop
  endfacet
  facet normal 0.887657 -0.460506 0
    outer loop
      vertex 2.45928 183.718 3.2
      vertex 2.52776 183.85 1.90735e-07
      vertex 2.52776 183.85 3.2
    endloop
  endfacet
  facet normal 0.887657 -0.460506 0
    outer loop
      vertex 2.52776 183.85 1.90735e-07
      vertex 2.45928 183.718 3.2
      vertex 2.45928 183.718 1.90735e-07
    endloop
  endfacet
  facet normal 0.134785 -0.990875 0
    outer loop
      vertex 3.7048 184.674 1.90735e-07
      vertex 3.85183 184.694 3.2
      vertex 3.7048 184.674 3.2
    endloop
  endfacet
  facet normal 0.134785 -0.990875 0
    outer loop
      vertex 3.85183 184.694 3.2
      vertex 3.7048 184.674 1.90735e-07
      vertex 3.85183 184.694 1.90735e-07
    endloop
  endfacet
  facet normal 0.215802 -0.976437 0
    outer loop
      vertex 3.56001 184.642 1.90735e-07
      vertex 3.7048 184.674 3.2
      vertex 3.56001 184.642 3.2
    endloop
  endfacet
  facet normal 0.215802 -0.976437 0
    outer loop
      vertex 3.7048 184.674 3.2
      vertex 3.56001 184.642 1.90735e-07
      vertex 3.7048 184.674 1.90735e-07
    endloop
  endfacet
  facet normal 0.0404609 -0.999181 0
    outer loop
      vertex 3.85183 184.694 1.90735e-07
      vertex 4 184.7 3.2
      vertex 3.85183 184.694 3.2
    endloop
  endfacet
  facet normal 0.0404609 -0.999181 0
    outer loop
      vertex 4 184.7 3.2
      vertex 3.85183 184.694 1.90735e-07
      vertex 4 184.7 1.90735e-07
    endloop
  endfacet
  facet normal 0.378322 -0.925674 0
    outer loop
      vertex 3.28155 184.541 1.90735e-07
      vertex 3.41857 184.597 3.2
      vertex 3.28155 184.541 3.2
    endloop
  endfacet
  facet normal 0.378322 -0.925674 0
    outer loop
      vertex 3.41857 184.597 3.2
      vertex 3.28155 184.541 1.90735e-07
      vertex 3.41857 184.597 1.90735e-07
    endloop
  endfacet
  facet normal 0.303181 -0.952933 0
    outer loop
      vertex 3.41857 184.597 1.90735e-07
      vertex 3.56001 184.642 3.2
      vertex 3.41857 184.597 3.2
    endloop
  endfacet
  facet normal 0.303181 -0.952933 0
    outer loop
      vertex 3.56001 184.642 3.2
      vertex 3.41857 184.597 1.90735e-07
      vertex 3.56001 184.642 1.90735e-07
    endloop
  endfacet
  facet normal 0.611788 -0.791022 0
    outer loop
      vertex 2.90726 184.302 1.90735e-07
      vertex 3.02492 184.393 3.2
      vertex 2.90726 184.302 3.2
    endloop
  endfacet
  facet normal 0.611788 -0.791022 0
    outer loop
      vertex 3.02492 184.393 3.2
      vertex 2.90726 184.302 1.90735e-07
      vertex 3.02492 184.393 1.90735e-07
    endloop
  endfacet
  facet normal -0.991439 -0.130573 0
    outer loop
      vertex 5.69353 183.148 1.90735e-07
      vertex 5.67417 183.295 3.2
      vertex 5.67417 183.295 1.90735e-07
    endloop
  endfacet
  facet normal -0.991439 -0.130573 0
    outer loop
      vertex 5.67417 183.295 3.2
      vertex 5.69353 183.148 1.90735e-07
      vertex 5.69353 183.148 3.2
    endloop
  endfacet
  facet normal -0.953459 -0.301523 0
    outer loop
      vertex 5.64207 183.44 1.90735e-07
      vertex 5.59748 183.581 3.2
      vertex 5.59748 183.581 1.90735e-07
    endloop
  endfacet
  facet normal -0.953459 -0.301523 0
    outer loop
      vertex 5.59748 183.581 3.2
      vertex 5.64207 183.44 1.90735e-07
      vertex 5.64207 183.44 3.2
    endloop
  endfacet
  facet normal -0.999046 -0.0436745 0
    outer loop
      vertex 5.7 183 1.90735e-07
      vertex 5.69353 183.148 3.2
      vertex 5.69353 183.148 1.90735e-07
    endloop
  endfacet
  facet normal -0.999046 -0.0436745 0
    outer loop
      vertex 5.69353 183.148 3.2
      vertex 5.7 183 1.90735e-07
      vertex 5.7 183 3.2
    endloop
  endfacet
  facet normal -0.534003 -0.845482 0
    outer loop
      vertex 4.85 184.472 1.90735e-07
      vertex 4.97508 184.393 3.2
      vertex 4.85 184.472 3.2
    endloop
  endfacet
  facet normal -0.534003 -0.845482 -0
    outer loop
      vertex 4.97508 184.393 3.2
      vertex 4.85 184.472 1.90735e-07
      vertex 4.97508 184.393 1.90735e-07
    endloop
  endfacet
  facet normal -0.674887 -0.737921 0
    outer loop
      vertex 5.09274 184.302 1.90735e-07
      vertex 5.20208 184.202 3.2
      vertex 5.09274 184.302 3.2
    endloop
  endfacet
  facet normal -0.674887 -0.737921 -0
    outer loop
      vertex 5.20208 184.202 3.2
      vertex 5.09274 184.302 1.90735e-07
      vertex 5.20208 184.202 1.90735e-07
    endloop
  endfacet
  facet normal -0.303181 -0.952933 0
    outer loop
      vertex 4.43999 184.642 1.90735e-07
      vertex 4.58143 184.597 3.2
      vertex 4.43999 184.642 3.2
    endloop
  endfacet
  facet normal -0.303181 -0.952933 -0
    outer loop
      vertex 4.58143 184.597 3.2
      vertex 4.43999 184.642 1.90735e-07
      vertex 4.58143 184.597 1.90735e-07
    endloop
  endfacet
  facet normal -0.134776 -0.990876 0
    outer loop
      vertex 4.14816 184.694 1.90735e-07
      vertex 4.2952 184.674 3.2
      vertex 4.14816 184.694 3.2
    endloop
  endfacet
  facet normal -0.134776 -0.990876 -0
    outer loop
      vertex 4.2952 184.674 3.2
      vertex 4.14816 184.694 1.90735e-07
      vertex 4.2952 184.674 1.90735e-07
    endloop
  endfacet
  facet normal 0.999046 0.0436745 0
    outer loop
      vertex 2.30647 182.852 3.2
      vertex 2.3 183 1.90735e-07
      vertex 2.3 183 3.2
    endloop
  endfacet
  facet normal 0.999046 0.0436745 0
    outer loop
      vertex 2.3 183 1.90735e-07
      vertex 2.30647 182.852 3.2
      vertex 2.30647 182.852 1.90735e-07
    endloop
  endfacet
  facet normal 0.7362 0.676764 0
    outer loop
      vertex 2.79792 181.798 3.2
      vertex 2.69772 181.907 1.90735e-07
      vertex 2.69772 181.907 3.2
    endloop
  endfacet
  facet normal 0.7362 0.676764 0
    outer loop
      vertex 2.69772 181.907 1.90735e-07
      vertex 2.79792 181.798 3.2
      vertex 2.79792 181.798 1.90735e-07
    endloop
  endfacet
  facet normal 0.134785 0.990875 -0
    outer loop
      vertex 3.85183 181.306 1.90735e-07
      vertex 3.7048 181.326 3.2
      vertex 3.85183 181.306 3.2
    endloop
  endfacet
  facet normal 0.134785 0.990875 0
    outer loop
      vertex 3.7048 181.326 3.2
      vertex 3.85183 181.306 1.90735e-07
      vertex 3.7048 181.326 1.90735e-07
    endloop
  endfacet
  facet normal 0.378322 0.925674 -0
    outer loop
      vertex 3.41857 181.403 1.90735e-07
      vertex 3.28155 181.459 3.2
      vertex 3.41857 181.403 3.2
    endloop
  endfacet
  facet normal 0.378322 0.925674 0
    outer loop
      vertex 3.28155 181.459 3.2
      vertex 3.41857 181.403 1.90735e-07
      vertex 3.28155 181.459 1.90735e-07
    endloop
  endfacet
  facet normal 0.976361 -0.216146 0
    outer loop
      vertex 2.32583 183.295 3.2
      vertex 2.35793 183.44 1.90735e-07
      vertex 2.35793 183.44 3.2
    endloop
  endfacet
  facet normal 0.976361 -0.216146 0
    outer loop
      vertex 2.35793 183.44 1.90735e-07
      vertex 2.32583 183.295 3.2
      vertex 2.32583 183.295 1.90735e-07
    endloop
  endfacet
  facet normal 0.923849 -0.382757 0
    outer loop
      vertex 2.40252 183.581 3.2
      vertex 2.45928 183.718 1.90735e-07
      vertex 2.45928 183.718 3.2
    endloop
  endfacet
  facet normal 0.923849 -0.382757 0
    outer loop
      vertex 2.45928 183.718 1.90735e-07
      vertex 2.40252 183.581 3.2
      vertex 2.40252 183.581 1.90735e-07
    endloop
  endfacet
  facet normal 0.7362 -0.676764 0
    outer loop
      vertex 2.69772 184.093 3.2
      vertex 2.79792 184.202 1.90735e-07
      vertex 2.79792 184.202 3.2
    endloop
  endfacet
  facet normal 0.7362 -0.676764 0
    outer loop
      vertex 2.79792 184.202 1.90735e-07
      vertex 2.69772 184.093 3.2
      vertex 2.69772 184.093 1.90735e-07
    endloop
  endfacet
  facet normal 0.794213 -0.60764 0
    outer loop
      vertex 2.60744 183.975 3.2
      vertex 2.69772 184.093 1.90735e-07
      vertex 2.69772 184.093 3.2
    endloop
  endfacet
  facet normal 0.794213 -0.60764 0
    outer loop
      vertex 2.69772 184.093 1.90735e-07
      vertex 2.60744 183.975 3.2
      vertex 2.60744 183.975 1.90735e-07
    endloop
  endfacet
  facet normal 0.674887 -0.737921 0
    outer loop
      vertex 2.79792 184.202 1.90735e-07
      vertex 2.90726 184.302 3.2
      vertex 2.79792 184.202 3.2
    endloop
  endfacet
  facet normal 0.674887 -0.737921 0
    outer loop
      vertex 2.90726 184.302 3.2
      vertex 2.79792 184.202 1.90735e-07
      vertex 2.90726 184.302 1.90735e-07
    endloop
  endfacet
  facet normal -0.976361 -0.216146 0
    outer loop
      vertex 5.67417 183.295 1.90735e-07
      vertex 5.64207 183.44 3.2
      vertex 5.64207 183.44 1.90735e-07
    endloop
  endfacet
  facet normal -0.976361 -0.216146 0
    outer loop
      vertex 5.64207 183.44 3.2
      vertex 5.67417 183.295 1.90735e-07
      vertex 5.67417 183.295 3.2
    endloop
  endfacet
  facet normal -0.464497 -0.885574 0
    outer loop
      vertex 4.71845 184.541 1.90735e-07
      vertex 4.85 184.472 3.2
      vertex 4.71845 184.541 3.2
    endloop
  endfacet
  facet normal -0.464497 -0.885574 -0
    outer loop
      vertex 4.85 184.472 3.2
      vertex 4.71845 184.541 1.90735e-07
      vertex 4.85 184.472 1.90735e-07
    endloop
  endfacet
  facet normal -0.611788 -0.791022 0
    outer loop
      vertex 4.97508 184.393 1.90735e-07
      vertex 5.09274 184.302 3.2
      vertex 4.97508 184.393 3.2
    endloop
  endfacet
  facet normal -0.611788 -0.791022 -0
    outer loop
      vertex 5.09274 184.302 3.2
      vertex 4.97508 184.393 1.90735e-07
      vertex 5.09274 184.302 1.90735e-07
    endloop
  endfacet
  facet normal 0.976361 0.216146 0
    outer loop
      vertex 2.35793 182.56 3.2
      vertex 2.32583 182.705 1.90735e-07
      vertex 2.32583 182.705 3.2
    endloop
  endfacet
  facet normal 0.976361 0.216146 0
    outer loop
      vertex 2.32583 182.705 1.90735e-07
      vertex 2.35793 182.56 3.2
      vertex 2.35793 182.56 1.90735e-07
    endloop
  endfacet
  facet normal 0.991439 0.130573 0
    outer loop
      vertex 2.32583 182.705 3.2
      vertex 2.30647 182.852 1.90735e-07
      vertex 2.30647 182.852 3.2
    endloop
  endfacet
  facet normal 0.991439 0.130573 0
    outer loop
      vertex 2.30647 182.852 1.90735e-07
      vertex 2.32583 182.705 3.2
      vertex 2.32583 182.705 1.90735e-07
    endloop
  endfacet
  facet normal 0.794213 0.60764 0
    outer loop
      vertex 2.69772 181.907 3.2
      vertex 2.60744 182.025 1.90735e-07
      vertex 2.60744 182.025 3.2
    endloop
  endfacet
  facet normal 0.794213 0.60764 0
    outer loop
      vertex 2.60744 182.025 1.90735e-07
      vertex 2.69772 181.907 3.2
      vertex 2.69772 181.907 1.90735e-07
    endloop
  endfacet
  facet normal 0.923849 0.382757 0
    outer loop
      vertex 2.45928 182.282 3.2
      vertex 2.40252 182.419 1.90735e-07
      vertex 2.40252 182.419 3.2
    endloop
  endfacet
  facet normal 0.923849 0.382757 0
    outer loop
      vertex 2.40252 182.419 1.90735e-07
      vertex 2.45928 182.282 3.2
      vertex 2.45928 182.282 1.90735e-07
    endloop
  endfacet
  facet normal -0.303181 0.952933 0
    outer loop
      vertex 4.58143 181.403 1.90735e-07
      vertex 4.43999 181.358 3.2
      vertex 4.58143 181.403 3.2
    endloop
  endfacet
  facet normal -0.303181 0.952933 0
    outer loop
      vertex 4.43999 181.358 3.2
      vertex 4.58143 181.403 1.90735e-07
      vertex 4.43999 181.358 1.90735e-07
    endloop
  endfacet
  facet normal -0.134776 0.990876 0
    outer loop
      vertex 4.2952 181.326 1.90735e-07
      vertex 4.14816 181.306 3.2
      vertex 4.2952 181.326 3.2
    endloop
  endfacet
  facet normal -0.134776 0.990876 0
    outer loop
      vertex 4.14816 181.306 3.2
      vertex 4.2952 181.326 1.90735e-07
      vertex 4.14816 181.306 1.90735e-07
    endloop
  endfacet
  facet normal -0.736234 0.676727 0
    outer loop
      vertex 5.20208 181.798 1.90735e-07
      vertex 5.30227 181.907 3.2
      vertex 5.30227 181.907 1.90735e-07
    endloop
  endfacet
  facet normal -0.736234 0.676727 0
    outer loop
      vertex 5.30227 181.907 3.2
      vertex 5.20208 181.798 1.90735e-07
      vertex 5.20208 181.798 3.2
    endloop
  endfacet
  facet normal -0.923849 0.382757 0
    outer loop
      vertex 5.54072 182.282 1.90735e-07
      vertex 5.59748 182.419 3.2
      vertex 5.59748 182.419 1.90735e-07
    endloop
  endfacet
  facet normal -0.923849 0.382757 0
    outer loop
      vertex 5.59748 182.419 3.2
      vertex 5.54072 182.282 1.90735e-07
      vertex 5.54072 182.282 3.2
    endloop
  endfacet
  facet normal 0.464497 -0.885574 0
    outer loop
      vertex 3.15 184.472 1.90735e-07
      vertex 3.28155 184.541 3.2
      vertex 3.15 184.472 3.2
    endloop
  endfacet
  facet normal 0.464497 -0.885574 0
    outer loop
      vertex 3.28155 184.541 3.2
      vertex 3.15 184.472 1.90735e-07
      vertex 3.28155 184.541 1.90735e-07
    endloop
  endfacet
  facet normal -0.887657 -0.460506 0
    outer loop
      vertex 5.54072 183.718 1.90735e-07
      vertex 5.47224 183.85 3.2
      vertex 5.47224 183.85 1.90735e-07
    endloop
  endfacet
  facet normal -0.887657 -0.460506 0
    outer loop
      vertex 5.47224 183.85 3.2
      vertex 5.54072 183.718 1.90735e-07
      vertex 5.54072 183.718 3.2
    endloop
  endfacet
  facet normal -0.84325 -0.537521 0
    outer loop
      vertex 5.47224 183.85 1.90735e-07
      vertex 5.39256 183.975 3.2
      vertex 5.39256 183.975 1.90735e-07
    endloop
  endfacet
  facet normal -0.84325 -0.537521 0
    outer loop
      vertex 5.39256 183.975 3.2
      vertex 5.47224 183.85 1.90735e-07
      vertex 5.47224 183.85 3.2
    endloop
  endfacet
  facet normal -0.79418 -0.607682 0
    outer loop
      vertex 5.39256 183.975 1.90735e-07
      vertex 5.30227 184.093 3.2
      vertex 5.30227 184.093 1.90735e-07
    endloop
  endfacet
  facet normal -0.79418 -0.607682 0
    outer loop
      vertex 5.30227 184.093 3.2
      vertex 5.39256 183.975 1.90735e-07
      vertex 5.39256 183.975 3.2
    endloop
  endfacet
  facet normal 0.84325 0.537521 0
    outer loop
      vertex 2.60744 182.025 3.2
      vertex 2.52776 182.15 1.90735e-07
      vertex 2.52776 182.15 3.2
    endloop
  endfacet
  facet normal 0.84325 0.537521 0
    outer loop
      vertex 2.52776 182.15 1.90735e-07
      vertex 2.60744 182.025 3.2
      vertex 2.60744 182.025 1.90735e-07
    endloop
  endfacet
  facet normal 0.887657 0.460506 0
    outer loop
      vertex 2.52776 182.15 3.2
      vertex 2.45928 182.282 1.90735e-07
      vertex 2.45928 182.282 3.2
    endloop
  endfacet
  facet normal 0.887657 0.460506 0
    outer loop
      vertex 2.45928 182.282 1.90735e-07
      vertex 2.52776 182.15 3.2
      vertex 2.52776 182.15 1.90735e-07
    endloop
  endfacet
  facet normal 0.464497 0.885574 -0
    outer loop
      vertex 3.28155 181.459 1.90735e-07
      vertex 3.15 181.528 3.2
      vertex 3.28155 181.459 3.2
    endloop
  endfacet
  facet normal 0.464497 0.885574 0
    outer loop
      vertex 3.15 181.528 3.2
      vertex 3.28155 181.459 1.90735e-07
      vertex 3.15 181.528 1.90735e-07
    endloop
  endfacet
  facet normal 0.953459 0.301523 0
    outer loop
      vertex 2.40252 182.419 3.2
      vertex 2.35793 182.56 1.90735e-07
      vertex 2.35793 182.56 3.2
    endloop
  endfacet
  facet normal 0.953459 0.301523 0
    outer loop
      vertex 2.35793 182.56 1.90735e-07
      vertex 2.40252 182.419 3.2
      vertex 2.40252 182.419 1.90735e-07
    endloop
  endfacet
  facet normal -0.0404636 0.999181 0
    outer loop
      vertex 4.14816 181.306 1.90735e-07
      vertex 4 181.3 3.2
      vertex 4.14816 181.306 3.2
    endloop
  endfacet
  facet normal -0.0404636 0.999181 0
    outer loop
      vertex 4 181.3 3.2
      vertex 4.14816 181.306 1.90735e-07
      vertex 4 181.3 1.90735e-07
    endloop
  endfacet
  facet normal -0.611788 0.791022 0
    outer loop
      vertex 5.09274 181.698 1.90735e-07
      vertex 4.97508 181.607 3.2
      vertex 5.09274 181.698 3.2
    endloop
  endfacet
  facet normal -0.611788 0.791022 0
    outer loop
      vertex 4.97508 181.607 3.2
      vertex 5.09274 181.698 1.90735e-07
      vertex 4.97508 181.607 1.90735e-07
    endloop
  endfacet
  facet normal -0.674887 0.737921 0
    outer loop
      vertex 5.20208 181.798 1.90735e-07
      vertex 5.09274 181.698 3.2
      vertex 5.20208 181.798 3.2
    endloop
  endfacet
  facet normal -0.674887 0.737921 0
    outer loop
      vertex 5.09274 181.698 3.2
      vertex 5.20208 181.798 1.90735e-07
      vertex 5.09274 181.698 1.90735e-07
    endloop
  endfacet
  facet normal -0.84325 0.537521 0
    outer loop
      vertex 5.39256 182.025 1.90735e-07
      vertex 5.47224 182.15 3.2
      vertex 5.47224 182.15 1.90735e-07
    endloop
  endfacet
  facet normal -0.84325 0.537521 0
    outer loop
      vertex 5.47224 182.15 3.2
      vertex 5.39256 182.025 1.90735e-07
      vertex 5.39256 182.025 3.2
    endloop
  endfacet
  facet normal -0.887657 0.460506 0
    outer loop
      vertex 5.47224 182.15 1.90735e-07
      vertex 5.54072 182.282 3.2
      vertex 5.54072 182.282 1.90735e-07
    endloop
  endfacet
  facet normal -0.887657 0.460506 0
    outer loop
      vertex 5.54072 182.282 3.2
      vertex 5.47224 182.15 1.90735e-07
      vertex 5.47224 182.15 3.2
    endloop
  endfacet
  facet normal -0.953459 0.301523 0
    outer loop
      vertex 5.59748 182.419 1.90735e-07
      vertex 5.64207 182.56 3.2
      vertex 5.64207 182.56 1.90735e-07
    endloop
  endfacet
  facet normal -0.953459 0.301523 0
    outer loop
      vertex 5.64207 182.56 3.2
      vertex 5.59748 182.419 1.90735e-07
      vertex 5.59748 182.419 3.2
    endloop
  endfacet
  facet normal -0.976361 0.216146 0
    outer loop
      vertex 5.64207 182.56 1.90735e-07
      vertex 5.67417 182.705 3.2
      vertex 5.67417 182.705 1.90735e-07
    endloop
  endfacet
  facet normal -0.976361 0.216146 0
    outer loop
      vertex 5.67417 182.705 3.2
      vertex 5.64207 182.56 1.90735e-07
      vertex 5.64207 182.56 3.2
    endloop
  endfacet
  facet normal -0.991439 0.130573 0
    outer loop
      vertex 5.67417 182.705 1.90735e-07
      vertex 5.69353 182.852 3.2
      vertex 5.69353 182.852 1.90735e-07
    endloop
  endfacet
  facet normal -0.991439 0.130573 0
    outer loop
      vertex 5.69353 182.852 3.2
      vertex 5.67417 182.705 1.90735e-07
      vertex 5.67417 182.705 3.2
    endloop
  endfacet
  facet normal 0.215802 0.976437 -0
    outer loop
      vertex 3.7048 181.326 1.90735e-07
      vertex 3.56001 181.358 3.2
      vertex 3.7048 181.326 3.2
    endloop
  endfacet
  facet normal 0.215802 0.976437 0
    outer loop
      vertex 3.56001 181.358 3.2
      vertex 3.7048 181.326 1.90735e-07
      vertex 3.56001 181.358 1.90735e-07
    endloop
  endfacet
  facet normal 0.674887 0.737921 -0
    outer loop
      vertex 2.90726 181.698 1.90735e-07
      vertex 2.79792 181.798 3.2
      vertex 2.90726 181.698 3.2
    endloop
  endfacet
  facet normal 0.674887 0.737921 0
    outer loop
      vertex 2.79792 181.798 3.2
      vertex 2.90726 181.698 1.90735e-07
      vertex 2.79792 181.798 1.90735e-07
    endloop
  endfacet
  facet normal 0.611788 0.791022 -0
    outer loop
      vertex 3.02492 181.607 1.90735e-07
      vertex 2.90726 181.698 3.2
      vertex 3.02492 181.607 3.2
    endloop
  endfacet
  facet normal 0.611788 0.791022 0
    outer loop
      vertex 2.90726 181.698 3.2
      vertex 3.02492 181.607 1.90735e-07
      vertex 2.90726 181.698 1.90735e-07
    endloop
  endfacet
  facet normal -0.215802 0.976437 0
    outer loop
      vertex 4.43999 181.358 1.90735e-07
      vertex 4.2952 181.326 3.2
      vertex 4.43999 181.358 3.2
    endloop
  endfacet
  facet normal -0.215802 0.976437 0
    outer loop
      vertex 4.2952 181.326 3.2
      vertex 4.43999 181.358 1.90735e-07
      vertex 4.2952 181.326 1.90735e-07
    endloop
  endfacet
  facet normal -0.378322 0.925674 0
    outer loop
      vertex 4.71845 181.459 1.90735e-07
      vertex 4.58143 181.403 3.2
      vertex 4.71845 181.459 3.2
    endloop
  endfacet
  facet normal -0.378322 0.925674 0
    outer loop
      vertex 4.58143 181.403 3.2
      vertex 4.71845 181.459 1.90735e-07
      vertex 4.58143 181.403 1.90735e-07
    endloop
  endfacet
  facet normal -0.464497 0.885574 0
    outer loop
      vertex 4.85 181.528 1.90735e-07
      vertex 4.71845 181.459 3.2
      vertex 4.85 181.528 3.2
    endloop
  endfacet
  facet normal -0.464497 0.885574 0
    outer loop
      vertex 4.71845 181.459 3.2
      vertex 4.85 181.528 1.90735e-07
      vertex 4.71845 181.459 1.90735e-07
    endloop
  endfacet
  facet normal -0.79418 0.607682 0
    outer loop
      vertex 5.30227 181.907 1.90735e-07
      vertex 5.39256 182.025 3.2
      vertex 5.39256 182.025 1.90735e-07
    endloop
  endfacet
  facet normal -0.79418 0.607682 0
    outer loop
      vertex 5.39256 182.025 3.2
      vertex 5.30227 181.907 1.90735e-07
      vertex 5.30227 181.907 3.2
    endloop
  endfacet
  facet normal 0.534003 0.845482 -0
    outer loop
      vertex 3.15 181.528 1.90735e-07
      vertex 3.02492 181.607 3.2
      vertex 3.15 181.528 3.2
    endloop
  endfacet
  facet normal 0.534003 0.845482 0
    outer loop
      vertex 3.02492 181.607 3.2
      vertex 3.15 181.528 1.90735e-07
      vertex 3.02492 181.607 1.90735e-07
    endloop
  endfacet
  facet normal -0.534003 0.845482 0
    outer loop
      vertex 4.97508 181.607 1.90735e-07
      vertex 4.85 181.528 3.2
      vertex 4.97508 181.607 3.2
    endloop
  endfacet
  facet normal -0.534003 0.845482 0
    outer loop
      vertex 4.85 181.528 3.2
      vertex 4.97508 181.607 1.90735e-07
      vertex 4.85 181.528 1.90735e-07
    endloop
  endfacet
  facet normal 0.999037 -0.0438766 0
    outer loop
      vertex -55.7 294 3.2
      vertex -55.6935 294.148 1.90735e-07
      vertex -55.6935 294.148 3.2
    endloop
  endfacet
  facet normal 0.999037 -0.0438766 0
    outer loop
      vertex -55.6935 294.148 1.90735e-07
      vertex -55.7 294 3.2
      vertex -55.7 294 1.90735e-07
    endloop
  endfacet
  facet normal -0.999037 0.0438766 0
    outer loop
      vertex -52.3065 293.852 1.90735e-07
      vertex -52.3 294 3.2
      vertex -52.3 294 1.90735e-07
    endloop
  endfacet
  facet normal -0.999037 0.0438766 0
    outer loop
      vertex -52.3 294 3.2
      vertex -52.3065 293.852 1.90735e-07
      vertex -52.3065 293.852 3.2
    endloop
  endfacet
  facet normal -0.0404527 -0.999181 0
    outer loop
      vertex -54 295.7 1.90735e-07
      vertex -53.8518 295.694 3.2
      vertex -54 295.7 3.2
    endloop
  endfacet
  facet normal -0.0404527 -0.999181 -0
    outer loop
      vertex -53.8518 295.694 3.2
      vertex -54 295.7 1.90735e-07
      vertex -53.8518 295.694 1.90735e-07
    endloop
  endfacet
  facet normal 0.0404527 0.999181 -0
    outer loop
      vertex -54 292.3 1.90735e-07
      vertex -54.1482 292.306 3.2
      vertex -54 292.3 3.2
    endloop
  endfacet
  facet normal 0.0404527 0.999181 0
    outer loop
      vertex -54.1482 292.306 3.2
      vertex -54 292.3 1.90735e-07
      vertex -54.1482 292.306 1.90735e-07
    endloop
  endfacet
  facet normal -0.7362 -0.676764 0
    outer loop
      vertex -52.6977 295.093 1.90735e-07
      vertex -52.7979 295.202 3.2
      vertex -52.7979 295.202 1.90735e-07
    endloop
  endfacet
  facet normal -0.7362 -0.676764 0
    outer loop
      vertex -52.7979 295.202 3.2
      vertex -52.6977 295.093 1.90735e-07
      vertex -52.6977 295.093 3.2
    endloop
  endfacet
  facet normal -0.378133 -0.925751 0
    outer loop
      vertex -53.4186 295.597 1.90735e-07
      vertex -53.2815 295.541 3.2
      vertex -53.4186 295.597 3.2
    endloop
  endfacet
  facet normal -0.378133 -0.925751 -0
    outer loop
      vertex -53.2815 295.541 3.2
      vertex -53.4186 295.597 1.90735e-07
      vertex -53.2815 295.541 1.90735e-07
    endloop
  endfacet
  facet normal 0.533942 -0.845521 0
    outer loop
      vertex -54.9751 295.393 1.90735e-07
      vertex -54.85 295.472 3.2
      vertex -54.9751 295.393 3.2
    endloop
  endfacet
  facet normal 0.533942 -0.845521 0
    outer loop
      vertex -54.85 295.472 3.2
      vertex -54.9751 295.393 1.90735e-07
      vertex -54.85 295.472 1.90735e-07
    endloop
  endfacet
  facet normal -0.923754 -0.382987 0
    outer loop
      vertex -52.4025 294.581 1.90735e-07
      vertex -52.4593 294.718 3.2
      vertex -52.4593 294.718 1.90735e-07
    endloop
  endfacet
  facet normal -0.923754 -0.382987 0
    outer loop
      vertex -52.4593 294.718 3.2
      vertex -52.4025 294.581 1.90735e-07
      vertex -52.4025 294.581 3.2
    endloop
  endfacet
  facet normal -0.215788 -0.97644 0
    outer loop
      vertex -53.7048 295.674 1.90735e-07
      vertex -53.56 295.642 3.2
      vertex -53.7048 295.674 3.2
    endloop
  endfacet
  facet normal -0.215788 -0.97644 -0
    outer loop
      vertex -53.56 295.642 3.2
      vertex -53.7048 295.674 1.90735e-07
      vertex -53.56 295.642 1.90735e-07
    endloop
  endfacet
  facet normal 0.303259 0.952908 -0
    outer loop
      vertex -54.44 292.358 1.90735e-07
      vertex -54.5814 292.403 3.2
      vertex -54.44 292.358 3.2
    endloop
  endfacet
  facet normal 0.303259 0.952908 0
    outer loop
      vertex -54.5814 292.403 3.2
      vertex -54.44 292.358 1.90735e-07
      vertex -54.5814 292.403 1.90735e-07
    endloop
  endfacet
  facet normal 0.991491 -0.130175 0
    outer loop
      vertex -55.6935 294.148 3.2
      vertex -55.6742 294.295 1.90735e-07
      vertex -55.6742 294.295 3.2
    endloop
  endfacet
  facet normal 0.991491 -0.130175 0
    outer loop
      vertex -55.6742 294.295 1.90735e-07
      vertex -55.6935 294.148 3.2
      vertex -55.6935 294.148 1.90735e-07
    endloop
  endfacet
  facet normal 0.953439 -0.301584 0
    outer loop
      vertex -55.6421 294.44 3.2
      vertex -55.5975 294.581 1.90735e-07
      vertex -55.5975 294.581 3.2
    endloop
  endfacet
  facet normal 0.953439 -0.301584 0
    outer loop
      vertex -55.5975 294.581 1.90735e-07
      vertex -55.6421 294.44 3.2
      vertex -55.6421 294.44 1.90735e-07
    endloop
  endfacet
  facet normal 0.843495 -0.537137 0
    outer loop
      vertex -55.4722 294.85 3.2
      vertex -55.3926 294.975 1.90735e-07
      vertex -55.3926 294.975 3.2
    endloop
  endfacet
  facet normal 0.843495 -0.537137 0
    outer loop
      vertex -55.3926 294.975 1.90735e-07
      vertex -55.4722 294.85 3.2
      vertex -55.4722 294.85 1.90735e-07
    endloop
  endfacet
  facet normal 0.887602 -0.460612 0
    outer loop
      vertex -55.5407 294.718 3.2
      vertex -55.4722 294.85 1.90735e-07
      vertex -55.4722 294.85 3.2
    endloop
  endfacet
  facet normal 0.887602 -0.460612 0
    outer loop
      vertex -55.4722 294.85 1.90735e-07
      vertex -55.5407 294.718 3.2
      vertex -55.5407 294.718 1.90735e-07
    endloop
  endfacet
  facet normal 0.134812 -0.990871 0
    outer loop
      vertex -54.2952 295.674 1.90735e-07
      vertex -54.1482 295.694 3.2
      vertex -54.2952 295.674 3.2
    endloop
  endfacet
  facet normal 0.134812 -0.990871 0
    outer loop
      vertex -54.1482 295.694 3.2
      vertex -54.2952 295.674 1.90735e-07
      vertex -54.1482 295.694 1.90735e-07
    endloop
  endfacet
  facet normal 0.215788 -0.97644 0
    outer loop
      vertex -54.44 295.642 1.90735e-07
      vertex -54.2952 295.674 3.2
      vertex -54.44 295.642 3.2
    endloop
  endfacet
  facet normal 0.215788 -0.97644 0
    outer loop
      vertex -54.2952 295.674 3.2
      vertex -54.44 295.642 1.90735e-07
      vertex -54.2952 295.674 1.90735e-07
    endloop
  endfacet
  facet normal 0.0404527 -0.999181 0
    outer loop
      vertex -54.1482 295.694 1.90735e-07
      vertex -54 295.7 3.2
      vertex -54.1482 295.694 3.2
    endloop
  endfacet
  facet normal 0.0404527 -0.999181 0
    outer loop
      vertex -54 295.7 3.2
      vertex -54.1482 295.694 1.90735e-07
      vertex -54 295.7 1.90735e-07
    endloop
  endfacet
  facet normal 0.378133 -0.925751 0
    outer loop
      vertex -54.7185 295.541 1.90735e-07
      vertex -54.5814 295.597 3.2
      vertex -54.7185 295.541 3.2
    endloop
  endfacet
  facet normal 0.378133 -0.925751 0
    outer loop
      vertex -54.5814 295.597 3.2
      vertex -54.7185 295.541 1.90735e-07
      vertex -54.5814 295.597 1.90735e-07
    endloop
  endfacet
  facet normal 0.303259 -0.952908 0
    outer loop
      vertex -54.5814 295.597 1.90735e-07
      vertex -54.44 295.642 3.2
      vertex -54.5814 295.597 3.2
    endloop
  endfacet
  facet normal 0.303259 -0.952908 0
    outer loop
      vertex -54.44 295.642 3.2
      vertex -54.5814 295.597 1.90735e-07
      vertex -54.44 295.642 1.90735e-07
    endloop
  endfacet
  facet normal 0.611983 -0.790871 0
    outer loop
      vertex -55.0927 295.302 1.90735e-07
      vertex -54.9751 295.393 3.2
      vertex -55.0927 295.302 3.2
    endloop
  endfacet
  facet normal 0.611983 -0.790871 0
    outer loop
      vertex -54.9751 295.393 3.2
      vertex -55.0927 295.302 1.90735e-07
      vertex -54.9751 295.393 1.90735e-07
    endloop
  endfacet
  facet normal -0.991491 -0.130175 0
    outer loop
      vertex -52.3065 294.148 1.90735e-07
      vertex -52.3258 294.295 3.2
      vertex -52.3258 294.295 1.90735e-07
    endloop
  endfacet
  facet normal -0.991491 -0.130175 0
    outer loop
      vertex -52.3258 294.295 3.2
      vertex -52.3065 294.148 1.90735e-07
      vertex -52.3065 294.148 3.2
    endloop
  endfacet
  facet normal -0.794148 -0.607725 0
    outer loop
      vertex -52.6074 294.975 1.90735e-07
      vertex -52.6977 295.093 3.2
      vertex -52.6977 295.093 1.90735e-07
    endloop
  endfacet
  facet normal -0.794148 -0.607725 0
    outer loop
      vertex -52.6977 295.093 3.2
      vertex -52.6074 294.975 1.90735e-07
      vertex -52.6074 294.975 3.2
    endloop
  endfacet
  facet normal -0.953439 -0.301584 0
    outer loop
      vertex -52.3579 294.44 1.90735e-07
      vertex -52.4025 294.581 3.2
      vertex -52.4025 294.581 1.90735e-07
    endloop
  endfacet
  facet normal -0.953439 -0.301584 0
    outer loop
      vertex -52.4025 294.581 3.2
      vertex -52.3579 294.44 1.90735e-07
      vertex -52.3579 294.44 3.2
    endloop
  endfacet
  facet normal -0.999037 -0.0438766 0
    outer loop
      vertex -52.3 294 1.90735e-07
      vertex -52.3065 294.148 3.2
      vertex -52.3065 294.148 1.90735e-07
    endloop
  endfacet
  facet normal -0.999037 -0.0438766 0
    outer loop
      vertex -52.3065 294.148 3.2
      vertex -52.3 294 1.90735e-07
      vertex -52.3 294 3.2
    endloop
  endfacet
  facet normal -0.533942 -0.845521 0
    outer loop
      vertex -53.15 295.472 1.90735e-07
      vertex -53.0249 295.393 3.2
      vertex -53.15 295.472 3.2
    endloop
  endfacet
  facet normal -0.533942 -0.845521 -0
    outer loop
      vertex -53.0249 295.393 3.2
      vertex -53.15 295.472 1.90735e-07
      vertex -53.0249 295.393 1.90735e-07
    endloop
  endfacet
  facet normal -0.674685 -0.738106 0
    outer loop
      vertex -52.9073 295.302 1.90735e-07
      vertex -52.7979 295.202 3.2
      vertex -52.9073 295.302 3.2
    endloop
  endfacet
  facet normal -0.674685 -0.738106 -0
    outer loop
      vertex -52.7979 295.202 3.2
      vertex -52.9073 295.302 1.90735e-07
      vertex -52.7979 295.202 1.90735e-07
    endloop
  endfacet
  facet normal -0.134812 -0.990871 0
    outer loop
      vertex -53.8518 295.694 1.90735e-07
      vertex -53.7048 295.674 3.2
      vertex -53.8518 295.694 3.2
    endloop
  endfacet
  facet normal -0.134812 -0.990871 -0
    outer loop
      vertex -53.7048 295.674 3.2
      vertex -53.8518 295.694 1.90735e-07
      vertex -53.7048 295.674 1.90735e-07
    endloop
  endfacet
  facet normal 0.999037 0.0438766 0
    outer loop
      vertex -55.6935 293.852 3.2
      vertex -55.7 294 1.90735e-07
      vertex -55.7 294 3.2
    endloop
  endfacet
  facet normal 0.999037 0.0438766 0
    outer loop
      vertex -55.7 294 1.90735e-07
      vertex -55.6935 293.852 3.2
      vertex -55.6935 293.852 1.90735e-07
    endloop
  endfacet
  facet normal 0.976361 0.216146 0
    outer loop
      vertex -55.6421 293.56 3.2
      vertex -55.6742 293.705 1.90735e-07
      vertex -55.6742 293.705 3.2
    endloop
  endfacet
  facet normal 0.976361 0.216146 0
    outer loop
      vertex -55.6742 293.705 1.90735e-07
      vertex -55.6421 293.56 3.2
      vertex -55.6421 293.56 1.90735e-07
    endloop
  endfacet
  facet normal 0.7362 0.676764 0
    outer loop
      vertex -55.2021 292.798 3.2
      vertex -55.3023 292.907 1.90735e-07
      vertex -55.3023 292.907 3.2
    endloop
  endfacet
  facet normal 0.7362 0.676764 0
    outer loop
      vertex -55.3023 292.907 1.90735e-07
      vertex -55.2021 292.798 3.2
      vertex -55.2021 292.798 1.90735e-07
    endloop
  endfacet
  facet normal 0.843495 0.537137 0
    outer loop
      vertex -55.3926 293.025 3.2
      vertex -55.4722 293.15 1.90735e-07
      vertex -55.4722 293.15 3.2
    endloop
  endfacet
  facet normal 0.843495 0.537137 0
    outer loop
      vertex -55.4722 293.15 1.90735e-07
      vertex -55.3926 293.025 3.2
      vertex -55.3926 293.025 1.90735e-07
    endloop
  endfacet
  facet normal 0.134812 0.990871 -0
    outer loop
      vertex -54.1482 292.306 1.90735e-07
      vertex -54.2952 292.326 3.2
      vertex -54.1482 292.306 3.2
    endloop
  endfacet
  facet normal 0.134812 0.990871 0
    outer loop
      vertex -54.2952 292.326 3.2
      vertex -54.1482 292.306 1.90735e-07
      vertex -54.2952 292.326 1.90735e-07
    endloop
  endfacet
  facet normal 0.378133 0.925751 -0
    outer loop
      vertex -54.5814 292.403 1.90735e-07
      vertex -54.7185 292.459 3.2
      vertex -54.5814 292.403 3.2
    endloop
  endfacet
  facet normal 0.378133 0.925751 0
    outer loop
      vertex -54.7185 292.459 3.2
      vertex -54.5814 292.403 1.90735e-07
      vertex -54.7185 292.459 1.90735e-07
    endloop
  endfacet
  facet normal 0.976361 -0.216146 0
    outer loop
      vertex -55.6742 294.295 3.2
      vertex -55.6421 294.44 1.90735e-07
      vertex -55.6421 294.44 3.2
    endloop
  endfacet
  facet normal 0.976361 -0.216146 0
    outer loop
      vertex -55.6421 294.44 1.90735e-07
      vertex -55.6742 294.295 3.2
      vertex -55.6742 294.295 1.90735e-07
    endloop
  endfacet
  facet normal 0.923754 -0.382987 0
    outer loop
      vertex -55.5975 294.581 3.2
      vertex -55.5407 294.718 1.90735e-07
      vertex -55.5407 294.718 3.2
    endloop
  endfacet
  facet normal 0.923754 -0.382987 0
    outer loop
      vertex -55.5407 294.718 1.90735e-07
      vertex -55.5975 294.581 3.2
      vertex -55.5975 294.581 1.90735e-07
    endloop
  endfacet
  facet normal 0.7362 -0.676764 0
    outer loop
      vertex -55.3023 295.093 3.2
      vertex -55.2021 295.202 1.90735e-07
      vertex -55.2021 295.202 3.2
    endloop
  endfacet
  facet normal 0.7362 -0.676764 0
    outer loop
      vertex -55.2021 295.202 1.90735e-07
      vertex -55.3023 295.093 3.2
      vertex -55.3023 295.093 1.90735e-07
    endloop
  endfacet
  facet normal 0.794148 -0.607725 0
    outer loop
      vertex -55.3926 294.975 3.2
      vertex -55.3023 295.093 1.90735e-07
      vertex -55.3023 295.093 3.2
    endloop
  endfacet
  facet normal 0.794148 -0.607725 0
    outer loop
      vertex -55.3023 295.093 1.90735e-07
      vertex -55.3926 294.975 3.2
      vertex -55.3926 294.975 1.90735e-07
    endloop
  endfacet
  facet normal 0.674685 -0.738106 0
    outer loop
      vertex -55.2021 295.202 1.90735e-07
      vertex -55.0927 295.302 3.2
      vertex -55.2021 295.202 3.2
    endloop
  endfacet
  facet normal 0.674685 -0.738106 0
    outer loop
      vertex -55.0927 295.302 3.2
      vertex -55.2021 295.202 1.90735e-07
      vertex -55.0927 295.302 1.90735e-07
    endloop
  endfacet
  facet normal -0.976361 -0.216146 0
    outer loop
      vertex -52.3258 294.295 1.90735e-07
      vertex -52.3579 294.44 3.2
      vertex -52.3579 294.44 1.90735e-07
    endloop
  endfacet
  facet normal -0.976361 -0.216146 0
    outer loop
      vertex -52.3579 294.44 3.2
      vertex -52.3258 294.295 1.90735e-07
      vertex -52.3258 294.295 3.2
    endloop
  endfacet
  facet normal -0.464636 -0.885502 0
    outer loop
      vertex -53.2815 295.541 1.90735e-07
      vertex -53.15 295.472 3.2
      vertex -53.2815 295.541 3.2
    endloop
  endfacet
  facet normal -0.464636 -0.885502 -0
    outer loop
      vertex -53.15 295.472 3.2
      vertex -53.2815 295.541 1.90735e-07
      vertex -53.15 295.472 1.90735e-07
    endloop
  endfacet
  facet normal -0.611983 -0.790871 0
    outer loop
      vertex -53.0249 295.393 1.90735e-07
      vertex -52.9073 295.302 3.2
      vertex -53.0249 295.393 3.2
    endloop
  endfacet
  facet normal -0.611983 -0.790871 -0
    outer loop
      vertex -52.9073 295.302 3.2
      vertex -53.0249 295.393 1.90735e-07
      vertex -52.9073 295.302 1.90735e-07
    endloop
  endfacet
  facet normal -0.303259 -0.952908 0
    outer loop
      vertex -53.56 295.642 1.90735e-07
      vertex -53.4186 295.597 3.2
      vertex -53.56 295.642 3.2
    endloop
  endfacet
  facet normal -0.303259 -0.952908 -0
    outer loop
      vertex -53.4186 295.597 3.2
      vertex -53.56 295.642 1.90735e-07
      vertex -53.4186 295.597 1.90735e-07
    endloop
  endfacet
  facet normal 0.923754 0.382987 0
    outer loop
      vertex -55.5407 293.282 3.2
      vertex -55.5975 293.419 1.90735e-07
      vertex -55.5975 293.419 3.2
    endloop
  endfacet
  facet normal 0.923754 0.382987 0
    outer loop
      vertex -55.5975 293.419 1.90735e-07
      vertex -55.5407 293.282 3.2
      vertex -55.5407 293.282 1.90735e-07
    endloop
  endfacet
  facet normal 0.794148 0.607725 0
    outer loop
      vertex -55.3023 292.907 3.2
      vertex -55.3926 293.025 1.90735e-07
      vertex -55.3926 293.025 3.2
    endloop
  endfacet
  facet normal 0.794148 0.607725 0
    outer loop
      vertex -55.3926 293.025 1.90735e-07
      vertex -55.3023 292.907 3.2
      vertex -55.3023 292.907 1.90735e-07
    endloop
  endfacet
  facet normal 0.953439 0.301584 0
    outer loop
      vertex -55.5975 293.419 3.2
      vertex -55.6421 293.56 1.90735e-07
      vertex -55.6421 293.56 3.2
    endloop
  endfacet
  facet normal 0.953439 0.301584 0
    outer loop
      vertex -55.6421 293.56 1.90735e-07
      vertex -55.5975 293.419 3.2
      vertex -55.5975 293.419 1.90735e-07
    endloop
  endfacet
  facet normal -0.7362 0.676764 0
    outer loop
      vertex -52.7979 292.798 1.90735e-07
      vertex -52.6977 292.907 3.2
      vertex -52.6977 292.907 1.90735e-07
    endloop
  endfacet
  facet normal -0.7362 0.676764 0
    outer loop
      vertex -52.6977 292.907 3.2
      vertex -52.7979 292.798 1.90735e-07
      vertex -52.7979 292.798 3.2
    endloop
  endfacet
  facet normal -0.843495 0.537137 0
    outer loop
      vertex -52.6074 293.025 1.90735e-07
      vertex -52.5278 293.15 3.2
      vertex -52.5278 293.15 1.90735e-07
    endloop
  endfacet
  facet normal -0.843495 0.537137 0
    outer loop
      vertex -52.5278 293.15 3.2
      vertex -52.6074 293.025 1.90735e-07
      vertex -52.6074 293.025 3.2
    endloop
  endfacet
  facet normal 0.464636 -0.885502 0
    outer loop
      vertex -54.85 295.472 1.90735e-07
      vertex -54.7185 295.541 3.2
      vertex -54.85 295.472 3.2
    endloop
  endfacet
  facet normal 0.464636 -0.885502 0
    outer loop
      vertex -54.7185 295.541 3.2
      vertex -54.85 295.472 1.90735e-07
      vertex -54.7185 295.541 1.90735e-07
    endloop
  endfacet
  facet normal -0.887602 -0.460612 0
    outer loop
      vertex -52.4593 294.718 1.90735e-07
      vertex -52.5278 294.85 3.2
      vertex -52.5278 294.85 1.90735e-07
    endloop
  endfacet
  facet normal -0.887602 -0.460612 0
    outer loop
      vertex -52.5278 294.85 3.2
      vertex -52.4593 294.718 1.90735e-07
      vertex -52.4593 294.718 3.2
    endloop
  endfacet
  facet normal -0.843495 -0.537137 0
    outer loop
      vertex -52.5278 294.85 1.90735e-07
      vertex -52.6074 294.975 3.2
      vertex -52.6074 294.975 1.90735e-07
    endloop
  endfacet
  facet normal -0.843495 -0.537137 0
    outer loop
      vertex -52.6074 294.975 3.2
      vertex -52.5278 294.85 1.90735e-07
      vertex -52.5278 294.85 3.2
    endloop
  endfacet
  facet normal 0.991491 0.130175 0
    outer loop
      vertex -55.6742 293.705 3.2
      vertex -55.6935 293.852 1.90735e-07
      vertex -55.6935 293.852 3.2
    endloop
  endfacet
  facet normal 0.991491 0.130175 0
    outer loop
      vertex -55.6935 293.852 1.90735e-07
      vertex -55.6742 293.705 3.2
      vertex -55.6742 293.705 1.90735e-07
    endloop
  endfacet
  facet normal 0.464636 0.885502 -0
    outer loop
      vertex -54.7185 292.459 1.90735e-07
      vertex -54.85 292.528 3.2
      vertex -54.7185 292.459 3.2
    endloop
  endfacet
  facet normal 0.464636 0.885502 0
    outer loop
      vertex -54.85 292.528 3.2
      vertex -54.7185 292.459 1.90735e-07
      vertex -54.85 292.528 1.90735e-07
    endloop
  endfacet
  facet normal -0.0404527 0.999181 0
    outer loop
      vertex -53.8518 292.306 1.90735e-07
      vertex -54 292.3 3.2
      vertex -53.8518 292.306 3.2
    endloop
  endfacet
  facet normal -0.0404527 0.999181 0
    outer loop
      vertex -54 292.3 3.2
      vertex -53.8518 292.306 1.90735e-07
      vertex -54 292.3 1.90735e-07
    endloop
  endfacet
  facet normal -0.134812 0.990871 0
    outer loop
      vertex -53.7048 292.326 1.90735e-07
      vertex -53.8518 292.306 3.2
      vertex -53.7048 292.326 3.2
    endloop
  endfacet
  facet normal -0.134812 0.990871 0
    outer loop
      vertex -53.8518 292.306 3.2
      vertex -53.7048 292.326 1.90735e-07
      vertex -53.8518 292.306 1.90735e-07
    endloop
  endfacet
  facet normal -0.611983 0.790871 0
    outer loop
      vertex -52.9073 292.698 1.90735e-07
      vertex -53.0249 292.607 3.2
      vertex -52.9073 292.698 3.2
    endloop
  endfacet
  facet normal -0.611983 0.790871 0
    outer loop
      vertex -53.0249 292.607 3.2
      vertex -52.9073 292.698 1.90735e-07
      vertex -53.0249 292.607 1.90735e-07
    endloop
  endfacet
  facet normal -0.378133 0.925751 0
    outer loop
      vertex -53.2815 292.459 1.90735e-07
      vertex -53.4186 292.403 3.2
      vertex -53.2815 292.459 3.2
    endloop
  endfacet
  facet normal -0.378133 0.925751 0
    outer loop
      vertex -53.4186 292.403 3.2
      vertex -53.2815 292.459 1.90735e-07
      vertex -53.4186 292.403 1.90735e-07
    endloop
  endfacet
  facet normal -0.674685 0.738106 0
    outer loop
      vertex -52.7979 292.798 1.90735e-07
      vertex -52.9073 292.698 3.2
      vertex -52.7979 292.798 3.2
    endloop
  endfacet
  facet normal -0.674685 0.738106 0
    outer loop
      vertex -52.9073 292.698 3.2
      vertex -52.7979 292.798 1.90735e-07
      vertex -52.9073 292.698 1.90735e-07
    endloop
  endfacet
  facet normal -0.887602 0.460612 0
    outer loop
      vertex -52.5278 293.15 1.90735e-07
      vertex -52.4593 293.282 3.2
      vertex -52.4593 293.282 1.90735e-07
    endloop
  endfacet
  facet normal -0.887602 0.460612 0
    outer loop
      vertex -52.4593 293.282 3.2
      vertex -52.5278 293.15 1.90735e-07
      vertex -52.5278 293.15 3.2
    endloop
  endfacet
  facet normal -0.923754 0.382987 0
    outer loop
      vertex -52.4593 293.282 1.90735e-07
      vertex -52.4025 293.419 3.2
      vertex -52.4025 293.419 1.90735e-07
    endloop
  endfacet
  facet normal -0.923754 0.382987 0
    outer loop
      vertex -52.4025 293.419 3.2
      vertex -52.4593 293.282 1.90735e-07
      vertex -52.4593 293.282 3.2
    endloop
  endfacet
  facet normal -0.953439 0.301584 0
    outer loop
      vertex -52.4025 293.419 1.90735e-07
      vertex -52.3579 293.56 3.2
      vertex -52.3579 293.56 1.90735e-07
    endloop
  endfacet
  facet normal -0.953439 0.301584 0
    outer loop
      vertex -52.3579 293.56 3.2
      vertex -52.4025 293.419 1.90735e-07
      vertex -52.4025 293.419 3.2
    endloop
  endfacet
  facet normal -0.976361 0.216146 0
    outer loop
      vertex -52.3579 293.56 1.90735e-07
      vertex -52.3258 293.705 3.2
      vertex -52.3258 293.705 1.90735e-07
    endloop
  endfacet
  facet normal -0.976361 0.216146 0
    outer loop
      vertex -52.3258 293.705 3.2
      vertex -52.3579 293.56 1.90735e-07
      vertex -52.3579 293.56 3.2
    endloop
  endfacet
  facet normal -0.991491 0.130175 0
    outer loop
      vertex -52.3258 293.705 1.90735e-07
      vertex -52.3065 293.852 3.2
      vertex -52.3065 293.852 1.90735e-07
    endloop
  endfacet
  facet normal -0.991491 0.130175 0
    outer loop
      vertex -52.3065 293.852 3.2
      vertex -52.3258 293.705 1.90735e-07
      vertex -52.3258 293.705 3.2
    endloop
  endfacet
  facet normal 0.215788 0.97644 -0
    outer loop
      vertex -54.2952 292.326 1.90735e-07
      vertex -54.44 292.358 3.2
      vertex -54.2952 292.326 3.2
    endloop
  endfacet
  facet normal 0.215788 0.97644 0
    outer loop
      vertex -54.44 292.358 3.2
      vertex -54.2952 292.326 1.90735e-07
      vertex -54.44 292.358 1.90735e-07
    endloop
  endfacet
  facet normal 0.887602 0.460612 0
    outer loop
      vertex -55.4722 293.15 3.2
      vertex -55.5407 293.282 1.90735e-07
      vertex -55.5407 293.282 3.2
    endloop
  endfacet
  facet normal 0.887602 0.460612 0
    outer loop
      vertex -55.5407 293.282 1.90735e-07
      vertex -55.4722 293.15 3.2
      vertex -55.4722 293.15 1.90735e-07
    endloop
  endfacet
  facet normal 0.674685 0.738106 -0
    outer loop
      vertex -55.0927 292.698 1.90735e-07
      vertex -55.2021 292.798 3.2
      vertex -55.0927 292.698 3.2
    endloop
  endfacet
  facet normal 0.674685 0.738106 0
    outer loop
      vertex -55.2021 292.798 3.2
      vertex -55.0927 292.698 1.90735e-07
      vertex -55.2021 292.798 1.90735e-07
    endloop
  endfacet
  facet normal 0.611983 0.790871 -0
    outer loop
      vertex -54.9751 292.607 1.90735e-07
      vertex -55.0927 292.698 3.2
      vertex -54.9751 292.607 3.2
    endloop
  endfacet
  facet normal 0.611983 0.790871 0
    outer loop
      vertex -55.0927 292.698 3.2
      vertex -54.9751 292.607 1.90735e-07
      vertex -55.0927 292.698 1.90735e-07
    endloop
  endfacet
  facet normal -0.215788 0.97644 0
    outer loop
      vertex -53.56 292.358 1.90735e-07
      vertex -53.7048 292.326 3.2
      vertex -53.56 292.358 3.2
    endloop
  endfacet
  facet normal -0.215788 0.97644 0
    outer loop
      vertex -53.7048 292.326 3.2
      vertex -53.56 292.358 1.90735e-07
      vertex -53.7048 292.326 1.90735e-07
    endloop
  endfacet
  facet normal -0.464636 0.885502 0
    outer loop
      vertex -53.15 292.528 1.90735e-07
      vertex -53.2815 292.459 3.2
      vertex -53.15 292.528 3.2
    endloop
  endfacet
  facet normal -0.464636 0.885502 0
    outer loop
      vertex -53.2815 292.459 3.2
      vertex -53.15 292.528 1.90735e-07
      vertex -53.2815 292.459 1.90735e-07
    endloop
  endfacet
  facet normal -0.303259 0.952908 0
    outer loop
      vertex -53.4186 292.403 1.90735e-07
      vertex -53.56 292.358 3.2
      vertex -53.4186 292.403 3.2
    endloop
  endfacet
  facet normal -0.303259 0.952908 0
    outer loop
      vertex -53.56 292.358 3.2
      vertex -53.4186 292.403 1.90735e-07
      vertex -53.56 292.358 1.90735e-07
    endloop
  endfacet
  facet normal -0.794148 0.607725 0
    outer loop
      vertex -52.6977 292.907 1.90735e-07
      vertex -52.6074 293.025 3.2
      vertex -52.6074 293.025 1.90735e-07
    endloop
  endfacet
  facet normal -0.794148 0.607725 0
    outer loop
      vertex -52.6074 293.025 3.2
      vertex -52.6977 292.907 1.90735e-07
      vertex -52.6977 292.907 3.2
    endloop
  endfacet
  facet normal 0.533942 0.845521 -0
    outer loop
      vertex -54.85 292.528 1.90735e-07
      vertex -54.9751 292.607 3.2
      vertex -54.85 292.528 3.2
    endloop
  endfacet
  facet normal 0.533942 0.845521 0
    outer loop
      vertex -54.9751 292.607 3.2
      vertex -54.85 292.528 1.90735e-07
      vertex -54.9751 292.607 1.90735e-07
    endloop
  endfacet
  facet normal -0.533942 0.845521 0
    outer loop
      vertex -53.0249 292.607 1.90735e-07
      vertex -53.15 292.528 3.2
      vertex -53.0249 292.607 3.2
    endloop
  endfacet
  facet normal -0.533942 0.845521 0
    outer loop
      vertex -53.15 292.528 3.2
      vertex -53.0249 292.607 1.90735e-07
      vertex -53.15 292.528 1.90735e-07
    endloop
  endfacet
  facet normal 0.999046 -0.0436745 0
    outer loop
      vertex 2.3 294 3.2
      vertex 2.30647 294.148 1.90735e-07
      vertex 2.30647 294.148 3.2
    endloop
  endfacet
  facet normal 0.999046 -0.0436745 0
    outer loop
      vertex 2.30647 294.148 1.90735e-07
      vertex 2.3 294 3.2
      vertex 2.3 294 1.90735e-07
    endloop
  endfacet
  facet normal -0.999046 0.0436745 0
    outer loop
      vertex 5.69353 293.852 1.90735e-07
      vertex 5.7 294 3.2
      vertex 5.7 294 1.90735e-07
    endloop
  endfacet
  facet normal -0.999046 0.0436745 0
    outer loop
      vertex 5.7 294 3.2
      vertex 5.69353 293.852 1.90735e-07
      vertex 5.69353 293.852 3.2
    endloop
  endfacet
  facet normal -0.0404636 -0.999181 0
    outer loop
      vertex 4 295.7 1.90735e-07
      vertex 4.14816 295.694 3.2
      vertex 4 295.7 3.2
    endloop
  endfacet
  facet normal -0.0404636 -0.999181 -0
    outer loop
      vertex 4.14816 295.694 3.2
      vertex 4 295.7 1.90735e-07
      vertex 4.14816 295.694 1.90735e-07
    endloop
  endfacet
  facet normal 0.0404609 0.999181 -0
    outer loop
      vertex 4 292.3 1.90735e-07
      vertex 3.85183 292.306 3.2
      vertex 4 292.3 3.2
    endloop
  endfacet
  facet normal 0.0404609 0.999181 0
    outer loop
      vertex 3.85183 292.306 3.2
      vertex 4 292.3 1.90735e-07
      vertex 3.85183 292.306 1.90735e-07
    endloop
  endfacet
  facet normal -0.736234 -0.676727 0
    outer loop
      vertex 5.30227 295.093 1.90735e-07
      vertex 5.20208 295.202 3.2
      vertex 5.20208 295.202 1.90735e-07
    endloop
  endfacet
  facet normal -0.736234 -0.676727 0
    outer loop
      vertex 5.20208 295.202 3.2
      vertex 5.30227 295.093 1.90735e-07
      vertex 5.30227 295.093 3.2
    endloop
  endfacet
  facet normal -0.378322 -0.925674 0
    outer loop
      vertex 4.58143 295.597 1.90735e-07
      vertex 4.71845 295.541 3.2
      vertex 4.58143 295.597 3.2
    endloop
  endfacet
  facet normal -0.378322 -0.925674 -0
    outer loop
      vertex 4.71845 295.541 3.2
      vertex 4.58143 295.597 1.90735e-07
      vertex 4.71845 295.541 1.90735e-07
    endloop
  endfacet
  facet normal 0.534003 -0.845482 0
    outer loop
      vertex 3.02492 295.393 1.90735e-07
      vertex 3.15 295.472 3.2
      vertex 3.02492 295.393 3.2
    endloop
  endfacet
  facet normal 0.534003 -0.845482 0
    outer loop
      vertex 3.15 295.472 3.2
      vertex 3.02492 295.393 1.90735e-07
      vertex 3.15 295.472 1.90735e-07
    endloop
  endfacet
  facet normal -0.923849 -0.382757 0
    outer loop
      vertex 5.59748 294.581 1.90735e-07
      vertex 5.54072 294.718 3.2
      vertex 5.54072 294.718 1.90735e-07
    endloop
  endfacet
  facet normal -0.923849 -0.382757 0
    outer loop
      vertex 5.54072 294.718 3.2
      vertex 5.59748 294.581 1.90735e-07
      vertex 5.59748 294.581 3.2
    endloop
  endfacet
  facet normal -0.215802 -0.976437 0
    outer loop
      vertex 4.2952 295.674 1.90735e-07
      vertex 4.43999 295.642 3.2
      vertex 4.2952 295.674 3.2
    endloop
  endfacet
  facet normal -0.215802 -0.976437 -0
    outer loop
      vertex 4.43999 295.642 3.2
      vertex 4.2952 295.674 1.90735e-07
      vertex 4.43999 295.642 1.90735e-07
    endloop
  endfacet
  facet normal 0.303181 0.952933 -0
    outer loop
      vertex 3.56001 292.358 1.90735e-07
      vertex 3.41857 292.403 3.2
      vertex 3.56001 292.358 3.2
    endloop
  endfacet
  facet normal 0.303181 0.952933 0
    outer loop
      vertex 3.41857 292.403 3.2
      vertex 3.56001 292.358 1.90735e-07
      vertex 3.41857 292.403 1.90735e-07
    endloop
  endfacet
  facet normal 0.991439 -0.130573 0
    outer loop
      vertex 2.30647 294.148 3.2
      vertex 2.32583 294.295 1.90735e-07
      vertex 2.32583 294.295 3.2
    endloop
  endfacet
  facet normal 0.991439 -0.130573 0
    outer loop
      vertex 2.32583 294.295 1.90735e-07
      vertex 2.30647 294.148 3.2
      vertex 2.30647 294.148 1.90735e-07
    endloop
  endfacet
  facet normal 0.953459 -0.301523 0
    outer loop
      vertex 2.35793 294.44 3.2
      vertex 2.40252 294.581 1.90735e-07
      vertex 2.40252 294.581 3.2
    endloop
  endfacet
  facet normal 0.953459 -0.301523 0
    outer loop
      vertex 2.40252 294.581 1.90735e-07
      vertex 2.35793 294.44 3.2
      vertex 2.35793 294.44 1.90735e-07
    endloop
  endfacet
  facet normal 0.84325 -0.537521 0
    outer loop
      vertex 2.52776 294.85 3.2
      vertex 2.60744 294.975 1.90735e-07
      vertex 2.60744 294.975 3.2
    endloop
  endfacet
  facet normal 0.84325 -0.537521 0
    outer loop
      vertex 2.60744 294.975 1.90735e-07
      vertex 2.52776 294.85 3.2
      vertex 2.52776 294.85 1.90735e-07
    endloop
  endfacet
  facet normal 0.887657 -0.460506 0
    outer loop
      vertex 2.45928 294.718 3.2
      vertex 2.52776 294.85 1.90735e-07
      vertex 2.52776 294.85 3.2
    endloop
  endfacet
  facet normal 0.887657 -0.460506 0
    outer loop
      vertex 2.52776 294.85 1.90735e-07
      vertex 2.45928 294.718 3.2
      vertex 2.45928 294.718 1.90735e-07
    endloop
  endfacet
  facet normal 0.134785 -0.990875 0
    outer loop
      vertex 3.7048 295.674 1.90735e-07
      vertex 3.85183 295.694 3.2
      vertex 3.7048 295.674 3.2
    endloop
  endfacet
  facet normal 0.134785 -0.990875 0
    outer loop
      vertex 3.85183 295.694 3.2
      vertex 3.7048 295.674 1.90735e-07
      vertex 3.85183 295.694 1.90735e-07
    endloop
  endfacet
  facet normal 0.215802 -0.976437 0
    outer loop
      vertex 3.56001 295.642 1.90735e-07
      vertex 3.7048 295.674 3.2
      vertex 3.56001 295.642 3.2
    endloop
  endfacet
  facet normal 0.215802 -0.976437 0
    outer loop
      vertex 3.7048 295.674 3.2
      vertex 3.56001 295.642 1.90735e-07
      vertex 3.7048 295.674 1.90735e-07
    endloop
  endfacet
  facet normal 0.0404609 -0.999181 0
    outer loop
      vertex 3.85183 295.694 1.90735e-07
      vertex 4 295.7 3.2
      vertex 3.85183 295.694 3.2
    endloop
  endfacet
  facet normal 0.0404609 -0.999181 0
    outer loop
      vertex 4 295.7 3.2
      vertex 3.85183 295.694 1.90735e-07
      vertex 4 295.7 1.90735e-07
    endloop
  endfacet
  facet normal 0.378322 -0.925674 0
    outer loop
      vertex 3.28155 295.541 1.90735e-07
      vertex 3.41857 295.597 3.2
      vertex 3.28155 295.541 3.2
    endloop
  endfacet
  facet normal 0.378322 -0.925674 0
    outer loop
      vertex 3.41857 295.597 3.2
      vertex 3.28155 295.541 1.90735e-07
      vertex 3.41857 295.597 1.90735e-07
    endloop
  endfacet
  facet normal 0.303181 -0.952933 0
    outer loop
      vertex 3.41857 295.597 1.90735e-07
      vertex 3.56001 295.642 3.2
      vertex 3.41857 295.597 3.2
    endloop
  endfacet
  facet normal 0.303181 -0.952933 0
    outer loop
      vertex 3.56001 295.642 3.2
      vertex 3.41857 295.597 1.90735e-07
      vertex 3.56001 295.642 1.90735e-07
    endloop
  endfacet
  facet normal 0.611788 -0.791022 0
    outer loop
      vertex 2.90726 295.302 1.90735e-07
      vertex 3.02492 295.393 3.2
      vertex 2.90726 295.302 3.2
    endloop
  endfacet
  facet normal 0.611788 -0.791022 0
    outer loop
      vertex 3.02492 295.393 3.2
      vertex 2.90726 295.302 1.90735e-07
      vertex 3.02492 295.393 1.90735e-07
    endloop
  endfacet
  facet normal -0.991439 -0.130573 0
    outer loop
      vertex 5.69353 294.148 1.90735e-07
      vertex 5.67417 294.295 3.2
      vertex 5.67417 294.295 1.90735e-07
    endloop
  endfacet
  facet normal -0.991439 -0.130573 0
    outer loop
      vertex 5.67417 294.295 3.2
      vertex 5.69353 294.148 1.90735e-07
      vertex 5.69353 294.148 3.2
    endloop
  endfacet
  facet normal -0.953459 -0.301523 0
    outer loop
      vertex 5.64207 294.44 1.90735e-07
      vertex 5.59748 294.581 3.2
      vertex 5.59748 294.581 1.90735e-07
    endloop
  endfacet
  facet normal -0.953459 -0.301523 0
    outer loop
      vertex 5.59748 294.581 3.2
      vertex 5.64207 294.44 1.90735e-07
      vertex 5.64207 294.44 3.2
    endloop
  endfacet
  facet normal -0.999046 -0.0436745 0
    outer loop
      vertex 5.7 294 1.90735e-07
      vertex 5.69353 294.148 3.2
      vertex 5.69353 294.148 1.90735e-07
    endloop
  endfacet
  facet normal -0.999046 -0.0436745 0
    outer loop
      vertex 5.69353 294.148 3.2
      vertex 5.7 294 1.90735e-07
      vertex 5.7 294 3.2
    endloop
  endfacet
  facet normal -0.534003 -0.845482 0
    outer loop
      vertex 4.85 295.472 1.90735e-07
      vertex 4.97508 295.393 3.2
      vertex 4.85 295.472 3.2
    endloop
  endfacet
  facet normal -0.534003 -0.845482 -0
    outer loop
      vertex 4.97508 295.393 3.2
      vertex 4.85 295.472 1.90735e-07
      vertex 4.97508 295.393 1.90735e-07
    endloop
  endfacet
  facet normal -0.674887 -0.737921 0
    outer loop
      vertex 5.09274 295.302 1.90735e-07
      vertex 5.20208 295.202 3.2
      vertex 5.09274 295.302 3.2
    endloop
  endfacet
  facet normal -0.674887 -0.737921 -0
    outer loop
      vertex 5.20208 295.202 3.2
      vertex 5.09274 295.302 1.90735e-07
      vertex 5.20208 295.202 1.90735e-07
    endloop
  endfacet
  facet normal -0.303181 -0.952933 0
    outer loop
      vertex 4.43999 295.642 1.90735e-07
      vertex 4.58143 295.597 3.2
      vertex 4.43999 295.642 3.2
    endloop
  endfacet
  facet normal -0.303181 -0.952933 -0
    outer loop
      vertex 4.58143 295.597 3.2
      vertex 4.43999 295.642 1.90735e-07
      vertex 4.58143 295.597 1.90735e-07
    endloop
  endfacet
  facet normal -0.134776 -0.990876 0
    outer loop
      vertex 4.14816 295.694 1.90735e-07
      vertex 4.2952 295.674 3.2
      vertex 4.14816 295.694 3.2
    endloop
  endfacet
  facet normal -0.134776 -0.990876 -0
    outer loop
      vertex 4.2952 295.674 3.2
      vertex 4.14816 295.694 1.90735e-07
      vertex 4.2952 295.674 1.90735e-07
    endloop
  endfacet
  facet normal 0.999046 0.0436745 0
    outer loop
      vertex 2.30647 293.852 3.2
      vertex 2.3 294 1.90735e-07
      vertex 2.3 294 3.2
    endloop
  endfacet
  facet normal 0.999046 0.0436745 0
    outer loop
      vertex 2.3 294 1.90735e-07
      vertex 2.30647 293.852 3.2
      vertex 2.30647 293.852 1.90735e-07
    endloop
  endfacet
  facet normal 0.976361 0.216146 0
    outer loop
      vertex 2.35793 293.56 3.2
      vertex 2.32583 293.705 1.90735e-07
      vertex 2.32583 293.705 3.2
    endloop
  endfacet
  facet normal 0.976361 0.216146 0
    outer loop
      vertex 2.32583 293.705 1.90735e-07
      vertex 2.35793 293.56 3.2
      vertex 2.35793 293.56 1.90735e-07
    endloop
  endfacet
  facet normal 0.7362 0.676764 0
    outer loop
      vertex 2.79792 292.798 3.2
      vertex 2.69772 292.907 1.90735e-07
      vertex 2.69772 292.907 3.2
    endloop
  endfacet
  facet normal 0.7362 0.676764 0
    outer loop
      vertex 2.69772 292.907 1.90735e-07
      vertex 2.79792 292.798 3.2
      vertex 2.79792 292.798 1.90735e-07
    endloop
  endfacet
  facet normal 0.84325 0.537521 0
    outer loop
      vertex 2.60744 293.025 3.2
      vertex 2.52776 293.15 1.90735e-07
      vertex 2.52776 293.15 3.2
    endloop
  endfacet
  facet normal 0.84325 0.537521 0
    outer loop
      vertex 2.52776 293.15 1.90735e-07
      vertex 2.60744 293.025 3.2
      vertex 2.60744 293.025 1.90735e-07
    endloop
  endfacet
  facet normal 0.134785 0.990875 -0
    outer loop
      vertex 3.85183 292.306 1.90735e-07
      vertex 3.7048 292.326 3.2
      vertex 3.85183 292.306 3.2
    endloop
  endfacet
  facet normal 0.134785 0.990875 0
    outer loop
      vertex 3.7048 292.326 3.2
      vertex 3.85183 292.306 1.90735e-07
      vertex 3.7048 292.326 1.90735e-07
    endloop
  endfacet
  facet normal 0.378322 0.925674 -0
    outer loop
      vertex 3.41857 292.403 1.90735e-07
      vertex 3.28155 292.459 3.2
      vertex 3.41857 292.403 3.2
    endloop
  endfacet
  facet normal 0.378322 0.925674 0
    outer loop
      vertex 3.28155 292.459 3.2
      vertex 3.41857 292.403 1.90735e-07
      vertex 3.28155 292.459 1.90735e-07
    endloop
  endfacet
  facet normal 0.976361 -0.216146 0
    outer loop
      vertex 2.32583 294.295 3.2
      vertex 2.35793 294.44 1.90735e-07
      vertex 2.35793 294.44 3.2
    endloop
  endfacet
  facet normal 0.976361 -0.216146 0
    outer loop
      vertex 2.35793 294.44 1.90735e-07
      vertex 2.32583 294.295 3.2
      vertex 2.32583 294.295 1.90735e-07
    endloop
  endfacet
  facet normal 0.923849 -0.382757 0
    outer loop
      vertex 2.40252 294.581 3.2
      vertex 2.45928 294.718 1.90735e-07
      vertex 2.45928 294.718 3.2
    endloop
  endfacet
  facet normal 0.923849 -0.382757 0
    outer loop
      vertex 2.45928 294.718 1.90735e-07
      vertex 2.40252 294.581 3.2
      vertex 2.40252 294.581 1.90735e-07
    endloop
  endfacet
  facet normal 0.7362 -0.676764 0
    outer loop
      vertex 2.69772 295.093 3.2
      vertex 2.79792 295.202 1.90735e-07
      vertex 2.79792 295.202 3.2
    endloop
  endfacet
  facet normal 0.7362 -0.676764 0
    outer loop
      vertex 2.79792 295.202 1.90735e-07
      vertex 2.69772 295.093 3.2
      vertex 2.69772 295.093 1.90735e-07
    endloop
  endfacet
  facet normal 0.794213 -0.60764 0
    outer loop
      vertex 2.60744 294.975 3.2
      vertex 2.69772 295.093 1.90735e-07
      vertex 2.69772 295.093 3.2
    endloop
  endfacet
  facet normal 0.794213 -0.60764 0
    outer loop
      vertex 2.69772 295.093 1.90735e-07
      vertex 2.60744 294.975 3.2
      vertex 2.60744 294.975 1.90735e-07
    endloop
  endfacet
  facet normal 0.674887 -0.737921 0
    outer loop
      vertex 2.79792 295.202 1.90735e-07
      vertex 2.90726 295.302 3.2
      vertex 2.79792 295.202 3.2
    endloop
  endfacet
  facet normal 0.674887 -0.737921 0
    outer loop
      vertex 2.90726 295.302 3.2
      vertex 2.79792 295.202 1.90735e-07
      vertex 2.90726 295.302 1.90735e-07
    endloop
  endfacet
  facet normal -0.976361 -0.216146 0
    outer loop
      vertex 5.67417 294.295 1.90735e-07
      vertex 5.64207 294.44 3.2
      vertex 5.64207 294.44 1.90735e-07
    endloop
  endfacet
  facet normal -0.976361 -0.216146 0
    outer loop
      vertex 5.64207 294.44 3.2
      vertex 5.67417 294.295 1.90735e-07
      vertex 5.67417 294.295 3.2
    endloop
  endfacet
  facet normal -0.464497 -0.885574 0
    outer loop
      vertex 4.71845 295.541 1.90735e-07
      vertex 4.85 295.472 3.2
      vertex 4.71845 295.541 3.2
    endloop
  endfacet
  facet normal -0.464497 -0.885574 -0
    outer loop
      vertex 4.85 295.472 3.2
      vertex 4.71845 295.541 1.90735e-07
      vertex 4.85 295.472 1.90735e-07
    endloop
  endfacet
  facet normal -0.611788 -0.791022 0
    outer loop
      vertex 4.97508 295.393 1.90735e-07
      vertex 5.09274 295.302 3.2
      vertex 4.97508 295.393 3.2
    endloop
  endfacet
  facet normal -0.611788 -0.791022 -0
    outer loop
      vertex 5.09274 295.302 3.2
      vertex 4.97508 295.393 1.90735e-07
      vertex 5.09274 295.302 1.90735e-07
    endloop
  endfacet
  facet normal 0.923849 0.382757 0
    outer loop
      vertex 2.45928 293.282 3.2
      vertex 2.40252 293.419 1.90735e-07
      vertex 2.40252 293.419 3.2
    endloop
  endfacet
  facet normal 0.923849 0.382757 0
    outer loop
      vertex 2.40252 293.419 1.90735e-07
      vertex 2.45928 293.282 3.2
      vertex 2.45928 293.282 1.90735e-07
    endloop
  endfacet
  facet normal 0.794213 0.60764 0
    outer loop
      vertex 2.69772 292.907 3.2
      vertex 2.60744 293.025 1.90735e-07
      vertex 2.60744 293.025 3.2
    endloop
  endfacet
  facet normal 0.794213 0.60764 0
    outer loop
      vertex 2.60744 293.025 1.90735e-07
      vertex 2.69772 292.907 3.2
      vertex 2.69772 292.907 1.90735e-07
    endloop
  endfacet
  facet normal -0.736234 0.676727 0
    outer loop
      vertex 5.20208 292.798 1.90735e-07
      vertex 5.30227 292.907 3.2
      vertex 5.30227 292.907 1.90735e-07
    endloop
  endfacet
  facet normal -0.736234 0.676727 0
    outer loop
      vertex 5.30227 292.907 3.2
      vertex 5.20208 292.798 1.90735e-07
      vertex 5.20208 292.798 3.2
    endloop
  endfacet
  facet normal -0.84325 0.537521 0
    outer loop
      vertex 5.39256 293.025 1.90735e-07
      vertex 5.47224 293.15 3.2
      vertex 5.47224 293.15 1.90735e-07
    endloop
  endfacet
  facet normal -0.84325 0.537521 0
    outer loop
      vertex 5.47224 293.15 3.2
      vertex 5.39256 293.025 1.90735e-07
      vertex 5.39256 293.025 3.2
    endloop
  endfacet
  facet normal 0.464497 -0.885574 0
    outer loop
      vertex 3.15 295.472 1.90735e-07
      vertex 3.28155 295.541 3.2
      vertex 3.15 295.472 3.2
    endloop
  endfacet
  facet normal 0.464497 -0.885574 0
    outer loop
      vertex 3.28155 295.541 3.2
      vertex 3.15 295.472 1.90735e-07
      vertex 3.28155 295.541 1.90735e-07
    endloop
  endfacet
  facet normal -0.887657 -0.460506 0
    outer loop
      vertex 5.54072 294.718 1.90735e-07
      vertex 5.47224 294.85 3.2
      vertex 5.47224 294.85 1.90735e-07
    endloop
  endfacet
  facet normal -0.887657 -0.460506 0
    outer loop
      vertex 5.47224 294.85 3.2
      vertex 5.54072 294.718 1.90735e-07
      vertex 5.54072 294.718 3.2
    endloop
  endfacet
  facet normal -0.84325 -0.537521 0
    outer loop
      vertex 5.47224 294.85 1.90735e-07
      vertex 5.39256 294.975 3.2
      vertex 5.39256 294.975 1.90735e-07
    endloop
  endfacet
  facet normal -0.84325 -0.537521 0
    outer loop
      vertex 5.39256 294.975 3.2
      vertex 5.47224 294.85 1.90735e-07
      vertex 5.47224 294.85 3.2
    endloop
  endfacet
  facet normal -0.79418 -0.607682 0
    outer loop
      vertex 5.39256 294.975 1.90735e-07
      vertex 5.30227 295.093 3.2
      vertex 5.30227 295.093 1.90735e-07
    endloop
  endfacet
  facet normal -0.79418 -0.607682 0
    outer loop
      vertex 5.30227 295.093 3.2
      vertex 5.39256 294.975 1.90735e-07
      vertex 5.39256 294.975 3.2
    endloop
  endfacet
  facet normal 0.991439 0.130573 0
    outer loop
      vertex 2.32583 293.705 3.2
      vertex 2.30647 293.852 1.90735e-07
      vertex 2.30647 293.852 3.2
    endloop
  endfacet
  facet normal 0.991439 0.130573 0
    outer loop
      vertex 2.30647 293.852 1.90735e-07
      vertex 2.32583 293.705 3.2
      vertex 2.32583 293.705 1.90735e-07
    endloop
  endfacet
  facet normal 0.464497 0.885574 -0
    outer loop
      vertex 3.28155 292.459 1.90735e-07
      vertex 3.15 292.528 3.2
      vertex 3.28155 292.459 3.2
    endloop
  endfacet
  facet normal 0.464497 0.885574 0
    outer loop
      vertex 3.15 292.528 3.2
      vertex 3.28155 292.459 1.90735e-07
      vertex 3.15 292.528 1.90735e-07
    endloop
  endfacet
  facet normal 0.953459 0.301523 0
    outer loop
      vertex 2.40252 293.419 3.2
      vertex 2.35793 293.56 1.90735e-07
      vertex 2.35793 293.56 3.2
    endloop
  endfacet
  facet normal 0.953459 0.301523 0
    outer loop
      vertex 2.35793 293.56 1.90735e-07
      vertex 2.40252 293.419 3.2
      vertex 2.40252 293.419 1.90735e-07
    endloop
  endfacet
  facet normal -0.0404636 0.999181 0
    outer loop
      vertex 4.14816 292.306 1.90735e-07
      vertex 4 292.3 3.2
      vertex 4.14816 292.306 3.2
    endloop
  endfacet
  facet normal -0.0404636 0.999181 0
    outer loop
      vertex 4 292.3 3.2
      vertex 4.14816 292.306 1.90735e-07
      vertex 4 292.3 1.90735e-07
    endloop
  endfacet
  facet normal -0.134776 0.990876 0
    outer loop
      vertex 4.2952 292.326 1.90735e-07
      vertex 4.14816 292.306 3.2
      vertex 4.2952 292.326 3.2
    endloop
  endfacet
  facet normal -0.134776 0.990876 0
    outer loop
      vertex 4.14816 292.306 3.2
      vertex 4.2952 292.326 1.90735e-07
      vertex 4.14816 292.306 1.90735e-07
    endloop
  endfacet
  facet normal -0.611788 0.791022 0
    outer loop
      vertex 5.09274 292.698 1.90735e-07
      vertex 4.97508 292.607 3.2
      vertex 5.09274 292.698 3.2
    endloop
  endfacet
  facet normal -0.611788 0.791022 0
    outer loop
      vertex 4.97508 292.607 3.2
      vertex 5.09274 292.698 1.90735e-07
      vertex 4.97508 292.607 1.90735e-07
    endloop
  endfacet
  facet normal -0.378322 0.925674 0
    outer loop
      vertex 4.71845 292.459 1.90735e-07
      vertex 4.58143 292.403 3.2
      vertex 4.71845 292.459 3.2
    endloop
  endfacet
  facet normal -0.378322 0.925674 0
    outer loop
      vertex 4.58143 292.403 3.2
      vertex 4.71845 292.459 1.90735e-07
      vertex 4.58143 292.403 1.90735e-07
    endloop
  endfacet
  facet normal -0.674887 0.737921 0
    outer loop
      vertex 5.20208 292.798 1.90735e-07
      vertex 5.09274 292.698 3.2
      vertex 5.20208 292.798 3.2
    endloop
  endfacet
  facet normal -0.674887 0.737921 0
    outer loop
      vertex 5.09274 292.698 3.2
      vertex 5.20208 292.798 1.90735e-07
      vertex 5.09274 292.698 1.90735e-07
    endloop
  endfacet
  facet normal -0.887657 0.460506 0
    outer loop
      vertex 5.47224 293.15 1.90735e-07
      vertex 5.54072 293.282 3.2
      vertex 5.54072 293.282 1.90735e-07
    endloop
  endfacet
  facet normal -0.887657 0.460506 0
    outer loop
      vertex 5.54072 293.282 3.2
      vertex 5.47224 293.15 1.90735e-07
      vertex 5.47224 293.15 3.2
    endloop
  endfacet
  facet normal -0.923849 0.382757 0
    outer loop
      vertex 5.54072 293.282 1.90735e-07
      vertex 5.59748 293.419 3.2
      vertex 5.59748 293.419 1.90735e-07
    endloop
  endfacet
  facet normal -0.923849 0.382757 0
    outer loop
      vertex 5.59748 293.419 3.2
      vertex 5.54072 293.282 1.90735e-07
      vertex 5.54072 293.282 3.2
    endloop
  endfacet
  facet normal -0.953459 0.301523 0
    outer loop
      vertex 5.59748 293.419 1.90735e-07
      vertex 5.64207 293.56 3.2
      vertex 5.64207 293.56 1.90735e-07
    endloop
  endfacet
  facet normal -0.953459 0.301523 0
    outer loop
      vertex 5.64207 293.56 3.2
      vertex 5.59748 293.419 1.90735e-07
      vertex 5.59748 293.419 3.2
    endloop
  endfacet
  facet normal -0.976361 0.216146 0
    outer loop
      vertex 5.64207 293.56 1.90735e-07
      vertex 5.67417 293.705 3.2
      vertex 5.67417 293.705 1.90735e-07
    endloop
  endfacet
  facet normal -0.976361 0.216146 0
    outer loop
      vertex 5.67417 293.705 3.2
      vertex 5.64207 293.56 1.90735e-07
      vertex 5.64207 293.56 3.2
    endloop
  endfacet
  facet normal -0.991439 0.130573 0
    outer loop
      vertex 5.67417 293.705 1.90735e-07
      vertex 5.69353 293.852 3.2
      vertex 5.69353 293.852 1.90735e-07
    endloop
  endfacet
  facet normal -0.991439 0.130573 0
    outer loop
      vertex 5.69353 293.852 3.2
      vertex 5.67417 293.705 1.90735e-07
      vertex 5.67417 293.705 3.2
    endloop
  endfacet
  facet normal 0.215802 0.976437 -0
    outer loop
      vertex 3.7048 292.326 1.90735e-07
      vertex 3.56001 292.358 3.2
      vertex 3.7048 292.326 3.2
    endloop
  endfacet
  facet normal 0.215802 0.976437 0
    outer loop
      vertex 3.56001 292.358 3.2
      vertex 3.7048 292.326 1.90735e-07
      vertex 3.56001 292.358 1.90735e-07
    endloop
  endfacet
  facet normal 0.887657 0.460506 0
    outer loop
      vertex 2.52776 293.15 3.2
      vertex 2.45928 293.282 1.90735e-07
      vertex 2.45928 293.282 3.2
    endloop
  endfacet
  facet normal 0.887657 0.460506 0
    outer loop
      vertex 2.45928 293.282 1.90735e-07
      vertex 2.52776 293.15 3.2
      vertex 2.52776 293.15 1.90735e-07
    endloop
  endfacet
  facet normal 0.674887 0.737921 -0
    outer loop
      vertex 2.90726 292.698 1.90735e-07
      vertex 2.79792 292.798 3.2
      vertex 2.90726 292.698 3.2
    endloop
  endfacet
  facet normal 0.674887 0.737921 0
    outer loop
      vertex 2.79792 292.798 3.2
      vertex 2.90726 292.698 1.90735e-07
      vertex 2.79792 292.798 1.90735e-07
    endloop
  endfacet
  facet normal 0.611788 0.791022 -0
    outer loop
      vertex 3.02492 292.607 1.90735e-07
      vertex 2.90726 292.698 3.2
      vertex 3.02492 292.607 3.2
    endloop
  endfacet
  facet normal 0.611788 0.791022 0
    outer loop
      vertex 2.90726 292.698 3.2
      vertex 3.02492 292.607 1.90735e-07
      vertex 2.90726 292.698 1.90735e-07
    endloop
  endfacet
  facet normal -0.215802 0.976437 0
    outer loop
      vertex 4.43999 292.358 1.90735e-07
      vertex 4.2952 292.326 3.2
      vertex 4.43999 292.358 3.2
    endloop
  endfacet
  facet normal -0.215802 0.976437 0
    outer loop
      vertex 4.2952 292.326 3.2
      vertex 4.43999 292.358 1.90735e-07
      vertex 4.2952 292.326 1.90735e-07
    endloop
  endfacet
  facet normal -0.464497 0.885574 0
    outer loop
      vertex 4.85 292.528 1.90735e-07
      vertex 4.71845 292.459 3.2
      vertex 4.85 292.528 3.2
    endloop
  endfacet
  facet normal -0.464497 0.885574 0
    outer loop
      vertex 4.71845 292.459 3.2
      vertex 4.85 292.528 1.90735e-07
      vertex 4.71845 292.459 1.90735e-07
    endloop
  endfacet
  facet normal -0.303181 0.952933 0
    outer loop
      vertex 4.58143 292.403 1.90735e-07
      vertex 4.43999 292.358 3.2
      vertex 4.58143 292.403 3.2
    endloop
  endfacet
  facet normal -0.303181 0.952933 0
    outer loop
      vertex 4.43999 292.358 3.2
      vertex 4.58143 292.403 1.90735e-07
      vertex 4.43999 292.358 1.90735e-07
    endloop
  endfacet
  facet normal -0.79418 0.607682 0
    outer loop
      vertex 5.30227 292.907 1.90735e-07
      vertex 5.39256 293.025 3.2
      vertex 5.39256 293.025 1.90735e-07
    endloop
  endfacet
  facet normal -0.79418 0.607682 0
    outer loop
      vertex 5.39256 293.025 3.2
      vertex 5.30227 292.907 1.90735e-07
      vertex 5.30227 292.907 3.2
    endloop
  endfacet
  facet normal 0.534003 0.845482 -0
    outer loop
      vertex 3.15 292.528 1.90735e-07
      vertex 3.02492 292.607 3.2
      vertex 3.15 292.528 3.2
    endloop
  endfacet
  facet normal 0.534003 0.845482 0
    outer loop
      vertex 3.02492 292.607 3.2
      vertex 3.15 292.528 1.90735e-07
      vertex 3.02492 292.607 1.90735e-07
    endloop
  endfacet
  facet normal -0.534003 0.845482 0
    outer loop
      vertex 4.97508 292.607 1.90735e-07
      vertex 4.85 292.528 3.2
      vertex 4.97508 292.607 3.2
    endloop
  endfacet
  facet normal -0.534003 0.845482 0
    outer loop
      vertex 4.85 292.528 3.2
      vertex 4.97508 292.607 1.90735e-07
      vertex 4.85 292.528 1.90735e-07
    endloop
  endfacet
  facet normal 0.999051 -0.0435667 0
    outer loop
      vertex -34.6 264 11.2
      vertex -34.5635 264.837 5
      vertex -34.5635 264.837 11.2
    endloop
  endfacet
  facet normal 0.999051 -0.0435667 0
    outer loop
      vertex -34.5635 264.837 5
      vertex -34.6 264 11.2
      vertex -34.6 264 5
    endloop
  endfacet
  facet normal -0.999051 0.0435667 0
    outer loop
      vertex -15.4365 263.163 5
      vertex -15.4 264 11.2
      vertex -15.4 264 5
    endloop
  endfacet
  facet normal -0.999051 0.0435667 0
    outer loop
      vertex -15.4 264 11.2
      vertex -15.4365 263.163 5
      vertex -15.4365 263.163 11.2
    endloop
  endfacet
  facet normal -0.0441782 -0.999024 0
    outer loop
      vertex -25 273.6 5
      vertex -24.1633 273.563 11.2
      vertex -25 273.6 11.2
    endloop
  endfacet
  facet normal -0.0441782 -0.999024 -0
    outer loop
      vertex -24.1633 273.563 11.2
      vertex -25 273.6 5
      vertex -24.1633 273.563 5
    endloop
  endfacet
  facet normal 0.0441782 0.999024 -0
    outer loop
      vertex -25 254.4 5
      vertex -25.8367 254.437 11.2
      vertex -25 254.4 11.2
    endloop
  endfacet
  facet normal 0.0441782 0.999024 0
    outer loop
      vertex -25.8367 254.437 11.2
      vertex -25 254.4 5
      vertex -25.8367 254.437 5
    endloop
  endfacet
  facet normal -0.675757 0.737124 0
    outer loop
      vertex -18.2118 257.212 5
      vertex -18.8292 256.646 11.2
      vertex -18.2118 257.212 11.2
    endloop
  endfacet
  facet normal -0.675757 0.737124 0
    outer loop
      vertex -18.8292 256.646 11.2
      vertex -18.2118 257.212 5
      vertex -18.8292 256.646 5
    endloop
  endfacet
  facet normal -0.737025 -0.675865 0
    outer loop
      vertex -17.646 270.171 5
      vertex -18.2118 270.788 11.2
      vertex -18.2118 270.788 5
    endloop
  endfacet
  facet normal -0.737025 -0.675865 0
    outer loop
      vertex -18.2118 270.788 11.2
      vertex -17.646 270.171 5
      vertex -17.646 270.171 11.2
    endloop
  endfacet
  facet normal -0.462003 -0.886878 0
    outer loop
      vertex -20.9429 272.701 5
      vertex -20.2 272.314 11.2
      vertex -20.9429 272.701 11.2
    endloop
  endfacet
  facet normal -0.462003 -0.886878 -0
    outer loop
      vertex -20.2 272.314 11.2
      vertex -20.9429 272.701 5
      vertex -20.2 272.314 5
    endloop
  endfacet
  facet normal -0.887002 0.461766 0
    outer loop
      vertex -16.6862 259.2 5
      vertex -16.2994 259.943 11.2
      vertex -16.2994 259.943 5
    endloop
  endfacet
  facet normal -0.887002 0.461766 0
    outer loop
      vertex -16.2994 259.943 11.2
      vertex -16.6862 259.2 5
      vertex -16.6862 259.2 11.2
    endloop
  endfacet
  facet normal -0.923964 -0.382478 0
    outer loop
      vertex -15.979 267.283 5
      vertex -16.2994 268.057 11.2
      vertex -16.2994 268.057 5
    endloop
  endfacet
  facet normal -0.923964 -0.382478 0
    outer loop
      vertex -16.2994 268.057 11.2
      vertex -15.979 267.283 5
      vertex -15.979 267.283 11.2
    endloop
  endfacet
  facet normal -0.300891 -0.953658 0
    outer loop
      vertex -22.5153 273.273 5
      vertex -21.7166 273.021 11.2
      vertex -22.5153 273.273 11.2
    endloop
  endfacet
  facet normal -0.300891 -0.953658 -0
    outer loop
      vertex -21.7166 273.021 11.2
      vertex -22.5153 273.273 5
      vertex -21.7166 273.021 5
    endloop
  endfacet
  facet normal -0.382197 0.924081 0
    outer loop
      vertex -20.9429 255.299 5
      vertex -21.7166 254.979 11.2
      vertex -20.9429 255.299 11.2
    endloop
  endfacet
  facet normal -0.382197 0.924081 0
    outer loop
      vertex -21.7166 254.979 11.2
      vertex -20.9429 255.299 5
      vertex -21.7166 254.979 5
    endloop
  endfacet
  facet normal -0.976308 0.216387 0
    outer loop
      vertex -15.7271 261.515 5
      vertex -15.5458 262.333 11.2
      vertex -15.5458 262.333 5
    endloop
  endfacet
  facet normal -0.976308 0.216387 0
    outer loop
      vertex -15.5458 262.333 11.2
      vertex -15.7271 261.515 5
      vertex -15.7271 261.515 11.2
    endloop
  endfacet
  facet normal 0.976308 -0.216387 0
    outer loop
      vertex -34.4542 265.667 11.2
      vertex -34.2729 266.485 5
      vertex -34.2729 266.485 11.2
    endloop
  endfacet
  facet normal 0.976308 -0.216387 0
    outer loop
      vertex -34.2729 266.485 5
      vertex -34.4542 265.667 11.2
      vertex -34.4542 265.667 5
    endloop
  endfacet
  facet normal 0.99144 -0.13056 0
    outer loop
      vertex -34.5635 264.837 11.2
      vertex -34.4542 265.667 5
      vertex -34.4542 265.667 11.2
    endloop
  endfacet
  facet normal 0.99144 -0.13056 0
    outer loop
      vertex -34.4542 265.667 5
      vertex -34.5635 264.837 11.2
      vertex -34.5635 264.837 5
    endloop
  endfacet
  facet normal 0.923964 -0.382478 0
    outer loop
      vertex -34.021 267.283 11.2
      vertex -33.7006 268.057 5
      vertex -33.7006 268.057 11.2
    endloop
  endfacet
  facet normal 0.923964 -0.382478 0
    outer loop
      vertex -33.7006 268.057 5
      vertex -34.021 267.283 11.2
      vertex -34.021 267.283 5
    endloop
  endfacet
  facet normal 0.737025 -0.675865 0
    outer loop
      vertex -32.354 270.171 11.2
      vertex -31.7882 270.788 5
      vertex -31.7882 270.788 11.2
    endloop
  endfacet
  facet normal 0.737025 -0.675865 0
    outer loop
      vertex -31.7882 270.788 5
      vertex -32.354 270.171 11.2
      vertex -32.354 270.171 5
    endloop
  endfacet
  facet normal 0.843322 -0.537409 0
    outer loop
      vertex -33.3138 268.8 11.2
      vertex -32.8639 269.506 5
      vertex -32.8639 269.506 11.2
    endloop
  endfacet
  facet normal 0.843322 -0.537409 0
    outer loop
      vertex -32.8639 269.506 5
      vertex -33.3138 268.8 11.2
      vertex -33.3138 268.8 5
    endloop
  endfacet
  facet normal 0.0441782 -0.999024 0
    outer loop
      vertex -25.8367 273.563 5
      vertex -25 273.6 11.2
      vertex -25.8367 273.563 11.2
    endloop
  endfacet
  facet normal 0.0441782 -0.999024 0
    outer loop
      vertex -25 273.6 11.2
      vertex -25.8367 273.563 5
      vertex -25 273.6 5
    endloop
  endfacet
  facet normal 0.462003 -0.886878 0
    outer loop
      vertex -29.8 272.314 5
      vertex -29.0571 272.701 11.2
      vertex -29.8 272.314 11.2
    endloop
  endfacet
  facet normal 0.462003 -0.886878 0
    outer loop
      vertex -29.0571 272.701 11.2
      vertex -29.8 272.314 5
      vertex -29.0571 272.701 5
    endloop
  endfacet
  facet normal 0.608845 -0.793289 0
    outer loop
      vertex -31.1708 271.354 5
      vertex -30.5063 271.864 11.2
      vertex -31.1708 271.354 11.2
    endloop
  endfacet
  facet normal 0.608845 -0.793289 0
    outer loop
      vertex -30.5063 271.864 11.2
      vertex -31.1708 271.354 5
      vertex -30.5063 271.864 5
    endloop
  endfacet
  facet normal -0.99144 -0.13056 0
    outer loop
      vertex -15.4365 264.837 5
      vertex -15.5458 265.667 11.2
      vertex -15.5458 265.667 5
    endloop
  endfacet
  facet normal -0.99144 -0.13056 0
    outer loop
      vertex -15.5458 265.667 11.2
      vertex -15.4365 264.837 5
      vertex -15.4365 264.837 11.2
    endloop
  endfacet
  facet normal -0.843322 -0.537409 0
    outer loop
      vertex -16.6862 268.8 5
      vertex -17.1361 269.506 11.2
      vertex -17.1361 269.506 5
    endloop
  endfacet
  facet normal -0.843322 -0.537409 0
    outer loop
      vertex -17.1361 269.506 11.2
      vertex -16.6862 268.8 5
      vertex -16.6862 268.8 11.2
    endloop
  endfacet
  facet normal -0.793568 -0.608482 0
    outer loop
      vertex -17.1361 269.506 5
      vertex -17.646 270.171 11.2
      vertex -17.646 270.171 5
    endloop
  endfacet
  facet normal -0.793568 -0.608482 0
    outer loop
      vertex -17.646 270.171 11.2
      vertex -17.1361 269.506 5
      vertex -17.1361 269.506 11.2
    endloop
  endfacet
  facet normal -0.887002 -0.461766 0
    outer loop
      vertex -16.2994 268.057 5
      vertex -16.6862 268.8 11.2
      vertex -16.6862 268.8 5
    endloop
  endfacet
  facet normal -0.887002 -0.461766 0
    outer loop
      vertex -16.6862 268.8 11.2
      vertex -16.2994 268.057 5
      vertex -16.2994 268.057 11.2
    endloop
  endfacet
  facet normal -0.976308 -0.216387 0
    outer loop
      vertex -15.5458 265.667 5
      vertex -15.7271 266.485 11.2
      vertex -15.7271 266.485 5
    endloop
  endfacet
  facet normal -0.976308 -0.216387 0
    outer loop
      vertex -15.7271 266.485 11.2
      vertex -15.5458 265.667 5
      vertex -15.5458 265.667 11.2
    endloop
  endfacet
  facet normal -0.999051 -0.0435667 0
    outer loop
      vertex -15.4 264 5
      vertex -15.4365 264.837 11.2
      vertex -15.4365 264.837 5
    endloop
  endfacet
  facet normal -0.999051 -0.0435667 0
    outer loop
      vertex -15.4365 264.837 11.2
      vertex -15.4 264 5
      vertex -15.4 264 11.2
    endloop
  endfacet
  facet normal -0.608845 -0.793289 0
    outer loop
      vertex -19.4937 271.864 5
      vertex -18.8292 271.354 11.2
      vertex -19.4937 271.864 11.2
    endloop
  endfacet
  facet normal -0.608845 -0.793289 -0
    outer loop
      vertex -18.8292 271.354 11.2
      vertex -19.4937 271.864 5
      vertex -18.8292 271.354 5
    endloop
  endfacet
  facet normal -0.537331 -0.843371 0
    outer loop
      vertex -20.2 272.314 5
      vertex -19.4937 271.864 11.2
      vertex -20.2 272.314 11.2
    endloop
  endfacet
  facet normal -0.537331 -0.843371 -0
    outer loop
      vertex -19.4937 271.864 11.2
      vertex -20.2 272.314 5
      vertex -19.4937 271.864 5
    endloop
  endfacet
  facet normal -0.675757 -0.737124 0
    outer loop
      vertex -18.8292 271.354 5
      vertex -18.2118 270.788 11.2
      vertex -18.8292 271.354 11.2
    endloop
  endfacet
  facet normal -0.675757 -0.737124 -0
    outer loop
      vertex -18.2118 270.788 11.2
      vertex -18.8292 271.354 5
      vertex -18.2118 270.788 5
    endloop
  endfacet
  facet normal -0.382197 -0.924081 0
    outer loop
      vertex -21.7166 273.021 5
      vertex -20.9429 272.701 11.2
      vertex -21.7166 273.021 11.2
    endloop
  endfacet
  facet normal -0.382197 -0.924081 -0
    outer loop
      vertex -20.9429 272.701 11.2
      vertex -21.7166 273.021 5
      vertex -20.9429 272.701 5
    endloop
  endfacet
  facet normal -0.130161 -0.991493 0
    outer loop
      vertex -24.1633 273.563 5
      vertex -23.333 273.454 11.2
      vertex -24.1633 273.563 11.2
    endloop
  endfacet
  facet normal -0.130161 -0.991493 -0
    outer loop
      vertex -23.333 273.454 11.2
      vertex -24.1633 273.563 5
      vertex -23.333 273.454 5
    endloop
  endfacet
  facet normal 0.999051 0.0435667 0
    outer loop
      vertex -34.5635 263.163 11.2
      vertex -34.6 264 5
      vertex -34.6 264 11.2
    endloop
  endfacet
  facet normal 0.999051 0.0435667 0
    outer loop
      vertex -34.6 264 5
      vertex -34.5635 263.163 11.2
      vertex -34.5635 263.163 5
    endloop
  endfacet
  facet normal 0.216121 0.976367 -0
    outer loop
      vertex -26.667 254.546 5
      vertex -27.4847 254.727 11.2
      vertex -26.667 254.546 11.2
    endloop
  endfacet
  facet normal 0.216121 0.976367 0
    outer loop
      vertex -27.4847 254.727 11.2
      vertex -26.667 254.546 5
      vertex -27.4847 254.727 5
    endloop
  endfacet
  facet normal 0.130161 0.991493 -0
    outer loop
      vertex -25.8367 254.437 5
      vertex -26.667 254.546 11.2
      vertex -25.8367 254.437 11.2
    endloop
  endfacet
  facet normal 0.130161 0.991493 0
    outer loop
      vertex -26.667 254.546 11.2
      vertex -25.8367 254.437 5
      vertex -26.667 254.546 5
    endloop
  endfacet
  facet normal 0.382197 0.924081 -0
    outer loop
      vertex -28.2834 254.979 5
      vertex -29.0571 255.299 11.2
      vertex -28.2834 254.979 11.2
    endloop
  endfacet
  facet normal 0.382197 0.924081 0
    outer loop
      vertex -29.0571 255.299 11.2
      vertex -28.2834 254.979 5
      vertex -29.0571 255.299 5
    endloop
  endfacet
  facet normal 0.675757 0.737124 -0
    outer loop
      vertex -31.1708 256.646 5
      vertex -31.7882 257.212 11.2
      vertex -31.1708 256.646 11.2
    endloop
  endfacet
  facet normal 0.675757 0.737124 0
    outer loop
      vertex -31.7882 257.212 11.2
      vertex -31.1708 256.646 5
      vertex -31.7882 257.212 5
    endloop
  endfacet
  facet normal 0.537331 0.843371 -0
    outer loop
      vertex -29.8 255.686 5
      vertex -30.5063 256.136 11.2
      vertex -29.8 255.686 11.2
    endloop
  endfacet
  facet normal 0.537331 0.843371 0
    outer loop
      vertex -30.5063 256.136 11.2
      vertex -29.8 255.686 5
      vertex -30.5063 256.136 5
    endloop
  endfacet
  facet normal 0.793568 0.608482 0
    outer loop
      vertex -32.354 257.829 11.2
      vertex -32.8639 258.494 5
      vertex -32.8639 258.494 11.2
    endloop
  endfacet
  facet normal 0.793568 0.608482 0
    outer loop
      vertex -32.8639 258.494 5
      vertex -32.354 257.829 11.2
      vertex -32.354 257.829 5
    endloop
  endfacet
  facet normal 0.887002 0.461766 0
    outer loop
      vertex -33.3138 259.2 11.2
      vertex -33.7006 259.943 5
      vertex -33.7006 259.943 11.2
    endloop
  endfacet
  facet normal 0.887002 0.461766 0
    outer loop
      vertex -33.7006 259.943 5
      vertex -33.3138 259.2 11.2
      vertex -33.3138 259.2 5
    endloop
  endfacet
  facet normal 0.953617 0.301023 0
    outer loop
      vertex -34.021 260.717 11.2
      vertex -34.2729 261.515 5
      vertex -34.2729 261.515 11.2
    endloop
  endfacet
  facet normal 0.953617 0.301023 0
    outer loop
      vertex -34.2729 261.515 5
      vertex -34.021 260.717 11.2
      vertex -34.021 260.717 5
    endloop
  endfacet
  facet normal -0.130161 0.991493 0
    outer loop
      vertex -23.333 254.546 5
      vertex -24.1633 254.437 11.2
      vertex -23.333 254.546 11.2
    endloop
  endfacet
  facet normal -0.130161 0.991493 0
    outer loop
      vertex -24.1633 254.437 11.2
      vertex -23.333 254.546 5
      vertex -24.1633 254.437 5
    endloop
  endfacet
  facet normal -0.537331 0.843371 0
    outer loop
      vertex -19.4937 256.136 5
      vertex -20.2 255.686 11.2
      vertex -19.4937 256.136 11.2
    endloop
  endfacet
  facet normal -0.537331 0.843371 0
    outer loop
      vertex -20.2 255.686 11.2
      vertex -19.4937 256.136 5
      vertex -20.2 255.686 5
    endloop
  endfacet
  facet normal -0.608845 0.793289 0
    outer loop
      vertex -18.8292 256.646 5
      vertex -19.4937 256.136 11.2
      vertex -18.8292 256.646 11.2
    endloop
  endfacet
  facet normal -0.608845 0.793289 0
    outer loop
      vertex -19.4937 256.136 11.2
      vertex -18.8292 256.646 5
      vertex -19.4937 256.136 5
    endloop
  endfacet
  facet normal -0.462003 0.886878 0
    outer loop
      vertex -20.2 255.686 5
      vertex -20.9429 255.299 11.2
      vertex -20.2 255.686 11.2
    endloop
  endfacet
  facet normal -0.462003 0.886878 0
    outer loop
      vertex -20.9429 255.299 11.2
      vertex -20.2 255.686 5
      vertex -20.9429 255.299 5
    endloop
  endfacet
  facet normal -0.216121 0.976367 0
    outer loop
      vertex -22.5153 254.727 5
      vertex -23.333 254.546 11.2
      vertex -22.5153 254.727 11.2
    endloop
  endfacet
  facet normal -0.216121 0.976367 0
    outer loop
      vertex -23.333 254.546 11.2
      vertex -22.5153 254.727 5
      vertex -23.333 254.546 5
    endloop
  endfacet
  facet normal -0.0441782 0.999024 0
    outer loop
      vertex -24.1633 254.437 5
      vertex -25 254.4 11.2
      vertex -24.1633 254.437 11.2
    endloop
  endfacet
  facet normal -0.0441782 0.999024 0
    outer loop
      vertex -25 254.4 11.2
      vertex -24.1633 254.437 5
      vertex -25 254.4 5
    endloop
  endfacet
  facet normal 0 0 1
    outer loop
      vertex -18.5 264 5
      vertex -15.4 264 5
      vertex -15.4365 264.837 5
    endloop
  endfacet
  facet normal 0 0 1
    outer loop
      vertex -18.5247 264.566 5
      vertex -15.4365 264.837 5
      vertex -15.5458 265.667 5
    endloop
  endfacet
  facet normal 0 0 1
    outer loop
      vertex -15.4 264 5
      vertex -18.5 264 5
      vertex -15.4365 263.163 5
    endloop
  endfacet
  facet normal 0 0 1
    outer loop
      vertex -18.5987 265.129 5
      vertex -15.5458 265.667 5
      vertex -15.7271 266.485 5
    endloop
  endfacet
  facet normal -0 0 1
    outer loop
      vertex -18.5247 263.433 5
      vertex -15.4365 263.163 5
      vertex -18.5 264 5
    endloop
  endfacet
  facet normal 0 0 1
    outer loop
      vertex -18.7215 265.682 5
      vertex -15.7271 266.485 5
      vertex -15.979 267.283 5
    endloop
  endfacet
  facet normal 0 0 1
    outer loop
      vertex -15.4365 263.163 5
      vertex -18.5247 263.433 5
      vertex -15.5458 262.333 5
    endloop
  endfacet
  facet normal 0 0 1
    outer loop
      vertex -18.892 266.223 5
      vertex -15.979 267.283 5
      vertex -16.2994 268.057 5
    endloop
  endfacet
  facet normal -0 0 1
    outer loop
      vertex -18.5987 262.871 5
      vertex -15.5458 262.333 5
      vertex -18.5247 263.433 5
    endloop
  endfacet
  facet normal 0 0 1
    outer loop
      vertex -19.109 266.747 5
      vertex -16.2994 268.057 5
      vertex -16.6862 268.8 5
    endloop
  endfacet
  facet normal 0 0 1
    outer loop
      vertex -15.5458 262.333 5
      vertex -18.5987 262.871 5
      vertex -15.7271 261.515 5
    endloop
  endfacet
  facet normal 0 0 1
    outer loop
      vertex -19.3708 267.25 5
      vertex -16.6862 268.8 5
      vertex -17.1361 269.506 5
    endloop
  endfacet
  facet normal -0 0 1
    outer loop
      vertex -18.7215 262.318 5
      vertex -15.7271 261.515 5
      vertex -18.5987 262.871 5
    endloop
  endfacet
  facet normal 0 0 1
    outer loop
      vertex -19.6755 267.728 5
      vertex -17.1361 269.506 5
      vertex -17.646 270.171 5
    endloop
  endfacet
  facet normal 0 0 1
    outer loop
      vertex -15.7271 261.515 5
      vertex -18.7215 262.318 5
      vertex -15.979 260.717 5
    endloop
  endfacet
  facet normal 0 0 1
    outer loop
      vertex -20.0207 268.178 5
      vertex -17.646 270.171 5
      vertex -18.2118 270.788 5
    endloop
  endfacet
  facet normal -0 0 1
    outer loop
      vertex -18.892 261.777 5
      vertex -15.979 260.717 5
      vertex -18.7215 262.318 5
    endloop
  endfacet
  facet normal 0 0 1
    outer loop
      vertex -15.979 260.717 5
      vertex -18.892 261.777 5
      vertex -16.2994 259.943 5
    endloop
  endfacet
  facet normal 0 0 1
    outer loop
      vertex -15.4365 264.837 5
      vertex -18.5247 264.566 5
      vertex -18.5 264 5
    endloop
  endfacet
  facet normal 0 0 1
    outer loop
      vertex -15.5458 265.667 5
      vertex -18.5987 265.129 5
      vertex -18.5247 264.566 5
    endloop
  endfacet
  facet normal 0 0 1
    outer loop
      vertex -15.7271 266.485 5
      vertex -18.7215 265.682 5
      vertex -18.5987 265.129 5
    endloop
  endfacet
  facet normal 0 0 1
    outer loop
      vertex -20.4038 268.596 5
      vertex -18.2118 270.788 5
      vertex -18.8292 271.354 5
    endloop
  endfacet
  facet normal 0 0 1
    outer loop
      vertex -15.979 267.283 5
      vertex -18.892 266.223 5
      vertex -18.7215 265.682 5
    endloop
  endfacet
  facet normal 0 0 1
    outer loop
      vertex -16.2994 268.057 5
      vertex -19.109 266.747 5
      vertex -18.892 266.223 5
    endloop
  endfacet
  facet normal 0 0 1
    outer loop
      vertex -16.6862 268.8 5
      vertex -19.3708 267.25 5
      vertex -19.109 266.747 5
    endloop
  endfacet
  facet normal 0 0 1
    outer loop
      vertex -20.8219 268.979 5
      vertex -18.8292 271.354 5
      vertex -19.4937 271.864 5
    endloop
  endfacet
  facet normal 0 0 1
    outer loop
      vertex -17.1361 269.506 5
      vertex -19.6755 267.728 5
      vertex -19.3708 267.25 5
    endloop
  endfacet
  facet normal 0 0 1
    outer loop
      vertex -17.646 270.171 5
      vertex -20.0207 268.178 5
      vertex -19.6755 267.728 5
    endloop
  endfacet
  facet normal 0 0 1
    outer loop
      vertex -21.2718 269.324 5
      vertex -19.4937 271.864 5
      vertex -20.2 272.314 5
    endloop
  endfacet
  facet normal 0 0 1
    outer loop
      vertex -18.2118 270.788 5
      vertex -20.4038 268.596 5
      vertex -20.0207 268.178 5
    endloop
  endfacet
  facet normal 0 0 1
    outer loop
      vertex -18.8292 271.354 5
      vertex -20.8219 268.979 5
      vertex -20.4038 268.596 5
    endloop
  endfacet
  facet normal 0 0 1
    outer loop
      vertex -21.75 269.629 5
      vertex -20.2 272.314 5
      vertex -20.9429 272.701 5
    endloop
  endfacet
  facet normal 0 0 1
    outer loop
      vertex -19.4937 271.864 5
      vertex -21.2718 269.324 5
      vertex -20.8219 268.979 5
    endloop
  endfacet
  facet normal 0 0 1
    outer loop
      vertex -22.253 269.891 5
      vertex -20.9429 272.701 5
      vertex -21.7166 273.021 5
    endloop
  endfacet
  facet normal 0 0 1
    outer loop
      vertex -20.2 272.314 5
      vertex -21.75 269.629 5
      vertex -21.2718 269.324 5
    endloop
  endfacet
  facet normal 0 0 1
    outer loop
      vertex -20.9429 272.701 5
      vertex -22.253 269.891 5
      vertex -21.75 269.629 5
    endloop
  endfacet
  facet normal 0 0 1
    outer loop
      vertex -22.7769 270.108 5
      vertex -21.7166 273.021 5
      vertex -22.5153 273.273 5
    endloop
  endfacet
  facet normal 0 0 1
    outer loop
      vertex -21.7166 273.021 5
      vertex -22.7769 270.108 5
      vertex -22.253 269.891 5
    endloop
  endfacet
  facet normal 0 0 1
    outer loop
      vertex -22.5153 273.273 5
      vertex -23.3177 270.279 5
      vertex -22.7769 270.108 5
    endloop
  endfacet
  facet normal 0 0 1
    outer loop
      vertex -23.333 273.454 5
      vertex -23.3177 270.279 5
      vertex -22.5153 273.273 5
    endloop
  endfacet
  facet normal 0 0 1
    outer loop
      vertex -23.333 273.454 5
      vertex -23.8713 270.401 5
      vertex -23.3177 270.279 5
    endloop
  endfacet
  facet normal 0 0 1
    outer loop
      vertex -24.1633 273.563 5
      vertex -23.8713 270.401 5
      vertex -23.333 273.454 5
    endloop
  endfacet
  facet normal 0 0 1
    outer loop
      vertex -24.1633 273.563 5
      vertex -24.4335 270.475 5
      vertex -23.8713 270.401 5
    endloop
  endfacet
  facet normal 0 0 1
    outer loop
      vertex -25 273.6 5
      vertex -24.4335 270.475 5
      vertex -24.1633 273.563 5
    endloop
  endfacet
  facet normal 0 0 1
    outer loop
      vertex -25 273.6 5
      vertex -25 270.5 5
      vertex -24.4335 270.475 5
    endloop
  endfacet
  facet normal 0 0 1
    outer loop
      vertex -25 273.6 5
      vertex -25.5665 270.475 5
      vertex -25 270.5 5
    endloop
  endfacet
  facet normal -0 0 1
    outer loop
      vertex -25.8367 273.563 5
      vertex -25.5665 270.475 5
      vertex -25 273.6 5
    endloop
  endfacet
  facet normal 0 0 1
    outer loop
      vertex -25.8367 273.563 5
      vertex -26.1287 270.401 5
      vertex -25.5665 270.475 5
    endloop
  endfacet
  facet normal -0 0 1
    outer loop
      vertex -26.667 273.454 5
      vertex -26.1287 270.401 5
      vertex -25.8367 273.563 5
    endloop
  endfacet
  facet normal 0 0 1
    outer loop
      vertex -26.667 273.454 5
      vertex -26.6823 270.279 5
      vertex -26.1287 270.401 5
    endloop
  endfacet
  facet normal -0 0 1
    outer loop
      vertex -27.4847 273.273 5
      vertex -26.6823 270.279 5
      vertex -26.667 273.454 5
    endloop
  endfacet
  facet normal 0 0 1
    outer loop
      vertex -26.6823 270.279 5
      vertex -27.4847 273.273 5
      vertex -27.2231 270.108 5
    endloop
  endfacet
  facet normal -0 0 1
    outer loop
      vertex -28.2834 273.021 5
      vertex -27.2231 270.108 5
      vertex -27.4847 273.273 5
    endloop
  endfacet
  facet normal 0 0 1
    outer loop
      vertex -27.2231 270.108 5
      vertex -28.2834 273.021 5
      vertex -27.747 269.891 5
    endloop
  endfacet
  facet normal -0 0 1
    outer loop
      vertex -29.0571 272.701 5
      vertex -27.747 269.891 5
      vertex -28.2834 273.021 5
    endloop
  endfacet
  facet normal 0 0 1
    outer loop
      vertex -27.747 269.891 5
      vertex -29.0571 272.701 5
      vertex -28.25 269.629 5
    endloop
  endfacet
  facet normal -0 0 1
    outer loop
      vertex -29.8 272.314 5
      vertex -28.25 269.629 5
      vertex -29.0571 272.701 5
    endloop
  endfacet
  facet normal 0 0 1
    outer loop
      vertex -28.25 269.629 5
      vertex -29.8 272.314 5
      vertex -28.7282 269.324 5
    endloop
  endfacet
  facet normal -0 0 1
    outer loop
      vertex -30.5063 271.864 5
      vertex -28.7282 269.324 5
      vertex -29.8 272.314 5
    endloop
  endfacet
  facet normal 0 0 1
    outer loop
      vertex -28.7282 269.324 5
      vertex -30.5063 271.864 5
      vertex -29.1781 268.979 5
    endloop
  endfacet
  facet normal -0 0 1
    outer loop
      vertex -31.1708 271.354 5
      vertex -29.1781 268.979 5
      vertex -30.5063 271.864 5
    endloop
  endfacet
  facet normal 0 0 1
    outer loop
      vertex -29.1781 268.979 5
      vertex -31.1708 271.354 5
      vertex -29.5962 268.596 5
    endloop
  endfacet
  facet normal -0 0 1
    outer loop
      vertex -31.7882 270.788 5
      vertex -29.5962 268.596 5
      vertex -31.1708 271.354 5
    endloop
  endfacet
  facet normal 0 0 1
    outer loop
      vertex -29.5962 268.596 5
      vertex -31.7882 270.788 5
      vertex -29.9793 268.178 5
    endloop
  endfacet
  facet normal -0 0 1
    outer loop
      vertex -32.354 270.171 5
      vertex -29.9793 268.178 5
      vertex -31.7882 270.788 5
    endloop
  endfacet
  facet normal 0 0 1
    outer loop
      vertex -29.9793 268.178 5
      vertex -32.354 270.171 5
      vertex -30.3245 267.728 5
    endloop
  endfacet
  facet normal -0 0 1
    outer loop
      vertex -32.8639 269.506 5
      vertex -30.3245 267.728 5
      vertex -32.354 270.171 5
    endloop
  endfacet
  facet normal 0 0 1
    outer loop
      vertex -30.3245 267.728 5
      vertex -32.8639 269.506 5
      vertex -30.6292 267.25 5
    endloop
  endfacet
  facet normal -0 0 1
    outer loop
      vertex -33.3138 268.8 5
      vertex -30.6292 267.25 5
      vertex -32.8639 269.506 5
    endloop
  endfacet
  facet normal 0 0 1
    outer loop
      vertex -30.6292 267.25 5
      vertex -33.3138 268.8 5
      vertex -30.891 266.747 5
    endloop
  endfacet
  facet normal 0 0 1
    outer loop
      vertex -30.891 266.747 5
      vertex -33.7006 268.057 5
      vertex -31.108 266.223 5
    endloop
  endfacet
  facet normal -0 0 1
    outer loop
      vertex -33.7006 268.057 5
      vertex -30.891 266.747 5
      vertex -33.3138 268.8 5
    endloop
  endfacet
  facet normal -0 0 1
    outer loop
      vertex -19.109 261.253 5
      vertex -16.2994 259.943 5
      vertex -18.892 261.777 5
    endloop
  endfacet
  facet normal 0 0 1
    outer loop
      vertex -16.2994 259.943 5
      vertex -19.109 261.253 5
      vertex -16.6862 259.2 5
    endloop
  endfacet
  facet normal -0 0 1
    outer loop
      vertex -19.3708 260.75 5
      vertex -16.6862 259.2 5
      vertex -19.109 261.253 5
    endloop
  endfacet
  facet normal 0 0 1
    outer loop
      vertex -16.6862 259.2 5
      vertex -19.3708 260.75 5
      vertex -17.1361 258.494 5
    endloop
  endfacet
  facet normal -0 0 1
    outer loop
      vertex -19.6755 260.272 5
      vertex -17.1361 258.494 5
      vertex -19.3708 260.75 5
    endloop
  endfacet
  facet normal 0 0 1
    outer loop
      vertex -17.1361 258.494 5
      vertex -19.6755 260.272 5
      vertex -17.646 257.829 5
    endloop
  endfacet
  facet normal -0 0 1
    outer loop
      vertex -20.0207 259.822 5
      vertex -17.646 257.829 5
      vertex -19.6755 260.272 5
    endloop
  endfacet
  facet normal 0 0 1
    outer loop
      vertex -17.646 257.829 5
      vertex -20.0207 259.822 5
      vertex -18.2118 257.212 5
    endloop
  endfacet
  facet normal -0 0 1
    outer loop
      vertex -20.4038 259.404 5
      vertex -18.2118 257.212 5
      vertex -20.0207 259.822 5
    endloop
  endfacet
  facet normal 0 0 1
    outer loop
      vertex -18.2118 257.212 5
      vertex -20.4038 259.404 5
      vertex -18.8292 256.646 5
    endloop
  endfacet
  facet normal -0 0 1
    outer loop
      vertex -20.8219 259.021 5
      vertex -18.8292 256.646 5
      vertex -20.4038 259.404 5
    endloop
  endfacet
  facet normal 0 0 1
    outer loop
      vertex -18.8292 256.646 5
      vertex -20.8219 259.021 5
      vertex -19.4937 256.136 5
    endloop
  endfacet
  facet normal -0 0 1
    outer loop
      vertex -21.2718 258.676 5
      vertex -19.4937 256.136 5
      vertex -20.8219 259.021 5
    endloop
  endfacet
  facet normal 0 0 1
    outer loop
      vertex -19.4937 256.136 5
      vertex -21.2718 258.676 5
      vertex -20.2 255.686 5
    endloop
  endfacet
  facet normal -0 0 1
    outer loop
      vertex -21.75 258.371 5
      vertex -20.2 255.686 5
      vertex -21.2718 258.676 5
    endloop
  endfacet
  facet normal 0 0 1
    outer loop
      vertex -20.2 255.686 5
      vertex -21.75 258.371 5
      vertex -20.9429 255.299 5
    endloop
  endfacet
  facet normal -0 0 1
    outer loop
      vertex -22.253 258.109 5
      vertex -20.9429 255.299 5
      vertex -21.75 258.371 5
    endloop
  endfacet
  facet normal 0 0 1
    outer loop
      vertex -20.9429 255.299 5
      vertex -22.253 258.109 5
      vertex -21.7166 254.979 5
    endloop
  endfacet
  facet normal -0 0 1
    outer loop
      vertex -22.7769 257.892 5
      vertex -21.7166 254.979 5
      vertex -22.253 258.109 5
    endloop
  endfacet
  facet normal 0 0 1
    outer loop
      vertex -21.7166 254.979 5
      vertex -22.7769 257.892 5
      vertex -22.5153 254.727 5
    endloop
  endfacet
  facet normal -0 0 1
    outer loop
      vertex -23.3177 257.721 5
      vertex -22.5153 254.727 5
      vertex -22.7769 257.892 5
    endloop
  endfacet
  facet normal 0 0 1
    outer loop
      vertex -23.3177 257.721 5
      vertex -23.333 254.546 5
      vertex -22.5153 254.727 5
    endloop
  endfacet
  facet normal -0 0 1
    outer loop
      vertex -23.8713 257.599 5
      vertex -23.333 254.546 5
      vertex -23.3177 257.721 5
    endloop
  endfacet
  facet normal 0 0 1
    outer loop
      vertex -23.8713 257.599 5
      vertex -24.1633 254.437 5
      vertex -23.333 254.546 5
    endloop
  endfacet
  facet normal -0 0 1
    outer loop
      vertex -24.4335 257.525 5
      vertex -24.1633 254.437 5
      vertex -23.8713 257.599 5
    endloop
  endfacet
  facet normal -0 0 1
    outer loop
      vertex -25 257.5 5
      vertex -24.1633 254.437 5
      vertex -24.4335 257.525 5
    endloop
  endfacet
  facet normal 0 0 1
    outer loop
      vertex -25 257.5 5
      vertex -25 254.4 5
      vertex -24.1633 254.437 5
    endloop
  endfacet
  facet normal 0 0 1
    outer loop
      vertex -25.5665 257.525 5
      vertex -25 254.4 5
      vertex -25 257.5 5
    endloop
  endfacet
  facet normal 0 0 1
    outer loop
      vertex -25.5665 257.525 5
      vertex -25.8367 254.437 5
      vertex -25 254.4 5
    endloop
  endfacet
  facet normal 0 0 1
    outer loop
      vertex -26.1287 257.599 5
      vertex -25.8367 254.437 5
      vertex -25.5665 257.525 5
    endloop
  endfacet
  facet normal 0 0 1
    outer loop
      vertex -26.1287 257.599 5
      vertex -26.667 254.546 5
      vertex -25.8367 254.437 5
    endloop
  endfacet
  facet normal 0 0 1
    outer loop
      vertex -26.6823 257.721 5
      vertex -26.667 254.546 5
      vertex -26.1287 257.599 5
    endloop
  endfacet
  facet normal 0 0 1
    outer loop
      vertex -27.4847 254.727 5
      vertex -26.6823 257.721 5
      vertex -27.2231 257.892 5
    endloop
  endfacet
  facet normal 0 0 1
    outer loop
      vertex -26.6823 257.721 5
      vertex -27.4847 254.727 5
      vertex -26.667 254.546 5
    endloop
  endfacet
  facet normal 0 0 1
    outer loop
      vertex -28.2834 254.979 5
      vertex -27.2231 257.892 5
      vertex -27.747 258.109 5
    endloop
  endfacet
  facet normal 0 0 1
    outer loop
      vertex -29.0571 255.299 5
      vertex -27.747 258.109 5
      vertex -28.25 258.371 5
    endloop
  endfacet
  facet normal 0 0 1
    outer loop
      vertex -27.2231 257.892 5
      vertex -28.2834 254.979 5
      vertex -27.4847 254.727 5
    endloop
  endfacet
  facet normal 0 0 1
    outer loop
      vertex -29.8 255.686 5
      vertex -28.25 258.371 5
      vertex -28.7282 258.676 5
    endloop
  endfacet
  facet normal 0 0 1
    outer loop
      vertex -27.747 258.109 5
      vertex -29.0571 255.299 5
      vertex -28.2834 254.979 5
    endloop
  endfacet
  facet normal 0 0 1
    outer loop
      vertex -30.5063 256.136 5
      vertex -28.7282 258.676 5
      vertex -29.1781 259.021 5
    endloop
  endfacet
  facet normal 0 0 1
    outer loop
      vertex -31.1708 256.646 5
      vertex -29.1781 259.021 5
      vertex -29.5962 259.404 5
    endloop
  endfacet
  facet normal 0 0 1
    outer loop
      vertex -28.25 258.371 5
      vertex -29.8 255.686 5
      vertex -29.0571 255.299 5
    endloop
  endfacet
  facet normal 0 0 1
    outer loop
      vertex -31.7882 257.212 5
      vertex -29.5962 259.404 5
      vertex -29.9793 259.822 5
    endloop
  endfacet
  facet normal 0 0 1
    outer loop
      vertex -32.354 257.829 5
      vertex -29.9793 259.822 5
      vertex -30.3245 260.272 5
    endloop
  endfacet
  facet normal 0 0 1
    outer loop
      vertex -28.7282 258.676 5
      vertex -30.5063 256.136 5
      vertex -29.8 255.686 5
    endloop
  endfacet
  facet normal 0 0 1
    outer loop
      vertex -32.8639 258.494 5
      vertex -30.3245 260.272 5
      vertex -30.6292 260.75 5
    endloop
  endfacet
  facet normal 0 0 1
    outer loop
      vertex -33.3138 259.2 5
      vertex -30.6292 260.75 5
      vertex -30.891 261.253 5
    endloop
  endfacet
  facet normal 0 0 1
    outer loop
      vertex -33.7006 259.943 5
      vertex -30.891 261.253 5
      vertex -31.108 261.777 5
    endloop
  endfacet
  facet normal 0 0 1
    outer loop
      vertex -29.1781 259.021 5
      vertex -31.1708 256.646 5
      vertex -30.5063 256.136 5
    endloop
  endfacet
  facet normal 0 0 1
    outer loop
      vertex -34.021 260.717 5
      vertex -31.108 261.777 5
      vertex -31.2785 262.318 5
    endloop
  endfacet
  facet normal 0 0 1
    outer loop
      vertex -34.2729 261.515 5
      vertex -31.2785 262.318 5
      vertex -31.4012 262.871 5
    endloop
  endfacet
  facet normal 0 0 1
    outer loop
      vertex -34.4542 262.333 5
      vertex -31.4012 262.871 5
      vertex -31.4753 263.433 5
    endloop
  endfacet
  facet normal 0 0 1
    outer loop
      vertex -29.5962 259.404 5
      vertex -31.7882 257.212 5
      vertex -31.1708 256.646 5
    endloop
  endfacet
  facet normal 0 0 1
    outer loop
      vertex -34.5635 263.163 5
      vertex -31.4753 263.433 5
      vertex -31.5 264 5
    endloop
  endfacet
  facet normal -0 0 1
    outer loop
      vertex -34.021 267.283 5
      vertex -31.108 266.223 5
      vertex -33.7006 268.057 5
    endloop
  endfacet
  facet normal 0 0 1
    outer loop
      vertex -31.108 266.223 5
      vertex -34.021 267.283 5
      vertex -31.2785 265.682 5
    endloop
  endfacet
  facet normal 0 0 1
    outer loop
      vertex -29.9793 259.822 5
      vertex -32.354 257.829 5
      vertex -31.7882 257.212 5
    endloop
  endfacet
  facet normal -0 0 1
    outer loop
      vertex -34.2729 266.485 5
      vertex -31.2785 265.682 5
      vertex -34.021 267.283 5
    endloop
  endfacet
  facet normal 0 0 1
    outer loop
      vertex -30.3245 260.272 5
      vertex -32.8639 258.494 5
      vertex -32.354 257.829 5
    endloop
  endfacet
  facet normal 0 0 1
    outer loop
      vertex -31.2785 265.682 5
      vertex -34.2729 266.485 5
      vertex -31.4012 265.129 5
    endloop
  endfacet
  facet normal 0 0 1
    outer loop
      vertex -30.6292 260.75 5
      vertex -33.3138 259.2 5
      vertex -32.8639 258.494 5
    endloop
  endfacet
  facet normal -0 0 1
    outer loop
      vertex -34.4542 265.667 5
      vertex -31.4012 265.129 5
      vertex -34.2729 266.485 5
    endloop
  endfacet
  facet normal 0 0 1
    outer loop
      vertex -30.891 261.253 5
      vertex -33.7006 259.943 5
      vertex -33.3138 259.2 5
    endloop
  endfacet
  facet normal 0 0 1
    outer loop
      vertex -31.4012 265.129 5
      vertex -34.4542 265.667 5
      vertex -31.4753 264.566 5
    endloop
  endfacet
  facet normal 0 0 1
    outer loop
      vertex -31.108 261.777 5
      vertex -34.021 260.717 5
      vertex -33.7006 259.943 5
    endloop
  endfacet
  facet normal -0 0 1
    outer loop
      vertex -34.5635 264.837 5
      vertex -31.4753 264.566 5
      vertex -34.4542 265.667 5
    endloop
  endfacet
  facet normal 0 0 1
    outer loop
      vertex -31.2785 262.318 5
      vertex -34.2729 261.515 5
      vertex -34.021 260.717 5
    endloop
  endfacet
  facet normal 0 0 1
    outer loop
      vertex -31.4753 264.566 5
      vertex -34.5635 264.837 5
      vertex -31.5 264 5
    endloop
  endfacet
  facet normal 0 0 1
    outer loop
      vertex -31.4012 262.871 5
      vertex -34.4542 262.333 5
      vertex -34.2729 261.515 5
    endloop
  endfacet
  facet normal 0 0 1
    outer loop
      vertex -34.6 264 5
      vertex -31.5 264 5
      vertex -34.5635 264.837 5
    endloop
  endfacet
  facet normal 0 0 1
    outer loop
      vertex -31.4753 263.433 5
      vertex -34.5635 263.163 5
      vertex -34.4542 262.333 5
    endloop
  endfacet
  facet normal 0 0 1
    outer loop
      vertex -31.5 264 5
      vertex -34.6 264 5
      vertex -34.5635 263.163 5
    endloop
  endfacet
  facet normal -0.793568 0.608482 0
    outer loop
      vertex -17.646 257.829 5
      vertex -17.1361 258.494 11.2
      vertex -17.1361 258.494 5
    endloop
  endfacet
  facet normal -0.793568 0.608482 0
    outer loop
      vertex -17.1361 258.494 11.2
      vertex -17.646 257.829 5
      vertex -17.646 257.829 11.2
    endloop
  endfacet
  facet normal -0.99144 0.13056 0
    outer loop
      vertex -15.5458 262.333 5
      vertex -15.4365 263.163 11.2
      vertex -15.4365 263.163 5
    endloop
  endfacet
  facet normal -0.99144 0.13056 0
    outer loop
      vertex -15.4365 263.163 11.2
      vertex -15.5458 262.333 5
      vertex -15.5458 262.333 11.2
    endloop
  endfacet
  facet normal 0.887002 -0.461766 0
    outer loop
      vertex -33.7006 268.057 11.2
      vertex -33.3138 268.8 5
      vertex -33.3138 268.8 11.2
    endloop
  endfacet
  facet normal 0.887002 -0.461766 0
    outer loop
      vertex -33.3138 268.8 5
      vertex -33.7006 268.057 11.2
      vertex -33.7006 268.057 5
    endloop
  endfacet
  facet normal 0.675757 -0.737124 0
    outer loop
      vertex -31.7882 270.788 5
      vertex -31.1708 271.354 11.2
      vertex -31.7882 270.788 11.2
    endloop
  endfacet
  facet normal 0.675757 -0.737124 0
    outer loop
      vertex -31.1708 271.354 11.2
      vertex -31.7882 270.788 5
      vertex -31.1708 271.354 5
    endloop
  endfacet
  facet normal 0.793568 -0.608482 0
    outer loop
      vertex -32.8639 269.506 11.2
      vertex -32.354 270.171 5
      vertex -32.354 270.171 11.2
    endloop
  endfacet
  facet normal 0.793568 -0.608482 0
    outer loop
      vertex -32.354 270.171 5
      vertex -32.8639 269.506 11.2
      vertex -32.8639 269.506 5
    endloop
  endfacet
  facet normal 0.130161 -0.991493 0
    outer loop
      vertex -26.667 273.454 5
      vertex -25.8367 273.563 11.2
      vertex -26.667 273.454 11.2
    endloop
  endfacet
  facet normal 0.130161 -0.991493 0
    outer loop
      vertex -25.8367 273.563 11.2
      vertex -26.667 273.454 5
      vertex -25.8367 273.563 5
    endloop
  endfacet
  facet normal 0.300891 -0.953658 0
    outer loop
      vertex -28.2834 273.021 5
      vertex -27.4847 273.273 11.2
      vertex -28.2834 273.021 11.2
    endloop
  endfacet
  facet normal 0.300891 -0.953658 0
    outer loop
      vertex -27.4847 273.273 11.2
      vertex -28.2834 273.021 5
      vertex -27.4847 273.273 5
    endloop
  endfacet
  facet normal 0.216121 -0.976367 0
    outer loop
      vertex -27.4847 273.273 5
      vertex -26.667 273.454 11.2
      vertex -27.4847 273.273 11.2
    endloop
  endfacet
  facet normal 0.216121 -0.976367 0
    outer loop
      vertex -26.667 273.454 11.2
      vertex -27.4847 273.273 5
      vertex -26.667 273.454 5
    endloop
  endfacet
  facet normal 0.382197 -0.924081 0
    outer loop
      vertex -29.0571 272.701 5
      vertex -28.2834 273.021 11.2
      vertex -29.0571 272.701 11.2
    endloop
  endfacet
  facet normal 0.382197 -0.924081 0
    outer loop
      vertex -28.2834 273.021 11.2
      vertex -29.0571 272.701 5
      vertex -28.2834 273.021 5
    endloop
  endfacet
  facet normal 0.537331 -0.843371 0
    outer loop
      vertex -30.5063 271.864 5
      vertex -29.8 272.314 11.2
      vertex -30.5063 271.864 11.2
    endloop
  endfacet
  facet normal 0.537331 -0.843371 0
    outer loop
      vertex -29.8 272.314 11.2
      vertex -30.5063 271.864 5
      vertex -29.8 272.314 5
    endloop
  endfacet
  facet normal 0.462003 0.886878 -0
    outer loop
      vertex -29.0571 255.299 5
      vertex -29.8 255.686 11.2
      vertex -29.0571 255.299 11.2
    endloop
  endfacet
  facet normal 0.462003 0.886878 0
    outer loop
      vertex -29.8 255.686 11.2
      vertex -29.0571 255.299 5
      vertex -29.8 255.686 5
    endloop
  endfacet
  facet normal 0.737025 0.675865 0
    outer loop
      vertex -31.7882 257.212 11.2
      vertex -32.354 257.829 5
      vertex -32.354 257.829 11.2
    endloop
  endfacet
  facet normal 0.737025 0.675865 0
    outer loop
      vertex -32.354 257.829 5
      vertex -31.7882 257.212 11.2
      vertex -31.7882 257.212 5
    endloop
  endfacet
  facet normal 0.608845 0.793289 -0
    outer loop
      vertex -30.5063 256.136 5
      vertex -31.1708 256.646 11.2
      vertex -30.5063 256.136 11.2
    endloop
  endfacet
  facet normal 0.608845 0.793289 0
    outer loop
      vertex -31.1708 256.646 11.2
      vertex -30.5063 256.136 5
      vertex -31.1708 256.646 5
    endloop
  endfacet
  facet normal 0.843322 0.537409 0
    outer loop
      vertex -32.8639 258.494 11.2
      vertex -33.3138 259.2 5
      vertex -33.3138 259.2 11.2
    endloop
  endfacet
  facet normal 0.843322 0.537409 0
    outer loop
      vertex -33.3138 259.2 5
      vertex -32.8639 258.494 11.2
      vertex -32.8639 258.494 5
    endloop
  endfacet
  facet normal 0.923964 0.382478 0
    outer loop
      vertex -33.7006 259.943 11.2
      vertex -34.021 260.717 5
      vertex -34.021 260.717 11.2
    endloop
  endfacet
  facet normal 0.923964 0.382478 0
    outer loop
      vertex -34.021 260.717 5
      vertex -33.7006 259.943 11.2
      vertex -33.7006 259.943 5
    endloop
  endfacet
  facet normal 0.99144 0.13056 0
    outer loop
      vertex -34.4542 262.333 11.2
      vertex -34.5635 263.163 5
      vertex -34.5635 263.163 11.2
    endloop
  endfacet
  facet normal 0.99144 0.13056 0
    outer loop
      vertex -34.5635 263.163 5
      vertex -34.4542 262.333 11.2
      vertex -34.4542 262.333 5
    endloop
  endfacet
  facet normal 0.976308 0.216387 0
    outer loop
      vertex -34.2729 261.515 11.2
      vertex -34.4542 262.333 5
      vertex -34.4542 262.333 11.2
    endloop
  endfacet
  facet normal 0.976308 0.216387 0
    outer loop
      vertex -34.4542 262.333 5
      vertex -34.2729 261.515 11.2
      vertex -34.2729 261.515 5
    endloop
  endfacet
  facet normal -0.300891 0.953658 0
    outer loop
      vertex -21.7166 254.979 5
      vertex -22.5153 254.727 11.2
      vertex -21.7166 254.979 11.2
    endloop
  endfacet
  facet normal -0.300891 0.953658 0
    outer loop
      vertex -22.5153 254.727 11.2
      vertex -21.7166 254.979 5
      vertex -22.5153 254.727 5
    endloop
  endfacet
  facet normal -0.737025 0.675865 0
    outer loop
      vertex -18.2118 257.212 5
      vertex -17.646 257.829 11.2
      vertex -17.646 257.829 5
    endloop
  endfacet
  facet normal -0.737025 0.675865 0
    outer loop
      vertex -17.646 257.829 11.2
      vertex -18.2118 257.212 5
      vertex -18.2118 257.212 11.2
    endloop
  endfacet
  facet normal -0.843322 0.537409 0
    outer loop
      vertex -17.1361 258.494 5
      vertex -16.6862 259.2 11.2
      vertex -16.6862 259.2 5
    endloop
  endfacet
  facet normal -0.843322 0.537409 0
    outer loop
      vertex -16.6862 259.2 11.2
      vertex -17.1361 258.494 5
      vertex -17.1361 258.494 11.2
    endloop
  endfacet
  facet normal -0.923964 0.382478 0
    outer loop
      vertex -16.2994 259.943 5
      vertex -15.979 260.717 11.2
      vertex -15.979 260.717 5
    endloop
  endfacet
  facet normal -0.923964 0.382478 0
    outer loop
      vertex -15.979 260.717 11.2
      vertex -16.2994 259.943 5
      vertex -16.2994 259.943 11.2
    endloop
  endfacet
  facet normal -0.953617 0.301023 0
    outer loop
      vertex -15.979 260.717 5
      vertex -15.7271 261.515 11.2
      vertex -15.7271 261.515 5
    endloop
  endfacet
  facet normal -0.953617 0.301023 0
    outer loop
      vertex -15.7271 261.515 11.2
      vertex -15.979 260.717 5
      vertex -15.979 260.717 11.2
    endloop
  endfacet
  facet normal 0.953617 -0.301023 0
    outer loop
      vertex -34.2729 266.485 11.2
      vertex -34.021 267.283 5
      vertex -34.021 267.283 11.2
    endloop
  endfacet
  facet normal 0.953617 -0.301023 0
    outer loop
      vertex -34.021 267.283 5
      vertex -34.2729 266.485 11.2
      vertex -34.2729 266.485 5
    endloop
  endfacet
  facet normal -0.953617 -0.301023 0
    outer loop
      vertex -15.7271 266.485 5
      vertex -15.979 267.283 11.2
      vertex -15.979 267.283 5
    endloop
  endfacet
  facet normal -0.953617 -0.301023 0
    outer loop
      vertex -15.979 267.283 11.2
      vertex -15.7271 266.485 5
      vertex -15.7271 266.485 11.2
    endloop
  endfacet
  facet normal -0.216121 -0.976367 0
    outer loop
      vertex -23.333 273.454 5
      vertex -22.5153 273.273 11.2
      vertex -23.333 273.454 11.2
    endloop
  endfacet
  facet normal -0.216121 -0.976367 -0
    outer loop
      vertex -22.5153 273.273 11.2
      vertex -23.333 273.454 5
      vertex -22.5153 273.273 5
    endloop
  endfacet
  facet normal 0.300891 0.953658 -0
    outer loop
      vertex -27.4847 254.727 5
      vertex -28.2834 254.979 11.2
      vertex -27.4847 254.727 11.2
    endloop
  endfacet
  facet normal 0.300891 0.953658 0
    outer loop
      vertex -28.2834 254.979 11.2
      vertex -27.4847 254.727 5
      vertex -28.2834 254.979 5
    endloop
  endfacet
  facet normal 0.999049 -0.0435981 0
    outer loop
      vertex -31.5 264 5
      vertex -31.4753 264.566 1.90735e-07
      vertex -31.4753 264.566 5
    endloop
  endfacet
  facet normal 0.999049 -0.0435981 0
    outer loop
      vertex -31.4753 264.566 1.90735e-07
      vertex -31.5 264 5
      vertex -31.5 264 1.90735e-07
    endloop
  endfacet
  facet normal -0.999052 0.0435213 0
    outer loop
      vertex -18.5247 263.433 1.90735e-07
      vertex -18.5 264 5
      vertex -18.5 264 1.90735e-07
    endloop
  endfacet
  facet normal -0.999052 0.0435213 0
    outer loop
      vertex -18.5 264 5
      vertex -18.5247 263.433 1.90735e-07
      vertex -18.5247 263.433 5
    endloop
  endfacet
  facet normal -0.0440877 -0.999028 0
    outer loop
      vertex -25 270.5 1.90735e-07
      vertex -24.4335 270.475 5
      vertex -25 270.5 5
    endloop
  endfacet
  facet normal -0.0440877 -0.999028 -0
    outer loop
      vertex -24.4335 270.475 5
      vertex -25 270.5 1.90735e-07
      vertex -24.4335 270.475 1.90735e-07
    endloop
  endfacet
  facet normal 0.0440877 0.999028 -0
    outer loop
      vertex -25 257.5 1.90735e-07
      vertex -25.5665 257.525 5
      vertex -25 257.5 5
    endloop
  endfacet
  facet normal 0.0440877 0.999028 0
    outer loop
      vertex -25.5665 257.525 5
      vertex -25 257.5 1.90735e-07
      vertex -25.5665 257.525 1.90735e-07
    endloop
  endfacet
  facet normal -0.675477 0.737381 0
    outer loop
      vertex -20.4038 259.404 1.90735e-07
      vertex -20.8219 259.021 5
      vertex -20.4038 259.404 5
    endloop
  endfacet
  facet normal -0.675477 0.737381 0
    outer loop
      vertex -20.8219 259.021 5
      vertex -20.4038 259.404 1.90735e-07
      vertex -20.8219 259.021 1.90735e-07
    endloop
  endfacet
  facet normal -0.737213 -0.675661 0
    outer loop
      vertex -20.0207 268.178 1.90735e-07
      vertex -20.4038 268.596 5
      vertex -20.4038 268.596 1.90735e-07
    endloop
  endfacet
  facet normal -0.737213 -0.675661 0
    outer loop
      vertex -20.4038 268.596 5
      vertex -20.0207 268.178 1.90735e-07
      vertex -20.0207 268.178 5
    endloop
  endfacet
  facet normal -0.461963 -0.886899 0
    outer loop
      vertex -22.253 269.891 1.90735e-07
      vertex -21.75 269.629 5
      vertex -22.253 269.891 5
    endloop
  endfacet
  facet normal -0.461963 -0.886899 -0
    outer loop
      vertex -21.75 269.629 5
      vertex -22.253 269.891 1.90735e-07
      vertex -21.75 269.629 1.90735e-07
    endloop
  endfacet
  facet normal -0.953756 -0.300583 0
    outer loop
      vertex -18.7215 265.682 1.90735e-07
      vertex -18.892 266.223 5
      vertex -18.892 266.223 1.90735e-07
    endloop
  endfacet
  facet normal -0.953756 -0.300583 0
    outer loop
      vertex -18.892 266.223 5
      vertex -18.7215 265.682 1.90735e-07
      vertex -18.7215 265.682 5
    endloop
  endfacet
  facet normal -0.215212 -0.976567 0
    outer loop
      vertex -23.8713 270.401 1.90735e-07
      vertex -23.3177 270.279 5
      vertex -23.8713 270.401 5
    endloop
  endfacet
  facet normal -0.215212 -0.976567 -0
    outer loop
      vertex -23.3177 270.279 5
      vertex -23.8713 270.401 1.90735e-07
      vertex -23.3177 270.279 1.90735e-07
    endloop
  endfacet
  facet normal 0.953756 0.300583 0
    outer loop
      vertex -31.108 261.777 5
      vertex -31.2785 262.318 1.90735e-07
      vertex -31.2785 262.318 5
    endloop
  endfacet
  facet normal 0.953756 0.300583 0
    outer loop
      vertex -31.2785 262.318 1.90735e-07
      vertex -31.108 261.777 5
      vertex -31.108 261.777 1.90735e-07
    endloop
  endfacet
  facet normal -0.301486 0.953471 0
    outer loop
      vertex -22.7769 257.892 1.90735e-07
      vertex -23.3177 257.721 5
      vertex -22.7769 257.892 5
    endloop
  endfacet
  facet normal -0.301486 0.953471 0
    outer loop
      vertex -23.3177 257.721 5
      vertex -22.7769 257.892 1.90735e-07
      vertex -23.3177 257.721 1.90735e-07
    endloop
  endfacet
  facet normal -0.97622 0.216781 0
    outer loop
      vertex -18.7215 262.318 1.90735e-07
      vertex -18.5987 262.871 5
      vertex -18.5987 262.871 1.90735e-07
    endloop
  endfacet
  facet normal -0.97622 0.216781 0
    outer loop
      vertex -18.5987 262.871 5
      vertex -18.7215 262.318 1.90735e-07
      vertex -18.7215 262.318 5
    endloop
  endfacet
  facet normal 0.991449 -0.130491 0
    outer loop
      vertex -31.4753 264.566 5
      vertex -31.4012 265.129 1.90735e-07
      vertex -31.4012 265.129 5
    endloop
  endfacet
  facet normal 0.991449 -0.130491 0
    outer loop
      vertex -31.4012 265.129 1.90735e-07
      vertex -31.4753 264.566 5
      vertex -31.4753 264.566 1.90735e-07
    endloop
  endfacet
  facet normal 0.887043 -0.461686 0
    outer loop
      vertex -30.891 266.747 5
      vertex -30.6292 267.25 1.90735e-07
      vertex -30.6292 267.25 5
    endloop
  endfacet
  facet normal 0.887043 -0.461686 0
    outer loop
      vertex -30.6292 267.25 1.90735e-07
      vertex -30.891 266.747 5
      vertex -30.891 266.747 1.90735e-07
    endloop
  endfacet
  facet normal 0.953756 -0.300583 0
    outer loop
      vertex -31.2785 265.682 5
      vertex -31.108 266.223 1.90735e-07
      vertex -31.108 266.223 5
    endloop
  endfacet
  facet normal 0.953756 -0.300583 0
    outer loop
      vertex -31.108 266.223 1.90735e-07
      vertex -31.2785 265.682 5
      vertex -31.2785 265.682 1.90735e-07
    endloop
  endfacet
  facet normal 0.737213 -0.675661 0
    outer loop
      vertex -29.9793 268.178 5
      vertex -29.5962 268.596 1.90735e-07
      vertex -29.5962 268.596 5
    endloop
  endfacet
  facet normal 0.737213 -0.675661 0
    outer loop
      vertex -29.5962 268.596 1.90735e-07
      vertex -29.9793 268.178 5
      vertex -29.9793 268.178 1.90735e-07
    endloop
  endfacet
  facet normal 0.843247 -0.537526 0
    outer loop
      vertex -30.6292 267.25 5
      vertex -30.3245 267.728 1.90735e-07
      vertex -30.3245 267.728 5
    endloop
  endfacet
  facet normal 0.843247 -0.537526 0
    outer loop
      vertex -30.3245 267.728 1.90735e-07
      vertex -30.6292 267.25 5
      vertex -30.6292 267.25 1.90735e-07
    endloop
  endfacet
  facet normal 0.215212 -0.976567 0
    outer loop
      vertex -26.6823 270.279 1.90735e-07
      vertex -26.1287 270.401 5
      vertex -26.6823 270.279 5
    endloop
  endfacet
  facet normal 0.215212 -0.976567 0
    outer loop
      vertex -26.1287 270.401 5
      vertex -26.6823 270.279 1.90735e-07
      vertex -26.1287 270.401 1.90735e-07
    endloop
  endfacet
  facet normal 0.0440877 -0.999028 0
    outer loop
      vertex -25.5665 270.475 1.90735e-07
      vertex -25 270.5 5
      vertex -25.5665 270.475 5
    endloop
  endfacet
  facet normal 0.0440877 -0.999028 0
    outer loop
      vertex -25 270.5 5
      vertex -25.5665 270.475 1.90735e-07
      vertex -25 270.5 1.90735e-07
    endloop
  endfacet
  facet normal 0.608517 -0.793541 0
    outer loop
      vertex -29.1781 268.979 1.90735e-07
      vertex -28.7282 269.324 5
      vertex -29.1781 268.979 5
    endloop
  endfacet
  facet normal 0.608517 -0.793541 0
    outer loop
      vertex -28.7282 269.324 5
      vertex -29.1781 268.979 1.90735e-07
      vertex -28.7282 269.324 1.90735e-07
    endloop
  endfacet
  facet normal -0.991472 -0.130318 0
    outer loop
      vertex -18.5247 264.566 1.90735e-07
      vertex -18.5987 265.129 5
      vertex -18.5987 265.129 1.90735e-07
    endloop
  endfacet
  facet normal -0.991472 -0.130318 0
    outer loop
      vertex -18.5987 265.129 5
      vertex -18.5247 264.566 1.90735e-07
      vertex -18.5247 264.566 5
    endloop
  endfacet
  facet normal -0.843247 -0.537526 0
    outer loop
      vertex -19.3708 267.25 1.90735e-07
      vertex -19.6755 267.728 5
      vertex -19.6755 267.728 1.90735e-07
    endloop
  endfacet
  facet normal -0.843247 -0.537526 0
    outer loop
      vertex -19.6755 267.728 5
      vertex -19.3708 267.25 1.90735e-07
      vertex -19.3708 267.25 5
    endloop
  endfacet
  facet normal -0.793436 -0.608654 0
    outer loop
      vertex -19.6755 267.728 1.90735e-07
      vertex -20.0207 268.178 5
      vertex -20.0207 268.178 1.90735e-07
    endloop
  endfacet
  facet normal -0.793436 -0.608654 0
    outer loop
      vertex -20.0207 268.178 5
      vertex -19.6755 267.728 1.90735e-07
      vertex -19.6755 267.728 5
    endloop
  endfacet
  facet normal -0.97622 -0.216781 0
    outer loop
      vertex -18.5987 265.129 1.90735e-07
      vertex -18.7215 265.682 5
      vertex -18.7215 265.682 1.90735e-07
    endloop
  endfacet
  facet normal -0.97622 -0.216781 0
    outer loop
      vertex -18.7215 265.682 5
      vertex -18.5987 265.129 1.90735e-07
      vertex -18.5987 265.129 5
    endloop
  endfacet
  facet normal -0.999049 -0.0435981 0
    outer loop
      vertex -18.5 264 1.90735e-07
      vertex -18.5247 264.566 5
      vertex -18.5247 264.566 1.90735e-07
    endloop
  endfacet
  facet normal -0.999049 -0.0435981 0
    outer loop
      vertex -18.5247 264.566 5
      vertex -18.5 264 1.90735e-07
      vertex -18.5 264 5
    endloop
  endfacet
  facet normal -0.608517 -0.793541 0
    outer loop
      vertex -21.2718 269.324 1.90735e-07
      vertex -20.8219 268.979 5
      vertex -21.2718 269.324 5
    endloop
  endfacet
  facet normal -0.608517 -0.793541 -0
    outer loop
      vertex -20.8219 268.979 5
      vertex -21.2718 269.324 1.90735e-07
      vertex -20.8219 268.979 1.90735e-07
    endloop
  endfacet
  facet normal -0.537742 -0.843109 0
    outer loop
      vertex -21.75 269.629 1.90735e-07
      vertex -21.2718 269.324 5
      vertex -21.75 269.629 5
    endloop
  endfacet
  facet normal -0.537742 -0.843109 -0
    outer loop
      vertex -21.2718 269.324 5
      vertex -21.75 269.629 1.90735e-07
      vertex -21.2718 269.324 1.90735e-07
    endloop
  endfacet
  facet normal -0.675477 -0.737381 0
    outer loop
      vertex -20.8219 268.979 1.90735e-07
      vertex -20.4038 268.596 5
      vertex -20.8219 268.979 5
    endloop
  endfacet
  facet normal -0.675477 -0.737381 -0
    outer loop
      vertex -20.4038 268.596 5
      vertex -20.8219 268.979 1.90735e-07
      vertex -20.4038 268.596 1.90735e-07
    endloop
  endfacet
  facet normal -0.301486 -0.953471 0
    outer loop
      vertex -23.3177 270.279 1.90735e-07
      vertex -22.7769 270.108 5
      vertex -23.3177 270.279 5
    endloop
  endfacet
  facet normal -0.301486 -0.953471 -0
    outer loop
      vertex -22.7769 270.108 5
      vertex -23.3177 270.279 1.90735e-07
      vertex -22.7769 270.108 1.90735e-07
    endloop
  endfacet
  facet normal -0.1305 -0.991448 0
    outer loop
      vertex -24.4335 270.475 1.90735e-07
      vertex -23.8713 270.401 5
      vertex -24.4335 270.475 5
    endloop
  endfacet
  facet normal -0.1305 -0.991448 -0
    outer loop
      vertex -23.8713 270.401 5
      vertex -24.4335 270.475 1.90735e-07
      vertex -23.8713 270.401 1.90735e-07
    endloop
  endfacet
  facet normal 0.1305 0.991448 -0
    outer loop
      vertex -25.5665 257.525 1.90735e-07
      vertex -26.1287 257.599 5
      vertex -25.5665 257.525 5
    endloop
  endfacet
  facet normal 0.1305 0.991448 0
    outer loop
      vertex -26.1287 257.599 5
      vertex -25.5665 257.525 1.90735e-07
      vertex -26.1287 257.599 1.90735e-07
    endloop
  endfacet
  facet normal 0.461963 0.886899 -0
    outer loop
      vertex -27.747 258.109 1.90735e-07
      vertex -28.25 258.371 5
      vertex -27.747 258.109 5
    endloop
  endfacet
  facet normal 0.461963 0.886899 0
    outer loop
      vertex -28.25 258.371 5
      vertex -27.747 258.109 1.90735e-07
      vertex -28.25 258.371 1.90735e-07
    endloop
  endfacet
  facet normal 0.301486 0.953471 -0
    outer loop
      vertex -26.6823 257.721 1.90735e-07
      vertex -27.2231 257.892 5
      vertex -26.6823 257.721 5
    endloop
  endfacet
  facet normal 0.301486 0.953471 0
    outer loop
      vertex -27.2231 257.892 5
      vertex -26.6823 257.721 1.90735e-07
      vertex -27.2231 257.892 1.90735e-07
    endloop
  endfacet
  facet normal 0.675477 0.737381 -0
    outer loop
      vertex -29.1781 259.021 1.90735e-07
      vertex -29.5962 259.404 5
      vertex -29.1781 259.021 5
    endloop
  endfacet
  facet normal 0.675477 0.737381 0
    outer loop
      vertex -29.5962 259.404 5
      vertex -29.1781 259.021 1.90735e-07
      vertex -29.5962 259.404 1.90735e-07
    endloop
  endfacet
  facet normal 0.537742 0.843109 -0
    outer loop
      vertex -28.25 258.371 1.90735e-07
      vertex -28.7282 258.676 5
      vertex -28.25 258.371 5
    endloop
  endfacet
  facet normal 0.537742 0.843109 0
    outer loop
      vertex -28.7282 258.676 5
      vertex -28.25 258.371 1.90735e-07
      vertex -28.7282 258.676 1.90735e-07
    endloop
  endfacet
  facet normal 0.793436 0.608654 0
    outer loop
      vertex -29.9793 259.822 5
      vertex -30.3245 260.272 1.90735e-07
      vertex -30.3245 260.272 5
    endloop
  endfacet
  facet normal 0.793436 0.608654 0
    outer loop
      vertex -30.3245 260.272 1.90735e-07
      vertex -29.9793 259.822 5
      vertex -29.9793 259.822 1.90735e-07
    endloop
  endfacet
  facet normal -0.1305 0.991448 0
    outer loop
      vertex -23.8713 257.599 1.90735e-07
      vertex -24.4335 257.525 5
      vertex -23.8713 257.599 5
    endloop
  endfacet
  facet normal -0.1305 0.991448 0
    outer loop
      vertex -24.4335 257.525 5
      vertex -23.8713 257.599 1.90735e-07
      vertex -24.4335 257.525 1.90735e-07
    endloop
  endfacet
  facet normal -0.537742 0.843109 0
    outer loop
      vertex -21.2718 258.676 1.90735e-07
      vertex -21.75 258.371 5
      vertex -21.2718 258.676 5
    endloop
  endfacet
  facet normal -0.537742 0.843109 0
    outer loop
      vertex -21.75 258.371 5
      vertex -21.2718 258.676 1.90735e-07
      vertex -21.75 258.371 1.90735e-07
    endloop
  endfacet
  facet normal -0.608517 0.793541 0
    outer loop
      vertex -20.8219 259.021 1.90735e-07
      vertex -21.2718 258.676 5
      vertex -20.8219 259.021 5
    endloop
  endfacet
  facet normal -0.608517 0.793541 0
    outer loop
      vertex -21.2718 258.676 5
      vertex -20.8219 259.021 1.90735e-07
      vertex -21.2718 258.676 1.90735e-07
    endloop
  endfacet
  facet normal -0.215212 0.976567 0
    outer loop
      vertex -23.3177 257.721 1.90735e-07
      vertex -23.8713 257.599 5
      vertex -23.3177 257.721 5
    endloop
  endfacet
  facet normal -0.215212 0.976567 0
    outer loop
      vertex -23.8713 257.599 5
      vertex -23.3177 257.721 1.90735e-07
      vertex -23.8713 257.599 1.90735e-07
    endloop
  endfacet
  facet normal -0.0440877 0.999028 0
    outer loop
      vertex -24.4335 257.525 1.90735e-07
      vertex -25 257.5 5
      vertex -24.4335 257.525 5
    endloop
  endfacet
  facet normal -0.0440877 0.999028 0
    outer loop
      vertex -25 257.5 5
      vertex -24.4335 257.525 1.90735e-07
      vertex -25 257.5 1.90735e-07
    endloop
  endfacet
  facet normal -0.793436 0.608654 0
    outer loop
      vertex -20.0207 259.822 1.90735e-07
      vertex -19.6755 260.272 5
      vertex -19.6755 260.272 1.90735e-07
    endloop
  endfacet
  facet normal -0.793436 0.608654 0
    outer loop
      vertex -19.6755 260.272 5
      vertex -20.0207 259.822 1.90735e-07
      vertex -20.0207 259.822 5
    endloop
  endfacet
  facet normal -0.991442 0.130546 0
    outer loop
      vertex -18.5987 262.871 1.90735e-07
      vertex -18.5247 263.433 5
      vertex -18.5247 263.433 1.90735e-07
    endloop
  endfacet
  facet normal -0.991442 0.130546 0
    outer loop
      vertex -18.5247 263.433 5
      vertex -18.5987 262.871 1.90735e-07
      vertex -18.5987 262.871 5
    endloop
  endfacet
  facet normal 0.976258 -0.216613 0
    outer loop
      vertex -31.4012 265.129 5
      vertex -31.2785 265.682 1.90735e-07
      vertex -31.2785 265.682 5
    endloop
  endfacet
  facet normal 0.976258 -0.216613 0
    outer loop
      vertex -31.2785 265.682 1.90735e-07
      vertex -31.4012 265.129 5
      vertex -31.4012 265.129 1.90735e-07
    endloop
  endfacet
  facet normal 0.923909 -0.382611 0
    outer loop
      vertex -31.108 266.223 5
      vertex -30.891 266.747 1.90735e-07
      vertex -30.891 266.747 5
    endloop
  endfacet
  facet normal 0.923909 -0.382611 0
    outer loop
      vertex -30.891 266.747 1.90735e-07
      vertex -31.108 266.223 5
      vertex -31.108 266.223 1.90735e-07
    endloop
  endfacet
  facet normal 0.675477 -0.737381 0
    outer loop
      vertex -29.5962 268.596 1.90735e-07
      vertex -29.1781 268.979 5
      vertex -29.5962 268.596 5
    endloop
  endfacet
  facet normal 0.675477 -0.737381 0
    outer loop
      vertex -29.1781 268.979 5
      vertex -29.5962 268.596 1.90735e-07
      vertex -29.1781 268.979 1.90735e-07
    endloop
  endfacet
  facet normal 0.793436 -0.608654 0
    outer loop
      vertex -30.3245 267.728 5
      vertex -29.9793 268.178 1.90735e-07
      vertex -29.9793 268.178 5
    endloop
  endfacet
  facet normal 0.793436 -0.608654 0
    outer loop
      vertex -29.9793 268.178 1.90735e-07
      vertex -30.3245 267.728 5
      vertex -30.3245 267.728 1.90735e-07
    endloop
  endfacet
  facet normal 0.1305 -0.991448 0
    outer loop
      vertex -26.1287 270.401 1.90735e-07
      vertex -25.5665 270.475 5
      vertex -26.1287 270.401 5
    endloop
  endfacet
  facet normal 0.1305 -0.991448 0
    outer loop
      vertex -25.5665 270.475 5
      vertex -26.1287 270.401 1.90735e-07
      vertex -25.5665 270.475 1.90735e-07
    endloop
  endfacet
  facet normal 0.301486 -0.953471 0
    outer loop
      vertex -27.2231 270.108 1.90735e-07
      vertex -26.6823 270.279 5
      vertex -27.2231 270.108 5
    endloop
  endfacet
  facet normal 0.301486 -0.953471 0
    outer loop
      vertex -26.6823 270.279 5
      vertex -27.2231 270.108 1.90735e-07
      vertex -26.6823 270.279 1.90735e-07
    endloop
  endfacet
  facet normal 0.461963 -0.886899 0
    outer loop
      vertex -28.25 269.629 1.90735e-07
      vertex -27.747 269.891 5
      vertex -28.25 269.629 5
    endloop
  endfacet
  facet normal 0.461963 -0.886899 0
    outer loop
      vertex -27.747 269.891 5
      vertex -28.25 269.629 1.90735e-07
      vertex -27.747 269.891 1.90735e-07
    endloop
  endfacet
  facet normal 0.382674 -0.923884 0
    outer loop
      vertex -27.747 269.891 1.90735e-07
      vertex -27.2231 270.108 5
      vertex -27.747 269.891 5
    endloop
  endfacet
  facet normal 0.382674 -0.923884 0
    outer loop
      vertex -27.2231 270.108 5
      vertex -27.747 269.891 1.90735e-07
      vertex -27.2231 270.108 1.90735e-07
    endloop
  endfacet
  facet normal 0.537742 -0.843109 0
    outer loop
      vertex -28.7282 269.324 1.90735e-07
      vertex -28.25 269.629 5
      vertex -28.7282 269.324 5
    endloop
  endfacet
  facet normal 0.537742 -0.843109 0
    outer loop
      vertex -28.25 269.629 5
      vertex -28.7282 269.324 1.90735e-07
      vertex -28.25 269.629 1.90735e-07
    endloop
  endfacet
  facet normal -0.887043 -0.461686 0
    outer loop
      vertex -19.109 266.747 1.90735e-07
      vertex -19.3708 267.25 5
      vertex -19.3708 267.25 1.90735e-07
    endloop
  endfacet
  facet normal -0.887043 -0.461686 0
    outer loop
      vertex -19.3708 267.25 5
      vertex -19.109 266.747 1.90735e-07
      vertex -19.109 266.747 5
    endloop
  endfacet
  facet normal -0.923909 -0.382611 0
    outer loop
      vertex -18.892 266.223 1.90735e-07
      vertex -19.109 266.747 5
      vertex -19.109 266.747 1.90735e-07
    endloop
  endfacet
  facet normal -0.923909 -0.382611 0
    outer loop
      vertex -19.109 266.747 5
      vertex -18.892 266.223 1.90735e-07
      vertex -18.892 266.223 5
    endloop
  endfacet
  facet normal 0.215212 0.976567 -0
    outer loop
      vertex -26.1287 257.599 1.90735e-07
      vertex -26.6823 257.721 5
      vertex -26.1287 257.599 5
    endloop
  endfacet
  facet normal 0.215212 0.976567 0
    outer loop
      vertex -26.6823 257.721 5
      vertex -26.1287 257.599 1.90735e-07
      vertex -26.6823 257.721 1.90735e-07
    endloop
  endfacet
  facet normal 0.382674 0.923884 -0
    outer loop
      vertex -27.2231 257.892 1.90735e-07
      vertex -27.747 258.109 5
      vertex -27.2231 257.892 5
    endloop
  endfacet
  facet normal 0.382674 0.923884 0
    outer loop
      vertex -27.747 258.109 5
      vertex -27.2231 257.892 1.90735e-07
      vertex -27.747 258.109 1.90735e-07
    endloop
  endfacet
  facet normal 0.737213 0.675661 0
    outer loop
      vertex -29.5962 259.404 5
      vertex -29.9793 259.822 1.90735e-07
      vertex -29.9793 259.822 5
    endloop
  endfacet
  facet normal 0.737213 0.675661 0
    outer loop
      vertex -29.9793 259.822 1.90735e-07
      vertex -29.5962 259.404 5
      vertex -29.5962 259.404 1.90735e-07
    endloop
  endfacet
  facet normal 0.608517 0.793541 -0
    outer loop
      vertex -28.7282 258.676 1.90735e-07
      vertex -29.1781 259.021 5
      vertex -28.7282 258.676 5
    endloop
  endfacet
  facet normal 0.608517 0.793541 0
    outer loop
      vertex -29.1781 259.021 5
      vertex -28.7282 258.676 1.90735e-07
      vertex -29.1781 259.021 1.90735e-07
    endloop
  endfacet
  facet normal 0.843247 0.537526 0
    outer loop
      vertex -30.3245 260.272 5
      vertex -30.6292 260.75 1.90735e-07
      vertex -30.6292 260.75 5
    endloop
  endfacet
  facet normal 0.843247 0.537526 0
    outer loop
      vertex -30.6292 260.75 1.90735e-07
      vertex -30.3245 260.272 5
      vertex -30.3245 260.272 1.90735e-07
    endloop
  endfacet
  facet normal 0.887043 0.461686 0
    outer loop
      vertex -30.6292 260.75 5
      vertex -30.891 261.253 1.90735e-07
      vertex -30.891 261.253 5
    endloop
  endfacet
  facet normal 0.887043 0.461686 0
    outer loop
      vertex -30.891 261.253 1.90735e-07
      vertex -30.6292 260.75 5
      vertex -30.6292 260.75 1.90735e-07
    endloop
  endfacet
  facet normal 0.923909 0.382611 0
    outer loop
      vertex -30.891 261.253 5
      vertex -31.108 261.777 1.90735e-07
      vertex -31.108 261.777 5
    endloop
  endfacet
  facet normal 0.923909 0.382611 0
    outer loop
      vertex -31.108 261.777 1.90735e-07
      vertex -30.891 261.253 5
      vertex -30.891 261.253 1.90735e-07
    endloop
  endfacet
  facet normal 0.991419 0.130719 0
    outer loop
      vertex -31.4012 262.871 5
      vertex -31.4753 263.433 1.90735e-07
      vertex -31.4753 263.433 5
    endloop
  endfacet
  facet normal 0.991419 0.130719 0
    outer loop
      vertex -31.4753 263.433 1.90735e-07
      vertex -31.4012 262.871 5
      vertex -31.4012 262.871 1.90735e-07
    endloop
  endfacet
  facet normal 0.976258 0.216613 0
    outer loop
      vertex -31.2785 262.318 5
      vertex -31.4012 262.871 1.90735e-07
      vertex -31.4012 262.871 5
    endloop
  endfacet
  facet normal 0.976258 0.216613 0
    outer loop
      vertex -31.4012 262.871 1.90735e-07
      vertex -31.2785 262.318 5
      vertex -31.2785 262.318 1.90735e-07
    endloop
  endfacet
  facet normal 0.999052 0.0435213 0
    outer loop
      vertex -31.4753 263.433 5
      vertex -31.5 264 1.90735e-07
      vertex -31.5 264 5
    endloop
  endfacet
  facet normal 0.999052 0.0435213 0
    outer loop
      vertex -31.5 264 1.90735e-07
      vertex -31.4753 263.433 5
      vertex -31.4753 263.433 1.90735e-07
    endloop
  endfacet
  facet normal -0.461963 0.886899 0
    outer loop
      vertex -21.75 258.371 1.90735e-07
      vertex -22.253 258.109 5
      vertex -21.75 258.371 5
    endloop
  endfacet
  facet normal -0.461963 0.886899 0
    outer loop
      vertex -22.253 258.109 5
      vertex -21.75 258.371 1.90735e-07
      vertex -22.253 258.109 1.90735e-07
    endloop
  endfacet
  facet normal -0.382674 0.923884 0
    outer loop
      vertex -22.253 258.109 1.90735e-07
      vertex -22.7769 257.892 5
      vertex -22.253 258.109 5
    endloop
  endfacet
  facet normal -0.382674 0.923884 0
    outer loop
      vertex -22.7769 257.892 5
      vertex -22.253 258.109 1.90735e-07
      vertex -22.7769 257.892 1.90735e-07
    endloop
  endfacet
  facet normal -0.737213 0.675661 0
    outer loop
      vertex -20.4038 259.404 1.90735e-07
      vertex -20.0207 259.822 5
      vertex -20.0207 259.822 1.90735e-07
    endloop
  endfacet
  facet normal -0.737213 0.675661 0
    outer loop
      vertex -20.0207 259.822 5
      vertex -20.4038 259.404 1.90735e-07
      vertex -20.4038 259.404 5
    endloop
  endfacet
  facet normal -0.843247 0.537526 0
    outer loop
      vertex -19.6755 260.272 1.90735e-07
      vertex -19.3708 260.75 5
      vertex -19.3708 260.75 1.90735e-07
    endloop
  endfacet
  facet normal -0.843247 0.537526 0
    outer loop
      vertex -19.3708 260.75 5
      vertex -19.6755 260.272 1.90735e-07
      vertex -19.6755 260.272 5
    endloop
  endfacet
  facet normal -0.887043 0.461686 0
    outer loop
      vertex -19.3708 260.75 1.90735e-07
      vertex -19.109 261.253 5
      vertex -19.109 261.253 1.90735e-07
    endloop
  endfacet
  facet normal -0.887043 0.461686 0
    outer loop
      vertex -19.109 261.253 5
      vertex -19.3708 260.75 1.90735e-07
      vertex -19.3708 260.75 5
    endloop
  endfacet
  facet normal -0.953756 0.300583 0
    outer loop
      vertex -18.892 261.777 1.90735e-07
      vertex -18.7215 262.318 5
      vertex -18.7215 262.318 1.90735e-07
    endloop
  endfacet
  facet normal -0.953756 0.300583 0
    outer loop
      vertex -18.7215 262.318 5
      vertex -18.892 261.777 1.90735e-07
      vertex -18.892 261.777 5
    endloop
  endfacet
  facet normal -0.382674 -0.923884 0
    outer loop
      vertex -22.7769 270.108 1.90735e-07
      vertex -22.253 269.891 5
      vertex -22.7769 270.108 5
    endloop
  endfacet
  facet normal -0.382674 -0.923884 -0
    outer loop
      vertex -22.253 269.891 5
      vertex -22.7769 270.108 1.90735e-07
      vertex -22.253 269.891 1.90735e-07
    endloop
  endfacet
  facet normal -0.923909 0.382611 0
    outer loop
      vertex -19.109 261.253 1.90735e-07
      vertex -18.892 261.777 5
      vertex -18.892 261.777 1.90735e-07
    endloop
  endfacet
  facet normal -0.923909 0.382611 0
    outer loop
      vertex -18.892 261.777 5
      vertex -19.109 261.253 1.90735e-07
      vertex -19.109 261.253 5
    endloop
  endfacet
  facet normal 0.999046 -0.0436812 0
    outer loop
      vertex -18.9537 231.545 3.2
      vertex -18.9436 231.776 1.90735e-07
      vertex -18.9436 231.776 3.2
    endloop
  endfacet
  facet normal 0.999046 -0.0436812 0
    outer loop
      vertex -18.9436 231.776 1.90735e-07
      vertex -18.9537 231.545 3.2
      vertex -18.9537 231.545 1.90735e-07
    endloop
  endfacet
  facet normal -0.999046 -0.0436812 0
    outer loop
      vertex -13.6537 231.545 1.90735e-07
      vertex -13.6638 231.776 3.2
      vertex -13.6638 231.776 1.90735e-07
    endloop
  endfacet
  facet normal -0.999046 -0.0436812 0
    outer loop
      vertex -13.6638 231.776 3.2
      vertex -13.6537 231.545 1.90735e-07
      vertex -13.6537 231.545 3.2
    endloop
  endfacet
  facet normal -0.0432495 0.999064 0
    outer loop
      vertex -16.0727 228.905 1.90735e-07
      vertex -16.3037 228.895 3.2
      vertex -16.0727 228.905 3.2
    endloop
  endfacet
  facet normal -0.0432495 0.999064 0
    outer loop
      vertex -16.3037 228.895 3.2
      vertex -16.0727 228.905 1.90735e-07
      vertex -16.3037 228.895 1.90735e-07
    endloop
  endfacet
  facet normal -0.738551 0.674198 0
    outer loop
      vertex -14.4298 229.671 1.90735e-07
      vertex -14.2737 229.842 3.2
      vertex -14.2737 229.842 1.90735e-07
    endloop
  endfacet
  facet normal -0.738551 0.674198 0
    outer loop
      vertex -14.2737 229.842 3.2
      vertex -14.4298 229.671 1.90735e-07
      vertex -14.4298 229.671 3.2
    endloop
  endfacet
  facet normal -0.675039 -0.737782 0
    outer loop
      vertex -14.6003 233.575 1.90735e-07
      vertex -14.4298 233.419 3.2
      vertex -14.6003 233.575 3.2
    endloop
  endfacet
  facet normal -0.675039 -0.737782 -0
    outer loop
      vertex -14.4298 233.419 3.2
      vertex -14.6003 233.575 1.90735e-07
      vertex -14.4298 233.419 1.90735e-07
    endloop
  endfacet
  facet normal -0.976299 0.216427 0
    outer loop
      vertex -13.744 230.859 1.90735e-07
      vertex -13.6939 231.085 3.2
      vertex -13.6939 231.085 1.90735e-07
    endloop
  endfacet
  facet normal -0.976299 0.216427 0
    outer loop
      vertex -13.6939 231.085 3.2
      vertex -13.744 230.859 1.90735e-07
      vertex -13.744 230.859 3.2
    endloop
  endfacet
  facet normal 0.738336 -0.674433 0
    outer loop
      vertex -18.3337 233.248 3.2
      vertex -18.1775 233.419 1.90735e-07
      vertex -18.1775 233.419 3.2
    endloop
  endfacet
  facet normal 0.738336 -0.674433 0
    outer loop
      vertex -18.1775 233.419 1.90735e-07
      vertex -18.3337 233.248 3.2
      vertex -18.3337 233.248 1.90735e-07
    endloop
  endfacet
  facet normal 0.462536 -0.8866 0
    outer loop
      vertex -17.6287 233.84 1.90735e-07
      vertex -17.4236 233.947 3.2
      vertex -17.6287 233.84 3.2
    endloop
  endfacet
  facet normal 0.462536 -0.8866 0
    outer loop
      vertex -17.4236 233.947 3.2
      vertex -17.6287 233.84 1.90735e-07
      vertex -17.4236 233.947 1.90735e-07
    endloop
  endfacet
  facet normal -0.88704 -0.461693 0
    outer loop
      vertex -13.902 232.665 1.90735e-07
      vertex -14.0087 232.87 3.2
      vertex -14.0087 232.87 1.90735e-07
    endloop
  endfacet
  facet normal -0.88704 -0.461693 0
    outer loop
      vertex -14.0087 232.87 3.2
      vertex -13.902 232.665 1.90735e-07
      vertex -13.902 232.665 3.2
    endloop
  endfacet
  facet normal -0.79256 -0.609794 0
    outer loop
      vertex -14.1329 233.065 1.90735e-07
      vertex -14.2737 233.248 3.2
      vertex -14.2737 233.248 1.90735e-07
    endloop
  endfacet
  facet normal -0.79256 -0.609794 0
    outer loop
      vertex -14.2737 233.248 3.2
      vertex -14.1329 233.065 1.90735e-07
      vertex -14.1329 233.065 3.2
    endloop
  endfacet
  facet normal -0.129783 -0.991542 0
    outer loop
      vertex -16.0727 234.185 1.90735e-07
      vertex -15.8435 234.155 3.2
      vertex -16.0727 234.185 3.2
    endloop
  endfacet
  facet normal -0.129783 -0.991542 -0
    outer loop
      vertex -15.8435 234.155 3.2
      vertex -16.0727 234.185 1.90735e-07
      vertex -15.8435 234.155 1.90735e-07
    endloop
  endfacet
  facet normal 0.843448 0.537211 0
    outer loop
      vertex -18.4744 230.025 3.2
      vertex -18.5986 230.22 1.90735e-07
      vertex -18.5986 230.22 3.2
    endloop
  endfacet
  facet normal 0.843448 0.537211 0
    outer loop
      vertex -18.5986 230.22 1.90735e-07
      vertex -18.4744 230.025 3.2
      vertex -18.4744 230.025 1.90735e-07
    endloop
  endfacet
  facet normal 0.216289 0.976329 -0
    outer loop
      vertex -16.7638 228.935 1.90735e-07
      vertex -16.9895 228.985 3.2
      vertex -16.7638 228.935 3.2
    endloop
  endfacet
  facet normal 0.216289 0.976329 0
    outer loop
      vertex -16.9895 228.985 3.2
      vertex -16.7638 228.935 1.90735e-07
      vertex -16.9895 228.985 1.90735e-07
    endloop
  endfacet
  facet normal 0.675254 0.737585 -0
    outer loop
      vertex -18.0071 229.515 1.90735e-07
      vertex -18.1775 229.671 3.2
      vertex -18.0071 229.515 3.2
    endloop
  endfacet
  facet normal 0.675254 0.737585 0
    outer loop
      vertex -18.1775 229.671 3.2
      vertex -18.0071 229.515 1.90735e-07
      vertex -18.1775 229.671 1.90735e-07
    endloop
  endfacet
  facet normal 0.95355 0.301235 0
    outer loop
      vertex -18.7939 230.639 3.2
      vertex -18.8634 230.859 1.90735e-07
      vertex -18.8634 230.859 3.2
    endloop
  endfacet
  facet normal 0.95355 0.301235 0
    outer loop
      vertex -18.8634 230.859 1.90735e-07
      vertex -18.7939 230.639 3.2
      vertex -18.7939 230.639 1.90735e-07
    endloop
  endfacet
  facet normal -0.462714 0.886508 0
    outer loop
      vertex -14.9787 229.25 1.90735e-07
      vertex -15.1837 229.143 3.2
      vertex -14.9787 229.25 3.2
    endloop
  endfacet
  facet normal -0.462714 0.886508 0
    outer loop
      vertex -15.1837 229.143 3.2
      vertex -14.9787 229.25 1.90735e-07
      vertex -15.1837 229.143 1.90735e-07
    endloop
  endfacet
  facet normal -0.380924 0.924606 0
    outer loop
      vertex -15.1837 229.143 1.90735e-07
      vertex -15.3973 229.055 3.2
      vertex -15.1837 229.143 3.2
    endloop
  endfacet
  facet normal -0.380924 0.924606 0
    outer loop
      vertex -15.3973 229.055 3.2
      vertex -15.1837 229.143 1.90735e-07
      vertex -15.3973 229.055 1.90735e-07
    endloop
  endfacet
  facet normal -0.991472 0.13032 0
    outer loop
      vertex -13.6939 231.085 1.90735e-07
      vertex -13.6638 231.314 3.2
      vertex -13.6638 231.314 1.90735e-07
    endloop
  endfacet
  facet normal -0.991472 0.13032 0
    outer loop
      vertex -13.6638 231.314 3.2
      vertex -13.6939 231.085 1.90735e-07
      vertex -13.6939 231.085 3.2
    endloop
  endfacet
  facet normal 0.991416 -0.130746 0
    outer loop
      vertex -18.9436 231.776 3.2
      vertex -18.9134 232.005 1.90735e-07
      vertex -18.9134 232.005 3.2
    endloop
  endfacet
  facet normal 0.991416 -0.130746 0
    outer loop
      vertex -18.9134 232.005 1.90735e-07
      vertex -18.9436 231.776 3.2
      vertex -18.9436 231.776 1.90735e-07
    endloop
  endfacet
  facet normal 0.95355 -0.301235 0
    outer loop
      vertex -18.8634 232.231 3.2
      vertex -18.7939 232.451 1.90735e-07
      vertex -18.7939 232.451 3.2
    endloop
  endfacet
  facet normal 0.95355 -0.301235 0
    outer loop
      vertex -18.7939 232.451 1.90735e-07
      vertex -18.8634 232.231 3.2
      vertex -18.8634 232.231 1.90735e-07
    endloop
  endfacet
  facet normal 0.792769 -0.609522 0
    outer loop
      vertex -18.4744 233.065 3.2
      vertex -18.3337 233.248 1.90735e-07
      vertex -18.3337 233.248 3.2
    endloop
  endfacet
  facet normal 0.792769 -0.609522 0
    outer loop
      vertex -18.3337 233.248 1.90735e-07
      vertex -18.4744 233.065 3.2
      vertex -18.4744 233.065 1.90735e-07
    endloop
  endfacet
  facet normal 0.886862 -0.462034 0
    outer loop
      vertex -18.7054 232.665 3.2
      vertex -18.5986 232.87 1.90735e-07
      vertex -18.5986 232.87 3.2
    endloop
  endfacet
  facet normal 0.886862 -0.462034 0
    outer loop
      vertex -18.5986 232.87 1.90735e-07
      vertex -18.7054 232.665 3.2
      vertex -18.7054 232.665 1.90735e-07
    endloop
  endfacet
  facet normal 0.302579 -0.953124 0
    outer loop
      vertex -17.21 234.035 1.90735e-07
      vertex -16.9895 234.105 3.2
      vertex -17.21 234.035 3.2
    endloop
  endfacet
  facet normal 0.302579 -0.953124 0
    outer loop
      vertex -16.9895 234.105 3.2
      vertex -17.21 234.035 1.90735e-07
      vertex -16.9895 234.105 1.90735e-07
    endloop
  endfacet
  facet normal 0.380924 -0.924606 0
    outer loop
      vertex -17.4236 233.947 1.90735e-07
      vertex -17.21 234.035 3.2
      vertex -17.4236 233.947 3.2
    endloop
  endfacet
  facet normal 0.380924 -0.924606 0
    outer loop
      vertex -17.21 234.035 3.2
      vertex -17.4236 233.947 1.90735e-07
      vertex -17.21 234.035 1.90735e-07
    endloop
  endfacet
  facet normal 0.129783 -0.991542 0
    outer loop
      vertex -16.7638 234.155 1.90735e-07
      vertex -16.5346 234.185 3.2
      vertex -16.7638 234.155 3.2
    endloop
  endfacet
  facet normal 0.129783 -0.991542 0
    outer loop
      vertex -16.5346 234.185 3.2
      vertex -16.7638 234.155 1.90735e-07
      vertex -16.5346 234.185 1.90735e-07
    endloop
  endfacet
  facet normal 0.609502 -0.792785 0
    outer loop
      vertex -18.0071 233.575 1.90735e-07
      vertex -17.8237 233.716 3.2
      vertex -18.0071 233.575 3.2
    endloop
  endfacet
  facet normal 0.609502 -0.792785 0
    outer loop
      vertex -17.8237 233.716 3.2
      vertex -18.0071 233.575 1.90735e-07
      vertex -17.8237 233.716 1.90735e-07
    endloop
  endfacet
  facet normal 0.536595 -0.84384 0
    outer loop
      vertex -17.8237 233.716 1.90735e-07
      vertex -17.6287 233.84 3.2
      vertex -17.8237 233.716 3.2
    endloop
  endfacet
  facet normal 0.536595 -0.84384 0
    outer loop
      vertex -17.6287 233.84 3.2
      vertex -17.8237 233.716 1.90735e-07
      vertex -17.6287 233.84 1.90735e-07
    endloop
  endfacet
  facet normal 0.675254 -0.737585 0
    outer loop
      vertex -18.1775 233.419 1.90735e-07
      vertex -18.0071 233.575 3.2
      vertex -18.1775 233.419 3.2
    endloop
  endfacet
  facet normal 0.675254 -0.737585 0
    outer loop
      vertex -18.0071 233.575 3.2
      vertex -18.1775 233.419 1.90735e-07
      vertex -18.0071 233.575 1.90735e-07
    endloop
  endfacet
  facet normal -0.976299 -0.216427 0
    outer loop
      vertex -13.6939 232.005 1.90735e-07
      vertex -13.744 232.231 3.2
      vertex -13.744 232.231 1.90735e-07
    endloop
  endfacet
  facet normal -0.976299 -0.216427 0
    outer loop
      vertex -13.744 232.231 3.2
      vertex -13.6939 232.005 1.90735e-07
      vertex -13.6939 232.005 3.2
    endloop
  endfacet
  facet normal -0.738551 -0.674198 0
    outer loop
      vertex -14.2737 233.248 1.90735e-07
      vertex -14.4298 233.419 3.2
      vertex -14.4298 233.419 1.90735e-07
    endloop
  endfacet
  facet normal -0.738551 -0.674198 0
    outer loop
      vertex -14.4298 233.419 3.2
      vertex -14.2737 233.248 1.90735e-07
      vertex -14.2737 233.248 3.2
    endloop
  endfacet
  facet normal -0.924096 -0.382161 0
    outer loop
      vertex -13.8135 232.451 1.90735e-07
      vertex -13.902 232.665 3.2
      vertex -13.902 232.665 1.90735e-07
    endloop
  endfacet
  facet normal -0.924096 -0.382161 0
    outer loop
      vertex -13.902 232.665 3.2
      vertex -13.8135 232.451 1.90735e-07
      vertex -13.8135 232.451 3.2
    endloop
  endfacet
  facet normal -0.991472 -0.13032 0
    outer loop
      vertex -13.6638 231.776 1.90735e-07
      vertex -13.6939 232.005 3.2
      vertex -13.6939 232.005 1.90735e-07
    endloop
  endfacet
  facet normal -0.991472 -0.13032 0
    outer loop
      vertex -13.6939 232.005 3.2
      vertex -13.6638 231.776 1.90735e-07
      vertex -13.6638 231.776 3.2
    endloop
  endfacet
  facet normal -0.536595 -0.84384 0
    outer loop
      vertex -14.9787 233.84 1.90735e-07
      vertex -14.7837 233.716 3.2
      vertex -14.9787 233.84 3.2
    endloop
  endfacet
  facet normal -0.536595 -0.84384 -0
    outer loop
      vertex -14.7837 233.716 3.2
      vertex -14.9787 233.84 1.90735e-07
      vertex -14.7837 233.716 1.90735e-07
    endloop
  endfacet
  facet normal -0.216289 -0.976329 0
    outer loop
      vertex -15.8435 234.155 1.90735e-07
      vertex -15.6178 234.105 3.2
      vertex -15.8435 234.155 3.2
    endloop
  endfacet
  facet normal -0.216289 -0.976329 -0
    outer loop
      vertex -15.6178 234.105 3.2
      vertex -15.8435 234.155 1.90735e-07
      vertex -15.6178 234.105 1.90735e-07
    endloop
  endfacet
  facet normal -0.0432495 -0.999064 0
    outer loop
      vertex -16.3037 234.195 1.90735e-07
      vertex -16.0727 234.185 3.2
      vertex -16.3037 234.195 3.2
    endloop
  endfacet
  facet normal -0.0432495 -0.999064 -0
    outer loop
      vertex -16.0727 234.185 3.2
      vertex -16.3037 234.195 1.90735e-07
      vertex -16.0727 234.185 1.90735e-07
    endloop
  endfacet
  facet normal 0.999046 0.0436812 0
    outer loop
      vertex -18.9436 231.314 3.2
      vertex -18.9537 231.545 1.90735e-07
      vertex -18.9537 231.545 3.2
    endloop
  endfacet
  facet normal 0.999046 0.0436812 0
    outer loop
      vertex -18.9537 231.545 1.90735e-07
      vertex -18.9436 231.314 3.2
      vertex -18.9436 231.314 1.90735e-07
    endloop
  endfacet
  facet normal 0.0432682 0.999063 -0
    outer loop
      vertex -16.3037 228.895 1.90735e-07
      vertex -16.5346 228.905 3.2
      vertex -16.3037 228.895 3.2
    endloop
  endfacet
  facet normal 0.0432682 0.999063 0
    outer loop
      vertex -16.5346 228.905 3.2
      vertex -16.3037 228.895 1.90735e-07
      vertex -16.5346 228.905 1.90735e-07
    endloop
  endfacet
  facet normal 0.462536 0.8866 -0
    outer loop
      vertex -17.4236 229.143 1.90735e-07
      vertex -17.6287 229.25 3.2
      vertex -17.4236 229.143 3.2
    endloop
  endfacet
  facet normal 0.462536 0.8866 0
    outer loop
      vertex -17.6287 229.25 3.2
      vertex -17.4236 229.143 1.90735e-07
      vertex -17.6287 229.25 1.90735e-07
    endloop
  endfacet
  facet normal 0.609502 0.792785 -0
    outer loop
      vertex -17.8237 229.374 1.90735e-07
      vertex -18.0071 229.515 3.2
      vertex -17.8237 229.374 3.2
    endloop
  endfacet
  facet normal 0.609502 0.792785 0
    outer loop
      vertex -18.0071 229.515 3.2
      vertex -17.8237 229.374 1.90735e-07
      vertex -18.0071 229.515 1.90735e-07
    endloop
  endfacet
  facet normal 0.536595 0.84384 -0
    outer loop
      vertex -17.6287 229.25 1.90735e-07
      vertex -17.8237 229.374 3.2
      vertex -17.6287 229.25 3.2
    endloop
  endfacet
  facet normal 0.536595 0.84384 0
    outer loop
      vertex -17.8237 229.374 3.2
      vertex -17.6287 229.25 1.90735e-07
      vertex -17.8237 229.374 1.90735e-07
    endloop
  endfacet
  facet normal 0.738336 0.674433 0
    outer loop
      vertex -18.1775 229.671 3.2
      vertex -18.3337 229.842 1.90735e-07
      vertex -18.3337 229.842 3.2
    endloop
  endfacet
  facet normal 0.738336 0.674433 0
    outer loop
      vertex -18.3337 229.842 1.90735e-07
      vertex -18.1775 229.671 3.2
      vertex -18.1775 229.671 1.90735e-07
    endloop
  endfacet
  facet normal 0.792769 0.609522 0
    outer loop
      vertex -18.3337 229.842 3.2
      vertex -18.4744 230.025 1.90735e-07
      vertex -18.4744 230.025 3.2
    endloop
  endfacet
  facet normal 0.792769 0.609522 0
    outer loop
      vertex -18.4744 230.025 1.90735e-07
      vertex -18.3337 229.842 3.2
      vertex -18.3337 229.842 1.90735e-07
    endloop
  endfacet
  facet normal -0.216289 0.976329 0
    outer loop
      vertex -15.6178 228.985 1.90735e-07
      vertex -15.8435 228.935 3.2
      vertex -15.6178 228.985 3.2
    endloop
  endfacet
  facet normal -0.216289 0.976329 0
    outer loop
      vertex -15.8435 228.935 3.2
      vertex -15.6178 228.985 1.90735e-07
      vertex -15.8435 228.935 1.90735e-07
    endloop
  endfacet
  facet normal -0.675039 0.737782 0
    outer loop
      vertex -14.4298 229.671 1.90735e-07
      vertex -14.6003 229.515 3.2
      vertex -14.4298 229.671 3.2
    endloop
  endfacet
  facet normal -0.675039 0.737782 0
    outer loop
      vertex -14.6003 229.515 3.2
      vertex -14.4298 229.671 1.90735e-07
      vertex -14.6003 229.515 1.90735e-07
    endloop
  endfacet
  facet normal -0.609502 0.792785 0
    outer loop
      vertex -14.6003 229.515 1.90735e-07
      vertex -14.7837 229.374 3.2
      vertex -14.6003 229.515 3.2
    endloop
  endfacet
  facet normal -0.609502 0.792785 0
    outer loop
      vertex -14.7837 229.374 3.2
      vertex -14.6003 229.515 1.90735e-07
      vertex -14.7837 229.374 1.90735e-07
    endloop
  endfacet
  facet normal -0.536595 0.84384 0
    outer loop
      vertex -14.7837 229.374 1.90735e-07
      vertex -14.9787 229.25 3.2
      vertex -14.7837 229.374 3.2
    endloop
  endfacet
  facet normal -0.536595 0.84384 0
    outer loop
      vertex -14.9787 229.25 3.2
      vertex -14.7837 229.374 1.90735e-07
      vertex -14.9787 229.25 1.90735e-07
    endloop
  endfacet
  facet normal -0.302579 0.953124 0
    outer loop
      vertex -15.3973 229.055 1.90735e-07
      vertex -15.6178 228.985 3.2
      vertex -15.3973 229.055 3.2
    endloop
  endfacet
  facet normal -0.302579 0.953124 0
    outer loop
      vertex -15.6178 228.985 3.2
      vertex -15.3973 229.055 1.90735e-07
      vertex -15.6178 228.985 1.90735e-07
    endloop
  endfacet
  facet normal -0.129783 0.991542 0
    outer loop
      vertex -15.8435 228.935 1.90735e-07
      vertex -16.0727 228.905 3.2
      vertex -15.8435 228.935 3.2
    endloop
  endfacet
  facet normal -0.129783 0.991542 0
    outer loop
      vertex -16.0727 228.905 3.2
      vertex -15.8435 228.935 1.90735e-07
      vertex -16.0727 228.905 1.90735e-07
    endloop
  endfacet
  facet normal -0.88704 0.461693 0
    outer loop
      vertex -14.0087 230.22 1.90735e-07
      vertex -13.902 230.425 3.2
      vertex -13.902 230.425 1.90735e-07
    endloop
  endfacet
  facet normal -0.88704 0.461693 0
    outer loop
      vertex -13.902 230.425 3.2
      vertex -14.0087 230.22 1.90735e-07
      vertex -14.0087 230.22 3.2
    endloop
  endfacet
  facet normal -0.79256 0.609794 0
    outer loop
      vertex -14.2737 229.842 1.90735e-07
      vertex -14.1329 230.025 3.2
      vertex -14.1329 230.025 1.90735e-07
    endloop
  endfacet
  facet normal -0.79256 0.609794 0
    outer loop
      vertex -14.1329 230.025 3.2
      vertex -14.2737 229.842 1.90735e-07
      vertex -14.2737 229.842 3.2
    endloop
  endfacet
  facet normal -0.95355 0.301235 0
    outer loop
      vertex -13.8135 230.639 1.90735e-07
      vertex -13.744 230.859 3.2
      vertex -13.744 230.859 1.90735e-07
    endloop
  endfacet
  facet normal -0.95355 0.301235 0
    outer loop
      vertex -13.744 230.859 3.2
      vertex -13.8135 230.639 1.90735e-07
      vertex -13.8135 230.639 3.2
    endloop
  endfacet
  facet normal -0.999046 0.0436812 0
    outer loop
      vertex -13.6638 231.314 1.90735e-07
      vertex -13.6537 231.545 3.2
      vertex -13.6537 231.545 1.90735e-07
    endloop
  endfacet
  facet normal -0.999046 0.0436812 0
    outer loop
      vertex -13.6537 231.545 3.2
      vertex -13.6638 231.314 1.90735e-07
      vertex -13.6638 231.314 3.2
    endloop
  endfacet
  facet normal 0.97639 -0.216015 0
    outer loop
      vertex -18.9134 232.005 3.2
      vertex -18.8634 232.231 1.90735e-07
      vertex -18.8634 232.231 3.2
    endloop
  endfacet
  facet normal 0.97639 -0.216015 0
    outer loop
      vertex -18.8634 232.231 1.90735e-07
      vertex -18.9134 232.005 3.2
      vertex -18.9134 232.005 1.90735e-07
    endloop
  endfacet
  facet normal 0.924096 -0.382161 0
    outer loop
      vertex -18.7939 232.451 3.2
      vertex -18.7054 232.665 1.90735e-07
      vertex -18.7054 232.665 3.2
    endloop
  endfacet
  facet normal 0.924096 -0.382161 0
    outer loop
      vertex -18.7054 232.665 1.90735e-07
      vertex -18.7939 232.451 3.2
      vertex -18.7939 232.451 1.90735e-07
    endloop
  endfacet
  facet normal 0.843448 -0.537211 0
    outer loop
      vertex -18.5986 232.87 3.2
      vertex -18.4744 233.065 1.90735e-07
      vertex -18.4744 233.065 3.2
    endloop
  endfacet
  facet normal 0.843448 -0.537211 0
    outer loop
      vertex -18.4744 233.065 1.90735e-07
      vertex -18.5986 232.87 3.2
      vertex -18.5986 232.87 1.90735e-07
    endloop
  endfacet
  facet normal 0.0432682 -0.999063 0
    outer loop
      vertex -16.5346 234.185 1.90735e-07
      vertex -16.3037 234.195 3.2
      vertex -16.5346 234.185 3.2
    endloop
  endfacet
  facet normal 0.0432682 -0.999063 0
    outer loop
      vertex -16.3037 234.195 3.2
      vertex -16.5346 234.185 1.90735e-07
      vertex -16.3037 234.195 1.90735e-07
    endloop
  endfacet
  facet normal -0.95355 -0.301235 0
    outer loop
      vertex -13.744 232.231 1.90735e-07
      vertex -13.8135 232.451 3.2
      vertex -13.8135 232.451 1.90735e-07
    endloop
  endfacet
  facet normal -0.95355 -0.301235 0
    outer loop
      vertex -13.8135 232.451 3.2
      vertex -13.744 232.231 1.90735e-07
      vertex -13.744 232.231 3.2
    endloop
  endfacet
  facet normal -0.609502 -0.792785 0
    outer loop
      vertex -14.7837 233.716 1.90735e-07
      vertex -14.6003 233.575 3.2
      vertex -14.7837 233.716 3.2
    endloop
  endfacet
  facet normal -0.609502 -0.792785 -0
    outer loop
      vertex -14.6003 233.575 3.2
      vertex -14.7837 233.716 1.90735e-07
      vertex -14.6003 233.575 1.90735e-07
    endloop
  endfacet
  facet normal -0.462714 -0.886508 0
    outer loop
      vertex -15.1837 233.947 1.90735e-07
      vertex -14.9787 233.84 3.2
      vertex -15.1837 233.947 3.2
    endloop
  endfacet
  facet normal -0.462714 -0.886508 -0
    outer loop
      vertex -14.9787 233.84 3.2
      vertex -15.1837 233.947 1.90735e-07
      vertex -14.9787 233.84 1.90735e-07
    endloop
  endfacet
  facet normal -0.380924 -0.924606 0
    outer loop
      vertex -15.3973 234.035 1.90735e-07
      vertex -15.1837 233.947 3.2
      vertex -15.3973 234.035 3.2
    endloop
  endfacet
  facet normal -0.380924 -0.924606 -0
    outer loop
      vertex -15.1837 233.947 3.2
      vertex -15.3973 234.035 1.90735e-07
      vertex -15.1837 233.947 1.90735e-07
    endloop
  endfacet
  facet normal 0.129783 0.991542 -0
    outer loop
      vertex -16.5346 228.905 1.90735e-07
      vertex -16.7638 228.935 3.2
      vertex -16.5346 228.905 3.2
    endloop
  endfacet
  facet normal 0.129783 0.991542 0
    outer loop
      vertex -16.7638 228.935 3.2
      vertex -16.5346 228.905 1.90735e-07
      vertex -16.7638 228.935 1.90735e-07
    endloop
  endfacet
  facet normal 0.380924 0.924606 -0
    outer loop
      vertex -17.21 229.055 1.90735e-07
      vertex -17.4236 229.143 3.2
      vertex -17.21 229.055 3.2
    endloop
  endfacet
  facet normal 0.380924 0.924606 0
    outer loop
      vertex -17.4236 229.143 3.2
      vertex -17.21 229.055 1.90735e-07
      vertex -17.4236 229.143 1.90735e-07
    endloop
  endfacet
  facet normal 0.302579 0.953124 -0
    outer loop
      vertex -16.9895 228.985 1.90735e-07
      vertex -17.21 229.055 3.2
      vertex -16.9895 228.985 3.2
    endloop
  endfacet
  facet normal 0.302579 0.953124 0
    outer loop
      vertex -17.21 229.055 3.2
      vertex -16.9895 228.985 1.90735e-07
      vertex -17.21 229.055 1.90735e-07
    endloop
  endfacet
  facet normal 0.924096 0.382161 0
    outer loop
      vertex -18.7054 230.425 3.2
      vertex -18.7939 230.639 1.90735e-07
      vertex -18.7939 230.639 3.2
    endloop
  endfacet
  facet normal 0.924096 0.382161 0
    outer loop
      vertex -18.7939 230.639 1.90735e-07
      vertex -18.7054 230.425 3.2
      vertex -18.7054 230.425 1.90735e-07
    endloop
  endfacet
  facet normal 0.886862 0.462034 0
    outer loop
      vertex -18.5986 230.22 3.2
      vertex -18.7054 230.425 1.90735e-07
      vertex -18.7054 230.425 3.2
    endloop
  endfacet
  facet normal 0.886862 0.462034 0
    outer loop
      vertex -18.7054 230.425 1.90735e-07
      vertex -18.5986 230.22 3.2
      vertex -18.5986 230.22 1.90735e-07
    endloop
  endfacet
  facet normal 0.991416 0.130746 0
    outer loop
      vertex -18.9134 231.085 3.2
      vertex -18.9436 231.314 1.90735e-07
      vertex -18.9436 231.314 3.2
    endloop
  endfacet
  facet normal 0.991416 0.130746 0
    outer loop
      vertex -18.9436 231.314 1.90735e-07
      vertex -18.9134 231.085 3.2
      vertex -18.9134 231.085 1.90735e-07
    endloop
  endfacet
  facet normal -0.924096 0.382161 0
    outer loop
      vertex -13.902 230.425 1.90735e-07
      vertex -13.8135 230.639 3.2
      vertex -13.8135 230.639 1.90735e-07
    endloop
  endfacet
  facet normal -0.924096 0.382161 0
    outer loop
      vertex -13.8135 230.639 3.2
      vertex -13.902 230.425 1.90735e-07
      vertex -13.902 230.425 3.2
    endloop
  endfacet
  facet normal -0.843448 0.537211 0
    outer loop
      vertex -14.1329 230.025 1.90735e-07
      vertex -14.0087 230.22 3.2
      vertex -14.0087 230.22 1.90735e-07
    endloop
  endfacet
  facet normal -0.843448 0.537211 0
    outer loop
      vertex -14.0087 230.22 3.2
      vertex -14.1329 230.025 1.90735e-07
      vertex -14.1329 230.025 3.2
    endloop
  endfacet
  facet normal 0.216289 -0.976329 0
    outer loop
      vertex -16.9895 234.105 1.90735e-07
      vertex -16.7638 234.155 3.2
      vertex -16.9895 234.105 3.2
    endloop
  endfacet
  facet normal 0.216289 -0.976329 0
    outer loop
      vertex -16.7638 234.155 3.2
      vertex -16.9895 234.105 1.90735e-07
      vertex -16.7638 234.155 1.90735e-07
    endloop
  endfacet
  facet normal -0.843448 -0.537211 0
    outer loop
      vertex -14.0087 232.87 1.90735e-07
      vertex -14.1329 233.065 3.2
      vertex -14.1329 233.065 1.90735e-07
    endloop
  endfacet
  facet normal -0.843448 -0.537211 0
    outer loop
      vertex -14.1329 233.065 3.2
      vertex -14.0087 232.87 1.90735e-07
      vertex -14.0087 232.87 3.2
    endloop
  endfacet
  facet normal -0.302579 -0.953124 0
    outer loop
      vertex -15.6178 234.105 1.90735e-07
      vertex -15.3973 234.035 3.2
      vertex -15.6178 234.105 3.2
    endloop
  endfacet
  facet normal -0.302579 -0.953124 -0
    outer loop
      vertex -15.3973 234.035 3.2
      vertex -15.6178 234.105 1.90735e-07
      vertex -15.3973 234.035 1.90735e-07
    endloop
  endfacet
  facet normal 0.97639 0.216015 0
    outer loop
      vertex -18.8634 230.859 3.2
      vertex -18.9134 231.085 1.90735e-07
      vertex -18.9134 231.085 3.2
    endloop
  endfacet
  facet normal 0.97639 0.216015 0
    outer loop
      vertex -18.9134 231.085 1.90735e-07
      vertex -18.8634 230.859 3.2
      vertex -18.8634 230.859 1.90735e-07
    endloop
  endfacet
endsolid OpenSCAD_Model
