solid OpenSCAD_Model
  facet normal 0 0.130662 -0.991427
    outer loop
      vertex 84 304.523 -61.9772
      vertex 156 305.042 -61.9088
      vertex 156 304.523 -61.9772
    endloop
  endfacet
  facet normal 0 0.130662 -0.991427
    outer loop
      vertex 156 305.042 -61.9088
      vertex 84 304.523 -61.9772
      vertex 84 305.042 -61.9088
    endloop
  endfacet
  facet normal 0 0.0435533 -0.999051
    outer loop
      vertex 84 304 -62
      vertex 156 304.523 -61.9772
      vertex 156 304 -62
    endloop
  endfacet
  facet normal 0 0.0435533 -0.999051
    outer loop
      vertex 156 304.523 -61.9772
      vertex 84 304 -62
      vertex 84 304.523 -61.9772
    endloop
  endfacet
  facet normal 0 -0.991524 0.129921
    outer loop
      vertex 84 174.023 6.52293
      vertex 156 174.091 7.04189
      vertex 84 174.091 7.04189
    endloop
  endfacet
  facet normal 0 -0.991524 0.129921
    outer loop
      vertex 156 174.091 7.04189
      vertex 84 174.023 6.52293
      vertex 156 174.023 6.52293
    endloop
  endfacet
  facet normal -1 0 0
    outer loop
      vertex 84 215.365 -12.443
      vertex 84 205.041 1.48142
      vertex 84 205.048 1.62958
    endloop
  endfacet
  facet normal -1 0 0
    outer loop
      vertex 84 206.506 -13.218
      vertex 84 205.022 1.33438
      vertex 84 205.041 1.48142
    endloop
  endfacet
  facet normal -1 0 0
    outer loop
      vertex 84 206.506 -13.218
      vertex 84 204.99 1.18959
      vertex 84 205.022 1.33438
    endloop
  endfacet
  facet normal -1 0 0
    outer loop
      vertex 84 206.506 -13.218
      vertex 84 204.945 1.04815
      vertex 84 204.99 1.18959
    endloop
  endfacet
  facet normal -1 0 0
    outer loop
      vertex 84 206.506 -13.218
      vertex 84 204.888 0.911131
      vertex 84 204.945 1.04815
    endloop
  endfacet
  facet normal -1 0 0
    outer loop
      vertex 84 206.506 -13.218
      vertex 84 204.82 0.779582
      vertex 84 204.888 0.911131
    endloop
  endfacet
  facet normal -1 0 0
    outer loop
      vertex 84 206.506 -13.218
      vertex 84 204.74 0.654502
      vertex 84 204.82 0.779582
    endloop
  endfacet
  facet normal -1 0 0
    outer loop
      vertex 84 206.506 -13.218
      vertex 84 204.65 0.536843
      vertex 84 204.74 0.654502
    endloop
  endfacet
  facet normal -1 0 0
    outer loop
      vertex 84 206.506 -13.218
      vertex 84 204.55 0.427501
      vertex 84 204.65 0.536843
    endloop
  endfacet
  facet normal -1 0 0
    outer loop
      vertex 84 202.908 -0.0124912
      vertex 84 205.5 -13.7417
      vertex 84 204.544 -14.351
    endloop
  endfacet
  facet normal -1 0 0
    outer loop
      vertex 84 206.506 -13.218
      vertex 84 204.44 0.327307
      vertex 84 204.55 0.427501
    endloop
  endfacet
  facet normal -1 0 0
    outer loop
      vertex 84 206.506 -13.218
      vertex 84 204.323 0.237023
      vertex 84 204.44 0.327307
    endloop
  endfacet
  facet normal -1 0 0
    outer loop
      vertex 84 206.506 -13.218
      vertex 84 204.198 0.157339
      vertex 84 204.323 0.237023
    endloop
  endfacet
  facet normal -1 0 0
    outer loop
      vertex 84 206.506 -13.218
      vertex 84 204.066 0.0888586
      vertex 84 204.198 0.157339
    endloop
  endfacet
  facet normal -1 0 0
    outer loop
      vertex 84 206.506 -13.218
      vertex 84 203.929 0.0321045
      vertex 84 204.066 0.0888586
    endloop
  endfacet
  facet normal -1 0 0
    outer loop
      vertex 84 206.506 -13.218
      vertex 84 203.788 -0.0124912
      vertex 84 203.929 0.0321045
    endloop
  endfacet
  facet normal -1 0 0
    outer loop
      vertex 84 202.629 0.0888586
      vertex 84 204.544 -14.351
      vertex 84 203.644 -15.0414
    endloop
  endfacet
  facet normal -1 0 0
    outer loop
      vertex 84 206.506 -13.218
      vertex 84 203.643 -0.04459
      vertex 84 203.788 -0.0124912
    endloop
  endfacet
  facet normal -1 0 0
    outer loop
      vertex 84 206.506 -13.218
      vertex 84 203.496 -0.0639477
      vertex 84 203.643 -0.04459
    endloop
  endfacet
  facet normal -1 0 0
    outer loop
      vertex 84 206.506 -13.218
      vertex 84 203.348 -0.0704174
      vertex 84 203.496 -0.0639477
    endloop
  endfacet
  facet normal -1 0 0
    outer loop
      vertex 84 206.506 -13.218
      vertex 84 203.199 -0.0639477
      vertex 84 203.348 -0.0704174
    endloop
  endfacet
  facet normal -1 0 0
    outer loop
      vertex 84 205.5 -13.7417
      vertex 84 203.052 -0.04459
      vertex 84 203.199 -0.0639477
    endloop
  endfacet
  facet normal -1 0 0
    outer loop
      vertex 84 205.5 -13.7417
      vertex 84 202.908 -0.0124912
      vertex 84 203.052 -0.04459
    endloop
  endfacet
  facet normal -1 0 0
    outer loop
      vertex 84 202.372 0.237023
      vertex 84 203.644 -15.0414
      vertex 84 202.808 -15.8076
    endloop
  endfacet
  facet normal -1 0 0
    outer loop
      vertex 84 204.544 -14.351
      vertex 84 202.766 0.0321045
      vertex 84 202.908 -0.0124912
    endloop
  endfacet
  facet normal -1 0 0
    outer loop
      vertex 84 204.544 -14.351
      vertex 84 202.629 0.0888586
      vertex 84 202.766 0.0321045
    endloop
  endfacet
  facet normal -1 0 0
    outer loop
      vertex 84 203.644 -15.0414
      vertex 84 202.498 0.157339
      vertex 84 202.629 0.0888586
    endloop
  endfacet
  facet normal -1 0 0
    outer loop
      vertex 84 203.644 -15.0414
      vertex 84 202.372 0.237023
      vertex 84 202.498 0.157339
    endloop
  endfacet
  facet normal -1 0 0
    outer loop
      vertex 84 202.808 -15.8076
      vertex 84 202.255 0.327307
      vertex 84 202.372 0.237023
    endloop
  endfacet
  facet normal -1 0 0
    outer loop
      vertex 84 202.808 -15.8076
      vertex 84 202.145 0.427501
      vertex 84 202.255 0.327307
    endloop
  endfacet
  facet normal -1 0 0
    outer loop
      vertex 84 202.041 -16.6438
      vertex 84 202.145 0.427501
      vertex 84 202.808 -15.8076
    endloop
  endfacet
  facet normal -1 -0 0
    outer loop
      vertex 84 202.145 0.427501
      vertex 84 202.041 -16.6438
      vertex 84 202.045 0.536843
    endloop
  endfacet
  facet normal -1 0 0
    outer loop
      vertex 84 202.041 -16.6438
      vertex 84 201.955 0.654502
      vertex 84 202.045 0.536843
    endloop
  endfacet
  facet normal -1 0 0
    outer loop
      vertex 84 201.351 -17.5435
      vertex 84 201.955 0.654502
      vertex 84 202.041 -16.6438
    endloop
  endfacet
  facet normal -1 -0 0
    outer loop
      vertex 84 201.955 0.654502
      vertex 84 201.351 -17.5435
      vertex 84 201.875 0.779582
    endloop
  endfacet
  facet normal -1 0 0
    outer loop
      vertex 84 174 6
      vertex 84 201.875 0.779582
      vertex 84 201.351 -17.5435
    endloop
  endfacet
  facet normal -1 0 0
    outer loop
      vertex 84 201.875 0.779582
      vertex 84 174 6
      vertex 84 201.807 0.911131
    endloop
  endfacet
  facet normal -1 0 0
    outer loop
      vertex 84 201.807 0.911131
      vertex 84 174 6
      vertex 84 201.75 1.04815
    endloop
  endfacet
  facet normal -1 0 0
    outer loop
      vertex 84 201.75 1.04815
      vertex 84 174 6
      vertex 84 201.705 1.18959
    endloop
  endfacet
  facet normal -1 0 0
    outer loop
      vertex 84 201.705 1.18959
      vertex 84 174 6
      vertex 84 201.673 1.33438
    endloop
  endfacet
  facet normal -1 0 -0
    outer loop
      vertex 84 180 12
      vertex 84 201.673 1.33438
      vertex 84 174 6
    endloop
  endfacet
  facet normal -1 0 0
    outer loop
      vertex 84 304 -62
      vertex 84 310 -56
      vertex 84 309.977 -56.5229
    endloop
  endfacet
  facet normal -1 0 0
    outer loop
      vertex 84 310 -56
      vertex 84 248.25 -25
      vertex 84 310 6
    endloop
  endfacet
  facet normal -1 0 0
    outer loop
      vertex 84 304 -62
      vertex 84 309.977 -56.5229
      vertex 84 309.909 -57.0419
    endloop
  endfacet
  facet normal -1 0 0
    outer loop
      vertex 84 248.24 -24.769
      vertex 84 310 6
      vertex 84 248.25 -25
    endloop
  endfacet
  facet normal -1 0 0
    outer loop
      vertex 84 304 -62
      vertex 84 309.909 -57.0419
      vertex 84 309.796 -57.5529
    endloop
  endfacet
  facet normal -1 0 0
    outer loop
      vertex 84 248.21 -24.5398
      vertex 84 310 6
      vertex 84 248.24 -24.769
    endloop
  endfacet
  facet normal -1 0 0
    outer loop
      vertex 84 304 -62
      vertex 84 309.796 -57.5529
      vertex 84 309.638 -58.0521
    endloop
  endfacet
  facet normal -1 0 0
    outer loop
      vertex 84 248.16 -24.3141
      vertex 84 310 6
      vertex 84 248.21 -24.5398
    endloop
  endfacet
  facet normal -1 0 0
    outer loop
      vertex 84 304 -62
      vertex 84 309.638 -58.0521
      vertex 84 309.438 -58.5357
    endloop
  endfacet
  facet normal -1 0 0
    outer loop
      vertex 84 310 6
      vertex 84 304 12
      vertex 84 309.977 6.52293
    endloop
  endfacet
  facet normal -1 0 0
    outer loop
      vertex 84 304 -62
      vertex 84 309.438 -58.5357
      vertex 84 309.196 -59
    endloop
  endfacet
  facet normal -1 0 0
    outer loop
      vertex 84 309.977 6.52293
      vertex 84 304 12
      vertex 84 309.909 7.04189
    endloop
  endfacet
  facet normal -1 0 0
    outer loop
      vertex 84 304 -62
      vertex 84 309.196 -59
      vertex 84 308.915 -59.4415
    endloop
  endfacet
  facet normal -1 0 0
    outer loop
      vertex 84 309.796 7.55291
      vertex 84 304 12
      vertex 84 309.638 8.05212
    endloop
  endfacet
  facet normal -1 0 0
    outer loop
      vertex 84 304 -62
      vertex 84 308.915 -59.4415
      vertex 84 308.596 -59.8567
    endloop
  endfacet
  facet normal -1 0 0
    outer loop
      vertex 84 248.16 -25.6859
      vertex 84 310 -56
      vertex 84 304 -62
    endloop
  endfacet
  facet normal -1 0 0
    outer loop
      vertex 84 304 -62
      vertex 84 308.596 -59.8567
      vertex 84 308.243 -60.2426
    endloop
  endfacet
  facet normal -1 0 0
    outer loop
      vertex 84 309.438 8.53571
      vertex 84 304 12
      vertex 84 309.196 9
    endloop
  endfacet
  facet normal -1 0 0
    outer loop
      vertex 84 304 -62
      vertex 84 308.243 -60.2426
      vertex 84 307.857 -60.5963
    endloop
  endfacet
  facet normal -1 0 0
    outer loop
      vertex 84 308.915 9.44146
      vertex 84 304 12
      vertex 84 308.596 9.85672
    endloop
  endfacet
  facet normal -1 0 0
    outer loop
      vertex 84 304 -62
      vertex 84 307.857 -60.5963
      vertex 84 307.441 -60.9149
    endloop
  endfacet
  facet normal -1 0 0
    outer loop
      vertex 84 308.596 9.85672
      vertex 84 304 12
      vertex 84 308.243 10.2426
    endloop
  endfacet
  facet normal -1 0 0
    outer loop
      vertex 84 304 -62
      vertex 84 307.441 -60.9149
      vertex 84 307 -61.1962
    endloop
  endfacet
  facet normal -1 0 0
    outer loop
      vertex 84 308.243 10.2426
      vertex 84 304 12
      vertex 84 307.857 10.5963
    endloop
  endfacet
  facet normal -1 0 0
    outer loop
      vertex 84 304 -62
      vertex 84 307 -61.1962
      vertex 84 306.536 -61.4378
    endloop
  endfacet
  facet normal -1 0 0
    outer loop
      vertex 84 307.857 10.5963
      vertex 84 304 12
      vertex 84 307.441 10.9149
    endloop
  endfacet
  facet normal -1 0 0
    outer loop
      vertex 84 304 -62
      vertex 84 306.536 -61.4378
      vertex 84 306.052 -61.6382
    endloop
  endfacet
  facet normal -1 0 0
    outer loop
      vertex 84 307.441 10.9149
      vertex 84 304 12
      vertex 84 307 11.1962
    endloop
  endfacet
  facet normal -1 0 0
    outer loop
      vertex 84 304 -62
      vertex 84 306.052 -61.6382
      vertex 84 305.553 -61.7956
    endloop
  endfacet
  facet normal -1 0 0
    outer loop
      vertex 84 307 11.1962
      vertex 84 304 12
      vertex 84 306.536 11.4378
    endloop
  endfacet
  facet normal -1 0 0
    outer loop
      vertex 84 304 -62
      vertex 84 305.553 -61.7956
      vertex 84 305.042 -61.9088
    endloop
  endfacet
  facet normal -1 0 0
    outer loop
      vertex 84 306.536 11.4378
      vertex 84 304 12
      vertex 84 306.052 11.6382
    endloop
  endfacet
  facet normal -1 0 0
    outer loop
      vertex 84 304 -62
      vertex 84 305.042 -61.9088
      vertex 84 304.523 -61.9772
    endloop
  endfacet
  facet normal -1 0 0
    outer loop
      vertex 84 306.052 11.6382
      vertex 84 304 12
      vertex 84 305.553 11.7956
    endloop
  endfacet
  facet normal -1 0 0
    outer loop
      vertex 84 305.553 11.7956
      vertex 84 304 12
      vertex 84 305.042 11.9088
    endloop
  endfacet
  facet normal -1 0 0
    outer loop
      vertex 84 305.042 11.9088
      vertex 84 304 12
      vertex 84 304.523 11.9772
    endloop
  endfacet
  facet normal -1 0 0
    outer loop
      vertex 84 309.196 9
      vertex 84 304 12
      vertex 84 308.915 9.44146
    endloop
  endfacet
  facet normal -1 0 0
    outer loop
      vertex 84 310 -56
      vertex 84 248.24 -25.231
      vertex 84 248.25 -25
    endloop
  endfacet
  facet normal -1 0 0
    outer loop
      vertex 84 310 -56
      vertex 84 248.21 -25.4602
      vertex 84 248.24 -25.231
    endloop
  endfacet
  facet normal -1 0 0
    outer loop
      vertex 84 310 -56
      vertex 84 248.16 -25.6859
      vertex 84 248.21 -25.4602
    endloop
  endfacet
  facet normal -1 0 0
    outer loop
      vertex 84 304 -62
      vertex 84 248.09 -25.9064
      vertex 84 248.16 -25.6859
    endloop
  endfacet
  facet normal -1 0 0
    outer loop
      vertex 84 304 -62
      vertex 84 248.002 -26.1199
      vertex 84 248.09 -25.9064
    endloop
  endfacet
  facet normal -1 0 0
    outer loop
      vertex 84 304 -62
      vertex 84 247.895 -26.325
      vertex 84 248.002 -26.1199
    endloop
  endfacet
  facet normal -1 0 0
    outer loop
      vertex 84 304 -62
      vertex 84 247.771 -26.52
      vertex 84 247.895 -26.325
    endloop
  endfacet
  facet normal -1 0 0
    outer loop
      vertex 84 304 -62
      vertex 84 247.63 -26.7034
      vertex 84 247.771 -26.52
    endloop
  endfacet
  facet normal -1 0 0
    outer loop
      vertex 84 304 -62
      vertex 84 247.474 -26.8738
      vertex 84 247.63 -26.7034
    endloop
  endfacet
  facet normal -1 0 0
    outer loop
      vertex 84 304 -62
      vertex 84 247.303 -27.03
      vertex 84 247.474 -26.8738
    endloop
  endfacet
  facet normal -1 0 0
    outer loop
      vertex 84 304 -62
      vertex 84 247.12 -27.1708
      vertex 84 247.303 -27.03
    endloop
  endfacet
  facet normal -1 0 0
    outer loop
      vertex 84 240.022 -34.6276
      vertex 84 247.12 -27.1708
      vertex 84 304 -62
    endloop
  endfacet
  facet normal -1 0 -0
    outer loop
      vertex 84 240.102 -34.5025
      vertex 84 247.12 -27.1708
      vertex 84 240.022 -34.6276
    endloop
  endfacet
  facet normal -1 0 0
    outer loop
      vertex 84 247.12 -27.1708
      vertex 84 240.102 -34.5025
      vertex 84 246.925 -27.295
    endloop
  endfacet
  facet normal -1 0 -0
    outer loop
      vertex 84 240.17 -34.3709
      vertex 84 246.925 -27.295
      vertex 84 240.102 -34.5025
    endloop
  endfacet
  facet normal -1 0 0
    outer loop
      vertex 84 246.925 -27.295
      vertex 84 240.17 -34.3709
      vertex 84 246.72 -27.4017
    endloop
  endfacet
  facet normal -1 0 -0
    outer loop
      vertex 84 240.227 -34.2339
      vertex 84 246.72 -27.4017
      vertex 84 240.17 -34.3709
    endloop
  endfacet
  facet normal -1 0 -0
    outer loop
      vertex 84 240.272 -34.0925
      vertex 84 246.506 -27.4902
      vertex 84 240.227 -34.2339
    endloop
  endfacet
  facet normal -1 0 0
    outer loop
      vertex 84 246.506 -27.4902
      vertex 84 240.272 -34.0925
      vertex 84 246.286 -27.5597
    endloop
  endfacet
  facet normal -1 0 -0
    outer loop
      vertex 84 240.304 -33.9477
      vertex 84 246.286 -27.5597
      vertex 84 240.272 -34.0925
    endloop
  endfacet
  facet normal -1 0 0
    outer loop
      vertex 84 246.286 -27.5597
      vertex 84 240.304 -33.9477
      vertex 84 246.06 -27.6097
    endloop
  endfacet
  facet normal -1 0 0
    outer loop
      vertex 84 246.06 -27.6097
      vertex 84 240.323 -33.8006
      vertex 84 245.831 -27.6399
    endloop
  endfacet
  facet normal -1 0 -0
    outer loop
      vertex 84 240.33 -33.6525
      vertex 84 245.831 -27.6399
      vertex 84 240.323 -33.8006
    endloop
  endfacet
  facet normal -1 0 0
    outer loop
      vertex 84 245.831 -27.6399
      vertex 84 240.33 -33.6525
      vertex 84 245.6 -27.65
    endloop
  endfacet
  facet normal -1 -0 0
    outer loop
      vertex 84 244.08 -27.1708
      vertex 84 239.722 -32.3502
      vertex 84 243.897 -27.03
    endloop
  endfacet
  facet normal -1 0 0
    outer loop
      vertex 84 239.722 -32.3502
      vertex 84 244.08 -27.1708
      vertex 84 239.832 -32.4504
    endloop
  endfacet
  facet normal -1 -0 0
    outer loop
      vertex 84 244.275 -27.295
      vertex 84 239.832 -32.4504
      vertex 84 244.08 -27.1708
    endloop
  endfacet
  facet normal -1 0 0
    outer loop
      vertex 84 239.832 -32.4504
      vertex 84 244.275 -27.295
      vertex 84 239.932 -32.5597
    endloop
  endfacet
  facet normal -1 0 0
    outer loop
      vertex 84 239.932 -32.5597
      vertex 84 244.275 -27.295
      vertex 84 240.022 -32.6774
    endloop
  endfacet
  facet normal -1 -0 0
    outer loop
      vertex 84 244.48 -27.4017
      vertex 84 240.022 -32.6774
      vertex 84 244.275 -27.295
    endloop
  endfacet
  facet normal -1 0 0
    outer loop
      vertex 84 240.022 -32.6774
      vertex 84 244.48 -27.4017
      vertex 84 240.102 -32.8025
    endloop
  endfacet
  facet normal -1 -0 0
    outer loop
      vertex 84 244.694 -27.4902
      vertex 84 240.102 -32.8025
      vertex 84 244.48 -27.4017
    endloop
  endfacet
  facet normal -1 0 0
    outer loop
      vertex 84 240.102 -32.8025
      vertex 84 244.694 -27.4902
      vertex 84 240.17 -32.934
    endloop
  endfacet
  facet normal -1 -0 0
    outer loop
      vertex 84 244.914 -27.5597
      vertex 84 240.17 -32.934
      vertex 84 244.694 -27.4902
    endloop
  endfacet
  facet normal -1 0 0
    outer loop
      vertex 84 240.17 -32.934
      vertex 84 244.914 -27.5597
      vertex 84 240.227 -33.071
    endloop
  endfacet
  facet normal -1 -0 0
    outer loop
      vertex 84 245.14 -27.6097
      vertex 84 240.227 -33.071
      vertex 84 244.914 -27.5597
    endloop
  endfacet
  facet normal -1 0 0
    outer loop
      vertex 84 240.323 -33.5043
      vertex 84 245.6 -27.65
      vertex 84 240.33 -33.6525
    endloop
  endfacet
  facet normal -1 0 0
    outer loop
      vertex 84 240.227 -33.071
      vertex 84 245.14 -27.6097
      vertex 84 240.272 -33.2125
    endloop
  endfacet
  facet normal -1 -0 0
    outer loop
      vertex 84 245.369 -27.6399
      vertex 84 240.272 -33.2125
      vertex 84 245.14 -27.6097
    endloop
  endfacet
  facet normal -1 0 0
    outer loop
      vertex 84 240.272 -33.2125
      vertex 84 245.369 -27.6399
      vertex 84 240.304 -33.3573
    endloop
  endfacet
  facet normal -1 -0 0
    outer loop
      vertex 84 245.6 -27.65
      vertex 84 240.304 -33.3573
      vertex 84 245.369 -27.6399
    endloop
  endfacet
  facet normal -1 0 0
    outer loop
      vertex 84 240.304 -33.3573
      vertex 84 245.6 -27.65
      vertex 84 240.323 -33.5043
    endloop
  endfacet
  facet normal -1 0 -0
    outer loop
      vertex 84 240.323 -33.8006
      vertex 84 246.06 -27.6097
      vertex 84 240.304 -33.9477
    endloop
  endfacet
  facet normal -1 0 0
    outer loop
      vertex 84 246.72 -27.4017
      vertex 84 240.227 -34.2339
      vertex 84 246.506 -27.4902
    endloop
  endfacet
  facet normal -1 0 0
    outer loop
      vertex 84 304 -62
      vertex 84 239.932 -34.7452
      vertex 84 240.022 -34.6276
    endloop
  endfacet
  facet normal -1 0 0
    outer loop
      vertex 84 304 -62
      vertex 84 239.832 -34.8546
      vertex 84 239.932 -34.7452
    endloop
  endfacet
  facet normal -1 0 0
    outer loop
      vertex 84 304 -62
      vertex 84 239.722 -34.9548
      vertex 84 239.832 -34.8546
    endloop
  endfacet
  facet normal -1 0 0
    outer loop
      vertex 84 304 -62
      vertex 84 239.605 -35.045
      vertex 84 239.722 -34.9548
    endloop
  endfacet
  facet normal -1 0 0
    outer loop
      vertex 84 304 -62
      vertex 84 239.48 -35.1247
      vertex 84 239.605 -35.045
    endloop
  endfacet
  facet normal -1 0 0
    outer loop
      vertex 84 304 -62
      vertex 84 239.348 -35.1932
      vertex 84 239.48 -35.1247
    endloop
  endfacet
  facet normal -1 0 0
    outer loop
      vertex 84 304 -62
      vertex 84 239.211 -35.25
      vertex 84 239.348 -35.1932
    endloop
  endfacet
  facet normal -1 0 0
    outer loop
      vertex 84 304 -62
      vertex 84 239.07 -35.2945
      vertex 84 239.211 -35.25
    endloop
  endfacet
  facet normal -1 0 0
    outer loop
      vertex 84 304 -62
      vertex 84 238.925 -35.3266
      vertex 84 239.07 -35.2945
    endloop
  endfacet
  facet normal -1 0 0
    outer loop
      vertex 84 304 -62
      vertex 84 238.778 -35.346
      vertex 84 238.925 -35.3266
    endloop
  endfacet
  facet normal -1 0 0
    outer loop
      vertex 84 191.481 -62
      vertex 84 238.778 -35.346
      vertex 84 304 -62
    endloop
  endfacet
  facet normal -1 0 0
    outer loop
      vertex 84 238.778 -35.346
      vertex 84 191.481 -62
      vertex 84 238.63 -35.3525
    endloop
  endfacet
  facet normal -1 -0 0
    outer loop
      vertex 84 238.63 -35.3525
      vertex 84 191.481 -62
      vertex 84 238.481 -35.346
    endloop
  endfacet
  facet normal -1 -0 0
    outer loop
      vertex 84 238.481 -35.346
      vertex 84 191.481 -62
      vertex 84 238.334 -35.3266
    endloop
  endfacet
  facet normal -1 0 -0
    outer loop
      vertex 84 216.446 -37.216
      vertex 84 238.334 -35.3266
      vertex 84 191.481 -62
    endloop
  endfacet
  facet normal -1 0 0
    outer loop
      vertex 84 223.782 -30.494
      vertex 84 236.93 -33.6525
      vertex 84 236.936 -33.8006
    endloop
  endfacet
  facet normal -1 0 0
    outer loop
      vertex 84 223.258 -31.5
      vertex 84 236.936 -33.8006
      vertex 84 236.955 -33.9477
    endloop
  endfacet
  facet normal -1 0 0
    outer loop
      vertex 84 223.258 -31.5
      vertex 84 236.955 -33.9477
      vertex 84 236.988 -34.0925
    endloop
  endfacet
  facet normal -1 0 0
    outer loop
      vertex 84 222.649 -32.4565
      vertex 84 236.988 -34.0925
      vertex 84 237.032 -34.2339
    endloop
  endfacet
  facet normal -1 0 0
    outer loop
      vertex 84 222.649 -32.4565
      vertex 84 237.032 -34.2339
      vertex 84 237.089 -34.3709
    endloop
  endfacet
  facet normal -1 0 0
    outer loop
      vertex 84 221.959 -33.3562
      vertex 84 237.089 -34.3709
      vertex 84 237.157 -34.5025
    endloop
  endfacet
  facet normal -1 0 0
    outer loop
      vertex 84 221.959 -33.3562
      vertex 84 237.157 -34.5025
      vertex 84 237.237 -34.6276
    endloop
  endfacet
  facet normal -1 0 0
    outer loop
      vertex 84 221.192 -34.1924
      vertex 84 237.237 -34.6276
      vertex 84 237.327 -34.7452
    endloop
  endfacet
  facet normal -1 0 0
    outer loop
      vertex 84 221.192 -34.1924
      vertex 84 237.327 -34.7452
      vertex 84 237.428 -34.8546
    endloop
  endfacet
  facet normal -1 0 0
    outer loop
      vertex 84 220.356 -34.9586
      vertex 84 237.428 -34.8546
      vertex 84 237.537 -34.9548
    endloop
  endfacet
  facet normal -1 0 0
    outer loop
      vertex 84 236.93 -33.6525
      vertex 84 224.951 -26.133
      vertex 84 225 -25
    endloop
  endfacet
  facet normal -1 0 0
    outer loop
      vertex 84 220.356 -34.9586
      vertex 84 237.537 -34.9548
      vertex 84 237.654 -35.045
    endloop
  endfacet
  facet normal -1 0 0
    outer loop
      vertex 84 236.93 -33.6525
      vertex 84 224.803 -27.2574
      vertex 84 224.951 -26.133
    endloop
  endfacet
  facet normal -1 0 0
    outer loop
      vertex 84 219.456 -35.649
      vertex 84 237.654 -35.045
      vertex 84 237.78 -35.1247
    endloop
  endfacet
  facet normal -1 0 0
    outer loop
      vertex 84 236.93 -33.6525
      vertex 84 224.557 -28.3646
      vertex 84 224.803 -27.2574
    endloop
  endfacet
  facet normal -1 0 0
    outer loop
      vertex 84 219.456 -35.649
      vertex 84 237.78 -35.1247
      vertex 84 237.911 -35.1932
    endloop
  endfacet
  facet normal -1 0 0
    outer loop
      vertex 84 236.93 -33.6525
      vertex 84 224.216 -29.4463
      vertex 84 224.557 -28.3646
    endloop
  endfacet
  facet normal -1 0 0
    outer loop
      vertex 84 236.93 -33.6525
      vertex 84 223.782 -30.494
      vertex 84 224.216 -29.4463
    endloop
  endfacet
  facet normal -1 0 0
    outer loop
      vertex 84 218.5 -36.2583
      vertex 84 237.911 -35.1932
      vertex 84 238.048 -35.25
    endloop
  endfacet
  facet normal -1 -0 0
    outer loop
      vertex 84 238.334 -35.3266
      vertex 84 216.446 -37.216
      vertex 84 238.19 -35.2945
    endloop
  endfacet
  facet normal -1 0 0
    outer loop
      vertex 84 236.936 -33.8006
      vertex 84 223.258 -31.5
      vertex 84 223.782 -30.494
    endloop
  endfacet
  facet normal -1 0 0
    outer loop
      vertex 84 236.988 -34.0925
      vertex 84 222.649 -32.4565
      vertex 84 223.258 -31.5
    endloop
  endfacet
  facet normal -1 0 0
    outer loop
      vertex 84 237.089 -34.3709
      vertex 84 221.959 -33.3562
      vertex 84 222.649 -32.4565
    endloop
  endfacet
  facet normal -1 0 0
    outer loop
      vertex 84 237.237 -34.6276
      vertex 84 221.192 -34.1924
      vertex 84 221.959 -33.3562
    endloop
  endfacet
  facet normal -1 -0 0
    outer loop
      vertex 84 237.428 -34.8546
      vertex 84 220.356 -34.9586
      vertex 84 221.192 -34.1924
    endloop
  endfacet
  facet normal -1 -0 0
    outer loop
      vertex 84 237.654 -35.045
      vertex 84 219.456 -35.649
      vertex 84 220.356 -34.9586
    endloop
  endfacet
  facet normal -1 0 0
    outer loop
      vertex 84 237.911 -35.1932
      vertex 84 218.5 -36.2583
      vertex 84 219.456 -35.649
    endloop
  endfacet
  facet normal -1 0 0
    outer loop
      vertex 84 238.048 -35.25
      vertex 84 217.494 -36.782
      vertex 84 218.5 -36.2583
    endloop
  endfacet
  facet normal -1 0 -0
    outer loop
      vertex 84 217.494 -36.782
      vertex 84 238.19 -35.2945
      vertex 84 216.446 -37.216
    endloop
  endfacet
  facet normal -1 -0 0
    outer loop
      vertex 84 238.19 -35.2945
      vertex 84 217.494 -36.782
      vertex 84 238.048 -35.25
    endloop
  endfacet
  facet normal -1 0 0
    outer loop
      vertex 84 216.446 -37.216
      vertex 84 191.481 -62
      vertex 84 215.365 -37.557
    endloop
  endfacet
  facet normal -1 0 0
    outer loop
      vertex 84 215.365 -37.557
      vertex 84 191.481 -62
      vertex 84 214.257 -37.8025
    endloop
  endfacet
  facet normal -1 0 0
    outer loop
      vertex 84 214.257 -37.8025
      vertex 84 191.481 -62
      vertex 84 213.133 -37.9505
    endloop
  endfacet
  facet normal -1 0 0
    outer loop
      vertex 84 213.133 -37.9505
      vertex 84 191.481 -62
      vertex 84 212 -38
    endloop
  endfacet
  facet normal -1 0 0
    outer loop
      vertex 84 191.481 -56.8889
      vertex 84 212 -38
      vertex 84 191.481 -62
    endloop
  endfacet
  facet normal -1 -0 0
    outer loop
      vertex 84 212 -38
      vertex 84 191.481 -56.8889
      vertex 84 210.867 -37.9505
    endloop
  endfacet
  facet normal -1 -0 0
    outer loop
      vertex 84 199.443 -28.3646
      vertex 84 174 -56
      vertex 84 199.197 -27.2574
    endloop
  endfacet
  facet normal -1 -0 0
    outer loop
      vertex 84 199.784 -29.4463
      vertex 84 174 -56
      vertex 84 199.443 -28.3646
    endloop
  endfacet
  facet normal -1 -0 0
    outer loop
      vertex 84 200.218 -30.494
      vertex 84 174 -56
      vertex 84 199.784 -29.4463
    endloop
  endfacet
  facet normal -1 0 0
    outer loop
      vertex 84 174 -56
      vertex 84 200.218 -30.494
      vertex 84 191.481 -56.8889
    endloop
  endfacet
  facet normal -1 -0 0
    outer loop
      vertex 84 200.742 -31.5
      vertex 84 191.481 -56.8889
      vertex 84 200.218 -30.494
    endloop
  endfacet
  facet normal -1 -0 0
    outer loop
      vertex 84 201.351 -32.4565
      vertex 84 191.481 -56.8889
      vertex 84 200.742 -31.5
    endloop
  endfacet
  facet normal -1 -0 0
    outer loop
      vertex 84 202.041 -33.3562
      vertex 84 191.481 -56.8889
      vertex 84 201.351 -32.4565
    endloop
  endfacet
  facet normal -1 -0 0
    outer loop
      vertex 84 202.808 -34.1924
      vertex 84 191.481 -56.8889
      vertex 84 202.041 -33.3562
    endloop
  endfacet
  facet normal -1 -0 0
    outer loop
      vertex 84 203.644 -34.9586
      vertex 84 191.481 -56.8889
      vertex 84 202.808 -34.1924
    endloop
  endfacet
  facet normal -1 -0 0
    outer loop
      vertex 84 204.544 -35.649
      vertex 84 191.481 -56.8889
      vertex 84 203.644 -34.9586
    endloop
  endfacet
  facet normal -1 -0 0
    outer loop
      vertex 84 205.5 -36.2583
      vertex 84 191.481 -56.8889
      vertex 84 204.544 -35.649
    endloop
  endfacet
  facet normal -1 -0 0
    outer loop
      vertex 84 206.506 -36.782
      vertex 84 191.481 -56.8889
      vertex 84 205.5 -36.2583
    endloop
  endfacet
  facet normal -1 -0 0
    outer loop
      vertex 84 207.554 -37.216
      vertex 84 191.481 -56.8889
      vertex 84 206.506 -36.782
    endloop
  endfacet
  facet normal -1 -0 0
    outer loop
      vertex 84 208.635 -37.557
      vertex 84 191.481 -56.8889
      vertex 84 207.554 -37.216
    endloop
  endfacet
  facet normal -1 -0 0
    outer loop
      vertex 84 209.743 -37.8025
      vertex 84 191.481 -56.8889
      vertex 84 208.635 -37.557
    endloop
  endfacet
  facet normal -1 -0 0
    outer loop
      vertex 84 210.867 -37.9505
      vertex 84 191.481 -56.8889
      vertex 84 209.743 -37.8025
    endloop
  endfacet
  facet normal -1 0 0
    outer loop
      vertex 84 309.638 8.05212
      vertex 84 304 12
      vertex 84 309.438 8.53571
    endloop
  endfacet
  facet normal -1 0 0
    outer loop
      vertex 84 309.909 7.04189
      vertex 84 304 12
      vertex 84 309.796 7.55291
    endloop
  endfacet
  facet normal -1 -0 0
    outer loop
      vertex 84 310 6
      vertex 84 248.16 -24.3141
      vertex 84 304 12
    endloop
  endfacet
  facet normal -1 0 0
    outer loop
      vertex 84 248.09 -24.0936
      vertex 84 304 12
      vertex 84 248.16 -24.3141
    endloop
  endfacet
  facet normal -1 0 0
    outer loop
      vertex 84 248.002 -23.8801
      vertex 84 304 12
      vertex 84 248.09 -24.0936
    endloop
  endfacet
  facet normal -1 0 0
    outer loop
      vertex 84 247.895 -23.675
      vertex 84 304 12
      vertex 84 248.002 -23.8801
    endloop
  endfacet
  facet normal -1 0 0
    outer loop
      vertex 84 247.771 -23.48
      vertex 84 304 12
      vertex 84 247.895 -23.675
    endloop
  endfacet
  facet normal -1 0 0
    outer loop
      vertex 84 247.63 -23.2966
      vertex 84 304 12
      vertex 84 247.771 -23.48
    endloop
  endfacet
  facet normal -1 0 0
    outer loop
      vertex 84 247.474 -23.1262
      vertex 84 304 12
      vertex 84 247.63 -23.2966
    endloop
  endfacet
  facet normal -1 0 0
    outer loop
      vertex 84 247.303 -22.97
      vertex 84 304 12
      vertex 84 247.474 -23.1262
    endloop
  endfacet
  facet normal -1 0 0
    outer loop
      vertex 84 247.12 -22.8292
      vertex 84 304 12
      vertex 84 247.303 -22.97
    endloop
  endfacet
  facet normal -1 0 0
    outer loop
      vertex 84 246.925 -22.705
      vertex 84 304 12
      vertex 84 247.12 -22.8292
    endloop
  endfacet
  facet normal -1 0 0
    outer loop
      vertex 84 246.72 -22.5983
      vertex 84 304 12
      vertex 84 246.925 -22.705
    endloop
  endfacet
  facet normal -1 0 0
    outer loop
      vertex 84 246.506 -22.5098
      vertex 84 304 12
      vertex 84 246.72 -22.5983
    endloop
  endfacet
  facet normal -1 0 0
    outer loop
      vertex 84 246.286 -22.4403
      vertex 84 304 12
      vertex 84 246.506 -22.5098
    endloop
  endfacet
  facet normal -1 0 0
    outer loop
      vertex 84 246.06 -22.3903
      vertex 84 304 12
      vertex 84 246.286 -22.4403
    endloop
  endfacet
  facet normal -1 0 0
    outer loop
      vertex 84 245.831 -22.3601
      vertex 84 304 12
      vertex 84 246.06 -22.3903
    endloop
  endfacet
  facet normal -1 0 0
    outer loop
      vertex 84 204.82 2.47958
      vertex 84 245.831 -22.3601
      vertex 84 245.6 -22.35
    endloop
  endfacet
  facet normal -1 0 0
    outer loop
      vertex 84 219.456 -14.351
      vertex 84 245.6 -22.35
      vertex 84 245.369 -22.3601
    endloop
  endfacet
  facet normal -1 0 0
    outer loop
      vertex 84 220.356 -15.0414
      vertex 84 245.369 -22.3601
      vertex 84 245.14 -22.3903
    endloop
  endfacet
  facet normal -1 0 0
    outer loop
      vertex 84 221.192 -15.8076
      vertex 84 245.14 -22.3903
      vertex 84 244.914 -22.4403
    endloop
  endfacet
  facet normal -1 0 0
    outer loop
      vertex 84 221.192 -15.8076
      vertex 84 244.914 -22.4403
      vertex 84 244.694 -22.5098
    endloop
  endfacet
  facet normal -1 0 0
    outer loop
      vertex 84 221.959 -16.6438
      vertex 84 244.694 -22.5098
      vertex 84 244.48 -22.5983
    endloop
  endfacet
  facet normal -1 0 0
    outer loop
      vertex 84 222.649 -17.5435
      vertex 84 244.48 -22.5983
      vertex 84 244.275 -22.705
    endloop
  endfacet
  facet normal -1 0 0
    outer loop
      vertex 84 239.605 -32.2599
      vertex 84 243.897 -27.03
      vertex 84 239.722 -32.3502
    endloop
  endfacet
  facet normal -1 -0 0
    outer loop
      vertex 84 243.897 -27.03
      vertex 84 239.605 -32.2599
      vertex 84 243.726 -26.8738
    endloop
  endfacet
  facet normal -1 0 0
    outer loop
      vertex 84 239.48 -32.1802
      vertex 84 243.726 -26.8738
      vertex 84 239.605 -32.2599
    endloop
  endfacet
  facet normal -1 -0 0
    outer loop
      vertex 84 243.726 -26.8738
      vertex 84 239.48 -32.1802
      vertex 84 243.57 -26.7034
    endloop
  endfacet
  facet normal -1 0 0
    outer loop
      vertex 84 239.348 -32.1118
      vertex 84 243.57 -26.7034
      vertex 84 239.48 -32.1802
    endloop
  endfacet
  facet normal -1 -0 0
    outer loop
      vertex 84 243.57 -26.7034
      vertex 84 239.348 -32.1118
      vertex 84 243.429 -26.52
    endloop
  endfacet
  facet normal -1 0 0
    outer loop
      vertex 84 239.211 -32.055
      vertex 84 243.429 -26.52
      vertex 84 239.348 -32.1118
    endloop
  endfacet
  facet normal -1 0 0
    outer loop
      vertex 84 239.07 -32.0104
      vertex 84 243.429 -26.52
      vertex 84 239.211 -32.055
    endloop
  endfacet
  facet normal -1 -0 0
    outer loop
      vertex 84 243.429 -26.52
      vertex 84 239.07 -32.0104
      vertex 84 243.305 -26.325
    endloop
  endfacet
  facet normal -1 0 0
    outer loop
      vertex 84 238.925 -31.9783
      vertex 84 243.305 -26.325
      vertex 84 239.07 -32.0104
    endloop
  endfacet
  facet normal -1 -0 0
    outer loop
      vertex 84 243.305 -26.325
      vertex 84 238.925 -31.9783
      vertex 84 243.198 -26.1199
    endloop
  endfacet
  facet normal -1 0 0
    outer loop
      vertex 84 238.778 -31.9589
      vertex 84 243.198 -26.1199
      vertex 84 238.925 -31.9783
    endloop
  endfacet
  facet normal -1 -0 0
    outer loop
      vertex 84 243.198 -26.1199
      vertex 84 238.778 -31.9589
      vertex 84 243.11 -25.9064
    endloop
  endfacet
  facet normal -1 0 0
    outer loop
      vertex 84 238.63 -31.9525
      vertex 84 243.11 -25.9064
      vertex 84 238.778 -31.9589
    endloop
  endfacet
  facet normal -1 -0 0
    outer loop
      vertex 84 243.11 -25.9064
      vertex 84 238.63 -31.9525
      vertex 84 243.04 -25.6859
    endloop
  endfacet
  facet normal -1 0 0
    outer loop
      vertex 84 238.481 -31.9589
      vertex 84 243.04 -25.6859
      vertex 84 238.63 -31.9525
    endloop
  endfacet
  facet normal -1 -0 0
    outer loop
      vertex 84 243.04 -25.6859
      vertex 84 238.481 -31.9589
      vertex 84 242.99 -25.4602
    endloop
  endfacet
  facet normal -1 0 0
    outer loop
      vertex 84 238.334 -31.9783
      vertex 84 242.99 -25.4602
      vertex 84 238.481 -31.9589
    endloop
  endfacet
  facet normal -1 -0 0
    outer loop
      vertex 84 242.99 -25.4602
      vertex 84 238.334 -31.9783
      vertex 84 242.96 -25.231
    endloop
  endfacet
  facet normal -1 0 0
    outer loop
      vertex 84 238.19 -32.0104
      vertex 84 242.96 -25.231
      vertex 84 238.334 -31.9783
    endloop
  endfacet
  facet normal -1 -0 0
    outer loop
      vertex 84 242.96 -25.231
      vertex 84 238.19 -32.0104
      vertex 84 242.95 -25
    endloop
  endfacet
  facet normal -1 0 0
    outer loop
      vertex 84 238.048 -32.055
      vertex 84 242.95 -25
      vertex 84 238.19 -32.0104
    endloop
  endfacet
  facet normal -1 0 0
    outer loop
      vertex 84 237.911 -32.1118
      vertex 84 242.95 -25
      vertex 84 238.048 -32.055
    endloop
  endfacet
  facet normal -1 -0 0
    outer loop
      vertex 84 242.95 -25
      vertex 84 237.911 -32.1118
      vertex 84 242.96 -24.769
    endloop
  endfacet
  facet normal -1 0 0
    outer loop
      vertex 84 224.951 -23.867
      vertex 84 242.96 -24.769
      vertex 84 237.911 -32.1118
    endloop
  endfacet
  facet normal -1 0 0
    outer loop
      vertex 84 242.96 -24.769
      vertex 84 224.951 -23.867
      vertex 84 242.99 -24.5398
    endloop
  endfacet
  facet normal -1 0 0
    outer loop
      vertex 84 242.99 -24.5398
      vertex 84 224.951 -23.867
      vertex 84 243.04 -24.3141
    endloop
  endfacet
  facet normal -1 0 0
    outer loop
      vertex 84 224.803 -22.7426
      vertex 84 243.04 -24.3141
      vertex 84 224.951 -23.867
    endloop
  endfacet
  facet normal -1 0 0
    outer loop
      vertex 84 243.04 -24.3141
      vertex 84 224.803 -22.7426
      vertex 84 243.11 -24.0936
    endloop
  endfacet
  facet normal -1 0 0
    outer loop
      vertex 84 243.11 -24.0936
      vertex 84 224.803 -22.7426
      vertex 84 243.198 -23.8801
    endloop
  endfacet
  facet normal -1 0 0
    outer loop
      vertex 84 225 -25
      vertex 84 237.911 -32.1118
      vertex 84 237.78 -32.1802
    endloop
  endfacet
  facet normal -1 0 0
    outer loop
      vertex 84 225 -25
      vertex 84 237.78 -32.1802
      vertex 84 237.654 -32.2599
    endloop
  endfacet
  facet normal -1 0 0
    outer loop
      vertex 84 225 -25
      vertex 84 237.654 -32.2599
      vertex 84 237.537 -32.3502
    endloop
  endfacet
  facet normal -1 0 0
    outer loop
      vertex 84 225 -25
      vertex 84 237.537 -32.3502
      vertex 84 237.428 -32.4504
    endloop
  endfacet
  facet normal -1 0 0
    outer loop
      vertex 84 225 -25
      vertex 84 237.428 -32.4504
      vertex 84 237.327 -32.5597
    endloop
  endfacet
  facet normal -1 0 0
    outer loop
      vertex 84 225 -25
      vertex 84 237.327 -32.5597
      vertex 84 237.237 -32.6774
    endloop
  endfacet
  facet normal -1 0 0
    outer loop
      vertex 84 225 -25
      vertex 84 236.936 -33.5043
      vertex 84 236.93 -33.6525
    endloop
  endfacet
  facet normal -1 0 0
    outer loop
      vertex 84 225 -25
      vertex 84 236.955 -33.3573
      vertex 84 236.936 -33.5043
    endloop
  endfacet
  facet normal -1 0 0
    outer loop
      vertex 84 225 -25
      vertex 84 236.988 -33.2125
      vertex 84 236.955 -33.3573
    endloop
  endfacet
  facet normal -1 0 0
    outer loop
      vertex 84 225 -25
      vertex 84 237.032 -33.071
      vertex 84 236.988 -33.2125
    endloop
  endfacet
  facet normal -1 0 0
    outer loop
      vertex 84 225 -25
      vertex 84 237.089 -32.934
      vertex 84 237.032 -33.071
    endloop
  endfacet
  facet normal -1 0 0
    outer loop
      vertex 84 225 -25
      vertex 84 237.157 -32.8025
      vertex 84 237.089 -32.934
    endloop
  endfacet
  facet normal -1 0 0
    outer loop
      vertex 84 225 -25
      vertex 84 237.237 -32.6774
      vertex 84 237.157 -32.8025
    endloop
  endfacet
  facet normal -1 0 0
    outer loop
      vertex 84 237.911 -32.1118
      vertex 84 225 -25
      vertex 84 224.951 -23.867
    endloop
  endfacet
  facet normal -1 0 0
    outer loop
      vertex 84 224.557 -21.6354
      vertex 84 243.198 -23.8801
      vertex 84 224.803 -22.7426
    endloop
  endfacet
  facet normal -1 0 0
    outer loop
      vertex 84 243.198 -23.8801
      vertex 84 224.557 -21.6354
      vertex 84 243.305 -23.675
    endloop
  endfacet
  facet normal -1 0 0
    outer loop
      vertex 84 243.305 -23.675
      vertex 84 224.557 -21.6354
      vertex 84 243.429 -23.48
    endloop
  endfacet
  facet normal -1 0 0
    outer loop
      vertex 84 224.216 -20.5537
      vertex 84 243.429 -23.48
      vertex 84 224.557 -21.6354
    endloop
  endfacet
  facet normal -1 0 0
    outer loop
      vertex 84 243.429 -23.48
      vertex 84 224.216 -20.5537
      vertex 84 243.57 -23.2966
    endloop
  endfacet
  facet normal -1 0 0
    outer loop
      vertex 84 223.782 -19.506
      vertex 84 243.57 -23.2966
      vertex 84 224.216 -20.5537
    endloop
  endfacet
  facet normal -1 0 0
    outer loop
      vertex 84 243.57 -23.2966
      vertex 84 223.782 -19.506
      vertex 84 243.726 -23.1262
    endloop
  endfacet
  facet normal -1 0 0
    outer loop
      vertex 84 243.726 -23.1262
      vertex 84 223.782 -19.506
      vertex 84 243.897 -22.97
    endloop
  endfacet
  facet normal -1 0 0
    outer loop
      vertex 84 223.258 -18.5
      vertex 84 243.897 -22.97
      vertex 84 223.782 -19.506
    endloop
  endfacet
  facet normal -1 0 0
    outer loop
      vertex 84 243.897 -22.97
      vertex 84 223.258 -18.5
      vertex 84 244.08 -22.8292
    endloop
  endfacet
  facet normal -1 0 0
    outer loop
      vertex 84 244.08 -22.8292
      vertex 84 223.258 -18.5
      vertex 84 244.275 -22.705
    endloop
  endfacet
  facet normal -1 0 0
    outer loop
      vertex 84 222.649 -17.5435
      vertex 84 244.275 -22.705
      vertex 84 223.258 -18.5
    endloop
  endfacet
  facet normal -1 0 0
    outer loop
      vertex 84 244.48 -22.5983
      vertex 84 222.649 -17.5435
      vertex 84 221.959 -16.6438
    endloop
  endfacet
  facet normal -1 0 0
    outer loop
      vertex 84 244.694 -22.5098
      vertex 84 221.959 -16.6438
      vertex 84 221.192 -15.8076
    endloop
  endfacet
  facet normal -1 0 0
    outer loop
      vertex 84 245.14 -22.3903
      vertex 84 221.192 -15.8076
      vertex 84 220.356 -15.0414
    endloop
  endfacet
  facet normal -1 0 0
    outer loop
      vertex 84 245.369 -22.3601
      vertex 84 220.356 -15.0414
      vertex 84 219.456 -14.351
    endloop
  endfacet
  facet normal -1 0 0
    outer loop
      vertex 84 245.6 -22.35
      vertex 84 219.456 -14.351
      vertex 84 204.888 2.34803
    endloop
  endfacet
  facet normal -1 0 0
    outer loop
      vertex 84 204.888 2.34803
      vertex 84 219.456 -14.351
      vertex 84 218.5 -13.7417
    endloop
  endfacet
  facet normal -1 0 0
    outer loop
      vertex 84 204.945 2.21102
      vertex 84 218.5 -13.7417
      vertex 84 217.494 -13.218
    endloop
  endfacet
  facet normal -1 0 0
    outer loop
      vertex 84 205.022 1.92478
      vertex 84 217.494 -13.218
      vertex 84 216.446 -12.784
    endloop
  endfacet
  facet normal -1 0 0
    outer loop
      vertex 84 205.048 1.62958
      vertex 84 216.446 -12.784
      vertex 84 215.365 -12.443
    endloop
  endfacet
  facet normal -1 0 0
    outer loop
      vertex 84 205.041 1.48142
      vertex 84 215.365 -12.443
      vertex 84 214.257 -12.1975
    endloop
  endfacet
  facet normal -1 0 0
    outer loop
      vertex 84 205.041 1.48142
      vertex 84 214.257 -12.1975
      vertex 84 213.133 -12.0495
    endloop
  endfacet
  facet normal -1 0 0
    outer loop
      vertex 84 205.041 1.48142
      vertex 84 213.133 -12.0495
      vertex 84 212 -12
    endloop
  endfacet
  facet normal -1 0 0
    outer loop
      vertex 84 205.041 1.48142
      vertex 84 212 -12
      vertex 84 210.867 -12.0495
    endloop
  endfacet
  facet normal -1 0 0
    outer loop
      vertex 84 205.041 1.48142
      vertex 84 210.867 -12.0495
      vertex 84 209.743 -12.1975
    endloop
  endfacet
  facet normal -1 0 0
    outer loop
      vertex 84 205.041 1.48142
      vertex 84 209.743 -12.1975
      vertex 84 208.635 -12.443
    endloop
  endfacet
  facet normal -1 0 0
    outer loop
      vertex 84 203.199 -0.0639477
      vertex 84 206.506 -13.218
      vertex 84 205.5 -13.7417
    endloop
  endfacet
  facet normal -1 0 0
    outer loop
      vertex 84 205.041 1.48142
      vertex 84 207.554 -12.784
      vertex 84 206.506 -13.218
    endloop
  endfacet
  facet normal -1 0 0
    outer loop
      vertex 84 205.041 1.48142
      vertex 84 208.635 -12.443
      vertex 84 207.554 -12.784
    endloop
  endfacet
  facet normal -1 0 0
    outer loop
      vertex 84 216.446 -12.784
      vertex 84 205.048 1.62958
      vertex 84 205.041 1.77775
    endloop
  endfacet
  facet normal -1 0 0
    outer loop
      vertex 84 216.446 -12.784
      vertex 84 205.041 1.77775
      vertex 84 205.022 1.92478
    endloop
  endfacet
  facet normal -1 0 0
    outer loop
      vertex 84 217.494 -13.218
      vertex 84 205.022 1.92478
      vertex 84 204.99 2.06957
    endloop
  endfacet
  facet normal -1 0 0
    outer loop
      vertex 84 217.494 -13.218
      vertex 84 204.99 2.06957
      vertex 84 204.945 2.21102
    endloop
  endfacet
  facet normal -1 0 0
    outer loop
      vertex 84 218.5 -13.7417
      vertex 84 204.945 2.21102
      vertex 84 204.888 2.34803
    endloop
  endfacet
  facet normal -1 0 0
    outer loop
      vertex 84 245.6 -22.35
      vertex 84 204.888 2.34803
      vertex 84 204.82 2.47958
    endloop
  endfacet
  facet normal -1 0 0
    outer loop
      vertex 84 245.831 -22.3601
      vertex 84 204.82 2.47958
      vertex 84 204.74 2.60466
    endloop
  endfacet
  facet normal -1 0 0
    outer loop
      vertex 84 245.831 -22.3601
      vertex 84 204.74 2.60466
      vertex 84 304 12
    endloop
  endfacet
  facet normal -1 0 0
    outer loop
      vertex 84 204.65 2.72232
      vertex 84 304 12
      vertex 84 204.74 2.60466
    endloop
  endfacet
  facet normal -1 0 0
    outer loop
      vertex 84 204.55 2.83166
      vertex 84 304 12
      vertex 84 204.65 2.72232
    endloop
  endfacet
  facet normal -1 0 0
    outer loop
      vertex 84 204.44 2.93186
      vertex 84 304 12
      vertex 84 204.55 2.83166
    endloop
  endfacet
  facet normal -1 0 0
    outer loop
      vertex 84 204.323 3.02214
      vertex 84 304 12
      vertex 84 204.44 2.93186
    endloop
  endfacet
  facet normal -1 0 0
    outer loop
      vertex 84 204.198 3.10182
      vertex 84 304 12
      vertex 84 204.323 3.02214
    endloop
  endfacet
  facet normal -1 0 0
    outer loop
      vertex 84 204.066 3.17031
      vertex 84 304 12
      vertex 84 204.198 3.10182
    endloop
  endfacet
  facet normal -1 0 0
    outer loop
      vertex 84 203.929 3.22706
      vertex 84 304 12
      vertex 84 204.066 3.17031
    endloop
  endfacet
  facet normal -1 0 0
    outer loop
      vertex 84 203.788 3.27166
      vertex 84 304 12
      vertex 84 203.929 3.22706
    endloop
  endfacet
  facet normal -1 0 0
    outer loop
      vertex 84 180 12
      vertex 84 203.788 3.27166
      vertex 84 203.643 3.30375
    endloop
  endfacet
  facet normal -1 0 0
    outer loop
      vertex 84 180 12
      vertex 84 203.643 3.30375
      vertex 84 203.496 3.32311
    endloop
  endfacet
  facet normal -1 0 0
    outer loop
      vertex 84 180 12
      vertex 84 203.496 3.32311
      vertex 84 203.348 3.32958
    endloop
  endfacet
  facet normal -1 0 0
    outer loop
      vertex 84 180 12
      vertex 84 203.348 3.32958
      vertex 84 203.199 3.32311
    endloop
  endfacet
  facet normal -1 0 0
    outer loop
      vertex 84 174 6
      vertex 84 201.351 -17.5435
      vertex 84 200.742 -18.5
    endloop
  endfacet
  facet normal -1 0 0
    outer loop
      vertex 84 201.673 1.33438
      vertex 84 180 12
      vertex 84 201.654 1.48142
    endloop
  endfacet
  facet normal -1 0 0
    outer loop
      vertex 84 174 6
      vertex 84 200.742 -18.5
      vertex 84 200.218 -19.506
    endloop
  endfacet
  facet normal -1 0 0
    outer loop
      vertex 84 174 6
      vertex 84 200.218 -19.506
      vertex 84 199.784 -20.5537
    endloop
  endfacet
  facet normal -1 0 0
    outer loop
      vertex 84 174 6
      vertex 84 199.784 -20.5537
      vertex 84 199.443 -21.6354
    endloop
  endfacet
  facet normal -1 0 0
    outer loop
      vertex 84 174 6
      vertex 84 199.443 -21.6354
      vertex 84 199.197 -22.7426
    endloop
  endfacet
  facet normal -1 0 0
    outer loop
      vertex 84 174 6
      vertex 84 199.197 -22.7426
      vertex 84 199.049 -23.867
    endloop
  endfacet
  facet normal -1 -0 0
    outer loop
      vertex 84 199.197 -27.2574
      vertex 84 174 -56
      vertex 84 199.049 -26.133
    endloop
  endfacet
  facet normal -1 -0 0
    outer loop
      vertex 84 199.049 -26.133
      vertex 84 174 -56
      vertex 84 199 -25
    endloop
  endfacet
  facet normal -1 0 0
    outer loop
      vertex 84 174 6
      vertex 84 199 -25
      vertex 84 174 -56
    endloop
  endfacet
  facet normal -1 0 0
    outer loop
      vertex 84 199 -25
      vertex 84 174 6
      vertex 84 199.049 -23.867
    endloop
  endfacet
  facet normal -1 0 0
    outer loop
      vertex 84 203.788 3.27166
      vertex 84 180 12
      vertex 84 304 12
    endloop
  endfacet
  facet normal -1 0 0
    outer loop
      vertex 84 203.052 3.30375
      vertex 84 180 12
      vertex 84 203.199 3.32311
    endloop
  endfacet
  facet normal -1 0 0
    outer loop
      vertex 84 202.908 3.27166
      vertex 84 180 12
      vertex 84 203.052 3.30375
    endloop
  endfacet
  facet normal -1 0 0
    outer loop
      vertex 84 202.766 3.22706
      vertex 84 180 12
      vertex 84 202.908 3.27166
    endloop
  endfacet
  facet normal -1 0 0
    outer loop
      vertex 84 202.629 3.17031
      vertex 84 180 12
      vertex 84 202.766 3.22706
    endloop
  endfacet
  facet normal -1 0 0
    outer loop
      vertex 84 202.498 3.10182
      vertex 84 180 12
      vertex 84 202.629 3.17031
    endloop
  endfacet
  facet normal -1 0 0
    outer loop
      vertex 84 202.372 3.02214
      vertex 84 180 12
      vertex 84 202.498 3.10182
    endloop
  endfacet
  facet normal -1 0 0
    outer loop
      vertex 84 202.255 2.93186
      vertex 84 180 12
      vertex 84 202.372 3.02214
    endloop
  endfacet
  facet normal -1 0 0
    outer loop
      vertex 84 202.145 2.83166
      vertex 84 180 12
      vertex 84 202.255 2.93186
    endloop
  endfacet
  facet normal -1 0 0
    outer loop
      vertex 84 202.045 2.72232
      vertex 84 180 12
      vertex 84 202.145 2.83166
    endloop
  endfacet
  facet normal -1 0 0
    outer loop
      vertex 84 201.955 2.60466
      vertex 84 180 12
      vertex 84 202.045 2.72232
    endloop
  endfacet
  facet normal -1 0 0
    outer loop
      vertex 84 201.875 2.47958
      vertex 84 180 12
      vertex 84 201.955 2.60466
    endloop
  endfacet
  facet normal -1 0 0
    outer loop
      vertex 84 201.807 2.34803
      vertex 84 180 12
      vertex 84 201.875 2.47958
    endloop
  endfacet
  facet normal -1 0 0
    outer loop
      vertex 84 201.75 2.21102
      vertex 84 180 12
      vertex 84 201.807 2.34803
    endloop
  endfacet
  facet normal -1 0 0
    outer loop
      vertex 84 201.705 2.06957
      vertex 84 180 12
      vertex 84 201.75 2.21102
    endloop
  endfacet
  facet normal -1 0 0
    outer loop
      vertex 84 201.673 1.92478
      vertex 84 180 12
      vertex 84 201.705 2.06957
    endloop
  endfacet
  facet normal -1 0 0
    outer loop
      vertex 84 201.654 1.48142
      vertex 84 180 12
      vertex 84 201.648 1.62958
    endloop
  endfacet
  facet normal -1 0 0
    outer loop
      vertex 84 201.654 1.77775
      vertex 84 180 12
      vertex 84 201.673 1.92478
    endloop
  endfacet
  facet normal -1 0 0
    outer loop
      vertex 84 180 12
      vertex 84 174 6
      vertex 84 179.477 11.9772
    endloop
  endfacet
  facet normal -1 0 0
    outer loop
      vertex 84 179.477 11.9772
      vertex 84 174 6
      vertex 84 178.958 11.9088
    endloop
  endfacet
  facet normal -1 0 0
    outer loop
      vertex 84 178.958 11.9088
      vertex 84 174 6
      vertex 84 178.447 11.7956
    endloop
  endfacet
  facet normal -1 0 0
    outer loop
      vertex 84 178.447 11.7956
      vertex 84 174 6
      vertex 84 177.948 11.6382
    endloop
  endfacet
  facet normal -1 0 0
    outer loop
      vertex 84 177.948 11.6382
      vertex 84 174 6
      vertex 84 177.464 11.4378
    endloop
  endfacet
  facet normal -1 0 0
    outer loop
      vertex 84 177.464 11.4378
      vertex 84 174 6
      vertex 84 177 11.1962
    endloop
  endfacet
  facet normal -1 0 0
    outer loop
      vertex 84 177 11.1962
      vertex 84 174 6
      vertex 84 176.559 10.9149
    endloop
  endfacet
  facet normal -1 0 0
    outer loop
      vertex 84 176.559 10.9149
      vertex 84 174 6
      vertex 84 176.143 10.5963
    endloop
  endfacet
  facet normal -1 0 0
    outer loop
      vertex 84 176.143 10.5963
      vertex 84 174 6
      vertex 84 175.757 10.2426
    endloop
  endfacet
  facet normal -1 0 0
    outer loop
      vertex 84 175.757 10.2426
      vertex 84 174 6
      vertex 84 175.404 9.85672
    endloop
  endfacet
  facet normal -1 0 0
    outer loop
      vertex 84 175.404 9.85672
      vertex 84 174 6
      vertex 84 175.085 9.44146
    endloop
  endfacet
  facet normal -1 0 0
    outer loop
      vertex 84 175.085 9.44146
      vertex 84 174 6
      vertex 84 174.804 9
    endloop
  endfacet
  facet normal -1 0 0
    outer loop
      vertex 84 174.804 9
      vertex 84 174 6
      vertex 84 174.562 8.53571
    endloop
  endfacet
  facet normal -1 0 0
    outer loop
      vertex 84 174.562 8.53571
      vertex 84 174 6
      vertex 84 174.362 8.05212
    endloop
  endfacet
  facet normal -1 0 0
    outer loop
      vertex 84 174.362 8.05212
      vertex 84 174 6
      vertex 84 174.204 7.55291
    endloop
  endfacet
  facet normal -1 0 0
    outer loop
      vertex 84 174 -56
      vertex 84 191.481 -56.8889
      vertex 84 174.071 -56.8889
    endloop
  endfacet
  facet normal -1 0 0
    outer loop
      vertex 84 174 -56
      vertex 84 174.071 -56.8889
      vertex 84 174.023 -56.5229
    endloop
  endfacet
  facet normal -1 0 0
    outer loop
      vertex 84 201.648 1.62958
      vertex 84 180 12
      vertex 84 201.654 1.77775
    endloop
  endfacet
  facet normal -1 0 0
    outer loop
      vertex 84 174.204 7.55291
      vertex 84 174 6
      vertex 84 174.091 7.04189
    endloop
  endfacet
  facet normal -1 0 0
    outer loop
      vertex 84 174.091 7.04189
      vertex 84 174 6
      vertex 84 174.023 6.52293
    endloop
  endfacet
  facet normal 0 -0.999034 -0.043943
    outer loop
      vertex 84 174.023 -56.5229
      vertex 156 174 -56
      vertex 84 174 -56
    endloop
  endfacet
  facet normal 0 -0.999034 -0.043943
    outer loop
      vertex 156 174 -56
      vertex 84 174.023 -56.5229
      vertex 156 174.023 -56.5229
    endloop
  endfacet
  facet normal 0 -0.0435533 0.999051
    outer loop
      vertex 84 180 12
      vertex 156 179.477 11.9772
      vertex 156 180 12
    endloop
  endfacet
  facet normal 0 -0.0435533 0.999051
    outer loop
      vertex 156 179.477 11.9772
      vertex 84 180 12
      vertex 84 179.477 11.9772
    endloop
  endfacet
  facet normal -0 0 1
    outer loop
      vertex 84 304 12
      vertex 156 180 12
      vertex 156 304 12
    endloop
  endfacet
  facet normal 0 0 1
    outer loop
      vertex 156 180 12
      vertex 84 304 12
      vertex 84 180 12
    endloop
  endfacet
  facet normal 0 -0.0435533 -0.999051
    outer loop
      vertex 149 179.477 -61.9772
      vertex 156 180 -62
      vertex 156 179.477 -61.9772
    endloop
  endfacet
  facet normal -0 -0.0435533 -0.999051
    outer loop
      vertex 156 180 -62
      vertex 149 179.477 -61.9772
      vertex 149 180 -62
    endloop
  endfacet
  facet normal 1 0 0
    outer loop
      vertex 156 310 6
      vertex 156 306 4
      vertex 156 310 -56
    endloop
  endfacet
  facet normal 1 0 0
    outer loop
      vertex 156 310 -56
      vertex 156 306.142 -55.8126
      vertex 156 306.15 -56
    endloop
  endfacet
  facet normal 1 0 0
    outer loop
      vertex 156 306 4
      vertex 156 306.142 5.81261
      vertex 156 306.117 5.62666
    endloop
  endfacet
  facet normal 1 -0 0
    outer loop
      vertex 156 306 -54
      vertex 156 310 -56
      vertex 156 306 4
    endloop
  endfacet
  facet normal 1 0 0
    outer loop
      vertex 156 305.985 4.34862
      vertex 156 306.117 5.62666
      vertex 156 306.077 5.44354
    endloop
  endfacet
  facet normal 1 -0 0
    outer loop
      vertex 156 305.985 -54.3486
      vertex 156 310 -56
      vertex 156 306 -54
    endloop
  endfacet
  facet normal 1 0 0
    outer loop
      vertex 156 305.985 4.34862
      vertex 156 306.077 5.44354
      vertex 156 306.02 5.26466
    endloop
  endfacet
  facet normal 1 0 0
    outer loop
      vertex 156 310 -56
      vertex 156 306.117 -55.6267
      vertex 156 306.142 -55.8126
    endloop
  endfacet
  facet normal 1 -0 -0
    outer loop
      vertex 156 306.077 -55.4435
      vertex 156 310 -56
      vertex 156 305.985 -54.3486
    endloop
  endfacet
  facet normal 1 0 0
    outer loop
      vertex 156 306.117 5.62666
      vertex 156 305.985 4.34862
      vertex 156 306 4
    endloop
  endfacet
  facet normal 1 0 0
    outer loop
      vertex 156 305.939 4.69459
      vertex 156 306.02 5.26466
      vertex 156 305.949 5.09137
    endloop
  endfacet
  facet normal 1 0 0
    outer loop
      vertex 156 306.02 5.26466
      vertex 156 305.939 4.69459
      vertex 156 305.985 4.34862
    endloop
  endfacet
  facet normal 1 0 -0
    outer loop
      vertex 156 305.939 4.69459
      vertex 156 305.949 5.09137
      vertex 156 305.88 4.96029
    endloop
  endfacet
  facet normal 1 0 0
    outer loop
      vertex 156 306.15 6
      vertex 156 310 6
      vertex 156 309.977 6.52293
    endloop
  endfacet
  facet normal 1 0 0
    outer loop
      vertex 156 306.142 5.81261
      vertex 156 310 6
      vertex 156 306.15 6
    endloop
  endfacet
  facet normal 1 0 0
    outer loop
      vertex 156 306.142 6.18738
      vertex 156 309.977 6.52293
      vertex 156 309.909 7.04189
    endloop
  endfacet
  facet normal 1 0 0
    outer loop
      vertex 156 306 4
      vertex 156 310 6
      vertex 156 306.142 5.81261
    endloop
  endfacet
  facet normal 1 0 0
    outer loop
      vertex 156 306.117 6.37334
      vertex 156 309.909 7.04189
      vertex 156 309.796 7.55291
    endloop
  endfacet
  facet normal 1 0 0
    outer loop
      vertex 156 310 -56
      vertex 156 306.15 -56
      vertex 156 309.977 -56.5229
    endloop
  endfacet
  facet normal 1 0 0
    outer loop
      vertex 156 306.077 6.55646
      vertex 156 309.796 7.55291
      vertex 156 309.638 8.05212
    endloop
  endfacet
  facet normal 1 -0 0
    outer loop
      vertex 156 306.142 -56.1874
      vertex 156 309.977 -56.5229
      vertex 156 306.15 -56
    endloop
  endfacet
  facet normal 1 0 0
    outer loop
      vertex 156 306.02 6.73534
      vertex 156 309.638 8.05212
      vertex 156 309.438 8.53571
    endloop
  endfacet
  facet normal 1 0 0
    outer loop
      vertex 156 309.977 -56.5229
      vertex 156 306.142 -56.1874
      vertex 156 309.909 -57.0419
    endloop
  endfacet
  facet normal 1 0 0
    outer loop
      vertex 156 305.949 6.90863
      vertex 156 309.438 8.53571
      vertex 156 309.196 9
    endloop
  endfacet
  facet normal 1 -0 0
    outer loop
      vertex 156 306.117 -56.3733
      vertex 156 309.909 -57.0419
      vertex 156 306.142 -56.1874
    endloop
  endfacet
  facet normal 1 0 0
    outer loop
      vertex 156 305.862 7.075
      vertex 156 309.196 9
      vertex 156 308.915 9.44146
    endloop
  endfacet
  facet normal 1 0 0
    outer loop
      vertex 156 309.909 -57.0419
      vertex 156 306.117 -56.3733
      vertex 156 309.796 -57.5529
    endloop
  endfacet
  facet normal 1 0 0
    outer loop
      vertex 156 305.761 7.23319
      vertex 156 308.915 9.44146
      vertex 156 308.596 9.85672
    endloop
  endfacet
  facet normal 1 -0 0
    outer loop
      vertex 156 306.077 -56.5565
      vertex 156 309.796 -57.5529
      vertex 156 306.117 -56.3733
    endloop
  endfacet
  facet normal 1 0 0
    outer loop
      vertex 156 305.647 7.38199
      vertex 156 308.596 9.85672
      vertex 156 308.243 10.2426
    endloop
  endfacet
  facet normal 1 0 0
    outer loop
      vertex 156 309.796 -57.5529
      vertex 156 306.077 -56.5565
      vertex 156 309.638 -58.0521
    endloop
  endfacet
  facet normal 1 0 0
    outer loop
      vertex 156 305.52 7.52028
      vertex 156 308.243 10.2426
      vertex 156 307.857 10.5963
    endloop
  endfacet
  facet normal 1 -0 0
    outer loop
      vertex 156 306.02 -56.7353
      vertex 156 309.638 -58.0521
      vertex 156 306.077 -56.5565
    endloop
  endfacet
  facet normal 1 0 0
    outer loop
      vertex 156 305.382 7.647
      vertex 156 307.857 10.5963
      vertex 156 307.441 10.9149
    endloop
  endfacet
  facet normal 1 0 0
    outer loop
      vertex 156 309.638 -58.0521
      vertex 156 306.02 -56.7353
      vertex 156 309.438 -58.5357
    endloop
  endfacet
  facet normal 1 0 0
    outer loop
      vertex 156 305.233 7.76118
      vertex 156 307.441 10.9149
      vertex 156 307 11.1962
    endloop
  endfacet
  facet normal 1 -0 0
    outer loop
      vertex 156 305.949 -56.9086
      vertex 156 309.438 -58.5357
      vertex 156 306.02 -56.7353
    endloop
  endfacet
  facet normal 1 0 0
    outer loop
      vertex 156 305.075 7.86195
      vertex 156 307 11.1962
      vertex 156 306.536 11.4378
    endloop
  endfacet
  facet normal 1 0 0
    outer loop
      vertex 156 309.438 -58.5357
      vertex 156 305.949 -56.9086
      vertex 156 309.196 -59
    endloop
  endfacet
  facet normal 1 -0 0
    outer loop
      vertex 156 305.862 -57.075
      vertex 156 309.196 -59
      vertex 156 305.949 -56.9086
    endloop
  endfacet
  facet normal 1 0 0
    outer loop
      vertex 156 309.977 6.52293
      vertex 156 306.142 6.18738
      vertex 156 306.15 6
    endloop
  endfacet
  facet normal 1 0 0
    outer loop
      vertex 156 309.909 7.04189
      vertex 156 306.117 6.37334
      vertex 156 306.142 6.18738
    endloop
  endfacet
  facet normal 1 0 0
    outer loop
      vertex 156 309.796 7.55291
      vertex 156 306.077 6.55646
      vertex 156 306.117 6.37334
    endloop
  endfacet
  facet normal 1 0 0
    outer loop
      vertex 156 304.909 7.94856
      vertex 156 306.536 11.4378
      vertex 156 306.052 11.6382
    endloop
  endfacet
  facet normal 1 0 0
    outer loop
      vertex 156 309.638 8.05212
      vertex 156 306.02 6.73534
      vertex 156 306.077 6.55646
    endloop
  endfacet
  facet normal 1 0 0
    outer loop
      vertex 156 309.438 8.53571
      vertex 156 305.949 6.90863
      vertex 156 306.02 6.73534
    endloop
  endfacet
  facet normal 1 0 0
    outer loop
      vertex 156 309.196 9
      vertex 156 305.862 7.075
      vertex 156 305.949 6.90863
    endloop
  endfacet
  facet normal 1 0 0
    outer loop
      vertex 156 308.915 9.44146
      vertex 156 305.761 7.23319
      vertex 156 305.862 7.075
    endloop
  endfacet
  facet normal 1 0 0
    outer loop
      vertex 156 308.596 9.85672
      vertex 156 305.647 7.38199
      vertex 156 305.761 7.23319
    endloop
  endfacet
  facet normal 1 0 0
    outer loop
      vertex 156 304.735 8.02034
      vertex 156 306.052 11.6382
      vertex 156 305.553 11.7956
    endloop
  endfacet
  facet normal 1 0 0
    outer loop
      vertex 156 308.243 10.2426
      vertex 156 305.52 7.52028
      vertex 156 305.647 7.38199
    endloop
  endfacet
  facet normal 1 0 0
    outer loop
      vertex 156 307.857 10.5963
      vertex 156 305.382 7.647
      vertex 156 305.52 7.52028
    endloop
  endfacet
  facet normal 1 0 0
    outer loop
      vertex 156 307.441 10.9149
      vertex 156 305.233 7.76118
      vertex 156 305.382 7.647
    endloop
  endfacet
  facet normal 1 0 0
    outer loop
      vertex 156 307 11.1962
      vertex 156 305.075 7.86195
      vertex 156 305.233 7.76118
    endloop
  endfacet
  facet normal 1 0 0
    outer loop
      vertex 156 304.556 8.07674
      vertex 156 305.553 11.7956
      vertex 156 305.042 11.9088
    endloop
  endfacet
  facet normal 1 0 0
    outer loop
      vertex 156 306.536 11.4378
      vertex 156 304.909 7.94856
      vertex 156 305.075 7.86195
    endloop
  endfacet
  facet normal 1 0 0
    outer loop
      vertex 156 306.052 11.6382
      vertex 156 304.735 8.02034
      vertex 156 304.909 7.94856
    endloop
  endfacet
  facet normal 1 0 0
    outer loop
      vertex 156 305.553 11.7956
      vertex 156 304.556 8.07674
      vertex 156 304.735 8.02034
    endloop
  endfacet
  facet normal 1 0 0
    outer loop
      vertex 156 304.373 8.11734
      vertex 156 305.042 11.9088
      vertex 156 304.523 11.9772
    endloop
  endfacet
  facet normal 1 0 0
    outer loop
      vertex 156 305.042 11.9088
      vertex 156 304.373 8.11734
      vertex 156 304.556 8.07674
    endloop
  endfacet
  facet normal 1 0 0
    outer loop
      vertex 156 304.523 11.9772
      vertex 156 304.187 8.14182
      vertex 156 304.373 8.11734
    endloop
  endfacet
  facet normal 1 0 0
    outer loop
      vertex 156 304 12
      vertex 156 304.187 8.14182
      vertex 156 304.523 11.9772
    endloop
  endfacet
  facet normal 1 0 0
    outer loop
      vertex 156 304 12
      vertex 156 304 8.15
      vertex 156 304.187 8.14182
    endloop
  endfacet
  facet normal 1 0 0
    outer loop
      vertex 156 304 12
      vertex 156 303.813 8.14182
      vertex 156 304 8.15
    endloop
  endfacet
  facet normal 1 0 0
    outer loop
      vertex 156 304 12
      vertex 156 303.627 8.11734
      vertex 156 303.813 8.14182
    endloop
  endfacet
  facet normal 1 0 0
    outer loop
      vertex 156 304 12
      vertex 156 303.444 8.07674
      vertex 156 303.627 8.11734
    endloop
  endfacet
  facet normal 1 0 0
    outer loop
      vertex 156 302.349 7.98478
      vertex 156 303.444 8.07674
      vertex 156 304 12
    endloop
  endfacet
  facet normal 1 0 0
    outer loop
      vertex 156 303.444 8.07674
      vertex 156 302.349 7.98478
      vertex 156 303.265 8.02034
    endloop
  endfacet
  facet normal 1 0 0
    outer loop
      vertex 156 303.265 8.02034
      vertex 156 302.695 7.93923
      vertex 156 303.091 7.94856
    endloop
  endfacet
  facet normal 1 0 0
    outer loop
      vertex 156 303.091 7.94856
      vertex 156 302.695 7.93923
      vertex 156 302.96 7.88033
    endloop
  endfacet
  facet normal 1 0 0
    outer loop
      vertex 156 303.265 8.02034
      vertex 156 302.349 7.98478
      vertex 156 302.695 7.93923
    endloop
  endfacet
  facet normal 1 0 0
    outer loop
      vertex 156 304 12
      vertex 156 302 8
      vertex 156 302.349 7.98478
    endloop
  endfacet
  facet normal 1 0 0
    outer loop
      vertex 156 304 12
      vertex 156 182 8
      vertex 156 302 8
    endloop
  endfacet
  facet normal 1 0 0
    outer loop
      vertex 156 181.305 7.93923
      vertex 156 180.909 7.94856
      vertex 156 181.04 7.88033
    endloop
  endfacet
  facet normal 1 0 0
    outer loop
      vertex 156 180.735 8.02034
      vertex 156 181.305 7.93923
      vertex 156 181.651 7.98478
    endloop
  endfacet
  facet normal 1 0 0
    outer loop
      vertex 156 181.305 7.93923
      vertex 156 180.735 8.02034
      vertex 156 180.909 7.94856
    endloop
  endfacet
  facet normal 1 0 0
    outer loop
      vertex 156 180 12
      vertex 156 181.651 7.98478
      vertex 156 182 8
    endloop
  endfacet
  facet normal 1 -0 0
    outer loop
      vertex 156 180 12
      vertex 156 182 8
      vertex 156 304 12
    endloop
  endfacet
  facet normal 1 -0 -0
    outer loop
      vertex 156 180.556 8.07674
      vertex 156 181.651 7.98478
      vertex 156 180 12
    endloop
  endfacet
  facet normal 1 0 0
    outer loop
      vertex 156 181.651 7.98478
      vertex 156 180.556 8.07674
      vertex 156 180.735 8.02034
    endloop
  endfacet
  facet normal 1 0 0
    outer loop
      vertex 156 180.556 8.07674
      vertex 156 180 12
      vertex 156 180.373 8.11734
    endloop
  endfacet
  facet normal 1 0 0
    outer loop
      vertex 156 180.373 8.11734
      vertex 156 180 12
      vertex 156 180.187 8.14182
    endloop
  endfacet
  facet normal 1 0 0
    outer loop
      vertex 156 180 12
      vertex 156 180 8.15
      vertex 156 180.187 8.14182
    endloop
  endfacet
  facet normal 1 0 0
    outer loop
      vertex 156 180 12
      vertex 156 179.813 8.14182
      vertex 156 180 8.15
    endloop
  endfacet
  facet normal 1 -0 0
    outer loop
      vertex 156 179.477 11.9772
      vertex 156 179.813 8.14182
      vertex 156 180 12
    endloop
  endfacet
  facet normal 1 0 0
    outer loop
      vertex 156 179.813 8.14182
      vertex 156 179.477 11.9772
      vertex 156 179.627 8.11734
    endloop
  endfacet
  facet normal 1 -0 0
    outer loop
      vertex 156 178.958 11.9088
      vertex 156 179.627 8.11734
      vertex 156 179.477 11.9772
    endloop
  endfacet
  facet normal 1 0 0
    outer loop
      vertex 156 179.627 8.11734
      vertex 156 178.958 11.9088
      vertex 156 179.444 8.07674
    endloop
  endfacet
  facet normal 1 -0 0
    outer loop
      vertex 156 178.447 11.7956
      vertex 156 179.444 8.07674
      vertex 156 178.958 11.9088
    endloop
  endfacet
  facet normal 1 0 0
    outer loop
      vertex 156 179.444 8.07674
      vertex 156 178.447 11.7956
      vertex 156 179.265 8.02034
    endloop
  endfacet
  facet normal 1 -0 0
    outer loop
      vertex 156 177.948 11.6382
      vertex 156 179.265 8.02034
      vertex 156 178.447 11.7956
    endloop
  endfacet
  facet normal 1 0 0
    outer loop
      vertex 156 179.265 8.02034
      vertex 156 177.948 11.6382
      vertex 156 179.091 7.94856
    endloop
  endfacet
  facet normal 1 -0 0
    outer loop
      vertex 156 177.464 11.4378
      vertex 156 179.091 7.94856
      vertex 156 177.948 11.6382
    endloop
  endfacet
  facet normal 1 0 0
    outer loop
      vertex 156 179.091 7.94856
      vertex 156 177.464 11.4378
      vertex 156 178.925 7.86195
    endloop
  endfacet
  facet normal 1 -0 0
    outer loop
      vertex 156 177 11.1962
      vertex 156 178.925 7.86195
      vertex 156 177.464 11.4378
    endloop
  endfacet
  facet normal 1 0 0
    outer loop
      vertex 156 178.925 7.86195
      vertex 156 177 11.1962
      vertex 156 178.767 7.76118
    endloop
  endfacet
  facet normal 1 -0 0
    outer loop
      vertex 156 176.559 10.9149
      vertex 156 178.767 7.76118
      vertex 156 177 11.1962
    endloop
  endfacet
  facet normal 1 0 0
    outer loop
      vertex 156 178.767 7.76118
      vertex 156 176.559 10.9149
      vertex 156 178.618 7.647
    endloop
  endfacet
  facet normal 1 -0 0
    outer loop
      vertex 156 176.143 10.5963
      vertex 156 178.618 7.647
      vertex 156 176.559 10.9149
    endloop
  endfacet
  facet normal 1 0 0
    outer loop
      vertex 156 178.618 7.647
      vertex 156 176.143 10.5963
      vertex 156 178.48 7.52028
    endloop
  endfacet
  facet normal 1 -0 0
    outer loop
      vertex 156 175.757 10.2426
      vertex 156 178.48 7.52028
      vertex 156 176.143 10.5963
    endloop
  endfacet
  facet normal 1 0 0
    outer loop
      vertex 156 178.48 7.52028
      vertex 156 175.757 10.2426
      vertex 156 178.353 7.38199
    endloop
  endfacet
  facet normal 1 -0 0
    outer loop
      vertex 156 175.404 9.85672
      vertex 156 178.353 7.38199
      vertex 156 175.757 10.2426
    endloop
  endfacet
  facet normal 1 0 0
    outer loop
      vertex 156 178.353 7.38199
      vertex 156 175.404 9.85672
      vertex 156 178.239 7.23319
    endloop
  endfacet
  facet normal 1 -0 0
    outer loop
      vertex 156 175.085 9.44146
      vertex 156 178.239 7.23319
      vertex 156 175.404 9.85672
    endloop
  endfacet
  facet normal 1 0 0
    outer loop
      vertex 156 174 -56
      vertex 156 178 -54
      vertex 156 174 6
    endloop
  endfacet
  facet normal 1 0 0
    outer loop
      vertex 156 178.239 7.23319
      vertex 156 175.085 9.44146
      vertex 156 178.138 7.075
    endloop
  endfacet
  facet normal 1 0 0
    outer loop
      vertex 156 309.196 -59
      vertex 156 305.862 -57.075
      vertex 156 308.915 -59.4415
    endloop
  endfacet
  facet normal 1 -0 0
    outer loop
      vertex 156 305.761 -57.2332
      vertex 156 308.915 -59.4415
      vertex 156 305.862 -57.075
    endloop
  endfacet
  facet normal 1 0 0
    outer loop
      vertex 156 308.915 -59.4415
      vertex 156 305.761 -57.2332
      vertex 156 308.596 -59.8567
    endloop
  endfacet
  facet normal 1 -0 0
    outer loop
      vertex 156 305.647 -57.382
      vertex 156 308.596 -59.8567
      vertex 156 305.761 -57.2332
    endloop
  endfacet
  facet normal 1 0 0
    outer loop
      vertex 156 308.596 -59.8567
      vertex 156 305.647 -57.382
      vertex 156 308.243 -60.2426
    endloop
  endfacet
  facet normal 1 -0 0
    outer loop
      vertex 156 305.52 -57.5203
      vertex 156 308.243 -60.2426
      vertex 156 305.647 -57.382
    endloop
  endfacet
  facet normal 1 0 0
    outer loop
      vertex 156 308.243 -60.2426
      vertex 156 305.52 -57.5203
      vertex 156 307.857 -60.5963
    endloop
  endfacet
  facet normal 1 -0 0
    outer loop
      vertex 156 305.382 -57.647
      vertex 156 307.857 -60.5963
      vertex 156 305.52 -57.5203
    endloop
  endfacet
  facet normal 1 0 0
    outer loop
      vertex 156 307.857 -60.5963
      vertex 156 305.382 -57.647
      vertex 156 307.441 -60.9149
    endloop
  endfacet
  facet normal 1 -0 0
    outer loop
      vertex 156 305.233 -57.7612
      vertex 156 307.441 -60.9149
      vertex 156 305.382 -57.647
    endloop
  endfacet
  facet normal 1 0 0
    outer loop
      vertex 156 307.441 -60.9149
      vertex 156 305.233 -57.7612
      vertex 156 307 -61.1962
    endloop
  endfacet
  facet normal 1 -0 0
    outer loop
      vertex 156 305.075 -57.862
      vertex 156 307 -61.1962
      vertex 156 305.233 -57.7612
    endloop
  endfacet
  facet normal 1 0 0
    outer loop
      vertex 156 307 -61.1962
      vertex 156 305.075 -57.862
      vertex 156 306.536 -61.4378
    endloop
  endfacet
  facet normal 1 -0 0
    outer loop
      vertex 156 304.909 -57.9486
      vertex 156 306.536 -61.4378
      vertex 156 305.075 -57.862
    endloop
  endfacet
  facet normal 1 0 0
    outer loop
      vertex 156 306.536 -61.4378
      vertex 156 304.909 -57.9486
      vertex 156 306.052 -61.6382
    endloop
  endfacet
  facet normal 1 -0 0
    outer loop
      vertex 156 304.735 -58.0203
      vertex 156 306.052 -61.6382
      vertex 156 304.909 -57.9486
    endloop
  endfacet
  facet normal 1 0 0
    outer loop
      vertex 156 306.052 -61.6382
      vertex 156 304.735 -58.0203
      vertex 156 305.553 -61.7956
    endloop
  endfacet
  facet normal 1 -0 0
    outer loop
      vertex 156 304.556 -58.0767
      vertex 156 305.553 -61.7956
      vertex 156 304.735 -58.0203
    endloop
  endfacet
  facet normal 1 0 0
    outer loop
      vertex 156 305.553 -61.7956
      vertex 156 304.556 -58.0767
      vertex 156 305.042 -61.9088
    endloop
  endfacet
  facet normal 1 -0 0
    outer loop
      vertex 156 304.373 -58.1173
      vertex 156 305.042 -61.9088
      vertex 156 304.556 -58.0767
    endloop
  endfacet
  facet normal 1 0 0
    outer loop
      vertex 156 305.042 -61.9088
      vertex 156 304.373 -58.1173
      vertex 156 304.523 -61.9772
    endloop
  endfacet
  facet normal 1 -0 0
    outer loop
      vertex 156 304.187 -58.1418
      vertex 156 304.523 -61.9772
      vertex 156 304.373 -58.1173
    endloop
  endfacet
  facet normal 1 -0 0
    outer loop
      vertex 156 304 -58.15
      vertex 156 304.523 -61.9772
      vertex 156 304.187 -58.1418
    endloop
  endfacet
  facet normal 1 0 0
    outer loop
      vertex 156 304 -58.15
      vertex 156 304 -62
      vertex 156 304.523 -61.9772
    endloop
  endfacet
  facet normal 1 0 0
    outer loop
      vertex 156 303.813 -58.1418
      vertex 156 304 -62
      vertex 156 304 -58.15
    endloop
  endfacet
  facet normal 1 0 0
    outer loop
      vertex 156 303.627 -58.1173
      vertex 156 304 -62
      vertex 156 303.813 -58.1418
    endloop
  endfacet
  facet normal 1 0 0
    outer loop
      vertex 156 303.444 -58.0767
      vertex 156 304 -62
      vertex 156 303.627 -58.1173
    endloop
  endfacet
  facet normal 1 0 0
    outer loop
      vertex 156 302.349 -57.9848
      vertex 156 303.444 -58.0767
      vertex 156 303.265 -58.0203
    endloop
  endfacet
  facet normal 1 0 0
    outer loop
      vertex 156 302.695 -57.9392
      vertex 156 303.265 -58.0203
      vertex 156 303.091 -57.9486
    endloop
  endfacet
  facet normal 1 -0 0
    outer loop
      vertex 156 302.695 -57.9392
      vertex 156 303.091 -57.9486
      vertex 156 302.96 -57.8803
    endloop
  endfacet
  facet normal 1 -0 0
    outer loop
      vertex 156 302.349 -57.9848
      vertex 156 303.265 -58.0203
      vertex 156 302.695 -57.9392
    endloop
  endfacet
  facet normal 1 0 0
    outer loop
      vertex 156 303.444 -58.0767
      vertex 156 302.349 -57.9848
      vertex 156 304 -62
    endloop
  endfacet
  facet normal 1 -0 0
    outer loop
      vertex 156 302 -58
      vertex 156 304 -62
      vertex 156 302.349 -57.9848
    endloop
  endfacet
  facet normal 1 -0 0
    outer loop
      vertex 156 182 -58
      vertex 156 304 -62
      vertex 156 302 -58
    endloop
  endfacet
  facet normal 1 0 0
    outer loop
      vertex 156 180.909 -57.9486
      vertex 156 181.305 -57.9392
      vertex 156 181.04 -57.8803
    endloop
  endfacet
  facet normal 1 0 0
    outer loop
      vertex 156 180.735 -58.0203
      vertex 156 181.305 -57.9392
      vertex 156 180.909 -57.9486
    endloop
  endfacet
  facet normal 1 0 0
    outer loop
      vertex 156 181.305 -57.9392
      vertex 156 180.735 -58.0203
      vertex 156 181.651 -57.9848
    endloop
  endfacet
  facet normal 1 0 0
    outer loop
      vertex 156 180.556 -58.0767
      vertex 156 181.651 -57.9848
      vertex 156 180.735 -58.0203
    endloop
  endfacet
  facet normal 1 0 0
    outer loop
      vertex 156 181.651 -57.9848
      vertex 156 180 -62
      vertex 156 182 -58
    endloop
  endfacet
  facet normal 1 0 0
    outer loop
      vertex 156 181.651 -57.9848
      vertex 156 180.556 -58.0767
      vertex 156 180 -62
    endloop
  endfacet
  facet normal 1 0 0
    outer loop
      vertex 156 180 -62
      vertex 156 180.556 -58.0767
      vertex 156 180.373 -58.1173
    endloop
  endfacet
  facet normal 1 0 0
    outer loop
      vertex 156 180 -62
      vertex 156 180.373 -58.1173
      vertex 156 180.187 -58.1418
    endloop
  endfacet
  facet normal 1 0 0
    outer loop
      vertex 156 180 -62
      vertex 156 180.187 -58.1418
      vertex 156 180 -58.15
    endloop
  endfacet
  facet normal 1 0 0
    outer loop
      vertex 156 182 -58
      vertex 156 180 -62
      vertex 156 304 -62
    endloop
  endfacet
  facet normal 1 0 0
    outer loop
      vertex 156 179.813 -58.1418
      vertex 156 180 -62
      vertex 156 180 -58.15
    endloop
  endfacet
  facet normal 1 0 0
    outer loop
      vertex 156 179.477 -61.9772
      vertex 156 179.813 -58.1418
      vertex 156 179.627 -58.1173
    endloop
  endfacet
  facet normal 1 0 0
    outer loop
      vertex 156 179.813 -58.1418
      vertex 156 179.477 -61.9772
      vertex 156 180 -62
    endloop
  endfacet
  facet normal 1 0 0
    outer loop
      vertex 156 178.958 -61.9088
      vertex 156 179.627 -58.1173
      vertex 156 179.444 -58.0767
    endloop
  endfacet
  facet normal 1 0 0
    outer loop
      vertex 156 178.447 -61.7956
      vertex 156 179.444 -58.0767
      vertex 156 179.265 -58.0203
    endloop
  endfacet
  facet normal 1 0 0
    outer loop
      vertex 156 177.948 -61.6382
      vertex 156 179.265 -58.0203
      vertex 156 179.091 -57.9486
    endloop
  endfacet
  facet normal 1 0 0
    outer loop
      vertex 156 179.627 -58.1173
      vertex 156 178.958 -61.9088
      vertex 156 179.477 -61.9772
    endloop
  endfacet
  facet normal 1 0 0
    outer loop
      vertex 156 177.464 -61.4378
      vertex 156 179.091 -57.9486
      vertex 156 178.925 -57.862
    endloop
  endfacet
  facet normal 1 0 0
    outer loop
      vertex 156 177 -61.1962
      vertex 156 178.925 -57.862
      vertex 156 178.767 -57.7612
    endloop
  endfacet
  facet normal 1 0 0
    outer loop
      vertex 156 176.559 -60.9149
      vertex 156 178.767 -57.7612
      vertex 156 178.618 -57.647
    endloop
  endfacet
  facet normal 1 0 0
    outer loop
      vertex 156 176.143 -60.5963
      vertex 156 178.618 -57.647
      vertex 156 178.48 -57.5203
    endloop
  endfacet
  facet normal 1 0 0
    outer loop
      vertex 156 179.444 -58.0767
      vertex 156 178.447 -61.7956
      vertex 156 178.958 -61.9088
    endloop
  endfacet
  facet normal 1 0 0
    outer loop
      vertex 156 175.757 -60.2426
      vertex 156 178.48 -57.5203
      vertex 156 178.353 -57.382
    endloop
  endfacet
  facet normal 1 0 0
    outer loop
      vertex 156 175.404 -59.8567
      vertex 156 178.353 -57.382
      vertex 156 178.239 -57.2332
    endloop
  endfacet
  facet normal 1 0 0
    outer loop
      vertex 156 175.085 -59.4415
      vertex 156 178.239 -57.2332
      vertex 156 178.138 -57.075
    endloop
  endfacet
  facet normal 1 0 0
    outer loop
      vertex 156 174.804 -59
      vertex 156 178.138 -57.075
      vertex 156 178.051 -56.9086
    endloop
  endfacet
  facet normal 1 0 0
    outer loop
      vertex 156 174.562 -58.5357
      vertex 156 178.051 -56.9086
      vertex 156 177.98 -56.7353
    endloop
  endfacet
  facet normal 1 0 0
    outer loop
      vertex 156 179.265 -58.0203
      vertex 156 177.948 -61.6382
      vertex 156 178.447 -61.7956
    endloop
  endfacet
  facet normal 1 0 0
    outer loop
      vertex 156 174.362 -58.0521
      vertex 156 177.98 -56.7353
      vertex 156 177.923 -56.5565
    endloop
  endfacet
  facet normal 1 0 0
    outer loop
      vertex 156 174.204 -57.5529
      vertex 156 177.923 -56.5565
      vertex 156 177.883 -56.3733
    endloop
  endfacet
  facet normal 1 0 0
    outer loop
      vertex 156 174.091 -57.0419
      vertex 156 177.883 -56.3733
      vertex 156 177.858 -56.1874
    endloop
  endfacet
  facet normal 1 0 0
    outer loop
      vertex 156 174.023 -56.5229
      vertex 156 177.858 -56.1874
      vertex 156 177.85 -56
    endloop
  endfacet
  facet normal 1 0 0
    outer loop
      vertex 156 179.091 -57.9486
      vertex 156 177.464 -61.4378
      vertex 156 177.948 -61.6382
    endloop
  endfacet
  facet normal 1 0 0
    outer loop
      vertex 156 178 -54
      vertex 156 174 -56
      vertex 156 177.858 -55.8126
    endloop
  endfacet
  facet normal 1 -0 0
    outer loop
      vertex 156 174.804 9
      vertex 156 178.138 7.075
      vertex 156 175.085 9.44146
    endloop
  endfacet
  facet normal 1 0 0
    outer loop
      vertex 156 177.858 -55.8126
      vertex 156 174 -56
      vertex 156 177.85 -56
    endloop
  endfacet
  facet normal 1 0 0
    outer loop
      vertex 156 178.138 7.075
      vertex 156 174.804 9
      vertex 156 178.051 6.90863
    endloop
  endfacet
  facet normal 1 0 -0
    outer loop
      vertex 156 174.023 -56.5229
      vertex 156 177.85 -56
      vertex 156 174 -56
    endloop
  endfacet
  facet normal 1 -0 0
    outer loop
      vertex 156 174.562 8.53571
      vertex 156 178.051 6.90863
      vertex 156 174.804 9
    endloop
  endfacet
  facet normal 1 0 0
    outer loop
      vertex 156 178.925 -57.862
      vertex 156 177 -61.1962
      vertex 156 177.464 -61.4378
    endloop
  endfacet
  facet normal 1 0 0
    outer loop
      vertex 156 178.051 6.90863
      vertex 156 174.562 8.53571
      vertex 156 177.98 6.73534
    endloop
  endfacet
  facet normal 1 0 0
    outer loop
      vertex 156 178.767 -57.7612
      vertex 156 176.559 -60.9149
      vertex 156 177 -61.1962
    endloop
  endfacet
  facet normal 1 -0 0
    outer loop
      vertex 156 174.362 8.05212
      vertex 156 177.98 6.73534
      vertex 156 174.562 8.53571
    endloop
  endfacet
  facet normal 1 0 0
    outer loop
      vertex 156 178.618 -57.647
      vertex 156 176.143 -60.5963
      vertex 156 176.559 -60.9149
    endloop
  endfacet
  facet normal 1 0 0
    outer loop
      vertex 156 177.98 6.73534
      vertex 156 174.362 8.05212
      vertex 156 177.923 6.55646
    endloop
  endfacet
  facet normal 1 0 0
    outer loop
      vertex 156 178.48 -57.5203
      vertex 156 175.757 -60.2426
      vertex 156 176.143 -60.5963
    endloop
  endfacet
  facet normal 1 -0 0
    outer loop
      vertex 156 174.204 7.55291
      vertex 156 177.923 6.55646
      vertex 156 174.362 8.05212
    endloop
  endfacet
  facet normal 1 0 0
    outer loop
      vertex 156 178.353 -57.382
      vertex 156 175.404 -59.8567
      vertex 156 175.757 -60.2426
    endloop
  endfacet
  facet normal 1 0 0
    outer loop
      vertex 156 177.923 6.55646
      vertex 156 174.204 7.55291
      vertex 156 177.883 6.37334
    endloop
  endfacet
  facet normal 1 0 0
    outer loop
      vertex 156 178.239 -57.2332
      vertex 156 175.085 -59.4415
      vertex 156 175.404 -59.8567
    endloop
  endfacet
  facet normal 1 -0 0
    outer loop
      vertex 156 174.091 7.04189
      vertex 156 177.883 6.37334
      vertex 156 174.204 7.55291
    endloop
  endfacet
  facet normal 1 0 0
    outer loop
      vertex 156 178.138 -57.075
      vertex 156 174.804 -59
      vertex 156 175.085 -59.4415
    endloop
  endfacet
  facet normal 1 0 0
    outer loop
      vertex 156 177.883 6.37334
      vertex 156 174.091 7.04189
      vertex 156 177.858 6.18738
    endloop
  endfacet
  facet normal 1 0 0
    outer loop
      vertex 156 178.051 -56.9086
      vertex 156 174.562 -58.5357
      vertex 156 174.804 -59
    endloop
  endfacet
  facet normal 1 -0 0
    outer loop
      vertex 156 174.023 6.52293
      vertex 156 177.858 6.18738
      vertex 156 174.091 7.04189
    endloop
  endfacet
  facet normal 1 0 0
    outer loop
      vertex 156 177.98 -56.7353
      vertex 156 174.362 -58.0521
      vertex 156 174.562 -58.5357
    endloop
  endfacet
  facet normal 1 0 0
    outer loop
      vertex 156 177.858 6.18738
      vertex 156 174.023 6.52293
      vertex 156 174 6
    endloop
  endfacet
  facet normal 1 0 0
    outer loop
      vertex 156 177.923 -56.5565
      vertex 156 174.204 -57.5529
      vertex 156 174.362 -58.0521
    endloop
  endfacet
  facet normal 1 0 0
    outer loop
      vertex 156 177.883 -56.3733
      vertex 156 174.091 -57.0419
      vertex 156 174.204 -57.5529
    endloop
  endfacet
  facet normal 1 0 0
    outer loop
      vertex 156 177.858 -56.1874
      vertex 156 174.023 -56.5229
      vertex 156 174.091 -57.0419
    endloop
  endfacet
  facet normal 1 0 0
    outer loop
      vertex 156 310 -56
      vertex 156 306.077 -55.4435
      vertex 156 306.117 -55.6267
    endloop
  endfacet
  facet normal 1 0 0
    outer loop
      vertex 156 306.077 -55.4435
      vertex 156 305.985 -54.3486
      vertex 156 306.02 -55.2647
    endloop
  endfacet
  facet normal 1 -0 0
    outer loop
      vertex 156 305.939 -54.6946
      vertex 156 306.02 -55.2647
      vertex 156 305.985 -54.3486
    endloop
  endfacet
  facet normal 1 0 0
    outer loop
      vertex 156 306.02 -55.2647
      vertex 156 305.939 -54.6946
      vertex 156 305.949 -55.0914
    endloop
  endfacet
  facet normal 1 0 0
    outer loop
      vertex 156 305.949 -55.0914
      vertex 156 305.939 -54.6946
      vertex 156 305.88 -54.9603
    endloop
  endfacet
  facet normal 1 0 0
    outer loop
      vertex 156 178.051 5.09137
      vertex 156 178.061 4.69459
      vertex 156 178.12 4.96029
    endloop
  endfacet
  facet normal 1 0 0
    outer loop
      vertex 156 177.98 5.26466
      vertex 156 178.061 4.69459
      vertex 156 178.051 5.09137
    endloop
  endfacet
  facet normal 1 0 0
    outer loop
      vertex 156 174 6
      vertex 156 177.923 5.44354
      vertex 156 177.883 5.62666
    endloop
  endfacet
  facet normal 1 0 0
    outer loop
      vertex 156 177.923 5.44354
      vertex 156 178.015 4.34862
      vertex 156 177.98 5.26466
    endloop
  endfacet
  facet normal 1 0 0
    outer loop
      vertex 156 178.061 4.69459
      vertex 156 177.98 5.26466
      vertex 156 178.015 4.34862
    endloop
  endfacet
  facet normal 1 0 0
    outer loop
      vertex 156 178.061 -54.6946
      vertex 156 178.051 -55.0914
      vertex 156 178.12 -54.9603
    endloop
  endfacet
  facet normal 1 0 0
    outer loop
      vertex 156 177.98 -55.2647
      vertex 156 178.061 -54.6946
      vertex 156 178.015 -54.3486
    endloop
  endfacet
  facet normal 1 0 0
    outer loop
      vertex 156 178.061 -54.6946
      vertex 156 177.98 -55.2647
      vertex 156 178.051 -55.0914
    endloop
  endfacet
  facet normal 1 0 0
    outer loop
      vertex 156 177.883 -55.6267
      vertex 156 178.015 -54.3486
      vertex 156 178 -54
    endloop
  endfacet
  facet normal 1 0 0
    outer loop
      vertex 156 177.923 5.44354
      vertex 156 174 6
      vertex 156 178.015 4.34862
    endloop
  endfacet
  facet normal 1 0 0
    outer loop
      vertex 156 174 6
      vertex 156 177.883 5.62666
      vertex 156 177.858 5.81261
    endloop
  endfacet
  facet normal 1 0 0
    outer loop
      vertex 156 178.015 -54.3486
      vertex 156 177.923 -55.4435
      vertex 156 177.98 -55.2647
    endloop
  endfacet
  facet normal 1 0 0
    outer loop
      vertex 156 178.015 4.34862
      vertex 156 174 6
      vertex 156 178 4
    endloop
  endfacet
  facet normal 1 0 0
    outer loop
      vertex 156 178.015 -54.3486
      vertex 156 177.883 -55.6267
      vertex 156 177.923 -55.4435
    endloop
  endfacet
  facet normal 1 0 0
    outer loop
      vertex 156 178 4
      vertex 156 174 6
      vertex 156 178 -54
    endloop
  endfacet
  facet normal 1 0 0
    outer loop
      vertex 156 178 -54
      vertex 156 177.858 -55.8126
      vertex 156 177.883 -55.6267
    endloop
  endfacet
  facet normal 1 0 0
    outer loop
      vertex 156 177.858 6.18738
      vertex 156 174 6
      vertex 156 177.85 6
    endloop
  endfacet
  facet normal 1 0 0
    outer loop
      vertex 156 177.85 6
      vertex 156 174 6
      vertex 156 177.858 5.81261
    endloop
  endfacet
  facet normal 0 -0.675586 0.737281
    outer loop
      vertex 84 176.143 10.5963
      vertex 156 175.757 10.2426
      vertex 156 176.143 10.5963
    endloop
  endfacet
  facet normal 0 -0.675586 0.737281
    outer loop
      vertex 156 175.757 10.2426
      vertex 84 176.143 10.5963
      vertex 84 175.757 10.2426
    endloop
  endfacet
  facet normal 0 1 0
    outer loop
      vertex 131.56 310 -23.3579
      vertex 156 310 6
      vertex 131.705 310 -23.3258
    endloop
  endfacet
  facet normal 0 1 0
    outer loop
      vertex 84 310 6
      vertex 100.148 310 -23.3065
      vertex 100 310 -23.3
    endloop
  endfacet
  facet normal 0 1 0
    outer loop
      vertex 131.419 310 -23.4025
      vertex 156 310 6
      vertex 131.56 310 -23.3579
    endloop
  endfacet
  facet normal 0 1 0
    outer loop
      vertex 84 310 6
      vertex 100.295 310 -23.3258
      vertex 100.148 310 -23.3065
    endloop
  endfacet
  facet normal 0 1 0
    outer loop
      vertex 156 310 6
      vertex 131.419 310 -23.4025
      vertex 84 310 6
    endloop
  endfacet
  facet normal 0 1 0
    outer loop
      vertex 84 310 6
      vertex 100.44 310 -23.3579
      vertex 100.295 310 -23.3258
    endloop
  endfacet
  facet normal 0 1 -0
    outer loop
      vertex 131.282 310 -23.4593
      vertex 84 310 6
      vertex 131.419 310 -23.4025
    endloop
  endfacet
  facet normal 0 1 0
    outer loop
      vertex 84 310 6
      vertex 100.581 310 -23.4025
      vertex 100.44 310 -23.3579
    endloop
  endfacet
  facet normal 0 1 -0
    outer loop
      vertex 131.15 310 -23.5278
      vertex 84 310 6
      vertex 131.282 310 -23.4593
    endloop
  endfacet
  facet normal 0 1 0
    outer loop
      vertex 84 310 6
      vertex 100.718 310 -23.4593
      vertex 100.581 310 -23.4025
    endloop
  endfacet
  facet normal 0 1 -0
    outer loop
      vertex 100.85 310 -23.5278
      vertex 84 310 6
      vertex 131.15 310 -23.5278
    endloop
  endfacet
  facet normal 0 1 0
    outer loop
      vertex 84 310 6
      vertex 100.85 310 -23.5278
      vertex 100.718 310 -23.4593
    endloop
  endfacet
  facet normal 0 1 -0
    outer loop
      vertex 131.025 310 -23.6074
      vertex 100.85 310 -23.5278
      vertex 131.15 310 -23.5278
    endloop
  endfacet
  facet normal 0 1 0
    outer loop
      vertex 131.025 310 -23.6074
      vertex 100.975 310 -23.6074
      vertex 100.85 310 -23.5278
    endloop
  endfacet
  facet normal 0 1 -0
    outer loop
      vertex 130.907 310 -23.6977
      vertex 100.975 310 -23.6074
      vertex 131.025 310 -23.6074
    endloop
  endfacet
  facet normal 0 1 0
    outer loop
      vertex 130.907 310 -23.6977
      vertex 101.093 310 -23.6977
      vertex 100.975 310 -23.6074
    endloop
  endfacet
  facet normal 0 1 -0
    outer loop
      vertex 130.798 310 -23.7979
      vertex 101.093 310 -23.6977
      vertex 130.907 310 -23.6977
    endloop
  endfacet
  facet normal 0 1 0
    outer loop
      vertex 130.798 310 -23.7979
      vertex 101.202 310 -23.7979
      vertex 101.093 310 -23.6977
    endloop
  endfacet
  facet normal 0 1 -0
    outer loop
      vertex 130.698 310 -23.9073
      vertex 101.202 310 -23.7979
      vertex 130.798 310 -23.7979
    endloop
  endfacet
  facet normal 0 1 0
    outer loop
      vertex 130.698 310 -23.9073
      vertex 101.302 310 -23.9073
      vertex 101.202 310 -23.7979
    endloop
  endfacet
  facet normal 0 1 -0
    outer loop
      vertex 130.607 310 -24.0249
      vertex 101.302 310 -23.9073
      vertex 130.698 310 -23.9073
    endloop
  endfacet
  facet normal 0 1 0
    outer loop
      vertex 130.607 310 -24.0249
      vertex 101.393 310 -24.0249
      vertex 101.302 310 -23.9073
    endloop
  endfacet
  facet normal 0 1 -0
    outer loop
      vertex 130.528 310 -24.15
      vertex 101.393 310 -24.0249
      vertex 130.607 310 -24.0249
    endloop
  endfacet
  facet normal 0 1 0
    outer loop
      vertex 130.528 310 -24.15
      vertex 101.472 310 -24.15
      vertex 101.393 310 -24.0249
    endloop
  endfacet
  facet normal 0 1 -0
    outer loop
      vertex 130.459 310 -24.2815
      vertex 101.472 310 -24.15
      vertex 130.528 310 -24.15
    endloop
  endfacet
  facet normal 0 1 0
    outer loop
      vertex 130.459 310 -24.2815
      vertex 101.541 310 -24.2815
      vertex 101.472 310 -24.15
    endloop
  endfacet
  facet normal 0 1 -0
    outer loop
      vertex 130.403 310 -24.4186
      vertex 101.541 310 -24.2815
      vertex 130.459 310 -24.2815
    endloop
  endfacet
  facet normal 0 1 0
    outer loop
      vertex 130.403 310 -24.4186
      vertex 101.597 310 -24.4186
      vertex 101.541 310 -24.2815
    endloop
  endfacet
  facet normal 0 1 -0
    outer loop
      vertex 130.358 310 -24.56
      vertex 101.597 310 -24.4186
      vertex 130.403 310 -24.4186
    endloop
  endfacet
  facet normal 0 1 0
    outer loop
      vertex 130.358 310 -24.56
      vertex 101.642 310 -24.56
      vertex 101.597 310 -24.4186
    endloop
  endfacet
  facet normal 0 1 -0
    outer loop
      vertex 130.326 310 -24.7048
      vertex 101.642 310 -24.56
      vertex 130.358 310 -24.56
    endloop
  endfacet
  facet normal 0 1 0
    outer loop
      vertex 130.326 310 -24.7048
      vertex 101.674 310 -24.7048
      vertex 101.642 310 -24.56
    endloop
  endfacet
  facet normal 0 1 -0
    outer loop
      vertex 130.306 310 -24.8518
      vertex 101.674 310 -24.7048
      vertex 130.326 310 -24.7048
    endloop
  endfacet
  facet normal 0 1 0
    outer loop
      vertex 130.306 310 -24.8518
      vertex 101.694 310 -24.8518
      vertex 101.674 310 -24.7048
    endloop
  endfacet
  facet normal 0 1 -0
    outer loop
      vertex 130.3 310 -25
      vertex 101.694 310 -24.8518
      vertex 130.306 310 -24.8518
    endloop
  endfacet
  facet normal 0 1 0
    outer loop
      vertex 130.3 310 -25
      vertex 101.7 310 -25
      vertex 101.694 310 -24.8518
    endloop
  endfacet
  facet normal 0 1 0
    outer loop
      vertex 130.306 310 -25.1482
      vertex 101.7 310 -25
      vertex 130.3 310 -25
    endloop
  endfacet
  facet normal 0 1 0
    outer loop
      vertex 130.306 310 -25.1482
      vertex 101.694 310 -25.1482
      vertex 101.7 310 -25
    endloop
  endfacet
  facet normal 0 1 0
    outer loop
      vertex 130.326 310 -25.2952
      vertex 101.694 310 -25.1482
      vertex 130.306 310 -25.1482
    endloop
  endfacet
  facet normal 0 1 0
    outer loop
      vertex 130.326 310 -25.2952
      vertex 101.674 310 -25.2952
      vertex 101.694 310 -25.1482
    endloop
  endfacet
  facet normal 0 1 0
    outer loop
      vertex 130.358 310 -25.44
      vertex 101.674 310 -25.2952
      vertex 130.326 310 -25.2952
    endloop
  endfacet
  facet normal 0 1 0
    outer loop
      vertex 130.358 310 -25.44
      vertex 101.642 310 -25.44
      vertex 101.674 310 -25.2952
    endloop
  endfacet
  facet normal 0 1 0
    outer loop
      vertex 130.403 310 -25.5814
      vertex 101.642 310 -25.44
      vertex 130.358 310 -25.44
    endloop
  endfacet
  facet normal 0 1 0
    outer loop
      vertex 130.403 310 -25.5814
      vertex 101.597 310 -25.5814
      vertex 101.642 310 -25.44
    endloop
  endfacet
  facet normal 0 1 0
    outer loop
      vertex 130.459 310 -25.7185
      vertex 101.597 310 -25.5814
      vertex 130.403 310 -25.5814
    endloop
  endfacet
  facet normal 0 1 0
    outer loop
      vertex 130.459 310 -25.7185
      vertex 101.541 310 -25.7185
      vertex 101.597 310 -25.5814
    endloop
  endfacet
  facet normal 0 1 0
    outer loop
      vertex 130.528 310 -25.85
      vertex 101.541 310 -25.7185
      vertex 130.459 310 -25.7185
    endloop
  endfacet
  facet normal 0 1 0
    outer loop
      vertex 130.528 310 -25.85
      vertex 101.472 310 -25.85
      vertex 101.541 310 -25.7185
    endloop
  endfacet
  facet normal 0 1 0
    outer loop
      vertex 130.607 310 -25.9751
      vertex 101.472 310 -25.85
      vertex 130.528 310 -25.85
    endloop
  endfacet
  facet normal 0 1 0
    outer loop
      vertex 130.607 310 -25.9751
      vertex 101.393 310 -25.9751
      vertex 101.472 310 -25.85
    endloop
  endfacet
  facet normal 0 1 0
    outer loop
      vertex 130.698 310 -26.0927
      vertex 101.393 310 -25.9751
      vertex 130.607 310 -25.9751
    endloop
  endfacet
  facet normal 0 1 0
    outer loop
      vertex 130.698 310 -26.0927
      vertex 101.302 310 -26.0927
      vertex 101.393 310 -25.9751
    endloop
  endfacet
  facet normal 0 1 0
    outer loop
      vertex 130.798 310 -26.2021
      vertex 101.302 310 -26.0927
      vertex 130.698 310 -26.0927
    endloop
  endfacet
  facet normal 0 1 0
    outer loop
      vertex 130.798 310 -26.2021
      vertex 101.202 310 -26.2021
      vertex 101.302 310 -26.0927
    endloop
  endfacet
  facet normal 0 1 0
    outer loop
      vertex 130.907 310 -26.3023
      vertex 101.202 310 -26.2021
      vertex 130.798 310 -26.2021
    endloop
  endfacet
  facet normal 0 1 0
    outer loop
      vertex 130.907 310 -26.3023
      vertex 101.093 310 -26.3023
      vertex 101.202 310 -26.2021
    endloop
  endfacet
  facet normal 0 1 0
    outer loop
      vertex 131.025 310 -26.3926
      vertex 101.093 310 -26.3023
      vertex 130.907 310 -26.3023
    endloop
  endfacet
  facet normal 0 1 0
    outer loop
      vertex 131.025 310 -26.3926
      vertex 100.975 310 -26.3926
      vertex 101.093 310 -26.3023
    endloop
  endfacet
  facet normal 0 1 0
    outer loop
      vertex 131.15 310 -26.4722
      vertex 100.975 310 -26.3926
      vertex 131.025 310 -26.3926
    endloop
  endfacet
  facet normal 0 1 0
    outer loop
      vertex 131.15 310 -26.4722
      vertex 100.85 310 -26.4722
      vertex 100.975 310 -26.3926
    endloop
  endfacet
  facet normal 0 1 0
    outer loop
      vertex 84 310 -56
      vertex 131.15 310 -26.4722
      vertex 131.282 310 -26.5407
    endloop
  endfacet
  facet normal 0 1 0
    outer loop
      vertex 131.15 310 -26.4722
      vertex 84 310 -56
      vertex 100.85 310 -26.4722
    endloop
  endfacet
  facet normal 0 1 0
    outer loop
      vertex 84 310 -56
      vertex 131.282 310 -26.5407
      vertex 131.419 310 -26.5975
    endloop
  endfacet
  facet normal 0 1 0
    outer loop
      vertex 100.85 310 -26.4722
      vertex 84 310 -56
      vertex 100.718 310 -26.5407
    endloop
  endfacet
  facet normal 0 1 0
    outer loop
      vertex 156 310 -56
      vertex 131.419 310 -26.5975
      vertex 131.56 310 -26.6421
    endloop
  endfacet
  facet normal 0 1 0
    outer loop
      vertex 100.718 310 -26.5407
      vertex 84 310 -56
      vertex 100.581 310 -26.5975
    endloop
  endfacet
  facet normal 0 1 0
    outer loop
      vertex 156 310 -56
      vertex 131.56 310 -26.6421
      vertex 131.705 310 -26.6742
    endloop
  endfacet
  facet normal 0 1 0
    outer loop
      vertex 100.581 310 -26.5975
      vertex 84 310 -56
      vertex 100.44 310 -26.6421
    endloop
  endfacet
  facet normal 0 1 0
    outer loop
      vertex 156 310 -56
      vertex 131.705 310 -26.6742
      vertex 131.852 310 -26.6935
    endloop
  endfacet
  facet normal 0 1 0
    outer loop
      vertex 100.44 310 -26.6421
      vertex 84 310 -56
      vertex 100.295 310 -26.6742
    endloop
  endfacet
  facet normal 0 1 0
    outer loop
      vertex 156 310 -56
      vertex 131.852 310 -26.6935
      vertex 132 310 -26.7
    endloop
  endfacet
  facet normal 0 1 0
    outer loop
      vertex 100.295 310 -26.6742
      vertex 84 310 -56
      vertex 100.148 310 -26.6935
    endloop
  endfacet
  facet normal 0 1 0
    outer loop
      vertex 131.852 310 -23.3065
      vertex 156 310 6
      vertex 132 310 -23.3
    endloop
  endfacet
  facet normal 0 1 0
    outer loop
      vertex 156 310 6
      vertex 132.148 310 -23.3065
      vertex 132 310 -23.3
    endloop
  endfacet
  facet normal 0 1 0
    outer loop
      vertex 156 310 6
      vertex 132.295 310 -23.3258
      vertex 132.148 310 -23.3065
    endloop
  endfacet
  facet normal 0 1 0
    outer loop
      vertex 156 310 6
      vertex 132.44 310 -23.3579
      vertex 132.295 310 -23.3258
    endloop
  endfacet
  facet normal 0 1 0
    outer loop
      vertex 156 310 6
      vertex 132.581 310 -23.4025
      vertex 132.44 310 -23.3579
    endloop
  endfacet
  facet normal 0 1 0
    outer loop
      vertex 156 310 6
      vertex 132.718 310 -23.4593
      vertex 132.581 310 -23.4025
    endloop
  endfacet
  facet normal 0 1 0
    outer loop
      vertex 156 310 6
      vertex 132.85 310 -23.5278
      vertex 132.718 310 -23.4593
    endloop
  endfacet
  facet normal 0 1 0
    outer loop
      vertex 156 310 6
      vertex 132.975 310 -23.6074
      vertex 132.85 310 -23.5278
    endloop
  endfacet
  facet normal 0 1 0
    outer loop
      vertex 156 310 6
      vertex 133.093 310 -23.6977
      vertex 132.975 310 -23.6074
    endloop
  endfacet
  facet normal 0 1 0
    outer loop
      vertex 156 310 6
      vertex 133.202 310 -23.7979
      vertex 133.093 310 -23.6977
    endloop
  endfacet
  facet normal 0 1 0
    outer loop
      vertex 156 310 6
      vertex 133.302 310 -23.9073
      vertex 133.202 310 -23.7979
    endloop
  endfacet
  facet normal 0 1 0
    outer loop
      vertex 156 310 6
      vertex 133.393 310 -24.0249
      vertex 133.302 310 -23.9073
    endloop
  endfacet
  facet normal 0 1 0
    outer loop
      vertex 156 310 6
      vertex 133.472 310 -24.15
      vertex 133.393 310 -24.0249
    endloop
  endfacet
  facet normal 0 1 0
    outer loop
      vertex 156 310 6
      vertex 133.541 310 -24.2815
      vertex 133.472 310 -24.15
    endloop
  endfacet
  facet normal 0 1 0
    outer loop
      vertex 156 310 6
      vertex 133.597 310 -24.4186
      vertex 133.541 310 -24.2815
    endloop
  endfacet
  facet normal 0 1 0
    outer loop
      vertex 156 310 6
      vertex 133.642 310 -24.56
      vertex 133.597 310 -24.4186
    endloop
  endfacet
  facet normal 0 1 0
    outer loop
      vertex 156 310 6
      vertex 133.674 310 -24.7048
      vertex 133.642 310 -24.56
    endloop
  endfacet
  facet normal 0 1 0
    outer loop
      vertex 156 310 6
      vertex 133.694 310 -24.8518
      vertex 133.674 310 -24.7048
    endloop
  endfacet
  facet normal 0 1 0
    outer loop
      vertex 156 310 6
      vertex 133.7 310 -25
      vertex 133.694 310 -24.8518
    endloop
  endfacet
  facet normal 0 1 -0
    outer loop
      vertex 156 310 -56
      vertex 133.7 310 -25
      vertex 156 310 6
    endloop
  endfacet
  facet normal 0 1 0
    outer loop
      vertex 133.7 310 -25
      vertex 156 310 -56
      vertex 133.694 310 -25.1482
    endloop
  endfacet
  facet normal 0 1 0
    outer loop
      vertex 133.694 310 -25.1482
      vertex 156 310 -56
      vertex 133.674 310 -25.2952
    endloop
  endfacet
  facet normal 0 1 0
    outer loop
      vertex 133.674 310 -25.2952
      vertex 156 310 -56
      vertex 133.642 310 -25.44
    endloop
  endfacet
  facet normal 0 1 0
    outer loop
      vertex 133.642 310 -25.44
      vertex 156 310 -56
      vertex 133.597 310 -25.5814
    endloop
  endfacet
  facet normal 0 1 0
    outer loop
      vertex 133.597 310 -25.5814
      vertex 156 310 -56
      vertex 133.541 310 -25.7185
    endloop
  endfacet
  facet normal 0 1 0
    outer loop
      vertex 133.541 310 -25.7185
      vertex 156 310 -56
      vertex 133.472 310 -25.85
    endloop
  endfacet
  facet normal 0 1 0
    outer loop
      vertex 131.419 310 -26.5975
      vertex 156 310 -56
      vertex 84 310 -56
    endloop
  endfacet
  facet normal 0 1 0
    outer loop
      vertex 132.148 310 -26.6935
      vertex 156 310 -56
      vertex 132 310 -26.7
    endloop
  endfacet
  facet normal 0 1 0
    outer loop
      vertex 132.295 310 -26.6742
      vertex 156 310 -56
      vertex 132.148 310 -26.6935
    endloop
  endfacet
  facet normal 0 1 0
    outer loop
      vertex 132.44 310 -26.6421
      vertex 156 310 -56
      vertex 132.295 310 -26.6742
    endloop
  endfacet
  facet normal 0 1 0
    outer loop
      vertex 132.581 310 -26.5975
      vertex 156 310 -56
      vertex 132.44 310 -26.6421
    endloop
  endfacet
  facet normal 0 1 0
    outer loop
      vertex 132.718 310 -26.5407
      vertex 156 310 -56
      vertex 132.581 310 -26.5975
    endloop
  endfacet
  facet normal 0 1 0
    outer loop
      vertex 132.85 310 -26.4722
      vertex 156 310 -56
      vertex 132.718 310 -26.5407
    endloop
  endfacet
  facet normal 0 1 0
    outer loop
      vertex 132.975 310 -26.3926
      vertex 156 310 -56
      vertex 132.85 310 -26.4722
    endloop
  endfacet
  facet normal 0 1 0
    outer loop
      vertex 133.093 310 -26.3023
      vertex 156 310 -56
      vertex 132.975 310 -26.3926
    endloop
  endfacet
  facet normal 0 1 0
    outer loop
      vertex 133.202 310 -26.2021
      vertex 156 310 -56
      vertex 133.093 310 -26.3023
    endloop
  endfacet
  facet normal 0 1 0
    outer loop
      vertex 133.302 310 -26.0927
      vertex 156 310 -56
      vertex 133.202 310 -26.2021
    endloop
  endfacet
  facet normal 0 1 0
    outer loop
      vertex 133.393 310 -25.9751
      vertex 156 310 -56
      vertex 133.302 310 -26.0927
    endloop
  endfacet
  facet normal 0 1 0
    outer loop
      vertex 133.472 310 -25.85
      vertex 156 310 -56
      vertex 133.393 310 -25.9751
    endloop
  endfacet
  facet normal 0 1 0
    outer loop
      vertex 131.705 310 -23.3258
      vertex 156 310 6
      vertex 131.852 310 -23.3065
    endloop
  endfacet
  facet normal 0 1 -0
    outer loop
      vertex 99.8518 310 -23.3065
      vertex 84 310 6
      vertex 100 310 -23.3
    endloop
  endfacet
  facet normal 0 1 -0
    outer loop
      vertex 99.7048 310 -23.3258
      vertex 84 310 6
      vertex 99.8518 310 -23.3065
    endloop
  endfacet
  facet normal 0 1 -0
    outer loop
      vertex 99.56 310 -23.3579
      vertex 84 310 6
      vertex 99.7048 310 -23.3258
    endloop
  endfacet
  facet normal 0 1 -0
    outer loop
      vertex 99.4186 310 -23.4025
      vertex 84 310 6
      vertex 99.56 310 -23.3579
    endloop
  endfacet
  facet normal 0 1 -0
    outer loop
      vertex 99.2815 310 -23.4593
      vertex 84 310 6
      vertex 99.4186 310 -23.4025
    endloop
  endfacet
  facet normal 0 1 -0
    outer loop
      vertex 99.15 310 -23.5278
      vertex 84 310 6
      vertex 99.2815 310 -23.4593
    endloop
  endfacet
  facet normal 0 1 -0
    outer loop
      vertex 99.0249 310 -23.6074
      vertex 84 310 6
      vertex 99.15 310 -23.5278
    endloop
  endfacet
  facet normal 0 1 -0
    outer loop
      vertex 98.9073 310 -23.6977
      vertex 84 310 6
      vertex 99.0249 310 -23.6074
    endloop
  endfacet
  facet normal 0 1 -0
    outer loop
      vertex 98.7979 310 -23.7979
      vertex 84 310 6
      vertex 98.9073 310 -23.6977
    endloop
  endfacet
  facet normal 0 1 -0
    outer loop
      vertex 98.6977 310 -23.9073
      vertex 84 310 6
      vertex 98.7979 310 -23.7979
    endloop
  endfacet
  facet normal 0 1 -0
    outer loop
      vertex 98.6074 310 -24.0249
      vertex 84 310 6
      vertex 98.6977 310 -23.9073
    endloop
  endfacet
  facet normal 0 1 -0
    outer loop
      vertex 98.5278 310 -24.15
      vertex 84 310 6
      vertex 98.6074 310 -24.0249
    endloop
  endfacet
  facet normal 0 1 -0
    outer loop
      vertex 98.4593 310 -24.2815
      vertex 84 310 6
      vertex 98.5278 310 -24.15
    endloop
  endfacet
  facet normal 0 1 -0
    outer loop
      vertex 98.4025 310 -24.4186
      vertex 84 310 6
      vertex 98.4593 310 -24.2815
    endloop
  endfacet
  facet normal 0 1 -0
    outer loop
      vertex 98.3579 310 -24.56
      vertex 84 310 6
      vertex 98.4025 310 -24.4186
    endloop
  endfacet
  facet normal 0 1 -0
    outer loop
      vertex 98.3258 310 -24.7048
      vertex 84 310 6
      vertex 98.3579 310 -24.56
    endloop
  endfacet
  facet normal 0 1 -0
    outer loop
      vertex 98.3065 310 -24.8518
      vertex 84 310 6
      vertex 98.3258 310 -24.7048
    endloop
  endfacet
  facet normal 0 1 -0
    outer loop
      vertex 98.3 310 -25
      vertex 84 310 6
      vertex 98.3065 310 -24.8518
    endloop
  endfacet
  facet normal 0 1 0
    outer loop
      vertex 84 310 -56
      vertex 98.3 310 -25
      vertex 98.3065 310 -25.1482
    endloop
  endfacet
  facet normal 0 1 0
    outer loop
      vertex 84 310 -56
      vertex 98.3065 310 -25.1482
      vertex 98.3258 310 -25.2952
    endloop
  endfacet
  facet normal 0 1 0
    outer loop
      vertex 84 310 -56
      vertex 98.3258 310 -25.2952
      vertex 98.3579 310 -25.44
    endloop
  endfacet
  facet normal 0 1 0
    outer loop
      vertex 84 310 -56
      vertex 98.3579 310 -25.44
      vertex 98.4025 310 -25.5814
    endloop
  endfacet
  facet normal 0 1 0
    outer loop
      vertex 84 310 -56
      vertex 98.4025 310 -25.5814
      vertex 98.4593 310 -25.7185
    endloop
  endfacet
  facet normal 0 1 0
    outer loop
      vertex 100.148 310 -26.6935
      vertex 84 310 -56
      vertex 100 310 -26.7
    endloop
  endfacet
  facet normal 0 1 0
    outer loop
      vertex 100 310 -26.7
      vertex 84 310 -56
      vertex 99.8518 310 -26.6935
    endloop
  endfacet
  facet normal 0 1 0
    outer loop
      vertex 99.8518 310 -26.6935
      vertex 84 310 -56
      vertex 99.7048 310 -26.6742
    endloop
  endfacet
  facet normal 0 1 0
    outer loop
      vertex 99.7048 310 -26.6742
      vertex 84 310 -56
      vertex 99.56 310 -26.6421
    endloop
  endfacet
  facet normal 0 1 0
    outer loop
      vertex 99.56 310 -26.6421
      vertex 84 310 -56
      vertex 99.4186 310 -26.5975
    endloop
  endfacet
  facet normal 0 1 0
    outer loop
      vertex 98.3 310 -25
      vertex 84 310 -56
      vertex 84 310 6
    endloop
  endfacet
  facet normal 0 1 0
    outer loop
      vertex 98.5278 310 -25.85
      vertex 84 310 -56
      vertex 98.4593 310 -25.7185
    endloop
  endfacet
  facet normal 0 1 0
    outer loop
      vertex 98.6074 310 -25.9751
      vertex 84 310 -56
      vertex 98.5278 310 -25.85
    endloop
  endfacet
  facet normal 0 1 0
    outer loop
      vertex 98.6977 310 -26.0927
      vertex 84 310 -56
      vertex 98.6074 310 -25.9751
    endloop
  endfacet
  facet normal 0 1 0
    outer loop
      vertex 98.7979 310 -26.2021
      vertex 84 310 -56
      vertex 98.6977 310 -26.0927
    endloop
  endfacet
  facet normal 0 1 0
    outer loop
      vertex 98.9073 310 -26.3023
      vertex 84 310 -56
      vertex 98.7979 310 -26.2021
    endloop
  endfacet
  facet normal 0 1 0
    outer loop
      vertex 99.0249 310 -26.3926
      vertex 84 310 -56
      vertex 98.9073 310 -26.3023
    endloop
  endfacet
  facet normal 0 1 0
    outer loop
      vertex 99.15 310 -26.4722
      vertex 84 310 -56
      vertex 99.0249 310 -26.3926
    endloop
  endfacet
  facet normal 0 1 0
    outer loop
      vertex 99.2815 310 -26.5407
      vertex 84 310 -56
      vertex 99.15 310 -26.4722
    endloop
  endfacet
  facet normal 0 1 0
    outer loop
      vertex 99.4186 310 -26.5975
      vertex 84 310 -56
      vertex 99.2815 310 -26.5407
    endloop
  endfacet
  facet normal 0 0.30082 -0.953681
    outer loop
      vertex 84 305.553 -61.7956
      vertex 156 306.052 -61.6382
      vertex 156 305.553 -61.7956
    endloop
  endfacet
  facet normal 0 0.30082 -0.953681
    outer loop
      vertex 156 306.052 -61.6382
      vertex 84 305.553 -61.7956
      vertex 84 306.052 -61.6382
    endloop
  endfacet
  facet normal 0 0.461834 -0.886966
    outer loop
      vertex 84 306.536 -61.4378
      vertex 156 307 -61.1962
      vertex 156 306.536 -61.4378
    endloop
  endfacet
  facet normal 0 0.461834 -0.886966
    outer loop
      vertex 156 307 -61.1962
      vertex 84 306.536 -61.4378
      vertex 84 307 -61.1962
    endloop
  endfacet
  facet normal 0 0 -1
    outer loop
      vertex 149 202.5 -62
      vertex 156 180 -62
      vertex 149 180 -62
    endloop
  endfacet
  facet normal 0 0 -1
    outer loop
      vertex 156 180 -62
      vertex 149 202.5 -62
      vertex 156 304 -62
    endloop
  endfacet
  facet normal 0 0 -1
    outer loop
      vertex 91 202.5 -62
      vertex 156 304 -62
      vertex 149 202.5 -62
    endloop
  endfacet
  facet normal 0 0 -1
    outer loop
      vertex 91 202.5 -62
      vertex 84 304 -62
      vertex 156 304 -62
    endloop
  endfacet
  facet normal 0 0 -1
    outer loop
      vertex 84 304 -62
      vertex 91 202.5 -62
      vertex 84 191.481 -62
    endloop
  endfacet
  facet normal 0 -0.843622 -0.536937
    outer loop
      vertex 148.807 175.085 -59.4415
      vertex 156 174.804 -59
      vertex 148.784 174.804 -59
    endloop
  endfacet
  facet normal 0 -0.843622 -0.536937
    outer loop
      vertex 156 174.804 -59
      vertex 148.807 175.085 -59.4415
      vertex 156 175.085 -59.4415
    endloop
  endfacet
  facet normal 0 -0.675586 -0.737281
    outer loop
      vertex 156 175.757 -60.2426
      vertex 148.891 176.143 -60.5963
      vertex 156 176.143 -60.5963
    endloop
  endfacet
  facet normal 0 -0.675586 -0.737281
    outer loop
      vertex 148.891 176.143 -60.5963
      vertex 156 175.757 -60.2426
      vertex 148.861 175.757 -60.2426
    endloop
  endfacet
  facet normal 0 -0.30082 -0.953681
    outer loop
      vertex 149 177.948 -61.6382
      vertex 156 178.447 -61.7956
      vertex 156 177.948 -61.6382
    endloop
  endfacet
  facet normal -0 -0.30082 -0.953681
    outer loop
      vertex 156 178.447 -61.7956
      vertex 149 177.948 -61.6382
      vertex 149 178.447 -61.7956
    endloop
  endfacet
  facet normal 0 -1 0
    outer loop
      vertex 84 174 -56
      vertex 156 174 6
      vertex 84 174 6
    endloop
  endfacet
  facet normal 0 -1 -0
    outer loop
      vertex 156 174 6
      vertex 84 174 -56
      vertex 156 174 -56
    endloop
  endfacet
  facet normal 0 -0.999034 0.0439405
    outer loop
      vertex 84 174 6
      vertex 156 174.023 6.52293
      vertex 84 174.023 6.52293
    endloop
  endfacet
  facet normal 0 -0.999034 0.0439405
    outer loop
      vertex 156 174.023 6.52293
      vertex 84 174 6
      vertex 156 174 6
    endloop
  endfacet
  facet normal 0 -0.886775 -0.4622
    outer loop
      vertex 148.784 174.804 -59
      vertex 156 174.562 -58.5357
      vertex 148.765 174.562 -58.5357
    endloop
  endfacet
  facet normal 0 -0.886775 -0.4622
    outer loop
      vertex 156 174.562 -58.5357
      vertex 148.784 174.804 -59
      vertex 156 174.804 -59
    endloop
  endfacet
  facet normal 0 -0.953386 -0.301753
    outer loop
      vertex 148.749 174.362 -58.0521
      vertex 156 174.204 -57.5529
      vertex 148.736 174.204 -57.5529
    endloop
  endfacet
  facet normal 0 -0.953386 -0.301753
    outer loop
      vertex 156 174.204 -57.5529
      vertex 148.749 174.362 -58.0521
      vertex 156 174.362 -58.0521
    endloop
  endfacet
  facet normal 0 -0.886771 0.462208
    outer loop
      vertex 84 174.562 8.53571
      vertex 156 174.804 9
      vertex 84 174.804 9
    endloop
  endfacet
  facet normal 0 -0.886771 0.462208
    outer loop
      vertex 156 174.804 9
      vertex 84 174.562 8.53571
      vertex 156 174.562 8.53571
    endloop
  endfacet
  facet normal 0 -0.382554 0.923933
    outer loop
      vertex 84 177.948 11.6382
      vertex 156 177.464 11.4378
      vertex 156 177.948 11.6382
    endloop
  endfacet
  facet normal 0 -0.382554 0.923933
    outer loop
      vertex 156 177.464 11.4378
      vertex 84 177.948 11.6382
      vertex 84 177.464 11.4378
    endloop
  endfacet
  facet normal -0 0.0435533 0.999051
    outer loop
      vertex 84 304.523 11.9772
      vertex 156 304 12
      vertex 156 304.523 11.9772
    endloop
  endfacet
  facet normal 0 0.0435533 0.999051
    outer loop
      vertex 156 304 12
      vertex 84 304.523 11.9772
      vertex 84 304 12
    endloop
  endfacet
  facet normal 0 0.792979 -0.609249
    outer loop
      vertex 156 308.596 -59.8567
      vertex 84 308.915 -59.4415
      vertex 156 308.915 -59.4415
    endloop
  endfacet
  facet normal 0 0.792979 -0.609249
    outer loop
      vertex 84 308.915 -59.4415
      vertex 156 308.596 -59.8567
      vertex 84 308.596 -59.8567
    endloop
  endfacet
  facet normal 0 0.537778 -0.843086
    outer loop
      vertex 84 307 -61.1962
      vertex 156 307.441 -60.9149
      vertex 156 307 -61.1962
    endloop
  endfacet
  facet normal 0 0.537778 -0.843086
    outer loop
      vertex 156 307.441 -60.9149
      vertex 84 307 -61.1962
      vertex 84 307.441 -60.9149
    endloop
  endfacet
  facet normal 0 0.216283 -0.976331
    outer loop
      vertex 84 305.042 -61.9088
      vertex 156 305.553 -61.7956
      vertex 156 305.042 -61.9088
    endloop
  endfacet
  facet normal 0 0.216283 -0.976331
    outer loop
      vertex 156 305.553 -61.7956
      vertex 84 305.042 -61.9088
      vertex 84 305.553 -61.7956
    endloop
  endfacet
  facet normal 0 -0.608031 -0.793913
    outer loop
      vertex 156 176.143 -60.5963
      vertex 148.925 176.559 -60.9149
      vertex 156 176.559 -60.9149
    endloop
  endfacet
  facet normal 0 -0.608031 -0.793913
    outer loop
      vertex 148.925 176.559 -60.9149
      vertex 156 176.143 -60.5963
      vertex 148.891 176.143 -60.5963
    endloop
  endfacet
  facet normal 0 -0.792979 -0.609249
    outer loop
      vertex 148.832 175.404 -59.8567
      vertex 156 175.085 -59.4415
      vertex 148.807 175.085 -59.4415
    endloop
  endfacet
  facet normal 0 -0.792979 -0.609249
    outer loop
      vertex 156 175.085 -59.4415
      vertex 148.832 175.404 -59.8567
      vertex 156 175.404 -59.8567
    endloop
  endfacet
  facet normal 0 -0.461834 -0.886966
    outer loop
      vertex 156 177 -61.1962
      vertex 148.997 177.464 -61.4378
      vertex 156 177.464 -61.4378
    endloop
  endfacet
  facet normal 0 -0.461834 -0.886966
    outer loop
      vertex 148.997 177.464 -61.4378
      vertex 156 177 -61.1962
      vertex 148.96 177 -61.1962
    endloop
  endfacet
  facet normal 0 -0.216283 -0.976331
    outer loop
      vertex 149 178.447 -61.7956
      vertex 156 178.958 -61.9088
      vertex 156 178.447 -61.7956
    endloop
  endfacet
  facet normal -0 -0.216283 -0.976331
    outer loop
      vertex 156 178.958 -61.9088
      vertex 149 178.447 -61.7956
      vertex 149 178.958 -61.9088
    endloop
  endfacet
  facet normal 0 -0.991686 -0.128679
    outer loop
      vertex 84 174.023 -56.5229
      vertex 88.5074 174.038 -56.6385
      vertex 156 174.023 -56.5229
    endloop
  endfacet
  facet normal -3.534e-05 -0.99151 -0.130034
    outer loop
      vertex 88.5074 174.038 -56.6385
      vertex 84 174.023 -56.5229
      vertex 84 174.071 -56.8889
    endloop
  endfacet
  facet normal -0 -0.991686 -0.128679
    outer loop
      vertex 148.723 174.038 -56.6385
      vertex 156 174.023 -56.5229
      vertex 88.5074 174.038 -56.6385
    endloop
  endfacet
  facet normal 2.55974e-05 -0.991479 -0.130264
    outer loop
      vertex 148.727 174.091 -57.0419
      vertex 156 174.023 -56.5229
      vertex 148.723 174.038 -56.6385
    endloop
  endfacet
  facet normal 0 -0.991526 -0.129911
    outer loop
      vertex 156 174.023 -56.5229
      vertex 148.727 174.091 -57.0419
      vertex 156 174.091 -57.0419
    endloop
  endfacet
  facet normal 0 -0.953388 0.301747
    outer loop
      vertex 84 174.204 7.55291
      vertex 156 174.362 8.05212
      vertex 84 174.362 8.05212
    endloop
  endfacet
  facet normal 0 -0.953388 0.301747
    outer loop
      vertex 156 174.362 8.05212
      vertex 84 174.204 7.55291
      vertex 156 174.204 7.55291
    endloop
  endfacet
  facet normal 0 -0.793021 0.609194
    outer loop
      vertex 84 175.085 9.44146
      vertex 156 175.404 9.85672
      vertex 84 175.404 9.85672
    endloop
  endfacet
  facet normal 0 -0.793021 0.609194
    outer loop
      vertex 156 175.404 9.85672
      vertex 84 175.085 9.44146
      vertex 156 175.085 9.44146
    endloop
  endfacet
  facet normal 0 -0.737843 0.674973
    outer loop
      vertex 84 175.404 9.85672
      vertex 156 175.757 10.2426
      vertex 84 175.757 10.2426
    endloop
  endfacet
  facet normal 0 -0.737843 0.674973
    outer loop
      vertex 156 175.757 10.2426
      vertex 84 175.404 9.85672
      vertex 156 175.404 9.85672
    endloop
  endfacet
  facet normal 0 -0.8436 0.536972
    outer loop
      vertex 84 174.804 9
      vertex 156 175.085 9.44146
      vertex 84 175.085 9.44146
    endloop
  endfacet
  facet normal 0 -0.8436 0.536972
    outer loop
      vertex 156 175.085 9.44146
      vertex 84 174.804 9
      vertex 156 174.804 9
    endloop
  endfacet
  facet normal 0 -0.924089 0.382179
    outer loop
      vertex 84 174.362 8.05212
      vertex 156 174.562 8.53571
      vertex 84 174.562 8.53571
    endloop
  endfacet
  facet normal 0 -0.924089 0.382179
    outer loop
      vertex 156 174.562 8.53571
      vertex 84 174.362 8.05212
      vertex 156 174.362 8.05212
    endloop
  endfacet
  facet normal 0 -0.976413 0.215911
    outer loop
      vertex 84 174.091 7.04189
      vertex 156 174.204 7.55291
      vertex 84 174.204 7.55291
    endloop
  endfacet
  facet normal 0 -0.976413 0.215911
    outer loop
      vertex 156 174.204 7.55291
      vertex 84 174.091 7.04189
      vertex 156 174.091 7.04189
    endloop
  endfacet
  facet normal 0 -0.130662 0.991427
    outer loop
      vertex 84 179.477 11.9772
      vertex 156 178.958 11.9088
      vertex 156 179.477 11.9772
    endloop
  endfacet
  facet normal 0 -0.130662 0.991427
    outer loop
      vertex 156 178.958 11.9088
      vertex 84 179.477 11.9772
      vertex 84 178.958 11.9088
    endloop
  endfacet
  facet normal 0 -0.537778 0.843086
    outer loop
      vertex 84 177 11.1962
      vertex 156 176.559 10.9149
      vertex 156 177 11.1962
    endloop
  endfacet
  facet normal 0 -0.537778 0.843086
    outer loop
      vertex 156 176.559 10.9149
      vertex 84 177 11.1962
      vertex 84 176.559 10.9149
    endloop
  endfacet
  facet normal 0 -0.216283 0.976331
    outer loop
      vertex 84 178.958 11.9088
      vertex 156 178.447 11.7956
      vertex 156 178.958 11.9088
    endloop
  endfacet
  facet normal 0 -0.216283 0.976331
    outer loop
      vertex 156 178.447 11.7956
      vertex 84 178.958 11.9088
      vertex 84 178.447 11.7956
    endloop
  endfacet
  facet normal 0 -0.461834 0.886966
    outer loop
      vertex 84 177.464 11.4378
      vertex 156 177 11.1962
      vertex 156 177.464 11.4378
    endloop
  endfacet
  facet normal 0 -0.461834 0.886966
    outer loop
      vertex 156 177 11.1962
      vertex 84 177.464 11.4378
      vertex 84 177 11.1962
    endloop
  endfacet
  facet normal 0 -0.608031 0.793913
    outer loop
      vertex 84 176.559 10.9149
      vertex 156 176.143 10.5963
      vertex 156 176.559 10.9149
    endloop
  endfacet
  facet normal 0 -0.608031 0.793913
    outer loop
      vertex 156 176.143 10.5963
      vertex 84 176.559 10.9149
      vertex 84 176.143 10.5963
    endloop
  endfacet
  facet normal 0 0.886775 -0.4622
    outer loop
      vertex 156 309.196 -59
      vertex 84 309.438 -58.5357
      vertex 156 309.438 -58.5357
    endloop
  endfacet
  facet normal 0 0.886775 -0.4622
    outer loop
      vertex 84 309.438 -58.5357
      vertex 156 309.196 -59
      vertex 84 309.196 -59
    endloop
  endfacet
  facet normal 0 0.73786 -0.674954
    outer loop
      vertex 156 308.243 -60.2426
      vertex 84 308.596 -59.8567
      vertex 156 308.596 -59.8567
    endloop
  endfacet
  facet normal 0 0.73786 -0.674954
    outer loop
      vertex 84 308.596 -59.8567
      vertex 156 308.243 -60.2426
      vertex 84 308.243 -60.2426
    endloop
  endfacet
  facet normal 0 0.608031 -0.793913
    outer loop
      vertex 84 307.441 -60.9149
      vertex 156 307.857 -60.5963
      vertex 156 307.441 -60.9149
    endloop
  endfacet
  facet normal 0 0.608031 -0.793913
    outer loop
      vertex 156 307.857 -60.5963
      vertex 84 307.441 -60.9149
      vertex 84 307.857 -60.5963
    endloop
  endfacet
  facet normal 0 0.382554 -0.923933
    outer loop
      vertex 84 306.052 -61.6382
      vertex 156 306.536 -61.4378
      vertex 156 306.052 -61.6382
    endloop
  endfacet
  facet normal 0 0.382554 -0.923933
    outer loop
      vertex 156 306.536 -61.4378
      vertex 84 306.052 -61.6382
      vertex 84 306.536 -61.4378
    endloop
  endfacet
  facet normal 0 -0.537778 -0.843086
    outer loop
      vertex 156 176.559 -60.9149
      vertex 148.96 177 -61.1962
      vertex 156 177 -61.1962
    endloop
  endfacet
  facet normal 0 -0.537778 -0.843086
    outer loop
      vertex 148.96 177 -61.1962
      vertex 156 176.559 -60.9149
      vertex 148.925 176.559 -60.9149
    endloop
  endfacet
  facet normal -1.39626e-05 -0.382554 -0.923933
    outer loop
      vertex 156 177.464 -61.4378
      vertex 149 177.5 -61.4526
      vertex 156 177.948 -61.6382
    endloop
  endfacet
  facet normal 0 -0.380233 -0.924891
    outer loop
      vertex 149 177.5 -61.4526
      vertex 156 177.464 -61.4378
      vertex 148.997 177.464 -61.4378
    endloop
  endfacet
  facet normal -0 -0.38274 -0.923856
    outer loop
      vertex 156 177.948 -61.6382
      vertex 149 177.5 -61.4526
      vertex 149 177.948 -61.6382
    endloop
  endfacet
  facet normal 0 -0.130662 -0.991427
    outer loop
      vertex 149 178.958 -61.9088
      vertex 156 179.477 -61.9772
      vertex 156 178.958 -61.9088
    endloop
  endfacet
  facet normal -0 -0.130662 -0.991427
    outer loop
      vertex 156 179.477 -61.9772
      vertex 149 178.958 -61.9088
      vertex 149 179.477 -61.9772
    endloop
  endfacet
  facet normal 0 -0.976411 -0.215919
    outer loop
      vertex 148.736 174.204 -57.5529
      vertex 156 174.091 -57.0419
      vertex 148.727 174.091 -57.0419
    endloop
  endfacet
  facet normal 0 -0.976411 -0.215919
    outer loop
      vertex 156 174.091 -57.0419
      vertex 148.736 174.204 -57.5529
      vertex 156 174.204 -57.5529
    endloop
  endfacet
  facet normal 0 -0.924091 -0.382172
    outer loop
      vertex 148.765 174.562 -58.5357
      vertex 156 174.362 -58.0521
      vertex 148.749 174.362 -58.0521
    endloop
  endfacet
  facet normal 0 -0.924091 -0.382172
    outer loop
      vertex 156 174.362 -58.0521
      vertex 148.765 174.562 -58.5357
      vertex 156 174.562 -58.5357
    endloop
  endfacet
  facet normal -0 0.30082 0.953681
    outer loop
      vertex 84 306.052 11.6382
      vertex 156 305.553 11.7956
      vertex 156 306.052 11.6382
    endloop
  endfacet
  facet normal 0 0.30082 0.953681
    outer loop
      vertex 156 305.553 11.7956
      vertex 84 306.052 11.6382
      vertex 84 305.553 11.7956
    endloop
  endfacet
  facet normal 0 0.999034 -0.043943
    outer loop
      vertex 156 309.977 -56.5229
      vertex 84 310 -56
      vertex 156 310 -56
    endloop
  endfacet
  facet normal 0 0.999034 -0.043943
    outer loop
      vertex 84 310 -56
      vertex 156 309.977 -56.5229
      vertex 84 309.977 -56.5229
    endloop
  endfacet
  facet normal 0 0.924091 -0.382172
    outer loop
      vertex 156 309.438 -58.5357
      vertex 84 309.638 -58.0521
      vertex 156 309.638 -58.0521
    endloop
  endfacet
  facet normal 0 0.924091 -0.382172
    outer loop
      vertex 84 309.638 -58.0521
      vertex 156 309.438 -58.5357
      vertex 84 309.438 -58.5357
    endloop
  endfacet
  facet normal 0 0.843622 -0.536937
    outer loop
      vertex 156 308.915 -59.4415
      vertex 84 309.196 -59
      vertex 156 309.196 -59
    endloop
  endfacet
  facet normal 0 0.843622 -0.536937
    outer loop
      vertex 84 309.196 -59
      vertex 156 308.915 -59.4415
      vertex 84 308.915 -59.4415
    endloop
  endfacet
  facet normal 0 0.886771 0.462208
    outer loop
      vertex 156 309.438 8.53571
      vertex 84 309.196 9
      vertex 156 309.196 9
    endloop
  endfacet
  facet normal 0 0.886771 0.462208
    outer loop
      vertex 84 309.196 9
      vertex 156 309.438 8.53571
      vertex 84 309.438 8.53571
    endloop
  endfacet
  facet normal 0 0.991524 0.129921
    outer loop
      vertex 156 309.977 6.52293
      vertex 84 309.909 7.04189
      vertex 156 309.909 7.04189
    endloop
  endfacet
  facet normal 0 0.991524 0.129921
    outer loop
      vertex 84 309.909 7.04189
      vertex 156 309.977 6.52293
      vertex 84 309.977 6.52293
    endloop
  endfacet
  facet normal 0 -0.73786 -0.674954
    outer loop
      vertex 148.861 175.757 -60.2426
      vertex 156 175.404 -59.8567
      vertex 148.832 175.404 -59.8567
    endloop
  endfacet
  facet normal 0 -0.73786 -0.674954
    outer loop
      vertex 156 175.404 -59.8567
      vertex 148.861 175.757 -60.2426
      vertex 156 175.757 -60.2426
    endloop
  endfacet
  facet normal 0 -0.30082 0.953681
    outer loop
      vertex 84 178.447 11.7956
      vertex 156 177.948 11.6382
      vertex 156 178.447 11.7956
    endloop
  endfacet
  facet normal 0 -0.30082 0.953681
    outer loop
      vertex 156 177.948 11.6382
      vertex 84 178.447 11.7956
      vertex 84 177.948 11.6382
    endloop
  endfacet
  facet normal -0 0.461834 0.886966
    outer loop
      vertex 84 307 11.1962
      vertex 156 306.536 11.4378
      vertex 156 307 11.1962
    endloop
  endfacet
  facet normal 0 0.461834 0.886966
    outer loop
      vertex 156 306.536 11.4378
      vertex 84 307 11.1962
      vertex 84 306.536 11.4378
    endloop
  endfacet
  facet normal -0 0.537778 0.843086
    outer loop
      vertex 84 307.441 10.9149
      vertex 156 307 11.1962
      vertex 156 307.441 10.9149
    endloop
  endfacet
  facet normal 0 0.537778 0.843086
    outer loop
      vertex 156 307 11.1962
      vertex 84 307.441 10.9149
      vertex 84 307 11.1962
    endloop
  endfacet
  facet normal -0 0.382554 0.923933
    outer loop
      vertex 84 306.536 11.4378
      vertex 156 306.052 11.6382
      vertex 156 306.536 11.4378
    endloop
  endfacet
  facet normal 0 0.382554 0.923933
    outer loop
      vertex 156 306.052 11.6382
      vertex 84 306.536 11.4378
      vertex 84 306.052 11.6382
    endloop
  endfacet
  facet normal -0 0.130662 0.991427
    outer loop
      vertex 84 305.042 11.9088
      vertex 156 304.523 11.9772
      vertex 156 305.042 11.9088
    endloop
  endfacet
  facet normal 0 0.130662 0.991427
    outer loop
      vertex 156 304.523 11.9772
      vertex 84 305.042 11.9088
      vertex 84 304.523 11.9772
    endloop
  endfacet
  facet normal -0 0.216283 0.976331
    outer loop
      vertex 84 305.553 11.7956
      vertex 156 305.042 11.9088
      vertex 156 305.553 11.7956
    endloop
  endfacet
  facet normal 0 0.216283 0.976331
    outer loop
      vertex 156 305.042 11.9088
      vertex 84 305.553 11.7956
      vertex 84 305.042 11.9088
    endloop
  endfacet
  facet normal 0 0.953386 -0.301753
    outer loop
      vertex 156 309.638 -58.0521
      vertex 84 309.796 -57.5529
      vertex 156 309.796 -57.5529
    endloop
  endfacet
  facet normal 0 0.953386 -0.301753
    outer loop
      vertex 84 309.796 -57.5529
      vertex 156 309.638 -58.0521
      vertex 84 309.638 -58.0521
    endloop
  endfacet
  facet normal 0 0.675586 -0.737281
    outer loop
      vertex 84 307.857 -60.5963
      vertex 156 308.243 -60.2426
      vertex 156 307.857 -60.5963
    endloop
  endfacet
  facet normal 0 0.675586 -0.737281
    outer loop
      vertex 156 308.243 -60.2426
      vertex 84 307.857 -60.5963
      vertex 84 308.243 -60.2426
    endloop
  endfacet
  facet normal 0 0.793021 0.609194
    outer loop
      vertex 156 308.915 9.44146
      vertex 84 308.596 9.85672
      vertex 156 308.596 9.85672
    endloop
  endfacet
  facet normal 0 0.793021 0.609194
    outer loop
      vertex 84 308.596 9.85672
      vertex 156 308.915 9.44146
      vertex 84 308.915 9.44146
    endloop
  endfacet
  facet normal -0 0.675586 0.737281
    outer loop
      vertex 84 308.243 10.2426
      vertex 156 307.857 10.5963
      vertex 156 308.243 10.2426
    endloop
  endfacet
  facet normal 0 0.675586 0.737281
    outer loop
      vertex 156 307.857 10.5963
      vertex 84 308.243 10.2426
      vertex 84 307.857 10.5963
    endloop
  endfacet
  facet normal 0 0.924089 0.382179
    outer loop
      vertex 156 309.638 8.05212
      vertex 84 309.438 8.53571
      vertex 156 309.438 8.53571
    endloop
  endfacet
  facet normal 0 0.924089 0.382179
    outer loop
      vertex 84 309.438 8.53571
      vertex 156 309.638 8.05212
      vertex 84 309.638 8.05212
    endloop
  endfacet
  facet normal 0 0.999034 0.0439405
    outer loop
      vertex 156 310 6
      vertex 84 309.977 6.52293
      vertex 156 309.977 6.52293
    endloop
  endfacet
  facet normal 0 0.999034 0.0439405
    outer loop
      vertex 84 309.977 6.52293
      vertex 156 310 6
      vertex 84 310 6
    endloop
  endfacet
  facet normal 0 0.991526 -0.129911
    outer loop
      vertex 156 309.909 -57.0419
      vertex 84 309.977 -56.5229
      vertex 156 309.977 -56.5229
    endloop
  endfacet
  facet normal 0 0.991526 -0.129911
    outer loop
      vertex 84 309.977 -56.5229
      vertex 156 309.909 -57.0419
      vertex 84 309.909 -57.0419
    endloop
  endfacet
  facet normal 0 0.976411 -0.215919
    outer loop
      vertex 156 309.796 -57.5529
      vertex 84 309.909 -57.0419
      vertex 156 309.909 -57.0419
    endloop
  endfacet
  facet normal 0 0.976411 -0.215919
    outer loop
      vertex 84 309.909 -57.0419
      vertex 156 309.796 -57.5529
      vertex 84 309.796 -57.5529
    endloop
  endfacet
  facet normal 0 0.737843 0.674973
    outer loop
      vertex 156 308.596 9.85672
      vertex 84 308.243 10.2426
      vertex 156 308.243 10.2426
    endloop
  endfacet
  facet normal 0 0.737843 0.674973
    outer loop
      vertex 84 308.243 10.2426
      vertex 156 308.596 9.85672
      vertex 84 308.596 9.85672
    endloop
  endfacet
  facet normal 0 0.8436 0.536972
    outer loop
      vertex 156 309.196 9
      vertex 84 308.915 9.44146
      vertex 156 308.915 9.44146
    endloop
  endfacet
  facet normal 0 0.8436 0.536972
    outer loop
      vertex 84 308.915 9.44146
      vertex 156 309.196 9
      vertex 84 309.196 9
    endloop
  endfacet
  facet normal -0 0.608031 0.793913
    outer loop
      vertex 84 307.857 10.5963
      vertex 156 307.441 10.9149
      vertex 156 307.857 10.5963
    endloop
  endfacet
  facet normal 0 0.608031 0.793913
    outer loop
      vertex 156 307.441 10.9149
      vertex 84 307.857 10.5963
      vertex 84 307.441 10.9149
    endloop
  endfacet
  facet normal 0 0.976413 0.215911
    outer loop
      vertex 156 309.909 7.04189
      vertex 84 309.796 7.55291
      vertex 156 309.796 7.55291
    endloop
  endfacet
  facet normal 0 0.976413 0.215911
    outer loop
      vertex 84 309.796 7.55291
      vertex 156 309.909 7.04189
      vertex 84 309.909 7.04189
    endloop
  endfacet
  facet normal 0 0.953388 0.301747
    outer loop
      vertex 156 309.796 7.55291
      vertex 84 309.638 8.05212
      vertex 156 309.638 8.05212
    endloop
  endfacet
  facet normal 0 0.953388 0.301747
    outer loop
      vertex 84 309.638 8.05212
      vertex 156 309.796 7.55291
      vertex 84 309.796 7.55291
    endloop
  endfacet
  facet normal 1 0 0
    outer loop
      vertex 88 202.045 0.536843
      vertex 88 183.535 1.78676
      vertex 88 202.041 -16.6438
    endloop
  endfacet
  facet normal 1 0 0
    outer loop
      vertex 88 199 -25
      vertex 88 185.479 -55.5206
      vertex 88 185.5 -56
    endloop
  endfacet
  facet normal 1 -0 0
    outer loop
      vertex 88 183.155 1.49466
      vertex 88 202.041 -16.6438
      vertex 88 183.535 1.78676
    endloop
  endfacet
  facet normal 1 0 0
    outer loop
      vertex 88 199 -25
      vertex 88 185.416 -55.0449
      vertex 88 185.479 -55.5206
    endloop
  endfacet
  facet normal 1 0 0
    outer loop
      vertex 88 202.041 -16.6438
      vertex 88 183.155 1.49466
      vertex 88 201.351 -17.5435
    endloop
  endfacet
  facet normal 1 0 0
    outer loop
      vertex 88 199 -25
      vertex 88 185.313 -54.5765
      vertex 88 185.416 -55.0449
    endloop
  endfacet
  facet normal 1 -0 0
    outer loop
      vertex 88 182.75 1.23686
      vertex 88 201.351 -17.5435
      vertex 88 183.155 1.49466
    endloop
  endfacet
  facet normal 1 0 0
    outer loop
      vertex 88 199 -25
      vertex 88 185.168 -54.1189
      vertex 88 185.313 -54.5765
    endloop
  endfacet
  facet normal 1 0 0
    outer loop
      vertex 88 201.351 -17.5435
      vertex 88 182.75 1.23686
      vertex 88 200.742 -18.5
    endloop
  endfacet
  facet normal 1 0 0
    outer loop
      vertex 88 199 -25
      vertex 88 184.985 -53.6756
      vertex 88 185.168 -54.1189
    endloop
  endfacet
  facet normal 1 -0 0
    outer loop
      vertex 88 182.324 1.01531
      vertex 88 200.742 -18.5
      vertex 88 182.75 1.23686
    endloop
  endfacet
  facet normal 1 0 0
    outer loop
      vertex 88 199 -25
      vertex 88 184.763 -53.25
      vertex 88 184.985 -53.6756
    endloop
  endfacet
  facet normal 1 0 0
    outer loop
      vertex 88 200.742 -18.5
      vertex 88 182.324 1.01531
      vertex 88 200.218 -19.506
    endloop
  endfacet
  facet normal 1 0 0
    outer loop
      vertex 88 199 -25
      vertex 88 184.505 -52.8453
      vertex 88 184.763 -53.25
    endloop
  endfacet
  facet normal 1 -0 0
    outer loop
      vertex 88 181.881 0.83169
      vertex 88 200.218 -19.506
      vertex 88 182.324 1.01531
    endloop
  endfacet
  facet normal 1 0 0
    outer loop
      vertex 88 199 -25
      vertex 88 184.213 -52.4647
      vertex 88 184.505 -52.8453
    endloop
  endfacet
  facet normal 1 -0 0
    outer loop
      vertex 88 181.424 0.687407
      vertex 88 200.218 -19.506
      vertex 88 181.881 0.83169
    endloop
  endfacet
  facet normal 1 0 0
    outer loop
      vertex 88 199 -25
      vertex 88 183.889 -52.1109
      vertex 88 184.213 -52.4647
    endloop
  endfacet
  facet normal 1 0 0
    outer loop
      vertex 88 200.218 -19.506
      vertex 88 181.424 0.687407
      vertex 88 199.784 -20.5537
    endloop
  endfacet
  facet normal 1 0 0
    outer loop
      vertex 88 199 -25
      vertex 88 183.535 -51.7868
      vertex 88 183.889 -52.1109
    endloop
  endfacet
  facet normal 1 -0 0
    outer loop
      vertex 88 180.955 0.583557
      vertex 88 199.784 -20.5537
      vertex 88 181.424 0.687407
    endloop
  endfacet
  facet normal 1 0 0
    outer loop
      vertex 88 199 -25
      vertex 88 183.155 -51.4947
      vertex 88 183.535 -51.7868
    endloop
  endfacet
  facet normal 1 0 0
    outer loop
      vertex 88 199.784 -20.5537
      vertex 88 180.955 0.583557
      vertex 88 199.443 -21.6354
    endloop
  endfacet
  facet normal 1 0 0
    outer loop
      vertex 88 199 -25
      vertex 88 182.75 -51.2369
      vertex 88 183.155 -51.4947
    endloop
  endfacet
  facet normal 1 -0 0
    outer loop
      vertex 88 180.479 0.520928
      vertex 88 199.443 -21.6354
      vertex 88 180.955 0.583557
    endloop
  endfacet
  facet normal 1 0 0
    outer loop
      vertex 88 199 -25
      vertex 88 182.324 -51.0153
      vertex 88 182.75 -51.2369
    endloop
  endfacet
  facet normal 1 0 0
    outer loop
      vertex 88 199.443 -21.6354
      vertex 88 180.479 0.520928
      vertex 88 199.197 -22.7426
    endloop
  endfacet
  facet normal 1 0 0
    outer loop
      vertex 88 199 -25
      vertex 88 181.881 -50.8317
      vertex 88 182.324 -51.0153
    endloop
  endfacet
  facet normal 1 -0 0
    outer loop
      vertex 88 180 0.5
      vertex 88 199.197 -22.7426
      vertex 88 180.479 0.520928
    endloop
  endfacet
  facet normal 1 0 0
    outer loop
      vertex 88 199 -25
      vertex 88 181.424 -50.6874
      vertex 88 181.881 -50.8317
    endloop
  endfacet
  facet normal 1 0 0
    outer loop
      vertex 88 179.521 0.520928
      vertex 88 199.197 -22.7426
      vertex 88 180 0.5
    endloop
  endfacet
  facet normal 1 0 0
    outer loop
      vertex 88 199 -25
      vertex 88 180.955 -50.5836
      vertex 88 181.424 -50.6874
    endloop
  endfacet
  facet normal 1 0 0
    outer loop
      vertex 88 199.197 -22.7426
      vertex 88 179.521 0.520928
      vertex 88 199.049 -23.867
    endloop
  endfacet
  facet normal 1 0 0
    outer loop
      vertex 88 199 -25
      vertex 88 180.479 -50.5209
      vertex 88 180.955 -50.5836
    endloop
  endfacet
  facet normal 1 0 0
    outer loop
      vertex 88 179.045 0.583557
      vertex 88 199.049 -23.867
      vertex 88 179.521 0.520928
    endloop
  endfacet
  facet normal 1 0 0
    outer loop
      vertex 88 199 -25
      vertex 88 180 -50.5
      vertex 88 180.479 -50.5209
    endloop
  endfacet
  facet normal 1 0 0
    outer loop
      vertex 88 199.049 -23.867
      vertex 88 179.045 0.583557
      vertex 88 199 -25
    endloop
  endfacet
  facet normal 1 0 0
    outer loop
      vertex 88 199 -25
      vertex 88 179.521 -50.5209
      vertex 88 180 -50.5
    endloop
  endfacet
  facet normal 1 0 0
    outer loop
      vertex 88 178.576 0.687407
      vertex 88 199 -25
      vertex 88 179.045 0.583557
    endloop
  endfacet
  facet normal 1 0 0
    outer loop
      vertex 88 199 -25
      vertex 88 179.045 -50.5836
      vertex 88 179.521 -50.5209
    endloop
  endfacet
  facet normal 1 0 0
    outer loop
      vertex 88 178.576 -50.6874
      vertex 88 199 -25
      vertex 88 178.576 0.687407
    endloop
  endfacet
  facet normal 1 0 0
    outer loop
      vertex 88 199 -25
      vertex 88 178.576 -50.6874
      vertex 88 179.045 -50.5836
    endloop
  endfacet
  facet normal 1 0 0
    outer loop
      vertex 88 178.119 0.83169
      vertex 88 178.576 -50.6874
      vertex 88 178.576 0.687407
    endloop
  endfacet
  facet normal 1 0 0
    outer loop
      vertex 88 178.119 0.83169
      vertex 88 178.119 -50.8317
      vertex 88 178.576 -50.6874
    endloop
  endfacet
  facet normal 1 0 0
    outer loop
      vertex 88 178 0.880935
      vertex 88 178.119 -50.8317
      vertex 88 178.119 0.83169
    endloop
  endfacet
  facet normal 1 0 0
    outer loop
      vertex 88 178.119 -50.8317
      vertex 88 178 0.880935
      vertex 88 178 -50.8809
    endloop
  endfacet
  facet normal 1 -0 0
    outer loop
      vertex 88 247.895 -26.325
      vertex 88 299.237 -53.25
      vertex 88 248.002 -26.1199
    endloop
  endfacet
  facet normal 1 0 0
    outer loop
      vertex 88 246.925 -22.705
      vertex 88 298.5 6
      vertex 88 298.521 6.47936
    endloop
  endfacet
  facet normal 1 0 0
    outer loop
      vertex 88 246.72 -22.5983
      vertex 88 298.521 6.47936
      vertex 88 298.584 6.95506
    endloop
  endfacet
  facet normal 1 0 0
    outer loop
      vertex 88 246.506 -22.5098
      vertex 88 298.584 6.95506
      vertex 88 298.687 7.4235
    endloop
  endfacet
  facet normal 1 0 0
    outer loop
      vertex 88 246.286 -22.4403
      vertex 88 298.687 7.4235
      vertex 88 298.832 7.88111
    endloop
  endfacet
  facet normal 1 0 0
    outer loop
      vertex 88 246.06 -22.3903
      vertex 88 298.832 7.88111
      vertex 88 298.881 8
    endloop
  endfacet
  facet normal 1 0 0
    outer loop
      vertex 88 298.521 5.52064
      vertex 88 248.24 -24.769
      vertex 88 248.25 -25
    endloop
  endfacet
  facet normal 1 0 0
    outer loop
      vertex 88 298.521 5.52064
      vertex 88 248.21 -24.5398
      vertex 88 248.24 -24.769
    endloop
  endfacet
  facet normal 1 0 0
    outer loop
      vertex 88 298.521 5.52064
      vertex 88 248.16 -24.3141
      vertex 88 248.21 -24.5398
    endloop
  endfacet
  facet normal 1 0 0
    outer loop
      vertex 88 298.521 5.52064
      vertex 88 248.09 -24.0936
      vertex 88 248.16 -24.3141
    endloop
  endfacet
  facet normal 1 0 0
    outer loop
      vertex 88 298.521 5.52064
      vertex 88 248.002 -23.8801
      vertex 88 248.09 -24.0936
    endloop
  endfacet
  facet normal 1 0 0
    outer loop
      vertex 88 298.521 5.52064
      vertex 88 247.895 -23.675
      vertex 88 248.002 -23.8801
    endloop
  endfacet
  facet normal 1 0 0
    outer loop
      vertex 88 298.521 5.52064
      vertex 88 247.771 -23.48
      vertex 88 247.895 -23.675
    endloop
  endfacet
  facet normal 1 0 0
    outer loop
      vertex 88 298.521 5.52064
      vertex 88 247.63 -23.2966
      vertex 88 247.771 -23.48
    endloop
  endfacet
  facet normal 1 0 0
    outer loop
      vertex 88 298.521 5.52064
      vertex 88 247.474 -23.1262
      vertex 88 247.63 -23.2966
    endloop
  endfacet
  facet normal 1 0 0
    outer loop
      vertex 88 298.521 5.52064
      vertex 88 247.303 -22.97
      vertex 88 247.474 -23.1262
    endloop
  endfacet
  facet normal 1 0 0
    outer loop
      vertex 88 298.521 5.52064
      vertex 88 247.12 -22.8292
      vertex 88 247.303 -22.97
    endloop
  endfacet
  facet normal 1 0 0
    outer loop
      vertex 88 298.5 6
      vertex 88 246.925 -22.705
      vertex 88 247.12 -22.8292
    endloop
  endfacet
  facet normal 1 0 0
    outer loop
      vertex 88 298.521 6.47936
      vertex 88 246.72 -22.5983
      vertex 88 246.925 -22.705
    endloop
  endfacet
  facet normal 1 0 0
    outer loop
      vertex 88 298.584 6.95506
      vertex 88 246.506 -22.5098
      vertex 88 246.72 -22.5983
    endloop
  endfacet
  facet normal 1 0 0
    outer loop
      vertex 88 298.687 7.4235
      vertex 88 246.286 -22.4403
      vertex 88 246.506 -22.5098
    endloop
  endfacet
  facet normal 1 0 0
    outer loop
      vertex 88 298.832 7.88111
      vertex 88 246.06 -22.3903
      vertex 88 246.286 -22.4403
    endloop
  endfacet
  facet normal 1 0 0
    outer loop
      vertex 88 298.881 8
      vertex 88 245.831 -22.3601
      vertex 88 246.06 -22.3903
    endloop
  endfacet
  facet normal 1 -0 0
    outer loop
      vertex 88 204.82 2.47958
      vertex 88 245.831 -22.3601
      vertex 88 298.881 8
    endloop
  endfacet
  facet normal 1 0 0
    outer loop
      vertex 88 245.831 -22.3601
      vertex 88 204.82 2.47958
      vertex 88 245.6 -22.35
    endloop
  endfacet
  facet normal 1 -0 -0
    outer loop
      vertex 88 204.888 2.34803
      vertex 88 245.6 -22.35
      vertex 88 204.82 2.47958
    endloop
  endfacet
  facet normal 1 -0 -0
    outer loop
      vertex 88 219.456 -14.351
      vertex 88 245.6 -22.35
      vertex 88 204.888 2.34803
    endloop
  endfacet
  facet normal 1 0 0
    outer loop
      vertex 88 245.6 -22.35
      vertex 88 219.456 -14.351
      vertex 88 245.369 -22.3601
    endloop
  endfacet
  facet normal 1 -0 -0
    outer loop
      vertex 88 220.356 -15.0414
      vertex 88 245.369 -22.3601
      vertex 88 219.456 -14.351
    endloop
  endfacet
  facet normal 1 -0 -0
    outer loop
      vertex 88 221.192 -15.8076
      vertex 88 245.14 -22.3903
      vertex 88 220.356 -15.0414
    endloop
  endfacet
  facet normal 1 0 0
    outer loop
      vertex 88 237.911 -32.1118
      vertex 88 242.95 -25
      vertex 88 242.96 -24.769
    endloop
  endfacet
  facet normal 1 0 0
    outer loop
      vertex 88 224.951 -23.867
      vertex 88 242.96 -24.769
      vertex 88 242.99 -24.5398
    endloop
  endfacet
  facet normal 1 0 0
    outer loop
      vertex 88 224.951 -23.867
      vertex 88 242.99 -24.5398
      vertex 88 243.04 -24.3141
    endloop
  endfacet
  facet normal 1 0 0
    outer loop
      vertex 88 242.95 -25
      vertex 88 240.323 -33.5043
      vertex 88 240.33 -33.6525
    endloop
  endfacet
  facet normal 1 0 0
    outer loop
      vertex 88 242.95 -25
      vertex 88 240.304 -33.3573
      vertex 88 240.323 -33.5043
    endloop
  endfacet
  facet normal 1 0 0
    outer loop
      vertex 88 242.95 -25
      vertex 88 240.272 -33.2125
      vertex 88 240.304 -33.3573
    endloop
  endfacet
  facet normal 1 0 0
    outer loop
      vertex 88 242.95 -25
      vertex 88 240.227 -33.071
      vertex 88 240.272 -33.2125
    endloop
  endfacet
  facet normal 1 0 0
    outer loop
      vertex 88 224.803 -22.7426
      vertex 88 243.04 -24.3141
      vertex 88 243.11 -24.0936
    endloop
  endfacet
  facet normal 1 0 0
    outer loop
      vertex 88 242.95 -25
      vertex 88 240.17 -32.934
      vertex 88 240.227 -33.071
    endloop
  endfacet
  facet normal 1 0 0
    outer loop
      vertex 88 242.95 -25
      vertex 88 240.102 -32.8025
      vertex 88 240.17 -32.934
    endloop
  endfacet
  facet normal 1 0 0
    outer loop
      vertex 88 242.95 -25
      vertex 88 240.022 -32.6774
      vertex 88 240.102 -32.8025
    endloop
  endfacet
  facet normal 1 0 0
    outer loop
      vertex 88 242.95 -25
      vertex 88 239.932 -32.5597
      vertex 88 240.022 -32.6774
    endloop
  endfacet
  facet normal 1 0 0
    outer loop
      vertex 88 242.95 -25
      vertex 88 239.832 -32.4504
      vertex 88 239.932 -32.5597
    endloop
  endfacet
  facet normal 1 0 0
    outer loop
      vertex 88 242.95 -25
      vertex 88 239.722 -32.3502
      vertex 88 239.832 -32.4504
    endloop
  endfacet
  facet normal 1 0 0
    outer loop
      vertex 88 242.95 -25
      vertex 88 239.605 -32.2599
      vertex 88 239.722 -32.3502
    endloop
  endfacet
  facet normal 1 0 0
    outer loop
      vertex 88 224.803 -22.7426
      vertex 88 243.11 -24.0936
      vertex 88 243.198 -23.8801
    endloop
  endfacet
  facet normal 1 0 0
    outer loop
      vertex 88 242.95 -25
      vertex 88 239.48 -32.1802
      vertex 88 239.605 -32.2599
    endloop
  endfacet
  facet normal 1 0 0
    outer loop
      vertex 88 242.95 -25
      vertex 88 239.348 -32.1118
      vertex 88 239.48 -32.1802
    endloop
  endfacet
  facet normal 1 0 0
    outer loop
      vertex 88 242.95 -25
      vertex 88 239.211 -32.055
      vertex 88 239.348 -32.1118
    endloop
  endfacet
  facet normal 1 0 0
    outer loop
      vertex 88 242.95 -25
      vertex 88 239.07 -32.0104
      vertex 88 239.211 -32.055
    endloop
  endfacet
  facet normal 1 0 0
    outer loop
      vertex 88 242.95 -25
      vertex 88 238.925 -31.9783
      vertex 88 239.07 -32.0104
    endloop
  endfacet
  facet normal 1 0 0
    outer loop
      vertex 88 224.557 -21.6354
      vertex 88 243.198 -23.8801
      vertex 88 243.305 -23.675
    endloop
  endfacet
  facet normal 1 0 0
    outer loop
      vertex 88 242.95 -25
      vertex 88 238.778 -31.9589
      vertex 88 238.925 -31.9783
    endloop
  endfacet
  facet normal 1 0 0
    outer loop
      vertex 88 242.95 -25
      vertex 88 238.63 -31.9525
      vertex 88 238.778 -31.9589
    endloop
  endfacet
  facet normal 1 0 0
    outer loop
      vertex 88 242.95 -25
      vertex 88 238.481 -31.9589
      vertex 88 238.63 -31.9525
    endloop
  endfacet
  facet normal 1 0 0
    outer loop
      vertex 88 242.95 -25
      vertex 88 238.334 -31.9783
      vertex 88 238.481 -31.9589
    endloop
  endfacet
  facet normal 1 0 0
    outer loop
      vertex 88 242.95 -25
      vertex 88 238.19 -32.0104
      vertex 88 238.334 -31.9783
    endloop
  endfacet
  facet normal 1 0 0
    outer loop
      vertex 88 242.95 -25
      vertex 88 238.048 -32.055
      vertex 88 238.19 -32.0104
    endloop
  endfacet
  facet normal 1 0 0
    outer loop
      vertex 88 242.95 -25
      vertex 88 237.911 -32.1118
      vertex 88 238.048 -32.055
    endloop
  endfacet
  facet normal 1 0 0
    outer loop
      vertex 88 224.557 -21.6354
      vertex 88 243.305 -23.675
      vertex 88 243.429 -23.48
    endloop
  endfacet
  facet normal 1 0 0
    outer loop
      vertex 88 242.96 -24.769
      vertex 88 224.951 -23.867
      vertex 88 237.911 -32.1118
    endloop
  endfacet
  facet normal 1 -0 -0
    outer loop
      vertex 88 225 -25
      vertex 88 237.911 -32.1118
      vertex 88 224.951 -23.867
    endloop
  endfacet
  facet normal 1 0 0
    outer loop
      vertex 88 237.911 -32.1118
      vertex 88 225 -25
      vertex 88 237.78 -32.1802
    endloop
  endfacet
  facet normal 1 0 0
    outer loop
      vertex 88 237.78 -32.1802
      vertex 88 225 -25
      vertex 88 237.654 -32.2599
    endloop
  endfacet
  facet normal 1 -0 0
    outer loop
      vertex 88 224.951 -26.133
      vertex 88 237.654 -32.2599
      vertex 88 225 -25
    endloop
  endfacet
  facet normal 1 0 0
    outer loop
      vertex 88 237.654 -32.2599
      vertex 88 224.951 -26.133
      vertex 88 237.537 -32.3502
    endloop
  endfacet
  facet normal 1 -0 0
    outer loop
      vertex 88 224.216 -29.4463
      vertex 88 237.032 -33.071
      vertex 88 224.557 -28.3646
    endloop
  endfacet
  facet normal 1 0 0
    outer loop
      vertex 88 237.089 -32.934
      vertex 88 224.557 -28.3646
      vertex 88 237.032 -33.071
    endloop
  endfacet
  facet normal 1 0 0
    outer loop
      vertex 88 237.157 -32.8025
      vertex 88 224.557 -28.3646
      vertex 88 237.089 -32.934
    endloop
  endfacet
  facet normal 1 -0 0
    outer loop
      vertex 88 224.557 -28.3646
      vertex 88 237.157 -32.8025
      vertex 88 224.803 -27.2574
    endloop
  endfacet
  facet normal 1 0 0
    outer loop
      vertex 88 237.237 -32.6774
      vertex 88 224.803 -27.2574
      vertex 88 237.157 -32.8025
    endloop
  endfacet
  facet normal 1 0 0
    outer loop
      vertex 88 237.327 -32.5597
      vertex 88 224.803 -27.2574
      vertex 88 237.237 -32.6774
    endloop
  endfacet
  facet normal 1 -0 0
    outer loop
      vertex 88 224.803 -27.2574
      vertex 88 237.327 -32.5597
      vertex 88 224.951 -26.133
    endloop
  endfacet
  facet normal 1 0 0
    outer loop
      vertex 88 237.428 -32.4504
      vertex 88 224.951 -26.133
      vertex 88 237.327 -32.5597
    endloop
  endfacet
  facet normal 1 0 0
    outer loop
      vertex 88 224.216 -20.5537
      vertex 88 243.429 -23.48
      vertex 88 243.57 -23.2966
    endloop
  endfacet
  facet normal 1 0 0
    outer loop
      vertex 88 223.782 -19.506
      vertex 88 243.57 -23.2966
      vertex 88 243.726 -23.1262
    endloop
  endfacet
  facet normal 1 0 0
    outer loop
      vertex 88 223.782 -19.506
      vertex 88 243.726 -23.1262
      vertex 88 243.897 -22.97
    endloop
  endfacet
  facet normal 1 0 0
    outer loop
      vertex 88 223.258 -18.5
      vertex 88 243.897 -22.97
      vertex 88 244.08 -22.8292
    endloop
  endfacet
  facet normal 1 0 0
    outer loop
      vertex 88 223.258 -18.5
      vertex 88 244.08 -22.8292
      vertex 88 244.275 -22.705
    endloop
  endfacet
  facet normal 1 0 0
    outer loop
      vertex 88 245.14 -22.3903
      vertex 88 221.192 -15.8076
      vertex 88 244.914 -22.4403
    endloop
  endfacet
  facet normal 1 0 0
    outer loop
      vertex 88 237.537 -32.3502
      vertex 88 224.951 -26.133
      vertex 88 237.428 -32.4504
    endloop
  endfacet
  facet normal 1 0 0
    outer loop
      vertex 88 243.04 -24.3141
      vertex 88 224.803 -22.7426
      vertex 88 224.951 -23.867
    endloop
  endfacet
  facet normal 1 0 0
    outer loop
      vertex 88 243.198 -23.8801
      vertex 88 224.557 -21.6354
      vertex 88 224.803 -22.7426
    endloop
  endfacet
  facet normal 1 0 0
    outer loop
      vertex 88 243.429 -23.48
      vertex 88 224.216 -20.5537
      vertex 88 224.557 -21.6354
    endloop
  endfacet
  facet normal 1 0 0
    outer loop
      vertex 88 243.57 -23.2966
      vertex 88 223.782 -19.506
      vertex 88 224.216 -20.5537
    endloop
  endfacet
  facet normal 1 0 0
    outer loop
      vertex 88 243.897 -22.97
      vertex 88 223.258 -18.5
      vertex 88 223.782 -19.506
    endloop
  endfacet
  facet normal 1 0 0
    outer loop
      vertex 88 244.275 -22.705
      vertex 88 222.649 -17.5435
      vertex 88 223.258 -18.5
    endloop
  endfacet
  facet normal 1 0 0
    outer loop
      vertex 88 244.48 -22.5983
      vertex 88 222.649 -17.5435
      vertex 88 244.275 -22.705
    endloop
  endfacet
  facet normal 1 -0 -0
    outer loop
      vertex 88 222.649 -17.5435
      vertex 88 244.48 -22.5983
      vertex 88 221.959 -16.6438
    endloop
  endfacet
  facet normal 1 0 0
    outer loop
      vertex 88 244.694 -22.5098
      vertex 88 221.959 -16.6438
      vertex 88 244.48 -22.5983
    endloop
  endfacet
  facet normal 1 -0 -0
    outer loop
      vertex 88 221.959 -16.6438
      vertex 88 244.694 -22.5098
      vertex 88 221.192 -15.8076
    endloop
  endfacet
  facet normal 1 0 0
    outer loop
      vertex 88 244.914 -22.4403
      vertex 88 221.192 -15.8076
      vertex 88 244.694 -22.5098
    endloop
  endfacet
  facet normal 1 0 0
    outer loop
      vertex 88 245.369 -22.3601
      vertex 88 220.356 -15.0414
      vertex 88 245.14 -22.3903
    endloop
  endfacet
  facet normal 1 -0 -0
    outer loop
      vertex 88 204.945 2.21102
      vertex 88 218.5 -13.7417
      vertex 88 204.888 2.34803
    endloop
  endfacet
  facet normal 1 0 0
    outer loop
      vertex 88 218.5 -13.7417
      vertex 88 204.945 2.21102
      vertex 88 217.494 -13.218
    endloop
  endfacet
  facet normal 1 -0 -0
    outer loop
      vertex 88 204.99 2.06957
      vertex 88 217.494 -13.218
      vertex 88 204.945 2.21102
    endloop
  endfacet
  facet normal 1 0 0
    outer loop
      vertex 88 217.494 -13.218
      vertex 88 205.022 1.92478
      vertex 88 216.446 -12.784
    endloop
  endfacet
  facet normal 1 -0 -0
    outer loop
      vertex 88 205.041 1.77775
      vertex 88 216.446 -12.784
      vertex 88 205.022 1.92478
    endloop
  endfacet
  facet normal 1 0 0
    outer loop
      vertex 88 216.446 -12.784
      vertex 88 205.048 1.62958
      vertex 88 215.365 -12.443
    endloop
  endfacet
  facet normal 1 -0 0
    outer loop
      vertex 88 205.041 1.48142
      vertex 88 215.365 -12.443
      vertex 88 205.048 1.62958
    endloop
  endfacet
  facet normal 1 -0 0
    outer loop
      vertex 88 205.022 1.33438
      vertex 88 214.257 -12.1975
      vertex 88 205.041 1.48142
    endloop
  endfacet
  facet normal 1 -0 0
    outer loop
      vertex 88 204.82 0.779582
      vertex 88 212 -12
      vertex 88 204.888 0.911131
    endloop
  endfacet
  facet normal 1 0 0
    outer loop
      vertex 88 213.133 -12.0495
      vertex 88 204.888 0.911131
      vertex 88 212 -12
    endloop
  endfacet
  facet normal 1 -0 0
    outer loop
      vertex 88 204.888 0.911131
      vertex 88 213.133 -12.0495
      vertex 88 204.945 1.04815
    endloop
  endfacet
  facet normal 1 0 0
    outer loop
      vertex 88 214.257 -12.1975
      vertex 88 204.99 1.18959
      vertex 88 213.133 -12.0495
    endloop
  endfacet
  facet normal 1 -0 0
    outer loop
      vertex 88 204.945 1.04815
      vertex 88 213.133 -12.0495
      vertex 88 204.99 1.18959
    endloop
  endfacet
  facet normal 1 -0 0
    outer loop
      vertex 88 204.99 1.18959
      vertex 88 214.257 -12.1975
      vertex 88 205.022 1.33438
    endloop
  endfacet
  facet normal 1 0 0
    outer loop
      vertex 88 215.365 -12.443
      vertex 88 205.041 1.48142
      vertex 88 214.257 -12.1975
    endloop
  endfacet
  facet normal 1 -0 -0
    outer loop
      vertex 88 205.048 1.62958
      vertex 88 216.446 -12.784
      vertex 88 205.041 1.77775
    endloop
  endfacet
  facet normal 1 -0 -0
    outer loop
      vertex 88 205.022 1.92478
      vertex 88 217.494 -13.218
      vertex 88 204.99 2.06957
    endloop
  endfacet
  facet normal 1 0 0
    outer loop
      vertex 88 219.456 -14.351
      vertex 88 204.888 2.34803
      vertex 88 218.5 -13.7417
    endloop
  endfacet
  facet normal 1 0 0
    outer loop
      vertex 88 298.881 8
      vertex 88 204.74 2.60466
      vertex 88 204.82 2.47958
    endloop
  endfacet
  facet normal 1 0 0
    outer loop
      vertex 88 298.881 8
      vertex 88 204.65 2.72232
      vertex 88 204.74 2.60466
    endloop
  endfacet
  facet normal 1 0 0
    outer loop
      vertex 88 298.881 8
      vertex 88 204.55 2.83166
      vertex 88 204.65 2.72232
    endloop
  endfacet
  facet normal 1 0 0
    outer loop
      vertex 88 298.881 8
      vertex 88 204.44 2.93186
      vertex 88 204.55 2.83166
    endloop
  endfacet
  facet normal 1 0 0
    outer loop
      vertex 88 298.881 8
      vertex 88 204.323 3.02214
      vertex 88 204.44 2.93186
    endloop
  endfacet
  facet normal 1 0 0
    outer loop
      vertex 88 298.881 8
      vertex 88 204.198 3.10182
      vertex 88 204.323 3.02214
    endloop
  endfacet
  facet normal 1 0 0
    outer loop
      vertex 88 298.881 8
      vertex 88 204.066 3.17031
      vertex 88 204.198 3.10182
    endloop
  endfacet
  facet normal 1 0 0
    outer loop
      vertex 88 298.881 8
      vertex 88 203.929 3.22706
      vertex 88 204.066 3.17031
    endloop
  endfacet
  facet normal 1 0 0
    outer loop
      vertex 88 298.881 8
      vertex 88 203.788 3.27166
      vertex 88 203.929 3.22706
    endloop
  endfacet
  facet normal 1 0 0
    outer loop
      vertex 88 298.881 8
      vertex 88 203.643 3.30375
      vertex 88 203.788 3.27166
    endloop
  endfacet
  facet normal 1 -0 0
    outer loop
      vertex 88 185.119 8
      vertex 88 203.643 3.30375
      vertex 88 298.881 8
    endloop
  endfacet
  facet normal 1 0 0
    outer loop
      vertex 88 203.643 3.30375
      vertex 88 185.119 8
      vertex 88 203.496 3.32311
    endloop
  endfacet
  facet normal 1 0 0
    outer loop
      vertex 88 203.496 3.32311
      vertex 88 185.119 8
      vertex 88 203.348 3.32958
    endloop
  endfacet
  facet normal 1 0 0
    outer loop
      vertex 88 201.705 1.18959
      vertex 88 184.763 3.25
      vertex 88 201.75 1.04815
    endloop
  endfacet
  facet normal 1 0 0
    outer loop
      vertex 88 201.705 2.06957
      vertex 88 185.416 5.04493
      vertex 88 201.673 1.92478
    endloop
  endfacet
  facet normal 1 0 0
    outer loop
      vertex 88 201.673 1.92478
      vertex 88 185.313 4.5765
      vertex 88 201.654 1.77775
    endloop
  endfacet
  facet normal 1 0 0
    outer loop
      vertex 88 201.75 1.04815
      vertex 88 184.505 2.84533
      vertex 88 201.807 0.911131
    endloop
  endfacet
  facet normal 1 -0 0
    outer loop
      vertex 88 184.213 2.46467
      vertex 88 201.807 0.911131
      vertex 88 184.505 2.84533
    endloop
  endfacet
  facet normal 1 0 0
    outer loop
      vertex 88 201.807 0.911131
      vertex 88 184.213 2.46467
      vertex 88 201.875 0.779582
    endloop
  endfacet
  facet normal 1 0 0
    outer loop
      vertex 88 201.875 0.779582
      vertex 88 184.213 2.46467
      vertex 88 201.955 0.654502
    endloop
  endfacet
  facet normal 1 0 0
    outer loop
      vertex 88 199.049 -26.133
      vertex 88 185.5 -56
      vertex 88 199.197 -27.2574
    endloop
  endfacet
  facet normal 1 0 0
    outer loop
      vertex 88 201.955 0.654502
      vertex 88 183.889 2.11091
      vertex 88 202.045 0.536843
    endloop
  endfacet
  facet normal 1 -0 0
    outer loop
      vertex 88 183.889 2.11091
      vertex 88 201.955 0.654502
      vertex 88 184.213 2.46467
    endloop
  endfacet
  facet normal 1 -0 0
    outer loop
      vertex 88 185.416 5.04493
      vertex 88 201.705 2.06957
      vertex 88 185.479 5.52064
    endloop
  endfacet
  facet normal 1 0 0
    outer loop
      vertex 88 201.75 2.21102
      vertex 88 185.479 5.52064
      vertex 88 201.705 2.06957
    endloop
  endfacet
  facet normal 1 -0 0
    outer loop
      vertex 88 185.479 5.52064
      vertex 88 201.75 2.21102
      vertex 88 185.5 6
    endloop
  endfacet
  facet normal 1 0 0
    outer loop
      vertex 88 201.807 2.34803
      vertex 88 185.5 6
      vertex 88 201.75 2.21102
    endloop
  endfacet
  facet normal 1 0 0
    outer loop
      vertex 88 201.875 2.47958
      vertex 88 185.5 6
      vertex 88 201.807 2.34803
    endloop
  endfacet
  facet normal 1 0 0
    outer loop
      vertex 88 185.479 6.47936
      vertex 88 201.875 2.47958
      vertex 88 201.955 2.60466
    endloop
  endfacet
  facet normal 1 0 0
    outer loop
      vertex 88 185.416 6.95506
      vertex 88 201.955 2.60466
      vertex 88 202.045 2.72232
    endloop
  endfacet
  facet normal 1 0 0
    outer loop
      vertex 88 185.416 6.95506
      vertex 88 202.045 2.72232
      vertex 88 202.145 2.83166
    endloop
  endfacet
  facet normal 1 0 0
    outer loop
      vertex 88 185.313 7.4235
      vertex 88 202.145 2.83166
      vertex 88 202.255 2.93186
    endloop
  endfacet
  facet normal 1 0 0
    outer loop
      vertex 88 185.168 7.88111
      vertex 88 202.255 2.93186
      vertex 88 202.372 3.02214
    endloop
  endfacet
  facet normal 1 0 0
    outer loop
      vertex 88 185.119 8
      vertex 88 202.372 3.02214
      vertex 88 202.498 3.10182
    endloop
  endfacet
  facet normal 1 0 0
    outer loop
      vertex 88 185.119 8
      vertex 88 202.498 3.10182
      vertex 88 202.629 3.17031
    endloop
  endfacet
  facet normal 1 0 0
    outer loop
      vertex 88 185.119 8
      vertex 88 202.629 3.17031
      vertex 88 202.766 3.22706
    endloop
  endfacet
  facet normal 1 0 0
    outer loop
      vertex 88 185.119 8
      vertex 88 202.766 3.22706
      vertex 88 202.908 3.27166
    endloop
  endfacet
  facet normal 1 0 0
    outer loop
      vertex 88 185.119 8
      vertex 88 202.908 3.27166
      vertex 88 203.052 3.30375
    endloop
  endfacet
  facet normal 1 0 0
    outer loop
      vertex 88 185.119 8
      vertex 88 203.052 3.30375
      vertex 88 203.199 3.32311
    endloop
  endfacet
  facet normal 1 0 0
    outer loop
      vertex 88 203.348 3.32958
      vertex 88 185.119 8
      vertex 88 203.199 3.32311
    endloop
  endfacet
  facet normal 1 0 0
    outer loop
      vertex 88 201.875 2.47958
      vertex 88 185.479 6.47936
      vertex 88 185.5 6
    endloop
  endfacet
  facet normal 1 0 0
    outer loop
      vertex 88 201.955 2.60466
      vertex 88 185.416 6.95506
      vertex 88 185.479 6.47936
    endloop
  endfacet
  facet normal 1 0 0
    outer loop
      vertex 88 202.145 2.83166
      vertex 88 185.313 7.4235
      vertex 88 185.416 6.95506
    endloop
  endfacet
  facet normal 1 0 0
    outer loop
      vertex 88 202.255 2.93186
      vertex 88 185.168 7.88111
      vertex 88 185.313 7.4235
    endloop
  endfacet
  facet normal 1 0 0
    outer loop
      vertex 88 202.372 3.02214
      vertex 88 185.119 8
      vertex 88 185.168 7.88111
    endloop
  endfacet
  facet normal 1 -0 0
    outer loop
      vertex 88 305.881 0.83169
      vertex 88 306 -50.8809
      vertex 88 306 0.880936
    endloop
  endfacet
  facet normal 1 0 0
    outer loop
      vertex 88 305.881 0.83169
      vertex 88 305.881 -50.8317
      vertex 88 306 -50.8809
    endloop
  endfacet
  facet normal 1 -0 0
    outer loop
      vertex 88 305.423 0.687407
      vertex 88 305.881 -50.8317
      vertex 88 305.881 0.83169
    endloop
  endfacet
  facet normal 1 0 0
    outer loop
      vertex 88 305.423 0.687407
      vertex 88 305.423 -50.6874
      vertex 88 305.881 -50.8317
    endloop
  endfacet
  facet normal 1 -0 0
    outer loop
      vertex 88 304.955 0.583557
      vertex 88 305.423 -50.6874
      vertex 88 305.423 0.687407
    endloop
  endfacet
  facet normal 1 0 0
    outer loop
      vertex 88 304.955 0.583557
      vertex 88 304.955 -50.5836
      vertex 88 305.423 -50.6874
    endloop
  endfacet
  facet normal 1 -0 0
    outer loop
      vertex 88 304.479 0.520928
      vertex 88 304.955 -50.5836
      vertex 88 304.955 0.583557
    endloop
  endfacet
  facet normal 1 0 0
    outer loop
      vertex 88 304.479 0.520928
      vertex 88 304.479 -50.5209
      vertex 88 304.955 -50.5836
    endloop
  endfacet
  facet normal 1 -0 0
    outer loop
      vertex 88 304 0.5
      vertex 88 304.479 -50.5209
      vertex 88 304.479 0.520928
    endloop
  endfacet
  facet normal 1 0 0
    outer loop
      vertex 88 304 0.5
      vertex 88 304 -50.5
      vertex 88 304.479 -50.5209
    endloop
  endfacet
  facet normal 1 0 0
    outer loop
      vertex 88 303.521 0.520928
      vertex 88 304 -50.5
      vertex 88 304 0.5
    endloop
  endfacet
  facet normal 1 0 0
    outer loop
      vertex 88 303.521 0.520928
      vertex 88 303.521 -50.5209
      vertex 88 304 -50.5
    endloop
  endfacet
  facet normal 1 0 0
    outer loop
      vertex 88 303.045 0.583557
      vertex 88 303.521 -50.5209
      vertex 88 303.521 0.520928
    endloop
  endfacet
  facet normal 1 0 0
    outer loop
      vertex 88 303.045 0.583557
      vertex 88 303.045 -50.5836
      vertex 88 303.521 -50.5209
    endloop
  endfacet
  facet normal 1 0 0
    outer loop
      vertex 88 302.577 0.687407
      vertex 88 303.045 -50.5836
      vertex 88 303.045 0.583557
    endloop
  endfacet
  facet normal 1 0 0
    outer loop
      vertex 88 302.577 0.687407
      vertex 88 302.577 -50.6874
      vertex 88 303.045 -50.5836
    endloop
  endfacet
  facet normal 1 0 0
    outer loop
      vertex 88 302.119 0.83169
      vertex 88 302.577 -50.6874
      vertex 88 302.577 0.687407
    endloop
  endfacet
  facet normal 1 0 0
    outer loop
      vertex 88 302.119 0.83169
      vertex 88 302.119 -50.8317
      vertex 88 302.577 -50.6874
    endloop
  endfacet
  facet normal 1 0 0
    outer loop
      vertex 88 301.676 1.01531
      vertex 88 302.119 -50.8317
      vertex 88 302.119 0.83169
    endloop
  endfacet
  facet normal 1 0 0
    outer loop
      vertex 88 301.676 1.01531
      vertex 88 301.676 -51.0153
      vertex 88 302.119 -50.8317
    endloop
  endfacet
  facet normal 1 0 0
    outer loop
      vertex 88 301.25 1.23686
      vertex 88 301.676 -51.0153
      vertex 88 301.676 1.01531
    endloop
  endfacet
  facet normal 1 0 0
    outer loop
      vertex 88 301.25 1.23686
      vertex 88 301.25 -51.2369
      vertex 88 301.676 -51.0153
    endloop
  endfacet
  facet normal 1 0 0
    outer loop
      vertex 88 300.845 1.49466
      vertex 88 301.25 -51.2369
      vertex 88 301.25 1.23686
    endloop
  endfacet
  facet normal 1 0 0
    outer loop
      vertex 88 300.845 1.49466
      vertex 88 300.845 -51.4947
      vertex 88 301.25 -51.2369
    endloop
  endfacet
  facet normal 1 0 0
    outer loop
      vertex 88 248.25 -25
      vertex 88 300.845 1.49466
      vertex 88 300.465 1.78676
    endloop
  endfacet
  facet normal 1 0 0
    outer loop
      vertex 88 300.845 1.49466
      vertex 88 248.25 -25
      vertex 88 300.845 -51.4947
    endloop
  endfacet
  facet normal 1 0 0
    outer loop
      vertex 88 248.25 -25
      vertex 88 300.465 1.78676
      vertex 88 300.111 2.11091
    endloop
  endfacet
  facet normal 1 0 0
    outer loop
      vertex 88 300.845 -51.4947
      vertex 88 248.25 -25
      vertex 88 300.465 -51.7868
    endloop
  endfacet
  facet normal 1 0 0
    outer loop
      vertex 88 248.25 -25
      vertex 88 300.111 2.11091
      vertex 88 299.787 2.46467
    endloop
  endfacet
  facet normal 1 -0 0
    outer loop
      vertex 88 248.24 -25.231
      vertex 88 300.465 -51.7868
      vertex 88 248.25 -25
    endloop
  endfacet
  facet normal 1 0 0
    outer loop
      vertex 88 248.25 -25
      vertex 88 299.787 2.46467
      vertex 88 299.495 2.84533
    endloop
  endfacet
  facet normal 1 0 0
    outer loop
      vertex 88 300.465 -51.7868
      vertex 88 248.24 -25.231
      vertex 88 300.111 -52.1109
    endloop
  endfacet
  facet normal 1 0 0
    outer loop
      vertex 88 248.25 -25
      vertex 88 299.495 2.84533
      vertex 88 299.237 3.25
    endloop
  endfacet
  facet normal 1 -0 0
    outer loop
      vertex 88 248.21 -25.4602
      vertex 88 300.111 -52.1109
      vertex 88 248.24 -25.231
    endloop
  endfacet
  facet normal 1 0 0
    outer loop
      vertex 88 248.25 -25
      vertex 88 299.237 3.25
      vertex 88 299.015 3.6756
    endloop
  endfacet
  facet normal 1 0 0
    outer loop
      vertex 88 300.111 -52.1109
      vertex 88 248.21 -25.4602
      vertex 88 299.787 -52.4647
    endloop
  endfacet
  facet normal 1 0 0
    outer loop
      vertex 88 248.25 -25
      vertex 88 299.015 3.6756
      vertex 88 298.832 4.11889
    endloop
  endfacet
  facet normal 1 -0 0
    outer loop
      vertex 88 248.16 -25.6859
      vertex 88 299.787 -52.4647
      vertex 88 248.21 -25.4602
    endloop
  endfacet
  facet normal 1 0 0
    outer loop
      vertex 88 248.25 -25
      vertex 88 298.832 4.11889
      vertex 88 298.687 4.5765
    endloop
  endfacet
  facet normal 1 0 0
    outer loop
      vertex 88 299.787 -52.4647
      vertex 88 248.16 -25.6859
      vertex 88 299.495 -52.8453
    endloop
  endfacet
  facet normal 1 0 0
    outer loop
      vertex 88 248.25 -25
      vertex 88 298.687 4.5765
      vertex 88 298.584 5.04493
    endloop
  endfacet
  facet normal 1 -0 0
    outer loop
      vertex 88 248.09 -25.9064
      vertex 88 299.495 -52.8453
      vertex 88 248.16 -25.6859
    endloop
  endfacet
  facet normal 1 0 0
    outer loop
      vertex 88 248.25 -25
      vertex 88 298.584 5.04493
      vertex 88 298.521 5.52064
    endloop
  endfacet
  facet normal 1 0 0
    outer loop
      vertex 88 299.495 -52.8453
      vertex 88 248.09 -25.9064
      vertex 88 299.237 -53.25
    endloop
  endfacet
  facet normal 1 0 0
    outer loop
      vertex 88 247.12 -22.8292
      vertex 88 298.521 5.52064
      vertex 88 298.5 6
    endloop
  endfacet
  facet normal 1 -0 0
    outer loop
      vertex 88 248.002 -26.1199
      vertex 88 299.237 -53.25
      vertex 88 248.09 -25.9064
    endloop
  endfacet
  facet normal 1 0 0
    outer loop
      vertex 88 299.237 -53.25
      vertex 88 247.895 -26.325
      vertex 88 299.015 -53.6756
    endloop
  endfacet
  facet normal 1 -0 0
    outer loop
      vertex 88 247.771 -26.52
      vertex 88 299.015 -53.6756
      vertex 88 247.895 -26.325
    endloop
  endfacet
  facet normal 1 0 0
    outer loop
      vertex 88 299.015 -53.6756
      vertex 88 247.771 -26.52
      vertex 88 298.832 -54.1189
    endloop
  endfacet
  facet normal 1 -0 0
    outer loop
      vertex 88 247.63 -26.7034
      vertex 88 298.832 -54.1189
      vertex 88 247.771 -26.52
    endloop
  endfacet
  facet normal 1 0 0
    outer loop
      vertex 88 298.832 -54.1189
      vertex 88 247.63 -26.7034
      vertex 88 298.687 -54.5765
    endloop
  endfacet
  facet normal 1 -0 0
    outer loop
      vertex 88 247.474 -26.8738
      vertex 88 298.687 -54.5765
      vertex 88 247.63 -26.7034
    endloop
  endfacet
  facet normal 1 0 0
    outer loop
      vertex 88 298.687 -54.5765
      vertex 88 247.474 -26.8738
      vertex 88 298.584 -55.0449
    endloop
  endfacet
  facet normal 1 -0 0
    outer loop
      vertex 88 247.303 -27.03
      vertex 88 298.584 -55.0449
      vertex 88 247.474 -26.8738
    endloop
  endfacet
  facet normal 1 0 0
    outer loop
      vertex 88 298.584 -55.0449
      vertex 88 247.303 -27.03
      vertex 88 298.521 -55.5206
    endloop
  endfacet
  facet normal 1 -0 0
    outer loop
      vertex 88 247.12 -27.1708
      vertex 88 298.521 -55.5206
      vertex 88 247.303 -27.03
    endloop
  endfacet
  facet normal 1 -0 0
    outer loop
      vertex 88 240.022 -34.6276
      vertex 88 298.521 -55.5206
      vertex 88 247.12 -27.1708
    endloop
  endfacet
  facet normal 1 0 0
    outer loop
      vertex 88 298.521 -55.5206
      vertex 88 240.022 -34.6276
      vertex 88 298.5 -56
    endloop
  endfacet
  facet normal 1 -0 0
    outer loop
      vertex 88 239.932 -34.7452
      vertex 88 298.5 -56
      vertex 88 240.022 -34.6276
    endloop
  endfacet
  facet normal 1 0 0
    outer loop
      vertex 88 298.5 -56
      vertex 88 239.932 -34.7452
      vertex 88 298.521 -56.4794
    endloop
  endfacet
  facet normal 1 -0 0
    outer loop
      vertex 88 239.832 -34.8546
      vertex 88 298.521 -56.4794
      vertex 88 239.932 -34.7452
    endloop
  endfacet
  facet normal 1 -0 0
    outer loop
      vertex 88 239.722 -34.9548
      vertex 88 298.521 -56.4794
      vertex 88 239.832 -34.8546
    endloop
  endfacet
  facet normal 1 0 0
    outer loop
      vertex 88 240.102 -34.5025
      vertex 88 247.12 -27.1708
      vertex 88 246.925 -27.295
    endloop
  endfacet
  facet normal 1 0 0
    outer loop
      vertex 88 240.17 -34.3709
      vertex 88 246.925 -27.295
      vertex 88 246.72 -27.4017
    endloop
  endfacet
  facet normal 1 0 0
    outer loop
      vertex 88 240.227 -34.2339
      vertex 88 246.72 -27.4017
      vertex 88 246.506 -27.4902
    endloop
  endfacet
  facet normal 1 0 0
    outer loop
      vertex 88 240.272 -34.0925
      vertex 88 246.506 -27.4902
      vertex 88 246.286 -27.5597
    endloop
  endfacet
  facet normal 1 0 0
    outer loop
      vertex 88 240.304 -33.9477
      vertex 88 246.286 -27.5597
      vertex 88 246.06 -27.6097
    endloop
  endfacet
  facet normal 1 0 0
    outer loop
      vertex 88 240.323 -33.8006
      vertex 88 246.06 -27.6097
      vertex 88 245.831 -27.6399
    endloop
  endfacet
  facet normal 1 0 0
    outer loop
      vertex 88 240.33 -33.6525
      vertex 88 245.831 -27.6399
      vertex 88 245.6 -27.65
    endloop
  endfacet
  facet normal 1 0 0
    outer loop
      vertex 88 240.33 -33.6525
      vertex 88 245.6 -27.65
      vertex 88 245.369 -27.6399
    endloop
  endfacet
  facet normal 1 0 0
    outer loop
      vertex 88 240.33 -33.6525
      vertex 88 245.369 -27.6399
      vertex 88 245.14 -27.6097
    endloop
  endfacet
  facet normal 1 0 0
    outer loop
      vertex 88 240.33 -33.6525
      vertex 88 245.14 -27.6097
      vertex 88 244.914 -27.5597
    endloop
  endfacet
  facet normal 1 0 0
    outer loop
      vertex 88 240.33 -33.6525
      vertex 88 244.914 -27.5597
      vertex 88 244.694 -27.4902
    endloop
  endfacet
  facet normal 1 0 0
    outer loop
      vertex 88 240.33 -33.6525
      vertex 88 244.694 -27.4902
      vertex 88 244.48 -27.4017
    endloop
  endfacet
  facet normal 1 0 0
    outer loop
      vertex 88 240.33 -33.6525
      vertex 88 244.48 -27.4017
      vertex 88 244.275 -27.295
    endloop
  endfacet
  facet normal 1 0 0
    outer loop
      vertex 88 240.33 -33.6525
      vertex 88 242.96 -25.231
      vertex 88 242.95 -25
    endloop
  endfacet
  facet normal 1 0 0
    outer loop
      vertex 88 240.33 -33.6525
      vertex 88 242.99 -25.4602
      vertex 88 242.96 -25.231
    endloop
  endfacet
  facet normal 1 0 0
    outer loop
      vertex 88 240.33 -33.6525
      vertex 88 243.04 -25.6859
      vertex 88 242.99 -25.4602
    endloop
  endfacet
  facet normal 1 0 0
    outer loop
      vertex 88 240.33 -33.6525
      vertex 88 243.11 -25.9064
      vertex 88 243.04 -25.6859
    endloop
  endfacet
  facet normal 1 0 0
    outer loop
      vertex 88 240.33 -33.6525
      vertex 88 243.198 -26.1199
      vertex 88 243.11 -25.9064
    endloop
  endfacet
  facet normal 1 0 0
    outer loop
      vertex 88 240.33 -33.6525
      vertex 88 243.305 -26.325
      vertex 88 243.198 -26.1199
    endloop
  endfacet
  facet normal 1 0 0
    outer loop
      vertex 88 240.33 -33.6525
      vertex 88 243.429 -26.52
      vertex 88 243.305 -26.325
    endloop
  endfacet
  facet normal 1 0 0
    outer loop
      vertex 88 240.33 -33.6525
      vertex 88 243.57 -26.7034
      vertex 88 243.429 -26.52
    endloop
  endfacet
  facet normal 1 0 0
    outer loop
      vertex 88 240.33 -33.6525
      vertex 88 243.726 -26.8738
      vertex 88 243.57 -26.7034
    endloop
  endfacet
  facet normal 1 0 0
    outer loop
      vertex 88 240.33 -33.6525
      vertex 88 243.897 -27.03
      vertex 88 243.726 -26.8738
    endloop
  endfacet
  facet normal 1 0 0
    outer loop
      vertex 88 240.33 -33.6525
      vertex 88 244.08 -27.1708
      vertex 88 243.897 -27.03
    endloop
  endfacet
  facet normal 1 0 0
    outer loop
      vertex 88 240.33 -33.6525
      vertex 88 244.275 -27.295
      vertex 88 244.08 -27.1708
    endloop
  endfacet
  facet normal 1 0 0
    outer loop
      vertex 88 245.831 -27.6399
      vertex 88 240.33 -33.6525
      vertex 88 240.323 -33.8006
    endloop
  endfacet
  facet normal 1 0 0
    outer loop
      vertex 88 246.06 -27.6097
      vertex 88 240.323 -33.8006
      vertex 88 240.304 -33.9477
    endloop
  endfacet
  facet normal 1 0 0
    outer loop
      vertex 88 246.286 -27.5597
      vertex 88 240.304 -33.9477
      vertex 88 240.272 -34.0925
    endloop
  endfacet
  facet normal 1 0 0
    outer loop
      vertex 88 246.506 -27.4902
      vertex 88 240.272 -34.0925
      vertex 88 240.227 -34.2339
    endloop
  endfacet
  facet normal 1 0 0
    outer loop
      vertex 88 246.72 -27.4017
      vertex 88 240.227 -34.2339
      vertex 88 240.17 -34.3709
    endloop
  endfacet
  facet normal 1 0 0
    outer loop
      vertex 88 246.925 -27.295
      vertex 88 240.17 -34.3709
      vertex 88 240.102 -34.5025
    endloop
  endfacet
  facet normal 1 0 0
    outer loop
      vertex 88 247.12 -27.1708
      vertex 88 240.102 -34.5025
      vertex 88 240.022 -34.6276
    endloop
  endfacet
  facet normal 1 0 0
    outer loop
      vertex 88 298.521 -56.4794
      vertex 88 239.722 -34.9548
      vertex 88 298.584 -56.9551
    endloop
  endfacet
  facet normal 1 -0 0
    outer loop
      vertex 88 239.605 -35.045
      vertex 88 298.584 -56.9551
      vertex 88 239.722 -34.9548
    endloop
  endfacet
  facet normal 1 0 0
    outer loop
      vertex 88 298.584 -56.9551
      vertex 88 239.605 -35.045
      vertex 88 298.687 -57.4235
    endloop
  endfacet
  facet normal 1 -0 0
    outer loop
      vertex 88 239.48 -35.1247
      vertex 88 298.687 -57.4235
      vertex 88 239.605 -35.045
    endloop
  endfacet
  facet normal 1 0 0
    outer loop
      vertex 88 298.687 -57.4235
      vertex 88 239.48 -35.1247
      vertex 88 298.832 -57.8811
    endloop
  endfacet
  facet normal 1 -0 0
    outer loop
      vertex 88 239.348 -35.1932
      vertex 88 298.832 -57.8811
      vertex 88 239.48 -35.1247
    endloop
  endfacet
  facet normal 1 0 0
    outer loop
      vertex 88 298.832 -57.8811
      vertex 88 239.348 -35.1932
      vertex 88 298.881 -58
    endloop
  endfacet
  facet normal 1 -0 0
    outer loop
      vertex 88 239.211 -35.25
      vertex 88 298.881 -58
      vertex 88 239.348 -35.1932
    endloop
  endfacet
  facet normal 1 -0 0
    outer loop
      vertex 88 239.07 -35.2945
      vertex 88 298.881 -58
      vertex 88 239.211 -35.25
    endloop
  endfacet
  facet normal 1 -0 0
    outer loop
      vertex 88 238.925 -35.3266
      vertex 88 298.881 -58
      vertex 88 239.07 -35.2945
    endloop
  endfacet
  facet normal 1 0 0
    outer loop
      vertex 88 197.778 -58
      vertex 88 238.925 -35.3266
      vertex 88 238.778 -35.346
    endloop
  endfacet
  facet normal 1 0 0
    outer loop
      vertex 88 197.778 -58
      vertex 88 238.778 -35.346
      vertex 88 238.63 -35.3525
    endloop
  endfacet
  facet normal 1 0 0
    outer loop
      vertex 88 197.778 -58
      vertex 88 238.63 -35.3525
      vertex 88 238.481 -35.346
    endloop
  endfacet
  facet normal 1 0 0
    outer loop
      vertex 88 197.778 -58
      vertex 88 238.481 -35.346
      vertex 88 238.334 -35.3266
    endloop
  endfacet
  facet normal 1 0 0
    outer loop
      vertex 88 197.778 -58
      vertex 88 238.334 -35.3266
      vertex 88 238.19 -35.2945
    endloop
  endfacet
  facet normal 1 0 0
    outer loop
      vertex 88 217.494 -36.782
      vertex 88 238.19 -35.2945
      vertex 88 238.048 -35.25
    endloop
  endfacet
  facet normal 1 0 0
    outer loop
      vertex 88 237.032 -33.071
      vertex 88 224.216 -29.4463
      vertex 88 236.988 -33.2125
    endloop
  endfacet
  facet normal 1 0 0
    outer loop
      vertex 88 236.988 -33.2125
      vertex 88 224.216 -29.4463
      vertex 88 236.955 -33.3573
    endloop
  endfacet
  facet normal 1 0 0
    outer loop
      vertex 88 236.955 -33.3573
      vertex 88 224.216 -29.4463
      vertex 88 236.936 -33.5043
    endloop
  endfacet
  facet normal 1 -0 0
    outer loop
      vertex 88 223.782 -30.494
      vertex 88 236.936 -33.5043
      vertex 88 224.216 -29.4463
    endloop
  endfacet
  facet normal 1 0 0
    outer loop
      vertex 88 236.936 -33.5043
      vertex 88 223.782 -30.494
      vertex 88 236.93 -33.6525
    endloop
  endfacet
  facet normal 1 0 0
    outer loop
      vertex 88 236.93 -33.6525
      vertex 88 223.782 -30.494
      vertex 88 236.936 -33.8006
    endloop
  endfacet
  facet normal 1 -0 0
    outer loop
      vertex 88 223.258 -31.5
      vertex 88 236.936 -33.8006
      vertex 88 223.782 -30.494
    endloop
  endfacet
  facet normal 1 0 0
    outer loop
      vertex 88 236.936 -33.8006
      vertex 88 223.258 -31.5
      vertex 88 236.955 -33.9477
    endloop
  endfacet
  facet normal 1 0 0
    outer loop
      vertex 88 236.955 -33.9477
      vertex 88 223.258 -31.5
      vertex 88 236.988 -34.0925
    endloop
  endfacet
  facet normal 1 -0 0
    outer loop
      vertex 88 222.649 -32.4565
      vertex 88 236.988 -34.0925
      vertex 88 223.258 -31.5
    endloop
  endfacet
  facet normal 1 0 0
    outer loop
      vertex 88 236.988 -34.0925
      vertex 88 222.649 -32.4565
      vertex 88 237.032 -34.2339
    endloop
  endfacet
  facet normal 1 0 0
    outer loop
      vertex 88 237.032 -34.2339
      vertex 88 222.649 -32.4565
      vertex 88 237.089 -34.3709
    endloop
  endfacet
  facet normal 1 -0 0
    outer loop
      vertex 88 221.959 -33.3562
      vertex 88 237.089 -34.3709
      vertex 88 222.649 -32.4565
    endloop
  endfacet
  facet normal 1 0 0
    outer loop
      vertex 88 237.089 -34.3709
      vertex 88 221.959 -33.3562
      vertex 88 237.157 -34.5025
    endloop
  endfacet
  facet normal 1 0 0
    outer loop
      vertex 88 237.157 -34.5025
      vertex 88 221.959 -33.3562
      vertex 88 237.237 -34.6276
    endloop
  endfacet
  facet normal 1 -0 0
    outer loop
      vertex 88 221.192 -34.1924
      vertex 88 237.237 -34.6276
      vertex 88 221.959 -33.3562
    endloop
  endfacet
  facet normal 1 0 0
    outer loop
      vertex 88 237.237 -34.6276
      vertex 88 221.192 -34.1924
      vertex 88 237.327 -34.7452
    endloop
  endfacet
  facet normal 1 0 0
    outer loop
      vertex 88 237.327 -34.7452
      vertex 88 221.192 -34.1924
      vertex 88 237.428 -34.8546
    endloop
  endfacet
  facet normal 1 0 0
    outer loop
      vertex 88 220.356 -34.9586
      vertex 88 237.428 -34.8546
      vertex 88 221.192 -34.1924
    endloop
  endfacet
  facet normal 1 0 0
    outer loop
      vertex 88 237.428 -34.8546
      vertex 88 220.356 -34.9586
      vertex 88 237.537 -34.9548
    endloop
  endfacet
  facet normal 1 0 0
    outer loop
      vertex 88 237.537 -34.9548
      vertex 88 220.356 -34.9586
      vertex 88 237.654 -35.045
    endloop
  endfacet
  facet normal 1 0 0
    outer loop
      vertex 88 219.456 -35.649
      vertex 88 237.654 -35.045
      vertex 88 220.356 -34.9586
    endloop
  endfacet
  facet normal 1 0 0
    outer loop
      vertex 88 237.654 -35.045
      vertex 88 219.456 -35.649
      vertex 88 237.78 -35.1247
    endloop
  endfacet
  facet normal 1 0 0
    outer loop
      vertex 88 237.78 -35.1247
      vertex 88 219.456 -35.649
      vertex 88 237.911 -35.1932
    endloop
  endfacet
  facet normal 1 0 0
    outer loop
      vertex 88 218.5 -36.2583
      vertex 88 237.911 -35.1932
      vertex 88 219.456 -35.649
    endloop
  endfacet
  facet normal 1 0 0
    outer loop
      vertex 88 237.911 -35.1932
      vertex 88 218.5 -36.2583
      vertex 88 238.048 -35.25
    endloop
  endfacet
  facet normal 1 0 0
    outer loop
      vertex 88 217.494 -36.782
      vertex 88 238.048 -35.25
      vertex 88 218.5 -36.2583
    endloop
  endfacet
  facet normal 1 0 0
    outer loop
      vertex 88 238.19 -35.2945
      vertex 88 217.494 -36.782
      vertex 88 197.778 -58
    endloop
  endfacet
  facet normal 1 0 0
    outer loop
      vertex 88 197.778 -58
      vertex 88 217.494 -36.782
      vertex 88 216.446 -37.216
    endloop
  endfacet
  facet normal 1 0 0
    outer loop
      vertex 88 197.778 -58
      vertex 88 216.446 -37.216
      vertex 88 215.365 -37.557
    endloop
  endfacet
  facet normal 1 0 0
    outer loop
      vertex 88 197.778 -58
      vertex 88 215.365 -37.557
      vertex 88 214.257 -37.8025
    endloop
  endfacet
  facet normal 1 0 0
    outer loop
      vertex 88 197.778 -56.6667
      vertex 88 214.257 -37.8025
      vertex 88 213.133 -37.9505
    endloop
  endfacet
  facet normal 1 0 0
    outer loop
      vertex 88 197.778 -56.6667
      vertex 88 213.133 -37.9505
      vertex 88 212 -38
    endloop
  endfacet
  facet normal 1 0 0
    outer loop
      vertex 88 197.778 -56.6667
      vertex 88 212 -38
      vertex 88 210.867 -37.9505
    endloop
  endfacet
  facet normal 1 0 0
    outer loop
      vertex 88 197.778 -56.6667
      vertex 88 210.867 -37.9505
      vertex 88 209.743 -37.8025
    endloop
  endfacet
  facet normal 1 0 0
    outer loop
      vertex 88 197.778 -56.6667
      vertex 88 209.743 -37.8025
      vertex 88 208.635 -37.557
    endloop
  endfacet
  facet normal 1 -0 0
    outer loop
      vertex 88 183.535 1.78676
      vertex 88 202.045 0.536843
      vertex 88 183.889 2.11091
    endloop
  endfacet
  facet normal 1 0 0
    outer loop
      vertex 88 199 -25
      vertex 88 185.5 -56
      vertex 88 199.049 -26.133
    endloop
  endfacet
  facet normal 1 0 0
    outer loop
      vertex 88 197.778 -56.6667
      vertex 88 199.443 -28.3646
      vertex 88 199.197 -27.2574
    endloop
  endfacet
  facet normal 1 0 0
    outer loop
      vertex 88 197.778 -56.6667
      vertex 88 199.784 -29.4463
      vertex 88 199.443 -28.3646
    endloop
  endfacet
  facet normal 1 0 0
    outer loop
      vertex 88 197.778 -56.6667
      vertex 88 200.218 -30.494
      vertex 88 199.784 -29.4463
    endloop
  endfacet
  facet normal 1 0 0
    outer loop
      vertex 88 197.778 -56.6667
      vertex 88 200.742 -31.5
      vertex 88 200.218 -30.494
    endloop
  endfacet
  facet normal 1 0 0
    outer loop
      vertex 88 197.778 -56.6667
      vertex 88 201.351 -32.4565
      vertex 88 200.742 -31.5
    endloop
  endfacet
  facet normal 1 0 0
    outer loop
      vertex 88 197.778 -56.6667
      vertex 88 202.041 -33.3562
      vertex 88 201.351 -32.4565
    endloop
  endfacet
  facet normal 1 0 0
    outer loop
      vertex 88 197.778 -56.6667
      vertex 88 202.808 -34.1924
      vertex 88 202.041 -33.3562
    endloop
  endfacet
  facet normal 1 0 0
    outer loop
      vertex 88 197.778 -56.6667
      vertex 88 203.644 -34.9586
      vertex 88 202.808 -34.1924
    endloop
  endfacet
  facet normal 1 0 0
    outer loop
      vertex 88 197.778 -56.6667
      vertex 88 204.544 -35.649
      vertex 88 203.644 -34.9586
    endloop
  endfacet
  facet normal 1 0 0
    outer loop
      vertex 88 197.778 -56.6667
      vertex 88 205.5 -36.2583
      vertex 88 204.544 -35.649
    endloop
  endfacet
  facet normal 1 0 0
    outer loop
      vertex 88 197.778 -56.6667
      vertex 88 206.506 -36.782
      vertex 88 205.5 -36.2583
    endloop
  endfacet
  facet normal 1 0 0
    outer loop
      vertex 88 197.778 -56.6667
      vertex 88 207.554 -37.216
      vertex 88 206.506 -36.782
    endloop
  endfacet
  facet normal 1 0 0
    outer loop
      vertex 88 197.778 -56.6667
      vertex 88 208.635 -37.557
      vertex 88 207.554 -37.216
    endloop
  endfacet
  facet normal 1 0 0
    outer loop
      vertex 88 214.257 -37.8025
      vertex 88 197.778 -56.6667
      vertex 88 197.778 -58
    endloop
  endfacet
  facet normal 1 0 0
    outer loop
      vertex 88 238.925 -35.3266
      vertex 88 197.778 -58
      vertex 88 298.881 -58
    endloop
  endfacet
  facet normal 1 -0 0
    outer loop
      vertex 88 204.74 0.654502
      vertex 88 212 -12
      vertex 88 204.82 0.779582
    endloop
  endfacet
  facet normal 1 0 0
    outer loop
      vertex 88 212 -12
      vertex 88 204.74 0.654502
      vertex 88 210.867 -12.0495
    endloop
  endfacet
  facet normal 1 -0 0
    outer loop
      vertex 88 204.65 0.536843
      vertex 88 210.867 -12.0495
      vertex 88 204.74 0.654502
    endloop
  endfacet
  facet normal 1 -0 0
    outer loop
      vertex 88 204.55 0.427501
      vertex 88 210.867 -12.0495
      vertex 88 204.65 0.536843
    endloop
  endfacet
  facet normal 1 0 0
    outer loop
      vertex 88 210.867 -12.0495
      vertex 88 204.55 0.427501
      vertex 88 209.743 -12.1975
    endloop
  endfacet
  facet normal 1 -0 0
    outer loop
      vertex 88 204.44 0.327307
      vertex 88 209.743 -12.1975
      vertex 88 204.55 0.427501
    endloop
  endfacet
  facet normal 1 -0 0
    outer loop
      vertex 88 204.323 0.237023
      vertex 88 209.743 -12.1975
      vertex 88 204.44 0.327307
    endloop
  endfacet
  facet normal 1 -0 0
    outer loop
      vertex 88 204.198 0.157339
      vertex 88 209.743 -12.1975
      vertex 88 204.323 0.237023
    endloop
  endfacet
  facet normal 1 0 0
    outer loop
      vertex 88 209.743 -12.1975
      vertex 88 204.198 0.157339
      vertex 88 208.635 -12.443
    endloop
  endfacet
  facet normal 1 -0 0
    outer loop
      vertex 88 204.066 0.0888586
      vertex 88 208.635 -12.443
      vertex 88 204.198 0.157339
    endloop
  endfacet
  facet normal 1 -0 0
    outer loop
      vertex 88 203.929 0.0321045
      vertex 88 208.635 -12.443
      vertex 88 204.066 0.0888586
    endloop
  endfacet
  facet normal 1 0 0
    outer loop
      vertex 88 208.635 -12.443
      vertex 88 203.929 0.0321045
      vertex 88 207.554 -12.784
    endloop
  endfacet
  facet normal 1 -0 0
    outer loop
      vertex 88 203.788 -0.0124912
      vertex 88 207.554 -12.784
      vertex 88 203.929 0.0321045
    endloop
  endfacet
  facet normal 1 -0 0
    outer loop
      vertex 88 203.643 -0.04459
      vertex 88 207.554 -12.784
      vertex 88 203.788 -0.0124912
    endloop
  endfacet
  facet normal 1 0 0
    outer loop
      vertex 88 207.554 -12.784
      vertex 88 203.643 -0.04459
      vertex 88 206.506 -13.218
    endloop
  endfacet
  facet normal 1 -0 0
    outer loop
      vertex 88 203.496 -0.0639477
      vertex 88 206.506 -13.218
      vertex 88 203.643 -0.04459
    endloop
  endfacet
  facet normal 1 -0 0
    outer loop
      vertex 88 203.348 -0.0704174
      vertex 88 206.506 -13.218
      vertex 88 203.496 -0.0639477
    endloop
  endfacet
  facet normal 1 0 0
    outer loop
      vertex 88 203.199 -0.0639477
      vertex 88 206.506 -13.218
      vertex 88 203.348 -0.0704174
    endloop
  endfacet
  facet normal 1 0 0
    outer loop
      vertex 88 206.506 -13.218
      vertex 88 203.199 -0.0639477
      vertex 88 205.5 -13.7417
    endloop
  endfacet
  facet normal 1 0 0
    outer loop
      vertex 88 203.052 -0.04459
      vertex 88 205.5 -13.7417
      vertex 88 203.199 -0.0639477
    endloop
  endfacet
  facet normal 1 0 0
    outer loop
      vertex 88 202.908 -0.0124912
      vertex 88 205.5 -13.7417
      vertex 88 203.052 -0.04459
    endloop
  endfacet
  facet normal 1 0 0
    outer loop
      vertex 88 205.5 -13.7417
      vertex 88 202.908 -0.0124912
      vertex 88 204.544 -14.351
    endloop
  endfacet
  facet normal 1 0 0
    outer loop
      vertex 88 202.766 0.0321045
      vertex 88 204.544 -14.351
      vertex 88 202.908 -0.0124912
    endloop
  endfacet
  facet normal 1 0 0
    outer loop
      vertex 88 202.629 0.0888586
      vertex 88 204.544 -14.351
      vertex 88 202.766 0.0321045
    endloop
  endfacet
  facet normal 1 0 0
    outer loop
      vertex 88 204.544 -14.351
      vertex 88 202.629 0.0888586
      vertex 88 203.644 -15.0414
    endloop
  endfacet
  facet normal 1 0 0
    outer loop
      vertex 88 202.498 0.157339
      vertex 88 203.644 -15.0414
      vertex 88 202.629 0.0888586
    endloop
  endfacet
  facet normal 1 0 0
    outer loop
      vertex 88 202.372 0.237023
      vertex 88 203.644 -15.0414
      vertex 88 202.498 0.157339
    endloop
  endfacet
  facet normal 1 0 0
    outer loop
      vertex 88 203.644 -15.0414
      vertex 88 202.372 0.237023
      vertex 88 202.808 -15.8076
    endloop
  endfacet
  facet normal 1 0 0
    outer loop
      vertex 88 202.255 0.327307
      vertex 88 202.808 -15.8076
      vertex 88 202.372 0.237023
    endloop
  endfacet
  facet normal 1 0 0
    outer loop
      vertex 88 202.145 0.427501
      vertex 88 202.808 -15.8076
      vertex 88 202.255 0.327307
    endloop
  endfacet
  facet normal 1 0 0
    outer loop
      vertex 88 202.041 -16.6438
      vertex 88 202.145 0.427501
      vertex 88 202.045 0.536843
    endloop
  endfacet
  facet normal 1 0 0
    outer loop
      vertex 88 202.145 0.427501
      vertex 88 202.041 -16.6438
      vertex 88 202.808 -15.8076
    endloop
  endfacet
  facet normal 1 -0 0
    outer loop
      vertex 88 184.505 2.84533
      vertex 88 201.75 1.04815
      vertex 88 184.763 3.25
    endloop
  endfacet
  facet normal 1 0 0
    outer loop
      vertex 88 201.673 1.33438
      vertex 88 184.985 3.6756
      vertex 88 201.705 1.18959
    endloop
  endfacet
  facet normal 1 0 0
    outer loop
      vertex 88 201.654 1.48142
      vertex 88 184.985 3.6756
      vertex 88 201.673 1.33438
    endloop
  endfacet
  facet normal 1 -0 0
    outer loop
      vertex 88 184.985 3.6756
      vertex 88 201.654 1.48142
      vertex 88 185.168 4.11889
    endloop
  endfacet
  facet normal 1 0 0
    outer loop
      vertex 88 201.648 1.62958
      vertex 88 185.168 4.11889
      vertex 88 201.654 1.48142
    endloop
  endfacet
  facet normal 1 -0 0
    outer loop
      vertex 88 185.168 4.11889
      vertex 88 201.648 1.62958
      vertex 88 185.313 4.5765
    endloop
  endfacet
  facet normal 1 0 0
    outer loop
      vertex 88 201.654 1.77775
      vertex 88 185.313 4.5765
      vertex 88 201.648 1.62958
    endloop
  endfacet
  facet normal 1 -0 0
    outer loop
      vertex 88 185.313 4.5765
      vertex 88 201.673 1.92478
      vertex 88 185.416 5.04493
    endloop
  endfacet
  facet normal 1 -0 0
    outer loop
      vertex 88 184.763 3.25
      vertex 88 201.705 1.18959
      vertex 88 184.985 3.6756
    endloop
  endfacet
  facet normal 1 0 0
    outer loop
      vertex 88 199.197 -27.2574
      vertex 88 185.5 -56
      vertex 88 197.778 -56.6667
    endloop
  endfacet
  facet normal 1 -0 0
    outer loop
      vertex 88 185.479 -56.4794
      vertex 88 197.778 -56.6667
      vertex 88 185.5 -56
    endloop
  endfacet
  facet normal 1 0 0
    outer loop
      vertex 88 197.778 -56.6667
      vertex 88 185.479 -56.4794
      vertex 88 185.454 -56.6667
    endloop
  endfacet
  facet normal 0 -1 0
    outer loop
      vertex 100.295 306 -23.3258
      vertex 88 306 0.880936
      vertex 100.148 306 -23.3065
    endloop
  endfacet
  facet normal 0 -1 0
    outer loop
      vertex 88 306 0.880936
      vertex 131.852 306 -23.3065
      vertex 132 306 -23.3
    endloop
  endfacet
  facet normal 0 -1 0
    outer loop
      vertex 100.44 306 -23.3579
      vertex 88 306 0.880936
      vertex 100.295 306 -23.3258
    endloop
  endfacet
  facet normal 0 -1 0
    outer loop
      vertex 88 306 0.880936
      vertex 131.705 306 -23.3258
      vertex 131.852 306 -23.3065
    endloop
  endfacet
  facet normal 0 -1 0
    outer loop
      vertex 100.581 306 -23.4025
      vertex 88 306 0.880936
      vertex 100.44 306 -23.3579
    endloop
  endfacet
  facet normal 0 -1 0
    outer loop
      vertex 88 306 0.880936
      vertex 131.56 306 -23.3579
      vertex 131.705 306 -23.3258
    endloop
  endfacet
  facet normal 0 -1 0
    outer loop
      vertex 100.718 306 -23.4593
      vertex 88 306 0.880936
      vertex 100.581 306 -23.4025
    endloop
  endfacet
  facet normal 0 -1 0
    outer loop
      vertex 88 306 0.880936
      vertex 131.419 306 -23.4025
      vertex 131.56 306 -23.3579
    endloop
  endfacet
  facet normal 0 -1 0
    outer loop
      vertex 100.85 306 -23.5278
      vertex 88 306 0.880936
      vertex 100.718 306 -23.4593
    endloop
  endfacet
  facet normal 0 -1 0
    outer loop
      vertex 88 306 0.880936
      vertex 131.282 306 -23.4593
      vertex 131.419 306 -23.4025
    endloop
  endfacet
  facet normal 0 -1 0
    outer loop
      vertex 131.15 306 -23.5278
      vertex 88 306 0.880936
      vertex 100.85 306 -23.5278
    endloop
  endfacet
  facet normal 0 -1 0
    outer loop
      vertex 88 306 0.880936
      vertex 131.15 306 -23.5278
      vertex 131.282 306 -23.4593
    endloop
  endfacet
  facet normal 0 -1 0
    outer loop
      vertex 100.975 306 -23.6074
      vertex 131.15 306 -23.5278
      vertex 100.85 306 -23.5278
    endloop
  endfacet
  facet normal 0 -1 0
    outer loop
      vertex 100.975 306 -23.6074
      vertex 131.025 306 -23.6074
      vertex 131.15 306 -23.5278
    endloop
  endfacet
  facet normal 0 -1 0
    outer loop
      vertex 101.093 306 -23.6977
      vertex 131.025 306 -23.6074
      vertex 100.975 306 -23.6074
    endloop
  endfacet
  facet normal 0 -1 0
    outer loop
      vertex 101.093 306 -23.6977
      vertex 130.907 306 -23.6977
      vertex 131.025 306 -23.6074
    endloop
  endfacet
  facet normal 0 -1 0
    outer loop
      vertex 101.202 306 -23.7979
      vertex 130.907 306 -23.6977
      vertex 101.093 306 -23.6977
    endloop
  endfacet
  facet normal 0 -1 0
    outer loop
      vertex 101.202 306 -23.7979
      vertex 130.798 306 -23.7979
      vertex 130.907 306 -23.6977
    endloop
  endfacet
  facet normal 0 -1 0
    outer loop
      vertex 101.302 306 -23.9073
      vertex 130.798 306 -23.7979
      vertex 101.202 306 -23.7979
    endloop
  endfacet
  facet normal 0 -1 0
    outer loop
      vertex 101.302 306 -23.9073
      vertex 130.698 306 -23.9073
      vertex 130.798 306 -23.7979
    endloop
  endfacet
  facet normal 0 -1 0
    outer loop
      vertex 101.393 306 -24.0249
      vertex 130.698 306 -23.9073
      vertex 101.302 306 -23.9073
    endloop
  endfacet
  facet normal 0 -1 0
    outer loop
      vertex 101.393 306 -24.0249
      vertex 130.607 306 -24.0249
      vertex 130.698 306 -23.9073
    endloop
  endfacet
  facet normal 0 -1 0
    outer loop
      vertex 101.472 306 -24.15
      vertex 130.607 306 -24.0249
      vertex 101.393 306 -24.0249
    endloop
  endfacet
  facet normal 0 -1 0
    outer loop
      vertex 101.472 306 -24.15
      vertex 130.528 306 -24.15
      vertex 130.607 306 -24.0249
    endloop
  endfacet
  facet normal 0 -1 0
    outer loop
      vertex 101.541 306 -24.2815
      vertex 130.528 306 -24.15
      vertex 101.472 306 -24.15
    endloop
  endfacet
  facet normal 0 -1 0
    outer loop
      vertex 101.541 306 -24.2815
      vertex 130.459 306 -24.2815
      vertex 130.528 306 -24.15
    endloop
  endfacet
  facet normal 0 -1 0
    outer loop
      vertex 101.597 306 -24.4186
      vertex 130.459 306 -24.2815
      vertex 101.541 306 -24.2815
    endloop
  endfacet
  facet normal 0 -1 0
    outer loop
      vertex 101.597 306 -24.4186
      vertex 130.403 306 -24.4186
      vertex 130.459 306 -24.2815
    endloop
  endfacet
  facet normal 0 -1 0
    outer loop
      vertex 101.642 306 -24.56
      vertex 130.403 306 -24.4186
      vertex 101.597 306 -24.4186
    endloop
  endfacet
  facet normal 0 -1 0
    outer loop
      vertex 101.642 306 -24.56
      vertex 130.358 306 -24.56
      vertex 130.403 306 -24.4186
    endloop
  endfacet
  facet normal 0 -1 0
    outer loop
      vertex 101.674 306 -24.7048
      vertex 130.358 306 -24.56
      vertex 101.642 306 -24.56
    endloop
  endfacet
  facet normal 0 -1 0
    outer loop
      vertex 101.674 306 -24.7048
      vertex 130.326 306 -24.7048
      vertex 130.358 306 -24.56
    endloop
  endfacet
  facet normal 0 -1 0
    outer loop
      vertex 101.694 306 -24.8518
      vertex 130.326 306 -24.7048
      vertex 101.674 306 -24.7048
    endloop
  endfacet
  facet normal 0 -1 0
    outer loop
      vertex 101.694 306 -24.8518
      vertex 130.306 306 -24.8518
      vertex 130.326 306 -24.7048
    endloop
  endfacet
  facet normal 0 -1 0
    outer loop
      vertex 101.7 306 -25
      vertex 130.306 306 -24.8518
      vertex 101.694 306 -24.8518
    endloop
  endfacet
  facet normal 0 -1 0
    outer loop
      vertex 101.7 306 -25
      vertex 130.3 306 -25
      vertex 130.306 306 -24.8518
    endloop
  endfacet
  facet normal 0 -1 0
    outer loop
      vertex 101.694 306 -25.1482
      vertex 130.3 306 -25
      vertex 101.7 306 -25
    endloop
  endfacet
  facet normal 0 -1 0
    outer loop
      vertex 101.694 306 -25.1482
      vertex 130.306 306 -25.1482
      vertex 130.3 306 -25
    endloop
  endfacet
  facet normal 0 -1 0
    outer loop
      vertex 101.674 306 -25.2952
      vertex 130.306 306 -25.1482
      vertex 101.694 306 -25.1482
    endloop
  endfacet
  facet normal 0 -1 0
    outer loop
      vertex 101.674 306 -25.2952
      vertex 130.326 306 -25.2952
      vertex 130.306 306 -25.1482
    endloop
  endfacet
  facet normal 0 -1 0
    outer loop
      vertex 101.642 306 -25.44
      vertex 130.326 306 -25.2952
      vertex 101.674 306 -25.2952
    endloop
  endfacet
  facet normal 0 -1 0
    outer loop
      vertex 101.642 306 -25.44
      vertex 130.358 306 -25.44
      vertex 130.326 306 -25.2952
    endloop
  endfacet
  facet normal 0 -1 0
    outer loop
      vertex 101.597 306 -25.5814
      vertex 130.358 306 -25.44
      vertex 101.642 306 -25.44
    endloop
  endfacet
  facet normal 0 -1 0
    outer loop
      vertex 101.597 306 -25.5814
      vertex 130.403 306 -25.5814
      vertex 130.358 306 -25.44
    endloop
  endfacet
  facet normal 0 -1 0
    outer loop
      vertex 101.541 306 -25.7185
      vertex 130.403 306 -25.5814
      vertex 101.597 306 -25.5814
    endloop
  endfacet
  facet normal 0 -1 0
    outer loop
      vertex 101.541 306 -25.7185
      vertex 130.459 306 -25.7185
      vertex 130.403 306 -25.5814
    endloop
  endfacet
  facet normal 0 -1 0
    outer loop
      vertex 101.472 306 -25.85
      vertex 130.459 306 -25.7185
      vertex 101.541 306 -25.7185
    endloop
  endfacet
  facet normal 0 -1 0
    outer loop
      vertex 101.472 306 -25.85
      vertex 130.528 306 -25.85
      vertex 130.459 306 -25.7185
    endloop
  endfacet
  facet normal 0 -1 0
    outer loop
      vertex 101.393 306 -25.9751
      vertex 130.528 306 -25.85
      vertex 101.472 306 -25.85
    endloop
  endfacet
  facet normal 0 -1 0
    outer loop
      vertex 101.393 306 -25.9751
      vertex 130.607 306 -25.9751
      vertex 130.528 306 -25.85
    endloop
  endfacet
  facet normal 0 -1 0
    outer loop
      vertex 101.302 306 -26.0927
      vertex 130.607 306 -25.9751
      vertex 101.393 306 -25.9751
    endloop
  endfacet
  facet normal 0 -1 0
    outer loop
      vertex 101.302 306 -26.0927
      vertex 130.698 306 -26.0927
      vertex 130.607 306 -25.9751
    endloop
  endfacet
  facet normal 0 -1 0
    outer loop
      vertex 101.202 306 -26.2021
      vertex 130.698 306 -26.0927
      vertex 101.302 306 -26.0927
    endloop
  endfacet
  facet normal 0 -1 0
    outer loop
      vertex 101.202 306 -26.2021
      vertex 130.798 306 -26.2021
      vertex 130.698 306 -26.0927
    endloop
  endfacet
  facet normal 0 -1 0
    outer loop
      vertex 101.093 306 -26.3023
      vertex 130.798 306 -26.2021
      vertex 101.202 306 -26.2021
    endloop
  endfacet
  facet normal 0 -1 0
    outer loop
      vertex 101.093 306 -26.3023
      vertex 130.907 306 -26.3023
      vertex 130.798 306 -26.2021
    endloop
  endfacet
  facet normal 0 -1 0
    outer loop
      vertex 100.975 306 -26.3926
      vertex 130.907 306 -26.3023
      vertex 101.093 306 -26.3023
    endloop
  endfacet
  facet normal 0 -1 0
    outer loop
      vertex 100.975 306 -26.3926
      vertex 131.025 306 -26.3926
      vertex 130.907 306 -26.3023
    endloop
  endfacet
  facet normal 0 -1 0
    outer loop
      vertex 100.85 306 -26.4722
      vertex 131.025 306 -26.3926
      vertex 100.975 306 -26.3926
    endloop
  endfacet
  facet normal 0 -1 0
    outer loop
      vertex 100.85 306 -26.4722
      vertex 131.15 306 -26.4722
      vertex 131.025 306 -26.3926
    endloop
  endfacet
  facet normal 0 -1 0
    outer loop
      vertex 88 306 -50.8809
      vertex 100.85 306 -26.4722
      vertex 100.718 306 -26.5407
    endloop
  endfacet
  facet normal 0 -1 -0
    outer loop
      vertex 100.85 306 -26.4722
      vertex 88 306 -50.8809
      vertex 131.15 306 -26.4722
    endloop
  endfacet
  facet normal 0 -1 0
    outer loop
      vertex 88 306 -50.8809
      vertex 100.718 306 -26.5407
      vertex 100.581 306 -26.5975
    endloop
  endfacet
  facet normal 0 -1 -0
    outer loop
      vertex 131.15 306 -26.4722
      vertex 88 306 -50.8809
      vertex 131.282 306 -26.5407
    endloop
  endfacet
  facet normal 0 -1 0
    outer loop
      vertex 88 306 -50.8809
      vertex 100.581 306 -26.5975
      vertex 100.44 306 -26.6421
    endloop
  endfacet
  facet normal 0 -1 -0
    outer loop
      vertex 131.282 306 -26.5407
      vertex 88 306 -50.8809
      vertex 131.419 306 -26.5975
    endloop
  endfacet
  facet normal 0 -1 0
    outer loop
      vertex 88 306 -50.8809
      vertex 100.44 306 -26.6421
      vertex 100.295 306 -26.6742
    endloop
  endfacet
  facet normal 0 -1 0
    outer loop
      vertex 153 306 -50.8809
      vertex 131.419 306 -26.5975
      vertex 88 306 -50.8809
    endloop
  endfacet
  facet normal 0 -1 0
    outer loop
      vertex 88 306 -50.8809
      vertex 100.295 306 -26.6742
      vertex 100.148 306 -26.6935
    endloop
  endfacet
  facet normal 0 -1 0
    outer loop
      vertex 131.419 306 -26.5975
      vertex 153 306 -50.8809
      vertex 131.56 306 -26.6421
    endloop
  endfacet
  facet normal 0 -1 0
    outer loop
      vertex 88 306 -50.8809
      vertex 100.148 306 -26.6935
      vertex 100 306 -26.7
    endloop
  endfacet
  facet normal 0 -1 0
    outer loop
      vertex 131.56 306 -26.6421
      vertex 153 306 -50.8809
      vertex 131.705 306 -26.6742
    endloop
  endfacet
  facet normal 0 -1 0
    outer loop
      vertex 100.148 306 -23.3065
      vertex 88 306 0.880936
      vertex 100 306 -23.3
    endloop
  endfacet
  facet normal 0 -1 0
    outer loop
      vertex 88 306 0.880936
      vertex 99.8518 306 -23.3065
      vertex 100 306 -23.3
    endloop
  endfacet
  facet normal 0 -1 0
    outer loop
      vertex 88 306 0.880936
      vertex 99.7048 306 -23.3258
      vertex 99.8518 306 -23.3065
    endloop
  endfacet
  facet normal 0 -1 0
    outer loop
      vertex 88 306 0.880936
      vertex 99.56 306 -23.3579
      vertex 99.7048 306 -23.3258
    endloop
  endfacet
  facet normal 0 -1 0
    outer loop
      vertex 88 306 0.880936
      vertex 99.4186 306 -23.4025
      vertex 99.56 306 -23.3579
    endloop
  endfacet
  facet normal 0 -1 0
    outer loop
      vertex 88 306 0.880936
      vertex 99.2815 306 -23.4593
      vertex 99.4186 306 -23.4025
    endloop
  endfacet
  facet normal 0 -1 0
    outer loop
      vertex 88 306 0.880936
      vertex 99.15 306 -23.5278
      vertex 99.2815 306 -23.4593
    endloop
  endfacet
  facet normal 0 -1 0
    outer loop
      vertex 88 306 0.880936
      vertex 99.0249 306 -23.6074
      vertex 99.15 306 -23.5278
    endloop
  endfacet
  facet normal 0 -1 0
    outer loop
      vertex 88 306 0.880936
      vertex 98.9073 306 -23.6977
      vertex 99.0249 306 -23.6074
    endloop
  endfacet
  facet normal 0 -1 0
    outer loop
      vertex 88 306 0.880936
      vertex 98.7979 306 -23.7979
      vertex 98.9073 306 -23.6977
    endloop
  endfacet
  facet normal 0 -1 0
    outer loop
      vertex 88 306 0.880936
      vertex 98.6977 306 -23.9073
      vertex 98.7979 306 -23.7979
    endloop
  endfacet
  facet normal 0 -1 0
    outer loop
      vertex 88 306 0.880936
      vertex 98.6074 306 -24.0249
      vertex 98.6977 306 -23.9073
    endloop
  endfacet
  facet normal 0 -1 0
    outer loop
      vertex 88 306 0.880936
      vertex 98.5278 306 -24.15
      vertex 98.6074 306 -24.0249
    endloop
  endfacet
  facet normal 0 -1 0
    outer loop
      vertex 88 306 0.880936
      vertex 98.4593 306 -24.2815
      vertex 98.5278 306 -24.15
    endloop
  endfacet
  facet normal 0 -1 0
    outer loop
      vertex 88 306 0.880936
      vertex 98.4025 306 -24.4186
      vertex 98.4593 306 -24.2815
    endloop
  endfacet
  facet normal 0 -1 0
    outer loop
      vertex 88 306 0.880936
      vertex 98.3579 306 -24.56
      vertex 98.4025 306 -24.4186
    endloop
  endfacet
  facet normal 0 -1 0
    outer loop
      vertex 88 306 0.880936
      vertex 98.3258 306 -24.7048
      vertex 98.3579 306 -24.56
    endloop
  endfacet
  facet normal 0 -1 0
    outer loop
      vertex 88 306 0.880936
      vertex 98.3065 306 -24.8518
      vertex 98.3258 306 -24.7048
    endloop
  endfacet
  facet normal 0 -1 0
    outer loop
      vertex 88 306 0.880936
      vertex 98.3 306 -25
      vertex 98.3065 306 -24.8518
    endloop
  endfacet
  facet normal 0 -1 0
    outer loop
      vertex 88 306 -50.8809
      vertex 98.3 306 -25
      vertex 88 306 0.880936
    endloop
  endfacet
  facet normal 0 -1 -0
    outer loop
      vertex 98.3 306 -25
      vertex 88 306 -50.8809
      vertex 98.3065 306 -25.1482
    endloop
  endfacet
  facet normal 0 -1 -0
    outer loop
      vertex 98.3065 306 -25.1482
      vertex 88 306 -50.8809
      vertex 98.3258 306 -25.2952
    endloop
  endfacet
  facet normal 0 -1 -0
    outer loop
      vertex 98.3258 306 -25.2952
      vertex 88 306 -50.8809
      vertex 98.3579 306 -25.44
    endloop
  endfacet
  facet normal 0 -1 0
    outer loop
      vertex 131.705 306 -26.6742
      vertex 153 306 -50.8809
      vertex 131.852 306 -26.6935
    endloop
  endfacet
  facet normal 0 -1 -0
    outer loop
      vertex 99.8518 306 -26.6935
      vertex 88 306 -50.8809
      vertex 100 306 -26.7
    endloop
  endfacet
  facet normal 0 -1 -0
    outer loop
      vertex 99.7048 306 -26.6742
      vertex 88 306 -50.8809
      vertex 99.8518 306 -26.6935
    endloop
  endfacet
  facet normal 0 -1 -0
    outer loop
      vertex 99.56 306 -26.6421
      vertex 88 306 -50.8809
      vertex 99.7048 306 -26.6742
    endloop
  endfacet
  facet normal 0 -1 -0
    outer loop
      vertex 99.4186 306 -26.5975
      vertex 88 306 -50.8809
      vertex 99.56 306 -26.6421
    endloop
  endfacet
  facet normal 0 -1 -0
    outer loop
      vertex 99.2815 306 -26.5407
      vertex 88 306 -50.8809
      vertex 99.4186 306 -26.5975
    endloop
  endfacet
  facet normal 0 -1 -0
    outer loop
      vertex 99.15 306 -26.4722
      vertex 88 306 -50.8809
      vertex 99.2815 306 -26.5407
    endloop
  endfacet
  facet normal 0 -1 -0
    outer loop
      vertex 99.0249 306 -26.3926
      vertex 88 306 -50.8809
      vertex 99.15 306 -26.4722
    endloop
  endfacet
  facet normal 0 -1 -0
    outer loop
      vertex 98.9073 306 -26.3023
      vertex 88 306 -50.8809
      vertex 99.0249 306 -26.3926
    endloop
  endfacet
  facet normal 0 -1 -0
    outer loop
      vertex 98.7979 306 -26.2021
      vertex 88 306 -50.8809
      vertex 98.9073 306 -26.3023
    endloop
  endfacet
  facet normal 0 -1 -0
    outer loop
      vertex 98.6977 306 -26.0927
      vertex 88 306 -50.8809
      vertex 98.7979 306 -26.2021
    endloop
  endfacet
  facet normal 0 -1 -0
    outer loop
      vertex 98.6074 306 -25.9751
      vertex 88 306 -50.8809
      vertex 98.6977 306 -26.0927
    endloop
  endfacet
  facet normal 0 -1 -0
    outer loop
      vertex 98.5278 306 -25.85
      vertex 88 306 -50.8809
      vertex 98.6074 306 -25.9751
    endloop
  endfacet
  facet normal 0 -1 -0
    outer loop
      vertex 98.4593 306 -25.7185
      vertex 88 306 -50.8809
      vertex 98.5278 306 -25.85
    endloop
  endfacet
  facet normal 0 -1 -0
    outer loop
      vertex 98.4025 306 -25.5814
      vertex 88 306 -50.8809
      vertex 98.4593 306 -25.7185
    endloop
  endfacet
  facet normal 0 -1 -0
    outer loop
      vertex 98.3579 306 -25.44
      vertex 88 306 -50.8809
      vertex 98.4025 306 -25.5814
    endloop
  endfacet
  facet normal 0 -1 0
    outer loop
      vertex 153 306 0.880936
      vertex 156 306 4
      vertex 153 306 4
    endloop
  endfacet
  facet normal 0 -1 0
    outer loop
      vertex 88 306 0.880936
      vertex 132 306 -23.3
      vertex 153 306 0.880936
    endloop
  endfacet
  facet normal 0 -1 0
    outer loop
      vertex 132.148 306 -23.3065
      vertex 153 306 0.880936
      vertex 132 306 -23.3
    endloop
  endfacet
  facet normal 0 -1 0
    outer loop
      vertex 132.295 306 -23.3258
      vertex 153 306 0.880936
      vertex 132.148 306 -23.3065
    endloop
  endfacet
  facet normal 0 -1 0
    outer loop
      vertex 132.44 306 -23.3579
      vertex 153 306 0.880936
      vertex 132.295 306 -23.3258
    endloop
  endfacet
  facet normal 0 -1 0
    outer loop
      vertex 132.581 306 -23.4025
      vertex 153 306 0.880936
      vertex 132.44 306 -23.3579
    endloop
  endfacet
  facet normal 0 -1 0
    outer loop
      vertex 132.718 306 -23.4593
      vertex 153 306 0.880936
      vertex 132.581 306 -23.4025
    endloop
  endfacet
  facet normal 0 -1 0
    outer loop
      vertex 132.85 306 -23.5278
      vertex 153 306 0.880936
      vertex 132.718 306 -23.4593
    endloop
  endfacet
  facet normal 0 -1 0
    outer loop
      vertex 132.975 306 -23.6074
      vertex 153 306 0.880936
      vertex 132.85 306 -23.5278
    endloop
  endfacet
  facet normal 0 -1 0
    outer loop
      vertex 133.093 306 -23.6977
      vertex 153 306 0.880936
      vertex 132.975 306 -23.6074
    endloop
  endfacet
  facet normal 0 -1 0
    outer loop
      vertex 133.202 306 -23.7979
      vertex 153 306 0.880936
      vertex 133.093 306 -23.6977
    endloop
  endfacet
  facet normal 0 -1 0
    outer loop
      vertex 133.302 306 -23.9073
      vertex 153 306 0.880936
      vertex 133.202 306 -23.7979
    endloop
  endfacet
  facet normal 0 -1 0
    outer loop
      vertex 133.393 306 -24.0249
      vertex 153 306 0.880936
      vertex 133.302 306 -23.9073
    endloop
  endfacet
  facet normal 0 -1 0
    outer loop
      vertex 133.472 306 -24.15
      vertex 153 306 0.880936
      vertex 133.393 306 -24.0249
    endloop
  endfacet
  facet normal 0 -1 0
    outer loop
      vertex 133.541 306 -24.2815
      vertex 153 306 0.880936
      vertex 133.472 306 -24.15
    endloop
  endfacet
  facet normal 0 -1 0
    outer loop
      vertex 133.597 306 -24.4186
      vertex 153 306 0.880936
      vertex 133.541 306 -24.2815
    endloop
  endfacet
  facet normal 0 -1 0
    outer loop
      vertex 133.642 306 -24.56
      vertex 153 306 0.880936
      vertex 133.597 306 -24.4186
    endloop
  endfacet
  facet normal 0 -1 0
    outer loop
      vertex 133.674 306 -24.7048
      vertex 153 306 0.880936
      vertex 133.642 306 -24.56
    endloop
  endfacet
  facet normal 0 -1 0
    outer loop
      vertex 133.694 306 -24.8518
      vertex 153 306 0.880936
      vertex 133.674 306 -24.7048
    endloop
  endfacet
  facet normal 0 -1 0
    outer loop
      vertex 133.7 306 -25
      vertex 153 306 0.880936
      vertex 133.694 306 -24.8518
    endloop
  endfacet
  facet normal 0 -1 0
    outer loop
      vertex 153 306 -50.8809
      vertex 153 306 0.880936
      vertex 133.7 306 -25
    endloop
  endfacet
  facet normal 0 -1 0
    outer loop
      vertex 153 306 -50.8809
      vertex 133.7 306 -25
      vertex 133.694 306 -25.1482
    endloop
  endfacet
  facet normal 0 -1 0
    outer loop
      vertex 153 306 -50.8809
      vertex 133.694 306 -25.1482
      vertex 133.674 306 -25.2952
    endloop
  endfacet
  facet normal 0 -1 0
    outer loop
      vertex 153 306 -50.8809
      vertex 133.674 306 -25.2952
      vertex 133.642 306 -25.44
    endloop
  endfacet
  facet normal 0 -1 0
    outer loop
      vertex 153 306 -50.8809
      vertex 133.642 306 -25.44
      vertex 133.597 306 -25.5814
    endloop
  endfacet
  facet normal 0 -1 0
    outer loop
      vertex 153 306 -50.8809
      vertex 133.597 306 -25.5814
      vertex 133.541 306 -25.7185
    endloop
  endfacet
  facet normal 0 -1 0
    outer loop
      vertex 153 306 -50.8809
      vertex 133.541 306 -25.7185
      vertex 133.472 306 -25.85
    endloop
  endfacet
  facet normal 0 -1 0
    outer loop
      vertex 153 306 -50.8809
      vertex 133.472 306 -25.85
      vertex 133.393 306 -25.9751
    endloop
  endfacet
  facet normal 0 -1 0
    outer loop
      vertex 131.852 306 -26.6935
      vertex 153 306 -50.8809
      vertex 132 306 -26.7
    endloop
  endfacet
  facet normal 0 -1 0
    outer loop
      vertex 132 306 -26.7
      vertex 153 306 -50.8809
      vertex 132.148 306 -26.6935
    endloop
  endfacet
  facet normal 0 -1 0
    outer loop
      vertex 132.148 306 -26.6935
      vertex 153 306 -50.8809
      vertex 132.295 306 -26.6742
    endloop
  endfacet
  facet normal 0 -1 0
    outer loop
      vertex 132.295 306 -26.6742
      vertex 153 306 -50.8809
      vertex 132.44 306 -26.6421
    endloop
  endfacet
  facet normal 0 -1 0
    outer loop
      vertex 132.44 306 -26.6421
      vertex 153 306 -50.8809
      vertex 132.581 306 -26.5975
    endloop
  endfacet
  facet normal 0 -1 0
    outer loop
      vertex 132.581 306 -26.5975
      vertex 153 306 -50.8809
      vertex 132.718 306 -26.5407
    endloop
  endfacet
  facet normal 0 -1 0
    outer loop
      vertex 132.718 306 -26.5407
      vertex 153 306 -50.8809
      vertex 132.85 306 -26.4722
    endloop
  endfacet
  facet normal 0 -1 0
    outer loop
      vertex 153 306 -50.8809
      vertex 132.975 306 -26.3926
      vertex 132.85 306 -26.4722
    endloop
  endfacet
  facet normal 0 -1 0
    outer loop
      vertex 153 306 -50.8809
      vertex 133.093 306 -26.3023
      vertex 132.975 306 -26.3926
    endloop
  endfacet
  facet normal 0 -1 0
    outer loop
      vertex 153 306 -50.8809
      vertex 133.202 306 -26.2021
      vertex 133.093 306 -26.3023
    endloop
  endfacet
  facet normal 0 -1 0
    outer loop
      vertex 153 306 -50.8809
      vertex 133.302 306 -26.0927
      vertex 133.202 306 -26.2021
    endloop
  endfacet
  facet normal 0 -1 0
    outer loop
      vertex 153 306 -50.8809
      vertex 133.393 306 -25.9751
      vertex 133.302 306 -26.0927
    endloop
  endfacet
  facet normal 0 -1 0
    outer loop
      vertex 153 306 0.880936
      vertex 153 306 -50.8809
      vertex 156 306 4
    endloop
  endfacet
  facet normal 0 -1 0
    outer loop
      vertex 156 306 -54
      vertex 153 306 -50.8809
      vertex 153 306 -54
    endloop
  endfacet
  facet normal 0 -1 0
    outer loop
      vertex 153 306 -50.8809
      vertex 156 306 -54
      vertex 156 306 4
    endloop
  endfacet
  facet normal 0 0.991278 0.131788
    outer loop
      vertex 156 178.061 -54.6946
      vertex 153 178.015 -54.3486
      vertex 156 178.015 -54.3486
    endloop
  endfacet
  facet normal 0 0.991278 0.131788
    outer loop
      vertex 153 178.015 -54.3486
      vertex 156 178.061 -54.6946
      vertex 153 178.061 -54.6946
    endloop
  endfacet
  facet normal 0 -0.999076 0.0429895
    outer loop
      vertex 153 305.985 -54.3486
      vertex 156 306 -54
      vertex 153 306 -54
    endloop
  endfacet
  facet normal 0 -0.999076 0.0429895
    outer loop
      vertex 156 306 -54
      vertex 153 305.985 -54.3486
      vertex 156 305.985 -54.3486
    endloop
  endfacet
  facet normal 0 0 1
    outer loop
      vertex 156 182 -58
      vertex 149 202.5 -58
      vertex 153 185.119 -58
    endloop
  endfacet
  facet normal -0 0 1
    outer loop
      vertex 88 298.881 -58
      vertex 149 202.5 -58
      vertex 153 298.881 -58
    endloop
  endfacet
  facet normal 0 0 1
    outer loop
      vertex 149 202.5 -58
      vertex 88 298.881 -58
      vertex 91 202.5 -58
    endloop
  endfacet
  facet normal 0 0 1
    outer loop
      vertex 91 202.5 -58
      vertex 88 298.881 -58
      vertex 88 197.778 -58
    endloop
  endfacet
  facet normal 0 0 1
    outer loop
      vertex 153 298.881 -58
      vertex 156 302 -58
      vertex 153 302 -58
    endloop
  endfacet
  facet normal 0 0 1
    outer loop
      vertex 149 202.5 -58
      vertex 156 302 -58
      vertex 153 298.881 -58
    endloop
  endfacet
  facet normal 0 0 1
    outer loop
      vertex 156 302 -58
      vertex 149 202.5 -58
      vertex 156 182 -58
    endloop
  endfacet
  facet normal 0 0 1
    outer loop
      vertex 156 182 -58
      vertex 153 185.119 -58
      vertex 153 182 -58
    endloop
  endfacet
  facet normal 0 0 1
    outer loop
      vertex 153 185.119 -58
      vertex 149 202.5 -58
      vertex 149 185.119 -58
    endloop
  endfacet
  facet normal 0 0.999076 -0.042987
    outer loop
      vertex 156 178 4
      vertex 153 178.015 4.34862
      vertex 156 178.015 4.34862
    endloop
  endfacet
  facet normal 0 0.999076 -0.042987
    outer loop
      vertex 153 178.015 4.34862
      vertex 156 178 4
      vertex 153 178 4
    endloop
  endfacet
  facet normal 0 0.999076 0.0429895
    outer loop
      vertex 156 178.015 -54.3486
      vertex 153 178 -54
      vertex 156 178 -54
    endloop
  endfacet
  facet normal 0 0.999076 0.0429895
    outer loop
      vertex 153 178 -54
      vertex 156 178.015 -54.3486
      vertex 153 178.015 -54.3486
    endloop
  endfacet
  facet normal 0 0 -1
    outer loop
      vertex 88 185.119 8
      vertex 153 298.881 8
      vertex 153 185.119 8
    endloop
  endfacet
  facet normal -0 0 -1
    outer loop
      vertex 153 298.881 8
      vertex 88 185.119 8
      vertex 88 298.881 8
    endloop
  endfacet
  facet normal 0 0 -1
    outer loop
      vertex 153 185.119 8
      vertex 156 182 8
      vertex 153 182 8
    endloop
  endfacet
  facet normal 0 0 -1
    outer loop
      vertex 156 182 8
      vertex 153 185.119 8
      vertex 156 302 8
    endloop
  endfacet
  facet normal 0 0 -1
    outer loop
      vertex 153 298.881 8
      vertex 156 302 8
      vertex 153 185.119 8
    endloop
  endfacet
  facet normal -0 0 -1
    outer loop
      vertex 156 302 8
      vertex 153 298.881 8
      vertex 153 302 8
    endloop
  endfacet
  facet normal 0 1 0
    outer loop
      vertex 156 178 4
      vertex 153 178 0.880935
      vertex 153 178 4
    endloop
  endfacet
  facet normal 0 1 0
    outer loop
      vertex 153 178 0.880935
      vertex 153 178 -50.8809
      vertex 88 178 0.880935
    endloop
  endfacet
  facet normal 0 1 0
    outer loop
      vertex 156 178 4
      vertex 153 178 -50.8809
      vertex 153 178 0.880935
    endloop
  endfacet
  facet normal 0 1 -0
    outer loop
      vertex 156 178 -54
      vertex 153 178 -50.8809
      vertex 156 178 4
    endloop
  endfacet
  facet normal 0 1 0
    outer loop
      vertex 153 178 -50.8809
      vertex 156 178 -54
      vertex 153 178 -54
    endloop
  endfacet
  facet normal 0 1 0
    outer loop
      vertex 88 178 0.880935
      vertex 153 178 -50.8809
      vertex 88 178 -50.8809
    endloop
  endfacet
  facet normal 0 0.0435689 -0.99905
    outer loop
      vertex 153 181.651 7.98478
      vertex 156 182 8
      vertex 156 181.651 7.98478
    endloop
  endfacet
  facet normal 0 0.0435689 -0.99905
    outer loop
      vertex 156 182 8
      vertex 153 181.651 7.98478
      vertex 153 182 8
    endloop
  endfacet
  facet normal 0 0.130521 -0.991446
    outer loop
      vertex 153 181.305 7.93923
      vertex 156 181.651 7.98478
      vertex 156 181.305 7.93923
    endloop
  endfacet
  facet normal 0 0.130521 -0.991446
    outer loop
      vertex 156 181.651 7.98478
      vertex 153 181.305 7.93923
      vertex 153 181.651 7.98478
    endloop
  endfacet
  facet normal 0 -0.216969 -0.976178
    outer loop
      vertex 153 302.695 7.93923
      vertex 156 302.96 7.88033
      vertex 156 302.695 7.93923
    endloop
  endfacet
  facet normal -0 -0.216969 -0.976178
    outer loop
      vertex 156 302.96 7.88033
      vertex 153 302.695 7.93923
      vertex 153 302.96 7.88033
    endloop
  endfacet
  facet normal -0 0.130662 0.991427
    outer loop
      vertex 153 181.651 -57.9848
      vertex 156 181.305 -57.9392
      vertex 156 181.651 -57.9848
    endloop
  endfacet
  facet normal 0 0.130662 0.991427
    outer loop
      vertex 156 181.305 -57.9392
      vertex 153 181.651 -57.9848
      vertex 153 181.305 -57.9392
    endloop
  endfacet
  facet normal 0 0.216969 -0.976178
    outer loop
      vertex 153 181.04 7.88033
      vertex 156 181.305 7.93923
      vertex 156 181.04 7.88033
    endloop
  endfacet
  facet normal 0 0.216969 -0.976178
    outer loop
      vertex 156 181.305 7.93923
      vertex 153 181.04 7.88033
      vertex 153 181.305 7.93923
    endloop
  endfacet
  facet normal 0 -0.0435689 -0.99905
    outer loop
      vertex 153 302 8
      vertex 156 302.349 7.98478
      vertex 156 302 8
    endloop
  endfacet
  facet normal -0 -0.0435689 -0.99905
    outer loop
      vertex 156 302.349 7.98478
      vertex 153 302 8
      vertex 153 302.349 7.98478
    endloop
  endfacet
  facet normal 0 -0.991276 -0.1318
    outer loop
      vertex 153 305.985 4.34862
      vertex 156 305.939 4.69459
      vertex 153 305.939 4.69459
    endloop
  endfacet
  facet normal 0 -0.991276 -0.1318
    outer loop
      vertex 156 305.939 4.69459
      vertex 153 305.985 4.34862
      vertex 156 305.985 4.34862
    endloop
  endfacet
  facet normal 0 -0.999076 -0.042987
    outer loop
      vertex 153 306 4
      vertex 156 305.985 4.34862
      vertex 153 305.985 4.34862
    endloop
  endfacet
  facet normal 0 -0.999076 -0.042987
    outer loop
      vertex 156 305.985 4.34862
      vertex 153 306 4
      vertex 156 306 4
    endloop
  endfacet
  facet normal 0 -0.216969 0.976178
    outer loop
      vertex 153 302.96 -57.8803
      vertex 156 302.695 -57.9392
      vertex 156 302.96 -57.8803
    endloop
  endfacet
  facet normal 0 -0.216969 0.976178
    outer loop
      vertex 156 302.695 -57.9392
      vertex 153 302.96 -57.8803
      vertex 153 302.695 -57.9392
    endloop
  endfacet
  facet normal 0 -0.0435118 0.999053
    outer loop
      vertex 153 302.349 -57.9848
      vertex 156 302 -58
      vertex 156 302.349 -57.9848
    endloop
  endfacet
  facet normal 0 -0.0435118 0.999053
    outer loop
      vertex 156 302 -58
      vertex 153 302.349 -57.9848
      vertex 153 302 -58
    endloop
  endfacet
  facet normal 0 -0.130662 0.991427
    outer loop
      vertex 153 302.695 -57.9392
      vertex 156 302.349 -57.9848
      vertex 156 302.695 -57.9392
    endloop
  endfacet
  facet normal 0 -0.130662 0.991427
    outer loop
      vertex 156 302.349 -57.9848
      vertex 153 302.695 -57.9392
      vertex 153 302.349 -57.9848
    endloop
  endfacet
  facet normal 0 0.991276 -0.1318
    outer loop
      vertex 156 178.015 4.34862
      vertex 153 178.061 4.69459
      vertex 156 178.061 4.69459
    endloop
  endfacet
  facet normal 0 0.991276 -0.1318
    outer loop
      vertex 153 178.061 4.69459
      vertex 156 178.015 4.34862
      vertex 153 178.015 4.34862
    endloop
  endfacet
  facet normal 0 -0.130521 -0.991446
    outer loop
      vertex 153 302.349 7.98478
      vertex 156 302.695 7.93923
      vertex 156 302.349 7.98478
    endloop
  endfacet
  facet normal -0 -0.130521 -0.991446
    outer loop
      vertex 156 302.695 7.93923
      vertex 153 302.349 7.98478
      vertex 153 302.695 7.93923
    endloop
  endfacet
  facet normal 0 -0.976222 -0.216775
    outer loop
      vertex 153 305.939 4.69459
      vertex 156 305.88 4.96029
      vertex 153 305.88 4.96029
    endloop
  endfacet
  facet normal 0 -0.976222 -0.216775
    outer loop
      vertex 156 305.88 4.96029
      vertex 153 305.939 4.69459
      vertex 156 305.939 4.69459
    endloop
  endfacet
  facet normal 0 -0.991278 0.131788
    outer loop
      vertex 153 305.939 -54.6946
      vertex 156 305.985 -54.3486
      vertex 153 305.985 -54.3486
    endloop
  endfacet
  facet normal 0 -0.991278 0.131788
    outer loop
      vertex 156 305.985 -54.3486
      vertex 153 305.939 -54.6946
      vertex 156 305.939 -54.6946
    endloop
  endfacet
  facet normal 0 -0.976222 0.216775
    outer loop
      vertex 153 305.88 -54.9603
      vertex 156 305.939 -54.6946
      vertex 153 305.939 -54.6946
    endloop
  endfacet
  facet normal 0 -0.976222 0.216775
    outer loop
      vertex 156 305.939 -54.6946
      vertex 153 305.88 -54.9603
      vertex 156 305.88 -54.9603
    endloop
  endfacet
  facet normal 0 0.976222 0.216775
    outer loop
      vertex 156 178.12 -54.9603
      vertex 153 178.061 -54.6946
      vertex 156 178.061 -54.6946
    endloop
  endfacet
  facet normal 0 0.976222 0.216775
    outer loop
      vertex 153 178.061 -54.6946
      vertex 156 178.12 -54.9603
      vertex 153 178.12 -54.9603
    endloop
  endfacet
  facet normal -0 0.216969 0.976178
    outer loop
      vertex 153 181.305 -57.9392
      vertex 156 181.04 -57.8803
      vertex 156 181.305 -57.9392
    endloop
  endfacet
  facet normal 0 0.216969 0.976178
    outer loop
      vertex 156 181.04 -57.8803
      vertex 153 181.305 -57.9392
      vertex 153 181.04 -57.8803
    endloop
  endfacet
  facet normal 0 0.976222 -0.216775
    outer loop
      vertex 156 178.061 4.69459
      vertex 153 178.12 4.96029
      vertex 156 178.12 4.96029
    endloop
  endfacet
  facet normal 0 0.976222 -0.216775
    outer loop
      vertex 153 178.12 4.96029
      vertex 156 178.061 4.69459
      vertex 153 178.061 4.69459
    endloop
  endfacet
  facet normal -0 0.0435118 0.999053
    outer loop
      vertex 153 182 -58
      vertex 156 181.651 -57.9848
      vertex 156 182 -58
    endloop
  endfacet
  facet normal 0 0.0435118 0.999053
    outer loop
      vertex 156 181.651 -57.9848
      vertex 153 182 -58
      vertex 153 181.651 -57.9848
    endloop
  endfacet
  facet normal 0 0.924337 0.381578
    outer loop
      vertex 153 185.168 -54.1189
      vertex 88 184.985 -53.6756
      vertex 153 184.985 -53.6756
    endloop
  endfacet
  facet normal 0 0.924337 0.381578
    outer loop
      vertex 88 184.985 -53.6756
      vertex 153 185.168 -54.1189
      vertex 88 185.168 -54.1189
    endloop
  endfacet
  facet normal -0 0.382867 0.923803
    outer loop
      vertex 88 182.324 -51.0153
      vertex 153 181.881 -50.8317
      vertex 153 182.324 -51.0153
    endloop
  endfacet
  facet normal 0 0.382867 0.923803
    outer loop
      vertex 153 181.881 -50.8317
      vertex 88 182.324 -51.0153
      vertex 88 181.881 -50.8317
    endloop
  endfacet
  facet normal 0 -0.382077 0.92413
    outer loop
      vertex 88 178.119 -50.8317
      vertex 153 178 -50.8809
      vertex 153 178.119 -50.8317
    endloop
  endfacet
  facet normal 0 -0.382077 0.92413
    outer loop
      vertex 153 178 -50.8809
      vertex 88 178.119 -50.8317
      vertex 88 178 -50.8809
    endloop
  endfacet
  facet normal 0 0.999042 -0.0437628
    outer loop
      vertex 153 185.479 -56.4794
      vertex 88 185.5 -56
      vertex 153 185.5 -56
    endloop
  endfacet
  facet normal 0 0.999042 -0.0437628
    outer loop
      vertex 88 185.5 -56
      vertex 153 185.479 -56.4794
      vertex 88 185.479 -56.4794
    endloop
  endfacet
  facet normal -0 0.0435911 0.999049
    outer loop
      vertex 88 180.479 -50.5209
      vertex 153 180 -50.5
      vertex 153 180.479 -50.5209
    endloop
  endfacet
  facet normal 0 0.0435911 0.999049
    outer loop
      vertex 153 180 -50.5
      vertex 88 180.479 -50.5209
      vertex 88 180 -50.5
    endloop
  endfacet
  facet normal -0 0.609438 0.792833
    outer loop
      vertex 88 183.535 -51.7868
      vertex 153 183.155 -51.4947
      vertex 153 183.535 -51.7868
    endloop
  endfacet
  facet normal 0 0.609438 0.792833
    outer loop
      vertex 153 183.155 -51.4947
      vertex 88 183.535 -51.7868
      vertex 88 183.155 -51.4947
    endloop
  endfacet
  facet normal 0 0.976665 0.214766
    outer loop
      vertex 153 185.416 -55.0449
      vertex 88 185.313 -54.5765
      vertex 153 185.313 -54.5765
    endloop
  endfacet
  facet normal 0 0.976665 0.214766
    outer loop
      vertex 88 185.313 -54.5765
      vertex 153 185.416 -55.0449
      vertex 88 185.416 -55.0449
    endloop
  endfacet
  facet normal 0 -0.216093 0.976373
    outer loop
      vertex 88 179.045 -50.5836
      vertex 153 178.576 -50.6874
      vertex 153 179.045 -50.5836
    endloop
  endfacet
  facet normal 0 -0.216093 0.976373
    outer loop
      vertex 153 178.576 -50.6874
      vertex 88 179.045 -50.5836
      vertex 88 178.576 -50.6874
    endloop
  endfacet
  facet normal 0 0.999042 0.0437628
    outer loop
      vertex 153 185.5 -56
      vertex 88 185.479 -55.5206
      vertex 153 185.479 -55.5206
    endloop
  endfacet
  facet normal 0 0.999042 0.0437628
    outer loop
      vertex 88 185.479 -55.5206
      vertex 153 185.5 -56
      vertex 88 185.5 -56
    endloop
  endfacet
  facet normal 0 0.953286 -0.302068
    outer loop
      vertex 153 185.168 -57.8811
      vertex 149 185.313 -57.4235
      vertex 153 185.313 -57.4235
    endloop
  endfacet
  facet normal 0 0.953286 -0.302068
    outer loop
      vertex 149 185.313 -57.4235
      vertex 153 185.168 -57.8811
      vertex 149 185.168 -57.8811
    endloop
  endfacet
  facet normal 0 0.989562 -0.144111
    outer loop
      vertex 153 185.479 -56.4794
      vertex 149 185.476 -56.5
      vertex 88 185.479 -56.4794
    endloop
  endfacet
  facet normal -6.73643e-05 0.991344 -0.13129
    outer loop
      vertex 153 185.416 -56.9551
      vertex 149 185.476 -56.5
      vertex 153 185.479 -56.4794
    endloop
  endfacet
  facet normal 0 0.991421 -0.130708
    outer loop
      vertex 149 185.476 -56.5
      vertex 153 185.416 -56.9551
      vertex 149 185.416 -56.9551
    endloop
  endfacet
  facet normal 0 0.989562 -0.144111
    outer loop
      vertex 91 185.476 -56.5
      vertex 88 185.479 -56.4794
      vertex 149 185.476 -56.5
    endloop
  endfacet
  facet normal 8.27331e-05 0.991209 -0.132302
    outer loop
      vertex 88 185.479 -56.4794
      vertex 91 185.476 -56.5
      vertex 88 185.454 -56.6667
    endloop
  endfacet
  facet normal 0 -0.0435911 0.999049
    outer loop
      vertex 88 180 -50.5
      vertex 153 179.521 -50.5209
      vertex 153 180 -50.5
    endloop
  endfacet
  facet normal 0 -0.0435911 0.999049
    outer loop
      vertex 153 179.521 -50.5209
      vertex 88 180 -50.5
      vertex 88 179.521 -50.5209
    endloop
  endfacet
  facet normal -0 0.301101 0.953592
    outer loop
      vertex 88 181.881 -50.8317
      vertex 153 181.424 -50.6874
      vertex 153 181.881 -50.8317
    endloop
  endfacet
  facet normal 0 0.301101 0.953592
    outer loop
      vertex 153 181.424 -50.6874
      vertex 88 181.881 -50.8317
      vertex 88 181.424 -50.6874
    endloop
  endfacet
  facet normal -0 0.130595 0.991436
    outer loop
      vertex 88 180.955 -50.5836
      vertex 153 180.479 -50.5209
      vertex 153 180.955 -50.5836
    endloop
  endfacet
  facet normal 0 0.130595 0.991436
    outer loop
      vertex 153 180.479 -50.5209
      vertex 88 180.955 -50.5836
      vertex 88 180.479 -50.5209
    endloop
  endfacet
  facet normal -0 0.461484 0.887149
    outer loop
      vertex 88 182.75 -51.2369
      vertex 153 182.324 -51.0153
      vertex 153 182.75 -51.2369
    endloop
  endfacet
  facet normal 0 0.461484 0.887149
    outer loop
      vertex 153 182.324 -51.0153
      vertex 88 182.75 -51.2369
      vertex 88 182.324 -51.0153
    endloop
  endfacet
  facet normal -0 0.536983 0.843593
    outer loop
      vertex 88 183.155 -51.4947
      vertex 153 182.75 -51.2369
      vertex 153 183.155 -51.4947
    endloop
  endfacet
  facet normal 0 0.536983 0.843593
    outer loop
      vertex 153 182.75 -51.2369
      vertex 88 183.155 -51.4947
      vertex 88 182.75 -51.2369
    endloop
  endfacet
  facet normal 0 0.953286 0.302068
    outer loop
      vertex 153 185.313 -54.5765
      vertex 88 185.168 -54.1189
      vertex 153 185.168 -54.1189
    endloop
  endfacet
  facet normal 0 0.953286 0.302068
    outer loop
      vertex 88 185.168 -54.1189
      vertex 153 185.313 -54.5765
      vertex 88 185.313 -54.5765
    endloop
  endfacet
  facet normal 0 0.991344 0.13129
    outer loop
      vertex 153 185.479 -55.5206
      vertex 88 185.416 -55.0449
      vertex 153 185.416 -55.0449
    endloop
  endfacet
  facet normal 0 0.991344 0.13129
    outer loop
      vertex 88 185.416 -55.0449
      vertex 153 185.479 -55.5206
      vertex 88 185.479 -55.5206
    endloop
  endfacet
  facet normal 0 0.843224 0.537563
    outer loop
      vertex 153 184.763 -53.25
      vertex 88 184.505 -52.8453
      vertex 153 184.505 -52.8453
    endloop
  endfacet
  facet normal 0 0.843224 0.537563
    outer loop
      vertex 88 184.505 -52.8453
      vertex 153 184.763 -53.25
      vertex 88 184.763 -53.25
    endloop
  endfacet
  facet normal 0 0.793398 0.608703
    outer loop
      vertex 153 184.505 -52.8453
      vertex 88 184.213 -52.4647
      vertex 153 184.213 -52.4647
    endloop
  endfacet
  facet normal 0 0.793398 0.608703
    outer loop
      vertex 88 184.213 -52.4647
      vertex 153 184.505 -52.8453
      vertex 88 184.505 -52.8453
    endloop
  endfacet
  facet normal 0 0.886629 0.462481
    outer loop
      vertex 153 184.985 -53.6756
      vertex 88 184.763 -53.25
      vertex 153 184.763 -53.25
    endloop
  endfacet
  facet normal 0 0.886629 0.462481
    outer loop
      vertex 88 184.763 -53.25
      vertex 153 184.985 -53.6756
      vertex 88 184.985 -53.6756
    endloop
  endfacet
  facet normal 0 -0.301101 0.953592
    outer loop
      vertex 88 178.576 -50.6874
      vertex 153 178.119 -50.8317
      vertex 153 178.576 -50.6874
    endloop
  endfacet
  facet normal 0 -0.301101 0.953592
    outer loop
      vertex 153 178.119 -50.8317
      vertex 88 178.576 -50.6874
      vertex 88 178.119 -50.8317
    endloop
  endfacet
  facet normal 0 -0.130595 0.991436
    outer loop
      vertex 88 179.521 -50.5209
      vertex 153 179.045 -50.5836
      vertex 153 179.521 -50.5209
    endloop
  endfacet
  facet normal 0 -0.130595 0.991436
    outer loop
      vertex 153 179.045 -50.5836
      vertex 88 179.521 -50.5209
      vertex 88 179.045 -50.5836
    endloop
  endfacet
  facet normal 0 0.924565 -0.381024
    outer loop
      vertex 153 185.119 -58
      vertex 149 185.168 -57.8811
      vertex 153 185.168 -57.8811
    endloop
  endfacet
  facet normal 0 0.924565 -0.381024
    outer loop
      vertex 149 185.168 -57.8811
      vertex 153 185.119 -58
      vertex 149 185.119 -58
    endloop
  endfacet
  facet normal 0 0.976665 -0.214766
    outer loop
      vertex 153 185.313 -57.4235
      vertex 149 185.416 -56.9551
      vertex 153 185.416 -56.9551
    endloop
  endfacet
  facet normal 0 0.976665 -0.214766
    outer loop
      vertex 149 185.416 -56.9551
      vertex 153 185.313 -57.4235
      vertex 149 185.313 -57.4235
    endloop
  endfacet
  facet normal -0 0.216093 0.976373
    outer loop
      vertex 88 181.424 -50.6874
      vertex 153 180.955 -50.5836
      vertex 153 181.424 -50.6874
    endloop
  endfacet
  facet normal 0 0.216093 0.976373
    outer loop
      vertex 153 180.955 -50.5836
      vertex 88 181.424 -50.6874
      vertex 88 180.955 -50.5836
    endloop
  endfacet
  facet normal 0 0.737483 0.675366
    outer loop
      vertex 153 184.213 -52.4647
      vertex 88 183.889 -52.1109
      vertex 153 183.889 -52.1109
    endloop
  endfacet
  facet normal 0 0.737483 0.675366
    outer loop
      vertex 88 183.889 -52.1109
      vertex 153 184.213 -52.4647
      vertex 88 184.213 -52.4647
    endloop
  endfacet
  facet normal -0 0.675272 0.737569
    outer loop
      vertex 88 183.889 -52.1109
      vertex 153 183.535 -51.7868
      vertex 153 183.889 -52.1109
    endloop
  endfacet
  facet normal 0 0.675272 0.737569
    outer loop
      vertex 153 183.535 -51.7868
      vertex 88 183.889 -52.1109
      vertex 88 183.535 -51.7868
    endloop
  endfacet
  facet normal 1 0 0
    outer loop
      vertex 153 185.479 -55.5206
      vertex 153 182.142 -55.8126
      vertex 153 182.15 -56
    endloop
  endfacet
  facet normal 1 0 0
    outer loop
      vertex 153 182.75 -51.2369
      vertex 153 182.117 -55.6267
      vertex 153 182.142 -55.8126
    endloop
  endfacet
  facet normal 1 0 0
    outer loop
      vertex 153 182.75 -51.2369
      vertex 153 182.077 -55.4435
      vertex 153 182.117 -55.6267
    endloop
  endfacet
  facet normal 1 0 0
    outer loop
      vertex 153 182.75 -51.2369
      vertex 153 182.02 -55.2647
      vertex 153 182.077 -55.4435
    endloop
  endfacet
  facet normal 1 0 0
    outer loop
      vertex 153 182.75 -51.2369
      vertex 153 181.949 -55.0914
      vertex 153 182.02 -55.2647
    endloop
  endfacet
  facet normal 1 0 0
    outer loop
      vertex 153 180.909 -54.0514
      vertex 153 182.324 -51.0153
      vertex 153 181.881 -50.8317
    endloop
  endfacet
  facet normal 1 0 0
    outer loop
      vertex 153 182.75 -51.2369
      vertex 153 181.862 -54.925
      vertex 153 181.949 -55.0914
    endloop
  endfacet
  facet normal 1 0 0
    outer loop
      vertex 153 182.75 -51.2369
      vertex 153 181.761 -54.7668
      vertex 153 181.862 -54.925
    endloop
  endfacet
  facet normal 1 0 0
    outer loop
      vertex 153 182.75 -51.2369
      vertex 153 181.647 -54.618
      vertex 153 181.761 -54.7668
    endloop
  endfacet
  facet normal 1 0 0
    outer loop
      vertex 153 182.75 -51.2369
      vertex 153 181.52 -54.4797
      vertex 153 181.647 -54.618
    endloop
  endfacet
  facet normal 1 0 0
    outer loop
      vertex 153 180.735 -53.9797
      vertex 153 181.881 -50.8317
      vertex 153 181.424 -50.6874
    endloop
  endfacet
  facet normal 1 0 0
    outer loop
      vertex 153 182.75 -51.2369
      vertex 153 181.382 -54.353
      vertex 153 181.52 -54.4797
    endloop
  endfacet
  facet normal 1 0 0
    outer loop
      vertex 153 182.75 -51.2369
      vertex 153 181.233 -54.2388
      vertex 153 181.382 -54.353
    endloop
  endfacet
  facet normal 1 0 0
    outer loop
      vertex 153 182.75 -51.2369
      vertex 153 181.075 -54.138
      vertex 153 181.233 -54.2388
    endloop
  endfacet
  facet normal 1 0 0
    outer loop
      vertex 153 180.556 -53.9233
      vertex 153 181.424 -50.6874
      vertex 153 180.955 -50.5836
    endloop
  endfacet
  facet normal 1 0 0
    outer loop
      vertex 153 182.324 -51.0153
      vertex 153 180.909 -54.0514
      vertex 153 181.075 -54.138
    endloop
  endfacet
  facet normal 1 0 0
    outer loop
      vertex 153 181.881 -50.8317
      vertex 153 180.735 -53.9797
      vertex 153 180.909 -54.0514
    endloop
  endfacet
  facet normal 1 0 0
    outer loop
      vertex 153 181.424 -50.6874
      vertex 153 180.556 -53.9233
      vertex 153 180.735 -53.9797
    endloop
  endfacet
  facet normal 1 0 0
    outer loop
      vertex 153 180.373 -53.8827
      vertex 153 180.955 -50.5836
      vertex 153 180.479 -50.5209
    endloop
  endfacet
  facet normal 1 0 0
    outer loop
      vertex 153 180.955 -50.5836
      vertex 153 180.373 -53.8827
      vertex 153 180.556 -53.9233
    endloop
  endfacet
  facet normal 1 0 0
    outer loop
      vertex 153 180.479 -50.5209
      vertex 153 180.187 -53.8582
      vertex 153 180.373 -53.8827
    endloop
  endfacet
  facet normal 1 0 0
    outer loop
      vertex 153 180 -50.5
      vertex 153 180.187 -53.8582
      vertex 153 180.479 -50.5209
    endloop
  endfacet
  facet normal 1 0 0
    outer loop
      vertex 153 180 -50.5
      vertex 153 180 -53.85
      vertex 153 180.187 -53.8582
    endloop
  endfacet
  facet normal 1 0 0
    outer loop
      vertex 153 180 -50.5
      vertex 153 179.813 -53.8582
      vertex 153 180 -53.85
    endloop
  endfacet
  facet normal 1 -0 0
    outer loop
      vertex 153 179.521 -50.5209
      vertex 153 179.813 -53.8582
      vertex 153 180 -50.5
    endloop
  endfacet
  facet normal 1 0 0
    outer loop
      vertex 153 179.813 -53.8582
      vertex 153 179.521 -50.5209
      vertex 153 179.627 -53.8827
    endloop
  endfacet
  facet normal 1 -0 0
    outer loop
      vertex 153 179.045 -50.5836
      vertex 153 179.627 -53.8827
      vertex 153 179.521 -50.5209
    endloop
  endfacet
  facet normal 1 0 0
    outer loop
      vertex 153 179.627 -53.8827
      vertex 153 179.045 -50.5836
      vertex 153 179.444 -53.9233
    endloop
  endfacet
  facet normal 1 -0 0
    outer loop
      vertex 153 178.576 -50.6874
      vertex 153 179.444 -53.9233
      vertex 153 179.045 -50.5836
    endloop
  endfacet
  facet normal 1 0 0
    outer loop
      vertex 153 179.444 -53.9233
      vertex 153 178.576 -50.6874
      vertex 153 179.265 -53.9797
    endloop
  endfacet
  facet normal 1 -0 0
    outer loop
      vertex 153 178.119 -50.8317
      vertex 153 179.265 -53.9797
      vertex 153 178.576 -50.6874
    endloop
  endfacet
  facet normal 1 -0 0
    outer loop
      vertex 153 178 -50.8809
      vertex 153 179.265 -53.9797
      vertex 153 178.119 -50.8317
    endloop
  endfacet
  facet normal 1 0 0
    outer loop
      vertex 153 178 -54
      vertex 153 179.265 -53.9797
      vertex 153 178 -50.8809
    endloop
  endfacet
  facet normal 1 0 0
    outer loop
      vertex 153 178.925 -54.138
      vertex 153 178 -54
      vertex 153 178.767 -54.2388
    endloop
  endfacet
  facet normal 1 0 0
    outer loop
      vertex 153 178.767 -54.2388
      vertex 153 178 -54
      vertex 153 178.618 -54.353
    endloop
  endfacet
  facet normal 1 0 0
    outer loop
      vertex 153 178.618 -54.353
      vertex 153 178 -54
      vertex 153 178.48 -54.4797
    endloop
  endfacet
  facet normal 1 -0 -0
    outer loop
      vertex 153 178.015 -54.3486
      vertex 153 178.48 -54.4797
      vertex 153 178 -54
    endloop
  endfacet
  facet normal 1 0 0
    outer loop
      vertex 153 178.48 -54.4797
      vertex 153 178.015 -54.3486
      vertex 153 178.353 -54.618
    endloop
  endfacet
  facet normal 1 0 -0
    outer loop
      vertex 153 178.061 -54.6946
      vertex 153 178.353 -54.618
      vertex 153 178.015 -54.3486
    endloop
  endfacet
  facet normal 1 0 0
    outer loop
      vertex 153 179.091 -54.0514
      vertex 153 178 -54
      vertex 153 178.925 -54.138
    endloop
  endfacet
  facet normal 1 0 0
    outer loop
      vertex 153 178.353 -54.618
      vertex 153 178.061 -54.6946
      vertex 153 178.239 -54.7668
    endloop
  endfacet
  facet normal 1 0 0
    outer loop
      vertex 153 178.138 -54.925
      vertex 153 178.061 -54.6946
      vertex 153 178.12 -54.9603
    endloop
  endfacet
  facet normal 1 0 0
    outer loop
      vertex 153 179.265 -53.9797
      vertex 153 178 -54
      vertex 153 179.091 -54.0514
    endloop
  endfacet
  facet normal 1 0 0
    outer loop
      vertex 153 178.239 -54.7668
      vertex 153 178.061 -54.6946
      vertex 153 178.138 -54.925
    endloop
  endfacet
  facet normal 1 0 0
    outer loop
      vertex 153 182.15 -56
      vertex 153 185.5 -56
      vertex 153 185.479 -55.5206
    endloop
  endfacet
  facet normal 1 0 0
    outer loop
      vertex 153 182.142 -55.8126
      vertex 153 185.479 -55.5206
      vertex 153 185.416 -55.0449
    endloop
  endfacet
  facet normal 1 0 0
    outer loop
      vertex 153 185.5 -56
      vertex 153 182.15 -56
      vertex 153 185.479 -56.4794
    endloop
  endfacet
  facet normal 1 0 0
    outer loop
      vertex 153 182.142 -55.8126
      vertex 153 185.416 -55.0449
      vertex 153 185.313 -54.5765
    endloop
  endfacet
  facet normal 1 -0 0
    outer loop
      vertex 153 182.142 -56.1874
      vertex 153 185.479 -56.4794
      vertex 153 182.15 -56
    endloop
  endfacet
  facet normal 1 0 0
    outer loop
      vertex 153 182.142 -55.8126
      vertex 153 185.313 -54.5765
      vertex 153 185.168 -54.1189
    endloop
  endfacet
  facet normal 1 0 0
    outer loop
      vertex 153 185.479 -56.4794
      vertex 153 182.142 -56.1874
      vertex 153 185.416 -56.9551
    endloop
  endfacet
  facet normal 1 -0 0
    outer loop
      vertex 153 182.117 -56.3733
      vertex 153 185.416 -56.9551
      vertex 153 182.142 -56.1874
    endloop
  endfacet
  facet normal 1 0 0
    outer loop
      vertex 153 182.142 -55.8126
      vertex 153 185.168 -54.1189
      vertex 153 184.985 -53.6756
    endloop
  endfacet
  facet normal 1 0 0
    outer loop
      vertex 153 182.142 -55.8126
      vertex 153 184.985 -53.6756
      vertex 153 184.763 -53.25
    endloop
  endfacet
  facet normal 1 0 0
    outer loop
      vertex 153 182.142 -55.8126
      vertex 153 184.763 -53.25
      vertex 153 184.505 -52.8453
    endloop
  endfacet
  facet normal 1 0 0
    outer loop
      vertex 153 182.142 -55.8126
      vertex 153 184.505 -52.8453
      vertex 153 184.213 -52.4647
    endloop
  endfacet
  facet normal 1 0 0
    outer loop
      vertex 153 182.142 -55.8126
      vertex 153 184.213 -52.4647
      vertex 153 183.889 -52.1109
    endloop
  endfacet
  facet normal 1 0 0
    outer loop
      vertex 153 182.142 -55.8126
      vertex 153 183.889 -52.1109
      vertex 153 183.535 -51.7868
    endloop
  endfacet
  facet normal 1 0 0
    outer loop
      vertex 153 182.142 -55.8126
      vertex 153 183.535 -51.7868
      vertex 153 183.155 -51.4947
    endloop
  endfacet
  facet normal 1 0 0
    outer loop
      vertex 153 182.142 -55.8126
      vertex 153 183.155 -51.4947
      vertex 153 182.75 -51.2369
    endloop
  endfacet
  facet normal 1 0 0
    outer loop
      vertex 153 181.075 -54.138
      vertex 153 182.75 -51.2369
      vertex 153 182.324 -51.0153
    endloop
  endfacet
  facet normal 1 0 0
    outer loop
      vertex 153 185.416 -56.9551
      vertex 153 182.117 -56.3733
      vertex 153 185.313 -57.4235
    endloop
  endfacet
  facet normal 1 -0 0
    outer loop
      vertex 153 182.077 -56.5565
      vertex 153 185.313 -57.4235
      vertex 153 182.117 -56.3733
    endloop
  endfacet
  facet normal 1 0 0
    outer loop
      vertex 153 185.313 -57.4235
      vertex 153 182.077 -56.5565
      vertex 153 185.168 -57.8811
    endloop
  endfacet
  facet normal 1 -0 0
    outer loop
      vertex 153 182.02 -56.7353
      vertex 153 185.168 -57.8811
      vertex 153 182.077 -56.5565
    endloop
  endfacet
  facet normal 1 0 0
    outer loop
      vertex 153 185.168 -57.8811
      vertex 153 182.02 -56.7353
      vertex 153 185.119 -58
    endloop
  endfacet
  facet normal 1 0 0
    outer loop
      vertex 153 182.02 -56.7353
      vertex 153 182 -58
      vertex 153 185.119 -58
    endloop
  endfacet
  facet normal 1 -0 0
    outer loop
      vertex 153 181.949 -56.9086
      vertex 153 182 -58
      vertex 153 182.02 -56.7353
    endloop
  endfacet
  facet normal 1 -0 0
    outer loop
      vertex 153 181.862 -57.075
      vertex 153 182 -58
      vertex 153 181.949 -56.9086
    endloop
  endfacet
  facet normal 1 -0 0
    outer loop
      vertex 153 181.761 -57.2332
      vertex 153 182 -58
      vertex 153 181.862 -57.075
    endloop
  endfacet
  facet normal 1 -0 0
    outer loop
      vertex 153 181.647 -57.382
      vertex 153 182 -58
      vertex 153 181.761 -57.2332
    endloop
  endfacet
  facet normal 1 0 0
    outer loop
      vertex 153 182 -58
      vertex 153 181.647 -57.382
      vertex 153 181.651 -57.9848
    endloop
  endfacet
  facet normal 1 -0 0
    outer loop
      vertex 153 181.52 -57.5203
      vertex 153 181.651 -57.9848
      vertex 153 181.647 -57.382
    endloop
  endfacet
  facet normal 1 -0 0
    outer loop
      vertex 153 181.382 -57.647
      vertex 153 181.651 -57.9848
      vertex 153 181.52 -57.5203
    endloop
  endfacet
  facet normal 1 0 0
    outer loop
      vertex 153 181.382 -57.647
      vertex 153 181.305 -57.9392
      vertex 153 181.651 -57.9848
    endloop
  endfacet
  facet normal 1 -0 0
    outer loop
      vertex 153 181.233 -57.7612
      vertex 153 181.305 -57.9392
      vertex 153 181.382 -57.647
    endloop
  endfacet
  facet normal 1 -0 0
    outer loop
      vertex 153 181.075 -57.862
      vertex 153 181.305 -57.9392
      vertex 153 181.233 -57.7612
    endloop
  endfacet
  facet normal 1 0 0
    outer loop
      vertex 153 181.305 -57.9392
      vertex 153 181.075 -57.862
      vertex 153 181.04 -57.8803
    endloop
  endfacet
  facet normal 0 0.0436494 -0.999047
    outer loop
      vertex 88 180 0.5
      vertex 153 180.479 0.520928
      vertex 153 180 0.5
    endloop
  endfacet
  facet normal 0 0.0436494 -0.999047
    outer loop
      vertex 153 180.479 0.520928
      vertex 88 180 0.5
      vertex 88 180.479 0.520928
    endloop
  endfacet
  facet normal 0 0.737445 -0.675407
    outer loop
      vertex 153 183.889 2.11091
      vertex 88 184.213 2.46467
      vertex 153 184.213 2.46467
    endloop
  endfacet
  facet normal 0 0.737445 -0.675407
    outer loop
      vertex 88 184.213 2.46467
      vertex 153 183.889 2.11091
      vertex 88 183.889 2.11091
    endloop
  endfacet
  facet normal 0 0.924554 0.381051
    outer loop
      vertex 153 185.168 7.88111
      vertex 88 185.119 8
      vertex 153 185.119 8
    endloop
  endfacet
  facet normal 0 0.924554 0.381051
    outer loop
      vertex 88 185.119 8
      vertex 153 185.168 7.88111
      vertex 88 185.168 7.88111
    endloop
  endfacet
  facet normal 0 0.991344 0.13129
    outer loop
      vertex 153 185.479 6.47936
      vertex 88 185.416 6.95506
      vertex 153 185.416 6.95506
    endloop
  endfacet
  facet normal 0 0.991344 0.13129
    outer loop
      vertex 88 185.416 6.95506
      vertex 153 185.479 6.47936
      vertex 88 185.479 6.47936
    endloop
  endfacet
  facet normal 0 0.130449 -0.991455
    outer loop
      vertex 88 180.479 0.520928
      vertex 153 180.955 0.583557
      vertex 153 180.479 0.520928
    endloop
  endfacet
  facet normal 0 0.130449 -0.991455
    outer loop
      vertex 153 180.955 0.583557
      vertex 88 180.479 0.520928
      vertex 88 180.955 0.583557
    endloop
  endfacet
  facet normal 0 0.301069 -0.953602
    outer loop
      vertex 88 181.424 0.687407
      vertex 153 181.881 0.83169
      vertex 153 181.424 0.687407
    endloop
  endfacet
  facet normal 0 0.301069 -0.953602
    outer loop
      vertex 153 181.881 0.83169
      vertex 88 181.424 0.687407
      vertex 88 181.881 0.83169
    endloop
  endfacet
  facet normal 0 0.609438 -0.792833
    outer loop
      vertex 88 183.155 1.49466
      vertex 153 183.535 1.78676
      vertex 153 183.155 1.49466
    endloop
  endfacet
  facet normal 0 0.609438 -0.792833
    outer loop
      vertex 153 183.535 1.78676
      vertex 88 183.155 1.49466
      vertex 88 183.535 1.78676
    endloop
  endfacet
  facet normal 0 0.536983 -0.843593
    outer loop
      vertex 88 182.75 1.23686
      vertex 153 183.155 1.49466
      vertex 153 182.75 1.23686
    endloop
  endfacet
  facet normal 0 0.536983 -0.843593
    outer loop
      vertex 153 183.155 1.49466
      vertex 88 182.75 1.23686
      vertex 88 183.155 1.49466
    endloop
  endfacet
  facet normal 0 0.461402 -0.887191
    outer loop
      vertex 88 182.324 1.01531
      vertex 153 182.75 1.23686
      vertex 153 182.324 1.01531
    endloop
  endfacet
  facet normal 0 0.461402 -0.887191
    outer loop
      vertex 153 182.75 1.23686
      vertex 88 182.324 1.01531
      vertex 88 182.75 1.23686
    endloop
  endfacet
  facet normal 0 0.976668 -0.214753
    outer loop
      vertex 153 185.313 4.5765
      vertex 88 185.416 5.04493
      vertex 153 185.416 5.04493
    endloop
  endfacet
  facet normal 0 0.976668 -0.214753
    outer loop
      vertex 88 185.416 5.04493
      vertex 153 185.313 4.5765
      vertex 88 185.313 4.5765
    endloop
  endfacet
  facet normal 0 0.953288 -0.302062
    outer loop
      vertex 153 185.168 4.11889
      vertex 88 185.313 4.5765
      vertex 153 185.313 4.5765
    endloop
  endfacet
  facet normal 0 0.953288 -0.302062
    outer loop
      vertex 88 185.313 4.5765
      vertex 153 185.168 4.11889
      vertex 88 185.168 4.11889
    endloop
  endfacet
  facet normal 0 0.991344 -0.131287
    outer loop
      vertex 153 185.416 5.04493
      vertex 88 185.479 5.52064
      vertex 153 185.479 5.52064
    endloop
  endfacet
  facet normal 0 0.991344 -0.131287
    outer loop
      vertex 88 185.479 5.52064
      vertex 153 185.416 5.04493
      vertex 88 185.416 5.04493
    endloop
  endfacet
  facet normal 0 0.886629 -0.462481
    outer loop
      vertex 153 184.763 3.25
      vertex 88 184.985 3.6756
      vertex 153 184.985 3.6756
    endloop
  endfacet
  facet normal 0 0.886629 -0.462481
    outer loop
      vertex 88 184.985 3.6756
      vertex 153 184.763 3.25
      vertex 88 184.763 3.25
    endloop
  endfacet
  facet normal 0 0.924334 -0.381586
    outer loop
      vertex 153 184.985 3.6756
      vertex 88 185.168 4.11889
      vertex 153 185.168 4.11889
    endloop
  endfacet
  facet normal 0 0.924334 -0.381586
    outer loop
      vertex 88 185.168 4.11889
      vertex 153 184.985 3.6756
      vertex 88 184.985 3.6756
    endloop
  endfacet
  facet normal 0 0.793445 -0.608642
    outer loop
      vertex 153 184.213 2.46467
      vertex 88 184.505 2.84533
      vertex 153 184.505 2.84533
    endloop
  endfacet
  facet normal 0 0.793445 -0.608642
    outer loop
      vertex 88 184.505 2.84533
      vertex 153 184.213 2.46467
      vertex 88 184.213 2.46467
    endloop
  endfacet
  facet normal 0 0.999042 0.0437664
    outer loop
      vertex 153 185.5 6
      vertex 88 185.479 6.47936
      vertex 153 185.479 6.47936
    endloop
  endfacet
  facet normal 0 0.999042 0.0437664
    outer loop
      vertex 88 185.479 6.47936
      vertex 153 185.5 6
      vertex 88 185.5 6
    endloop
  endfacet
  facet normal 0 -0.0436494 -0.999047
    outer loop
      vertex 88 179.521 0.520928
      vertex 153 180 0.5
      vertex 153 179.521 0.520928
    endloop
  endfacet
  facet normal -0 -0.0436494 -0.999047
    outer loop
      vertex 153 180 0.5
      vertex 88 179.521 0.520928
      vertex 88 180 0.5
    endloop
  endfacet
  facet normal 0 0.216192 -0.976351
    outer loop
      vertex 88 180.955 0.583557
      vertex 153 181.424 0.687407
      vertex 153 180.955 0.583557
    endloop
  endfacet
  facet normal 0 0.216192 -0.976351
    outer loop
      vertex 153 181.424 0.687407
      vertex 88 180.955 0.583557
      vertex 88 181.424 0.687407
    endloop
  endfacet
  facet normal 0 0.382903 -0.923789
    outer loop
      vertex 88 181.881 0.83169
      vertex 153 182.324 1.01531
      vertex 153 181.881 0.83169
    endloop
  endfacet
  facet normal 0 0.382903 -0.923789
    outer loop
      vertex 153 182.324 1.01531
      vertex 88 181.881 0.83169
      vertex 88 182.324 1.01531
    endloop
  endfacet
  facet normal 0 0.675328 -0.737517
    outer loop
      vertex 88 183.535 1.78676
      vertex 153 183.889 2.11091
      vertex 153 183.535 1.78676
    endloop
  endfacet
  facet normal 0 0.675328 -0.737517
    outer loop
      vertex 153 183.889 2.11091
      vertex 88 183.535 1.78676
      vertex 88 183.889 2.11091
    endloop
  endfacet
  facet normal 0 0.999042 -0.0437664
    outer loop
      vertex 153 185.479 5.52064
      vertex 88 185.5 6
      vertex 153 185.5 6
    endloop
  endfacet
  facet normal 0 0.999042 -0.0437664
    outer loop
      vertex 88 185.5 6
      vertex 153 185.479 5.52064
      vertex 88 185.479 5.52064
    endloop
  endfacet
  facet normal 0 0.843206 -0.537591
    outer loop
      vertex 153 184.505 2.84533
      vertex 88 184.763 3.25
      vertex 153 184.763 3.25
    endloop
  endfacet
  facet normal 0 0.843206 -0.537591
    outer loop
      vertex 88 184.763 3.25
      vertex 153 184.505 2.84533
      vertex 88 184.505 2.84533
    endloop
  endfacet
  facet normal 0 0.953288 0.302062
    outer loop
      vertex 153 185.313 7.4235
      vertex 88 185.168 7.88111
      vertex 153 185.168 7.88111
    endloop
  endfacet
  facet normal 0 0.953288 0.302062
    outer loop
      vertex 88 185.168 7.88111
      vertex 153 185.313 7.4235
      vertex 88 185.313 7.4235
    endloop
  endfacet
  facet normal 0 0.976669 0.214749
    outer loop
      vertex 153 185.416 6.95506
      vertex 88 185.313 7.4235
      vertex 153 185.313 7.4235
    endloop
  endfacet
  facet normal 0 0.976669 0.214749
    outer loop
      vertex 88 185.313 7.4235
      vertex 153 185.416 6.95506
      vertex 88 185.416 6.95506
    endloop
  endfacet
  facet normal 0 -0.130449 -0.991455
    outer loop
      vertex 88 179.045 0.583557
      vertex 153 179.521 0.520928
      vertex 153 179.045 0.583557
    endloop
  endfacet
  facet normal -0 -0.130449 -0.991455
    outer loop
      vertex 153 179.521 0.520928
      vertex 88 179.045 0.583557
      vertex 88 179.521 0.520928
    endloop
  endfacet
  facet normal 1 0 0
    outer loop
      vertex 153 182.15 6
      vertex 153 185.5 6
      vertex 153 185.479 6.47936
    endloop
  endfacet
  facet normal 1 0 0
    outer loop
      vertex 153 182.142 6.18738
      vertex 153 185.479 6.47936
      vertex 153 185.416 6.95506
    endloop
  endfacet
  facet normal 1 0 0
    outer loop
      vertex 153 185.5 6
      vertex 153 182.15 6
      vertex 153 185.479 5.52064
    endloop
  endfacet
  facet normal 1 0 0
    outer loop
      vertex 153 182.117 6.37334
      vertex 153 185.416 6.95506
      vertex 153 185.313 7.4235
    endloop
  endfacet
  facet normal 1 -0 0
    outer loop
      vertex 153 182.142 5.81261
      vertex 153 185.479 5.52064
      vertex 153 182.15 6
    endloop
  endfacet
  facet normal 1 0 0
    outer loop
      vertex 153 182.077 6.55646
      vertex 153 185.313 7.4235
      vertex 153 185.168 7.88111
    endloop
  endfacet
  facet normal 1 0 0
    outer loop
      vertex 153 185.479 5.52064
      vertex 153 182.142 5.81261
      vertex 153 185.416 5.04493
    endloop
  endfacet
  facet normal 1 0 0
    outer loop
      vertex 153 182.02 6.73534
      vertex 153 185.168 7.88111
      vertex 153 185.119 8
    endloop
  endfacet
  facet normal 1 -0 0
    outer loop
      vertex 153 182.117 5.62666
      vertex 153 185.416 5.04493
      vertex 153 182.142 5.81261
    endloop
  endfacet
  facet normal 1 0 0
    outer loop
      vertex 153 185.416 5.04493
      vertex 153 182.117 5.62666
      vertex 153 185.313 4.5765
    endloop
  endfacet
  facet normal 1 0 0
    outer loop
      vertex 153 185.313 4.5765
      vertex 153 182.077 5.44354
      vertex 153 185.168 4.11889
    endloop
  endfacet
  facet normal 1 -0 0
    outer loop
      vertex 153 182.02 5.26466
      vertex 153 185.168 4.11889
      vertex 153 182.077 5.44354
    endloop
  endfacet
  facet normal 1 -0 0
    outer loop
      vertex 153 181.949 5.09137
      vertex 153 184.985 3.6756
      vertex 153 182.02 5.26466
    endloop
  endfacet
  facet normal 1 0 0
    outer loop
      vertex 153 184.985 3.6756
      vertex 153 181.949 5.09137
      vertex 153 184.763 3.25
    endloop
  endfacet
  facet normal 1 0 0
    outer loop
      vertex 153 184.763 3.25
      vertex 153 181.862 4.925
      vertex 153 184.505 2.84533
    endloop
  endfacet
  facet normal 1 -0 0
    outer loop
      vertex 153 181.761 4.76681
      vertex 153 184.505 2.84533
      vertex 153 181.862 4.925
    endloop
  endfacet
  facet normal 1 -0 0
    outer loop
      vertex 153 181.647 4.61801
      vertex 153 184.213 2.46467
      vertex 153 181.761 4.76681
    endloop
  endfacet
  facet normal 1 -0 0
    outer loop
      vertex 153 182.077 5.44354
      vertex 153 185.313 4.5765
      vertex 153 182.117 5.62666
    endloop
  endfacet
  facet normal 1 0 0
    outer loop
      vertex 153 185.479 6.47936
      vertex 153 182.142 6.18738
      vertex 153 182.15 6
    endloop
  endfacet
  facet normal 1 0 0
    outer loop
      vertex 153 185.416 6.95506
      vertex 153 182.117 6.37334
      vertex 153 182.142 6.18738
    endloop
  endfacet
  facet normal 1 0 0
    outer loop
      vertex 153 185.313 7.4235
      vertex 153 182.077 6.55646
      vertex 153 182.117 6.37334
    endloop
  endfacet
  facet normal 1 0 0
    outer loop
      vertex 153 185.168 7.88111
      vertex 153 182.02 6.73534
      vertex 153 182.077 6.55646
    endloop
  endfacet
  facet normal 1 -0 0
    outer loop
      vertex 153 182 8
      vertex 153 182.02 6.73534
      vertex 153 185.119 8
    endloop
  endfacet
  facet normal 1 0 0
    outer loop
      vertex 153 182 8
      vertex 153 181.949 6.90863
      vertex 153 182.02 6.73534
    endloop
  endfacet
  facet normal 1 0 0
    outer loop
      vertex 153 182 8
      vertex 153 181.862 7.075
      vertex 153 181.949 6.90863
    endloop
  endfacet
  facet normal 1 0 0
    outer loop
      vertex 153 182 8
      vertex 153 181.761 7.23319
      vertex 153 181.862 7.075
    endloop
  endfacet
  facet normal 1 0 0
    outer loop
      vertex 153 181.647 7.38199
      vertex 153 182 8
      vertex 153 181.651 7.98478
    endloop
  endfacet
  facet normal 1 0 0
    outer loop
      vertex 153 182 8
      vertex 153 181.647 7.38199
      vertex 153 181.761 7.23319
    endloop
  endfacet
  facet normal 1 0 0
    outer loop
      vertex 153 181.651 7.98478
      vertex 153 181.52 7.52028
      vertex 153 181.647 7.38199
    endloop
  endfacet
  facet normal 1 0 0
    outer loop
      vertex 153 181.651 7.98478
      vertex 153 181.382 7.647
      vertex 153 181.52 7.52028
    endloop
  endfacet
  facet normal 1 -0 0
    outer loop
      vertex 153 181.305 7.93923
      vertex 153 181.382 7.647
      vertex 153 181.651 7.98478
    endloop
  endfacet
  facet normal 1 0 0
    outer loop
      vertex 153 181.305 7.93923
      vertex 153 181.233 7.76118
      vertex 153 181.382 7.647
    endloop
  endfacet
  facet normal 1 0 0
    outer loop
      vertex 153 181.305 7.93923
      vertex 153 181.075 7.86195
      vertex 153 181.233 7.76118
    endloop
  endfacet
  facet normal 1 0 -0
    outer loop
      vertex 153 181.075 7.86195
      vertex 153 181.305 7.93923
      vertex 153 181.04 7.88033
    endloop
  endfacet
  facet normal 1 0 0
    outer loop
      vertex 153 185.168 4.11889
      vertex 153 182.02 5.26466
      vertex 153 184.985 3.6756
    endloop
  endfacet
  facet normal 1 -0 0
    outer loop
      vertex 153 181.862 4.925
      vertex 153 184.763 3.25
      vertex 153 181.949 5.09137
    endloop
  endfacet
  facet normal 1 0 0
    outer loop
      vertex 153 184.505 2.84533
      vertex 153 181.761 4.76681
      vertex 153 184.213 2.46467
    endloop
  endfacet
  facet normal 1 0 0
    outer loop
      vertex 153 184.213 2.46467
      vertex 153 181.647 4.61801
      vertex 153 183.889 2.11091
    endloop
  endfacet
  facet normal 1 -0 0
    outer loop
      vertex 153 181.52 4.47972
      vertex 153 183.889 2.11091
      vertex 153 181.647 4.61801
    endloop
  endfacet
  facet normal 1 0 0
    outer loop
      vertex 153 183.889 2.11091
      vertex 153 181.52 4.47972
      vertex 153 183.535 1.78676
    endloop
  endfacet
  facet normal 1 -0 0
    outer loop
      vertex 153 181.382 4.353
      vertex 153 183.535 1.78676
      vertex 153 181.52 4.47972
    endloop
  endfacet
  facet normal 1 0 0
    outer loop
      vertex 153 183.535 1.78676
      vertex 153 181.382 4.353
      vertex 153 183.155 1.49466
    endloop
  endfacet
  facet normal 1 -0 0
    outer loop
      vertex 153 181.233 4.23882
      vertex 153 183.155 1.49466
      vertex 153 181.382 4.353
    endloop
  endfacet
  facet normal 1 0 0
    outer loop
      vertex 153 183.155 1.49466
      vertex 153 181.233 4.23882
      vertex 153 182.75 1.23686
    endloop
  endfacet
  facet normal 1 -0 0
    outer loop
      vertex 153 181.075 4.13805
      vertex 153 182.75 1.23686
      vertex 153 181.233 4.23882
    endloop
  endfacet
  facet normal 1 0 0
    outer loop
      vertex 153 182.75 1.23686
      vertex 153 181.075 4.13805
      vertex 153 182.324 1.01531
    endloop
  endfacet
  facet normal 1 -0 0
    outer loop
      vertex 153 180.909 4.05144
      vertex 153 182.324 1.01531
      vertex 153 181.075 4.13805
    endloop
  endfacet
  facet normal 1 0 0
    outer loop
      vertex 153 182.324 1.01531
      vertex 153 180.909 4.05144
      vertex 153 181.881 0.83169
    endloop
  endfacet
  facet normal 1 -0 0
    outer loop
      vertex 153 180.735 3.97966
      vertex 153 181.881 0.83169
      vertex 153 180.909 4.05144
    endloop
  endfacet
  facet normal 1 0 0
    outer loop
      vertex 153 181.881 0.83169
      vertex 153 180.735 3.97966
      vertex 153 181.424 0.687407
    endloop
  endfacet
  facet normal 1 -0 0
    outer loop
      vertex 153 180.556 3.92326
      vertex 153 181.424 0.687407
      vertex 153 180.735 3.97966
    endloop
  endfacet
  facet normal 1 0 0
    outer loop
      vertex 153 181.424 0.687407
      vertex 153 180.556 3.92326
      vertex 153 180.955 0.583557
    endloop
  endfacet
  facet normal 1 -0 0
    outer loop
      vertex 153 180.373 3.88266
      vertex 153 180.955 0.583557
      vertex 153 180.556 3.92326
    endloop
  endfacet
  facet normal 1 0 0
    outer loop
      vertex 153 180.955 0.583557
      vertex 153 180.373 3.88266
      vertex 153 180.479 0.520928
    endloop
  endfacet
  facet normal 1 -0 0
    outer loop
      vertex 153 180.187 3.85818
      vertex 153 180.479 0.520928
      vertex 153 180.373 3.88266
    endloop
  endfacet
  facet normal 1 -0 0
    outer loop
      vertex 153 180 3.85
      vertex 153 180.479 0.520928
      vertex 153 180.187 3.85818
    endloop
  endfacet
  facet normal 1 0 0
    outer loop
      vertex 153 180 3.85
      vertex 153 180 0.5
      vertex 153 180.479 0.520928
    endloop
  endfacet
  facet normal 1 0 0
    outer loop
      vertex 153 179.813 3.85818
      vertex 153 180 0.5
      vertex 153 180 3.85
    endloop
  endfacet
  facet normal 1 0 0
    outer loop
      vertex 153 179.521 0.520928
      vertex 153 179.813 3.85818
      vertex 153 179.627 3.88266
    endloop
  endfacet
  facet normal 1 0 0
    outer loop
      vertex 153 179.813 3.85818
      vertex 153 179.521 0.520928
      vertex 153 180 0.5
    endloop
  endfacet
  facet normal 1 0 0
    outer loop
      vertex 153 179.045 0.583557
      vertex 153 179.627 3.88266
      vertex 153 179.444 3.92326
    endloop
  endfacet
  facet normal 1 0 0
    outer loop
      vertex 153 178.576 0.687407
      vertex 153 179.444 3.92326
      vertex 153 179.265 3.97966
    endloop
  endfacet
  facet normal 1 -0 0
    outer loop
      vertex 153 178 4
      vertex 153 179.265 3.97966
      vertex 153 179.091 4.05144
    endloop
  endfacet
  facet normal 1 0 0
    outer loop
      vertex 153 179.627 3.88266
      vertex 153 179.045 0.583557
      vertex 153 179.521 0.520928
    endloop
  endfacet
  facet normal 1 0 0
    outer loop
      vertex 153 178 4
      vertex 153 179.091 4.05144
      vertex 153 178.925 4.13805
    endloop
  endfacet
  facet normal 1 0 0
    outer loop
      vertex 153 178 4
      vertex 153 178.925 4.13805
      vertex 153 178.767 4.23882
    endloop
  endfacet
  facet normal 1 0 0
    outer loop
      vertex 153 178 4
      vertex 153 178.767 4.23882
      vertex 153 178.618 4.353
    endloop
  endfacet
  facet normal 1 0 0
    outer loop
      vertex 153 179.265 3.97966
      vertex 153 178 4
      vertex 153 178 0.880935
    endloop
  endfacet
  facet normal 1 0 0
    outer loop
      vertex 153 178 4
      vertex 153 178.618 4.353
      vertex 153 178.48 4.47972
    endloop
  endfacet
  facet normal 1 0 0
    outer loop
      vertex 153 178.015 4.34862
      vertex 153 178.48 4.47972
      vertex 153 178.353 4.61801
    endloop
  endfacet
  facet normal 1 -0 0
    outer loop
      vertex 153 178.061 4.69459
      vertex 153 178.353 4.61801
      vertex 153 178.239 4.76681
    endloop
  endfacet
  facet normal 1 0 0
    outer loop
      vertex 153 178.061 4.69459
      vertex 153 178.239 4.76681
      vertex 153 178.138 4.925
    endloop
  endfacet
  facet normal 1 0 0
    outer loop
      vertex 153 178.061 4.69459
      vertex 153 178.138 4.925
      vertex 153 178.12 4.96029
    endloop
  endfacet
  facet normal 1 0 0
    outer loop
      vertex 153 179.444 3.92326
      vertex 153 178.576 0.687407
      vertex 153 179.045 0.583557
    endloop
  endfacet
  facet normal 1 0 0
    outer loop
      vertex 153 178.353 4.61801
      vertex 153 178.061 4.69459
      vertex 153 178.015 4.34862
    endloop
  endfacet
  facet normal 1 0 0
    outer loop
      vertex 153 178.48 4.47972
      vertex 153 178.015 4.34862
      vertex 153 178 4
    endloop
  endfacet
  facet normal 1 0 0
    outer loop
      vertex 153 179.265 3.97966
      vertex 153 178.119 0.83169
      vertex 153 178.576 0.687407
    endloop
  endfacet
  facet normal 1 0 0
    outer loop
      vertex 153 179.265 3.97966
      vertex 153 178 0.880935
      vertex 153 178.119 0.83169
    endloop
  endfacet
  facet normal 0 -0.382376 -0.924007
    outer loop
      vertex 88 178 0.880935
      vertex 153 178.119 0.83169
      vertex 153 178 0.880935
    endloop
  endfacet
  facet normal -0 -0.382376 -0.924007
    outer loop
      vertex 153 178.119 0.83169
      vertex 88 178 0.880935
      vertex 88 178.119 0.83169
    endloop
  endfacet
  facet normal 0 -0.301069 -0.953602
    outer loop
      vertex 88 178.119 0.83169
      vertex 153 178.576 0.687407
      vertex 153 178.119 0.83169
    endloop
  endfacet
  facet normal -0 -0.301069 -0.953602
    outer loop
      vertex 153 178.576 0.687407
      vertex 88 178.119 0.83169
      vertex 88 178.576 0.687407
    endloop
  endfacet
  facet normal 0 -0.216192 -0.976351
    outer loop
      vertex 88 178.576 0.687407
      vertex 153 179.045 0.583557
      vertex 153 178.576 0.687407
    endloop
  endfacet
  facet normal -0 -0.216192 -0.976351
    outer loop
      vertex 153 179.045 0.583557
      vertex 88 178.576 0.687407
      vertex 88 179.045 0.583557
    endloop
  endfacet
  facet normal 0 -0.0435911 0.999049
    outer loop
      vertex 88 304 -50.5
      vertex 153 303.521 -50.5209
      vertex 153 304 -50.5
    endloop
  endfacet
  facet normal 0 -0.0435911 0.999049
    outer loop
      vertex 153 303.521 -50.5209
      vertex 88 304 -50.5
      vertex 88 303.521 -50.5209
    endloop
  endfacet
  facet normal 0 -0.953286 -0.302068
    outer loop
      vertex 88 298.832 -57.8811
      vertex 153 298.687 -57.4235
      vertex 88 298.687 -57.4235
    endloop
  endfacet
  facet normal 0 -0.953286 -0.302068
    outer loop
      vertex 153 298.687 -57.4235
      vertex 88 298.832 -57.8811
      vertex 153 298.832 -57.8811
    endloop
  endfacet
  facet normal 0 -0.953286 0.302068
    outer loop
      vertex 88 298.687 -54.5765
      vertex 153 298.832 -54.1189
      vertex 88 298.832 -54.1189
    endloop
  endfacet
  facet normal 0 -0.953286 0.302068
    outer loop
      vertex 153 298.832 -54.1189
      vertex 88 298.687 -54.5765
      vertex 153 298.687 -54.5765
    endloop
  endfacet
  facet normal 0 -0.886629 0.462481
    outer loop
      vertex 88 299.015 -53.6756
      vertex 153 299.237 -53.25
      vertex 88 299.237 -53.25
    endloop
  endfacet
  facet normal 0 -0.886629 0.462481
    outer loop
      vertex 153 299.237 -53.25
      vertex 88 299.015 -53.6756
      vertex 153 299.015 -53.6756
    endloop
  endfacet
  facet normal 0 -0.216533 0.976275
    outer loop
      vertex 88 303.045 -50.5836
      vertex 153 302.577 -50.6874
      vertex 153 303.045 -50.5836
    endloop
  endfacet
  facet normal 0 -0.216533 0.976275
    outer loop
      vertex 153 302.577 -50.6874
      vertex 88 303.045 -50.5836
      vertex 88 302.577 -50.6874
    endloop
  endfacet
  facet normal 0 -0.536983 0.843593
    outer loop
      vertex 88 301.25 -51.2369
      vertex 153 300.845 -51.4947
      vertex 153 301.25 -51.2369
    endloop
  endfacet
  facet normal 0 -0.536983 0.843593
    outer loop
      vertex 153 300.845 -51.4947
      vertex 88 301.25 -51.2369
      vertex 88 300.845 -51.4947
    endloop
  endfacet
  facet normal -0 0.130595 0.991436
    outer loop
      vertex 88 304.955 -50.5836
      vertex 153 304.479 -50.5209
      vertex 153 304.955 -50.5836
    endloop
  endfacet
  facet normal 0 0.130595 0.991436
    outer loop
      vertex 153 304.479 -50.5209
      vertex 88 304.955 -50.5836
      vertex 88 304.479 -50.5209
    endloop
  endfacet
  facet normal -0 0.382077 0.92413
    outer loop
      vertex 88 306 -50.8809
      vertex 153 305.881 -50.8317
      vertex 153 306 -50.8809
    endloop
  endfacet
  facet normal 0 0.382077 0.92413
    outer loop
      vertex 153 305.881 -50.8317
      vertex 88 306 -50.8809
      vertex 88 305.881 -50.8317
    endloop
  endfacet
  facet normal -0 0.300503 0.953781
    outer loop
      vertex 88 305.881 -50.8317
      vertex 153 305.423 -50.6874
      vertex 153 305.881 -50.8317
    endloop
  endfacet
  facet normal 0 0.300503 0.953781
    outer loop
      vertex 153 305.423 -50.6874
      vertex 88 305.881 -50.8317
      vertex 88 305.423 -50.6874
    endloop
  endfacet
  facet normal 0 -0.991344 -0.13129
    outer loop
      vertex 88 298.584 -56.9551
      vertex 153 298.521 -56.4794
      vertex 88 298.521 -56.4794
    endloop
  endfacet
  facet normal 0 -0.991344 -0.13129
    outer loop
      vertex 153 298.521 -56.4794
      vertex 88 298.584 -56.9551
      vertex 153 298.584 -56.9551
    endloop
  endfacet
  facet normal 0 -0.976665 -0.214766
    outer loop
      vertex 88 298.687 -57.4235
      vertex 153 298.584 -56.9551
      vertex 88 298.584 -56.9551
    endloop
  endfacet
  facet normal 0 -0.976665 -0.214766
    outer loop
      vertex 153 298.584 -56.9551
      vertex 88 298.687 -57.4235
      vertex 153 298.687 -57.4235
    endloop
  endfacet
  facet normal 0 -0.924337 0.381578
    outer loop
      vertex 88 298.832 -54.1189
      vertex 153 299.015 -53.6756
      vertex 88 299.015 -53.6756
    endloop
  endfacet
  facet normal 0 -0.924337 0.381578
    outer loop
      vertex 153 299.015 -53.6756
      vertex 88 298.832 -54.1189
      vertex 153 298.832 -54.1189
    endloop
  endfacet
  facet normal 0 -0.999042 -0.0437628
    outer loop
      vertex 88 298.521 -56.4794
      vertex 153 298.5 -56
      vertex 88 298.5 -56
    endloop
  endfacet
  facet normal 0 -0.999042 -0.0437628
    outer loop
      vertex 153 298.5 -56
      vertex 88 298.521 -56.4794
      vertex 153 298.521 -56.4794
    endloop
  endfacet
  facet normal 0 -0.843224 0.537563
    outer loop
      vertex 88 299.237 -53.25
      vertex 153 299.495 -52.8453
      vertex 88 299.495 -52.8453
    endloop
  endfacet
  facet normal 0 -0.843224 0.537563
    outer loop
      vertex 153 299.495 -52.8453
      vertex 88 299.237 -53.25
      vertex 153 299.237 -53.25
    endloop
  endfacet
  facet normal 0 -0.737483 0.675366
    outer loop
      vertex 88 299.787 -52.4647
      vertex 153 300.111 -52.1109
      vertex 88 300.111 -52.1109
    endloop
  endfacet
  facet normal 0 -0.737483 0.675366
    outer loop
      vertex 153 300.111 -52.1109
      vertex 88 299.787 -52.4647
      vertex 153 299.787 -52.4647
    endloop
  endfacet
  facet normal 0 -0.675272 0.737569
    outer loop
      vertex 88 300.465 -51.7868
      vertex 153 300.111 -52.1109
      vertex 153 300.465 -51.7868
    endloop
  endfacet
  facet normal 0 -0.675272 0.737569
    outer loop
      vertex 153 300.111 -52.1109
      vertex 88 300.465 -51.7868
      vertex 88 300.111 -52.1109
    endloop
  endfacet
  facet normal 0 -0.461484 0.887149
    outer loop
      vertex 88 301.676 -51.0153
      vertex 153 301.25 -51.2369
      vertex 153 301.676 -51.0153
    endloop
  endfacet
  facet normal 0 -0.461484 0.887149
    outer loop
      vertex 153 301.25 -51.2369
      vertex 88 301.676 -51.0153
      vertex 88 301.25 -51.2369
    endloop
  endfacet
  facet normal 0 -0.300503 0.953781
    outer loop
      vertex 88 302.577 -50.6874
      vertex 153 302.119 -50.8317
      vertex 153 302.577 -50.6874
    endloop
  endfacet
  facet normal 0 -0.300503 0.953781
    outer loop
      vertex 153 302.119 -50.8317
      vertex 88 302.577 -50.6874
      vertex 88 302.119 -50.8317
    endloop
  endfacet
  facet normal 0 -0.130595 0.991436
    outer loop
      vertex 88 303.521 -50.5209
      vertex 153 303.045 -50.5836
      vertex 153 303.521 -50.5209
    endloop
  endfacet
  facet normal 0 -0.130595 0.991436
    outer loop
      vertex 153 303.045 -50.5836
      vertex 88 303.521 -50.5209
      vertex 88 303.045 -50.5836
    endloop
  endfacet
  facet normal 0 -0.382867 0.923803
    outer loop
      vertex 88 302.119 -50.8317
      vertex 153 301.676 -51.0153
      vertex 153 302.119 -50.8317
    endloop
  endfacet
  facet normal 0 -0.382867 0.923803
    outer loop
      vertex 153 301.676 -51.0153
      vertex 88 302.119 -50.8317
      vertex 88 301.676 -51.0153
    endloop
  endfacet
  facet normal -0 0.0435911 0.999049
    outer loop
      vertex 88 304.479 -50.5209
      vertex 153 304 -50.5
      vertex 153 304.479 -50.5209
    endloop
  endfacet
  facet normal 0 0.0435911 0.999049
    outer loop
      vertex 153 304 -50.5
      vertex 88 304.479 -50.5209
      vertex 88 304 -50.5
    endloop
  endfacet
  facet normal -0 0.216533 0.976275
    outer loop
      vertex 88 305.423 -50.6874
      vertex 153 304.955 -50.5836
      vertex 153 305.423 -50.6874
    endloop
  endfacet
  facet normal 0 0.216533 0.976275
    outer loop
      vertex 153 304.955 -50.5836
      vertex 88 305.423 -50.6874
      vertex 88 304.955 -50.5836
    endloop
  endfacet
  facet normal 0 -0.924565 -0.381024
    outer loop
      vertex 88 298.881 -58
      vertex 153 298.832 -57.8811
      vertex 88 298.832 -57.8811
    endloop
  endfacet
  facet normal 0 -0.924565 -0.381024
    outer loop
      vertex 153 298.832 -57.8811
      vertex 88 298.881 -58
      vertex 153 298.881 -58
    endloop
  endfacet
  facet normal 0 -0.991344 0.13129
    outer loop
      vertex 88 298.521 -55.5206
      vertex 153 298.584 -55.0449
      vertex 88 298.584 -55.0449
    endloop
  endfacet
  facet normal 0 -0.991344 0.13129
    outer loop
      vertex 153 298.584 -55.0449
      vertex 88 298.521 -55.5206
      vertex 153 298.521 -55.5206
    endloop
  endfacet
  facet normal 0 -0.976665 0.214766
    outer loop
      vertex 88 298.584 -55.0449
      vertex 153 298.687 -54.5765
      vertex 88 298.687 -54.5765
    endloop
  endfacet
  facet normal 0 -0.976665 0.214766
    outer loop
      vertex 153 298.687 -54.5765
      vertex 88 298.584 -55.0449
      vertex 153 298.584 -55.0449
    endloop
  endfacet
  facet normal 1 -0 0
    outer loop
      vertex 153 304.735 -53.9797
      vertex 153 306 -54
      vertex 153 306 -50.8809
    endloop
  endfacet
  facet normal 1 0 -0
    outer loop
      vertex 153 305.233 -54.2388
      vertex 153 306 -54
      vertex 153 305.075 -54.138
    endloop
  endfacet
  facet normal 1 0 0
    outer loop
      vertex 153 304.735 -53.9797
      vertex 153 306 -50.8809
      vertex 153 305.881 -50.8317
    endloop
  endfacet
  facet normal 1 0 -0
    outer loop
      vertex 153 305.52 -54.4797
      vertex 153 305.985 -54.3486
      vertex 153 305.382 -54.353
    endloop
  endfacet
  facet normal 1 0 0
    outer loop
      vertex 153 305.939 -54.6946
      vertex 153 305.862 -54.925
      vertex 153 305.88 -54.9603
    endloop
  endfacet
  facet normal 1 0 0
    outer loop
      vertex 153 305.939 -54.6946
      vertex 153 305.761 -54.7668
      vertex 153 305.862 -54.925
    endloop
  endfacet
  facet normal 1 0 0
    outer loop
      vertex 153 305.939 -54.6946
      vertex 153 305.647 -54.618
      vertex 153 305.761 -54.7668
    endloop
  endfacet
  facet normal 1 0 0
    outer loop
      vertex 153 305.985 -54.3486
      vertex 153 305.647 -54.618
      vertex 153 305.939 -54.6946
    endloop
  endfacet
  facet normal 1 0 0
    outer loop
      vertex 153 304.735 -53.9797
      vertex 153 305.881 -50.8317
      vertex 153 305.423 -50.6874
    endloop
  endfacet
  facet normal 1 0 -0
    outer loop
      vertex 153 305.647 -54.618
      vertex 153 305.985 -54.3486
      vertex 153 305.52 -54.4797
    endloop
  endfacet
  facet normal 1 0 0
    outer loop
      vertex 153 306 -54
      vertex 153 305.382 -54.353
      vertex 153 305.985 -54.3486
    endloop
  endfacet
  facet normal 1 0 -0
    outer loop
      vertex 153 305.382 -54.353
      vertex 153 306 -54
      vertex 153 305.233 -54.2388
    endloop
  endfacet
  facet normal 1 0 0
    outer loop
      vertex 153 304.556 -53.9233
      vertex 153 305.423 -50.6874
      vertex 153 304.955 -50.5836
    endloop
  endfacet
  facet normal 1 0 0
    outer loop
      vertex 153 306 -54
      vertex 153 304.909 -54.0514
      vertex 153 305.075 -54.138
    endloop
  endfacet
  facet normal 1 0 0
    outer loop
      vertex 153 306 -54
      vertex 153 304.735 -53.9797
      vertex 153 304.909 -54.0514
    endloop
  endfacet
  facet normal 1 0 0
    outer loop
      vertex 153 305.423 -50.6874
      vertex 153 304.556 -53.9233
      vertex 153 304.735 -53.9797
    endloop
  endfacet
  facet normal 1 0 0
    outer loop
      vertex 153 304.373 -53.8827
      vertex 153 304.955 -50.5836
      vertex 153 304.479 -50.5209
    endloop
  endfacet
  facet normal 1 0 0
    outer loop
      vertex 153 304.955 -50.5836
      vertex 153 304.373 -53.8827
      vertex 153 304.556 -53.9233
    endloop
  endfacet
  facet normal 1 0 0
    outer loop
      vertex 153 304.479 -50.5209
      vertex 153 304.187 -53.8582
      vertex 153 304.373 -53.8827
    endloop
  endfacet
  facet normal 1 0 0
    outer loop
      vertex 153 304 -50.5
      vertex 153 304.187 -53.8582
      vertex 153 304.479 -50.5209
    endloop
  endfacet
  facet normal 1 0 0
    outer loop
      vertex 153 304 -50.5
      vertex 153 304 -53.85
      vertex 153 304.187 -53.8582
    endloop
  endfacet
  facet normal 1 0 0
    outer loop
      vertex 153 304 -50.5
      vertex 153 303.813 -53.8582
      vertex 153 304 -53.85
    endloop
  endfacet
  facet normal 1 -0 0
    outer loop
      vertex 153 303.521 -50.5209
      vertex 153 303.813 -53.8582
      vertex 153 304 -50.5
    endloop
  endfacet
  facet normal 1 0 0
    outer loop
      vertex 153 303.813 -53.8582
      vertex 153 303.521 -50.5209
      vertex 153 303.627 -53.8827
    endloop
  endfacet
  facet normal 1 -0 0
    outer loop
      vertex 153 303.045 -50.5836
      vertex 153 303.627 -53.8827
      vertex 153 303.521 -50.5209
    endloop
  endfacet
  facet normal 1 0 0
    outer loop
      vertex 153 303.627 -53.8827
      vertex 153 303.045 -50.5836
      vertex 153 303.444 -53.9233
    endloop
  endfacet
  facet normal 1 -0 0
    outer loop
      vertex 153 302.577 -50.6874
      vertex 153 303.444 -53.9233
      vertex 153 303.045 -50.5836
    endloop
  endfacet
  facet normal 1 0 0
    outer loop
      vertex 153 303.444 -53.9233
      vertex 153 302.577 -50.6874
      vertex 153 303.265 -53.9797
    endloop
  endfacet
  facet normal 1 -0 0
    outer loop
      vertex 153 302.119 -50.8317
      vertex 153 303.265 -53.9797
      vertex 153 302.577 -50.6874
    endloop
  endfacet
  facet normal 1 0 0
    outer loop
      vertex 153 303.265 -53.9797
      vertex 153 302.119 -50.8317
      vertex 153 303.091 -54.0514
    endloop
  endfacet
  facet normal 1 -0 0
    outer loop
      vertex 153 301.676 -51.0153
      vertex 153 303.091 -54.0514
      vertex 153 302.119 -50.8317
    endloop
  endfacet
  facet normal 1 0 0
    outer loop
      vertex 153 303.091 -54.0514
      vertex 153 301.676 -51.0153
      vertex 153 302.925 -54.138
    endloop
  endfacet
  facet normal 1 -0 0
    outer loop
      vertex 153 301.25 -51.2369
      vertex 153 302.925 -54.138
      vertex 153 301.676 -51.0153
    endloop
  endfacet
  facet normal 1 0 0
    outer loop
      vertex 153 302.925 -54.138
      vertex 153 301.25 -51.2369
      vertex 153 302.767 -54.2388
    endloop
  endfacet
  facet normal 1 -0 0
    outer loop
      vertex 153 300.845 -51.4947
      vertex 153 302.767 -54.2388
      vertex 153 301.25 -51.2369
    endloop
  endfacet
  facet normal 1 0 0
    outer loop
      vertex 153 302.767 -54.2388
      vertex 153 300.845 -51.4947
      vertex 153 302.618 -54.353
    endloop
  endfacet
  facet normal 1 -0 0
    outer loop
      vertex 153 300.465 -51.7868
      vertex 153 302.618 -54.353
      vertex 153 300.845 -51.4947
    endloop
  endfacet
  facet normal 1 0 0
    outer loop
      vertex 153 302.618 -54.353
      vertex 153 300.465 -51.7868
      vertex 153 302.48 -54.4797
    endloop
  endfacet
  facet normal 1 -0 0
    outer loop
      vertex 153 300.111 -52.1109
      vertex 153 302.48 -54.4797
      vertex 153 300.465 -51.7868
    endloop
  endfacet
  facet normal 1 0 0
    outer loop
      vertex 153 302.48 -54.4797
      vertex 153 300.111 -52.1109
      vertex 153 302.353 -54.618
    endloop
  endfacet
  facet normal 1 -0 0
    outer loop
      vertex 153 299.787 -52.4647
      vertex 153 302.353 -54.618
      vertex 153 300.111 -52.1109
    endloop
  endfacet
  facet normal 1 0 0
    outer loop
      vertex 153 302.353 -54.618
      vertex 153 299.787 -52.4647
      vertex 153 302.239 -54.7668
    endloop
  endfacet
  facet normal 1 0 0
    outer loop
      vertex 153 302.239 -54.7668
      vertex 153 299.495 -52.8453
      vertex 153 302.138 -54.925
    endloop
  endfacet
  facet normal 1 -0 0
    outer loop
      vertex 153 299.495 -52.8453
      vertex 153 302.239 -54.7668
      vertex 153 299.787 -52.4647
    endloop
  endfacet
  facet normal 1 0 0
    outer loop
      vertex 153 302.925 -57.862
      vertex 153 302.695 -57.9392
      vertex 153 302.96 -57.8803
    endloop
  endfacet
  facet normal 1 0 0
    outer loop
      vertex 153 302.767 -57.7612
      vertex 153 302.695 -57.9392
      vertex 153 302.925 -57.862
    endloop
  endfacet
  facet normal 1 0 0
    outer loop
      vertex 153 302.618 -57.647
      vertex 153 302.695 -57.9392
      vertex 153 302.767 -57.7612
    endloop
  endfacet
  facet normal 1 0 0
    outer loop
      vertex 153 302.349 -57.9848
      vertex 153 302.618 -57.647
      vertex 153 302.48 -57.5203
    endloop
  endfacet
  facet normal 1 0 0
    outer loop
      vertex 153 302.349 -57.9848
      vertex 153 302.48 -57.5203
      vertex 153 302.353 -57.382
    endloop
  endfacet
  facet normal 1 0 0
    outer loop
      vertex 153 302.618 -57.647
      vertex 153 302.349 -57.9848
      vertex 153 302.695 -57.9392
    endloop
  endfacet
  facet normal 1 0 0
    outer loop
      vertex 153 302 -58
      vertex 153 302.353 -57.382
      vertex 153 302.239 -57.2332
    endloop
  endfacet
  facet normal 1 0 0
    outer loop
      vertex 153 302 -58
      vertex 153 302.239 -57.2332
      vertex 153 302.138 -57.075
    endloop
  endfacet
  facet normal 1 0 0
    outer loop
      vertex 153 302 -58
      vertex 153 302.138 -57.075
      vertex 153 302.051 -56.9086
    endloop
  endfacet
  facet normal 1 0 0
    outer loop
      vertex 153 302.353 -57.382
      vertex 153 302 -58
      vertex 153 302.349 -57.9848
    endloop
  endfacet
  facet normal 1 0 0
    outer loop
      vertex 153 301.98 -56.7353
      vertex 153 302 -58
      vertex 153 302.051 -56.9086
    endloop
  endfacet
  facet normal 1 0 0
    outer loop
      vertex 153 298.832 -57.8811
      vertex 153 301.98 -56.7353
      vertex 153 301.923 -56.5565
    endloop
  endfacet
  facet normal 1 0 0
    outer loop
      vertex 153 298.687 -57.4235
      vertex 153 301.923 -56.5565
      vertex 153 301.883 -56.3733
    endloop
  endfacet
  facet normal 1 0 0
    outer loop
      vertex 153 298.584 -56.9551
      vertex 153 301.883 -56.3733
      vertex 153 301.858 -56.1874
    endloop
  endfacet
  facet normal 1 -0 0
    outer loop
      vertex 153 299.237 -53.25
      vertex 153 302.138 -54.925
      vertex 153 299.495 -52.8453
    endloop
  endfacet
  facet normal 1 0 0
    outer loop
      vertex 153 302.138 -54.925
      vertex 153 299.237 -53.25
      vertex 153 302.051 -55.0914
    endloop
  endfacet
  facet normal 1 -0 0
    outer loop
      vertex 153 299.015 -53.6756
      vertex 153 302.051 -55.0914
      vertex 153 299.237 -53.25
    endloop
  endfacet
  facet normal 1 0 0
    outer loop
      vertex 153 302.051 -55.0914
      vertex 153 299.015 -53.6756
      vertex 153 301.98 -55.2647
    endloop
  endfacet
  facet normal 1 -0 0
    outer loop
      vertex 153 298.832 -54.1189
      vertex 153 301.98 -55.2647
      vertex 153 299.015 -53.6756
    endloop
  endfacet
  facet normal 1 0 0
    outer loop
      vertex 153 301.98 -55.2647
      vertex 153 298.832 -54.1189
      vertex 153 301.923 -55.4435
    endloop
  endfacet
  facet normal 1 -0 0
    outer loop
      vertex 153 298.687 -54.5765
      vertex 153 301.923 -55.4435
      vertex 153 298.832 -54.1189
    endloop
  endfacet
  facet normal 1 0 0
    outer loop
      vertex 153 301.923 -55.4435
      vertex 153 298.687 -54.5765
      vertex 153 301.883 -55.6267
    endloop
  endfacet
  facet normal 1 -0 0
    outer loop
      vertex 153 298.584 -55.0449
      vertex 153 301.883 -55.6267
      vertex 153 298.687 -54.5765
    endloop
  endfacet
  facet normal 1 0 0
    outer loop
      vertex 153 301.883 -55.6267
      vertex 153 298.584 -55.0449
      vertex 153 301.858 -55.8126
    endloop
  endfacet
  facet normal 1 -0 0
    outer loop
      vertex 153 298.521 -55.5206
      vertex 153 301.858 -55.8126
      vertex 153 298.584 -55.0449
    endloop
  endfacet
  facet normal 1 0 0
    outer loop
      vertex 153 301.858 -55.8126
      vertex 153 298.521 -55.5206
      vertex 153 301.85 -56
    endloop
  endfacet
  facet normal 1 0 0
    outer loop
      vertex 153 298.5 -56
      vertex 153 301.85 -56
      vertex 153 298.521 -55.5206
    endloop
  endfacet
  facet normal 1 0 0
    outer loop
      vertex 153 301.98 -56.7353
      vertex 153 298.832 -57.8811
      vertex 153 298.881 -58
    endloop
  endfacet
  facet normal 1 0 0
    outer loop
      vertex 153 301.98 -56.7353
      vertex 153 298.881 -58
      vertex 153 302 -58
    endloop
  endfacet
  facet normal 1 0 0
    outer loop
      vertex 153 301.85 -56
      vertex 153 298.5 -56
      vertex 153 301.858 -56.1874
    endloop
  endfacet
  facet normal 1 0 0
    outer loop
      vertex 153 301.923 -56.5565
      vertex 153 298.687 -57.4235
      vertex 153 298.832 -57.8811
    endloop
  endfacet
  facet normal 1 0 -0
    outer loop
      vertex 153 298.521 -56.4794
      vertex 153 301.858 -56.1874
      vertex 153 298.5 -56
    endloop
  endfacet
  facet normal 1 0 0
    outer loop
      vertex 153 301.883 -56.3733
      vertex 153 298.584 -56.9551
      vertex 153 298.687 -57.4235
    endloop
  endfacet
  facet normal 1 0 -0
    outer loop
      vertex 153 298.584 -56.9551
      vertex 153 301.858 -56.1874
      vertex 153 298.521 -56.4794
    endloop
  endfacet
  facet normal 0 -0.999042 0.0437628
    outer loop
      vertex 88 298.5 -56
      vertex 153 298.521 -55.5206
      vertex 88 298.521 -55.5206
    endloop
  endfacet
  facet normal 0 -0.999042 0.0437628
    outer loop
      vertex 153 298.521 -55.5206
      vertex 88 298.5 -56
      vertex 153 298.5 -56
    endloop
  endfacet
  facet normal 0 -0.793398 0.608703
    outer loop
      vertex 88 299.495 -52.8453
      vertex 153 299.787 -52.4647
      vertex 88 299.787 -52.4647
    endloop
  endfacet
  facet normal 0 -0.793398 0.608703
    outer loop
      vertex 153 299.787 -52.4647
      vertex 88 299.495 -52.8453
      vertex 153 299.495 -52.8453
    endloop
  endfacet
  facet normal 0 -0.609438 0.792833
    outer loop
      vertex 88 300.845 -51.4947
      vertex 153 300.465 -51.7868
      vertex 153 300.845 -51.4947
    endloop
  endfacet
  facet normal 0 -0.609438 0.792833
    outer loop
      vertex 153 300.465 -51.7868
      vertex 88 300.845 -51.4947
      vertex 88 300.465 -51.7868
    endloop
  endfacet
  facet normal 0 0.0436494 -0.999047
    outer loop
      vertex 88 304 0.5
      vertex 153 304.479 0.520928
      vertex 153 304 0.5
    endloop
  endfacet
  facet normal 0 0.0436494 -0.999047
    outer loop
      vertex 153 304.479 0.520928
      vertex 88 304 0.5
      vertex 88 304.479 0.520928
    endloop
  endfacet
  facet normal 0 -0.999042 -0.0437664
    outer loop
      vertex 88 298.521 5.52064
      vertex 153 298.5 6
      vertex 88 298.5 6
    endloop
  endfacet
  facet normal 0 -0.999042 -0.0437664
    outer loop
      vertex 153 298.5 6
      vertex 88 298.521 5.52064
      vertex 153 298.521 5.52064
    endloop
  endfacet
  facet normal 0 0.130449 -0.991455
    outer loop
      vertex 88 304.479 0.520928
      vertex 153 304.955 0.583557
      vertex 153 304.479 0.520928
    endloop
  endfacet
  facet normal 0 0.130449 -0.991455
    outer loop
      vertex 153 304.955 0.583557
      vertex 88 304.479 0.520928
      vertex 88 304.955 0.583557
    endloop
  endfacet
  facet normal 0 0.300471 -0.953791
    outer loop
      vertex 88 305.423 0.687407
      vertex 153 305.881 0.83169
      vertex 153 305.423 0.687407
    endloop
  endfacet
  facet normal 0 0.300471 -0.953791
    outer loop
      vertex 153 305.881 0.83169
      vertex 88 305.423 0.687407
      vertex 88 305.881 0.83169
    endloop
  endfacet
  facet normal 0 -0.0436494 -0.999047
    outer loop
      vertex 88 303.521 0.520928
      vertex 153 304 0.5
      vertex 153 303.521 0.520928
    endloop
  endfacet
  facet normal -0 -0.0436494 -0.999047
    outer loop
      vertex 153 304 0.5
      vertex 88 303.521 0.520928
      vertex 88 304 0.5
    endloop
  endfacet
  facet normal 0 -0.675328 -0.737517
    outer loop
      vertex 88 300.111 2.11091
      vertex 153 300.465 1.78676
      vertex 153 300.111 2.11091
    endloop
  endfacet
  facet normal -0 -0.675328 -0.737517
    outer loop
      vertex 153 300.465 1.78676
      vertex 88 300.111 2.11091
      vertex 88 300.465 1.78676
    endloop
  endfacet
  facet normal 0 -0.461402 -0.887191
    outer loop
      vertex 88 301.25 1.23686
      vertex 153 301.676 1.01531
      vertex 153 301.25 1.23686
    endloop
  endfacet
  facet normal -0 -0.461402 -0.887191
    outer loop
      vertex 153 301.676 1.01531
      vertex 88 301.25 1.23686
      vertex 88 301.676 1.01531
    endloop
  endfacet
  facet normal 0 -0.924554 0.381051
    outer loop
      vertex 88 298.832 7.88111
      vertex 153 298.881 8
      vertex 88 298.881 8
    endloop
  endfacet
  facet normal 0 -0.924554 0.381051
    outer loop
      vertex 153 298.881 8
      vertex 88 298.832 7.88111
      vertex 153 298.832 7.88111
    endloop
  endfacet
  facet normal 0 -0.924334 -0.381586
    outer loop
      vertex 88 299.015 3.6756
      vertex 153 298.832 4.11889
      vertex 88 298.832 4.11889
    endloop
  endfacet
  facet normal 0 -0.924334 -0.381586
    outer loop
      vertex 153 298.832 4.11889
      vertex 88 299.015 3.6756
      vertex 153 299.015 3.6756
    endloop
  endfacet
  facet normal 0 0.216632 -0.976253
    outer loop
      vertex 88 304.955 0.583557
      vertex 153 305.423 0.687407
      vertex 153 304.955 0.583557
    endloop
  endfacet
  facet normal 0 0.216632 -0.976253
    outer loop
      vertex 153 305.423 0.687407
      vertex 88 304.955 0.583557
      vertex 88 305.423 0.687407
    endloop
  endfacet
  facet normal 0 0.382382 -0.924004
    outer loop
      vertex 88 305.881 0.83169
      vertex 153 306 0.880936
      vertex 153 305.881 0.83169
    endloop
  endfacet
  facet normal 0 0.382382 -0.924004
    outer loop
      vertex 153 306 0.880936
      vertex 88 305.881 0.83169
      vertex 88 306 0.880936
    endloop
  endfacet
  facet normal 0 -0.216632 -0.976253
    outer loop
      vertex 88 302.577 0.687407
      vertex 153 303.045 0.583557
      vertex 153 302.577 0.687407
    endloop
  endfacet
  facet normal -0 -0.216632 -0.976253
    outer loop
      vertex 153 303.045 0.583557
      vertex 88 302.577 0.687407
      vertex 88 303.045 0.583557
    endloop
  endfacet
  facet normal 0 -0.609438 -0.792833
    outer loop
      vertex 88 300.465 1.78676
      vertex 153 300.845 1.49466
      vertex 153 300.465 1.78676
    endloop
  endfacet
  facet normal -0 -0.609438 -0.792833
    outer loop
      vertex 153 300.845 1.49466
      vertex 88 300.465 1.78676
      vertex 88 300.845 1.49466
    endloop
  endfacet
  facet normal 1 0 0
    outer loop
      vertex 153 302.695 7.93923
      vertex 153 302.925 7.86195
      vertex 153 302.96 7.88033
    endloop
  endfacet
  facet normal 1 0 0
    outer loop
      vertex 153 302.695 7.93923
      vertex 153 302.767 7.76118
      vertex 153 302.925 7.86195
    endloop
  endfacet
  facet normal 1 0 0
    outer loop
      vertex 153 302.695 7.93923
      vertex 153 302.618 7.647
      vertex 153 302.767 7.76118
    endloop
  endfacet
  facet normal 1 0 0
    outer loop
      vertex 153 302.349 7.98478
      vertex 153 302.618 7.647
      vertex 153 302.695 7.93923
    endloop
  endfacet
  facet normal 1 0 0
    outer loop
      vertex 153 302.618 7.647
      vertex 153 302.349 7.98478
      vertex 153 302.48 7.52028
    endloop
  endfacet
  facet normal 1 0 0
    outer loop
      vertex 153 302.48 7.52028
      vertex 153 302.349 7.98478
      vertex 153 302.353 7.38199
    endloop
  endfacet
  facet normal 1 0 0
    outer loop
      vertex 153 302 8
      vertex 153 302.353 7.38199
      vertex 153 302.349 7.98478
    endloop
  endfacet
  facet normal 1 0 0
    outer loop
      vertex 153 302.353 7.38199
      vertex 153 302 8
      vertex 153 302.239 7.23319
    endloop
  endfacet
  facet normal 1 0 0
    outer loop
      vertex 153 302.239 7.23319
      vertex 153 302 8
      vertex 153 302.138 7.075
    endloop
  endfacet
  facet normal 1 0 0
    outer loop
      vertex 153 302.138 7.075
      vertex 153 302 8
      vertex 153 302.051 6.90863
    endloop
  endfacet
  facet normal 1 0 0
    outer loop
      vertex 153 302 8
      vertex 153 301.98 6.73534
      vertex 153 302.051 6.90863
    endloop
  endfacet
  facet normal 1 -0 0
    outer loop
      vertex 153 298.881 8
      vertex 153 301.98 6.73534
      vertex 153 302 8
    endloop
  endfacet
  facet normal 1 -0 0
    outer loop
      vertex 153 298.832 7.88111
      vertex 153 301.98 6.73534
      vertex 153 298.881 8
    endloop
  endfacet
  facet normal 1 -0 0
    outer loop
      vertex 153 298.687 7.4235
      vertex 153 301.923 6.55646
      vertex 153 298.832 7.88111
    endloop
  endfacet
  facet normal 1 0 0
    outer loop
      vertex 153 302.925 4.13805
      vertex 153 301.25 1.23686
      vertex 153 301.676 1.01531
    endloop
  endfacet
  facet normal 1 0 0
    outer loop
      vertex 153 298.5 6
      vertex 153 301.85 6
      vertex 153 301.858 6.18738
    endloop
  endfacet
  facet normal 1 0 0
    outer loop
      vertex 153 301.923 6.55646
      vertex 153 298.687 7.4235
      vertex 153 301.883 6.37334
    endloop
  endfacet
  facet normal 1 0 0
    outer loop
      vertex 153 301.858 5.81261
      vertex 153 300.845 1.49466
      vertex 153 301.25 1.23686
    endloop
  endfacet
  facet normal 1 0 0
    outer loop
      vertex 153 301.858 5.81261
      vertex 153 300.465 1.78676
      vertex 153 300.845 1.49466
    endloop
  endfacet
  facet normal 1 0 0
    outer loop
      vertex 153 301.858 5.81261
      vertex 153 300.111 2.11091
      vertex 153 300.465 1.78676
    endloop
  endfacet
  facet normal 1 0 0
    outer loop
      vertex 153 301.858 5.81261
      vertex 153 299.787 2.46467
      vertex 153 300.111 2.11091
    endloop
  endfacet
  facet normal 1 0 0
    outer loop
      vertex 153 301.858 5.81261
      vertex 153 299.495 2.84533
      vertex 153 299.787 2.46467
    endloop
  endfacet
  facet normal 1 0 0
    outer loop
      vertex 153 301.858 5.81261
      vertex 153 299.237 3.25
      vertex 153 299.495 2.84533
    endloop
  endfacet
  facet normal 1 0 0
    outer loop
      vertex 153 301.858 5.81261
      vertex 153 299.015 3.6756
      vertex 153 299.237 3.25
    endloop
  endfacet
  facet normal 1 0 0
    outer loop
      vertex 153 301.98 6.73534
      vertex 153 298.832 7.88111
      vertex 153 301.923 6.55646
    endloop
  endfacet
  facet normal 1 -0 0
    outer loop
      vertex 153 298.584 6.95506
      vertex 153 301.883 6.37334
      vertex 153 298.687 7.4235
    endloop
  endfacet
  facet normal 1 0 0
    outer loop
      vertex 153 301.858 5.81261
      vertex 153 298.832 4.11889
      vertex 153 299.015 3.6756
    endloop
  endfacet
  facet normal 1 0 0
    outer loop
      vertex 153 301.883 6.37334
      vertex 153 298.584 6.95506
      vertex 153 301.858 6.18738
    endloop
  endfacet
  facet normal 1 0 0
    outer loop
      vertex 153 301.858 5.81261
      vertex 153 298.687 4.5765
      vertex 153 298.832 4.11889
    endloop
  endfacet
  facet normal 1 0 0
    outer loop
      vertex 153 301.858 6.18738
      vertex 153 298.584 6.95506
      vertex 153 298.521 6.47936
    endloop
  endfacet
  facet normal 1 0 0
    outer loop
      vertex 153 301.858 5.81261
      vertex 153 298.584 5.04493
      vertex 153 298.687 4.5765
    endloop
  endfacet
  facet normal 1 0 0
    outer loop
      vertex 153 301.858 6.18738
      vertex 153 298.521 6.47936
      vertex 153 298.5 6
    endloop
  endfacet
  facet normal 1 0 0
    outer loop
      vertex 153 301.858 5.81261
      vertex 153 298.521 5.52064
      vertex 153 298.584 5.04493
    endloop
  endfacet
  facet normal 1 0 0
    outer loop
      vertex 153 301.85 6
      vertex 153 298.5 6
      vertex 153 298.521 5.52064
    endloop
  endfacet
  facet normal 1 0 0
    outer loop
      vertex 153 305.382 4.353
      vertex 153 306 4
      vertex 153 305.985 4.34862
    endloop
  endfacet
  facet normal 1 -0 0
    outer loop
      vertex 153 305.647 4.61801
      vertex 153 305.985 4.34862
      vertex 153 305.939 4.69459
    endloop
  endfacet
  facet normal 1 0 0
    outer loop
      vertex 153 306 4
      vertex 153 305.382 4.353
      vertex 153 305.233 4.23882
    endloop
  endfacet
  facet normal 1 -0 0
    outer loop
      vertex 153 305.862 4.925
      vertex 153 305.939 4.69459
      vertex 153 305.88 4.96029
    endloop
  endfacet
  facet normal 1 -0 0
    outer loop
      vertex 153 305.761 4.76681
      vertex 153 305.939 4.69459
      vertex 153 305.862 4.925
    endloop
  endfacet
  facet normal 1 0 0
    outer loop
      vertex 153 305.647 4.61801
      vertex 153 305.939 4.69459
      vertex 153 305.761 4.76681
    endloop
  endfacet
  facet normal 1 0 0
    outer loop
      vertex 153 305.985 4.34862
      vertex 153 305.647 4.61801
      vertex 153 305.52 4.47972
    endloop
  endfacet
  facet normal 1 0 0
    outer loop
      vertex 153 305.985 4.34862
      vertex 153 305.52 4.47972
      vertex 153 305.382 4.353
    endloop
  endfacet
  facet normal 1 0 0
    outer loop
      vertex 153 306 4
      vertex 153 305.233 4.23882
      vertex 153 305.075 4.13805
    endloop
  endfacet
  facet normal 1 -0 0
    outer loop
      vertex 153 304.909 4.05144
      vertex 153 306 4
      vertex 153 305.075 4.13805
    endloop
  endfacet
  facet normal 1 0 0
    outer loop
      vertex 153 304.735 3.97966
      vertex 153 306 4
      vertex 153 304.909 4.05144
    endloop
  endfacet
  facet normal 1 0 0
    outer loop
      vertex 153 306 4
      vertex 153 304.735 3.97966
      vertex 153 306 0.880936
    endloop
  endfacet
  facet normal 1 0 0
    outer loop
      vertex 153 306 0.880936
      vertex 153 304.735 3.97966
      vertex 153 305.881 0.83169
    endloop
  endfacet
  facet normal 1 0 0
    outer loop
      vertex 153 305.881 0.83169
      vertex 153 304.735 3.97966
      vertex 153 305.423 0.687407
    endloop
  endfacet
  facet normal 1 -0 0
    outer loop
      vertex 153 304.556 3.92326
      vertex 153 305.423 0.687407
      vertex 153 304.735 3.97966
    endloop
  endfacet
  facet normal 1 0 0
    outer loop
      vertex 153 305.423 0.687407
      vertex 153 304.556 3.92326
      vertex 153 304.955 0.583557
    endloop
  endfacet
  facet normal 1 -0 0
    outer loop
      vertex 153 304.373 3.88266
      vertex 153 304.955 0.583557
      vertex 153 304.556 3.92326
    endloop
  endfacet
  facet normal 1 0 0
    outer loop
      vertex 153 304.955 0.583557
      vertex 153 304.373 3.88266
      vertex 153 304.479 0.520928
    endloop
  endfacet
  facet normal 1 -0 0
    outer loop
      vertex 153 304.187 3.85818
      vertex 153 304.479 0.520928
      vertex 153 304.373 3.88266
    endloop
  endfacet
  facet normal 1 -0 0
    outer loop
      vertex 153 304 3.85
      vertex 153 304.479 0.520928
      vertex 153 304.187 3.85818
    endloop
  endfacet
  facet normal 1 0 0
    outer loop
      vertex 153 304 3.85
      vertex 153 304 0.5
      vertex 153 304.479 0.520928
    endloop
  endfacet
  facet normal 1 0 0
    outer loop
      vertex 153 303.813 3.85818
      vertex 153 304 0.5
      vertex 153 304 3.85
    endloop
  endfacet
  facet normal 1 0 0
    outer loop
      vertex 153 303.521 0.520928
      vertex 153 303.813 3.85818
      vertex 153 303.627 3.88266
    endloop
  endfacet
  facet normal 1 0 0
    outer loop
      vertex 153 303.813 3.85818
      vertex 153 303.521 0.520928
      vertex 153 304 0.5
    endloop
  endfacet
  facet normal 1 0 0
    outer loop
      vertex 153 303.045 0.583557
      vertex 153 303.627 3.88266
      vertex 153 303.444 3.92326
    endloop
  endfacet
  facet normal 1 0 0
    outer loop
      vertex 153 302.577 0.687407
      vertex 153 303.444 3.92326
      vertex 153 303.265 3.97966
    endloop
  endfacet
  facet normal 1 0 0
    outer loop
      vertex 153 302.119 0.83169
      vertex 153 303.265 3.97966
      vertex 153 303.091 4.05144
    endloop
  endfacet
  facet normal 1 0 0
    outer loop
      vertex 153 303.627 3.88266
      vertex 153 303.045 0.583557
      vertex 153 303.521 0.520928
    endloop
  endfacet
  facet normal 1 0 0
    outer loop
      vertex 153 301.676 1.01531
      vertex 153 303.091 4.05144
      vertex 153 302.925 4.13805
    endloop
  endfacet
  facet normal 1 0 0
    outer loop
      vertex 153 301.25 1.23686
      vertex 153 302.925 4.13805
      vertex 153 302.767 4.23882
    endloop
  endfacet
  facet normal 1 0 0
    outer loop
      vertex 153 301.25 1.23686
      vertex 153 302.767 4.23882
      vertex 153 302.618 4.353
    endloop
  endfacet
  facet normal 1 0 0
    outer loop
      vertex 153 303.444 3.92326
      vertex 153 302.577 0.687407
      vertex 153 303.045 0.583557
    endloop
  endfacet
  facet normal 1 0 0
    outer loop
      vertex 153 301.25 1.23686
      vertex 153 302.618 4.353
      vertex 153 302.48 4.47972
    endloop
  endfacet
  facet normal 1 0 0
    outer loop
      vertex 153 301.25 1.23686
      vertex 153 302.48 4.47972
      vertex 153 302.353 4.61801
    endloop
  endfacet
  facet normal 1 0 0
    outer loop
      vertex 153 301.25 1.23686
      vertex 153 302.353 4.61801
      vertex 153 302.239 4.76681
    endloop
  endfacet
  facet normal 1 0 0
    outer loop
      vertex 153 301.25 1.23686
      vertex 153 302.239 4.76681
      vertex 153 302.138 4.925
    endloop
  endfacet
  facet normal 1 0 0
    outer loop
      vertex 153 303.265 3.97966
      vertex 153 302.119 0.83169
      vertex 153 302.577 0.687407
    endloop
  endfacet
  facet normal 1 0 0
    outer loop
      vertex 153 301.25 1.23686
      vertex 153 302.138 4.925
      vertex 153 302.051 5.09137
    endloop
  endfacet
  facet normal 1 0 0
    outer loop
      vertex 153 301.25 1.23686
      vertex 153 302.051 5.09137
      vertex 153 301.98 5.26466
    endloop
  endfacet
  facet normal 1 0 0
    outer loop
      vertex 153 301.25 1.23686
      vertex 153 301.98 5.26466
      vertex 153 301.923 5.44354
    endloop
  endfacet
  facet normal 1 0 0
    outer loop
      vertex 153 301.25 1.23686
      vertex 153 301.923 5.44354
      vertex 153 301.883 5.62666
    endloop
  endfacet
  facet normal 1 0 0
    outer loop
      vertex 153 301.25 1.23686
      vertex 153 301.883 5.62666
      vertex 153 301.858 5.81261
    endloop
  endfacet
  facet normal 1 0 0
    outer loop
      vertex 153 303.091 4.05144
      vertex 153 301.676 1.01531
      vertex 153 302.119 0.83169
    endloop
  endfacet
  facet normal 1 0 0
    outer loop
      vertex 153 298.521 5.52064
      vertex 153 301.858 5.81261
      vertex 153 301.85 6
    endloop
  endfacet
  facet normal 0 -0.953288 -0.302062
    outer loop
      vertex 88 298.832 4.11889
      vertex 153 298.687 4.5765
      vertex 88 298.687 4.5765
    endloop
  endfacet
  facet normal 0 -0.953288 -0.302062
    outer loop
      vertex 153 298.687 4.5765
      vertex 88 298.832 4.11889
      vertex 153 298.832 4.11889
    endloop
  endfacet
  facet normal 0 -0.382903 -0.923789
    outer loop
      vertex 88 301.676 1.01531
      vertex 153 302.119 0.83169
      vertex 153 301.676 1.01531
    endloop
  endfacet
  facet normal -0 -0.382903 -0.923789
    outer loop
      vertex 153 302.119 0.83169
      vertex 88 301.676 1.01531
      vertex 88 302.119 0.83169
    endloop
  endfacet
  facet normal 0 -0.300471 -0.953791
    outer loop
      vertex 88 302.119 0.83169
      vertex 153 302.577 0.687407
      vertex 153 302.119 0.83169
    endloop
  endfacet
  facet normal -0 -0.300471 -0.953791
    outer loop
      vertex 153 302.577 0.687407
      vertex 88 302.119 0.83169
      vertex 88 302.577 0.687407
    endloop
  endfacet
  facet normal 0 -0.536983 -0.843593
    outer loop
      vertex 88 300.845 1.49466
      vertex 153 301.25 1.23686
      vertex 153 300.845 1.49466
    endloop
  endfacet
  facet normal -0 -0.536983 -0.843593
    outer loop
      vertex 153 301.25 1.23686
      vertex 88 300.845 1.49466
      vertex 88 301.25 1.23686
    endloop
  endfacet
  facet normal 0 -0.886629 -0.462481
    outer loop
      vertex 88 299.237 3.25
      vertex 153 299.015 3.6756
      vertex 88 299.015 3.6756
    endloop
  endfacet
  facet normal 0 -0.886629 -0.462481
    outer loop
      vertex 153 299.015 3.6756
      vertex 88 299.237 3.25
      vertex 153 299.237 3.25
    endloop
  endfacet
  facet normal 0 -0.999042 0.0437664
    outer loop
      vertex 88 298.5 6
      vertex 153 298.521 6.47936
      vertex 88 298.521 6.47936
    endloop
  endfacet
  facet normal 0 -0.999042 0.0437664
    outer loop
      vertex 153 298.521 6.47936
      vertex 88 298.5 6
      vertex 153 298.5 6
    endloop
  endfacet
  facet normal 0 -0.953288 0.302062
    outer loop
      vertex 88 298.687 7.4235
      vertex 153 298.832 7.88111
      vertex 88 298.832 7.88111
    endloop
  endfacet
  facet normal 0 -0.953288 0.302062
    outer loop
      vertex 153 298.832 7.88111
      vertex 88 298.687 7.4235
      vertex 153 298.687 7.4235
    endloop
  endfacet
  facet normal 0 -0.991344 0.13129
    outer loop
      vertex 88 298.521 6.47936
      vertex 153 298.584 6.95506
      vertex 88 298.584 6.95506
    endloop
  endfacet
  facet normal 0 -0.991344 0.13129
    outer loop
      vertex 153 298.584 6.95506
      vertex 88 298.521 6.47936
      vertex 153 298.521 6.47936
    endloop
  endfacet
  facet normal 0 -0.976668 -0.214753
    outer loop
      vertex 88 298.687 4.5765
      vertex 153 298.584 5.04493
      vertex 88 298.584 5.04493
    endloop
  endfacet
  facet normal 0 -0.976668 -0.214753
    outer loop
      vertex 153 298.584 5.04493
      vertex 88 298.687 4.5765
      vertex 153 298.687 4.5765
    endloop
  endfacet
  facet normal 0 -0.991344 -0.131287
    outer loop
      vertex 88 298.584 5.04493
      vertex 153 298.521 5.52064
      vertex 88 298.521 5.52064
    endloop
  endfacet
  facet normal 0 -0.991344 -0.131287
    outer loop
      vertex 153 298.521 5.52064
      vertex 88 298.584 5.04493
      vertex 153 298.584 5.04493
    endloop
  endfacet
  facet normal 0 -0.130449 -0.991455
    outer loop
      vertex 88 303.045 0.583557
      vertex 153 303.521 0.520928
      vertex 153 303.045 0.583557
    endloop
  endfacet
  facet normal -0 -0.130449 -0.991455
    outer loop
      vertex 153 303.521 0.520928
      vertex 88 303.045 0.583557
      vertex 88 303.521 0.520928
    endloop
  endfacet
  facet normal 0 -0.737445 -0.675407
    outer loop
      vertex 88 300.111 2.11091
      vertex 153 299.787 2.46467
      vertex 88 299.787 2.46467
    endloop
  endfacet
  facet normal 0 -0.737445 -0.675407
    outer loop
      vertex 153 299.787 2.46467
      vertex 88 300.111 2.11091
      vertex 153 300.111 2.11091
    endloop
  endfacet
  facet normal 0 -0.793445 -0.608642
    outer loop
      vertex 88 299.787 2.46467
      vertex 153 299.495 2.84533
      vertex 88 299.495 2.84533
    endloop
  endfacet
  facet normal 0 -0.793445 -0.608642
    outer loop
      vertex 153 299.495 2.84533
      vertex 88 299.787 2.46467
      vertex 153 299.787 2.46467
    endloop
  endfacet
  facet normal 0 -0.976669 0.214749
    outer loop
      vertex 88 298.584 6.95506
      vertex 153 298.687 7.4235
      vertex 88 298.687 7.4235
    endloop
  endfacet
  facet normal 0 -0.976669 0.214749
    outer loop
      vertex 153 298.687 7.4235
      vertex 88 298.584 6.95506
      vertex 153 298.584 6.95506
    endloop
  endfacet
  facet normal 0 -0.843206 -0.537591
    outer loop
      vertex 88 299.495 2.84533
      vertex 153 299.237 3.25
      vertex 88 299.237 3.25
    endloop
  endfacet
  facet normal 0 -0.843206 -0.537591
    outer loop
      vertex 153 299.237 3.25
      vertex 88 299.495 2.84533
      vertex 153 299.495 2.84533
    endloop
  endfacet
  facet normal 0.674885 0.737923 0
    outer loop
      vertex 135.199 135.199 -115
      vertex 135.199 135.199 -122
      vertex 135 135.381 -115
    endloop
  endfacet
  facet normal 0.675608 0.737261 0
    outer loop
      vertex 135 135.381 -113
      vertex 135 135.381 -115
      vertex 132.142 138 -113
    endloop
  endfacet
  facet normal 0.674885 0.737923 0
    outer loop
      vertex 135.199 135.199 -85
      vertex 135.199 135.199 -101
      vertex 135 135.381 -85
    endloop
  endfacet
  facet normal 0.675608 0.737261 0
    outer loop
      vertex 135 135.381 -83
      vertex 135 135.381 -85
      vertex 132.142 138 -83
    endloop
  endfacet
  facet normal 0.675546 0.737318 0
    outer loop
      vertex 135.199 135.199 -64
      vertex 129.959 140 -66
      vertex 129.959 140 -64
    endloop
  endfacet
  facet normal 0.674885 0.737923 0
    outer loop
      vertex 135 135.381 -71
      vertex 135.199 135.199 -64
      vertex 135.199 135.199 -71
    endloop
  endfacet
  facet normal 0.675553 0.737311 -3.4933e-05
    outer loop
      vertex 135.199 135.199 -64
      vertex 135 135.381 -71
      vertex 129.959 140 -66
    endloop
  endfacet
  facet normal 0.675593 0.737275 3.86304e-05
    outer loop
      vertex 132.142 138 -73
      vertex 129.959 140 -66
      vertex 135 135.381 -71
    endloop
  endfacet
  facet normal 0.675608 0.737261 0
    outer loop
      vertex 132.142 138 -73
      vertex 135 135.381 -71
      vertex 135 135.381 -73
    endloop
  endfacet
  facet normal 0.675621 0.73725 5.43767e-05
    outer loop
      vertex 129.959 140 -66
      vertex 132.142 138 -73
      vertex 122.901 146.468 -66
    endloop
  endfacet
  facet normal 0.675598 0.73727 -0
    outer loop
      vertex 132.142 138 -83
      vertex 122.901 146.468 -66
      vertex 132.142 138 -73
    endloop
  endfacet
  facet normal 0.674885 0.737923 -0
    outer loop
      vertex 135 135.381 -101
      vertex 135 135.381 -85
      vertex 135.199 135.199 -101
    endloop
  endfacet
  facet normal 0.675608 0.737261 0
    outer loop
      vertex 135 135.381 -85
      vertex 135 135.381 -101
      vertex 132.142 138 -83
    endloop
  endfacet
  facet normal 0.675608 0.737261 -0
    outer loop
      vertex 132.142 138 -103
      vertex 132.142 138 -83
      vertex 135 135.381 -101
    endloop
  endfacet
  facet normal 0.675608 0.737261 0
    outer loop
      vertex 132.142 138 -103
      vertex 135 135.381 -101
      vertex 135 135.381 -103
    endloop
  endfacet
  facet normal 0.675598 0.73727 0
    outer loop
      vertex 132.142 138 -83
      vertex 132.142 138 -103
      vertex 122.901 146.468 -66
    endloop
  endfacet
  facet normal 0.675598 0.73727 0
    outer loop
      vertex 122.901 146.468 -122
      vertex 132.142 138 -103
      vertex 132.142 138 -113
    endloop
  endfacet
  facet normal 0.675622 0.737248 3.85393e-05
    outer loop
      vertex 135.199 135.199 -122
      vertex 132.142 138 -113
      vertex 135 135.381 -115
    endloop
  endfacet
  facet normal 0.675598 0.73727 0
    outer loop
      vertex 132.142 138 -103
      vertex 122.901 146.468 -122
      vertex 122.901 146.468 -66
    endloop
  endfacet
  facet normal 0.675589 0.737279 1.75523e-05
    outer loop
      vertex 122.901 146.468 -122
      vertex 132.142 138 -113
      vertex 135.199 135.199 -122
    endloop
  endfacet
  facet normal 0.382693 0.923875 0
    outer loop
      vertex 80.8046 173.286 -65.2185
      vertex 68 178.59 -83
      vertex 68 178.59 -73
    endloop
  endfacet
  facet normal 0.382575 0.923924 0
    outer loop
      vertex 68 178.59 -83
      vertex 68 178.59 -103
      vertex 65.3942 179.669 -83
    endloop
  endfacet
  facet normal 0.382693 0.923875 0
    outer loop
      vertex 80.8046 173.286 -65.2185
      vertex 68 178.59 -103
      vertex 68 178.59 -83
    endloop
  endfacet
  facet normal 0.382693 0.923875 -0
    outer loop
      vertex 80.8046 173.286 -122
      vertex 68 178.59 -103
      vertex 80.8046 173.286 -65.2185
    endloop
  endfacet
  facet normal 0.382693 0.923875 0
    outer loop
      vertex 68 178.59 -103
      vertex 80.8046 173.286 -122
      vertex 68 178.59 -113
    endloop
  endfacet
  facet normal 0.382673 0.923884 -3.33053e-05
    outer loop
      vertex 65.3942 179.669 -122
      vertex 68 178.59 -113
      vertex 80.8046 173.286 -122
    endloop
  endfacet
  facet normal 0.382575 0.923924 0
    outer loop
      vertex 68 178.59 -113
      vertex 65.3942 179.669 -122
      vertex 65.3942 179.669 -113
    endloop
  endfacet
  facet normal 0.382644 0.923896 -0
    outer loop
      vertex 74.183 176.029 -65.0571
      vertex 65.3942 179.669 -64
      vertex 74.183 176.029 -64
    endloop
  endfacet
  facet normal 0.382712 0.923868 -3.53635e-05
    outer loop
      vertex 68 178.59 -73
      vertex 74.183 176.029 -65.0571
      vertex 80.8046 173.286 -65.2185
    endloop
  endfacet
  facet normal 0.382646 0.923895 2.41646e-05
    outer loop
      vertex 68 178.59 -73
      vertex 65.3942 179.669 -64
      vertex 74.183 176.029 -65.0571
    endloop
  endfacet
  facet normal 0.382575 0.923924 0
    outer loop
      vertex 65.3942 179.669 -64
      vertex 68 178.59 -73
      vertex 65.3942 179.669 -73
    endloop
  endfacet
  facet normal 0.382575 0.923924 0
    outer loop
      vertex 65.3942 179.669 -83
      vertex 68 178.59 -103
      vertex 65.3942 179.669 -103
    endloop
  endfacet
  facet normal 0.793421 0.608673 0
    outer loop
      vertex 146.468 122.901 -64
      vertex 148 120.904 -73
      vertex 146.468 122.901 -73
    endloop
  endfacet
  facet normal 0.793302 0.608828 0
    outer loop
      vertex 150 118.298 -64
      vertex 148 120.904 -83
      vertex 148 120.904 -73
    endloop
  endfacet
  facet normal 0.793302 0.608828 0
    outer loop
      vertex 148 120.904 -83
      vertex 150 118.298 -64
      vertex 148 120.904 -103
    endloop
  endfacet
  facet normal 0.793302 0.608828 -0
    outer loop
      vertex 150 118.298 -122
      vertex 148 120.904 -103
      vertex 150 118.298 -64
    endloop
  endfacet
  facet normal 0.793354 0.608761 -3.07942e-05
    outer loop
      vertex 150 118.298 -64
      vertex 148 120.904 -73
      vertex 146.468 122.901 -64
    endloop
  endfacet
  facet normal 0.793421 0.608673 0
    outer loop
      vertex 148 120.904 -83
      vertex 146.468 122.901 -103
      vertex 146.468 122.901 -83
    endloop
  endfacet
  facet normal 0.793421 0.608673 0
    outer loop
      vertex 146.468 122.901 -103
      vertex 148 120.904 -83
      vertex 148 120.904 -103
    endloop
  endfacet
  facet normal 0.793421 0.608673 0
    outer loop
      vertex 148 120.904 -113
      vertex 146.468 122.901 -122
      vertex 146.468 122.901 -113
    endloop
  endfacet
  facet normal 0.793354 0.608761 3.07942e-05
    outer loop
      vertex 148 120.904 -113
      vertex 150 118.298 -122
      vertex 146.468 122.901 -122
    endloop
  endfacet
  facet normal 0.793302 0.608828 0
    outer loop
      vertex 148 120.904 -103
      vertex 150 118.298 -122
      vertex 148 120.904 -113
    endloop
  endfacet
  facet normal 0.737294 0.675572 0
    outer loop
      vertex 135.199 135.199 -64
      vertex 141 128.868 -71
      vertex 135.199 135.199 -71
    endloop
  endfacet
  facet normal 0.737279 0.675589 -2.86138e-05
    outer loop
      vertex 146.468 122.901 -64
      vertex 141 128.868 -71
      vertex 135.199 135.199 -64
    endloop
  endfacet
  facet normal 0.737262 0.675607 -0
    outer loop
      vertex 146.468 122.901 -73
      vertex 141 128.868 -71
      vertex 146.468 122.901 -64
    endloop
  endfacet
  facet normal 0.737262 0.675607 0
    outer loop
      vertex 141 128.868 -71
      vertex 146.468 122.901 -73
      vertex 141 128.868 -73
    endloop
  endfacet
  facet normal 0.737262 0.675607 0
    outer loop
      vertex 141 128.868 -113
      vertex 146.468 122.901 -113
      vertex 141 128.868 -115
    endloop
  endfacet
  facet normal 0.737294 0.675572 0
    outer loop
      vertex 141 128.868 -115
      vertex 135.199 135.199 -122
      vertex 135.199 135.199 -115
    endloop
  endfacet
  facet normal 0.737262 0.675607 -0
    outer loop
      vertex 146.468 122.901 -122
      vertex 141 128.868 -115
      vertex 146.468 122.901 -113
    endloop
  endfacet
  facet normal 0.737279 0.675589 2.86138e-05
    outer loop
      vertex 141 128.868 -115
      vertex 146.468 122.901 -122
      vertex 135.199 135.199 -122
    endloop
  endfacet
  facet normal 0.737262 0.675607 0
    outer loop
      vertex 146.468 122.901 -83
      vertex 141 128.868 -85
      vertex 141 128.868 -83
    endloop
  endfacet
  facet normal 0.737262 0.675607 0
    outer loop
      vertex 141 128.868 -85
      vertex 146.468 122.901 -83
      vertex 141 128.868 -101
    endloop
  endfacet
  facet normal 0.737262 0.675607 -0
    outer loop
      vertex 146.468 122.901 -103
      vertex 141 128.868 -101
      vertex 146.468 122.901 -83
    endloop
  endfacet
  facet normal 0.737262 0.675607 0
    outer loop
      vertex 141 128.868 -101
      vertex 146.468 122.901 -103
      vertex 141 128.868 -103
    endloop
  endfacet
  facet normal 0.737294 0.675572 0
    outer loop
      vertex 141 128.868 -85
      vertex 135.199 135.199 -101
      vertex 135.199 135.199 -85
    endloop
  endfacet
  facet normal 0.737294 0.675572 0
    outer loop
      vertex 135.199 135.199 -101
      vertex 141 128.868 -85
      vertex 141 128.868 -101
    endloop
  endfacet
  facet normal 0.537256 0.843419 0
    outer loop
      vertex 109.668 156.622 -66
      vertex 109.668 156.622 -122
      vertex 104.365 160 -66
    endloop
  endfacet
  facet normal 0.537287 0.8434 4.04888e-06
    outer loop
      vertex 95.6 165.584 -122
      vertex 104.365 160 -66
      vertex 109.668 156.622 -122
    endloop
  endfacet
  facet normal 0.537305 0.843388 0
    outer loop
      vertex 104.365 160 -66
      vertex 95.6 165.584 -122
      vertex 95.6 165.584 -65.6715
    endloop
  endfacet
  facet normal 0.461749 0.887011 0
    outer loop
      vertex 80.8046 173.286 -122
      vertex 95.6 165.584 -65.6715
      vertex 95.6 165.584 -122
    endloop
  endfacet
  facet normal 0.461749 0.887011 0
    outer loop
      vertex 95.6 165.584 -65.6715
      vertex 80.8046 173.286 -122
      vertex 80.8046 173.286 -65.2185
    endloop
  endfacet
  facet normal 0.300766 0.953698 0
    outer loop
      vertex 65.3942 179.669 -113
      vertex 55 182.947 -115
      vertex 55 182.947 -113
    endloop
  endfacet
  facet normal 0.300766 0.953698 -0
    outer loop
      vertex 65.3942 179.669 -122
      vertex 55 182.947 -115
      vertex 65.3942 179.669 -113
    endloop
  endfacet
  facet normal 0.300718 0.953713 -7.80812e-05
    outer loop
      vertex 49.4862 184.685 -122
      vertex 55 182.947 -115
      vertex 65.3942 179.669 -122
    endloop
  endfacet
  facet normal 0.300628 0.953741 0
    outer loop
      vertex 55 182.947 -115
      vertex 49.4862 184.685 -122
      vertex 49.4862 184.685 -115
    endloop
  endfacet
  facet normal 0.300718 0.953713 7.80812e-05
    outer loop
      vertex 65.3942 179.669 -64
      vertex 55 182.947 -71
      vertex 49.4862 184.685 -64
    endloop
  endfacet
  facet normal 0.300766 0.953698 -0
    outer loop
      vertex 65.3942 179.669 -73
      vertex 55 182.947 -71
      vertex 65.3942 179.669 -64
    endloop
  endfacet
  facet normal 0.300766 0.953698 0
    outer loop
      vertex 55 182.947 -71
      vertex 65.3942 179.669 -73
      vertex 55 182.947 -73
    endloop
  endfacet
  facet normal 0.300628 0.953741 0
    outer loop
      vertex 49.4862 184.685 -64
      vertex 55 182.947 -71
      vertex 49.4862 184.685 -71
    endloop
  endfacet
  facet normal 0.300766 0.953698 0
    outer loop
      vertex 65.3942 179.669 -83
      vertex 55 182.947 -85
      vertex 55 182.947 -83
    endloop
  endfacet
  facet normal 0.300628 0.953741 0
    outer loop
      vertex 55 182.947 -85
      vertex 55 182.947 -101
      vertex 49.4862 184.685 -85
    endloop
  endfacet
  facet normal 0.300766 0.953698 0
    outer loop
      vertex 65.3942 179.669 -83
      vertex 55 182.947 -101
      vertex 55 182.947 -85
    endloop
  endfacet
  facet normal 0.300766 0.953698 -0
    outer loop
      vertex 65.3942 179.669 -103
      vertex 55 182.947 -101
      vertex 65.3942 179.669 -83
    endloop
  endfacet
  facet normal 0.300766 0.953698 0
    outer loop
      vertex 55 182.947 -101
      vertex 65.3942 179.669 -103
      vertex 55 182.947 -103
    endloop
  endfacet
  facet normal 0.300628 0.953741 0
    outer loop
      vertex 49.4862 184.685 -85
      vertex 55 182.947 -101
      vertex 49.4862 184.685 -101
    endloop
  endfacet
  facet normal 0.216845 0.976206 0
    outer loop
      vertex 49.4862 184.685 -115
      vertex 49.4862 184.685 -122
      vertex 49 184.793 -115
    endloop
  endfacet
  facet normal 0.216845 0.976206 0
    outer loop
      vertex 49.4862 184.685 -85
      vertex 49.4862 184.685 -101
      vertex 49 184.793 -85
    endloop
  endfacet
  facet normal 0.216845 0.976206 0
    outer loop
      vertex 49 184.793 -71
      vertex 49.4862 184.685 -64
      vertex 49.4862 184.685 -71
    endloop
  endfacet
  facet normal 0.216436 0.976297 2.98608e-05
    outer loop
      vertex 49.4862 184.685 -64
      vertex 49 184.793 -71
      vertex 40 186.788 -64
    endloop
  endfacet
  facet normal 0.216414 0.976302 -0
    outer loop
      vertex 49 184.793 -85
      vertex 40 186.788 -64
      vertex 49 184.793 -71
    endloop
  endfacet
  facet normal 0.216845 0.976206 -0
    outer loop
      vertex 49 184.793 -101
      vertex 49 184.793 -85
      vertex 49.4862 184.685 -101
    endloop
  endfacet
  facet normal 0.216414 0.976302 0
    outer loop
      vertex 49 184.793 -85
      vertex 49 184.793 -101
      vertex 40 186.788 -64
    endloop
  endfacet
  facet normal 0.216414 0.976302 0
    outer loop
      vertex 40 186.788 -122
      vertex 49 184.793 -101
      vertex 49 184.793 -115
    endloop
  endfacet
  facet normal 0.216436 0.976297 -2.98608e-05
    outer loop
      vertex 40 186.788 -122
      vertex 49 184.793 -115
      vertex 49.4862 184.685 -122
    endloop
  endfacet
  facet normal 0.216414 0.976302 0
    outer loop
      vertex 49 184.793 -101
      vertex 40 186.788 -122
      vertex 40 186.788 -64
    endloop
  endfacet
  facet normal 0 0 -1
    outer loop
      vertex 149.249 104.506 -122
      vertex 150 118.298 -122
      vertex 150 103.328 -122
    endloop
  endfacet
  facet normal 0 0 -1
    outer loop
      vertex 139.573 117.116 -122
      vertex 150 118.298 -122
      vertex 149.249 104.506 -122
    endloop
  endfacet
  facet normal -0 0 -1
    outer loop
      vertex 150 118.298 -122
      vertex 139.573 117.116 -122
      vertex 146.468 122.901 -122
    endloop
  endfacet
  facet normal 0 0 -1
    outer loop
      vertex 139.573 117.116 -122
      vertex 135.199 135.199 -122
      vertex 146.468 122.901 -122
    endloop
  endfacet
  facet normal 0 0 -1
    outer loop
      vertex 128.835 128.835 -122
      vertex 135.199 135.199 -122
      vertex 139.573 117.116 -122
    endloop
  endfacet
  facet normal 0 0 -1
    outer loop
      vertex 128.835 128.835 -122
      vertex 122.901 146.468 -122
      vertex 135.199 135.199 -122
    endloop
  endfacet
  facet normal 0 0 -1
    outer loop
      vertex 117.116 139.573 -122
      vertex 122.901 146.468 -122
      vertex 128.835 128.835 -122
    endloop
  endfacet
  facet normal 0 0 -1
    outer loop
      vertex 117.116 139.573 -122
      vertex 109.668 156.622 -122
      vertex 122.901 146.468 -122
    endloop
  endfacet
  facet normal 0 0 -1
    outer loop
      vertex 104.506 149.249 -122
      vertex 109.668 156.622 -122
      vertex 117.116 139.573 -122
    endloop
  endfacet
  facet normal 0 0 -1
    outer loop
      vertex 104.506 149.249 -122
      vertex 95.6 165.584 -122
      vertex 109.668 156.622 -122
    endloop
  endfacet
  facet normal 0 0 -1
    outer loop
      vertex 91.1 157.79 -122
      vertex 95.6 165.584 -122
      vertex 104.506 149.249 -122
    endloop
  endfacet
  facet normal 0 0 -1
    outer loop
      vertex 91.1 157.79 -122
      vertex 80.8046 173.286 -122
      vertex 95.6 165.584 -122
    endloop
  endfacet
  facet normal 0 0 -1
    outer loop
      vertex 77.001 165.129 -122
      vertex 80.8046 173.286 -122
      vertex 91.1 157.79 -122
    endloop
  endfacet
  facet normal 0 0 -1
    outer loop
      vertex 77.001 165.129 -122
      vertex 65.3942 179.669 -122
      vertex 80.8046 173.286 -122
    endloop
  endfacet
  facet normal 0 0 -1
    outer loop
      vertex 62.3161 171.212 -122
      vertex 65.3942 179.669 -122
      vertex 77.001 165.129 -122
    endloop
  endfacet
  facet normal 0 0 -1
    outer loop
      vertex 62.3161 171.212 -122
      vertex 49.4862 184.685 -122
      vertex 65.3942 179.669 -122
    endloop
  endfacet
  facet normal 0 0 -1
    outer loop
      vertex 47.1568 175.992 -122
      vertex 49.4862 184.685 -122
      vertex 62.3161 171.212 -122
    endloop
  endfacet
  facet normal 0 0 -1
    outer loop
      vertex 40 177.578 -122
      vertex 49.4862 184.685 -122
      vertex 47.1568 175.992 -122
    endloop
  endfacet
  facet normal -0 0 -1
    outer loop
      vertex 49.4862 184.685 -122
      vertex 40 177.578 -122
      vertex 40 186.788 -122
    endloop
  endfacet
  facet normal 0.60876 0.793354 -0
    outer loop
      vertex 122.901 146.468 -122
      vertex 109.668 156.622 -66
      vertex 122.901 146.468 -66
    endloop
  endfacet
  facet normal 0.60876 0.793354 0
    outer loop
      vertex 109.668 156.622 -66
      vertex 122.901 146.468 -122
      vertex 109.668 156.622 -122
    endloop
  endfacet
  facet normal 0 0 1
    outer loop
      vertex 150 118.298 -64
      vertex 149.249 104.506 -64
      vertex 150 103.328 -64
    endloop
  endfacet
  facet normal 0 0 1
    outer loop
      vertex 139.573 117.116 -64
      vertex 150 118.298 -64
      vertex 146.468 122.901 -64
    endloop
  endfacet
  facet normal 0 0 1
    outer loop
      vertex 150 118.298 -64
      vertex 139.573 117.116 -64
      vertex 149.249 104.506 -64
    endloop
  endfacet
  facet normal 0 0 1
    outer loop
      vertex 135.199 135.199 -64
      vertex 139.573 117.116 -64
      vertex 146.468 122.901 -64
    endloop
  endfacet
  facet normal 0 0 1
    outer loop
      vertex 128.835 128.835 -64
      vertex 135.199 135.199 -64
      vertex 129.959 140 -64
    endloop
  endfacet
  facet normal 0 0 1
    outer loop
      vertex 135.199 135.199 -64
      vertex 128.835 128.835 -64
      vertex 139.573 117.116 -64
    endloop
  endfacet
  facet normal 0 0 1
    outer loop
      vertex 129.959 140 -64
      vertex 117.116 139.573 -64
      vertex 128.835 128.835 -64
    endloop
  endfacet
  facet normal 0 -0 1
    outer loop
      vertex 117.116 139.573 -64
      vertex 129.959 140 -64
      vertex 116.56 140 -64
    endloop
  endfacet
  facet normal 0 0 1
    outer loop
      vertex 65.3942 179.669 -64
      vertex 69.2882 168.324 -64
      vertex 74.183 176.029 -64
    endloop
  endfacet
  facet normal 0 0 1
    outer loop
      vertex 65.3942 179.669 -64
      vertex 62.3161 171.212 -64
      vertex 69.2882 168.324 -64
    endloop
  endfacet
  facet normal 0 0 1
    outer loop
      vertex 49.4862 184.685 -64
      vertex 62.3161 171.212 -64
      vertex 65.3942 179.669 -64
    endloop
  endfacet
  facet normal 0 0 1
    outer loop
      vertex 49.4862 184.685 -64
      vertex 47.1568 175.992 -64
      vertex 62.3161 171.212 -64
    endloop
  endfacet
  facet normal 0 0 1
    outer loop
      vertex 40 177.578 -64
      vertex 49.4862 184.685 -64
      vertex 40 186.788 -64
    endloop
  endfacet
  facet normal 0 0 1
    outer loop
      vertex 49.4862 184.685 -64
      vertex 40 177.578 -64
      vertex 47.1568 175.992 -64
    endloop
  endfacet
  facet normal -0.608747 -0.793365 0
    outer loop
      vertex 104.506 149.249 -57.63
      vertex 116.56 140 -64
      vertex 116.56 140 -58
    endloop
  endfacet
  facet normal -0.608747 -0.793365 0
    outer loop
      vertex 104.506 149.249 -122
      vertex 116.56 140 -64
      vertex 104.506 149.249 -57.63
    endloop
  endfacet
  facet normal -0.608762 -0.793353 5.00497e-06
    outer loop
      vertex 117.116 139.573 -122
      vertex 116.56 140 -64
      vertex 104.506 149.249 -122
    endloop
  endfacet
  facet normal -0.60909 -0.793101 0
    outer loop
      vertex 116.56 140 -64
      vertex 117.116 139.573 -122
      vertex 117.116 139.573 -64
    endloop
  endfacet
  facet normal -0.843219 -0.53757 0
    outer loop
      vertex 150 103.328 -122
      vertex 149.249 104.506 -64
      vertex 149.249 104.506 -122
    endloop
  endfacet
  facet normal -0.843219 -0.53757 0
    outer loop
      vertex 149.249 104.506 -64
      vertex 150 103.328 -122
      vertex 150 103.328 -64
    endloop
  endfacet
  facet normal -0.38269 -0.923877 -0
    outer loop
      vertex 62.3161 171.212 -64
      vertex 62.3161 171.212 -122
      vertex 69.2882 168.324 -64
    endloop
  endfacet
  facet normal -0.382709 -0.923869 0
    outer loop
      vertex 69.2882 168.324 -64
      vertex 77.001 165.129 -57.2777
      vertex 69.2882 168.324 -57.7062
    endloop
  endfacet
  facet normal -0.3827 -0.923873 1.40264e-06
    outer loop
      vertex 77.001 165.129 -122
      vertex 69.2882 168.324 -64
      vertex 62.3161 171.212 -122
    endloop
  endfacet
  facet normal -0.382709 -0.923869 0
    outer loop
      vertex 69.2882 168.324 -64
      vertex 77.001 165.129 -122
      vertex 77.001 165.129 -57.2777
    endloop
  endfacet
  facet normal -0.737307 -0.675557 0
    outer loop
      vertex 139.573 117.116 -101
      vertex 135 122.107 -85
      vertex 135 122.107 -101
    endloop
  endfacet
  facet normal -0.737307 -0.675557 0
    outer loop
      vertex 135 122.107 -85
      vertex 139.573 117.116 -101
      vertex 139.573 117.116 -85
    endloop
  endfacet
  facet normal -0.737281 -0.675586 -0
    outer loop
      vertex 135 122.107 -101
      vertex 128.835 128.835 -122
      vertex 135 122.107 -115
    endloop
  endfacet
  facet normal -0.737293 -0.675574 2.131e-05
    outer loop
      vertex 139.573 117.116 -122
      vertex 135 122.107 -115
      vertex 128.835 128.835 -122
    endloop
  endfacet
  facet normal -0.737307 -0.675557 0
    outer loop
      vertex 135 122.107 -115
      vertex 139.573 117.116 -122
      vertex 139.573 117.116 -115
    endloop
  endfacet
  facet normal -0.737281 -0.675586 0
    outer loop
      vertex 128.835 128.835 -122
      vertex 135 122.107 -101
      vertex 128.835 128.835 -64
    endloop
  endfacet
  facet normal -0.737281 -0.675586 -0
    outer loop
      vertex 135 122.107 -85
      vertex 128.835 128.835 -64
      vertex 135 122.107 -101
    endloop
  endfacet
  facet normal -0.737281 -0.675586 -0
    outer loop
      vertex 135 122.107 -71
      vertex 128.835 128.835 -64
      vertex 135 122.107 -85
    endloop
  endfacet
  facet normal -0.737307 -0.675557 -0
    outer loop
      vertex 139.573 117.116 -64
      vertex 135 122.107 -71
      vertex 139.573 117.116 -71
    endloop
  endfacet
  facet normal -0.737293 -0.675574 -2.131e-05
    outer loop
      vertex 135 122.107 -71
      vertex 139.573 117.116 -64
      vertex 128.835 128.835 -64
    endloop
  endfacet
  facet normal -0.793242 -0.608906 0
    outer loop
      vertex 139.573 117.116 -122
      vertex 141 115.257 -115
      vertex 139.573 117.116 -115
    endloop
  endfacet
  facet normal -0.793372 -0.608737 0
    outer loop
      vertex 149.249 104.506 -122
      vertex 141 115.257 -101
      vertex 141 115.257 -115
    endloop
  endfacet
  facet normal -0.793372 -0.608737 0
    outer loop
      vertex 141 115.257 -101
      vertex 149.249 104.506 -122
      vertex 141 115.257 -85
    endloop
  endfacet
  facet normal -0.793372 -0.608737 -0
    outer loop
      vertex 149.249 104.506 -64
      vertex 141 115.257 -85
      vertex 149.249 104.506 -122
    endloop
  endfacet
  facet normal -0.793353 -0.608762 6.09912e-05
    outer loop
      vertex 149.249 104.506 -122
      vertex 141 115.257 -115
      vertex 139.573 117.116 -122
    endloop
  endfacet
  facet normal -0.793242 -0.608906 0
    outer loop
      vertex 141 115.257 -101
      vertex 139.573 117.116 -85
      vertex 139.573 117.116 -101
    endloop
  endfacet
  facet normal -0.793242 -0.608906 0
    outer loop
      vertex 139.573 117.116 -85
      vertex 141 115.257 -101
      vertex 141 115.257 -85
    endloop
  endfacet
  facet normal -0.793242 -0.608906 0
    outer loop
      vertex 141 115.257 -71
      vertex 139.573 117.116 -64
      vertex 139.573 117.116 -71
    endloop
  endfacet
  facet normal -0.793353 -0.608762 -6.09912e-05
    outer loop
      vertex 141 115.257 -71
      vertex 149.249 104.506 -64
      vertex 139.573 117.116 -64
    endloop
  endfacet
  facet normal -0.793372 -0.608737 0
    outer loop
      vertex 141 115.257 -85
      vertex 149.249 104.506 -64
      vertex 141 115.257 -71
    endloop
  endfacet
  facet normal -0.675574 -0.737293 0
    outer loop
      vertex 117.116 139.573 -122
      vertex 128.835 128.835 -64
      vertex 117.116 139.573 -64
    endloop
  endfacet
  facet normal -0.675574 -0.737293 -0
    outer loop
      vertex 128.835 128.835 -64
      vertex 117.116 139.573 -122
      vertex 128.835 128.835 -122
    endloop
  endfacet
  facet normal -0.537319 -0.843379 0
    outer loop
      vertex 91.1 157.79 -122
      vertex 104.506 149.249 -57.63
      vertex 91.1 157.79 -57.2884
    endloop
  endfacet
  facet normal -0.537319 -0.843379 -0
    outer loop
      vertex 104.506 149.249 -57.63
      vertex 91.1 157.79 -122
      vertex 104.506 149.249 -122
    endloop
  endfacet
  facet normal -0.461724 -0.887023 0
    outer loop
      vertex 77.001 165.129 -122
      vertex 80.7049 163.201 -57.072
      vertex 77.001 165.129 -57.2777
    endloop
  endfacet
  facet normal -0.461725 -0.887023 4.85459e-08
    outer loop
      vertex 91.1 157.79 -122
      vertex 80.7049 163.201 -57.072
      vertex 77.001 165.129 -122
    endloop
  endfacet
  facet normal -0.461725 -0.887023 0
    outer loop
      vertex 80.7049 163.201 -57.072
      vertex 91.1 157.79 -122
      vertex 91.1 157.79 -57.2884
    endloop
  endfacet
  facet normal -0.300736 -0.953708 -3.03006e-05
    outer loop
      vertex 55 173.519 -71
      vertex 47.1568 175.992 -64
      vertex 49 175.411 -71
    endloop
  endfacet
  facet normal -0.300631 -0.953741 0
    outer loop
      vertex 47.1568 175.992 -64
      vertex 49 175.411 -85
      vertex 49 175.411 -71
    endloop
  endfacet
  facet normal -0.300736 -0.953708 -0
    outer loop
      vertex 49 175.411 -85
      vertex 49 175.411 -101
      vertex 55 173.519 -85
    endloop
  endfacet
  facet normal -0.300631 -0.953741 0
    outer loop
      vertex 47.1568 175.992 -64
      vertex 49 175.411 -101
      vertex 49 175.411 -85
    endloop
  endfacet
  facet normal -0.300631 -0.953741 0
    outer loop
      vertex 47.1568 175.992 -122
      vertex 49 175.411 -101
      vertex 47.1568 175.992 -64
    endloop
  endfacet
  facet normal -0.300736 -0.953708 3.03006e-05
    outer loop
      vertex 49 175.411 -115
      vertex 47.1568 175.992 -122
      vertex 55 173.519 -115
    endloop
  endfacet
  facet normal -0.300631 -0.953741 -0
    outer loop
      vertex 49 175.411 -101
      vertex 47.1568 175.992 -122
      vertex 49 175.411 -115
    endloop
  endfacet
  facet normal -0.300722 -0.953712 -1.39046e-05
    outer loop
      vertex 47.1568 175.992 -64
      vertex 55 173.519 -71
      vertex 62.3161 171.212 -64
    endloop
  endfacet
  facet normal -0.300735 -0.953708 0
    outer loop
      vertex 55 173.519 -85
      vertex 62.3161 171.212 -64
      vertex 55 173.519 -71
    endloop
  endfacet
  facet normal -0.300736 -0.953708 0
    outer loop
      vertex 55 173.519 -101
      vertex 55 173.519 -85
      vertex 49 175.411 -101
    endloop
  endfacet
  facet normal -0.300735 -0.953708 0
    outer loop
      vertex 55 173.519 -101
      vertex 62.3161 171.212 -64
      vertex 55 173.519 -85
    endloop
  endfacet
  facet normal -0.300735 -0.953708 0
    outer loop
      vertex 62.3161 171.212 -122
      vertex 55 173.519 -101
      vertex 55 173.519 -115
    endloop
  endfacet
  facet normal -0.300735 -0.953708 0
    outer loop
      vertex 55 173.519 -101
      vertex 62.3161 171.212 -122
      vertex 62.3161 171.212 -64
    endloop
  endfacet
  facet normal -0.300722 -0.953712 1.39046e-05
    outer loop
      vertex 62.3161 171.212 -122
      vertex 55 173.519 -115
      vertex 47.1568 175.992 -122
    endloop
  endfacet
  facet normal -0.216358 -0.976314 0
    outer loop
      vertex 40 177.578 -122
      vertex 47.1568 175.992 -64
      vertex 40 177.578 -64
    endloop
  endfacet
  facet normal -0.216358 -0.976314 -0
    outer loop
      vertex 47.1568 175.992 -64
      vertex 40 177.578 -122
      vertex 47.1568 175.992 -122
    endloop
  endfacet
  facet normal -1 0 0
    outer loop
      vertex 40 177.578 -122
      vertex 40 186.788 -64
      vertex 40 186.788 -122
    endloop
  endfacet
  facet normal -1 -0 0
    outer loop
      vertex 40 186.788 -64
      vertex 40 177.578 -122
      vertex 40 177.578 -64
    endloop
  endfacet
  facet normal 1 -0 0
    outer loop
      vertex 150 103.328 -64
      vertex 150 118.298 -122
      vertex 150 118.298 -64
    endloop
  endfacet
  facet normal 1 0 0
    outer loop
      vertex 150 118.298 -122
      vertex 150 103.328 -64
      vertex 150 103.328 -122
    endloop
  endfacet
  facet normal 1 -0 0
    outer loop
      vertex 68 178.59 -103
      vertex 68 184 -113
      vertex 68 184 -103
    endloop
  endfacet
  facet normal 1 0 0
    outer loop
      vertex 68 184 -113
      vertex 68 178.59 -103
      vertex 68 178.59 -113
    endloop
  endfacet
  facet normal 0 0 1
    outer loop
      vertex 68 184 -103
      vertex 65.3942 179.669 -103
      vertex 68 178.59 -103
    endloop
  endfacet
  facet normal -0 0 1
    outer loop
      vertex 56 184 -103
      vertex 65.3942 179.669 -103
      vertex 68 184 -103
    endloop
  endfacet
  facet normal 0 0 1
    outer loop
      vertex 55 182.947 -103
      vertex 56 184 -103
      vertex 55 183.571 -103
    endloop
  endfacet
  facet normal 0 0 1
    outer loop
      vertex 56 184 -103
      vertex 55 182.947 -103
      vertex 65.3942 179.669 -103
    endloop
  endfacet
  facet normal -0.394252 0.919002 0
    outer loop
      vertex 56 184 -113
      vertex 55 183.571 -103
      vertex 56 184 -103
    endloop
  endfacet
  facet normal -0.394252 0.919002 0
    outer loop
      vertex 55 183.571 -103
      vertex 56 184 -113
      vertex 55 183.571 -113
    endloop
  endfacet
  facet normal 0 0 -1
    outer loop
      vertex 65.3942 179.669 -113
      vertex 68 184 -113
      vertex 68 178.59 -113
    endloop
  endfacet
  facet normal 0 0 -1
    outer loop
      vertex 65.3942 179.669 -113
      vertex 56 184 -113
      vertex 68 184 -113
    endloop
  endfacet
  facet normal 0 0 -1
    outer loop
      vertex 55 182.947 -113
      vertex 56 184 -113
      vertex 65.3942 179.669 -113
    endloop
  endfacet
  facet normal 0 0 -1
    outer loop
      vertex 56 184 -113
      vertex 55 182.947 -113
      vertex 55 183.571 -113
    endloop
  endfacet
  facet normal 0 1 -0
    outer loop
      vertex 68 184 -113
      vertex 56 184 -103
      vertex 68 184 -103
    endloop
  endfacet
  facet normal 0 1 0
    outer loop
      vertex 56 184 -103
      vertex 68 184 -113
      vertex 56 184 -113
    endloop
  endfacet
  facet normal 1 -0 0
    outer loop
      vertex 148 120.904 -103
      vertex 148 132 -113
      vertex 148 132 -103
    endloop
  endfacet
  facet normal 1 0 0
    outer loop
      vertex 148 132 -113
      vertex 148 120.904 -103
      vertex 148 120.904 -113
    endloop
  endfacet
  facet normal 0 0 1
    outer loop
      vertex 148 132 -103
      vertex 146.468 122.901 -103
      vertex 148 120.904 -103
    endloop
  endfacet
  facet normal 0 0 1
    outer loop
      vertex 141 128.868 -103
      vertex 148 132 -103
      vertex 141 135 -103
    endloop
  endfacet
  facet normal 0 0 1
    outer loop
      vertex 148 132 -103
      vertex 141 128.868 -103
      vertex 146.468 122.901 -103
    endloop
  endfacet
  facet normal 0 0 1
    outer loop
      vertex 134 138 -103
      vertex 135 135.381 -103
      vertex 135 137.571 -103
    endloop
  endfacet
  facet normal 0 0 1
    outer loop
      vertex 135 135.381 -103
      vertex 134 138 -103
      vertex 132.142 138 -103
    endloop
  endfacet
  facet normal 0.393919 0.919145 -0
    outer loop
      vertex 148 132 -113
      vertex 141 135 -103
      vertex 148 132 -103
    endloop
  endfacet
  facet normal 0.393919 0.919145 0
    outer loop
      vertex 141 135 -103
      vertex 148 132 -113
      vertex 141 135 -113
    endloop
  endfacet
  facet normal 0.394252 0.919002 -0
    outer loop
      vertex 135 137.571 -113
      vertex 134 138 -103
      vertex 135 137.571 -103
    endloop
  endfacet
  facet normal 0.394252 0.919002 0
    outer loop
      vertex 134 138 -103
      vertex 135 137.571 -113
      vertex 134 138 -113
    endloop
  endfacet
  facet normal 0 1 -0
    outer loop
      vertex 134 138 -113
      vertex 132.142 138 -103
      vertex 134 138 -103
    endloop
  endfacet
  facet normal 0 1 0
    outer loop
      vertex 132.142 138 -103
      vertex 134 138 -113
      vertex 132.142 138 -113
    endloop
  endfacet
  facet normal 0 0 -1
    outer loop
      vertex 146.468 122.901 -113
      vertex 148 132 -113
      vertex 148 120.904 -113
    endloop
  endfacet
  facet normal 0 0 -1
    outer loop
      vertex 141 128.868 -113
      vertex 148 132 -113
      vertex 146.468 122.901 -113
    endloop
  endfacet
  facet normal -0 0 -1
    outer loop
      vertex 148 132 -113
      vertex 141 128.868 -113
      vertex 141 135 -113
    endloop
  endfacet
  facet normal 0 0 -1
    outer loop
      vertex 135 135.381 -113
      vertex 134 138 -113
      vertex 135 137.571 -113
    endloop
  endfacet
  facet normal -0 -0 -1
    outer loop
      vertex 134 138 -113
      vertex 135 135.381 -113
      vertex 132.142 138 -113
    endloop
  endfacet
  facet normal 1 -0 0
    outer loop
      vertex 68 178.59 -73
      vertex 68 184 -83
      vertex 68 184 -73
    endloop
  endfacet
  facet normal 1 0 0
    outer loop
      vertex 68 184 -83
      vertex 68 178.59 -73
      vertex 68 178.59 -83
    endloop
  endfacet
  facet normal 0 0 1
    outer loop
      vertex 68 184 -73
      vertex 65.3942 179.669 -73
      vertex 68 178.59 -73
    endloop
  endfacet
  facet normal -0 0 1
    outer loop
      vertex 56 184 -73
      vertex 65.3942 179.669 -73
      vertex 68 184 -73
    endloop
  endfacet
  facet normal 0 0 1
    outer loop
      vertex 55 182.947 -73
      vertex 56 184 -73
      vertex 55 183.571 -73
    endloop
  endfacet
  facet normal 0 0 1
    outer loop
      vertex 56 184 -73
      vertex 55 182.947 -73
      vertex 65.3942 179.669 -73
    endloop
  endfacet
  facet normal -0.394252 0.919002 0
    outer loop
      vertex 56 184 -83
      vertex 55 183.571 -73
      vertex 56 184 -73
    endloop
  endfacet
  facet normal -0.394252 0.919002 0
    outer loop
      vertex 55 183.571 -73
      vertex 56 184 -83
      vertex 55 183.571 -83
    endloop
  endfacet
  facet normal 0 0 -1
    outer loop
      vertex 65.3942 179.669 -83
      vertex 68 184 -83
      vertex 68 178.59 -83
    endloop
  endfacet
  facet normal 0 0 -1
    outer loop
      vertex 65.3942 179.669 -83
      vertex 56 184 -83
      vertex 68 184 -83
    endloop
  endfacet
  facet normal 0 0 -1
    outer loop
      vertex 55 182.947 -83
      vertex 56 184 -83
      vertex 65.3942 179.669 -83
    endloop
  endfacet
  facet normal 0 0 -1
    outer loop
      vertex 56 184 -83
      vertex 55 182.947 -83
      vertex 55 183.571 -83
    endloop
  endfacet
  facet normal 0 1 -0
    outer loop
      vertex 68 184 -83
      vertex 56 184 -73
      vertex 68 184 -73
    endloop
  endfacet
  facet normal 0 1 0
    outer loop
      vertex 56 184 -73
      vertex 68 184 -83
      vertex 56 184 -83
    endloop
  endfacet
  facet normal 1 -0 0
    outer loop
      vertex 148 120.904 -73
      vertex 148 132 -83
      vertex 148 132 -73
    endloop
  endfacet
  facet normal 1 0 0
    outer loop
      vertex 148 132 -83
      vertex 148 120.904 -73
      vertex 148 120.904 -83
    endloop
  endfacet
  facet normal 0 0 1
    outer loop
      vertex 148 132 -73
      vertex 146.468 122.901 -73
      vertex 148 120.904 -73
    endloop
  endfacet
  facet normal 0 0 1
    outer loop
      vertex 141 128.868 -73
      vertex 148 132 -73
      vertex 141 135 -73
    endloop
  endfacet
  facet normal 0 0 1
    outer loop
      vertex 148 132 -73
      vertex 141 128.868 -73
      vertex 146.468 122.901 -73
    endloop
  endfacet
  facet normal 0 0 1
    outer loop
      vertex 134 138 -73
      vertex 135 135.381 -73
      vertex 135 137.571 -73
    endloop
  endfacet
  facet normal 0 0 1
    outer loop
      vertex 135 135.381 -73
      vertex 134 138 -73
      vertex 132.142 138 -73
    endloop
  endfacet
  facet normal 0.393919 0.919145 -0
    outer loop
      vertex 148 132 -83
      vertex 141 135 -73
      vertex 148 132 -73
    endloop
  endfacet
  facet normal 0.393919 0.919145 0
    outer loop
      vertex 141 135 -73
      vertex 148 132 -83
      vertex 141 135 -83
    endloop
  endfacet
  facet normal 0.394252 0.919002 -0
    outer loop
      vertex 135 137.571 -83
      vertex 134 138 -73
      vertex 135 137.571 -73
    endloop
  endfacet
  facet normal 0.394252 0.919002 0
    outer loop
      vertex 134 138 -73
      vertex 135 137.571 -83
      vertex 134 138 -83
    endloop
  endfacet
  facet normal 0 1 -0
    outer loop
      vertex 134 138 -83
      vertex 132.142 138 -73
      vertex 134 138 -73
    endloop
  endfacet
  facet normal 0 1 0
    outer loop
      vertex 132.142 138 -73
      vertex 134 138 -83
      vertex 132.142 138 -83
    endloop
  endfacet
  facet normal 0 0 -1
    outer loop
      vertex 146.468 122.901 -83
      vertex 148 132 -83
      vertex 148 120.904 -83
    endloop
  endfacet
  facet normal 0 0 -1
    outer loop
      vertex 141 128.868 -83
      vertex 148 132 -83
      vertex 146.468 122.901 -83
    endloop
  endfacet
  facet normal -0 0 -1
    outer loop
      vertex 148 132 -83
      vertex 141 128.868 -83
      vertex 141 135 -83
    endloop
  endfacet
  facet normal 0 0 -1
    outer loop
      vertex 135 135.381 -83
      vertex 134 138 -83
      vertex 135 137.571 -83
    endloop
  endfacet
  facet normal -0 -0 -1
    outer loop
      vertex 134 138 -83
      vertex 135 135.381 -83
      vertex 132.142 138 -83
    endloop
  endfacet
  facet normal 0 0.793508 -0.608559
    outer loop
      vertex 90 221.959 -33.3562
      vertex 88 222.649 -32.4565
      vertex 90 222.649 -32.4565
    endloop
  endfacet
  facet normal 0 0.793508 -0.608559
    outer loop
      vertex 88 222.649 -32.4565
      vertex 90 221.959 -33.3562
      vertex 88 221.959 -33.3562
    endloop
  endfacet
  facet normal 0 0.793508 -0.608559
    outer loop
      vertex 84 221.959 -33.3562
      vertex 80 222.649 -32.4565
      vertex 84 222.649 -32.4565
    endloop
  endfacet
  facet normal 0 0.793508 -0.608559
    outer loop
      vertex 80 222.649 -32.4565
      vertex 84 221.959 -33.3562
      vertex 80 221.959 -33.3562
    endloop
  endfacet
  facet normal 0 -0.0436477 -0.999047
    outer loop
      vertex 80 210.867 -37.9505
      vertex 84 212 -38
      vertex 84 210.867 -37.9505
    endloop
  endfacet
  facet normal -0 -0.0436477 -0.999047
    outer loop
      vertex 84 212 -38
      vertex 80 210.867 -37.9505
      vertex 80 212 -38
    endloop
  endfacet
  facet normal 0 -0.0436477 -0.999047
    outer loop
      vertex 88 210.867 -37.9505
      vertex 90 212 -38
      vertex 90 210.867 -37.9505
    endloop
  endfacet
  facet normal -0 -0.0436477 -0.999047
    outer loop
      vertex 90 212 -38
      vertex 88 210.867 -37.9505
      vertex 88 212 -38
    endloop
  endfacet
  facet normal 0 0.923871 0.382705
    outer loop
      vertex 84 224.216 -20.5537
      vertex 80 223.782 -19.506
      vertex 84 223.782 -19.506
    endloop
  endfacet
  facet normal 0 0.923871 0.382705
    outer loop
      vertex 80 223.782 -19.506
      vertex 84 224.216 -20.5537
      vertex 80 224.216 -20.5537
    endloop
  endfacet
  facet normal 0 0.923871 0.382705
    outer loop
      vertex 90 224.216 -20.5537
      vertex 88 223.782 -19.506
      vertex 90 223.782 -19.506
    endloop
  endfacet
  facet normal 0 0.923871 0.382705
    outer loop
      vertex 88 223.782 -19.506
      vertex 90 224.216 -20.5537
      vertex 88 224.216 -20.5537
    endloop
  endfacet
  facet normal -0 0.300836 0.953676
    outer loop
      vertex 80 216.446 -12.784
      vertex 84 215.365 -12.443
      vertex 84 216.446 -12.784
    endloop
  endfacet
  facet normal 0 0.300836 0.953676
    outer loop
      vertex 84 215.365 -12.443
      vertex 80 216.446 -12.784
      vertex 80 215.365 -12.443
    endloop
  endfacet
  facet normal -0 0.300836 0.953676
    outer loop
      vertex 88 216.446 -12.784
      vertex 90 215.365 -12.443
      vertex 90 216.446 -12.784
    endloop
  endfacet
  facet normal 0 0.300836 0.953676
    outer loop
      vertex 90 215.365 -12.443
      vertex 88 216.446 -12.784
      vertex 88 215.365 -12.443
    endloop
  endfacet
  facet normal 0 -0.382611 0.923909
    outer loop
      vertex 80 207.554 -12.784
      vertex 84 206.506 -13.218
      vertex 84 207.554 -12.784
    endloop
  endfacet
  facet normal 0 -0.382611 0.923909
    outer loop
      vertex 84 206.506 -13.218
      vertex 80 207.554 -12.784
      vertex 80 206.506 -13.218
    endloop
  endfacet
  facet normal 0 -0.382611 0.923909
    outer loop
      vertex 88 207.554 -12.784
      vertex 90 206.506 -13.218
      vertex 90 207.554 -12.784
    endloop
  endfacet
  facet normal 0 -0.382611 0.923909
    outer loop
      vertex 90 206.506 -13.218
      vertex 88 207.554 -12.784
      vertex 88 206.506 -13.218
    endloop
  endfacet
  facet normal 0 -0.953732 0.300659
    outer loop
      vertex 80 199.443 -21.6354
      vertex 84 199.784 -20.5537
      vertex 80 199.784 -20.5537
    endloop
  endfacet
  facet normal 0 -0.953732 0.300659
    outer loop
      vertex 84 199.784 -20.5537
      vertex 80 199.443 -21.6354
      vertex 84 199.443 -21.6354
    endloop
  endfacet
  facet normal 0 -0.953732 0.300659
    outer loop
      vertex 88 199.443 -21.6354
      vertex 90 199.784 -20.5537
      vertex 88 199.784 -20.5537
    endloop
  endfacet
  facet normal 0 -0.953732 0.300659
    outer loop
      vertex 90 199.784 -20.5537
      vertex 88 199.443 -21.6354
      vertex 90 199.443 -21.6354
    endloop
  endfacet
  facet normal 0 0.537463 -0.843287
    outer loop
      vertex 88 218.5 -36.2583
      vertex 90 219.456 -35.649
      vertex 90 218.5 -36.2583
    endloop
  endfacet
  facet normal 0 0.537463 -0.843287
    outer loop
      vertex 90 219.456 -35.649
      vertex 88 218.5 -36.2583
      vertex 88 219.456 -35.649
    endloop
  endfacet
  facet normal 0 0.537463 -0.843287
    outer loop
      vertex 80 218.5 -36.2583
      vertex 84 219.456 -35.649
      vertex 84 218.5 -36.2583
    endloop
  endfacet
  facet normal 0 0.537463 -0.843287
    outer loop
      vertex 84 219.456 -35.649
      vertex 80 218.5 -36.2583
      vertex 80 219.456 -35.649
    endloop
  endfacet
  facet normal 0 0.999066 -0.0432076
    outer loop
      vertex 84 224.951 -26.133
      vertex 80 225 -25
      vertex 84 225 -25
    endloop
  endfacet
  facet normal 0 0.999066 -0.0432076
    outer loop
      vertex 80 225 -25
      vertex 84 224.951 -26.133
      vertex 80 224.951 -26.133
    endloop
  endfacet
  facet normal 0 0.999066 -0.0432076
    outer loop
      vertex 90 224.951 -26.133
      vertex 88 225 -25
      vertex 90 225 -25
    endloop
  endfacet
  facet normal 0 0.999066 -0.0432076
    outer loop
      vertex 88 225 -25
      vertex 90 224.951 -26.133
      vertex 88 224.951 -26.133
    endloop
  endfacet
  facet normal -0 0.0436477 0.999047
    outer loop
      vertex 80 213.133 -12.0495
      vertex 84 212 -12
      vertex 84 213.133 -12.0495
    endloop
  endfacet
  facet normal 0 0.0436477 0.999047
    outer loop
      vertex 84 212 -12
      vertex 80 213.133 -12.0495
      vertex 80 212 -12
    endloop
  endfacet
  facet normal -0 0.0436477 0.999047
    outer loop
      vertex 88 213.133 -12.0495
      vertex 90 212 -12
      vertex 90 213.133 -12.0495
    endloop
  endfacet
  facet normal 0 0.0436477 0.999047
    outer loop
      vertex 90 212 -12
      vertex 88 213.133 -12.0495
      vertex 88 212 -12
    endloop
  endfacet
  facet normal -0 0.608654 0.793436
    outer loop
      vertex 88 220.356 -15.0414
      vertex 90 219.456 -14.351
      vertex 90 220.356 -15.0414
    endloop
  endfacet
  facet normal 0 0.608654 0.793436
    outer loop
      vertex 90 219.456 -14.351
      vertex 88 220.356 -15.0414
      vertex 88 219.456 -14.351
    endloop
  endfacet
  facet normal -0 0.608654 0.793436
    outer loop
      vertex 80 220.356 -15.0414
      vertex 84 219.456 -14.351
      vertex 84 220.356 -15.0414
    endloop
  endfacet
  facet normal 0 0.608654 0.793436
    outer loop
      vertex 84 219.456 -14.351
      vertex 80 220.356 -15.0414
      vertex 80 219.456 -14.351
    endloop
  endfacet
  facet normal 0 0.976195 0.216893
    outer loop
      vertex 90 224.803 -22.7426
      vertex 88 224.557 -21.6354
      vertex 90 224.557 -21.6354
    endloop
  endfacet
  facet normal 0 0.976195 0.216893
    outer loop
      vertex 88 224.557 -21.6354
      vertex 90 224.803 -22.7426
      vertex 88 224.803 -22.7426
    endloop
  endfacet
  facet normal 0 0.976195 0.216893
    outer loop
      vertex 84 224.803 -22.7426
      vertex 80 224.557 -21.6354
      vertex 84 224.557 -21.6354
    endloop
  endfacet
  facet normal 0 0.976195 0.216893
    outer loop
      vertex 80 224.557 -21.6354
      vertex 84 224.803 -22.7426
      vertex 80 224.803 -22.7426
    endloop
  endfacet
  facet normal 0 -0.300836 -0.953676
    outer loop
      vertex 88 207.554 -37.216
      vertex 90 208.635 -37.557
      vertex 90 207.554 -37.216
    endloop
  endfacet
  facet normal -0 -0.300836 -0.953676
    outer loop
      vertex 90 208.635 -37.557
      vertex 88 207.554 -37.216
      vertex 88 208.635 -37.557
    endloop
  endfacet
  facet normal 0 -0.300836 -0.953676
    outer loop
      vertex 80 207.554 -37.216
      vertex 84 208.635 -37.557
      vertex 84 207.554 -37.216
    endloop
  endfacet
  facet normal -0 -0.300836 -0.953676
    outer loop
      vertex 84 208.635 -37.557
      vertex 80 207.554 -37.216
      vertex 80 208.635 -37.557
    endloop
  endfacet
  facet normal 0 -0.886899 -0.461963
    outer loop
      vertex 80 200.742 -31.5
      vertex 84 200.218 -30.494
      vertex 80 200.218 -30.494
    endloop
  endfacet
  facet normal 0 -0.886899 -0.461963
    outer loop
      vertex 84 200.218 -30.494
      vertex 80 200.742 -31.5
      vertex 84 200.742 -31.5
    endloop
  endfacet
  facet normal 0 -0.886899 -0.461963
    outer loop
      vertex 88 200.742 -31.5
      vertex 90 200.218 -30.494
      vertex 88 200.218 -30.494
    endloop
  endfacet
  facet normal 0 -0.886899 -0.461963
    outer loop
      vertex 90 200.218 -30.494
      vertex 88 200.742 -31.5
      vertex 90 200.742 -31.5
    endloop
  endfacet
  facet normal -1 0 0
    outer loop
      vertex 80 221.6 -25
      vertex 80 225 -25
      vertex 80 224.951 -26.133
    endloop
  endfacet
  facet normal -1 0 0
    outer loop
      vertex 80 221.563 -25.8367
      vertex 80 224.951 -26.133
      vertex 80 224.803 -27.2574
    endloop
  endfacet
  facet normal -1 0 0
    outer loop
      vertex 80 225 -25
      vertex 80 221.6 -25
      vertex 80 224.951 -23.867
    endloop
  endfacet
  facet normal -1 0 0
    outer loop
      vertex 80 221.454 -26.667
      vertex 80 224.803 -27.2574
      vertex 80 224.557 -28.3646
    endloop
  endfacet
  facet normal -1 0 0
    outer loop
      vertex 80 221.563 -24.1633
      vertex 80 224.951 -23.867
      vertex 80 221.6 -25
    endloop
  endfacet
  facet normal -1 0 0
    outer loop
      vertex 80 221.273 -27.4847
      vertex 80 224.557 -28.3646
      vertex 80 224.216 -29.4463
    endloop
  endfacet
  facet normal -1 -0 0
    outer loop
      vertex 80 224.951 -23.867
      vertex 80 221.563 -24.1633
      vertex 80 224.803 -22.7426
    endloop
  endfacet
  facet normal -1 0 0
    outer loop
      vertex 80 221.021 -28.2834
      vertex 80 224.216 -29.4463
      vertex 80 223.782 -30.494
    endloop
  endfacet
  facet normal -1 0 0
    outer loop
      vertex 80 221.454 -23.333
      vertex 80 224.803 -22.7426
      vertex 80 221.563 -24.1633
    endloop
  endfacet
  facet normal -1 0 0
    outer loop
      vertex 80 220.701 -29.0571
      vertex 80 223.782 -30.494
      vertex 80 223.258 -31.5
    endloop
  endfacet
  facet normal -1 -0 0
    outer loop
      vertex 80 224.803 -22.7426
      vertex 80 221.454 -23.333
      vertex 80 224.557 -21.6354
    endloop
  endfacet
  facet normal -1 0 0
    outer loop
      vertex 80 220.314 -29.8
      vertex 80 223.258 -31.5
      vertex 80 222.649 -32.4565
    endloop
  endfacet
  facet normal -1 0 0
    outer loop
      vertex 80 221.273 -22.5153
      vertex 80 224.557 -21.6354
      vertex 80 221.454 -23.333
    endloop
  endfacet
  facet normal -1 0 0
    outer loop
      vertex 80 219.864 -30.5063
      vertex 80 222.649 -32.4565
      vertex 80 221.959 -33.3562
    endloop
  endfacet
  facet normal -1 -0 0
    outer loop
      vertex 80 224.557 -21.6354
      vertex 80 221.273 -22.5153
      vertex 80 224.216 -20.5537
    endloop
  endfacet
  facet normal -1 0 0
    outer loop
      vertex 80 221.021 -21.7166
      vertex 80 224.216 -20.5537
      vertex 80 221.273 -22.5153
    endloop
  endfacet
  facet normal -1 0 0
    outer loop
      vertex 80 224.951 -26.133
      vertex 80 221.563 -25.8367
      vertex 80 221.6 -25
    endloop
  endfacet
  facet normal -1 0 0
    outer loop
      vertex 80 224.803 -27.2574
      vertex 80 221.454 -26.667
      vertex 80 221.563 -25.8367
    endloop
  endfacet
  facet normal -1 0 0
    outer loop
      vertex 80 224.557 -28.3646
      vertex 80 221.273 -27.4847
      vertex 80 221.454 -26.667
    endloop
  endfacet
  facet normal -1 0 0
    outer loop
      vertex 80 219.354 -31.1708
      vertex 80 221.959 -33.3562
      vertex 80 221.192 -34.1924
    endloop
  endfacet
  facet normal -1 0 0
    outer loop
      vertex 80 224.216 -29.4463
      vertex 80 221.021 -28.2834
      vertex 80 221.273 -27.4847
    endloop
  endfacet
  facet normal -1 0 0
    outer loop
      vertex 80 223.782 -30.494
      vertex 80 220.701 -29.0571
      vertex 80 221.021 -28.2834
    endloop
  endfacet
  facet normal -1 0 0
    outer loop
      vertex 80 218.788 -31.7882
      vertex 80 221.192 -34.1924
      vertex 80 220.356 -34.9586
    endloop
  endfacet
  facet normal -1 0 0
    outer loop
      vertex 80 223.258 -31.5
      vertex 80 220.314 -29.8
      vertex 80 220.701 -29.0571
    endloop
  endfacet
  facet normal -1 0 0
    outer loop
      vertex 80 222.649 -32.4565
      vertex 80 219.864 -30.5063
      vertex 80 220.314 -29.8
    endloop
  endfacet
  facet normal -1 0 0
    outer loop
      vertex 80 218.171 -32.354
      vertex 80 220.356 -34.9586
      vertex 80 219.456 -35.649
    endloop
  endfacet
  facet normal -1 0 0
    outer loop
      vertex 80 221.959 -33.3562
      vertex 80 219.354 -31.1708
      vertex 80 219.864 -30.5063
    endloop
  endfacet
  facet normal -1 0 0
    outer loop
      vertex 80 221.192 -34.1924
      vertex 80 218.788 -31.7882
      vertex 80 219.354 -31.1708
    endloop
  endfacet
  facet normal -1 0 0
    outer loop
      vertex 80 217.506 -32.8639
      vertex 80 219.456 -35.649
      vertex 80 218.5 -36.2583
    endloop
  endfacet
  facet normal -1 0 0
    outer loop
      vertex 80 220.356 -34.9586
      vertex 80 218.171 -32.354
      vertex 80 218.788 -31.7882
    endloop
  endfacet
  facet normal -1 0 0
    outer loop
      vertex 80 219.456 -35.649
      vertex 80 217.506 -32.8639
      vertex 80 218.171 -32.354
    endloop
  endfacet
  facet normal -1 0 0
    outer loop
      vertex 80 216.8 -33.3138
      vertex 80 218.5 -36.2583
      vertex 80 217.494 -36.782
    endloop
  endfacet
  facet normal -1 0 0
    outer loop
      vertex 80 218.5 -36.2583
      vertex 80 216.8 -33.3138
      vertex 80 217.506 -32.8639
    endloop
  endfacet
  facet normal -1 0 0
    outer loop
      vertex 80 216.057 -33.7006
      vertex 80 217.494 -36.782
      vertex 80 216.446 -37.216
    endloop
  endfacet
  facet normal -1 0 0
    outer loop
      vertex 80 217.494 -36.782
      vertex 80 216.057 -33.7006
      vertex 80 216.8 -33.3138
    endloop
  endfacet
  facet normal -1 0 0
    outer loop
      vertex 80 215.283 -34.021
      vertex 80 216.446 -37.216
      vertex 80 215.365 -37.557
    endloop
  endfacet
  facet normal -1 0 0
    outer loop
      vertex 80 216.446 -37.216
      vertex 80 215.283 -34.021
      vertex 80 216.057 -33.7006
    endloop
  endfacet
  facet normal -1 0 0
    outer loop
      vertex 80 215.365 -37.557
      vertex 80 214.485 -34.2729
      vertex 80 215.283 -34.021
    endloop
  endfacet
  facet normal -1 0 0
    outer loop
      vertex 80 214.257 -37.8025
      vertex 80 214.485 -34.2729
      vertex 80 215.365 -37.557
    endloop
  endfacet
  facet normal -1 0 0
    outer loop
      vertex 80 214.257 -37.8025
      vertex 80 213.667 -34.4542
      vertex 80 214.485 -34.2729
    endloop
  endfacet
  facet normal -1 0 0
    outer loop
      vertex 80 213.133 -37.9505
      vertex 80 213.667 -34.4542
      vertex 80 214.257 -37.8025
    endloop
  endfacet
  facet normal -1 0 0
    outer loop
      vertex 80 213.133 -37.9505
      vertex 80 212.837 -34.5635
      vertex 80 213.667 -34.4542
    endloop
  endfacet
  facet normal -1 0 0
    outer loop
      vertex 80 212 -38
      vertex 80 212.837 -34.5635
      vertex 80 213.133 -37.9505
    endloop
  endfacet
  facet normal -1 0 0
    outer loop
      vertex 80 212 -38
      vertex 80 212 -34.6
      vertex 80 212.837 -34.5635
    endloop
  endfacet
  facet normal -1 0 0
    outer loop
      vertex 80 212 -38
      vertex 80 211.163 -34.5635
      vertex 80 212 -34.6
    endloop
  endfacet
  facet normal -1 0 0
    outer loop
      vertex 80 210.867 -37.9505
      vertex 80 211.163 -34.5635
      vertex 80 212 -38
    endloop
  endfacet
  facet normal -1 0 0
    outer loop
      vertex 80 210.867 -37.9505
      vertex 80 210.333 -34.4542
      vertex 80 211.163 -34.5635
    endloop
  endfacet
  facet normal -1 0 0
    outer loop
      vertex 80 209.743 -37.8025
      vertex 80 210.333 -34.4542
      vertex 80 210.867 -37.9505
    endloop
  endfacet
  facet normal -1 0 0
    outer loop
      vertex 80 209.743 -37.8025
      vertex 80 209.515 -34.2729
      vertex 80 210.333 -34.4542
    endloop
  endfacet
  facet normal -1 0 0
    outer loop
      vertex 80 208.635 -37.557
      vertex 80 209.515 -34.2729
      vertex 80 209.743 -37.8025
    endloop
  endfacet
  facet normal -1 -0 0
    outer loop
      vertex 80 209.515 -34.2729
      vertex 80 208.635 -37.557
      vertex 80 208.717 -34.021
    endloop
  endfacet
  facet normal -1 0 0
    outer loop
      vertex 80 207.554 -37.216
      vertex 80 208.717 -34.021
      vertex 80 208.635 -37.557
    endloop
  endfacet
  facet normal -1 -0 0
    outer loop
      vertex 80 208.717 -34.021
      vertex 80 207.554 -37.216
      vertex 80 207.943 -33.7006
    endloop
  endfacet
  facet normal -1 0 0
    outer loop
      vertex 80 206.506 -36.782
      vertex 80 207.943 -33.7006
      vertex 80 207.554 -37.216
    endloop
  endfacet
  facet normal -1 -0 0
    outer loop
      vertex 80 207.943 -33.7006
      vertex 80 206.506 -36.782
      vertex 80 207.2 -33.3138
    endloop
  endfacet
  facet normal -1 0 0
    outer loop
      vertex 80 205.5 -36.2583
      vertex 80 207.2 -33.3138
      vertex 80 206.506 -36.782
    endloop
  endfacet
  facet normal -1 -0 0
    outer loop
      vertex 80 207.2 -33.3138
      vertex 80 205.5 -36.2583
      vertex 80 206.494 -32.8639
    endloop
  endfacet
  facet normal -1 0 0
    outer loop
      vertex 80 204.544 -35.649
      vertex 80 206.494 -32.8639
      vertex 80 205.5 -36.2583
    endloop
  endfacet
  facet normal -1 -0 0
    outer loop
      vertex 80 206.494 -32.8639
      vertex 80 204.544 -35.649
      vertex 80 205.829 -32.354
    endloop
  endfacet
  facet normal -1 0 0
    outer loop
      vertex 80 203.644 -34.9586
      vertex 80 205.829 -32.354
      vertex 80 204.544 -35.649
    endloop
  endfacet
  facet normal -1 -0 0
    outer loop
      vertex 80 205.829 -32.354
      vertex 80 203.644 -34.9586
      vertex 80 205.212 -31.7882
    endloop
  endfacet
  facet normal -1 0 0
    outer loop
      vertex 80 202.808 -34.1924
      vertex 80 205.212 -31.7882
      vertex 80 203.644 -34.9586
    endloop
  endfacet
  facet normal -1 -0 0
    outer loop
      vertex 80 205.212 -31.7882
      vertex 80 202.808 -34.1924
      vertex 80 204.646 -31.1708
    endloop
  endfacet
  facet normal -1 0 0
    outer loop
      vertex 80 202.041 -33.3562
      vertex 80 204.646 -31.1708
      vertex 80 202.808 -34.1924
    endloop
  endfacet
  facet normal -1 -0 0
    outer loop
      vertex 80 204.646 -31.1708
      vertex 80 202.041 -33.3562
      vertex 80 204.136 -30.5063
    endloop
  endfacet
  facet normal -1 0 0
    outer loop
      vertex 80 201.351 -32.4565
      vertex 80 204.136 -30.5063
      vertex 80 202.041 -33.3562
    endloop
  endfacet
  facet normal -1 -0 0
    outer loop
      vertex 80 204.136 -30.5063
      vertex 80 201.351 -32.4565
      vertex 80 203.686 -29.8
    endloop
  endfacet
  facet normal -1 0 0
    outer loop
      vertex 80 200.742 -31.5
      vertex 80 203.686 -29.8
      vertex 80 201.351 -32.4565
    endloop
  endfacet
  facet normal -1 -0 0
    outer loop
      vertex 80 203.686 -29.8
      vertex 80 200.742 -31.5
      vertex 80 203.299 -29.0571
    endloop
  endfacet
  facet normal -1 0 0
    outer loop
      vertex 80 200.218 -30.494
      vertex 80 203.299 -29.0571
      vertex 80 200.742 -31.5
    endloop
  endfacet
  facet normal -1 0 0
    outer loop
      vertex 80 199.784 -29.4463
      vertex 80 202.979 -28.2834
      vertex 80 200.218 -30.494
    endloop
  endfacet
  facet normal -1 -0 0
    outer loop
      vertex 80 203.299 -29.0571
      vertex 80 200.218 -30.494
      vertex 80 202.979 -28.2834
    endloop
  endfacet
  facet normal -1 -0 0
    outer loop
      vertex 80 224.216 -20.5537
      vertex 80 221.021 -21.7166
      vertex 80 223.782 -19.506
    endloop
  endfacet
  facet normal -1 0 0
    outer loop
      vertex 80 220.701 -20.9429
      vertex 80 223.782 -19.506
      vertex 80 221.021 -21.7166
    endloop
  endfacet
  facet normal -1 -0 0
    outer loop
      vertex 80 223.782 -19.506
      vertex 80 220.701 -20.9429
      vertex 80 223.258 -18.5
    endloop
  endfacet
  facet normal -1 0 0
    outer loop
      vertex 80 220.314 -20.2
      vertex 80 223.258 -18.5
      vertex 80 220.701 -20.9429
    endloop
  endfacet
  facet normal -1 -0 0
    outer loop
      vertex 80 223.258 -18.5
      vertex 80 220.314 -20.2
      vertex 80 222.649 -17.5435
    endloop
  endfacet
  facet normal -1 0 0
    outer loop
      vertex 80 219.864 -19.4937
      vertex 80 222.649 -17.5435
      vertex 80 220.314 -20.2
    endloop
  endfacet
  facet normal -1 -0 0
    outer loop
      vertex 80 222.649 -17.5435
      vertex 80 219.864 -19.4937
      vertex 80 221.959 -16.6438
    endloop
  endfacet
  facet normal -1 0 0
    outer loop
      vertex 80 219.354 -18.8292
      vertex 80 221.959 -16.6438
      vertex 80 219.864 -19.4937
    endloop
  endfacet
  facet normal -1 -0 0
    outer loop
      vertex 80 221.959 -16.6438
      vertex 80 219.354 -18.8292
      vertex 80 221.192 -15.8076
    endloop
  endfacet
  facet normal -1 0 0
    outer loop
      vertex 80 218.788 -18.2118
      vertex 80 221.192 -15.8076
      vertex 80 219.354 -18.8292
    endloop
  endfacet
  facet normal -1 -0 0
    outer loop
      vertex 80 221.192 -15.8076
      vertex 80 218.788 -18.2118
      vertex 80 220.356 -15.0414
    endloop
  endfacet
  facet normal -1 0 0
    outer loop
      vertex 80 218.171 -17.646
      vertex 80 220.356 -15.0414
      vertex 80 218.788 -18.2118
    endloop
  endfacet
  facet normal -1 -0 0
    outer loop
      vertex 80 220.356 -15.0414
      vertex 80 218.171 -17.646
      vertex 80 219.456 -14.351
    endloop
  endfacet
  facet normal -1 0 0
    outer loop
      vertex 80 217.506 -17.1361
      vertex 80 219.456 -14.351
      vertex 80 218.171 -17.646
    endloop
  endfacet
  facet normal -1 -0 0
    outer loop
      vertex 80 219.456 -14.351
      vertex 80 217.506 -17.1361
      vertex 80 218.5 -13.7417
    endloop
  endfacet
  facet normal -1 0 0
    outer loop
      vertex 80 216.8 -16.6862
      vertex 80 218.5 -13.7417
      vertex 80 217.506 -17.1361
    endloop
  endfacet
  facet normal -1 -0 0
    outer loop
      vertex 80 218.5 -13.7417
      vertex 80 216.8 -16.6862
      vertex 80 217.494 -13.218
    endloop
  endfacet
  facet normal -1 0 0
    outer loop
      vertex 80 216.057 -16.2994
      vertex 80 217.494 -13.218
      vertex 80 216.8 -16.6862
    endloop
  endfacet
  facet normal -1 -0 0
    outer loop
      vertex 80 217.494 -13.218
      vertex 80 216.057 -16.2994
      vertex 80 216.446 -12.784
    endloop
  endfacet
  facet normal -1 0 0
    outer loop
      vertex 80 215.283 -15.979
      vertex 80 216.446 -12.784
      vertex 80 216.057 -16.2994
    endloop
  endfacet
  facet normal -1 -0 0
    outer loop
      vertex 80 216.446 -12.784
      vertex 80 215.283 -15.979
      vertex 80 215.365 -12.443
    endloop
  endfacet
  facet normal -1 0 0
    outer loop
      vertex 80 214.485 -15.7271
      vertex 80 215.365 -12.443
      vertex 80 215.283 -15.979
    endloop
  endfacet
  facet normal -1 0 0
    outer loop
      vertex 80 214.485 -15.7271
      vertex 80 214.257 -12.1975
      vertex 80 215.365 -12.443
    endloop
  endfacet
  facet normal -1 0 0
    outer loop
      vertex 80 213.667 -15.5458
      vertex 80 214.257 -12.1975
      vertex 80 214.485 -15.7271
    endloop
  endfacet
  facet normal -1 0 0
    outer loop
      vertex 80 213.667 -15.5458
      vertex 80 213.133 -12.0495
      vertex 80 214.257 -12.1975
    endloop
  endfacet
  facet normal -1 0 0
    outer loop
      vertex 80 212.837 -15.4365
      vertex 80 213.133 -12.0495
      vertex 80 213.667 -15.5458
    endloop
  endfacet
  facet normal -1 0 0
    outer loop
      vertex 80 212 -15.4
      vertex 80 213.133 -12.0495
      vertex 80 212.837 -15.4365
    endloop
  endfacet
  facet normal -1 0 0
    outer loop
      vertex 80 212 -15.4
      vertex 80 212 -12
      vertex 80 213.133 -12.0495
    endloop
  endfacet
  facet normal -1 0 0
    outer loop
      vertex 80 211.163 -15.4365
      vertex 80 212 -12
      vertex 80 212 -15.4
    endloop
  endfacet
  facet normal -1 0 0
    outer loop
      vertex 80 211.163 -15.4365
      vertex 80 210.867 -12.0495
      vertex 80 212 -12
    endloop
  endfacet
  facet normal -1 0 0
    outer loop
      vertex 80 210.333 -15.5458
      vertex 80 210.867 -12.0495
      vertex 80 211.163 -15.4365
    endloop
  endfacet
  facet normal -1 0 0
    outer loop
      vertex 80 210.333 -15.5458
      vertex 80 209.743 -12.1975
      vertex 80 210.867 -12.0495
    endloop
  endfacet
  facet normal -1 0 0
    outer loop
      vertex 80 209.515 -15.7271
      vertex 80 209.743 -12.1975
      vertex 80 210.333 -15.5458
    endloop
  endfacet
  facet normal -1 0 0
    outer loop
      vertex 80 208.635 -12.443
      vertex 80 209.515 -15.7271
      vertex 80 208.717 -15.979
    endloop
  endfacet
  facet normal -1 0 0
    outer loop
      vertex 80 209.515 -15.7271
      vertex 80 208.635 -12.443
      vertex 80 209.743 -12.1975
    endloop
  endfacet
  facet normal -1 0 0
    outer loop
      vertex 80 207.554 -12.784
      vertex 80 208.717 -15.979
      vertex 80 207.943 -16.2994
    endloop
  endfacet
  facet normal -1 0 0
    outer loop
      vertex 80 208.717 -15.979
      vertex 80 207.554 -12.784
      vertex 80 208.635 -12.443
    endloop
  endfacet
  facet normal -1 0 0
    outer loop
      vertex 80 206.506 -13.218
      vertex 80 207.943 -16.2994
      vertex 80 207.2 -16.6862
    endloop
  endfacet
  facet normal -1 0 0
    outer loop
      vertex 80 207.943 -16.2994
      vertex 80 206.506 -13.218
      vertex 80 207.554 -12.784
    endloop
  endfacet
  facet normal -1 0 0
    outer loop
      vertex 80 205.5 -13.7417
      vertex 80 207.2 -16.6862
      vertex 80 206.494 -17.1361
    endloop
  endfacet
  facet normal -1 0 0
    outer loop
      vertex 80 204.544 -14.351
      vertex 80 206.494 -17.1361
      vertex 80 205.829 -17.646
    endloop
  endfacet
  facet normal -1 0 0
    outer loop
      vertex 80 207.2 -16.6862
      vertex 80 205.5 -13.7417
      vertex 80 206.506 -13.218
    endloop
  endfacet
  facet normal -1 0 0
    outer loop
      vertex 80 203.644 -15.0414
      vertex 80 205.829 -17.646
      vertex 80 205.212 -18.2118
    endloop
  endfacet
  facet normal -1 0 0
    outer loop
      vertex 80 202.808 -15.8076
      vertex 80 205.212 -18.2118
      vertex 80 204.646 -18.8292
    endloop
  endfacet
  facet normal -1 0 0
    outer loop
      vertex 80 206.494 -17.1361
      vertex 80 204.544 -14.351
      vertex 80 205.5 -13.7417
    endloop
  endfacet
  facet normal -1 0 0
    outer loop
      vertex 80 202.041 -16.6438
      vertex 80 204.646 -18.8292
      vertex 80 204.136 -19.4937
    endloop
  endfacet
  facet normal -1 0 0
    outer loop
      vertex 80 201.351 -17.5435
      vertex 80 204.136 -19.4937
      vertex 80 203.686 -20.2
    endloop
  endfacet
  facet normal -1 0 0
    outer loop
      vertex 80 205.829 -17.646
      vertex 80 203.644 -15.0414
      vertex 80 204.544 -14.351
    endloop
  endfacet
  facet normal -1 0 0
    outer loop
      vertex 80 200.742 -18.5
      vertex 80 203.686 -20.2
      vertex 80 203.299 -20.9429
    endloop
  endfacet
  facet normal -1 0 0
    outer loop
      vertex 80 200.218 -19.506
      vertex 80 203.299 -20.9429
      vertex 80 202.979 -21.7166
    endloop
  endfacet
  facet normal -1 0 0
    outer loop
      vertex 80 205.212 -18.2118
      vertex 80 202.808 -15.8076
      vertex 80 203.644 -15.0414
    endloop
  endfacet
  facet normal -1 0 0
    outer loop
      vertex 80 199.784 -20.5537
      vertex 80 202.979 -21.7166
      vertex 80 202.727 -22.5153
    endloop
  endfacet
  facet normal -1 0 0
    outer loop
      vertex 80 199.443 -21.6354
      vertex 80 202.727 -22.5153
      vertex 80 202.546 -23.333
    endloop
  endfacet
  facet normal -1 0 0
    outer loop
      vertex 80 199.197 -22.7426
      vertex 80 202.546 -23.333
      vertex 80 202.437 -24.1633
    endloop
  endfacet
  facet normal -1 0 0
    outer loop
      vertex 80 204.646 -18.8292
      vertex 80 202.041 -16.6438
      vertex 80 202.808 -15.8076
    endloop
  endfacet
  facet normal -1 0 0
    outer loop
      vertex 80 199.049 -23.867
      vertex 80 202.437 -24.1633
      vertex 80 202.4 -25
    endloop
  endfacet
  facet normal -1 -0 0
    outer loop
      vertex 80 202.979 -28.2834
      vertex 80 199.784 -29.4463
      vertex 80 202.727 -27.4847
    endloop
  endfacet
  facet normal -1 0 0
    outer loop
      vertex 80 199.443 -28.3646
      vertex 80 202.727 -27.4847
      vertex 80 199.784 -29.4463
    endloop
  endfacet
  facet normal -1 0 0
    outer loop
      vertex 80 204.136 -19.4937
      vertex 80 201.351 -17.5435
      vertex 80 202.041 -16.6438
    endloop
  endfacet
  facet normal -1 -0 0
    outer loop
      vertex 80 202.727 -27.4847
      vertex 80 199.443 -28.3646
      vertex 80 202.546 -26.667
    endloop
  endfacet
  facet normal -1 0 0
    outer loop
      vertex 80 203.686 -20.2
      vertex 80 200.742 -18.5
      vertex 80 201.351 -17.5435
    endloop
  endfacet
  facet normal -1 0 0
    outer loop
      vertex 80 199.197 -27.2574
      vertex 80 202.546 -26.667
      vertex 80 199.443 -28.3646
    endloop
  endfacet
  facet normal -1 0 0
    outer loop
      vertex 80 203.299 -20.9429
      vertex 80 200.218 -19.506
      vertex 80 200.742 -18.5
    endloop
  endfacet
  facet normal -1 -0 0
    outer loop
      vertex 80 202.546 -26.667
      vertex 80 199.197 -27.2574
      vertex 80 202.437 -25.8367
    endloop
  endfacet
  facet normal -1 0 0
    outer loop
      vertex 80 202.979 -21.7166
      vertex 80 199.784 -20.5537
      vertex 80 200.218 -19.506
    endloop
  endfacet
  facet normal -1 0 0
    outer loop
      vertex 80 199.049 -26.133
      vertex 80 202.437 -25.8367
      vertex 80 199.197 -27.2574
    endloop
  endfacet
  facet normal -1 0 0
    outer loop
      vertex 80 202.727 -22.5153
      vertex 80 199.443 -21.6354
      vertex 80 199.784 -20.5537
    endloop
  endfacet
  facet normal -1 -0 0
    outer loop
      vertex 80 202.437 -25.8367
      vertex 80 199.049 -26.133
      vertex 80 202.4 -25
    endloop
  endfacet
  facet normal -1 0 0
    outer loop
      vertex 80 202.546 -23.333
      vertex 80 199.197 -22.7426
      vertex 80 199.443 -21.6354
    endloop
  endfacet
  facet normal -1 0 0
    outer loop
      vertex 80 199 -25
      vertex 80 202.4 -25
      vertex 80 199.049 -26.133
    endloop
  endfacet
  facet normal -1 0 0
    outer loop
      vertex 80 202.437 -24.1633
      vertex 80 199.049 -23.867
      vertex 80 199.197 -22.7426
    endloop
  endfacet
  facet normal -1 0 0
    outer loop
      vertex 80 202.4 -25
      vertex 80 199 -25
      vertex 80 199.049 -23.867
    endloop
  endfacet
  facet normal 0 -0.999066 0.0432076
    outer loop
      vertex 80 199 -25
      vertex 84 199.049 -23.867
      vertex 80 199.049 -23.867
    endloop
  endfacet
  facet normal 0 -0.999066 0.0432076
    outer loop
      vertex 84 199.049 -23.867
      vertex 80 199 -25
      vertex 84 199 -25
    endloop
  endfacet
  facet normal 0 -0.999066 0.0432076
    outer loop
      vertex 88 199 -25
      vertex 90 199.049 -23.867
      vertex 88 199.049 -23.867
    endloop
  endfacet
  facet normal 0 -0.999066 0.0432076
    outer loop
      vertex 90 199.049 -23.867
      vertex 88 199 -25
      vertex 90 199 -25
    endloop
  endfacet
  facet normal 0 -0.793508 0.608559
    outer loop
      vertex 88 201.351 -17.5435
      vertex 90 202.041 -16.6438
      vertex 88 202.041 -16.6438
    endloop
  endfacet
  facet normal 0 -0.793508 0.608559
    outer loop
      vertex 90 202.041 -16.6438
      vertex 88 201.351 -17.5435
      vertex 90 201.351 -17.5435
    endloop
  endfacet
  facet normal 0 -0.793508 0.608559
    outer loop
      vertex 80 201.351 -17.5435
      vertex 84 202.041 -16.6438
      vertex 80 202.041 -16.6438
    endloop
  endfacet
  facet normal 0 -0.793508 0.608559
    outer loop
      vertex 84 202.041 -16.6438
      vertex 80 201.351 -17.5435
      vertex 84 201.351 -17.5435
    endloop
  endfacet
  facet normal 0 -0.216324 0.976322
    outer loop
      vertex 80 209.743 -12.1975
      vertex 84 208.635 -12.443
      vertex 84 209.743 -12.1975
    endloop
  endfacet
  facet normal 0 -0.216324 0.976322
    outer loop
      vertex 84 208.635 -12.443
      vertex 80 209.743 -12.1975
      vertex 80 208.635 -12.443
    endloop
  endfacet
  facet normal 0 -0.216324 0.976322
    outer loop
      vertex 88 209.743 -12.1975
      vertex 90 208.635 -12.443
      vertex 90 209.743 -12.1975
    endloop
  endfacet
  facet normal 0 -0.216324 0.976322
    outer loop
      vertex 90 208.635 -12.443
      vertex 88 209.743 -12.1975
      vertex 88 208.635 -12.443
    endloop
  endfacet
  facet normal 0 0.130546 -0.991442
    outer loop
      vertex 88 213.133 -37.9505
      vertex 90 214.257 -37.8025
      vertex 90 213.133 -37.9505
    endloop
  endfacet
  facet normal 0 0.130546 -0.991442
    outer loop
      vertex 90 214.257 -37.8025
      vertex 88 213.133 -37.9505
      vertex 88 214.257 -37.8025
    endloop
  endfacet
  facet normal 0 0.130546 -0.991442
    outer loop
      vertex 80 213.133 -37.9505
      vertex 84 214.257 -37.8025
      vertex 84 213.133 -37.9505
    endloop
  endfacet
  facet normal 0 0.130546 -0.991442
    outer loop
      vertex 84 214.257 -37.8025
      vertex 80 213.133 -37.9505
      vertex 80 214.257 -37.8025
    endloop
  endfacet
  facet normal 0 0.300836 -0.953676
    outer loop
      vertex 80 215.365 -37.557
      vertex 84 216.446 -37.216
      vertex 84 215.365 -37.557
    endloop
  endfacet
  facet normal 0 0.300836 -0.953676
    outer loop
      vertex 84 216.446 -37.216
      vertex 80 215.365 -37.557
      vertex 80 216.446 -37.216
    endloop
  endfacet
  facet normal 0 0.300836 -0.953676
    outer loop
      vertex 88 215.365 -37.557
      vertex 90 216.446 -37.216
      vertex 90 215.365 -37.557
    endloop
  endfacet
  facet normal 0 0.300836 -0.953676
    outer loop
      vertex 90 216.446 -37.216
      vertex 88 215.365 -37.557
      vertex 88 216.446 -37.216
    endloop
  endfacet
  facet normal 0 0.675661 -0.737213
    outer loop
      vertex 88 220.356 -34.9586
      vertex 90 221.192 -34.1924
      vertex 90 220.356 -34.9586
    endloop
  endfacet
  facet normal 0 0.675661 -0.737213
    outer loop
      vertex 90 221.192 -34.1924
      vertex 88 220.356 -34.9586
      vertex 88 221.192 -34.1924
    endloop
  endfacet
  facet normal 0 0.675661 -0.737213
    outer loop
      vertex 80 220.356 -34.9586
      vertex 84 221.192 -34.1924
      vertex 84 220.356 -34.9586
    endloop
  endfacet
  facet normal 0 0.675661 -0.737213
    outer loop
      vertex 84 221.192 -34.1924
      vertex 80 220.356 -34.9586
      vertex 80 221.192 -34.1924
    endloop
  endfacet
  facet normal 0 0.999066 0.0432076
    outer loop
      vertex 84 225 -25
      vertex 80 224.951 -23.867
      vertex 84 224.951 -23.867
    endloop
  endfacet
  facet normal 0 0.999066 0.0432076
    outer loop
      vertex 80 224.951 -23.867
      vertex 84 225 -25
      vertex 80 225 -25
    endloop
  endfacet
  facet normal 0 0.999066 0.0432076
    outer loop
      vertex 90 225 -25
      vertex 88 224.951 -23.867
      vertex 90 224.951 -23.867
    endloop
  endfacet
  facet normal 0 0.999066 0.0432076
    outer loop
      vertex 88 224.951 -23.867
      vertex 90 225 -25
      vertex 88 225 -25
    endloop
  endfacet
  facet normal 0 0.976195 -0.216893
    outer loop
      vertex 84 224.557 -28.3646
      vertex 80 224.803 -27.2574
      vertex 84 224.803 -27.2574
    endloop
  endfacet
  facet normal 0 0.976195 -0.216893
    outer loop
      vertex 80 224.803 -27.2574
      vertex 84 224.557 -28.3646
      vertex 80 224.557 -28.3646
    endloop
  endfacet
  facet normal 0 0.976195 -0.216893
    outer loop
      vertex 90 224.557 -28.3646
      vertex 88 224.803 -27.2574
      vertex 90 224.803 -27.2574
    endloop
  endfacet
  facet normal 0 0.976195 -0.216893
    outer loop
      vertex 88 224.803 -27.2574
      vertex 90 224.557 -28.3646
      vertex 88 224.557 -28.3646
    endloop
  endfacet
  facet normal 0 -0.0436477 0.999047
    outer loop
      vertex 80 212 -12
      vertex 84 210.867 -12.0495
      vertex 84 212 -12
    endloop
  endfacet
  facet normal 0 -0.0436477 0.999047
    outer loop
      vertex 84 210.867 -12.0495
      vertex 80 212 -12
      vertex 80 210.867 -12.0495
    endloop
  endfacet
  facet normal 0 -0.0436477 0.999047
    outer loop
      vertex 88 212 -12
      vertex 90 210.867 -12.0495
      vertex 90 212 -12
    endloop
  endfacet
  facet normal 0 -0.0436477 0.999047
    outer loop
      vertex 90 210.867 -12.0495
      vertex 88 212 -12
      vertex 88 210.867 -12.0495
    endloop
  endfacet
  facet normal -0 0.216324 0.976322
    outer loop
      vertex 80 215.365 -12.443
      vertex 84 214.257 -12.1975
      vertex 84 215.365 -12.443
    endloop
  endfacet
  facet normal 0 0.216324 0.976322
    outer loop
      vertex 84 214.257 -12.1975
      vertex 80 215.365 -12.443
      vertex 80 214.257 -12.1975
    endloop
  endfacet
  facet normal -0 0.216324 0.976322
    outer loop
      vertex 88 215.365 -12.443
      vertex 90 214.257 -12.1975
      vertex 90 215.365 -12.443
    endloop
  endfacet
  facet normal 0 0.216324 0.976322
    outer loop
      vertex 90 214.257 -12.1975
      vertex 88 215.365 -12.443
      vertex 88 214.257 -12.1975
    endloop
  endfacet
  facet normal -0 0.130546 0.991442
    outer loop
      vertex 80 214.257 -12.1975
      vertex 84 213.133 -12.0495
      vertex 84 214.257 -12.1975
    endloop
  endfacet
  facet normal 0 0.130546 0.991442
    outer loop
      vertex 84 213.133 -12.0495
      vertex 80 214.257 -12.1975
      vertex 80 213.133 -12.0495
    endloop
  endfacet
  facet normal -0 0.130546 0.991442
    outer loop
      vertex 88 214.257 -12.1975
      vertex 90 213.133 -12.0495
      vertex 90 214.257 -12.1975
    endloop
  endfacet
  facet normal 0 0.130546 0.991442
    outer loop
      vertex 90 213.133 -12.0495
      vertex 88 214.257 -12.1975
      vertex 88 213.133 -12.0495
    endloop
  endfacet
  facet normal -0 0.537463 0.843287
    outer loop
      vertex 80 219.456 -14.351
      vertex 84 218.5 -13.7417
      vertex 84 219.456 -14.351
    endloop
  endfacet
  facet normal 0 0.537463 0.843287
    outer loop
      vertex 84 218.5 -13.7417
      vertex 80 219.456 -14.351
      vertex 80 218.5 -13.7417
    endloop
  endfacet
  facet normal -0 0.537463 0.843287
    outer loop
      vertex 88 219.456 -14.351
      vertex 90 218.5 -13.7417
      vertex 90 219.456 -14.351
    endloop
  endfacet
  facet normal 0 0.537463 0.843287
    outer loop
      vertex 90 218.5 -13.7417
      vertex 88 219.456 -14.351
      vertex 88 218.5 -13.7417
    endloop
  endfacet
  facet normal 0 0.953732 0.300659
    outer loop
      vertex 84 224.557 -21.6354
      vertex 80 224.216 -20.5537
      vertex 84 224.216 -20.5537
    endloop
  endfacet
  facet normal 0 0.953732 0.300659
    outer loop
      vertex 80 224.216 -20.5537
      vertex 84 224.557 -21.6354
      vertex 80 224.557 -21.6354
    endloop
  endfacet
  facet normal 0 0.953732 0.300659
    outer loop
      vertex 90 224.557 -21.6354
      vertex 88 224.216 -20.5537
      vertex 90 224.216 -20.5537
    endloop
  endfacet
  facet normal 0 0.953732 0.300659
    outer loop
      vertex 88 224.216 -20.5537
      vertex 90 224.557 -21.6354
      vertex 88 224.557 -21.6354
    endloop
  endfacet
  facet normal 0 0.991448 0.1305
    outer loop
      vertex 90 224.951 -23.867
      vertex 88 224.803 -22.7426
      vertex 90 224.803 -22.7426
    endloop
  endfacet
  facet normal 0 0.991448 0.1305
    outer loop
      vertex 88 224.803 -22.7426
      vertex 90 224.951 -23.867
      vertex 88 224.951 -23.867
    endloop
  endfacet
  facet normal 0 0.991448 0.1305
    outer loop
      vertex 84 224.951 -23.867
      vertex 80 224.803 -22.7426
      vertex 84 224.803 -22.7426
    endloop
  endfacet
  facet normal 0 0.991448 0.1305
    outer loop
      vertex 80 224.803 -22.7426
      vertex 84 224.951 -23.867
      vertex 80 224.951 -23.867
    endloop
  endfacet
  facet normal 0 0.843534 0.537075
    outer loop
      vertex 84 223.258 -18.5
      vertex 80 222.649 -17.5435
      vertex 84 222.649 -17.5435
    endloop
  endfacet
  facet normal 0 0.843534 0.537075
    outer loop
      vertex 80 222.649 -17.5435
      vertex 84 223.258 -18.5
      vertex 80 223.258 -18.5
    endloop
  endfacet
  facet normal 0 0.843534 0.537075
    outer loop
      vertex 90 223.258 -18.5
      vertex 88 222.649 -17.5435
      vertex 90 222.649 -17.5435
    endloop
  endfacet
  facet normal 0 0.843534 0.537075
    outer loop
      vertex 88 222.649 -17.5435
      vertex 90 223.258 -18.5
      vertex 88 223.258 -18.5
    endloop
  endfacet
  facet normal 0 0.886899 0.461963
    outer loop
      vertex 84 223.782 -19.506
      vertex 80 223.258 -18.5
      vertex 84 223.258 -18.5
    endloop
  endfacet
  facet normal 0 0.886899 0.461963
    outer loop
      vertex 80 223.258 -18.5
      vertex 84 223.782 -19.506
      vertex 80 223.782 -19.506
    endloop
  endfacet
  facet normal 0 0.886899 0.461963
    outer loop
      vertex 90 223.782 -19.506
      vertex 88 223.258 -18.5
      vertex 90 223.258 -18.5
    endloop
  endfacet
  facet normal 0 0.886899 0.461963
    outer loop
      vertex 88 223.258 -18.5
      vertex 90 223.782 -19.506
      vertex 88 223.782 -19.506
    endloop
  endfacet
  facet normal -0 0.675661 0.737213
    outer loop
      vertex 88 221.192 -15.8076
      vertex 90 220.356 -15.0414
      vertex 90 221.192 -15.8076
    endloop
  endfacet
  facet normal 0 0.675661 0.737213
    outer loop
      vertex 90 220.356 -15.0414
      vertex 88 221.192 -15.8076
      vertex 88 220.356 -15.0414
    endloop
  endfacet
  facet normal -0 0.675661 0.737213
    outer loop
      vertex 80 221.192 -15.8076
      vertex 84 220.356 -15.0414
      vertex 84 221.192 -15.8076
    endloop
  endfacet
  facet normal 0 0.675661 0.737213
    outer loop
      vertex 84 220.356 -15.0414
      vertex 80 221.192 -15.8076
      vertex 80 220.356 -15.0414
    endloop
  endfacet
  facet normal 0 0.0436477 -0.999047
    outer loop
      vertex 88 212 -38
      vertex 90 213.133 -37.9505
      vertex 90 212 -38
    endloop
  endfacet
  facet normal 0 0.0436477 -0.999047
    outer loop
      vertex 90 213.133 -37.9505
      vertex 88 212 -38
      vertex 88 213.133 -37.9505
    endloop
  endfacet
  facet normal 0 0.0436477 -0.999047
    outer loop
      vertex 80 212 -38
      vertex 84 213.133 -37.9505
      vertex 84 212 -38
    endloop
  endfacet
  facet normal 0 0.0436477 -0.999047
    outer loop
      vertex 84 213.133 -37.9505
      vertex 80 212 -38
      vertex 80 213.133 -37.9505
    endloop
  endfacet
  facet normal 0 -0.216324 -0.976322
    outer loop
      vertex 88 208.635 -37.557
      vertex 90 209.743 -37.8025
      vertex 90 208.635 -37.557
    endloop
  endfacet
  facet normal -0 -0.216324 -0.976322
    outer loop
      vertex 90 209.743 -37.8025
      vertex 88 208.635 -37.557
      vertex 88 209.743 -37.8025
    endloop
  endfacet
  facet normal 0 -0.216324 -0.976322
    outer loop
      vertex 80 208.635 -37.557
      vertex 84 209.743 -37.8025
      vertex 84 208.635 -37.557
    endloop
  endfacet
  facet normal -0 -0.216324 -0.976322
    outer loop
      vertex 84 209.743 -37.8025
      vertex 80 208.635 -37.557
      vertex 80 209.743 -37.8025
    endloop
  endfacet
  facet normal 0 -0.991448 -0.1305
    outer loop
      vertex 80 199.197 -27.2574
      vertex 84 199.049 -26.133
      vertex 80 199.049 -26.133
    endloop
  endfacet
  facet normal 0 -0.991448 -0.1305
    outer loop
      vertex 84 199.049 -26.133
      vertex 80 199.197 -27.2574
      vertex 84 199.197 -27.2574
    endloop
  endfacet
  facet normal 0 -0.991448 -0.1305
    outer loop
      vertex 88 199.197 -27.2574
      vertex 90 199.049 -26.133
      vertex 88 199.049 -26.133
    endloop
  endfacet
  facet normal 0 -0.991448 -0.1305
    outer loop
      vertex 90 199.049 -26.133
      vertex 88 199.197 -27.2574
      vertex 90 199.197 -27.2574
    endloop
  endfacet
  facet normal 0 -0.953732 -0.300659
    outer loop
      vertex 88 199.784 -29.4463
      vertex 90 199.443 -28.3646
      vertex 88 199.443 -28.3646
    endloop
  endfacet
  facet normal 0 -0.953732 -0.300659
    outer loop
      vertex 90 199.443 -28.3646
      vertex 88 199.784 -29.4463
      vertex 90 199.784 -29.4463
    endloop
  endfacet
  facet normal 0 -0.953732 -0.300659
    outer loop
      vertex 80 199.784 -29.4463
      vertex 84 199.443 -28.3646
      vertex 80 199.443 -28.3646
    endloop
  endfacet
  facet normal 0 -0.953732 -0.300659
    outer loop
      vertex 84 199.443 -28.3646
      vertex 80 199.784 -29.4463
      vertex 84 199.784 -29.4463
    endloop
  endfacet
  facet normal 0 -0.675661 -0.737213
    outer loop
      vertex 88 202.808 -34.1924
      vertex 90 203.644 -34.9586
      vertex 90 202.808 -34.1924
    endloop
  endfacet
  facet normal -0 -0.675661 -0.737213
    outer loop
      vertex 90 203.644 -34.9586
      vertex 88 202.808 -34.1924
      vertex 88 203.644 -34.9586
    endloop
  endfacet
  facet normal 0 -0.675661 -0.737213
    outer loop
      vertex 80 202.808 -34.1924
      vertex 84 203.644 -34.9586
      vertex 84 202.808 -34.1924
    endloop
  endfacet
  facet normal -0 -0.675661 -0.737213
    outer loop
      vertex 84 203.644 -34.9586
      vertex 80 202.808 -34.1924
      vertex 80 203.644 -34.9586
    endloop
  endfacet
  facet normal 0 -0.736942 -0.675956
    outer loop
      vertex 80 202.808 -34.1924
      vertex 84 202.041 -33.3562
      vertex 80 202.041 -33.3562
    endloop
  endfacet
  facet normal 0 -0.736942 -0.675956
    outer loop
      vertex 84 202.041 -33.3562
      vertex 80 202.808 -34.1924
      vertex 84 202.808 -34.1924
    endloop
  endfacet
  facet normal 0 -0.736942 -0.675956
    outer loop
      vertex 88 202.808 -34.1924
      vertex 90 202.041 -33.3562
      vertex 88 202.041 -33.3562
    endloop
  endfacet
  facet normal 0 -0.736942 -0.675956
    outer loop
      vertex 90 202.041 -33.3562
      vertex 88 202.808 -34.1924
      vertex 90 202.808 -34.1924
    endloop
  endfacet
  facet normal 0 -0.843534 -0.537075
    outer loop
      vertex 80 201.351 -32.4565
      vertex 84 200.742 -31.5
      vertex 80 200.742 -31.5
    endloop
  endfacet
  facet normal 0 -0.843534 -0.537075
    outer loop
      vertex 84 200.742 -31.5
      vertex 80 201.351 -32.4565
      vertex 84 201.351 -32.4565
    endloop
  endfacet
  facet normal 0 -0.843534 -0.537075
    outer loop
      vertex 88 201.351 -32.4565
      vertex 90 200.742 -31.5
      vertex 88 200.742 -31.5
    endloop
  endfacet
  facet normal 0 -0.843534 -0.537075
    outer loop
      vertex 90 200.742 -31.5
      vertex 88 201.351 -32.4565
      vertex 90 201.351 -32.4565
    endloop
  endfacet
  facet normal 0 -0.999066 -0.0432076
    outer loop
      vertex 80 199.049 -26.133
      vertex 84 199 -25
      vertex 80 199 -25
    endloop
  endfacet
  facet normal 0 -0.999066 -0.0432076
    outer loop
      vertex 84 199 -25
      vertex 80 199.049 -26.133
      vertex 84 199.049 -26.133
    endloop
  endfacet
  facet normal 0 -0.999066 -0.0432076
    outer loop
      vertex 88 199.049 -26.133
      vertex 90 199 -25
      vertex 88 199 -25
    endloop
  endfacet
  facet normal 0 -0.999066 -0.0432076
    outer loop
      vertex 90 199 -25
      vertex 88 199.049 -26.133
      vertex 90 199.049 -26.133
    endloop
  endfacet
  facet normal 1 0 0
    outer loop
      vertex 90 215.175 -25
      vertex 90 225 -25
      vertex 90 224.951 -23.867
    endloop
  endfacet
  facet normal 1 0 0
    outer loop
      vertex 90 215.163 -24.7233
      vertex 90 224.951 -23.867
      vertex 90 224.803 -22.7426
    endloop
  endfacet
  facet normal 1 0 0
    outer loop
      vertex 90 225 -25
      vertex 90 215.175 -25
      vertex 90 224.951 -26.133
    endloop
  endfacet
  facet normal 1 0 0
    outer loop
      vertex 90 215.127 -24.4487
      vertex 90 224.803 -22.7426
      vertex 90 224.557 -21.6354
    endloop
  endfacet
  facet normal 1 -0 0
    outer loop
      vertex 90 215.163 -25.2767
      vertex 90 224.951 -26.133
      vertex 90 215.175 -25
    endloop
  endfacet
  facet normal 1 0 0
    outer loop
      vertex 90 215.067 -24.1782
      vertex 90 224.557 -21.6354
      vertex 90 224.216 -20.5537
    endloop
  endfacet
  facet normal 1 0 0
    outer loop
      vertex 90 224.951 -26.133
      vertex 90 215.163 -25.2767
      vertex 90 224.803 -27.2574
    endloop
  endfacet
  facet normal 1 0 0
    outer loop
      vertex 90 214.984 -23.9141
      vertex 90 224.216 -20.5537
      vertex 90 223.782 -19.506
    endloop
  endfacet
  facet normal 1 -0 0
    outer loop
      vertex 90 215.127 -25.5513
      vertex 90 224.803 -27.2574
      vertex 90 215.163 -25.2767
    endloop
  endfacet
  facet normal 1 0 0
    outer loop
      vertex 90 214.878 -23.6582
      vertex 90 223.782 -19.506
      vertex 90 223.258 -18.5
    endloop
  endfacet
  facet normal 1 0 0
    outer loop
      vertex 90 224.803 -27.2574
      vertex 90 215.127 -25.5513
      vertex 90 224.557 -28.3646
    endloop
  endfacet
  facet normal 1 0 0
    outer loop
      vertex 90 214.75 -23.4125
      vertex 90 223.258 -18.5
      vertex 90 222.649 -17.5435
    endloop
  endfacet
  facet normal 1 -0 0
    outer loop
      vertex 90 215.067 -25.8218
      vertex 90 224.557 -28.3646
      vertex 90 215.127 -25.5513
    endloop
  endfacet
  facet normal 1 0 0
    outer loop
      vertex 90 214.601 -23.1789
      vertex 90 222.649 -17.5435
      vertex 90 221.959 -16.6438
    endloop
  endfacet
  facet normal 1 0 0
    outer loop
      vertex 90 224.557 -28.3646
      vertex 90 215.067 -25.8218
      vertex 90 224.216 -29.4463
    endloop
  endfacet
  facet normal 1 0 0
    outer loop
      vertex 90 214.432 -22.9591
      vertex 90 221.959 -16.6438
      vertex 90 221.192 -15.8076
    endloop
  endfacet
  facet normal 1 -0 0
    outer loop
      vertex 90 214.984 -26.0859
      vertex 90 224.216 -29.4463
      vertex 90 215.067 -25.8218
    endloop
  endfacet
  facet normal 1 0 0
    outer loop
      vertex 90 214.245 -22.7549
      vertex 90 221.192 -15.8076
      vertex 90 220.356 -15.0414
    endloop
  endfacet
  facet normal 1 0 0
    outer loop
      vertex 90 224.216 -29.4463
      vertex 90 214.984 -26.0859
      vertex 90 223.782 -30.494
    endloop
  endfacet
  facet normal 1 0 0
    outer loop
      vertex 90 214.041 -22.5678
      vertex 90 220.356 -15.0414
      vertex 90 219.456 -14.351
    endloop
  endfacet
  facet normal 1 -0 0
    outer loop
      vertex 90 214.878 -26.3418
      vertex 90 223.782 -30.494
      vertex 90 214.984 -26.0859
    endloop
  endfacet
  facet normal 1 0 0
    outer loop
      vertex 90 213.821 -22.3992
      vertex 90 219.456 -14.351
      vertex 90 218.5 -13.7417
    endloop
  endfacet
  facet normal 1 0 0
    outer loop
      vertex 90 223.782 -30.494
      vertex 90 214.878 -26.3418
      vertex 90 223.258 -31.5
    endloop
  endfacet
  facet normal 1 0 0
    outer loop
      vertex 90 213.587 -22.2504
      vertex 90 218.5 -13.7417
      vertex 90 217.494 -13.218
    endloop
  endfacet
  facet normal 1 -0 0
    outer loop
      vertex 90 214.75 -26.5875
      vertex 90 223.258 -31.5
      vertex 90 214.878 -26.3418
    endloop
  endfacet
  facet normal 1 0 0
    outer loop
      vertex 90 213.342 -22.1225
      vertex 90 217.494 -13.218
      vertex 90 216.446 -12.784
    endloop
  endfacet
  facet normal 1 0 0
    outer loop
      vertex 90 223.258 -31.5
      vertex 90 214.75 -26.5875
      vertex 90 222.649 -32.4565
    endloop
  endfacet
  facet normal 1 0 0
    outer loop
      vertex 90 213.086 -22.0165
      vertex 90 216.446 -12.784
      vertex 90 215.365 -12.443
    endloop
  endfacet
  facet normal 1 -0 0
    outer loop
      vertex 90 214.601 -26.8211
      vertex 90 222.649 -32.4565
      vertex 90 214.75 -26.5875
    endloop
  endfacet
  facet normal 1 0 0
    outer loop
      vertex 90 222.649 -32.4565
      vertex 90 214.601 -26.8211
      vertex 90 221.959 -33.3562
    endloop
  endfacet
  facet normal 1 0 0
    outer loop
      vertex 90 224.951 -23.867
      vertex 90 215.163 -24.7233
      vertex 90 215.175 -25
    endloop
  endfacet
  facet normal 1 0 0
    outer loop
      vertex 90 224.803 -22.7426
      vertex 90 215.127 -24.4487
      vertex 90 215.163 -24.7233
    endloop
  endfacet
  facet normal 1 0 0
    outer loop
      vertex 90 224.557 -21.6354
      vertex 90 215.067 -24.1782
      vertex 90 215.127 -24.4487
    endloop
  endfacet
  facet normal 1 0 0
    outer loop
      vertex 90 224.216 -20.5537
      vertex 90 214.984 -23.9141
      vertex 90 215.067 -24.1782
    endloop
  endfacet
  facet normal 1 0 0
    outer loop
      vertex 90 223.782 -19.506
      vertex 90 214.878 -23.6582
      vertex 90 214.984 -23.9141
    endloop
  endfacet
  facet normal 1 0 0
    outer loop
      vertex 90 223.258 -18.5
      vertex 90 214.75 -23.4125
      vertex 90 214.878 -23.6582
    endloop
  endfacet
  facet normal 1 0 0
    outer loop
      vertex 90 222.649 -17.5435
      vertex 90 214.601 -23.1789
      vertex 90 214.75 -23.4125
    endloop
  endfacet
  facet normal 1 0 0
    outer loop
      vertex 90 221.959 -16.6438
      vertex 90 214.432 -22.9591
      vertex 90 214.601 -23.1789
    endloop
  endfacet
  facet normal 1 0 0
    outer loop
      vertex 90 212.822 -21.9332
      vertex 90 215.365 -12.443
      vertex 90 214.257 -12.1975
    endloop
  endfacet
  facet normal 1 0 0
    outer loop
      vertex 90 221.192 -15.8076
      vertex 90 214.245 -22.7549
      vertex 90 214.432 -22.9591
    endloop
  endfacet
  facet normal 1 0 0
    outer loop
      vertex 90 220.356 -15.0414
      vertex 90 214.041 -22.5678
      vertex 90 214.245 -22.7549
    endloop
  endfacet
  facet normal 1 0 0
    outer loop
      vertex 90 219.456 -14.351
      vertex 90 213.821 -22.3992
      vertex 90 214.041 -22.5678
    endloop
  endfacet
  facet normal 1 0 0
    outer loop
      vertex 90 218.5 -13.7417
      vertex 90 213.587 -22.2504
      vertex 90 213.821 -22.3992
    endloop
  endfacet
  facet normal 1 0 0
    outer loop
      vertex 90 217.494 -13.218
      vertex 90 213.342 -22.1225
      vertex 90 213.587 -22.2504
    endloop
  endfacet
  facet normal 1 0 0
    outer loop
      vertex 90 212.551 -21.8732
      vertex 90 214.257 -12.1975
      vertex 90 213.133 -12.0495
    endloop
  endfacet
  facet normal 1 0 0
    outer loop
      vertex 90 216.446 -12.784
      vertex 90 213.086 -22.0165
      vertex 90 213.342 -22.1225
    endloop
  endfacet
  facet normal 1 0 0
    outer loop
      vertex 90 215.365 -12.443
      vertex 90 212.822 -21.9332
      vertex 90 213.086 -22.0165
    endloop
  endfacet
  facet normal 1 0 0
    outer loop
      vertex 90 214.257 -12.1975
      vertex 90 212.551 -21.8732
      vertex 90 212.822 -21.9332
    endloop
  endfacet
  facet normal 1 0 0
    outer loop
      vertex 90 213.133 -12.0495
      vertex 90 212.277 -21.8371
      vertex 90 212.551 -21.8732
    endloop
  endfacet
  facet normal 1 0 0
    outer loop
      vertex 90 212 -12
      vertex 90 212.277 -21.8371
      vertex 90 213.133 -12.0495
    endloop
  endfacet
  facet normal 1 0 0
    outer loop
      vertex 90 212 -12
      vertex 90 212 -21.825
      vertex 90 212.277 -21.8371
    endloop
  endfacet
  facet normal 1 0 0
    outer loop
      vertex 90 212 -12
      vertex 90 211.723 -21.8371
      vertex 90 212 -21.825
    endloop
  endfacet
  facet normal 1 -0 0
    outer loop
      vertex 90 210.867 -12.0495
      vertex 90 211.723 -21.8371
      vertex 90 212 -12
    endloop
  endfacet
  facet normal 1 0 0
    outer loop
      vertex 90 211.723 -21.8371
      vertex 90 210.867 -12.0495
      vertex 90 211.449 -21.8732
    endloop
  endfacet
  facet normal 1 -0 0
    outer loop
      vertex 90 209.743 -12.1975
      vertex 90 211.449 -21.8732
      vertex 90 210.867 -12.0495
    endloop
  endfacet
  facet normal 1 0 0
    outer loop
      vertex 90 211.449 -21.8732
      vertex 90 209.743 -12.1975
      vertex 90 211.178 -21.9332
    endloop
  endfacet
  facet normal 1 -0 0
    outer loop
      vertex 90 208.635 -12.443
      vertex 90 211.178 -21.9332
      vertex 90 209.743 -12.1975
    endloop
  endfacet
  facet normal 1 0 0
    outer loop
      vertex 90 211.178 -21.9332
      vertex 90 208.635 -12.443
      vertex 90 210.914 -22.0165
    endloop
  endfacet
  facet normal 1 -0 0
    outer loop
      vertex 90 207.554 -12.784
      vertex 90 210.914 -22.0165
      vertex 90 208.635 -12.443
    endloop
  endfacet
  facet normal 1 0 0
    outer loop
      vertex 90 210.914 -22.0165
      vertex 90 207.554 -12.784
      vertex 90 210.658 -22.1225
    endloop
  endfacet
  facet normal 1 -0 0
    outer loop
      vertex 90 206.506 -13.218
      vertex 90 210.658 -22.1225
      vertex 90 207.554 -12.784
    endloop
  endfacet
  facet normal 1 0 0
    outer loop
      vertex 90 210.658 -22.1225
      vertex 90 206.506 -13.218
      vertex 90 210.413 -22.2504
    endloop
  endfacet
  facet normal 1 -0 0
    outer loop
      vertex 90 205.5 -13.7417
      vertex 90 210.413 -22.2504
      vertex 90 206.506 -13.218
    endloop
  endfacet
  facet normal 1 0 0
    outer loop
      vertex 90 210.413 -22.2504
      vertex 90 205.5 -13.7417
      vertex 90 210.179 -22.3992
    endloop
  endfacet
  facet normal 1 -0 0
    outer loop
      vertex 90 204.544 -14.351
      vertex 90 210.179 -22.3992
      vertex 90 205.5 -13.7417
    endloop
  endfacet
  facet normal 1 0 0
    outer loop
      vertex 90 210.179 -22.3992
      vertex 90 204.544 -14.351
      vertex 90 209.959 -22.5678
    endloop
  endfacet
  facet normal 1 -0 0
    outer loop
      vertex 90 203.644 -15.0414
      vertex 90 209.959 -22.5678
      vertex 90 204.544 -14.351
    endloop
  endfacet
  facet normal 1 0 0
    outer loop
      vertex 90 209.959 -22.5678
      vertex 90 203.644 -15.0414
      vertex 90 209.755 -22.7549
    endloop
  endfacet
  facet normal 1 -0 0
    outer loop
      vertex 90 202.808 -15.8076
      vertex 90 209.755 -22.7549
      vertex 90 203.644 -15.0414
    endloop
  endfacet
  facet normal 1 0 0
    outer loop
      vertex 90 209.755 -22.7549
      vertex 90 202.808 -15.8076
      vertex 90 209.568 -22.9591
    endloop
  endfacet
  facet normal 1 0 0
    outer loop
      vertex 90 209.568 -22.9591
      vertex 90 202.041 -16.6438
      vertex 90 209.399 -23.1789
    endloop
  endfacet
  facet normal 1 -0 0
    outer loop
      vertex 90 202.041 -16.6438
      vertex 90 209.568 -22.9591
      vertex 90 202.808 -15.8076
    endloop
  endfacet
  facet normal 1 -0 0
    outer loop
      vertex 90 214.432 -27.0409
      vertex 90 221.959 -33.3562
      vertex 90 214.601 -26.8211
    endloop
  endfacet
  facet normal 1 0 0
    outer loop
      vertex 90 221.959 -33.3562
      vertex 90 214.432 -27.0409
      vertex 90 221.192 -34.1924
    endloop
  endfacet
  facet normal 1 -0 0
    outer loop
      vertex 90 214.245 -27.2451
      vertex 90 221.192 -34.1924
      vertex 90 214.432 -27.0409
    endloop
  endfacet
  facet normal 1 0 0
    outer loop
      vertex 90 221.192 -34.1924
      vertex 90 214.245 -27.2451
      vertex 90 220.356 -34.9586
    endloop
  endfacet
  facet normal 1 -0 0
    outer loop
      vertex 90 214.041 -27.4322
      vertex 90 220.356 -34.9586
      vertex 90 214.245 -27.2451
    endloop
  endfacet
  facet normal 1 0 0
    outer loop
      vertex 90 220.356 -34.9586
      vertex 90 214.041 -27.4322
      vertex 90 219.456 -35.649
    endloop
  endfacet
  facet normal 1 -0 0
    outer loop
      vertex 90 213.821 -27.6008
      vertex 90 219.456 -35.649
      vertex 90 214.041 -27.4322
    endloop
  endfacet
  facet normal 1 0 0
    outer loop
      vertex 90 219.456 -35.649
      vertex 90 213.821 -27.6008
      vertex 90 218.5 -36.2583
    endloop
  endfacet
  facet normal 1 -0 0
    outer loop
      vertex 90 213.587 -27.7496
      vertex 90 218.5 -36.2583
      vertex 90 213.821 -27.6008
    endloop
  endfacet
  facet normal 1 0 0
    outer loop
      vertex 90 218.5 -36.2583
      vertex 90 213.587 -27.7496
      vertex 90 217.494 -36.782
    endloop
  endfacet
  facet normal 1 -0 0
    outer loop
      vertex 90 213.342 -27.8775
      vertex 90 217.494 -36.782
      vertex 90 213.587 -27.7496
    endloop
  endfacet
  facet normal 1 0 0
    outer loop
      vertex 90 217.494 -36.782
      vertex 90 213.342 -27.8775
      vertex 90 216.446 -37.216
    endloop
  endfacet
  facet normal 1 -0 0
    outer loop
      vertex 90 213.086 -27.9835
      vertex 90 216.446 -37.216
      vertex 90 213.342 -27.8775
    endloop
  endfacet
  facet normal 1 0 0
    outer loop
      vertex 90 216.446 -37.216
      vertex 90 213.086 -27.9835
      vertex 90 215.365 -37.557
    endloop
  endfacet
  facet normal 1 -0 0
    outer loop
      vertex 90 212.822 -28.0668
      vertex 90 215.365 -37.557
      vertex 90 213.086 -27.9835
    endloop
  endfacet
  facet normal 1 0 0
    outer loop
      vertex 90 215.365 -37.557
      vertex 90 212.822 -28.0668
      vertex 90 214.257 -37.8025
    endloop
  endfacet
  facet normal 1 -0 0
    outer loop
      vertex 90 212.551 -28.1268
      vertex 90 214.257 -37.8025
      vertex 90 212.822 -28.0668
    endloop
  endfacet
  facet normal 1 0 0
    outer loop
      vertex 90 214.257 -37.8025
      vertex 90 212.551 -28.1268
      vertex 90 213.133 -37.9505
    endloop
  endfacet
  facet normal 1 -0 0
    outer loop
      vertex 90 212.277 -28.1629
      vertex 90 213.133 -37.9505
      vertex 90 212.551 -28.1268
    endloop
  endfacet
  facet normal 1 -0 0
    outer loop
      vertex 90 212 -28.175
      vertex 90 213.133 -37.9505
      vertex 90 212.277 -28.1629
    endloop
  endfacet
  facet normal 1 0 0
    outer loop
      vertex 90 212 -28.175
      vertex 90 212 -38
      vertex 90 213.133 -37.9505
    endloop
  endfacet
  facet normal 1 0 0
    outer loop
      vertex 90 211.723 -28.1629
      vertex 90 212 -38
      vertex 90 212 -28.175
    endloop
  endfacet
  facet normal 1 0 0
    outer loop
      vertex 90 210.867 -37.9505
      vertex 90 211.723 -28.1629
      vertex 90 211.449 -28.1268
    endloop
  endfacet
  facet normal 1 0 0
    outer loop
      vertex 90 209.743 -37.8025
      vertex 90 211.449 -28.1268
      vertex 90 211.178 -28.0668
    endloop
  endfacet
  facet normal 1 0 0
    outer loop
      vertex 90 208.635 -37.557
      vertex 90 211.178 -28.0668
      vertex 90 210.914 -27.9835
    endloop
  endfacet
  facet normal 1 0 0
    outer loop
      vertex 90 211.723 -28.1629
      vertex 90 210.867 -37.9505
      vertex 90 212 -38
    endloop
  endfacet
  facet normal 1 0 0
    outer loop
      vertex 90 207.554 -37.216
      vertex 90 210.914 -27.9835
      vertex 90 210.658 -27.8775
    endloop
  endfacet
  facet normal 1 0 0
    outer loop
      vertex 90 206.506 -36.782
      vertex 90 210.658 -27.8775
      vertex 90 210.413 -27.7496
    endloop
  endfacet
  facet normal 1 0 0
    outer loop
      vertex 90 205.5 -36.2583
      vertex 90 210.413 -27.7496
      vertex 90 210.179 -27.6008
    endloop
  endfacet
  facet normal 1 0 0
    outer loop
      vertex 90 204.544 -35.649
      vertex 90 210.179 -27.6008
      vertex 90 209.959 -27.4322
    endloop
  endfacet
  facet normal 1 0 0
    outer loop
      vertex 90 203.644 -34.9586
      vertex 90 209.959 -27.4322
      vertex 90 209.755 -27.2451
    endloop
  endfacet
  facet normal 1 0 0
    outer loop
      vertex 90 211.449 -28.1268
      vertex 90 209.743 -37.8025
      vertex 90 210.867 -37.9505
    endloop
  endfacet
  facet normal 1 0 0
    outer loop
      vertex 90 202.808 -34.1924
      vertex 90 209.755 -27.2451
      vertex 90 209.568 -27.0409
    endloop
  endfacet
  facet normal 1 0 0
    outer loop
      vertex 90 202.041 -33.3562
      vertex 90 209.568 -27.0409
      vertex 90 209.399 -26.8211
    endloop
  endfacet
  facet normal 1 0 0
    outer loop
      vertex 90 201.351 -32.4565
      vertex 90 209.399 -26.8211
      vertex 90 209.25 -26.5875
    endloop
  endfacet
  facet normal 1 0 0
    outer loop
      vertex 90 200.742 -31.5
      vertex 90 209.25 -26.5875
      vertex 90 209.122 -26.3418
    endloop
  endfacet
  facet normal 1 0 0
    outer loop
      vertex 90 200.218 -30.494
      vertex 90 209.122 -26.3418
      vertex 90 209.016 -26.0859
    endloop
  endfacet
  facet normal 1 0 0
    outer loop
      vertex 90 199.784 -29.4463
      vertex 90 209.016 -26.0859
      vertex 90 208.933 -25.8218
    endloop
  endfacet
  facet normal 1 0 0
    outer loop
      vertex 90 199.443 -28.3646
      vertex 90 208.933 -25.8218
      vertex 90 208.873 -25.5513
    endloop
  endfacet
  facet normal 1 0 0
    outer loop
      vertex 90 199.197 -27.2574
      vertex 90 208.873 -25.5513
      vertex 90 208.837 -25.2767
    endloop
  endfacet
  facet normal 1 0 0
    outer loop
      vertex 90 211.178 -28.0668
      vertex 90 208.635 -37.557
      vertex 90 209.743 -37.8025
    endloop
  endfacet
  facet normal 1 0 0
    outer loop
      vertex 90 199.049 -26.133
      vertex 90 208.837 -25.2767
      vertex 90 208.825 -25
    endloop
  endfacet
  facet normal 1 -0 0
    outer loop
      vertex 90 201.351 -17.5435
      vertex 90 209.399 -23.1789
      vertex 90 202.041 -16.6438
    endloop
  endfacet
  facet normal 1 0 0
    outer loop
      vertex 90 209.399 -23.1789
      vertex 90 201.351 -17.5435
      vertex 90 209.25 -23.4125
    endloop
  endfacet
  facet normal 1 0 0
    outer loop
      vertex 90 210.914 -27.9835
      vertex 90 207.554 -37.216
      vertex 90 208.635 -37.557
    endloop
  endfacet
  facet normal 1 -0 0
    outer loop
      vertex 90 200.742 -18.5
      vertex 90 209.25 -23.4125
      vertex 90 201.351 -17.5435
    endloop
  endfacet
  facet normal 1 0 0
    outer loop
      vertex 90 210.658 -27.8775
      vertex 90 206.506 -36.782
      vertex 90 207.554 -37.216
    endloop
  endfacet
  facet normal 1 0 0
    outer loop
      vertex 90 209.25 -23.4125
      vertex 90 200.742 -18.5
      vertex 90 209.122 -23.6582
    endloop
  endfacet
  facet normal 1 0 0
    outer loop
      vertex 90 210.413 -27.7496
      vertex 90 205.5 -36.2583
      vertex 90 206.506 -36.782
    endloop
  endfacet
  facet normal 1 -0 0
    outer loop
      vertex 90 200.218 -19.506
      vertex 90 209.122 -23.6582
      vertex 90 200.742 -18.5
    endloop
  endfacet
  facet normal 1 0 0
    outer loop
      vertex 90 210.179 -27.6008
      vertex 90 204.544 -35.649
      vertex 90 205.5 -36.2583
    endloop
  endfacet
  facet normal 1 0 0
    outer loop
      vertex 90 209.122 -23.6582
      vertex 90 200.218 -19.506
      vertex 90 209.016 -23.9141
    endloop
  endfacet
  facet normal 1 0 0
    outer loop
      vertex 90 209.959 -27.4322
      vertex 90 203.644 -34.9586
      vertex 90 204.544 -35.649
    endloop
  endfacet
  facet normal 1 -0 0
    outer loop
      vertex 90 199.784 -20.5537
      vertex 90 209.016 -23.9141
      vertex 90 200.218 -19.506
    endloop
  endfacet
  facet normal 1 0 0
    outer loop
      vertex 90 209.755 -27.2451
      vertex 90 202.808 -34.1924
      vertex 90 203.644 -34.9586
    endloop
  endfacet
  facet normal 1 0 0
    outer loop
      vertex 90 209.016 -23.9141
      vertex 90 199.784 -20.5537
      vertex 90 208.933 -24.1782
    endloop
  endfacet
  facet normal 1 0 0
    outer loop
      vertex 90 209.568 -27.0409
      vertex 90 202.041 -33.3562
      vertex 90 202.808 -34.1924
    endloop
  endfacet
  facet normal 1 -0 0
    outer loop
      vertex 90 199.443 -21.6354
      vertex 90 208.933 -24.1782
      vertex 90 199.784 -20.5537
    endloop
  endfacet
  facet normal 1 0 0
    outer loop
      vertex 90 209.399 -26.8211
      vertex 90 201.351 -32.4565
      vertex 90 202.041 -33.3562
    endloop
  endfacet
  facet normal 1 0 0
    outer loop
      vertex 90 208.933 -24.1782
      vertex 90 199.443 -21.6354
      vertex 90 208.873 -24.4487
    endloop
  endfacet
  facet normal 1 0 0
    outer loop
      vertex 90 209.25 -26.5875
      vertex 90 200.742 -31.5
      vertex 90 201.351 -32.4565
    endloop
  endfacet
  facet normal 1 -0 0
    outer loop
      vertex 90 199.197 -22.7426
      vertex 90 208.873 -24.4487
      vertex 90 199.443 -21.6354
    endloop
  endfacet
  facet normal 1 0 0
    outer loop
      vertex 90 209.122 -26.3418
      vertex 90 200.218 -30.494
      vertex 90 200.742 -31.5
    endloop
  endfacet
  facet normal 1 0 0
    outer loop
      vertex 90 208.873 -24.4487
      vertex 90 199.197 -22.7426
      vertex 90 208.837 -24.7233
    endloop
  endfacet
  facet normal 1 0 0
    outer loop
      vertex 90 209.016 -26.0859
      vertex 90 199.784 -29.4463
      vertex 90 200.218 -30.494
    endloop
  endfacet
  facet normal 1 -0 0
    outer loop
      vertex 90 199.049 -23.867
      vertex 90 208.837 -24.7233
      vertex 90 199.197 -22.7426
    endloop
  endfacet
  facet normal 1 0 0
    outer loop
      vertex 90 208.933 -25.8218
      vertex 90 199.443 -28.3646
      vertex 90 199.784 -29.4463
    endloop
  endfacet
  facet normal 1 0 0
    outer loop
      vertex 90 208.837 -24.7233
      vertex 90 199.049 -23.867
      vertex 90 208.825 -25
    endloop
  endfacet
  facet normal 1 0 0
    outer loop
      vertex 90 208.873 -25.5513
      vertex 90 199.197 -27.2574
      vertex 90 199.443 -28.3646
    endloop
  endfacet
  facet normal 1 0 0
    outer loop
      vertex 90 199 -25
      vertex 90 208.825 -25
      vertex 90 199.049 -23.867
    endloop
  endfacet
  facet normal 1 0 0
    outer loop
      vertex 90 208.837 -25.2767
      vertex 90 199.049 -26.133
      vertex 90 199.197 -27.2574
    endloop
  endfacet
  facet normal 1 0 0
    outer loop
      vertex 90 208.825 -25
      vertex 90 199 -25
      vertex 90 199.049 -26.133
    endloop
  endfacet
  facet normal 0 -0.976195 0.216893
    outer loop
      vertex 80 199.197 -22.7426
      vertex 84 199.443 -21.6354
      vertex 80 199.443 -21.6354
    endloop
  endfacet
  facet normal 0 -0.976195 0.216893
    outer loop
      vertex 84 199.443 -21.6354
      vertex 80 199.197 -22.7426
      vertex 84 199.197 -22.7426
    endloop
  endfacet
  facet normal 0 -0.976195 0.216893
    outer loop
      vertex 88 199.197 -22.7426
      vertex 90 199.443 -21.6354
      vertex 88 199.443 -21.6354
    endloop
  endfacet
  facet normal 0 -0.976195 0.216893
    outer loop
      vertex 90 199.443 -21.6354
      vertex 88 199.197 -22.7426
      vertex 90 199.197 -22.7426
    endloop
  endfacet
  facet normal 0 -0.991448 0.1305
    outer loop
      vertex 80 199.049 -23.867
      vertex 84 199.197 -22.7426
      vertex 80 199.197 -22.7426
    endloop
  endfacet
  facet normal 0 -0.991448 0.1305
    outer loop
      vertex 84 199.197 -22.7426
      vertex 80 199.049 -23.867
      vertex 84 199.049 -23.867
    endloop
  endfacet
  facet normal 0 -0.991448 0.1305
    outer loop
      vertex 88 199.049 -23.867
      vertex 90 199.197 -22.7426
      vertex 88 199.197 -22.7426
    endloop
  endfacet
  facet normal 0 -0.991448 0.1305
    outer loop
      vertex 90 199.197 -22.7426
      vertex 88 199.049 -23.867
      vertex 90 199.049 -23.867
    endloop
  endfacet
  facet normal 0 -0.923871 0.382705
    outer loop
      vertex 80 199.784 -20.5537
      vertex 84 200.218 -19.506
      vertex 80 200.218 -19.506
    endloop
  endfacet
  facet normal 0 -0.923871 0.382705
    outer loop
      vertex 84 200.218 -19.506
      vertex 80 199.784 -20.5537
      vertex 84 199.784 -20.5537
    endloop
  endfacet
  facet normal 0 -0.923871 0.382705
    outer loop
      vertex 88 199.784 -20.5537
      vertex 90 200.218 -19.506
      vertex 88 200.218 -19.506
    endloop
  endfacet
  facet normal 0 -0.923871 0.382705
    outer loop
      vertex 90 200.218 -19.506
      vertex 88 199.784 -20.5537
      vertex 90 199.784 -20.5537
    endloop
  endfacet
  facet normal 0 -0.886899 0.461963
    outer loop
      vertex 80 200.218 -19.506
      vertex 84 200.742 -18.5
      vertex 80 200.742 -18.5
    endloop
  endfacet
  facet normal 0 -0.886899 0.461963
    outer loop
      vertex 84 200.742 -18.5
      vertex 80 200.218 -19.506
      vertex 84 200.218 -19.506
    endloop
  endfacet
  facet normal 0 -0.886899 0.461963
    outer loop
      vertex 88 200.218 -19.506
      vertex 90 200.742 -18.5
      vertex 88 200.742 -18.5
    endloop
  endfacet
  facet normal 0 -0.886899 0.461963
    outer loop
      vertex 90 200.742 -18.5
      vertex 88 200.218 -19.506
      vertex 90 200.218 -19.506
    endloop
  endfacet
  facet normal 0 -0.300836 0.953676
    outer loop
      vertex 80 208.635 -12.443
      vertex 84 207.554 -12.784
      vertex 84 208.635 -12.443
    endloop
  endfacet
  facet normal 0 -0.300836 0.953676
    outer loop
      vertex 84 207.554 -12.784
      vertex 80 208.635 -12.443
      vertex 80 207.554 -12.784
    endloop
  endfacet
  facet normal 0 -0.300836 0.953676
    outer loop
      vertex 88 208.635 -12.443
      vertex 90 207.554 -12.784
      vertex 90 208.635 -12.443
    endloop
  endfacet
  facet normal 0 -0.300836 0.953676
    outer loop
      vertex 90 207.554 -12.784
      vertex 88 208.635 -12.443
      vertex 88 207.554 -12.784
    endloop
  endfacet
  facet normal 0 -0.130546 0.991442
    outer loop
      vertex 80 210.867 -12.0495
      vertex 84 209.743 -12.1975
      vertex 84 210.867 -12.0495
    endloop
  endfacet
  facet normal 0 -0.130546 0.991442
    outer loop
      vertex 84 209.743 -12.1975
      vertex 80 210.867 -12.0495
      vertex 80 209.743 -12.1975
    endloop
  endfacet
  facet normal 0 -0.130546 0.991442
    outer loop
      vertex 88 210.867 -12.0495
      vertex 90 209.743 -12.1975
      vertex 90 210.867 -12.0495
    endloop
  endfacet
  facet normal 0 -0.130546 0.991442
    outer loop
      vertex 90 209.743 -12.1975
      vertex 88 210.867 -12.0495
      vertex 88 209.743 -12.1975
    endloop
  endfacet
  facet normal 0 -0.537463 0.843287
    outer loop
      vertex 88 205.5 -13.7417
      vertex 90 204.544 -14.351
      vertex 90 205.5 -13.7417
    endloop
  endfacet
  facet normal 0 -0.537463 0.843287
    outer loop
      vertex 90 204.544 -14.351
      vertex 88 205.5 -13.7417
      vertex 88 204.544 -14.351
    endloop
  endfacet
  facet normal 0 -0.537463 0.843287
    outer loop
      vertex 80 205.5 -13.7417
      vertex 84 204.544 -14.351
      vertex 84 205.5 -13.7417
    endloop
  endfacet
  facet normal 0 -0.537463 0.843287
    outer loop
      vertex 84 204.544 -14.351
      vertex 80 205.5 -13.7417
      vertex 80 204.544 -14.351
    endloop
  endfacet
  facet normal 0 -0.608654 0.793436
    outer loop
      vertex 80 204.544 -14.351
      vertex 84 203.644 -15.0414
      vertex 84 204.544 -14.351
    endloop
  endfacet
  facet normal 0 -0.608654 0.793436
    outer loop
      vertex 84 203.644 -15.0414
      vertex 80 204.544 -14.351
      vertex 80 203.644 -15.0414
    endloop
  endfacet
  facet normal 0 -0.608654 0.793436
    outer loop
      vertex 88 204.544 -14.351
      vertex 90 203.644 -15.0414
      vertex 90 204.544 -14.351
    endloop
  endfacet
  facet normal 0 -0.608654 0.793436
    outer loop
      vertex 90 203.644 -15.0414
      vertex 88 204.544 -14.351
      vertex 88 203.644 -15.0414
    endloop
  endfacet
  facet normal 0 -0.461755 0.887007
    outer loop
      vertex 80 206.506 -13.218
      vertex 84 205.5 -13.7417
      vertex 84 206.506 -13.218
    endloop
  endfacet
  facet normal 0 -0.461755 0.887007
    outer loop
      vertex 84 205.5 -13.7417
      vertex 80 206.506 -13.218
      vertex 80 205.5 -13.7417
    endloop
  endfacet
  facet normal 0 -0.461755 0.887007
    outer loop
      vertex 88 206.506 -13.218
      vertex 90 205.5 -13.7417
      vertex 90 206.506 -13.218
    endloop
  endfacet
  facet normal 0 -0.461755 0.887007
    outer loop
      vertex 90 205.5 -13.7417
      vertex 88 206.506 -13.218
      vertex 88 205.5 -13.7417
    endloop
  endfacet
  facet normal 0 -0.736942 0.675956
    outer loop
      vertex 88 202.041 -16.6438
      vertex 90 202.808 -15.8076
      vertex 88 202.808 -15.8076
    endloop
  endfacet
  facet normal 0 -0.736942 0.675956
    outer loop
      vertex 90 202.808 -15.8076
      vertex 88 202.041 -16.6438
      vertex 90 202.041 -16.6438
    endloop
  endfacet
  facet normal 0 -0.736942 0.675956
    outer loop
      vertex 80 202.041 -16.6438
      vertex 84 202.808 -15.8076
      vertex 80 202.808 -15.8076
    endloop
  endfacet
  facet normal 0 -0.736942 0.675956
    outer loop
      vertex 84 202.808 -15.8076
      vertex 80 202.041 -16.6438
      vertex 84 202.041 -16.6438
    endloop
  endfacet
  facet normal 0 0.216324 -0.976322
    outer loop
      vertex 80 214.257 -37.8025
      vertex 84 215.365 -37.557
      vertex 84 214.257 -37.8025
    endloop
  endfacet
  facet normal 0 0.216324 -0.976322
    outer loop
      vertex 84 215.365 -37.557
      vertex 80 214.257 -37.8025
      vertex 80 215.365 -37.557
    endloop
  endfacet
  facet normal 0 0.216324 -0.976322
    outer loop
      vertex 88 214.257 -37.8025
      vertex 90 215.365 -37.557
      vertex 90 214.257 -37.8025
    endloop
  endfacet
  facet normal 0 0.216324 -0.976322
    outer loop
      vertex 90 215.365 -37.557
      vertex 88 214.257 -37.8025
      vertex 88 215.365 -37.557
    endloop
  endfacet
  facet normal 0 0.461755 -0.887007
    outer loop
      vertex 88 217.494 -36.782
      vertex 90 218.5 -36.2583
      vertex 90 217.494 -36.782
    endloop
  endfacet
  facet normal 0 0.461755 -0.887007
    outer loop
      vertex 90 218.5 -36.2583
      vertex 88 217.494 -36.782
      vertex 88 218.5 -36.2583
    endloop
  endfacet
  facet normal 0 0.461755 -0.887007
    outer loop
      vertex 80 217.494 -36.782
      vertex 84 218.5 -36.2583
      vertex 84 217.494 -36.782
    endloop
  endfacet
  facet normal 0 0.461755 -0.887007
    outer loop
      vertex 84 218.5 -36.2583
      vertex 80 217.494 -36.782
      vertex 80 218.5 -36.2583
    endloop
  endfacet
  facet normal 0 0.382611 -0.923909
    outer loop
      vertex 80 216.446 -37.216
      vertex 84 217.494 -36.782
      vertex 84 216.446 -37.216
    endloop
  endfacet
  facet normal 0 0.382611 -0.923909
    outer loop
      vertex 84 217.494 -36.782
      vertex 80 216.446 -37.216
      vertex 80 217.494 -36.782
    endloop
  endfacet
  facet normal 0 0.382611 -0.923909
    outer loop
      vertex 88 216.446 -37.216
      vertex 90 217.494 -36.782
      vertex 90 216.446 -37.216
    endloop
  endfacet
  facet normal 0 0.382611 -0.923909
    outer loop
      vertex 90 217.494 -36.782
      vertex 88 216.446 -37.216
      vertex 88 217.494 -36.782
    endloop
  endfacet
  facet normal 0 0.608654 -0.793436
    outer loop
      vertex 88 219.456 -35.649
      vertex 90 220.356 -34.9586
      vertex 90 219.456 -35.649
    endloop
  endfacet
  facet normal 0 0.608654 -0.793436
    outer loop
      vertex 90 220.356 -34.9586
      vertex 88 219.456 -35.649
      vertex 88 220.356 -34.9586
    endloop
  endfacet
  facet normal 0 0.608654 -0.793436
    outer loop
      vertex 80 219.456 -35.649
      vertex 84 220.356 -34.9586
      vertex 84 219.456 -35.649
    endloop
  endfacet
  facet normal 0 0.608654 -0.793436
    outer loop
      vertex 84 220.356 -34.9586
      vertex 80 219.456 -35.649
      vertex 80 220.356 -34.9586
    endloop
  endfacet
  facet normal 0 0.736942 -0.675956
    outer loop
      vertex 90 221.192 -34.1924
      vertex 88 221.959 -33.3562
      vertex 90 221.959 -33.3562
    endloop
  endfacet
  facet normal 0 0.736942 -0.675956
    outer loop
      vertex 88 221.959 -33.3562
      vertex 90 221.192 -34.1924
      vertex 88 221.192 -34.1924
    endloop
  endfacet
  facet normal 0 0.736942 -0.675956
    outer loop
      vertex 84 221.192 -34.1924
      vertex 80 221.959 -33.3562
      vertex 84 221.959 -33.3562
    endloop
  endfacet
  facet normal 0 0.736942 -0.675956
    outer loop
      vertex 80 221.959 -33.3562
      vertex 84 221.192 -34.1924
      vertex 80 221.192 -34.1924
    endloop
  endfacet
  facet normal 0 0.843534 -0.537075
    outer loop
      vertex 84 222.649 -32.4565
      vertex 80 223.258 -31.5
      vertex 84 223.258 -31.5
    endloop
  endfacet
  facet normal 0 0.843534 -0.537075
    outer loop
      vertex 80 223.258 -31.5
      vertex 84 222.649 -32.4565
      vertex 80 222.649 -32.4565
    endloop
  endfacet
  facet normal 0 0.843534 -0.537075
    outer loop
      vertex 90 222.649 -32.4565
      vertex 88 223.258 -31.5
      vertex 90 223.258 -31.5
    endloop
  endfacet
  facet normal 0 0.843534 -0.537075
    outer loop
      vertex 88 223.258 -31.5
      vertex 90 222.649 -32.4565
      vertex 88 222.649 -32.4565
    endloop
  endfacet
  facet normal 0 0.923871 -0.382705
    outer loop
      vertex 90 223.782 -30.494
      vertex 88 224.216 -29.4463
      vertex 90 224.216 -29.4463
    endloop
  endfacet
  facet normal 0 0.923871 -0.382705
    outer loop
      vertex 88 224.216 -29.4463
      vertex 90 223.782 -30.494
      vertex 88 223.782 -30.494
    endloop
  endfacet
  facet normal 0 0.923871 -0.382705
    outer loop
      vertex 84 223.782 -30.494
      vertex 80 224.216 -29.4463
      vertex 84 224.216 -29.4463
    endloop
  endfacet
  facet normal 0 0.923871 -0.382705
    outer loop
      vertex 80 224.216 -29.4463
      vertex 84 223.782 -30.494
      vertex 80 223.782 -30.494
    endloop
  endfacet
  facet normal 0 0.953732 -0.300659
    outer loop
      vertex 84 224.216 -29.4463
      vertex 80 224.557 -28.3646
      vertex 84 224.557 -28.3646
    endloop
  endfacet
  facet normal 0 0.953732 -0.300659
    outer loop
      vertex 80 224.557 -28.3646
      vertex 84 224.216 -29.4463
      vertex 80 224.216 -29.4463
    endloop
  endfacet
  facet normal 0 0.953732 -0.300659
    outer loop
      vertex 90 224.216 -29.4463
      vertex 88 224.557 -28.3646
      vertex 90 224.557 -28.3646
    endloop
  endfacet
  facet normal 0 0.953732 -0.300659
    outer loop
      vertex 88 224.557 -28.3646
      vertex 90 224.216 -29.4463
      vertex 88 224.216 -29.4463
    endloop
  endfacet
  facet normal 0 0.886899 -0.461963
    outer loop
      vertex 84 223.258 -31.5
      vertex 80 223.782 -30.494
      vertex 84 223.782 -30.494
    endloop
  endfacet
  facet normal 0 0.886899 -0.461963
    outer loop
      vertex 80 223.782 -30.494
      vertex 84 223.258 -31.5
      vertex 80 223.258 -31.5
    endloop
  endfacet
  facet normal 0 0.886899 -0.461963
    outer loop
      vertex 90 223.258 -31.5
      vertex 88 223.782 -30.494
      vertex 90 223.782 -30.494
    endloop
  endfacet
  facet normal 0 0.886899 -0.461963
    outer loop
      vertex 88 223.782 -30.494
      vertex 90 223.258 -31.5
      vertex 88 223.258 -31.5
    endloop
  endfacet
  facet normal 0 0.991448 -0.1305
    outer loop
      vertex 84 224.803 -27.2574
      vertex 80 224.951 -26.133
      vertex 84 224.951 -26.133
    endloop
  endfacet
  facet normal 0 0.991448 -0.1305
    outer loop
      vertex 80 224.951 -26.133
      vertex 84 224.803 -27.2574
      vertex 80 224.803 -27.2574
    endloop
  endfacet
  facet normal 0 0.991448 -0.1305
    outer loop
      vertex 90 224.803 -27.2574
      vertex 88 224.951 -26.133
      vertex 90 224.951 -26.133
    endloop
  endfacet
  facet normal 0 0.991448 -0.1305
    outer loop
      vertex 88 224.951 -26.133
      vertex 90 224.803 -27.2574
      vertex 88 224.803 -27.2574
    endloop
  endfacet
  facet normal -0 0.382611 0.923909
    outer loop
      vertex 88 217.494 -13.218
      vertex 90 216.446 -12.784
      vertex 90 217.494 -13.218
    endloop
  endfacet
  facet normal 0 0.382611 0.923909
    outer loop
      vertex 90 216.446 -12.784
      vertex 88 217.494 -13.218
      vertex 88 216.446 -12.784
    endloop
  endfacet
  facet normal -0 0.382611 0.923909
    outer loop
      vertex 80 217.494 -13.218
      vertex 84 216.446 -12.784
      vertex 84 217.494 -13.218
    endloop
  endfacet
  facet normal 0 0.382611 0.923909
    outer loop
      vertex 84 216.446 -12.784
      vertex 80 217.494 -13.218
      vertex 80 216.446 -12.784
    endloop
  endfacet
  facet normal 0 0.736942 0.675956
    outer loop
      vertex 84 221.959 -16.6438
      vertex 80 221.192 -15.8076
      vertex 84 221.192 -15.8076
    endloop
  endfacet
  facet normal 0 0.736942 0.675956
    outer loop
      vertex 80 221.192 -15.8076
      vertex 84 221.959 -16.6438
      vertex 80 221.959 -16.6438
    endloop
  endfacet
  facet normal 0 0.736942 0.675956
    outer loop
      vertex 90 221.959 -16.6438
      vertex 88 221.192 -15.8076
      vertex 90 221.192 -15.8076
    endloop
  endfacet
  facet normal 0 0.736942 0.675956
    outer loop
      vertex 88 221.192 -15.8076
      vertex 90 221.959 -16.6438
      vertex 88 221.959 -16.6438
    endloop
  endfacet
  facet normal 0 0.793508 0.608559
    outer loop
      vertex 84 222.649 -17.5435
      vertex 80 221.959 -16.6438
      vertex 84 221.959 -16.6438
    endloop
  endfacet
  facet normal 0 0.793508 0.608559
    outer loop
      vertex 80 221.959 -16.6438
      vertex 84 222.649 -17.5435
      vertex 80 222.649 -17.5435
    endloop
  endfacet
  facet normal 0 0.793508 0.608559
    outer loop
      vertex 90 222.649 -17.5435
      vertex 88 221.959 -16.6438
      vertex 90 221.959 -16.6438
    endloop
  endfacet
  facet normal 0 0.793508 0.608559
    outer loop
      vertex 88 221.959 -16.6438
      vertex 90 222.649 -17.5435
      vertex 88 222.649 -17.5435
    endloop
  endfacet
  facet normal 0 -0.130546 -0.991442
    outer loop
      vertex 80 209.743 -37.8025
      vertex 84 210.867 -37.9505
      vertex 84 209.743 -37.8025
    endloop
  endfacet
  facet normal -0 -0.130546 -0.991442
    outer loop
      vertex 84 210.867 -37.9505
      vertex 80 209.743 -37.8025
      vertex 80 210.867 -37.9505
    endloop
  endfacet
  facet normal 0 -0.130546 -0.991442
    outer loop
      vertex 88 209.743 -37.8025
      vertex 90 210.867 -37.9505
      vertex 90 209.743 -37.8025
    endloop
  endfacet
  facet normal -0 -0.130546 -0.991442
    outer loop
      vertex 90 210.867 -37.9505
      vertex 88 209.743 -37.8025
      vertex 88 210.867 -37.9505
    endloop
  endfacet
  facet normal 0 -0.461755 -0.887007
    outer loop
      vertex 88 205.5 -36.2583
      vertex 90 206.506 -36.782
      vertex 90 205.5 -36.2583
    endloop
  endfacet
  facet normal -0 -0.461755 -0.887007
    outer loop
      vertex 90 206.506 -36.782
      vertex 88 205.5 -36.2583
      vertex 88 206.506 -36.782
    endloop
  endfacet
  facet normal 0 -0.461755 -0.887007
    outer loop
      vertex 80 205.5 -36.2583
      vertex 84 206.506 -36.782
      vertex 84 205.5 -36.2583
    endloop
  endfacet
  facet normal -0 -0.461755 -0.887007
    outer loop
      vertex 84 206.506 -36.782
      vertex 80 205.5 -36.2583
      vertex 80 206.506 -36.782
    endloop
  endfacet
  facet normal 0 -0.976195 -0.216893
    outer loop
      vertex 88 199.443 -28.3646
      vertex 90 199.197 -27.2574
      vertex 88 199.197 -27.2574
    endloop
  endfacet
  facet normal 0 -0.976195 -0.216893
    outer loop
      vertex 90 199.197 -27.2574
      vertex 88 199.443 -28.3646
      vertex 90 199.443 -28.3646
    endloop
  endfacet
  facet normal 0 -0.976195 -0.216893
    outer loop
      vertex 80 199.443 -28.3646
      vertex 84 199.197 -27.2574
      vertex 80 199.197 -27.2574
    endloop
  endfacet
  facet normal 0 -0.976195 -0.216893
    outer loop
      vertex 84 199.197 -27.2574
      vertex 80 199.443 -28.3646
      vertex 84 199.443 -28.3646
    endloop
  endfacet
  facet normal 0 -0.923871 -0.382705
    outer loop
      vertex 80 200.218 -30.494
      vertex 84 199.784 -29.4463
      vertex 80 199.784 -29.4463
    endloop
  endfacet
  facet normal 0 -0.923871 -0.382705
    outer loop
      vertex 84 199.784 -29.4463
      vertex 80 200.218 -30.494
      vertex 84 200.218 -30.494
    endloop
  endfacet
  facet normal 0 -0.923871 -0.382705
    outer loop
      vertex 88 200.218 -30.494
      vertex 90 199.784 -29.4463
      vertex 88 199.784 -29.4463
    endloop
  endfacet
  facet normal 0 -0.923871 -0.382705
    outer loop
      vertex 90 199.784 -29.4463
      vertex 88 200.218 -30.494
      vertex 90 200.218 -30.494
    endloop
  endfacet
  facet normal 0 -0.793508 -0.608559
    outer loop
      vertex 80 202.041 -33.3562
      vertex 84 201.351 -32.4565
      vertex 80 201.351 -32.4565
    endloop
  endfacet
  facet normal 0 -0.793508 -0.608559
    outer loop
      vertex 84 201.351 -32.4565
      vertex 80 202.041 -33.3562
      vertex 84 202.041 -33.3562
    endloop
  endfacet
  facet normal 0 -0.793508 -0.608559
    outer loop
      vertex 88 202.041 -33.3562
      vertex 90 201.351 -32.4565
      vertex 88 201.351 -32.4565
    endloop
  endfacet
  facet normal 0 -0.793508 -0.608559
    outer loop
      vertex 90 201.351 -32.4565
      vertex 88 202.041 -33.3562
      vertex 90 202.041 -33.3562
    endloop
  endfacet
  facet normal 0 -0.843534 0.537075
    outer loop
      vertex 88 200.742 -18.5
      vertex 90 201.351 -17.5435
      vertex 88 201.351 -17.5435
    endloop
  endfacet
  facet normal 0 -0.843534 0.537075
    outer loop
      vertex 90 201.351 -17.5435
      vertex 88 200.742 -18.5
      vertex 90 200.742 -18.5
    endloop
  endfacet
  facet normal 0 -0.843534 0.537075
    outer loop
      vertex 80 200.742 -18.5
      vertex 84 201.351 -17.5435
      vertex 80 201.351 -17.5435
    endloop
  endfacet
  facet normal 0 -0.843534 0.537075
    outer loop
      vertex 84 201.351 -17.5435
      vertex 80 200.742 -18.5
      vertex 84 200.742 -18.5
    endloop
  endfacet
  facet normal 0 -0.675661 0.737213
    outer loop
      vertex 88 203.644 -15.0414
      vertex 90 202.808 -15.8076
      vertex 90 203.644 -15.0414
    endloop
  endfacet
  facet normal 0 -0.675661 0.737213
    outer loop
      vertex 90 202.808 -15.8076
      vertex 88 203.644 -15.0414
      vertex 88 202.808 -15.8076
    endloop
  endfacet
  facet normal 0 -0.675661 0.737213
    outer loop
      vertex 80 203.644 -15.0414
      vertex 84 202.808 -15.8076
      vertex 84 203.644 -15.0414
    endloop
  endfacet
  facet normal 0 -0.675661 0.737213
    outer loop
      vertex 84 202.808 -15.8076
      vertex 80 203.644 -15.0414
      vertex 80 202.808 -15.8076
    endloop
  endfacet
  facet normal -0 0.461755 0.887007
    outer loop
      vertex 80 218.5 -13.7417
      vertex 84 217.494 -13.218
      vertex 84 218.5 -13.7417
    endloop
  endfacet
  facet normal 0 0.461755 0.887007
    outer loop
      vertex 84 217.494 -13.218
      vertex 80 218.5 -13.7417
      vertex 80 217.494 -13.218
    endloop
  endfacet
  facet normal -0 0.461755 0.887007
    outer loop
      vertex 88 218.5 -13.7417
      vertex 90 217.494 -13.218
      vertex 90 218.5 -13.7417
    endloop
  endfacet
  facet normal 0 0.461755 0.887007
    outer loop
      vertex 90 217.494 -13.218
      vertex 88 218.5 -13.7417
      vertex 88 217.494 -13.218
    endloop
  endfacet
  facet normal 0 -0.382611 -0.923909
    outer loop
      vertex 88 206.506 -36.782
      vertex 90 207.554 -37.216
      vertex 90 206.506 -36.782
    endloop
  endfacet
  facet normal -0 -0.382611 -0.923909
    outer loop
      vertex 90 207.554 -37.216
      vertex 88 206.506 -36.782
      vertex 88 207.554 -37.216
    endloop
  endfacet
  facet normal 0 -0.382611 -0.923909
    outer loop
      vertex 80 206.506 -36.782
      vertex 84 207.554 -37.216
      vertex 84 206.506 -36.782
    endloop
  endfacet
  facet normal -0 -0.382611 -0.923909
    outer loop
      vertex 84 207.554 -37.216
      vertex 80 206.506 -36.782
      vertex 80 207.554 -37.216
    endloop
  endfacet
  facet normal 0 -0.537463 -0.843287
    outer loop
      vertex 88 204.544 -35.649
      vertex 90 205.5 -36.2583
      vertex 90 204.544 -35.649
    endloop
  endfacet
  facet normal -0 -0.537463 -0.843287
    outer loop
      vertex 90 205.5 -36.2583
      vertex 88 204.544 -35.649
      vertex 88 205.5 -36.2583
    endloop
  endfacet
  facet normal 0 -0.537463 -0.843287
    outer loop
      vertex 80 204.544 -35.649
      vertex 84 205.5 -36.2583
      vertex 84 204.544 -35.649
    endloop
  endfacet
  facet normal -0 -0.537463 -0.843287
    outer loop
      vertex 84 205.5 -36.2583
      vertex 80 204.544 -35.649
      vertex 80 205.5 -36.2583
    endloop
  endfacet
  facet normal 0 -0.608654 -0.793436
    outer loop
      vertex 88 203.644 -34.9586
      vertex 90 204.544 -35.649
      vertex 90 203.644 -34.9586
    endloop
  endfacet
  facet normal -0 -0.608654 -0.793436
    outer loop
      vertex 90 204.544 -35.649
      vertex 88 203.644 -34.9586
      vertex 88 204.544 -35.649
    endloop
  endfacet
  facet normal 0 -0.608654 -0.793436
    outer loop
      vertex 80 203.644 -34.9586
      vertex 84 204.544 -35.649
      vertex 84 203.644 -34.9586
    endloop
  endfacet
  facet normal -0 -0.608654 -0.793436
    outer loop
      vertex 84 204.544 -35.649
      vertex 80 203.644 -34.9586
      vertex 80 204.544 -35.649
    endloop
  endfacet
  facet normal 0 0.058722 -0.998274
    outer loop
      vertex 104.365 160 -66
      vertex 149 202.5 -63.5
      vertex 146 160 -66
    endloop
  endfacet
  facet normal -4.18905e-06 0.0587207 -0.998274
    outer loop
      vertex 91 202.5 -63.5
      vertex 104.365 160 -66
      vertex 95.6 165.584 -65.6715
    endloop
  endfacet
  facet normal 0 0.058722 -0.998274
    outer loop
      vertex 104.365 160 -66
      vertex 91 202.5 -63.5
      vertex 149 202.5 -63.5
    endloop
  endfacet
  facet normal 3.8015e-06 0.0587217 -0.998274
    outer loop
      vertex 80.8046 173.286 -65.2185
      vertex 91 202.5 -63.5
      vertex 95.6 165.584 -65.6715
    endloop
  endfacet
  facet normal -5.83474e-06 0.0587251 -0.998274
    outer loop
      vertex 91 202.5 -63.5
      vertex 80.8046 173.286 -65.2185
      vertex 74.183 176.029 -65.0571
    endloop
  endfacet
  facet normal 0 -0.0399675 0.999201
    outer loop
      vertex 148.723 174.038 -56.6385
      vertex 116.56 140 -58
      vertex 146 140 -58
    endloop
  endfacet
  facet normal 2.18329e-06 -0.0399695 0.999201
    outer loop
      vertex 148.723 174.038 -56.6385
      vertex 104.506 149.249 -57.63
      vertex 116.56 140 -58
    endloop
  endfacet
  facet normal 0 -0.0399656 0.999201
    outer loop
      vertex 88.5074 174.038 -56.6385
      vertex 104.506 149.249 -57.63
      vertex 148.723 174.038 -56.6385
    endloop
  endfacet
  facet normal -2.44646e-06 -0.0399672 0.999201
    outer loop
      vertex 104.506 149.249 -57.63
      vertex 88.5074 174.038 -56.6385
      vertex 91.1 157.79 -57.2884
    endloop
  endfacet
  facet normal -3.49495e-06 -0.0399674 0.999201
    outer loop
      vertex 91.1 157.79 -57.2884
      vertex 88.5074 174.038 -56.6385
      vertex 80.7049 163.201 -57.072
    endloop
  endfacet
  facet normal 0 0 -1
    outer loop
      vertex 129.959 140 -66
      vertex 146 160 -66
      vertex 146 140 -66
    endloop
  endfacet
  facet normal 0 0 -1
    outer loop
      vertex 122.901 146.468 -66
      vertex 146 160 -66
      vertex 129.959 140 -66
    endloop
  endfacet
  facet normal 0 0 -1
    outer loop
      vertex 109.668 156.622 -66
      vertex 146 160 -66
      vertex 122.901 146.468 -66
    endloop
  endfacet
  facet normal -0 0 -1
    outer loop
      vertex 146 160 -66
      vertex 109.668 156.622 -66
      vertex 104.365 160 -66
    endloop
  endfacet
  facet normal -0 0 1
    outer loop
      vertex 91 202.5 -56.5
      vertex 149 185.476 -56.5
      vertex 149 202.5 -56.5
    endloop
  endfacet
  facet normal 0 0 1
    outer loop
      vertex 149 185.476 -56.5
      vertex 91 202.5 -56.5
      vertex 91 185.476 -56.5
    endloop
  endfacet
  facet normal -0.844059 0.536251 0
    outer loop
      vertex 88 197.778 -56.6667
      vertex 91 202.5 -58
      vertex 88 197.778 -58
    endloop
  endfacet
  facet normal -0.844059 0.536251 0
    outer loop
      vertex 91 202.5 -58
      vertex 88 197.778 -56.6667
      vertex 91 202.5 -56.5
    endloop
  endfacet
  facet normal -0.844081 0.536216 0
    outer loop
      vertex 91 202.5 -63.5
      vertex 84 191.481 -62
      vertex 91 202.5 -62
    endloop
  endfacet
  facet normal -0.844072 0.53623 0.000141356
    outer loop
      vertex 74.183 176.029 -65.0571
      vertex 84 191.481 -62
      vertex 91 202.5 -63.5
    endloop
  endfacet
  facet normal -0.844059 0.53625 0
    outer loop
      vertex 74.183 176.029 -64
      vertex 84 191.481 -62
      vertex 74.183 176.029 -65.0571
    endloop
  endfacet
  facet normal -0.844059 0.53625 0
    outer loop
      vertex 84 191.481 -62
      vertex 74.183 176.029 -64
      vertex 84 191.481 -56.8889
    endloop
  endfacet
  facet normal -0.844077 0.536222 0
    outer loop
      vertex 69.2882 168.324 -57.7062
      vertex 74.183 176.029 -64
      vertex 69.2882 168.324 -64
    endloop
  endfacet
  facet normal -0.844066 0.53624 3.07298e-05
    outer loop
      vertex 74.183 176.029 -64
      vertex 69.2882 168.324 -57.7062
      vertex 84 191.481 -56.8889
    endloop
  endfacet
  facet normal -0.0554811 0 0.99846
    outer loop
      vertex 88 197.778 -56.6667
      vertex 91 185.476 -56.5
      vertex 91 202.5 -56.5
    endloop
  endfacet
  facet normal -0.0554811 0 0.99846
    outer loop
      vertex 91 185.476 -56.5
      vertex 88 197.778 -56.6667
      vertex 88 185.454 -56.6667
    endloop
  endfacet
  facet normal -0.0554685 0 0.99846
    outer loop
      vertex 69.2882 168.324 -57.7062
      vertex 84 174.071 -56.8889
      vertex 84 191.481 -56.8889
    endloop
  endfacet
  facet normal -0.0554549 -8.18272e-06 0.998461
    outer loop
      vertex 84 174.071 -56.8889
      vertex 77.001 165.129 -57.2777
      vertex 80.7049 163.201 -57.072
    endloop
  endfacet
  facet normal -0.0554699 3.66085e-06 0.99846
    outer loop
      vertex 84 174.071 -56.8889
      vertex 69.2882 168.324 -57.7062
      vertex 77.001 165.129 -57.2777
    endloop
  endfacet
  facet normal -0.0554676 -4.30867e-06 0.99846
    outer loop
      vertex 88.5074 174.038 -56.6385
      vertex 84 174.071 -56.8889
      vertex 80.7049 163.201 -57.072
    endloop
  endfacet
  facet normal 0 -1 0
    outer loop
      vertex 129.959 140 -64
      vertex 116.56 140 -58
      vertex 116.56 140 -64
    endloop
  endfacet
  facet normal 0 -1 0
    outer loop
      vertex 116.56 140 -58
      vertex 129.959 140 -64
      vertex 146 140 -58
    endloop
  endfacet
  facet normal 0 -1 0
    outer loop
      vertex 146 140 -66
      vertex 129.959 140 -64
      vertex 129.959 140 -66
    endloop
  endfacet
  facet normal 0 -1 0
    outer loop
      vertex 129.959 140 -64
      vertex 146 140 -66
      vertex 146 140 -58
    endloop
  endfacet
  facet normal 0.996546 -0.0830455 0
    outer loop
      vertex 148.997 177.464 -61.4378
      vertex 149 177.5 -63.5
      vertex 149 177.5 -61.4526
    endloop
  endfacet
  facet normal 0.996838 -0.0794564 6.30802e-05
    outer loop
      vertex 148.96 177 -61.1962
      vertex 149 177.5 -63.5
      vertex 148.997 177.464 -61.4378
    endloop
  endfacet
  facet normal 0.996873 -0.0790152 0.00015944
    outer loop
      vertex 148.925 176.559 -60.9149
      vertex 149 177.5 -63.5
      vertex 148.96 177 -61.1962
    endloop
  endfacet
  facet normal 0.996612 -0.0822353 -0.00102026
    outer loop
      vertex 148.891 176.143 -60.5963
      vertex 149 177.5 -63.5
      vertex 148.925 176.559 -60.9149
    endloop
  endfacet
  facet normal 0.99714 -0.0755532 0.00212231
    outer loop
      vertex 148.861 175.757 -60.2426
      vertex 149 177.5 -63.5
      vertex 148.891 176.143 -60.5963
    endloop
  endfacet
  facet normal 0.996356 -0.0852315 -0.00308988
    outer loop
      vertex 148.832 175.404 -59.8567
      vertex 149 177.5 -63.5
      vertex 148.861 175.757 -60.2426
    endloop
  endfacet
  facet normal 0.997334 -0.072861 0.00407196
    outer loop
      vertex 148.807 175.085 -59.4415
      vertex 149 177.5 -63.5
      vertex 148.832 175.404 -59.8567
    endloop
  endfacet
  facet normal 0.996799 -0.0799451 0.00104597
    outer loop
      vertex 146 140 -66
      vertex 148.807 175.085 -59.4415
      vertex 148.784 174.804 -59
    endloop
  endfacet
  facet normal 0.996817 -0.0797206 -0.000589796
    outer loop
      vertex 146 140 -58
      vertex 148.727 174.091 -57.0419
      vertex 148.723 174.038 -56.6385
    endloop
  endfacet
  facet normal 0.996816 -0.079735 -7.57474e-05
    outer loop
      vertex 146 140 -58
      vertex 148.736 174.204 -57.5529
      vertex 148.727 174.091 -57.0419
    endloop
  endfacet
  facet normal 0.996816 -0.079736 0
    outer loop
      vertex 146 140 -66
      vertex 148.736 174.204 -57.5529
      vertex 146 140 -58
    endloop
  endfacet
  facet normal 0.996803 -0.0799002 0.00066947
    outer loop
      vertex 148.736 174.204 -57.5529
      vertex 146 140 -66
      vertex 148.749 174.362 -58.0521
    endloop
  endfacet
  facet normal 0.996815 -0.0797463 -4.37991e-07
    outer loop
      vertex 148.749 174.362 -58.0521
      vertex 146 140 -66
      vertex 148.765 174.562 -58.5357
    endloop
  endfacet
  facet normal 0.996827 -0.0795972 -0.000695241
    outer loop
      vertex 148.765 174.562 -58.5357
      vertex 146 140 -66
      vertex 148.784 174.804 -59
    endloop
  endfacet
  facet normal 0.996816 -0.0797421 -4.7248e-05
    outer loop
      vertex 148.807 175.085 -59.4415
      vertex 146 140 -66
      vertex 149 177.5 -63.5
    endloop
  endfacet
  facet normal 0 1 -0
    outer loop
      vertex 149 202.5 -58
      vertex 91 202.5 -56.5
      vertex 149 202.5 -56.5
    endloop
  endfacet
  facet normal 0 1 0
    outer loop
      vertex 91 202.5 -56.5
      vertex 149 202.5 -58
      vertex 91 202.5 -58
    endloop
  endfacet
  facet normal 0 1 -0
    outer loop
      vertex 149 202.5 -63.5
      vertex 91 202.5 -62
      vertex 149 202.5 -62
    endloop
  endfacet
  facet normal 0 1 0
    outer loop
      vertex 91 202.5 -62
      vertex 149 202.5 -63.5
      vertex 91 202.5 -63.5
    endloop
  endfacet
  facet normal 0.640184 0 -0.768221
    outer loop
      vertex 146 160 -66
      vertex 149 177.5 -63.5
      vertex 146 140 -66
    endloop
  endfacet
  facet normal 0.640184 0 -0.768221
    outer loop
      vertex 149 177.5 -63.5
      vertex 146 160 -66
      vertex 149 202.5 -63.5
    endloop
  endfacet
  facet normal 1 -0 0
    outer loop
      vertex 149 185.476 -56.5
      vertex 149 202.5 -58
      vertex 149 202.5 -56.5
    endloop
  endfacet
  facet normal 1 -0 0
    outer loop
      vertex 149 185.416 -56.9551
      vertex 149 202.5 -58
      vertex 149 185.476 -56.5
    endloop
  endfacet
  facet normal 1 -0 0
    outer loop
      vertex 149 185.313 -57.4235
      vertex 149 202.5 -58
      vertex 149 185.416 -56.9551
    endloop
  endfacet
  facet normal 1 -0 0
    outer loop
      vertex 149 185.168 -57.8811
      vertex 149 202.5 -58
      vertex 149 185.313 -57.4235
    endloop
  endfacet
  facet normal 1 0 0
    outer loop
      vertex 149 202.5 -58
      vertex 149 185.168 -57.8811
      vertex 149 185.119 -58
    endloop
  endfacet
  facet normal 1 -0 0
    outer loop
      vertex 149 180 -62
      vertex 149 202.5 -63.5
      vertex 149 202.5 -62
    endloop
  endfacet
  facet normal 1 0 0
    outer loop
      vertex 149 177.5 -63.5
      vertex 149 180 -62
      vertex 149 179.477 -61.9772
    endloop
  endfacet
  facet normal 1 0 0
    outer loop
      vertex 149 180 -62
      vertex 149 177.5 -63.5
      vertex 149 202.5 -63.5
    endloop
  endfacet
  facet normal 1 0 0
    outer loop
      vertex 149 178.958 -61.9088
      vertex 149 177.5 -63.5
      vertex 149 179.477 -61.9772
    endloop
  endfacet
  facet normal 1 0 0
    outer loop
      vertex 149 178.447 -61.7956
      vertex 149 177.5 -63.5
      vertex 149 178.958 -61.9088
    endloop
  endfacet
  facet normal 1 0 0
    outer loop
      vertex 149 177.948 -61.6382
      vertex 149 177.5 -63.5
      vertex 149 178.447 -61.7956
    endloop
  endfacet
  facet normal 1 0 0
    outer loop
      vertex 149 177.5 -63.5
      vertex 149 177.948 -61.6382
      vertex 149 177.5 -61.4526
    endloop
  endfacet
  facet normal 1 -0 0
    outer loop
      vertex 49 175.411 -101
      vertex 49 184.793 -115
      vertex 49 184.793 -101
    endloop
  endfacet
  facet normal 1 0 0
    outer loop
      vertex 49 184.793 -115
      vertex 49 175.411 -101
      vertex 49 175.411 -115
    endloop
  endfacet
  facet normal 0 0 -1
    outer loop
      vertex 49 175.411 -101
      vertex 55 182.947 -101
      vertex 55 173.519 -101
    endloop
  endfacet
  facet normal -0 0 -1
    outer loop
      vertex 55 182.947 -101
      vertex 49 175.411 -101
      vertex 49.4862 184.685 -101
    endloop
  endfacet
  facet normal -0 0 -1
    outer loop
      vertex 49.4862 184.685 -101
      vertex 49 175.411 -101
      vertex 49 184.793 -101
    endloop
  endfacet
  facet normal -1 0 0
    outer loop
      vertex 55 173.519 -115
      vertex 55 182.947 -113
      vertex 55 182.947 -115
    endloop
  endfacet
  facet normal -1 -0 0
    outer loop
      vertex 55 182.947 -113
      vertex 55 173.519 -115
      vertex 55 182.947 -103
    endloop
  endfacet
  facet normal -1 0 0
    outer loop
      vertex 55 173.519 -101
      vertex 55 182.947 -103
      vertex 55 173.519 -115
    endloop
  endfacet
  facet normal -1 0 0
    outer loop
      vertex 55 182.947 -103
      vertex 55 173.519 -101
      vertex 55 182.947 -101
    endloop
  endfacet
  facet normal -1 0 0
    outer loop
      vertex 55 182.947 -113
      vertex 55 183.571 -103
      vertex 55 183.571 -113
    endloop
  endfacet
  facet normal -1 -0 0
    outer loop
      vertex 55 183.571 -103
      vertex 55 182.947 -113
      vertex 55 182.947 -103
    endloop
  endfacet
  facet normal 0 0 1
    outer loop
      vertex 49 175.411 -115
      vertex 55 182.947 -115
      vertex 49.4862 184.685 -115
    endloop
  endfacet
  facet normal 0 0 1
    outer loop
      vertex 49 175.411 -115
      vertex 49.4862 184.685 -115
      vertex 49 184.793 -115
    endloop
  endfacet
  facet normal 0 0 1
    outer loop
      vertex 55 182.947 -115
      vertex 49 175.411 -115
      vertex 55 173.519 -115
    endloop
  endfacet
  facet normal 1 -0 0
    outer loop
      vertex 135 122.107 -101
      vertex 135 135.381 -103
      vertex 135 135.381 -101
    endloop
  endfacet
  facet normal 1 0 0
    outer loop
      vertex 135 135.381 -103
      vertex 135 122.107 -101
      vertex 135 135.381 -113
    endloop
  endfacet
  facet normal 1 0 0
    outer loop
      vertex 135 122.107 -115
      vertex 135 135.381 -113
      vertex 135 122.107 -101
    endloop
  endfacet
  facet normal 1 0 0
    outer loop
      vertex 135 135.381 -113
      vertex 135 122.107 -115
      vertex 135 135.381 -115
    endloop
  endfacet
  facet normal 1 -0 0
    outer loop
      vertex 135 135.381 -103
      vertex 135 137.571 -113
      vertex 135 137.571 -103
    endloop
  endfacet
  facet normal 1 0 0
    outer loop
      vertex 135 137.571 -113
      vertex 135 135.381 -103
      vertex 135 135.381 -113
    endloop
  endfacet
  facet normal 0 0 -1
    outer loop
      vertex 139.573 117.116 -101
      vertex 141 128.868 -101
      vertex 141 115.257 -101
    endloop
  endfacet
  facet normal 0 0 -1
    outer loop
      vertex 135 122.107 -101
      vertex 141 128.868 -101
      vertex 139.573 117.116 -101
    endloop
  endfacet
  facet normal -0 0 -1
    outer loop
      vertex 141 128.868 -101
      vertex 135 122.107 -101
      vertex 135.199 135.199 -101
    endloop
  endfacet
  facet normal -0 0 -1
    outer loop
      vertex 135.199 135.199 -101
      vertex 135 122.107 -101
      vertex 135 135.381 -101
    endloop
  endfacet
  facet normal -1 0 0
    outer loop
      vertex 141 115.257 -115
      vertex 141 128.868 -113
      vertex 141 128.868 -115
    endloop
  endfacet
  facet normal -1 -0 0
    outer loop
      vertex 141 128.868 -113
      vertex 141 115.257 -115
      vertex 141 128.868 -103
    endloop
  endfacet
  facet normal -1 0 0
    outer loop
      vertex 141 115.257 -101
      vertex 141 128.868 -103
      vertex 141 115.257 -115
    endloop
  endfacet
  facet normal -1 0 0
    outer loop
      vertex 141 128.868 -103
      vertex 141 115.257 -101
      vertex 141 128.868 -101
    endloop
  endfacet
  facet normal -1 0 0
    outer loop
      vertex 141 128.868 -113
      vertex 141 135 -103
      vertex 141 135 -113
    endloop
  endfacet
  facet normal -1 -0 0
    outer loop
      vertex 141 135 -103
      vertex 141 128.868 -113
      vertex 141 128.868 -103
    endloop
  endfacet
  facet normal 0 0 1
    outer loop
      vertex 141 128.868 -115
      vertex 139.573 117.116 -115
      vertex 141 115.257 -115
    endloop
  endfacet
  facet normal 0 0 1
    outer loop
      vertex 135 122.107 -115
      vertex 141 128.868 -115
      vertex 135.199 135.199 -115
    endloop
  endfacet
  facet normal 0 0 1
    outer loop
      vertex 135 122.107 -115
      vertex 135.199 135.199 -115
      vertex 135 135.381 -115
    endloop
  endfacet
  facet normal 0 0 1
    outer loop
      vertex 141 128.868 -115
      vertex 135 122.107 -115
      vertex 139.573 117.116 -115
    endloop
  endfacet
  facet normal 1 -0 0
    outer loop
      vertex 49 175.411 -71
      vertex 49 184.793 -85
      vertex 49 184.793 -71
    endloop
  endfacet
  facet normal 1 0 0
    outer loop
      vertex 49 184.793 -85
      vertex 49 175.411 -71
      vertex 49 175.411 -85
    endloop
  endfacet
  facet normal 0 0 -1
    outer loop
      vertex 49 175.411 -71
      vertex 55 182.947 -71
      vertex 55 173.519 -71
    endloop
  endfacet
  facet normal -0 0 -1
    outer loop
      vertex 55 182.947 -71
      vertex 49 175.411 -71
      vertex 49.4862 184.685 -71
    endloop
  endfacet
  facet normal -0 0 -1
    outer loop
      vertex 49.4862 184.685 -71
      vertex 49 175.411 -71
      vertex 49 184.793 -71
    endloop
  endfacet
  facet normal -1 0 0
    outer loop
      vertex 55 173.519 -85
      vertex 55 182.947 -83
      vertex 55 182.947 -85
    endloop
  endfacet
  facet normal -1 -0 0
    outer loop
      vertex 55 182.947 -83
      vertex 55 173.519 -85
      vertex 55 182.947 -73
    endloop
  endfacet
  facet normal -1 0 0
    outer loop
      vertex 55 173.519 -71
      vertex 55 182.947 -73
      vertex 55 173.519 -85
    endloop
  endfacet
  facet normal -1 0 0
    outer loop
      vertex 55 182.947 -73
      vertex 55 173.519 -71
      vertex 55 182.947 -71
    endloop
  endfacet
  facet normal -1 0 0
    outer loop
      vertex 55 182.947 -83
      vertex 55 183.571 -73
      vertex 55 183.571 -83
    endloop
  endfacet
  facet normal -1 -0 0
    outer loop
      vertex 55 183.571 -73
      vertex 55 182.947 -83
      vertex 55 182.947 -73
    endloop
  endfacet
  facet normal 0 0 1
    outer loop
      vertex 49 175.411 -85
      vertex 55 182.947 -85
      vertex 49.4862 184.685 -85
    endloop
  endfacet
  facet normal 0 0 1
    outer loop
      vertex 49 175.411 -85
      vertex 49.4862 184.685 -85
      vertex 49 184.793 -85
    endloop
  endfacet
  facet normal 0 0 1
    outer loop
      vertex 55 182.947 -85
      vertex 49 175.411 -85
      vertex 55 173.519 -85
    endloop
  endfacet
  facet normal 1 -0 0
    outer loop
      vertex 135 122.107 -71
      vertex 135 135.381 -73
      vertex 135 135.381 -71
    endloop
  endfacet
  facet normal 1 0 0
    outer loop
      vertex 135 135.381 -73
      vertex 135 122.107 -71
      vertex 135 135.381 -83
    endloop
  endfacet
  facet normal 1 0 0
    outer loop
      vertex 135 122.107 -85
      vertex 135 135.381 -83
      vertex 135 122.107 -71
    endloop
  endfacet
  facet normal 1 0 0
    outer loop
      vertex 135 135.381 -83
      vertex 135 122.107 -85
      vertex 135 135.381 -85
    endloop
  endfacet
  facet normal 1 -0 0
    outer loop
      vertex 135 135.381 -73
      vertex 135 137.571 -83
      vertex 135 137.571 -73
    endloop
  endfacet
  facet normal 1 0 0
    outer loop
      vertex 135 137.571 -83
      vertex 135 135.381 -73
      vertex 135 135.381 -83
    endloop
  endfacet
  facet normal 0 0 -1
    outer loop
      vertex 139.573 117.116 -71
      vertex 141 128.868 -71
      vertex 141 115.257 -71
    endloop
  endfacet
  facet normal 0 0 -1
    outer loop
      vertex 135 122.107 -71
      vertex 141 128.868 -71
      vertex 139.573 117.116 -71
    endloop
  endfacet
  facet normal -0 0 -1
    outer loop
      vertex 141 128.868 -71
      vertex 135 122.107 -71
      vertex 135.199 135.199 -71
    endloop
  endfacet
  facet normal -0 0 -1
    outer loop
      vertex 135.199 135.199 -71
      vertex 135 122.107 -71
      vertex 135 135.381 -71
    endloop
  endfacet
  facet normal -1 0 0
    outer loop
      vertex 141 115.257 -85
      vertex 141 128.868 -83
      vertex 141 128.868 -85
    endloop
  endfacet
  facet normal -1 -0 0
    outer loop
      vertex 141 128.868 -83
      vertex 141 115.257 -85
      vertex 141 128.868 -73
    endloop
  endfacet
  facet normal -1 0 0
    outer loop
      vertex 141 115.257 -71
      vertex 141 128.868 -73
      vertex 141 115.257 -85
    endloop
  endfacet
  facet normal -1 0 0
    outer loop
      vertex 141 128.868 -73
      vertex 141 115.257 -71
      vertex 141 128.868 -71
    endloop
  endfacet
  facet normal -1 0 0
    outer loop
      vertex 141 128.868 -83
      vertex 141 135 -73
      vertex 141 135 -83
    endloop
  endfacet
  facet normal -1 -0 0
    outer loop
      vertex 141 135 -73
      vertex 141 128.868 -83
      vertex 141 128.868 -73
    endloop
  endfacet
  facet normal 0 0 1
    outer loop
      vertex 141 128.868 -85
      vertex 139.573 117.116 -85
      vertex 141 115.257 -85
    endloop
  endfacet
  facet normal 0 0 1
    outer loop
      vertex 135 122.107 -85
      vertex 141 128.868 -85
      vertex 135.199 135.199 -85
    endloop
  endfacet
  facet normal 0 0 1
    outer loop
      vertex 135 122.107 -85
      vertex 135.199 135.199 -85
      vertex 135 135.381 -85
    endloop
  endfacet
  facet normal 0 0 1
    outer loop
      vertex 141 128.868 -85
      vertex 135 122.107 -85
      vertex 139.573 117.116 -85
    endloop
  endfacet
  facet normal 0 -0.0438082 0.99904
    outer loop
      vertex 143 180.187 -58.1418
      vertex 156 180 -58.15
      vertex 156 180.187 -58.1418
    endloop
  endfacet
  facet normal 0 -0.0438082 0.99904
    outer loop
      vertex 156 180 -58.15
      vertex 143 180.187 -58.1418
      vertex 143 180 -58.15
    endloop
  endfacet
  facet normal 0 0.0438082 -0.99904
    outer loop
      vertex 143 179.813 -53.8582
      vertex 153 180 -53.85
      vertex 153 179.813 -53.8582
    endloop
  endfacet
  facet normal 0 0.0438082 -0.99904
    outer loop
      vertex 153 180 -53.85
      vertex 143 179.813 -53.8582
      vertex 143 180 -53.85
    endloop
  endfacet
  facet normal 0 -0.99909 -0.0426506
    outer loop
      vertex 143 182.15 -56
      vertex 153 182.142 -55.8126
      vertex 143 182.142 -55.8126
    endloop
  endfacet
  facet normal 0 -0.99909 -0.0426506
    outer loop
      vertex 153 182.142 -55.8126
      vertex 143 182.15 -56
      vertex 153 182.15 -56
    endloop
  endfacet
  facet normal 0 0.99909 0.0426506
    outer loop
      vertex 156 177.858 -56.1874
      vertex 143 177.85 -56
      vertex 156 177.85 -56
    endloop
  endfacet
  facet normal 0 0.99909 0.0426506
    outer loop
      vertex 143 177.85 -56
      vertex 156 177.858 -56.1874
      vertex 143 177.858 -56.1874
    endloop
  endfacet
  facet normal 0 -0.676305 -0.736622
    outer loop
      vertex 143 181.382 -54.353
      vertex 153 181.52 -54.4797
      vertex 153 181.382 -54.353
    endloop
  endfacet
  facet normal -0 -0.676305 -0.736622
    outer loop
      vertex 153 181.52 -54.4797
      vertex 143 181.382 -54.353
      vertex 143 181.52 -54.4797
    endloop
  endfacet
  facet normal 0 -0.925351 -0.379111
    outer loop
      vertex 143 182.02 -55.2647
      vertex 153 181.949 -55.0914
      vertex 143 181.949 -55.0914
    endloop
  endfacet
  facet normal 0 -0.925351 -0.379111
    outer loop
      vertex 153 181.949 -55.0914
      vertex 143 182.02 -55.2647
      vertex 153 182.02 -55.2647
    endloop
  endfacet
  facet normal 0 -0.46253 -0.886604
    outer loop
      vertex 143 180.909 -54.0514
      vertex 153 181.075 -54.138
      vertex 153 180.909 -54.0514
    endloop
  endfacet
  facet normal -0 -0.46253 -0.886604
    outer loop
      vertex 153 181.075 -54.138
      vertex 143 180.909 -54.0514
      vertex 143 181.075 -54.138
    endloop
  endfacet
  facet normal 0 -0.537842 -0.843046
    outer loop
      vertex 143 181.075 -54.138
      vertex 153 181.233 -54.2388
      vertex 153 181.075 -54.138
    endloop
  endfacet
  facet normal -0 -0.537842 -0.843046
    outer loop
      vertex 153 181.233 -54.2388
      vertex 143 181.075 -54.138
      vertex 143 181.233 -54.2388
    endloop
  endfacet
  facet normal 0 -0.976983 -0.213315
    outer loop
      vertex 143 182.117 -55.6267
      vertex 153 182.077 -55.4435
      vertex 143 182.077 -55.4435
    endloop
  endfacet
  facet normal 0 -0.976983 -0.213315
    outer loop
      vertex 153 182.077 -55.4435
      vertex 143 182.117 -55.6267
      vertex 153 182.117 -55.6267
    endloop
  endfacet
  facet normal 0 0.925351 0.379111
    outer loop
      vertex 156 178.051 -56.9086
      vertex 143 177.98 -56.7353
      vertex 156 177.98 -56.7353
    endloop
  endfacet
  facet normal 0 0.925351 0.379111
    outer loop
      vertex 143 177.98 -56.7353
      vertex 156 178.051 -56.9086
      vertex 143 178.051 -56.9086
    endloop
  endfacet
  facet normal 0 -0.130592 0.991436
    outer loop
      vertex 143 180.373 -58.1173
      vertex 156 180.187 -58.1418
      vertex 156 180.373 -58.1173
    endloop
  endfacet
  facet normal 0 -0.130592 0.991436
    outer loop
      vertex 156 180.187 -58.1418
      vertex 143 180.373 -58.1173
      vertex 143 180.187 -58.1418
    endloop
  endfacet
  facet normal 0 -0.300519 0.953776
    outer loop
      vertex 143 180.735 -58.0203
      vertex 156 180.556 -58.0767
      vertex 156 180.735 -58.0203
    endloop
  endfacet
  facet normal 0 -0.300519 0.953776
    outer loop
      vertex 156 180.556 -58.0767
      vertex 143 180.735 -58.0203
      vertex 143 180.556 -58.0767
    endloop
  endfacet
  facet normal 0 -0.676305 0.736622
    outer loop
      vertex 143 181.52 -57.5203
      vertex 153 181.382 -57.647
      vertex 153 181.52 -57.5203
    endloop
  endfacet
  facet normal 0 -0.676305 0.736622
    outer loop
      vertex 153 181.382 -57.647
      vertex 143 181.52 -57.5203
      vertex 143 181.382 -57.647
    endloop
  endfacet
  facet normal 0 -0.537842 0.843046
    outer loop
      vertex 143 181.233 -57.7612
      vertex 153 181.075 -57.862
      vertex 153 181.233 -57.7612
    endloop
  endfacet
  facet normal 0 -0.537842 0.843046
    outer loop
      vertex 153 181.075 -57.862
      vertex 143 181.233 -57.7612
      vertex 143 181.075 -57.862
    endloop
  endfacet
  facet normal 0 -0.463345 0.886178
    outer loop
      vertex 153 181.075 -57.862
      vertex 143 181.075 -57.862
      vertex 153 181.04 -57.8803
    endloop
  endfacet
  facet normal 0 -0.462312 0.886718
    outer loop
      vertex 153 181.04 -57.8803
      vertex 156 180.909 -57.9486
      vertex 156 181.04 -57.8803
    endloop
  endfacet
  facet normal 3.63187e-06 -0.46253 0.886604
    outer loop
      vertex 143 180.909 -57.9486
      vertex 153 181.04 -57.8803
      vertex 143 181.075 -57.862
    endloop
  endfacet
  facet normal 0 -0.462312 0.886718
    outer loop
      vertex 153 181.04 -57.8803
      vertex 143 180.909 -57.9486
      vertex 156 180.909 -57.9486
    endloop
  endfacet
  facet normal 0 -0.976983 0.213315
    outer loop
      vertex 143 182.077 -56.5565
      vertex 153 182.117 -56.3733
      vertex 143 182.117 -56.3733
    endloop
  endfacet
  facet normal 0 -0.976983 0.213315
    outer loop
      vertex 153 182.117 -56.3733
      vertex 143 182.077 -56.5565
      vertex 153 182.077 -56.5565
    endloop
  endfacet
  facet normal 0 -0.952758 0.303731
    outer loop
      vertex 143 182.02 -56.7353
      vertex 153 182.077 -56.5565
      vertex 143 182.077 -56.5565
    endloop
  endfacet
  facet normal 0 -0.952758 0.303731
    outer loop
      vertex 153 182.077 -56.5565
      vertex 143 182.02 -56.7353
      vertex 153 182.02 -56.7353
    endloop
  endfacet
  facet normal 0 -0.886186 0.46333
    outer loop
      vertex 143 181.862 -57.075
      vertex 153 181.949 -56.9086
      vertex 143 181.949 -56.9086
    endloop
  endfacet
  facet normal 0 -0.886186 0.46333
    outer loop
      vertex 153 181.949 -56.9086
      vertex 143 181.862 -57.075
      vertex 153 181.862 -57.075
    endloop
  endfacet
  facet normal 0 -0.925351 0.379111
    outer loop
      vertex 143 181.949 -56.9086
      vertex 153 182.02 -56.7353
      vertex 143 182.02 -56.7353
    endloop
  endfacet
  facet normal 0 -0.925351 0.379111
    outer loop
      vertex 153 182.02 -56.7353
      vertex 143 181.949 -56.9086
      vertex 153 181.949 -56.9086
    endloop
  endfacet
  facet normal 0 -0.793812 0.608163
    outer loop
      vertex 143 181.647 -57.382
      vertex 153 181.761 -57.2332
      vertex 143 181.761 -57.2332
    endloop
  endfacet
  facet normal 0 -0.793812 0.608163
    outer loop
      vertex 153 181.761 -57.2332
      vertex 143 181.647 -57.382
      vertex 153 181.647 -57.382
    endloop
  endfacet
  facet normal 0 -0.216592 -0.976262
    outer loop
      vertex 143 180.373 -53.8827
      vertex 153 180.556 -53.9233
      vertex 153 180.373 -53.8827
    endloop
  endfacet
  facet normal -0 -0.216592 -0.976262
    outer loop
      vertex 153 180.556 -53.9233
      vertex 143 180.373 -53.8827
      vertex 143 180.556 -53.9233
    endloop
  endfacet
  facet normal 0 -0.38099 -0.924579
    outer loop
      vertex 143 180.735 -53.9797
      vertex 153 180.909 -54.0514
      vertex 153 180.735 -53.9797
    endloop
  endfacet
  facet normal -0 -0.38099 -0.924579
    outer loop
      vertex 153 180.909 -54.0514
      vertex 143 180.735 -53.9797
      vertex 143 180.909 -54.0514
    endloop
  endfacet
  facet normal 0 -0.793812 -0.608163
    outer loop
      vertex 143 181.761 -54.7668
      vertex 153 181.647 -54.618
      vertex 143 181.647 -54.618
    endloop
  endfacet
  facet normal 0 -0.793812 -0.608163
    outer loop
      vertex 153 181.647 -54.618
      vertex 143 181.761 -54.7668
      vertex 153 181.761 -54.7668
    endloop
  endfacet
  facet normal 0 -0.886186 -0.46333
    outer loop
      vertex 143 181.949 -55.0914
      vertex 153 181.862 -54.925
      vertex 143 181.862 -54.925
    endloop
  endfacet
  facet normal 0 -0.886186 -0.46333
    outer loop
      vertex 153 181.862 -54.925
      vertex 143 181.949 -55.0914
      vertex 153 181.949 -55.0914
    endloop
  endfacet
  facet normal 0 -0.991078 -0.133281
    outer loop
      vertex 143 182.142 -55.8126
      vertex 153 182.117 -55.6267
      vertex 143 182.117 -55.6267
    endloop
  endfacet
  facet normal 0 -0.991078 -0.133281
    outer loop
      vertex 153 182.117 -55.6267
      vertex 143 182.142 -55.8126
      vertex 153 182.142 -55.8126
    endloop
  endfacet
  facet normal -0 0.130592 0.991436
    outer loop
      vertex 143 179.813 -58.1418
      vertex 156 179.627 -58.1173
      vertex 156 179.813 -58.1418
    endloop
  endfacet
  facet normal 0 0.130592 0.991436
    outer loop
      vertex 156 179.627 -58.1173
      vertex 143 179.813 -58.1418
      vertex 143 179.627 -58.1173
    endloop
  endfacet
  facet normal 0 0.925351 -0.379111
    outer loop
      vertex 156 177.98 -55.2647
      vertex 143 178.051 -55.0914
      vertex 156 178.051 -55.0914
    endloop
  endfacet
  facet normal 0 0.925351 -0.379111
    outer loop
      vertex 143 178.051 -55.0914
      vertex 156 177.98 -55.2647
      vertex 143 177.98 -55.2647
    endloop
  endfacet
  facet normal 0 0.991078 0.133281
    outer loop
      vertex 156 177.883 -56.3733
      vertex 143 177.858 -56.1874
      vertex 156 177.858 -56.1874
    endloop
  endfacet
  facet normal 0 0.991078 0.133281
    outer loop
      vertex 143 177.858 -56.1874
      vertex 156 177.883 -56.3733
      vertex 143 177.883 -56.3733
    endloop
  endfacet
  facet normal 0 0.952758 0.303731
    outer loop
      vertex 156 177.98 -56.7353
      vertex 143 177.923 -56.5565
      vertex 156 177.923 -56.5565
    endloop
  endfacet
  facet normal 0 0.952758 0.303731
    outer loop
      vertex 143 177.923 -56.5565
      vertex 156 177.98 -56.7353
      vertex 143 177.98 -56.7353
    endloop
  endfacet
  facet normal 0 -0.216592 0.976262
    outer loop
      vertex 143 180.556 -58.0767
      vertex 156 180.373 -58.1173
      vertex 156 180.556 -58.0767
    endloop
  endfacet
  facet normal 0 -0.216592 0.976262
    outer loop
      vertex 156 180.373 -58.1173
      vertex 143 180.556 -58.0767
      vertex 143 180.373 -58.1173
    endloop
  endfacet
  facet normal 0 -0.38099 0.924579
    outer loop
      vertex 143 180.909 -57.9486
      vertex 156 180.735 -58.0203
      vertex 156 180.909 -57.9486
    endloop
  endfacet
  facet normal 0 -0.38099 0.924579
    outer loop
      vertex 156 180.735 -58.0203
      vertex 143 180.909 -57.9486
      vertex 143 180.735 -58.0203
    endloop
  endfacet
  facet normal 0 -0.736557 0.676376
    outer loop
      vertex 143 181.52 -57.5203
      vertex 153 181.647 -57.382
      vertex 143 181.647 -57.382
    endloop
  endfacet
  facet normal 0 -0.736557 0.676376
    outer loop
      vertex 153 181.647 -57.382
      vertex 143 181.52 -57.5203
      vertex 153 181.52 -57.5203
    endloop
  endfacet
  facet normal 0 -0.60832 0.793692
    outer loop
      vertex 143 181.382 -57.647
      vertex 153 181.233 -57.7612
      vertex 153 181.382 -57.647
    endloop
  endfacet
  facet normal 0 -0.60832 0.793692
    outer loop
      vertex 153 181.233 -57.7612
      vertex 143 181.382 -57.647
      vertex 143 181.233 -57.7612
    endloop
  endfacet
  facet normal 0 -0.991078 0.133281
    outer loop
      vertex 143 182.117 -56.3733
      vertex 153 182.142 -56.1874
      vertex 143 182.142 -56.1874
    endloop
  endfacet
  facet normal 0 -0.991078 0.133281
    outer loop
      vertex 153 182.142 -56.1874
      vertex 143 182.117 -56.3733
      vertex 153 182.117 -56.3733
    endloop
  endfacet
  facet normal 0 -0.842871 0.538116
    outer loop
      vertex 143 181.761 -57.2332
      vertex 153 181.862 -57.075
      vertex 143 181.862 -57.075
    endloop
  endfacet
  facet normal 0 -0.842871 0.538116
    outer loop
      vertex 153 181.862 -57.075
      vertex 143 181.761 -57.2332
      vertex 153 181.761 -57.2332
    endloop
  endfacet
  facet normal 0 -0.60832 -0.793692
    outer loop
      vertex 143 181.233 -54.2388
      vertex 153 181.382 -54.353
      vertex 153 181.233 -54.2388
    endloop
  endfacet
  facet normal -0 -0.60832 -0.793692
    outer loop
      vertex 153 181.382 -54.353
      vertex 143 181.233 -54.2388
      vertex 143 181.382 -54.353
    endloop
  endfacet
  facet normal 0 -0.300519 -0.953776
    outer loop
      vertex 143 180.556 -53.9233
      vertex 153 180.735 -53.9797
      vertex 153 180.556 -53.9233
    endloop
  endfacet
  facet normal -0 -0.300519 -0.953776
    outer loop
      vertex 153 180.735 -53.9797
      vertex 143 180.556 -53.9233
      vertex 143 180.735 -53.9797
    endloop
  endfacet
  facet normal 0 -0.130592 -0.991436
    outer loop
      vertex 143 180.187 -53.8582
      vertex 153 180.373 -53.8827
      vertex 153 180.187 -53.8582
    endloop
  endfacet
  facet normal -0 -0.130592 -0.991436
    outer loop
      vertex 153 180.373 -53.8827
      vertex 143 180.187 -53.8582
      vertex 143 180.373 -53.8827
    endloop
  endfacet
  facet normal 0 -0.0438082 -0.99904
    outer loop
      vertex 143 180 -53.85
      vertex 153 180.187 -53.8582
      vertex 153 180 -53.85
    endloop
  endfacet
  facet normal -0 -0.0438082 -0.99904
    outer loop
      vertex 153 180.187 -53.8582
      vertex 143 180 -53.85
      vertex 143 180.187 -53.8582
    endloop
  endfacet
  facet normal 0 -0.736557 -0.676376
    outer loop
      vertex 143 181.647 -54.618
      vertex 153 181.52 -54.4797
      vertex 143 181.52 -54.4797
    endloop
  endfacet
  facet normal 0 -0.736557 -0.676376
    outer loop
      vertex 153 181.52 -54.4797
      vertex 143 181.647 -54.618
      vertex 153 181.647 -54.618
    endloop
  endfacet
  facet normal 0 -0.842871 -0.538116
    outer loop
      vertex 143 181.862 -54.925
      vertex 153 181.761 -54.7668
      vertex 143 181.761 -54.7668
    endloop
  endfacet
  facet normal 0 -0.842871 -0.538116
    outer loop
      vertex 153 181.761 -54.7668
      vertex 143 181.862 -54.925
      vertex 153 181.862 -54.925
    endloop
  endfacet
  facet normal 0 -0.952758 -0.303731
    outer loop
      vertex 143 182.077 -55.4435
      vertex 153 182.02 -55.2647
      vertex 143 182.02 -55.2647
    endloop
  endfacet
  facet normal 0 -0.952758 -0.303731
    outer loop
      vertex 153 182.02 -55.2647
      vertex 143 182.077 -55.4435
      vertex 153 182.077 -55.4435
    endloop
  endfacet
  facet normal -0 0.0438082 0.99904
    outer loop
      vertex 143 180 -58.15
      vertex 156 179.813 -58.1418
      vertex 156 180 -58.15
    endloop
  endfacet
  facet normal 0 0.0438082 0.99904
    outer loop
      vertex 156 179.813 -58.1418
      vertex 143 180 -58.15
      vertex 143 179.813 -58.1418
    endloop
  endfacet
  facet normal -0 0.300519 0.953776
    outer loop
      vertex 143 179.444 -58.0767
      vertex 156 179.265 -58.0203
      vertex 156 179.444 -58.0767
    endloop
  endfacet
  facet normal 0 0.300519 0.953776
    outer loop
      vertex 156 179.265 -58.0203
      vertex 143 179.444 -58.0767
      vertex 143 179.265 -58.0203
    endloop
  endfacet
  facet normal -0 0.216592 0.976262
    outer loop
      vertex 143 179.627 -58.1173
      vertex 156 179.444 -58.0767
      vertex 156 179.627 -58.1173
    endloop
  endfacet
  facet normal 0 0.216592 0.976262
    outer loop
      vertex 156 179.444 -58.0767
      vertex 143 179.627 -58.1173
      vertex 143 179.444 -58.0767
    endloop
  endfacet
  facet normal 0 0.886186 0.46333
    outer loop
      vertex 156 178.138 -57.075
      vertex 143 178.051 -56.9086
      vertex 156 178.051 -56.9086
    endloop
  endfacet
  facet normal 0 0.886186 0.46333
    outer loop
      vertex 143 178.051 -56.9086
      vertex 156 178.138 -57.075
      vertex 143 178.138 -57.075
    endloop
  endfacet
  facet normal -0 0.46253 0.886604
    outer loop
      vertex 143 179.091 -57.9486
      vertex 156 178.925 -57.862
      vertex 156 179.091 -57.9486
    endloop
  endfacet
  facet normal 0 0.46253 0.886604
    outer loop
      vertex 156 178.925 -57.862
      vertex 143 179.091 -57.9486
      vertex 143 178.925 -57.862
    endloop
  endfacet
  facet normal -0 0.60832 0.793692
    outer loop
      vertex 143 178.767 -57.7612
      vertex 156 178.618 -57.647
      vertex 156 178.767 -57.7612
    endloop
  endfacet
  facet normal 0 0.60832 0.793692
    outer loop
      vertex 156 178.618 -57.647
      vertex 143 178.767 -57.7612
      vertex 143 178.618 -57.647
    endloop
  endfacet
  facet normal 0 0.793812 -0.608163
    outer loop
      vertex 153 178.239 -54.7668
      vertex 143 178.353 -54.618
      vertex 153 178.353 -54.618
    endloop
  endfacet
  facet normal 0 0.793812 -0.608163
    outer loop
      vertex 143 178.353 -54.618
      vertex 153 178.239 -54.7668
      vertex 143 178.239 -54.7668
    endloop
  endfacet
  facet normal 0 0.736557 -0.676376
    outer loop
      vertex 153 178.353 -54.618
      vertex 143 178.48 -54.4797
      vertex 153 178.48 -54.4797
    endloop
  endfacet
  facet normal 0 0.736557 -0.676376
    outer loop
      vertex 143 178.48 -54.4797
      vertex 153 178.353 -54.618
      vertex 143 178.353 -54.618
    endloop
  endfacet
  facet normal 0 0.38099 -0.924579
    outer loop
      vertex 143 179.091 -54.0514
      vertex 153 179.265 -53.9797
      vertex 153 179.091 -54.0514
    endloop
  endfacet
  facet normal 0 0.38099 -0.924579
    outer loop
      vertex 153 179.265 -53.9797
      vertex 143 179.091 -54.0514
      vertex 143 179.265 -53.9797
    endloop
  endfacet
  facet normal 0 0.976983 0.213315
    outer loop
      vertex 156 177.923 -56.5565
      vertex 143 177.883 -56.3733
      vertex 156 177.883 -56.3733
    endloop
  endfacet
  facet normal 0 0.976983 0.213315
    outer loop
      vertex 143 177.883 -56.3733
      vertex 156 177.923 -56.5565
      vertex 143 177.923 -56.5565
    endloop
  endfacet
  facet normal 0 -0.99909 0.0426506
    outer loop
      vertex 143 182.142 -56.1874
      vertex 153 182.15 -56
      vertex 143 182.15 -56
    endloop
  endfacet
  facet normal 0 -0.99909 0.0426506
    outer loop
      vertex 153 182.15 -56
      vertex 143 182.142 -56.1874
      vertex 153 182.142 -56.1874
    endloop
  endfacet
  facet normal 0 0.736557 0.676376
    outer loop
      vertex 156 178.48 -57.5203
      vertex 143 178.353 -57.382
      vertex 156 178.353 -57.382
    endloop
  endfacet
  facet normal 0 0.736557 0.676376
    outer loop
      vertex 143 178.353 -57.382
      vertex 156 178.48 -57.5203
      vertex 143 178.48 -57.5203
    endloop
  endfacet
  facet normal -0 0.676305 0.736622
    outer loop
      vertex 143 178.618 -57.647
      vertex 156 178.48 -57.5203
      vertex 156 178.618 -57.647
    endloop
  endfacet
  facet normal 0 0.676305 0.736622
    outer loop
      vertex 156 178.48 -57.5203
      vertex 143 178.618 -57.647
      vertex 143 178.48 -57.5203
    endloop
  endfacet
  facet normal 0 0.793812 0.608163
    outer loop
      vertex 156 178.353 -57.382
      vertex 143 178.239 -57.2332
      vertex 156 178.239 -57.2332
    endloop
  endfacet
  facet normal 0 0.793812 0.608163
    outer loop
      vertex 143 178.239 -57.2332
      vertex 156 178.353 -57.382
      vertex 143 178.353 -57.382
    endloop
  endfacet
  facet normal 0 0.842871 0.538116
    outer loop
      vertex 156 178.239 -57.2332
      vertex 143 178.138 -57.075
      vertex 156 178.138 -57.075
    endloop
  endfacet
  facet normal 0 0.842871 0.538116
    outer loop
      vertex 143 178.138 -57.075
      vertex 156 178.239 -57.2332
      vertex 143 178.239 -57.2332
    endloop
  endfacet
  facet normal -0 0.38099 0.924579
    outer loop
      vertex 143 179.265 -58.0203
      vertex 156 179.091 -57.9486
      vertex 156 179.265 -58.0203
    endloop
  endfacet
  facet normal 0 0.38099 0.924579
    outer loop
      vertex 156 179.091 -57.9486
      vertex 143 179.265 -58.0203
      vertex 143 179.091 -57.9486
    endloop
  endfacet
  facet normal -0 0.537842 0.843046
    outer loop
      vertex 143 178.925 -57.862
      vertex 156 178.767 -57.7612
      vertex 156 178.925 -57.862
    endloop
  endfacet
  facet normal 0 0.537842 0.843046
    outer loop
      vertex 156 178.767 -57.7612
      vertex 143 178.925 -57.862
      vertex 143 178.767 -57.7612
    endloop
  endfacet
  facet normal 1 0 0
    outer loop
      vertex 143 182.142 -55.8126
      vertex 143 182.142 -56.1874
      vertex 143 182.15 -56
    endloop
  endfacet
  facet normal 1 0 0
    outer loop
      vertex 143 182.117 -55.6267
      vertex 143 182.142 -56.1874
      vertex 143 182.142 -55.8126
    endloop
  endfacet
  facet normal 1 0 0
    outer loop
      vertex 143 182.117 -55.6267
      vertex 143 182.117 -56.3733
      vertex 143 182.142 -56.1874
    endloop
  endfacet
  facet normal 1 0 0
    outer loop
      vertex 143 182.077 -55.4435
      vertex 143 182.117 -56.3733
      vertex 143 182.117 -55.6267
    endloop
  endfacet
  facet normal 1 0 0
    outer loop
      vertex 143 182.077 -55.4435
      vertex 143 182.077 -56.5565
      vertex 143 182.117 -56.3733
    endloop
  endfacet
  facet normal 1 0 0
    outer loop
      vertex 143 182.02 -55.2647
      vertex 143 182.077 -56.5565
      vertex 143 182.077 -55.4435
    endloop
  endfacet
  facet normal 1 0 0
    outer loop
      vertex 143 182.02 -55.2647
      vertex 143 182.02 -56.7353
      vertex 143 182.077 -56.5565
    endloop
  endfacet
  facet normal 1 0 0
    outer loop
      vertex 143 181.949 -55.0914
      vertex 143 182.02 -56.7353
      vertex 143 182.02 -55.2647
    endloop
  endfacet
  facet normal 1 0 0
    outer loop
      vertex 143 181.949 -55.0914
      vertex 143 181.949 -56.9086
      vertex 143 182.02 -56.7353
    endloop
  endfacet
  facet normal 1 0 0
    outer loop
      vertex 143 181.862 -54.925
      vertex 143 181.949 -56.9086
      vertex 143 181.949 -55.0914
    endloop
  endfacet
  facet normal 1 0 0
    outer loop
      vertex 143 181.862 -54.925
      vertex 143 181.862 -57.075
      vertex 143 181.949 -56.9086
    endloop
  endfacet
  facet normal 1 0 0
    outer loop
      vertex 143 181.761 -54.7668
      vertex 143 181.862 -57.075
      vertex 143 181.862 -54.925
    endloop
  endfacet
  facet normal 1 0 0
    outer loop
      vertex 143 181.761 -54.7668
      vertex 143 181.761 -57.2332
      vertex 143 181.862 -57.075
    endloop
  endfacet
  facet normal 1 0 0
    outer loop
      vertex 143 181.647 -54.618
      vertex 143 181.761 -57.2332
      vertex 143 181.761 -54.7668
    endloop
  endfacet
  facet normal 1 0 0
    outer loop
      vertex 143 181.647 -54.618
      vertex 143 181.647 -57.382
      vertex 143 181.761 -57.2332
    endloop
  endfacet
  facet normal 1 0 0
    outer loop
      vertex 143 181.52 -54.4797
      vertex 143 181.647 -57.382
      vertex 143 181.647 -54.618
    endloop
  endfacet
  facet normal 1 0 0
    outer loop
      vertex 143 181.52 -54.4797
      vertex 143 181.52 -57.5203
      vertex 143 181.647 -57.382
    endloop
  endfacet
  facet normal 1 0 0
    outer loop
      vertex 143 181.382 -54.353
      vertex 143 181.52 -57.5203
      vertex 143 181.52 -54.4797
    endloop
  endfacet
  facet normal 1 0 0
    outer loop
      vertex 143 181.382 -54.353
      vertex 143 181.382 -57.647
      vertex 143 181.52 -57.5203
    endloop
  endfacet
  facet normal 1 0 0
    outer loop
      vertex 143 181.233 -54.2388
      vertex 143 181.382 -57.647
      vertex 143 181.382 -54.353
    endloop
  endfacet
  facet normal 1 0 0
    outer loop
      vertex 143 181.233 -54.2388
      vertex 143 181.233 -57.7612
      vertex 143 181.382 -57.647
    endloop
  endfacet
  facet normal 1 0 0
    outer loop
      vertex 143 181.075 -54.138
      vertex 143 181.233 -57.7612
      vertex 143 181.233 -54.2388
    endloop
  endfacet
  facet normal 1 0 0
    outer loop
      vertex 143 181.075 -54.138
      vertex 143 181.075 -57.862
      vertex 143 181.233 -57.7612
    endloop
  endfacet
  facet normal 1 0 0
    outer loop
      vertex 143 180.909 -54.0514
      vertex 143 181.075 -57.862
      vertex 143 181.075 -54.138
    endloop
  endfacet
  facet normal 1 0 0
    outer loop
      vertex 143 180.909 -54.0514
      vertex 143 180.909 -57.9486
      vertex 143 181.075 -57.862
    endloop
  endfacet
  facet normal 1 0 0
    outer loop
      vertex 143 180.735 -53.9797
      vertex 143 180.909 -57.9486
      vertex 143 180.909 -54.0514
    endloop
  endfacet
  facet normal 1 0 0
    outer loop
      vertex 143 180.735 -53.9797
      vertex 143 180.735 -58.0203
      vertex 143 180.909 -57.9486
    endloop
  endfacet
  facet normal 1 0 0
    outer loop
      vertex 143 180.556 -53.9233
      vertex 143 180.735 -58.0203
      vertex 143 180.735 -53.9797
    endloop
  endfacet
  facet normal 1 0 0
    outer loop
      vertex 143 180.556 -53.9233
      vertex 143 180.556 -58.0767
      vertex 143 180.735 -58.0203
    endloop
  endfacet
  facet normal 1 0 0
    outer loop
      vertex 143 180.373 -53.8827
      vertex 143 180.556 -58.0767
      vertex 143 180.556 -53.9233
    endloop
  endfacet
  facet normal 1 0 0
    outer loop
      vertex 143 180.373 -53.8827
      vertex 143 180.373 -58.1173
      vertex 143 180.556 -58.0767
    endloop
  endfacet
  facet normal 1 0 0
    outer loop
      vertex 143 180.187 -53.8582
      vertex 143 180.373 -58.1173
      vertex 143 180.373 -53.8827
    endloop
  endfacet
  facet normal 1 0 0
    outer loop
      vertex 143 180.187 -53.8582
      vertex 143 180.187 -58.1418
      vertex 143 180.373 -58.1173
    endloop
  endfacet
  facet normal 1 0 0
    outer loop
      vertex 143 180 -53.85
      vertex 143 180.187 -58.1418
      vertex 143 180.187 -53.8582
    endloop
  endfacet
  facet normal 1 0 0
    outer loop
      vertex 143 180 -53.85
      vertex 143 180 -58.15
      vertex 143 180.187 -58.1418
    endloop
  endfacet
  facet normal 1 -0 0
    outer loop
      vertex 143 179.813 -53.8582
      vertex 143 180 -58.15
      vertex 143 180 -53.85
    endloop
  endfacet
  facet normal 1 0 0
    outer loop
      vertex 143 179.813 -53.8582
      vertex 143 179.813 -58.1418
      vertex 143 180 -58.15
    endloop
  endfacet
  facet normal 1 -0 0
    outer loop
      vertex 143 179.627 -53.8827
      vertex 143 179.813 -58.1418
      vertex 143 179.813 -53.8582
    endloop
  endfacet
  facet normal 1 0 0
    outer loop
      vertex 143 179.627 -53.8827
      vertex 143 179.627 -58.1173
      vertex 143 179.813 -58.1418
    endloop
  endfacet
  facet normal 1 -0 0
    outer loop
      vertex 143 179.444 -53.9233
      vertex 143 179.627 -58.1173
      vertex 143 179.627 -53.8827
    endloop
  endfacet
  facet normal 1 0 0
    outer loop
      vertex 143 179.444 -53.9233
      vertex 143 179.444 -58.0767
      vertex 143 179.627 -58.1173
    endloop
  endfacet
  facet normal 1 -0 0
    outer loop
      vertex 143 179.265 -53.9797
      vertex 143 179.444 -58.0767
      vertex 143 179.444 -53.9233
    endloop
  endfacet
  facet normal 1 0 0
    outer loop
      vertex 143 179.265 -53.9797
      vertex 143 179.265 -58.0203
      vertex 143 179.444 -58.0767
    endloop
  endfacet
  facet normal 1 -0 0
    outer loop
      vertex 143 179.091 -54.0514
      vertex 143 179.265 -58.0203
      vertex 143 179.265 -53.9797
    endloop
  endfacet
  facet normal 1 0 0
    outer loop
      vertex 143 179.091 -54.0514
      vertex 143 179.091 -57.9486
      vertex 143 179.265 -58.0203
    endloop
  endfacet
  facet normal 1 -0 0
    outer loop
      vertex 143 178.925 -54.138
      vertex 143 179.091 -57.9486
      vertex 143 179.091 -54.0514
    endloop
  endfacet
  facet normal 1 0 0
    outer loop
      vertex 143 178.925 -54.138
      vertex 143 178.925 -57.862
      vertex 143 179.091 -57.9486
    endloop
  endfacet
  facet normal 1 -0 0
    outer loop
      vertex 143 178.767 -54.2388
      vertex 143 178.925 -57.862
      vertex 143 178.925 -54.138
    endloop
  endfacet
  facet normal 1 0 0
    outer loop
      vertex 143 178.767 -54.2388
      vertex 143 178.767 -57.7612
      vertex 143 178.925 -57.862
    endloop
  endfacet
  facet normal 1 -0 0
    outer loop
      vertex 143 178.618 -54.353
      vertex 143 178.767 -57.7612
      vertex 143 178.767 -54.2388
    endloop
  endfacet
  facet normal 1 0 0
    outer loop
      vertex 143 178.618 -54.353
      vertex 143 178.618 -57.647
      vertex 143 178.767 -57.7612
    endloop
  endfacet
  facet normal 1 -0 0
    outer loop
      vertex 143 178.48 -54.4797
      vertex 143 178.618 -57.647
      vertex 143 178.618 -54.353
    endloop
  endfacet
  facet normal 1 0 0
    outer loop
      vertex 143 178.48 -54.4797
      vertex 143 178.48 -57.5203
      vertex 143 178.618 -57.647
    endloop
  endfacet
  facet normal 1 -0 0
    outer loop
      vertex 143 178.353 -54.618
      vertex 143 178.48 -57.5203
      vertex 143 178.48 -54.4797
    endloop
  endfacet
  facet normal 1 0 0
    outer loop
      vertex 143 178.353 -54.618
      vertex 143 178.353 -57.382
      vertex 143 178.48 -57.5203
    endloop
  endfacet
  facet normal 1 -0 0
    outer loop
      vertex 143 178.239 -54.7668
      vertex 143 178.353 -57.382
      vertex 143 178.353 -54.618
    endloop
  endfacet
  facet normal 1 0 0
    outer loop
      vertex 143 178.239 -54.7668
      vertex 143 178.239 -57.2332
      vertex 143 178.353 -57.382
    endloop
  endfacet
  facet normal 1 -0 0
    outer loop
      vertex 143 178.138 -54.925
      vertex 143 178.239 -57.2332
      vertex 143 178.239 -54.7668
    endloop
  endfacet
  facet normal 1 0 0
    outer loop
      vertex 143 178.138 -54.925
      vertex 143 178.138 -57.075
      vertex 143 178.239 -57.2332
    endloop
  endfacet
  facet normal 1 -0 0
    outer loop
      vertex 143 178.051 -55.0914
      vertex 143 178.138 -57.075
      vertex 143 178.138 -54.925
    endloop
  endfacet
  facet normal 1 0 0
    outer loop
      vertex 143 178.051 -55.0914
      vertex 143 178.051 -56.9086
      vertex 143 178.138 -57.075
    endloop
  endfacet
  facet normal 1 -0 0
    outer loop
      vertex 143 177.98 -55.2647
      vertex 143 178.051 -56.9086
      vertex 143 178.051 -55.0914
    endloop
  endfacet
  facet normal 1 0 0
    outer loop
      vertex 143 177.98 -55.2647
      vertex 143 177.98 -56.7353
      vertex 143 178.051 -56.9086
    endloop
  endfacet
  facet normal 1 -0 0
    outer loop
      vertex 143 177.923 -55.4435
      vertex 143 177.98 -56.7353
      vertex 143 177.98 -55.2647
    endloop
  endfacet
  facet normal 1 0 0
    outer loop
      vertex 143 177.923 -55.4435
      vertex 143 177.923 -56.5565
      vertex 143 177.98 -56.7353
    endloop
  endfacet
  facet normal 1 -0 0
    outer loop
      vertex 143 177.883 -55.6267
      vertex 143 177.923 -56.5565
      vertex 143 177.923 -55.4435
    endloop
  endfacet
  facet normal 1 0 0
    outer loop
      vertex 143 177.883 -55.6267
      vertex 143 177.883 -56.3733
      vertex 143 177.923 -56.5565
    endloop
  endfacet
  facet normal 1 -0 0
    outer loop
      vertex 143 177.858 -55.8126
      vertex 143 177.883 -56.3733
      vertex 143 177.883 -55.6267
    endloop
  endfacet
  facet normal 1 0 0
    outer loop
      vertex 143 177.858 -55.8126
      vertex 143 177.858 -56.1874
      vertex 143 177.883 -56.3733
    endloop
  endfacet
  facet normal 1 0 -0
    outer loop
      vertex 143 177.858 -56.1874
      vertex 143 177.858 -55.8126
      vertex 143 177.85 -56
    endloop
  endfacet
  facet normal 0 0.884918 -0.465746
    outer loop
      vertex 156 178.12 -54.9603
      vertex 156 178.051 -55.0914
      vertex 153 178.12 -54.9603
    endloop
  endfacet
  facet normal 0 0.890866 -0.454266
    outer loop
      vertex 153 178.12 -54.9603
      vertex 143 178.138 -54.925
      vertex 153 178.138 -54.925
    endloop
  endfacet
  facet normal 0 0.884918 -0.465746
    outer loop
      vertex 143 178.051 -55.0914
      vertex 153 178.12 -54.9603
      vertex 156 178.051 -55.0914
    endloop
  endfacet
  facet normal -4.04216e-05 0.886186 -0.46333
    outer loop
      vertex 153 178.12 -54.9603
      vertex 143 178.051 -55.0914
      vertex 143 178.138 -54.925
    endloop
  endfacet
  facet normal 0 0.842871 -0.538116
    outer loop
      vertex 153 178.138 -54.925
      vertex 143 178.239 -54.7668
      vertex 153 178.239 -54.7668
    endloop
  endfacet
  facet normal 0 0.842871 -0.538116
    outer loop
      vertex 143 178.239 -54.7668
      vertex 153 178.138 -54.925
      vertex 143 178.138 -54.925
    endloop
  endfacet
  facet normal 0 0.676305 -0.736622
    outer loop
      vertex 143 178.48 -54.4797
      vertex 153 178.618 -54.353
      vertex 153 178.48 -54.4797
    endloop
  endfacet
  facet normal 0 0.676305 -0.736622
    outer loop
      vertex 153 178.618 -54.353
      vertex 143 178.48 -54.4797
      vertex 143 178.618 -54.353
    endloop
  endfacet
  facet normal 0 0.46253 -0.886604
    outer loop
      vertex 143 178.925 -54.138
      vertex 153 179.091 -54.0514
      vertex 153 178.925 -54.138
    endloop
  endfacet
  facet normal 0 0.46253 -0.886604
    outer loop
      vertex 153 179.091 -54.0514
      vertex 143 178.925 -54.138
      vertex 143 179.091 -54.0514
    endloop
  endfacet
  facet normal 0 0.60832 -0.793692
    outer loop
      vertex 143 178.618 -54.353
      vertex 153 178.767 -54.2388
      vertex 153 178.618 -54.353
    endloop
  endfacet
  facet normal 0 0.60832 -0.793692
    outer loop
      vertex 153 178.767 -54.2388
      vertex 143 178.618 -54.353
      vertex 143 178.767 -54.2388
    endloop
  endfacet
  facet normal 0 0.300519 -0.953776
    outer loop
      vertex 143 179.265 -53.9797
      vertex 153 179.444 -53.9233
      vertex 153 179.265 -53.9797
    endloop
  endfacet
  facet normal 0 0.300519 -0.953776
    outer loop
      vertex 153 179.444 -53.9233
      vertex 143 179.265 -53.9797
      vertex 143 179.444 -53.9233
    endloop
  endfacet
  facet normal 0 0.216592 -0.976262
    outer loop
      vertex 143 179.444 -53.9233
      vertex 153 179.627 -53.8827
      vertex 153 179.444 -53.9233
    endloop
  endfacet
  facet normal 0 0.216592 -0.976262
    outer loop
      vertex 153 179.627 -53.8827
      vertex 143 179.444 -53.9233
      vertex 143 179.627 -53.8827
    endloop
  endfacet
  facet normal 0 0.130592 -0.991436
    outer loop
      vertex 143 179.627 -53.8827
      vertex 153 179.813 -53.8582
      vertex 153 179.627 -53.8827
    endloop
  endfacet
  facet normal 0 0.130592 -0.991436
    outer loop
      vertex 153 179.813 -53.8582
      vertex 143 179.627 -53.8827
      vertex 143 179.813 -53.8582
    endloop
  endfacet
  facet normal 0 0.99909 -0.0426506
    outer loop
      vertex 156 177.85 -56
      vertex 143 177.858 -55.8126
      vertex 156 177.858 -55.8126
    endloop
  endfacet
  facet normal 0 0.99909 -0.0426506
    outer loop
      vertex 143 177.858 -55.8126
      vertex 156 177.85 -56
      vertex 143 177.85 -56
    endloop
  endfacet
  facet normal 0 0.976983 -0.213315
    outer loop
      vertex 156 177.883 -55.6267
      vertex 143 177.923 -55.4435
      vertex 156 177.923 -55.4435
    endloop
  endfacet
  facet normal 0 0.976983 -0.213315
    outer loop
      vertex 143 177.923 -55.4435
      vertex 156 177.883 -55.6267
      vertex 143 177.883 -55.6267
    endloop
  endfacet
  facet normal 0 0.952758 -0.303731
    outer loop
      vertex 156 177.923 -55.4435
      vertex 143 177.98 -55.2647
      vertex 156 177.98 -55.2647
    endloop
  endfacet
  facet normal 0 0.952758 -0.303731
    outer loop
      vertex 143 177.98 -55.2647
      vertex 156 177.923 -55.4435
      vertex 143 177.923 -55.4435
    endloop
  endfacet
  facet normal 0 0.991078 -0.133281
    outer loop
      vertex 156 177.858 -55.8126
      vertex 143 177.883 -55.6267
      vertex 156 177.883 -55.6267
    endloop
  endfacet
  facet normal 0 0.991078 -0.133281
    outer loop
      vertex 143 177.883 -55.6267
      vertex 156 177.858 -55.8126
      vertex 143 177.858 -55.8126
    endloop
  endfacet
  facet normal 0 0.537842 -0.843046
    outer loop
      vertex 143 178.767 -54.2388
      vertex 153 178.925 -54.138
      vertex 153 178.767 -54.2388
    endloop
  endfacet
  facet normal 0 0.537842 -0.843046
    outer loop
      vertex 153 178.925 -54.138
      vertex 143 178.767 -54.2388
      vertex 143 178.925 -54.138
    endloop
  endfacet
  facet normal 0 -0.0437015 0.999045
    outer loop
      vertex 143 180.187 3.85818
      vertex 153 180 3.85
      vertex 153 180.187 3.85818
    endloop
  endfacet
  facet normal 0 -0.0437015 0.999045
    outer loop
      vertex 153 180 3.85
      vertex 143 180.187 3.85818
      vertex 143 180 3.85
    endloop
  endfacet
  facet normal 0 0.0437015 -0.999045
    outer loop
      vertex 143 179.813 8.14182
      vertex 156 180 8.15
      vertex 156 179.813 8.14182
    endloop
  endfacet
  facet normal 0 0.0437015 -0.999045
    outer loop
      vertex 156 180 8.15
      vertex 143 179.813 8.14182
      vertex 143 180 8.15
    endloop
  endfacet
  facet normal 0 -0.99909 -0.0426551
    outer loop
      vertex 143 182.15 6
      vertex 153 182.142 6.18738
      vertex 143 182.142 6.18738
    endloop
  endfacet
  facet normal 0 -0.99909 -0.0426551
    outer loop
      vertex 153 182.142 6.18738
      vertex 143 182.15 6
      vertex 153 182.15 6
    endloop
  endfacet
  facet normal 0 0.99909 0.0426529
    outer loop
      vertex 156 177.858 5.81261
      vertex 143 177.85 6
      vertex 156 177.85 6
    endloop
  endfacet
  facet normal 0 0.99909 0.0426529
    outer loop
      vertex 143 177.85 6
      vertex 156 177.858 5.81261
      vertex 143 177.858 5.81261
    endloop
  endfacet
  facet normal 0 -0.676362 -0.736569
    outer loop
      vertex 143 181.382 7.647
      vertex 153 181.52 7.52028
      vertex 153 181.382 7.647
    endloop
  endfacet
  facet normal -0 -0.676362 -0.736569
    outer loop
      vertex 153 181.52 7.52028
      vertex 143 181.382 7.647
      vertex 143 181.52 7.52028
    endloop
  endfacet
  facet normal 0 -0.925344 -0.37913
    outer loop
      vertex 143 182.02 6.73534
      vertex 153 181.949 6.90863
      vertex 143 181.949 6.90863
    endloop
  endfacet
  facet normal 0 -0.925344 -0.37913
    outer loop
      vertex 153 181.949 6.90863
      vertex 143 182.02 6.73534
      vertex 153 182.02 6.73534
    endloop
  endfacet
  facet normal 0 -0.461939 -0.886912
    outer loop
      vertex 156 180.909 7.94856
      vertex 153 181.04 7.88033
      vertex 156 181.04 7.88033
    endloop
  endfacet
  facet normal 0 -0.461939 -0.886912
    outer loop
      vertex 143 180.909 7.94856
      vertex 153 181.04 7.88033
      vertex 156 180.909 7.94856
    endloop
  endfacet
  facet normal 1.05375e-05 -0.462571 -0.886582
    outer loop
      vertex 143 181.075 7.86195
      vertex 153 181.04 7.88033
      vertex 143 180.909 7.94856
    endloop
  endfacet
  facet normal 0 -0.464933 -0.885346
    outer loop
      vertex 153 181.04 7.88033
      vertex 143 181.075 7.86195
      vertex 153 181.075 7.86195
    endloop
  endfacet
  facet normal 0 -0.537728 -0.843118
    outer loop
      vertex 143 181.075 7.86195
      vertex 153 181.233 7.76118
      vertex 153 181.075 7.86195
    endloop
  endfacet
  facet normal -0 -0.537728 -0.843118
    outer loop
      vertex 153 181.233 7.76118
      vertex 143 181.075 7.86195
      vertex 143 181.233 7.76118
    endloop
  endfacet
  facet normal 0 -0.976964 -0.213404
    outer loop
      vertex 143 182.117 6.37334
      vertex 153 182.077 6.55646
      vertex 143 182.077 6.55646
    endloop
  endfacet
  facet normal 0 -0.976964 -0.213404
    outer loop
      vertex 153 182.077 6.55646
      vertex 143 182.117 6.37334
      vertex 153 182.117 6.37334
    endloop
  endfacet
  facet normal 0 0.991083 0.133246
    outer loop
      vertex 156 177.883 5.62666
      vertex 143 177.858 5.81261
      vertex 156 177.858 5.81261
    endloop
  endfacet
  facet normal 0 0.991083 0.133246
    outer loop
      vertex 143 177.858 5.81261
      vertex 156 177.883 5.62666
      vertex 143 177.883 5.62666
    endloop
  endfacet
  facet normal 0 -0.130488 0.99145
    outer loop
      vertex 143 180.373 3.88266
      vertex 153 180.187 3.85818
      vertex 153 180.373 3.88266
    endloop
  endfacet
  facet normal 0 -0.130488 0.99145
    outer loop
      vertex 153 180.187 3.85818
      vertex 143 180.373 3.88266
      vertex 143 180.187 3.85818
    endloop
  endfacet
  facet normal 0 -0.300519 0.953776
    outer loop
      vertex 143 180.735 3.97966
      vertex 153 180.556 3.92326
      vertex 153 180.735 3.97966
    endloop
  endfacet
  facet normal 0 -0.300519 0.953776
    outer loop
      vertex 153 180.556 3.92326
      vertex 143 180.735 3.97966
      vertex 143 180.556 3.92326
    endloop
  endfacet
  facet normal 0 -0.676362 0.736569
    outer loop
      vertex 143 181.52 4.47972
      vertex 153 181.382 4.353
      vertex 153 181.52 4.47972
    endloop
  endfacet
  facet normal 0 -0.676362 0.736569
    outer loop
      vertex 153 181.382 4.353
      vertex 143 181.52 4.47972
      vertex 143 181.382 4.353
    endloop
  endfacet
  facet normal 0 -0.537728 0.843118
    outer loop
      vertex 143 181.233 4.23882
      vertex 153 181.075 4.13805
      vertex 153 181.233 4.23882
    endloop
  endfacet
  facet normal 0 -0.537728 0.843118
    outer loop
      vertex 153 181.075 4.13805
      vertex 143 181.233 4.23882
      vertex 143 181.075 4.13805
    endloop
  endfacet
  facet normal 0 -0.462571 0.886582
    outer loop
      vertex 143 181.075 4.13805
      vertex 153 180.909 4.05144
      vertex 153 181.075 4.13805
    endloop
  endfacet
  facet normal 0 -0.462571 0.886582
    outer loop
      vertex 153 180.909 4.05144
      vertex 143 181.075 4.13805
      vertex 143 180.909 4.05144
    endloop
  endfacet
  facet normal 0 -0.976964 0.213404
    outer loop
      vertex 143 182.077 5.44354
      vertex 153 182.117 5.62666
      vertex 143 182.117 5.62666
    endloop
  endfacet
  facet normal 0 -0.976964 0.213404
    outer loop
      vertex 153 182.117 5.62666
      vertex 143 182.077 5.44354
      vertex 153 182.077 5.44354
    endloop
  endfacet
  facet normal 0 -0.952797 0.303608
    outer loop
      vertex 143 182.02 5.26466
      vertex 153 182.077 5.44354
      vertex 143 182.077 5.44354
    endloop
  endfacet
  facet normal 0 -0.952797 0.303608
    outer loop
      vertex 153 182.077 5.44354
      vertex 143 182.02 5.26466
      vertex 153 182.02 5.26466
    endloop
  endfacet
  facet normal 0 -0.886151 0.463396
    outer loop
      vertex 143 181.862 4.925
      vertex 153 181.949 5.09137
      vertex 143 181.949 5.09137
    endloop
  endfacet
  facet normal 0 -0.886151 0.463396
    outer loop
      vertex 153 181.949 5.09137
      vertex 143 181.862 4.925
      vertex 153 181.862 4.925
    endloop
  endfacet
  facet normal 0 -0.925344 0.37913
    outer loop
      vertex 143 181.949 5.09137
      vertex 153 182.02 5.26466
      vertex 143 182.02 5.26466
    endloop
  endfacet
  facet normal 0 -0.925344 0.37913
    outer loop
      vertex 153 182.02 5.26466
      vertex 143 181.949 5.09137
      vertex 153 181.949 5.09137
    endloop
  endfacet
  facet normal 0 -0.793812 0.608163
    outer loop
      vertex 143 181.647 4.61801
      vertex 153 181.761 4.76681
      vertex 143 181.761 4.76681
    endloop
  endfacet
  facet normal 0 -0.793812 0.608163
    outer loop
      vertex 153 181.761 4.76681
      vertex 143 181.647 4.61801
      vertex 153 181.647 4.61801
    endloop
  endfacet
  facet normal 0 -0.216592 -0.976262
    outer loop
      vertex 143 180.373 8.11734
      vertex 156 180.556 8.07674
      vertex 156 180.373 8.11734
    endloop
  endfacet
  facet normal -0 -0.216592 -0.976262
    outer loop
      vertex 156 180.556 8.07674
      vertex 143 180.373 8.11734
      vertex 143 180.556 8.07674
    endloop
  endfacet
  facet normal 0 -0.608253 -0.793744
    outer loop
      vertex 143 181.233 7.76118
      vertex 153 181.382 7.647
      vertex 153 181.233 7.76118
    endloop
  endfacet
  facet normal -0 -0.608253 -0.793744
    outer loop
      vertex 153 181.382 7.647
      vertex 143 181.233 7.76118
      vertex 143 181.382 7.647
    endloop
  endfacet
  facet normal 0 -0.381354 -0.924429
    outer loop
      vertex 143 180.735 8.02034
      vertex 156 180.909 7.94856
      vertex 156 180.735 8.02034
    endloop
  endfacet
  facet normal -0 -0.381354 -0.924429
    outer loop
      vertex 156 180.909 7.94856
      vertex 143 180.735 8.02034
      vertex 143 180.909 7.94856
    endloop
  endfacet
  facet normal 0 -0.300519 -0.953776
    outer loop
      vertex 143 180.556 8.07674
      vertex 156 180.735 8.02034
      vertex 156 180.556 8.07674
    endloop
  endfacet
  facet normal -0 -0.300519 -0.953776
    outer loop
      vertex 156 180.735 8.02034
      vertex 143 180.556 8.07674
      vertex 143 180.735 8.02034
    endloop
  endfacet
  facet normal 0 -0.793812 -0.608163
    outer loop
      vertex 143 181.761 7.23319
      vertex 153 181.647 7.38199
      vertex 143 181.647 7.38199
    endloop
  endfacet
  facet normal 0 -0.793812 -0.608163
    outer loop
      vertex 153 181.647 7.38199
      vertex 143 181.761 7.23319
      vertex 153 181.761 7.23319
    endloop
  endfacet
  facet normal 0 -0.886151 -0.463396
    outer loop
      vertex 143 181.949 6.90863
      vertex 153 181.862 7.075
      vertex 143 181.862 7.075
    endloop
  endfacet
  facet normal 0 -0.886151 -0.463396
    outer loop
      vertex 153 181.862 7.075
      vertex 143 181.949 6.90863
      vertex 153 181.949 6.90863
    endloop
  endfacet
  facet normal 0 -0.736533 -0.676402
    outer loop
      vertex 143 181.647 7.38199
      vertex 153 181.52 7.52028
      vertex 143 181.52 7.52028
    endloop
  endfacet
  facet normal 0 -0.736533 -0.676402
    outer loop
      vertex 153 181.52 7.52028
      vertex 143 181.647 7.38199
      vertex 153 181.647 7.38199
    endloop
  endfacet
  facet normal 0 -0.952797 -0.303608
    outer loop
      vertex 143 182.077 6.55646
      vertex 153 182.02 6.73534
      vertex 143 182.02 6.73534
    endloop
  endfacet
  facet normal 0 -0.952797 -0.303608
    outer loop
      vertex 153 182.02 6.73534
      vertex 143 182.077 6.55646
      vertex 153 182.077 6.55646
    endloop
  endfacet
  facet normal 0 -0.991084 -0.133239
    outer loop
      vertex 143 182.142 6.18738
      vertex 153 182.117 6.37334
      vertex 143 182.117 6.37334
    endloop
  endfacet
  facet normal 0 -0.991084 -0.133239
    outer loop
      vertex 153 182.117 6.37334
      vertex 143 182.142 6.18738
      vertex 153 182.142 6.18738
    endloop
  endfacet
  facet normal -0 0.300519 0.953776
    outer loop
      vertex 143 179.444 3.92326
      vertex 153 179.265 3.97966
      vertex 153 179.444 3.92326
    endloop
  endfacet
  facet normal 0 0.300519 0.953776
    outer loop
      vertex 153 179.265 3.97966
      vertex 143 179.444 3.92326
      vertex 143 179.265 3.97966
    endloop
  endfacet
  facet normal -0 0.130488 0.99145
    outer loop
      vertex 143 179.813 3.85818
      vertex 153 179.627 3.88266
      vertex 153 179.813 3.85818
    endloop
  endfacet
  facet normal 0 0.130488 0.99145
    outer loop
      vertex 153 179.627 3.88266
      vertex 143 179.813 3.85818
      vertex 143 179.627 3.88266
    endloop
  endfacet
  facet normal 0 0.925344 0.37913
    outer loop
      vertex 156 178.051 5.09137
      vertex 143 177.98 5.26466
      vertex 156 177.98 5.26466
    endloop
  endfacet
  facet normal 0 0.925344 0.37913
    outer loop
      vertex 143 177.98 5.26466
      vertex 156 178.051 5.09137
      vertex 143 178.051 5.09137
    endloop
  endfacet
  facet normal 0 -0.216592 0.976262
    outer loop
      vertex 143 180.556 3.92326
      vertex 153 180.373 3.88266
      vertex 153 180.556 3.92326
    endloop
  endfacet
  facet normal 0 -0.216592 0.976262
    outer loop
      vertex 153 180.373 3.88266
      vertex 143 180.556 3.92326
      vertex 143 180.373 3.88266
    endloop
  endfacet
  facet normal 0 -0.381354 0.924429
    outer loop
      vertex 143 180.909 4.05144
      vertex 153 180.735 3.97966
      vertex 153 180.909 4.05144
    endloop
  endfacet
  facet normal 0 -0.381354 0.924429
    outer loop
      vertex 153 180.735 3.97966
      vertex 143 180.909 4.05144
      vertex 143 180.735 3.97966
    endloop
  endfacet
  facet normal 0 -0.736533 0.676402
    outer loop
      vertex 143 181.52 4.47972
      vertex 153 181.647 4.61801
      vertex 143 181.647 4.61801
    endloop
  endfacet
  facet normal 0 -0.736533 0.676402
    outer loop
      vertex 153 181.647 4.61801
      vertex 143 181.52 4.47972
      vertex 153 181.52 4.47972
    endloop
  endfacet
  facet normal 0 -0.608253 0.793744
    outer loop
      vertex 143 181.382 4.353
      vertex 153 181.233 4.23882
      vertex 153 181.382 4.353
    endloop
  endfacet
  facet normal 0 -0.608253 0.793744
    outer loop
      vertex 153 181.233 4.23882
      vertex 143 181.382 4.353
      vertex 143 181.233 4.23882
    endloop
  endfacet
  facet normal 0 -0.991083 0.133246
    outer loop
      vertex 143 182.117 5.62666
      vertex 153 182.142 5.81261
      vertex 143 182.142 5.81261
    endloop
  endfacet
  facet normal 0 -0.991083 0.133246
    outer loop
      vertex 153 182.142 5.81261
      vertex 143 182.117 5.62666
      vertex 153 182.117 5.62666
    endloop
  endfacet
  facet normal 0 -0.842855 0.53814
    outer loop
      vertex 143 181.761 4.76681
      vertex 153 181.862 4.925
      vertex 143 181.862 4.925
    endloop
  endfacet
  facet normal 0 -0.842855 0.53814
    outer loop
      vertex 153 181.862 4.925
      vertex 143 181.761 4.76681
      vertex 153 181.761 4.76681
    endloop
  endfacet
  facet normal 0 -0.130488 -0.99145
    outer loop
      vertex 143 180.187 8.14182
      vertex 156 180.373 8.11734
      vertex 156 180.187 8.14182
    endloop
  endfacet
  facet normal -0 -0.130488 -0.99145
    outer loop
      vertex 156 180.373 8.11734
      vertex 143 180.187 8.14182
      vertex 143 180.373 8.11734
    endloop
  endfacet
  facet normal 0 -0.0437015 -0.999045
    outer loop
      vertex 143 180 8.15
      vertex 156 180.187 8.14182
      vertex 156 180 8.15
    endloop
  endfacet
  facet normal -0 -0.0437015 -0.999045
    outer loop
      vertex 156 180.187 8.14182
      vertex 143 180 8.15
      vertex 143 180.187 8.14182
    endloop
  endfacet
  facet normal -0 0.462571 0.886582
    outer loop
      vertex 143 179.091 4.05144
      vertex 153 178.925 4.13805
      vertex 153 179.091 4.05144
    endloop
  endfacet
  facet normal 0 0.462571 0.886582
    outer loop
      vertex 153 178.925 4.13805
      vertex 143 179.091 4.05144
      vertex 143 178.925 4.13805
    endloop
  endfacet
  facet normal -0 0.884889 0.465802
    outer loop
      vertex 153 178.12 4.96029
      vertex 156 178.051 5.09137
      vertex 156 178.12 4.96029
    endloop
  endfacet
  facet normal 0 0.884889 0.465802
    outer loop
      vertex 156 178.051 5.09137
      vertex 153 178.12 4.96029
      vertex 143 178.051 5.09137
    endloop
  endfacet
  facet normal -0 0.890814 0.454368
    outer loop
      vertex 143 178.138 4.925
      vertex 153 178.12 4.96029
      vertex 153 178.138 4.925
    endloop
  endfacet
  facet normal -4.02515e-05 0.886151 0.463396
    outer loop
      vertex 153 178.12 4.96029
      vertex 143 178.138 4.925
      vertex 143 178.051 5.09137
    endloop
  endfacet
  facet normal -0 0.608253 0.793744
    outer loop
      vertex 143 178.767 4.23882
      vertex 153 178.618 4.353
      vertex 153 178.767 4.23882
    endloop
  endfacet
  facet normal 0 0.608253 0.793744
    outer loop
      vertex 153 178.618 4.353
      vertex 143 178.767 4.23882
      vertex 143 178.618 4.353
    endloop
  endfacet
  facet normal 0 0.842855 -0.53814
    outer loop
      vertex 156 178.138 7.075
      vertex 143 178.239 7.23319
      vertex 156 178.239 7.23319
    endloop
  endfacet
  facet normal 0 0.842855 -0.53814
    outer loop
      vertex 143 178.239 7.23319
      vertex 156 178.138 7.075
      vertex 143 178.138 7.075
    endloop
  endfacet
  facet normal 0 0.608253 -0.793744
    outer loop
      vertex 143 178.618 7.647
      vertex 156 178.767 7.76118
      vertex 156 178.618 7.647
    endloop
  endfacet
  facet normal 0 0.608253 -0.793744
    outer loop
      vertex 156 178.767 7.76118
      vertex 143 178.618 7.647
      vertex 143 178.767 7.76118
    endloop
  endfacet
  facet normal 0 0.976964 0.213404
    outer loop
      vertex 156 177.923 5.44354
      vertex 143 177.883 5.62666
      vertex 156 177.883 5.62666
    endloop
  endfacet
  facet normal 0 0.976964 0.213404
    outer loop
      vertex 143 177.883 5.62666
      vertex 156 177.923 5.44354
      vertex 143 177.923 5.44354
    endloop
  endfacet
  facet normal 0 -0.99909 0.0426529
    outer loop
      vertex 143 182.142 5.81261
      vertex 153 182.15 6
      vertex 143 182.15 6
    endloop
  endfacet
  facet normal 0 -0.99909 0.0426529
    outer loop
      vertex 153 182.15 6
      vertex 143 182.142 5.81261
      vertex 153 182.142 5.81261
    endloop
  endfacet
  facet normal 0 -0.842855 -0.53814
    outer loop
      vertex 143 181.862 7.075
      vertex 153 181.761 7.23319
      vertex 143 181.761 7.23319
    endloop
  endfacet
  facet normal 0 -0.842855 -0.53814
    outer loop
      vertex 153 181.761 7.23319
      vertex 143 181.862 7.075
      vertex 153 181.862 7.075
    endloop
  endfacet
  facet normal -0 0.0437015 0.999045
    outer loop
      vertex 143 180 3.85
      vertex 153 179.813 3.85818
      vertex 153 180 3.85
    endloop
  endfacet
  facet normal 0 0.0437015 0.999045
    outer loop
      vertex 153 179.813 3.85818
      vertex 143 180 3.85
      vertex 143 179.813 3.85818
    endloop
  endfacet
  facet normal -0 0.216592 0.976262
    outer loop
      vertex 143 179.627 3.88266
      vertex 153 179.444 3.92326
      vertex 153 179.627 3.88266
    endloop
  endfacet
  facet normal 0 0.216592 0.976262
    outer loop
      vertex 153 179.444 3.92326
      vertex 143 179.627 3.88266
      vertex 143 179.444 3.92326
    endloop
  endfacet
  facet normal 0 0.736533 0.676402
    outer loop
      vertex 153 178.48 4.47972
      vertex 143 178.353 4.61801
      vertex 153 178.353 4.61801
    endloop
  endfacet
  facet normal 0 0.736533 0.676402
    outer loop
      vertex 143 178.353 4.61801
      vertex 153 178.48 4.47972
      vertex 143 178.48 4.47972
    endloop
  endfacet
  facet normal -0 0.676362 0.736569
    outer loop
      vertex 143 178.618 4.353
      vertex 153 178.48 4.47972
      vertex 153 178.618 4.353
    endloop
  endfacet
  facet normal 0 0.676362 0.736569
    outer loop
      vertex 153 178.48 4.47972
      vertex 143 178.618 4.353
      vertex 143 178.48 4.47972
    endloop
  endfacet
  facet normal 0 0.793812 0.608163
    outer loop
      vertex 153 178.353 4.61801
      vertex 143 178.239 4.76681
      vertex 153 178.239 4.76681
    endloop
  endfacet
  facet normal 0 0.793812 0.608163
    outer loop
      vertex 143 178.239 4.76681
      vertex 153 178.353 4.61801
      vertex 143 178.353 4.61801
    endloop
  endfacet
  facet normal 0 0.842855 0.53814
    outer loop
      vertex 153 178.239 4.76681
      vertex 143 178.138 4.925
      vertex 153 178.138 4.925
    endloop
  endfacet
  facet normal 0 0.842855 0.53814
    outer loop
      vertex 143 178.138 4.925
      vertex 153 178.239 4.76681
      vertex 143 178.239 4.76681
    endloop
  endfacet
  facet normal -0 0.381354 0.924429
    outer loop
      vertex 143 179.265 3.97966
      vertex 153 179.091 4.05144
      vertex 153 179.265 3.97966
    endloop
  endfacet
  facet normal 0 0.381354 0.924429
    outer loop
      vertex 153 179.091 4.05144
      vertex 143 179.265 3.97966
      vertex 143 179.091 4.05144
    endloop
  endfacet
  facet normal -0 0.537728 0.843118
    outer loop
      vertex 143 178.925 4.13805
      vertex 153 178.767 4.23882
      vertex 153 178.925 4.13805
    endloop
  endfacet
  facet normal 0 0.537728 0.843118
    outer loop
      vertex 153 178.767 4.23882
      vertex 143 178.925 4.13805
      vertex 143 178.767 4.23882
    endloop
  endfacet
  facet normal 1 0 0
    outer loop
      vertex 143 182.142 6.18738
      vertex 143 182.142 5.81261
      vertex 143 182.15 6
    endloop
  endfacet
  facet normal 1 0 0
    outer loop
      vertex 143 182.117 6.37334
      vertex 143 182.142 5.81261
      vertex 143 182.142 6.18738
    endloop
  endfacet
  facet normal 1 0 0
    outer loop
      vertex 143 182.117 6.37334
      vertex 143 182.117 5.62666
      vertex 143 182.142 5.81261
    endloop
  endfacet
  facet normal 1 0 0
    outer loop
      vertex 143 182.077 6.55646
      vertex 143 182.117 5.62666
      vertex 143 182.117 6.37334
    endloop
  endfacet
  facet normal 1 0 0
    outer loop
      vertex 143 182.077 6.55646
      vertex 143 182.077 5.44354
      vertex 143 182.117 5.62666
    endloop
  endfacet
  facet normal 1 0 0
    outer loop
      vertex 143 182.02 6.73534
      vertex 143 182.077 5.44354
      vertex 143 182.077 6.55646
    endloop
  endfacet
  facet normal 1 0 0
    outer loop
      vertex 143 182.02 6.73534
      vertex 143 182.02 5.26466
      vertex 143 182.077 5.44354
    endloop
  endfacet
  facet normal 1 0 0
    outer loop
      vertex 143 181.949 6.90863
      vertex 143 182.02 5.26466
      vertex 143 182.02 6.73534
    endloop
  endfacet
  facet normal 1 0 0
    outer loop
      vertex 143 181.949 6.90863
      vertex 143 181.949 5.09137
      vertex 143 182.02 5.26466
    endloop
  endfacet
  facet normal 1 0 0
    outer loop
      vertex 143 181.862 7.075
      vertex 143 181.949 5.09137
      vertex 143 181.949 6.90863
    endloop
  endfacet
  facet normal 1 0 0
    outer loop
      vertex 143 181.862 7.075
      vertex 143 181.862 4.925
      vertex 143 181.949 5.09137
    endloop
  endfacet
  facet normal 1 0 0
    outer loop
      vertex 143 181.761 7.23319
      vertex 143 181.862 4.925
      vertex 143 181.862 7.075
    endloop
  endfacet
  facet normal 1 0 0
    outer loop
      vertex 143 181.761 7.23319
      vertex 143 181.761 4.76681
      vertex 143 181.862 4.925
    endloop
  endfacet
  facet normal 1 0 0
    outer loop
      vertex 143 181.647 7.38199
      vertex 143 181.761 4.76681
      vertex 143 181.761 7.23319
    endloop
  endfacet
  facet normal 1 0 0
    outer loop
      vertex 143 181.647 7.38199
      vertex 143 181.647 4.61801
      vertex 143 181.761 4.76681
    endloop
  endfacet
  facet normal 1 0 0
    outer loop
      vertex 143 181.52 7.52028
      vertex 143 181.647 4.61801
      vertex 143 181.647 7.38199
    endloop
  endfacet
  facet normal 1 0 0
    outer loop
      vertex 143 181.52 7.52028
      vertex 143 181.52 4.47972
      vertex 143 181.647 4.61801
    endloop
  endfacet
  facet normal 1 0 0
    outer loop
      vertex 143 181.382 7.647
      vertex 143 181.52 4.47972
      vertex 143 181.52 7.52028
    endloop
  endfacet
  facet normal 1 0 0
    outer loop
      vertex 143 181.382 7.647
      vertex 143 181.382 4.353
      vertex 143 181.52 4.47972
    endloop
  endfacet
  facet normal 1 0 0
    outer loop
      vertex 143 181.233 7.76118
      vertex 143 181.382 4.353
      vertex 143 181.382 7.647
    endloop
  endfacet
  facet normal 1 0 0
    outer loop
      vertex 143 181.233 7.76118
      vertex 143 181.233 4.23882
      vertex 143 181.382 4.353
    endloop
  endfacet
  facet normal 1 0 0
    outer loop
      vertex 143 181.075 7.86195
      vertex 143 181.233 4.23882
      vertex 143 181.233 7.76118
    endloop
  endfacet
  facet normal 1 0 0
    outer loop
      vertex 143 181.075 7.86195
      vertex 143 181.075 4.13805
      vertex 143 181.233 4.23882
    endloop
  endfacet
  facet normal 1 0 0
    outer loop
      vertex 143 180.909 7.94856
      vertex 143 181.075 4.13805
      vertex 143 181.075 7.86195
    endloop
  endfacet
  facet normal 1 0 0
    outer loop
      vertex 143 180.909 7.94856
      vertex 143 180.909 4.05144
      vertex 143 181.075 4.13805
    endloop
  endfacet
  facet normal 1 0 0
    outer loop
      vertex 143 180.735 8.02034
      vertex 143 180.909 4.05144
      vertex 143 180.909 7.94856
    endloop
  endfacet
  facet normal 1 0 0
    outer loop
      vertex 143 180.735 8.02034
      vertex 143 180.735 3.97966
      vertex 143 180.909 4.05144
    endloop
  endfacet
  facet normal 1 0 0
    outer loop
      vertex 143 180.556 8.07674
      vertex 143 180.735 3.97966
      vertex 143 180.735 8.02034
    endloop
  endfacet
  facet normal 1 0 0
    outer loop
      vertex 143 180.556 8.07674
      vertex 143 180.556 3.92326
      vertex 143 180.735 3.97966
    endloop
  endfacet
  facet normal 1 0 0
    outer loop
      vertex 143 180.373 8.11734
      vertex 143 180.556 3.92326
      vertex 143 180.556 8.07674
    endloop
  endfacet
  facet normal 1 0 0
    outer loop
      vertex 143 180.373 8.11734
      vertex 143 180.373 3.88266
      vertex 143 180.556 3.92326
    endloop
  endfacet
  facet normal 1 0 0
    outer loop
      vertex 143 180.187 8.14182
      vertex 143 180.373 3.88266
      vertex 143 180.373 8.11734
    endloop
  endfacet
  facet normal 1 0 0
    outer loop
      vertex 143 180.187 8.14182
      vertex 143 180.187 3.85818
      vertex 143 180.373 3.88266
    endloop
  endfacet
  facet normal 1 0 0
    outer loop
      vertex 143 180 8.15
      vertex 143 180.187 3.85818
      vertex 143 180.187 8.14182
    endloop
  endfacet
  facet normal 1 0 0
    outer loop
      vertex 143 180 8.15
      vertex 143 180 3.85
      vertex 143 180.187 3.85818
    endloop
  endfacet
  facet normal 1 -0 0
    outer loop
      vertex 143 179.813 8.14182
      vertex 143 180 3.85
      vertex 143 180 8.15
    endloop
  endfacet
  facet normal 1 0 0
    outer loop
      vertex 143 179.813 8.14182
      vertex 143 179.813 3.85818
      vertex 143 180 3.85
    endloop
  endfacet
  facet normal 1 -0 0
    outer loop
      vertex 143 179.627 8.11734
      vertex 143 179.813 3.85818
      vertex 143 179.813 8.14182
    endloop
  endfacet
  facet normal 1 0 0
    outer loop
      vertex 143 179.627 8.11734
      vertex 143 179.627 3.88266
      vertex 143 179.813 3.85818
    endloop
  endfacet
  facet normal 1 -0 0
    outer loop
      vertex 143 179.444 8.07674
      vertex 143 179.627 3.88266
      vertex 143 179.627 8.11734
    endloop
  endfacet
  facet normal 1 0 0
    outer loop
      vertex 143 179.444 8.07674
      vertex 143 179.444 3.92326
      vertex 143 179.627 3.88266
    endloop
  endfacet
  facet normal 1 -0 0
    outer loop
      vertex 143 179.265 8.02034
      vertex 143 179.444 3.92326
      vertex 143 179.444 8.07674
    endloop
  endfacet
  facet normal 1 0 0
    outer loop
      vertex 143 179.265 8.02034
      vertex 143 179.265 3.97966
      vertex 143 179.444 3.92326
    endloop
  endfacet
  facet normal 1 -0 0
    outer loop
      vertex 143 179.091 7.94856
      vertex 143 179.265 3.97966
      vertex 143 179.265 8.02034
    endloop
  endfacet
  facet normal 1 0 0
    outer loop
      vertex 143 179.091 7.94856
      vertex 143 179.091 4.05144
      vertex 143 179.265 3.97966
    endloop
  endfacet
  facet normal 1 -0 0
    outer loop
      vertex 143 178.925 7.86195
      vertex 143 179.091 4.05144
      vertex 143 179.091 7.94856
    endloop
  endfacet
  facet normal 1 0 0
    outer loop
      vertex 143 178.925 7.86195
      vertex 143 178.925 4.13805
      vertex 143 179.091 4.05144
    endloop
  endfacet
  facet normal 1 -0 0
    outer loop
      vertex 143 178.767 7.76118
      vertex 143 178.925 4.13805
      vertex 143 178.925 7.86195
    endloop
  endfacet
  facet normal 1 0 0
    outer loop
      vertex 143 178.767 7.76118
      vertex 143 178.767 4.23882
      vertex 143 178.925 4.13805
    endloop
  endfacet
  facet normal 1 -0 0
    outer loop
      vertex 143 178.618 7.647
      vertex 143 178.767 4.23882
      vertex 143 178.767 7.76118
    endloop
  endfacet
  facet normal 1 0 0
    outer loop
      vertex 143 178.618 7.647
      vertex 143 178.618 4.353
      vertex 143 178.767 4.23882
    endloop
  endfacet
  facet normal 1 -0 0
    outer loop
      vertex 143 178.48 7.52028
      vertex 143 178.618 4.353
      vertex 143 178.618 7.647
    endloop
  endfacet
  facet normal 1 0 0
    outer loop
      vertex 143 178.48 7.52028
      vertex 143 178.48 4.47972
      vertex 143 178.618 4.353
    endloop
  endfacet
  facet normal 1 -0 0
    outer loop
      vertex 143 178.353 7.38199
      vertex 143 178.48 4.47972
      vertex 143 178.48 7.52028
    endloop
  endfacet
  facet normal 1 0 0
    outer loop
      vertex 143 178.353 7.38199
      vertex 143 178.353 4.61801
      vertex 143 178.48 4.47972
    endloop
  endfacet
  facet normal 1 -0 0
    outer loop
      vertex 143 178.239 7.23319
      vertex 143 178.353 4.61801
      vertex 143 178.353 7.38199
    endloop
  endfacet
  facet normal 1 0 0
    outer loop
      vertex 143 178.239 7.23319
      vertex 143 178.239 4.76681
      vertex 143 178.353 4.61801
    endloop
  endfacet
  facet normal 1 -0 0
    outer loop
      vertex 143 178.138 7.075
      vertex 143 178.239 4.76681
      vertex 143 178.239 7.23319
    endloop
  endfacet
  facet normal 1 0 0
    outer loop
      vertex 143 178.138 7.075
      vertex 143 178.138 4.925
      vertex 143 178.239 4.76681
    endloop
  endfacet
  facet normal 1 -0 0
    outer loop
      vertex 143 178.051 6.90863
      vertex 143 178.138 4.925
      vertex 143 178.138 7.075
    endloop
  endfacet
  facet normal 1 0 0
    outer loop
      vertex 143 178.051 6.90863
      vertex 143 178.051 5.09137
      vertex 143 178.138 4.925
    endloop
  endfacet
  facet normal 1 -0 0
    outer loop
      vertex 143 177.98 6.73534
      vertex 143 178.051 5.09137
      vertex 143 178.051 6.90863
    endloop
  endfacet
  facet normal 1 0 0
    outer loop
      vertex 143 177.98 6.73534
      vertex 143 177.98 5.26466
      vertex 143 178.051 5.09137
    endloop
  endfacet
  facet normal 1 -0 0
    outer loop
      vertex 143 177.923 6.55646
      vertex 143 177.98 5.26466
      vertex 143 177.98 6.73534
    endloop
  endfacet
  facet normal 1 0 0
    outer loop
      vertex 143 177.923 6.55646
      vertex 143 177.923 5.44354
      vertex 143 177.98 5.26466
    endloop
  endfacet
  facet normal 1 -0 0
    outer loop
      vertex 143 177.883 6.37334
      vertex 143 177.923 5.44354
      vertex 143 177.923 6.55646
    endloop
  endfacet
  facet normal 1 0 0
    outer loop
      vertex 143 177.883 6.37334
      vertex 143 177.883 5.62666
      vertex 143 177.923 5.44354
    endloop
  endfacet
  facet normal 1 -0 0
    outer loop
      vertex 143 177.858 6.18738
      vertex 143 177.883 5.62666
      vertex 143 177.883 6.37334
    endloop
  endfacet
  facet normal 1 0 0
    outer loop
      vertex 143 177.858 6.18738
      vertex 143 177.858 5.81261
      vertex 143 177.883 5.62666
    endloop
  endfacet
  facet normal 1 0 -0
    outer loop
      vertex 143 177.858 5.81261
      vertex 143 177.858 6.18738
      vertex 143 177.85 6
    endloop
  endfacet
  facet normal 0 0.976964 -0.213404
    outer loop
      vertex 156 177.883 6.37334
      vertex 143 177.923 6.55646
      vertex 156 177.923 6.55646
    endloop
  endfacet
  facet normal 0 0.976964 -0.213404
    outer loop
      vertex 143 177.923 6.55646
      vertex 156 177.883 6.37334
      vertex 143 177.883 6.37334
    endloop
  endfacet
  facet normal 0 0.886151 -0.463396
    outer loop
      vertex 156 178.051 6.90863
      vertex 143 178.138 7.075
      vertex 156 178.138 7.075
    endloop
  endfacet
  facet normal 0 0.886151 -0.463396
    outer loop
      vertex 143 178.138 7.075
      vertex 156 178.051 6.90863
      vertex 143 178.051 6.90863
    endloop
  endfacet
  facet normal 0 0.793812 -0.608163
    outer loop
      vertex 156 178.239 7.23319
      vertex 143 178.353 7.38199
      vertex 156 178.353 7.38199
    endloop
  endfacet
  facet normal 0 0.793812 -0.608163
    outer loop
      vertex 143 178.353 7.38199
      vertex 156 178.239 7.23319
      vertex 143 178.239 7.23319
    endloop
  endfacet
  facet normal 0 0.925344 -0.37913
    outer loop
      vertex 156 177.98 6.73534
      vertex 143 178.051 6.90863
      vertex 156 178.051 6.90863
    endloop
  endfacet
  facet normal 0 0.925344 -0.37913
    outer loop
      vertex 143 178.051 6.90863
      vertex 156 177.98 6.73534
      vertex 143 177.98 6.73534
    endloop
  endfacet
  facet normal 0 0.736533 -0.676402
    outer loop
      vertex 156 178.353 7.38199
      vertex 143 178.48 7.52028
      vertex 156 178.48 7.52028
    endloop
  endfacet
  facet normal 0 0.736533 -0.676402
    outer loop
      vertex 143 178.48 7.52028
      vertex 156 178.353 7.38199
      vertex 143 178.353 7.38199
    endloop
  endfacet
  facet normal 0 0.676362 -0.736569
    outer loop
      vertex 143 178.48 7.52028
      vertex 156 178.618 7.647
      vertex 156 178.48 7.52028
    endloop
  endfacet
  facet normal 0 0.676362 -0.736569
    outer loop
      vertex 156 178.618 7.647
      vertex 143 178.48 7.52028
      vertex 143 178.618 7.647
    endloop
  endfacet
  facet normal 0 0.462571 -0.886582
    outer loop
      vertex 143 178.925 7.86195
      vertex 156 179.091 7.94856
      vertex 156 178.925 7.86195
    endloop
  endfacet
  facet normal 0 0.462571 -0.886582
    outer loop
      vertex 156 179.091 7.94856
      vertex 143 178.925 7.86195
      vertex 143 179.091 7.94856
    endloop
  endfacet
  facet normal 0 0.381354 -0.924429
    outer loop
      vertex 143 179.091 7.94856
      vertex 156 179.265 8.02034
      vertex 156 179.091 7.94856
    endloop
  endfacet
  facet normal 0 0.381354 -0.924429
    outer loop
      vertex 156 179.265 8.02034
      vertex 143 179.091 7.94856
      vertex 143 179.265 8.02034
    endloop
  endfacet
  facet normal 0 0.300519 -0.953776
    outer loop
      vertex 143 179.265 8.02034
      vertex 156 179.444 8.07674
      vertex 156 179.265 8.02034
    endloop
  endfacet
  facet normal 0 0.300519 -0.953776
    outer loop
      vertex 156 179.444 8.07674
      vertex 143 179.265 8.02034
      vertex 143 179.444 8.07674
    endloop
  endfacet
  facet normal 0 0.216592 -0.976262
    outer loop
      vertex 143 179.444 8.07674
      vertex 156 179.627 8.11734
      vertex 156 179.444 8.07674
    endloop
  endfacet
  facet normal 0 0.216592 -0.976262
    outer loop
      vertex 156 179.627 8.11734
      vertex 143 179.444 8.07674
      vertex 143 179.627 8.11734
    endloop
  endfacet
  facet normal 0 0.130488 -0.99145
    outer loop
      vertex 143 179.627 8.11734
      vertex 156 179.813 8.14182
      vertex 156 179.627 8.11734
    endloop
  endfacet
  facet normal 0 0.130488 -0.99145
    outer loop
      vertex 156 179.813 8.14182
      vertex 143 179.627 8.11734
      vertex 143 179.813 8.14182
    endloop
  endfacet
  facet normal 0 0.99909 -0.0426551
    outer loop
      vertex 156 177.85 6
      vertex 143 177.858 6.18738
      vertex 156 177.858 6.18738
    endloop
  endfacet
  facet normal 0 0.99909 -0.0426551
    outer loop
      vertex 143 177.858 6.18738
      vertex 156 177.85 6
      vertex 143 177.85 6
    endloop
  endfacet
  facet normal 0 0.952797 -0.303608
    outer loop
      vertex 156 177.923 6.55646
      vertex 143 177.98 6.73534
      vertex 156 177.98 6.73534
    endloop
  endfacet
  facet normal 0 0.952797 -0.303608
    outer loop
      vertex 143 177.98 6.73534
      vertex 156 177.923 6.55646
      vertex 143 177.923 6.55646
    endloop
  endfacet
  facet normal 0 0.991084 -0.133239
    outer loop
      vertex 156 177.858 6.18738
      vertex 143 177.883 6.37334
      vertex 156 177.883 6.37334
    endloop
  endfacet
  facet normal 0 0.991084 -0.133239
    outer loop
      vertex 143 177.883 6.37334
      vertex 156 177.858 6.18738
      vertex 143 177.858 6.18738
    endloop
  endfacet
  facet normal 0 0.537728 -0.843118
    outer loop
      vertex 143 178.767 7.76118
      vertex 156 178.925 7.86195
      vertex 156 178.767 7.76118
    endloop
  endfacet
  facet normal 0 0.537728 -0.843118
    outer loop
      vertex 156 178.925 7.86195
      vertex 143 178.767 7.76118
      vertex 143 178.925 7.86195
    endloop
  endfacet
  facet normal 0 0.952797 0.303608
    outer loop
      vertex 156 177.98 5.26466
      vertex 143 177.923 5.44354
      vertex 156 177.923 5.44354
    endloop
  endfacet
  facet normal 0 0.952797 0.303608
    outer loop
      vertex 143 177.923 5.44354
      vertex 156 177.98 5.26466
      vertex 143 177.98 5.26466
    endloop
  endfacet
  facet normal 0 -0.0438082 0.99904
    outer loop
      vertex 143 304.187 -58.1418
      vertex 156 304 -58.15
      vertex 156 304.187 -58.1418
    endloop
  endfacet
  facet normal 0 -0.0438082 0.99904
    outer loop
      vertex 156 304 -58.15
      vertex 143 304.187 -58.1418
      vertex 143 304 -58.15
    endloop
  endfacet
  facet normal 0 0.0438082 -0.99904
    outer loop
      vertex 143 303.813 -53.8582
      vertex 153 304 -53.85
      vertex 153 303.813 -53.8582
    endloop
  endfacet
  facet normal 0 0.0438082 -0.99904
    outer loop
      vertex 153 304 -53.85
      vertex 143 303.813 -53.8582
      vertex 143 304 -53.85
    endloop
  endfacet
  facet normal 0 -0.99909 -0.0426506
    outer loop
      vertex 143 306.15 -56
      vertex 156 306.142 -55.8126
      vertex 143 306.142 -55.8126
    endloop
  endfacet
  facet normal 0 -0.99909 -0.0426506
    outer loop
      vertex 156 306.142 -55.8126
      vertex 143 306.15 -56
      vertex 156 306.15 -56
    endloop
  endfacet
  facet normal 0 0.99909 0.0426506
    outer loop
      vertex 153 301.858 -56.1874
      vertex 143 301.85 -56
      vertex 153 301.85 -56
    endloop
  endfacet
  facet normal 0 0.99909 0.0426506
    outer loop
      vertex 143 301.85 -56
      vertex 153 301.858 -56.1874
      vertex 143 301.858 -56.1874
    endloop
  endfacet
  facet normal 0 -0.676305 -0.736622
    outer loop
      vertex 143 305.382 -54.353
      vertex 153 305.52 -54.4797
      vertex 153 305.382 -54.353
    endloop
  endfacet
  facet normal -0 -0.676305 -0.736622
    outer loop
      vertex 153 305.52 -54.4797
      vertex 143 305.382 -54.353
      vertex 143 305.52 -54.4797
    endloop
  endfacet
  facet normal 0 -0.925351 -0.379111
    outer loop
      vertex 143 306.02 -55.2647
      vertex 156 305.949 -55.0914
      vertex 143 305.949 -55.0914
    endloop
  endfacet
  facet normal 0 -0.925351 -0.379111
    outer loop
      vertex 156 305.949 -55.0914
      vertex 143 306.02 -55.2647
      vertex 156 306.02 -55.2647
    endloop
  endfacet
  facet normal 0 -0.925351 0.379111
    outer loop
      vertex 143 305.949 -56.9086
      vertex 156 306.02 -56.7353
      vertex 143 306.02 -56.7353
    endloop
  endfacet
  facet normal 0 -0.925351 0.379111
    outer loop
      vertex 156 306.02 -56.7353
      vertex 143 305.949 -56.9086
      vertex 156 305.949 -56.9086
    endloop
  endfacet
  facet normal 0 -0.38099 -0.924579
    outer loop
      vertex 143 304.735 -53.9797
      vertex 153 304.909 -54.0514
      vertex 153 304.735 -53.9797
    endloop
  endfacet
  facet normal -0 -0.38099 -0.924579
    outer loop
      vertex 153 304.909 -54.0514
      vertex 143 304.735 -53.9797
      vertex 143 304.909 -54.0514
    endloop
  endfacet
  facet normal 0 -0.976983 -0.213315
    outer loop
      vertex 143 306.117 -55.6267
      vertex 156 306.077 -55.4435
      vertex 143 306.077 -55.4435
    endloop
  endfacet
  facet normal 0 -0.976983 -0.213315
    outer loop
      vertex 156 306.077 -55.4435
      vertex 143 306.117 -55.6267
      vertex 156 306.117 -55.6267
    endloop
  endfacet
  facet normal 0 0.925351 0.379111
    outer loop
      vertex 153 302.051 -56.9086
      vertex 143 301.98 -56.7353
      vertex 153 301.98 -56.7353
    endloop
  endfacet
  facet normal 0 0.925351 0.379111
    outer loop
      vertex 143 301.98 -56.7353
      vertex 153 302.051 -56.9086
      vertex 143 302.051 -56.9086
    endloop
  endfacet
  facet normal 0 -0.130592 0.991436
    outer loop
      vertex 143 304.373 -58.1173
      vertex 156 304.187 -58.1418
      vertex 156 304.373 -58.1173
    endloop
  endfacet
  facet normal 0 -0.130592 0.991436
    outer loop
      vertex 156 304.187 -58.1418
      vertex 143 304.373 -58.1173
      vertex 143 304.187 -58.1418
    endloop
  endfacet
  facet normal 0 -0.300519 0.953776
    outer loop
      vertex 143 304.735 -58.0203
      vertex 156 304.556 -58.0767
      vertex 156 304.735 -58.0203
    endloop
  endfacet
  facet normal 0 -0.300519 0.953776
    outer loop
      vertex 156 304.556 -58.0767
      vertex 143 304.735 -58.0203
      vertex 143 304.556 -58.0767
    endloop
  endfacet
  facet normal 0 -0.60832 0.793692
    outer loop
      vertex 143 305.382 -57.647
      vertex 156 305.233 -57.7612
      vertex 156 305.382 -57.647
    endloop
  endfacet
  facet normal 0 -0.60832 0.793692
    outer loop
      vertex 156 305.233 -57.7612
      vertex 143 305.382 -57.647
      vertex 143 305.233 -57.7612
    endloop
  endfacet
  facet normal 0 -0.676305 0.736622
    outer loop
      vertex 143 305.52 -57.5203
      vertex 156 305.382 -57.647
      vertex 156 305.52 -57.5203
    endloop
  endfacet
  facet normal 0 -0.676305 0.736622
    outer loop
      vertex 156 305.382 -57.647
      vertex 143 305.52 -57.5203
      vertex 143 305.382 -57.647
    endloop
  endfacet
  facet normal 0 -0.46253 0.886604
    outer loop
      vertex 143 305.075 -57.862
      vertex 156 304.909 -57.9486
      vertex 156 305.075 -57.862
    endloop
  endfacet
  facet normal 0 -0.46253 0.886604
    outer loop
      vertex 156 304.909 -57.9486
      vertex 143 305.075 -57.862
      vertex 143 304.909 -57.9486
    endloop
  endfacet
  facet normal 0 -0.952758 0.303731
    outer loop
      vertex 143 306.02 -56.7353
      vertex 156 306.077 -56.5565
      vertex 143 306.077 -56.5565
    endloop
  endfacet
  facet normal 0 -0.952758 0.303731
    outer loop
      vertex 156 306.077 -56.5565
      vertex 143 306.02 -56.7353
      vertex 156 306.02 -56.7353
    endloop
  endfacet
  facet normal 0 -0.886186 0.46333
    outer loop
      vertex 143 305.862 -57.075
      vertex 156 305.949 -56.9086
      vertex 143 305.949 -56.9086
    endloop
  endfacet
  facet normal 0 -0.886186 0.46333
    outer loop
      vertex 156 305.949 -56.9086
      vertex 143 305.862 -57.075
      vertex 156 305.862 -57.075
    endloop
  endfacet
  facet normal 0 -0.793812 0.608163
    outer loop
      vertex 143 305.647 -57.382
      vertex 156 305.761 -57.2332
      vertex 143 305.761 -57.2332
    endloop
  endfacet
  facet normal 0 -0.793812 0.608163
    outer loop
      vertex 156 305.761 -57.2332
      vertex 143 305.647 -57.382
      vertex 156 305.647 -57.382
    endloop
  endfacet
  facet normal 0 -0.216592 -0.976262
    outer loop
      vertex 143 304.373 -53.8827
      vertex 153 304.556 -53.9233
      vertex 153 304.373 -53.8827
    endloop
  endfacet
  facet normal -0 -0.216592 -0.976262
    outer loop
      vertex 153 304.556 -53.9233
      vertex 143 304.373 -53.8827
      vertex 143 304.556 -53.9233
    endloop
  endfacet
  facet normal 0 -0.537842 -0.843046
    outer loop
      vertex 143 305.075 -54.138
      vertex 153 305.233 -54.2388
      vertex 153 305.075 -54.138
    endloop
  endfacet
  facet normal -0 -0.537842 -0.843046
    outer loop
      vertex 153 305.233 -54.2388
      vertex 143 305.075 -54.138
      vertex 143 305.233 -54.2388
    endloop
  endfacet
  facet normal 0 -0.60832 -0.793692
    outer loop
      vertex 143 305.233 -54.2388
      vertex 153 305.382 -54.353
      vertex 153 305.233 -54.2388
    endloop
  endfacet
  facet normal -0 -0.60832 -0.793692
    outer loop
      vertex 153 305.382 -54.353
      vertex 143 305.233 -54.2388
      vertex 143 305.382 -54.353
    endloop
  endfacet
  facet normal 0 -0.46253 -0.886604
    outer loop
      vertex 143 304.909 -54.0514
      vertex 153 305.075 -54.138
      vertex 153 304.909 -54.0514
    endloop
  endfacet
  facet normal -0 -0.46253 -0.886604
    outer loop
      vertex 153 305.075 -54.138
      vertex 143 304.909 -54.0514
      vertex 143 305.075 -54.138
    endloop
  endfacet
  facet normal 0 -0.300519 -0.953776
    outer loop
      vertex 143 304.556 -53.9233
      vertex 153 304.735 -53.9797
      vertex 153 304.556 -53.9233
    endloop
  endfacet
  facet normal -0 -0.300519 -0.953776
    outer loop
      vertex 153 304.735 -53.9797
      vertex 143 304.556 -53.9233
      vertex 143 304.735 -53.9797
    endloop
  endfacet
  facet normal 0 -0.793812 -0.608163
    outer loop
      vertex 143 305.761 -54.7668
      vertex 153 305.647 -54.618
      vertex 143 305.647 -54.618
    endloop
  endfacet
  facet normal 0 -0.793812 -0.608163
    outer loop
      vertex 153 305.647 -54.618
      vertex 143 305.761 -54.7668
      vertex 153 305.761 -54.7668
    endloop
  endfacet
  facet normal 0 -0.890866 -0.454266
    outer loop
      vertex 143 305.862 -54.925
      vertex 153 305.88 -54.9603
      vertex 153 305.862 -54.925
    endloop
  endfacet
  facet normal -4.04216e-05 -0.886186 -0.46333
    outer loop
      vertex 143 305.949 -55.0914
      vertex 153 305.88 -54.9603
      vertex 143 305.862 -54.925
    endloop
  endfacet
  facet normal -0 -0.884918 -0.465746
    outer loop
      vertex 156 305.949 -55.0914
      vertex 153 305.88 -54.9603
      vertex 143 305.949 -55.0914
    endloop
  endfacet
  facet normal 0 -0.884918 -0.465746
    outer loop
      vertex 153 305.88 -54.9603
      vertex 156 305.949 -55.0914
      vertex 156 305.88 -54.9603
    endloop
  endfacet
  facet normal 0 -0.736557 -0.676376
    outer loop
      vertex 143 305.647 -54.618
      vertex 153 305.52 -54.4797
      vertex 143 305.52 -54.4797
    endloop
  endfacet
  facet normal 0 -0.736557 -0.676376
    outer loop
      vertex 153 305.52 -54.4797
      vertex 143 305.647 -54.618
      vertex 153 305.647 -54.618
    endloop
  endfacet
  facet normal 0 -0.952758 -0.303731
    outer loop
      vertex 143 306.077 -55.4435
      vertex 156 306.02 -55.2647
      vertex 143 306.02 -55.2647
    endloop
  endfacet
  facet normal 0 -0.952758 -0.303731
    outer loop
      vertex 156 306.02 -55.2647
      vertex 143 306.077 -55.4435
      vertex 156 306.077 -55.4435
    endloop
  endfacet
  facet normal 0 -0.991078 -0.133281
    outer loop
      vertex 143 306.142 -55.8126
      vertex 156 306.117 -55.6267
      vertex 143 306.117 -55.6267
    endloop
  endfacet
  facet normal 0 -0.991078 -0.133281
    outer loop
      vertex 156 306.117 -55.6267
      vertex 143 306.142 -55.8126
      vertex 156 306.142 -55.8126
    endloop
  endfacet
  facet normal -0 0.130592 0.991436
    outer loop
      vertex 143 303.813 -58.1418
      vertex 156 303.627 -58.1173
      vertex 156 303.813 -58.1418
    endloop
  endfacet
  facet normal 0 0.130592 0.991436
    outer loop
      vertex 156 303.627 -58.1173
      vertex 143 303.813 -58.1418
      vertex 143 303.627 -58.1173
    endloop
  endfacet
  facet normal 0 0.886186 0.46333
    outer loop
      vertex 153 302.138 -57.075
      vertex 143 302.051 -56.9086
      vertex 153 302.051 -56.9086
    endloop
  endfacet
  facet normal 0 0.886186 0.46333
    outer loop
      vertex 143 302.051 -56.9086
      vertex 153 302.138 -57.075
      vertex 143 302.138 -57.075
    endloop
  endfacet
  facet normal 0 0.793812 -0.608163
    outer loop
      vertex 153 302.239 -54.7668
      vertex 143 302.353 -54.618
      vertex 153 302.353 -54.618
    endloop
  endfacet
  facet normal 0 0.793812 -0.608163
    outer loop
      vertex 143 302.353 -54.618
      vertex 153 302.239 -54.7668
      vertex 143 302.239 -54.7668
    endloop
  endfacet
  facet normal 0 0.991078 0.133281
    outer loop
      vertex 153 301.883 -56.3733
      vertex 143 301.858 -56.1874
      vertex 153 301.858 -56.1874
    endloop
  endfacet
  facet normal 0 0.991078 0.133281
    outer loop
      vertex 143 301.858 -56.1874
      vertex 153 301.883 -56.3733
      vertex 143 301.883 -56.3733
    endloop
  endfacet
  facet normal 0 -0.216592 0.976262
    outer loop
      vertex 143 304.556 -58.0767
      vertex 156 304.373 -58.1173
      vertex 156 304.556 -58.0767
    endloop
  endfacet
  facet normal 0 -0.216592 0.976262
    outer loop
      vertex 156 304.373 -58.1173
      vertex 143 304.556 -58.0767
      vertex 143 304.373 -58.1173
    endloop
  endfacet
  facet normal 0 -0.38099 0.924579
    outer loop
      vertex 143 304.909 -57.9486
      vertex 156 304.735 -58.0203
      vertex 156 304.909 -57.9486
    endloop
  endfacet
  facet normal 0 -0.38099 0.924579
    outer loop
      vertex 156 304.735 -58.0203
      vertex 143 304.909 -57.9486
      vertex 143 304.735 -58.0203
    endloop
  endfacet
  facet normal 0 -0.736557 0.676376
    outer loop
      vertex 143 305.52 -57.5203
      vertex 156 305.647 -57.382
      vertex 143 305.647 -57.382
    endloop
  endfacet
  facet normal 0 -0.736557 0.676376
    outer loop
      vertex 156 305.647 -57.382
      vertex 143 305.52 -57.5203
      vertex 156 305.52 -57.5203
    endloop
  endfacet
  facet normal 0 -0.537842 0.843046
    outer loop
      vertex 143 305.233 -57.7612
      vertex 156 305.075 -57.862
      vertex 156 305.233 -57.7612
    endloop
  endfacet
  facet normal 0 -0.537842 0.843046
    outer loop
      vertex 156 305.075 -57.862
      vertex 143 305.233 -57.7612
      vertex 143 305.075 -57.862
    endloop
  endfacet
  facet normal 0 -0.976983 0.213315
    outer loop
      vertex 143 306.077 -56.5565
      vertex 156 306.117 -56.3733
      vertex 143 306.117 -56.3733
    endloop
  endfacet
  facet normal 0 -0.976983 0.213315
    outer loop
      vertex 156 306.117 -56.3733
      vertex 143 306.077 -56.5565
      vertex 156 306.077 -56.5565
    endloop
  endfacet
  facet normal 0 -0.991078 0.133281
    outer loop
      vertex 143 306.117 -56.3733
      vertex 156 306.142 -56.1874
      vertex 143 306.142 -56.1874
    endloop
  endfacet
  facet normal 0 -0.991078 0.133281
    outer loop
      vertex 156 306.142 -56.1874
      vertex 143 306.117 -56.3733
      vertex 156 306.117 -56.3733
    endloop
  endfacet
  facet normal 0 -0.842871 0.538116
    outer loop
      vertex 143 305.761 -57.2332
      vertex 156 305.862 -57.075
      vertex 143 305.862 -57.075
    endloop
  endfacet
  facet normal 0 -0.842871 0.538116
    outer loop
      vertex 156 305.862 -57.075
      vertex 143 305.761 -57.2332
      vertex 156 305.761 -57.2332
    endloop
  endfacet
  facet normal 0 -0.130592 -0.991436
    outer loop
      vertex 143 304.187 -53.8582
      vertex 153 304.373 -53.8827
      vertex 153 304.187 -53.8582
    endloop
  endfacet
  facet normal -0 -0.130592 -0.991436
    outer loop
      vertex 153 304.373 -53.8827
      vertex 143 304.187 -53.8582
      vertex 143 304.373 -53.8827
    endloop
  endfacet
  facet normal 0 -0.0438082 -0.99904
    outer loop
      vertex 143 304 -53.85
      vertex 153 304.187 -53.8582
      vertex 153 304 -53.85
    endloop
  endfacet
  facet normal -0 -0.0438082 -0.99904
    outer loop
      vertex 153 304.187 -53.8582
      vertex 143 304 -53.85
      vertex 143 304.187 -53.8582
    endloop
  endfacet
  facet normal 0 -0.842871 -0.538116
    outer loop
      vertex 143 305.862 -54.925
      vertex 153 305.761 -54.7668
      vertex 143 305.761 -54.7668
    endloop
  endfacet
  facet normal 0 -0.842871 -0.538116
    outer loop
      vertex 153 305.761 -54.7668
      vertex 143 305.862 -54.925
      vertex 153 305.862 -54.925
    endloop
  endfacet
  facet normal -0 0.0438082 0.99904
    outer loop
      vertex 143 304 -58.15
      vertex 156 303.813 -58.1418
      vertex 156 304 -58.15
    endloop
  endfacet
  facet normal 0 0.0438082 0.99904
    outer loop
      vertex 156 303.813 -58.1418
      vertex 143 304 -58.15
      vertex 143 303.813 -58.1418
    endloop
  endfacet
  facet normal -0 0.300519 0.953776
    outer loop
      vertex 143 303.444 -58.0767
      vertex 156 303.265 -58.0203
      vertex 156 303.444 -58.0767
    endloop
  endfacet
  facet normal 0 0.300519 0.953776
    outer loop
      vertex 156 303.265 -58.0203
      vertex 143 303.444 -58.0767
      vertex 143 303.265 -58.0203
    endloop
  endfacet
  facet normal 0 0.462312 0.886718
    outer loop
      vertex 156 303.091 -57.9486
      vertex 153 302.96 -57.8803
      vertex 156 302.96 -57.8803
    endloop
  endfacet
  facet normal -0 0.462312 0.886718
    outer loop
      vertex 143 303.091 -57.9486
      vertex 153 302.96 -57.8803
      vertex 156 303.091 -57.9486
    endloop
  endfacet
  facet normal 3.63187e-06 0.46253 0.886604
    outer loop
      vertex 143 302.925 -57.862
      vertex 153 302.96 -57.8803
      vertex 143 303.091 -57.9486
    endloop
  endfacet
  facet normal 0 0.463345 0.886178
    outer loop
      vertex 153 302.96 -57.8803
      vertex 143 302.925 -57.862
      vertex 153 302.925 -57.862
    endloop
  endfacet
  facet normal -0 0.60832 0.793692
    outer loop
      vertex 143 302.767 -57.7612
      vertex 153 302.618 -57.647
      vertex 153 302.767 -57.7612
    endloop
  endfacet
  facet normal 0 0.60832 0.793692
    outer loop
      vertex 153 302.618 -57.647
      vertex 143 302.767 -57.7612
      vertex 143 302.618 -57.647
    endloop
  endfacet
  facet normal 0 0.925351 -0.379111
    outer loop
      vertex 153 301.98 -55.2647
      vertex 143 302.051 -55.0914
      vertex 153 302.051 -55.0914
    endloop
  endfacet
  facet normal 0 0.925351 -0.379111
    outer loop
      vertex 143 302.051 -55.0914
      vertex 153 301.98 -55.2647
      vertex 143 301.98 -55.2647
    endloop
  endfacet
  facet normal 0 0.736557 -0.676376
    outer loop
      vertex 153 302.353 -54.618
      vertex 143 302.48 -54.4797
      vertex 153 302.48 -54.4797
    endloop
  endfacet
  facet normal 0 0.736557 -0.676376
    outer loop
      vertex 143 302.48 -54.4797
      vertex 153 302.353 -54.618
      vertex 143 302.353 -54.618
    endloop
  endfacet
  facet normal 0 0.38099 -0.924579
    outer loop
      vertex 143 303.091 -54.0514
      vertex 153 303.265 -53.9797
      vertex 153 303.091 -54.0514
    endloop
  endfacet
  facet normal 0 0.38099 -0.924579
    outer loop
      vertex 153 303.265 -53.9797
      vertex 143 303.091 -54.0514
      vertex 143 303.265 -53.9797
    endloop
  endfacet
  facet normal 0 0.976983 0.213315
    outer loop
      vertex 153 301.923 -56.5565
      vertex 143 301.883 -56.3733
      vertex 153 301.883 -56.3733
    endloop
  endfacet
  facet normal 0 0.976983 0.213315
    outer loop
      vertex 143 301.883 -56.3733
      vertex 153 301.923 -56.5565
      vertex 143 301.923 -56.5565
    endloop
  endfacet
  facet normal 0 -0.99909 0.0426506
    outer loop
      vertex 143 306.142 -56.1874
      vertex 156 306.15 -56
      vertex 143 306.15 -56
    endloop
  endfacet
  facet normal 0 -0.99909 0.0426506
    outer loop
      vertex 156 306.15 -56
      vertex 143 306.142 -56.1874
      vertex 156 306.142 -56.1874
    endloop
  endfacet
  facet normal -0 0.216592 0.976262
    outer loop
      vertex 143 303.627 -58.1173
      vertex 156 303.444 -58.0767
      vertex 156 303.627 -58.1173
    endloop
  endfacet
  facet normal 0 0.216592 0.976262
    outer loop
      vertex 156 303.444 -58.0767
      vertex 143 303.627 -58.1173
      vertex 143 303.444 -58.0767
    endloop
  endfacet
  facet normal 0 0.736557 0.676376
    outer loop
      vertex 153 302.48 -57.5203
      vertex 143 302.353 -57.382
      vertex 153 302.353 -57.382
    endloop
  endfacet
  facet normal 0 0.736557 0.676376
    outer loop
      vertex 143 302.353 -57.382
      vertex 153 302.48 -57.5203
      vertex 143 302.48 -57.5203
    endloop
  endfacet
  facet normal -0 0.676305 0.736622
    outer loop
      vertex 143 302.618 -57.647
      vertex 153 302.48 -57.5203
      vertex 153 302.618 -57.647
    endloop
  endfacet
  facet normal 0 0.676305 0.736622
    outer loop
      vertex 153 302.48 -57.5203
      vertex 143 302.618 -57.647
      vertex 143 302.48 -57.5203
    endloop
  endfacet
  facet normal 0 0.793812 0.608163
    outer loop
      vertex 153 302.353 -57.382
      vertex 143 302.239 -57.2332
      vertex 153 302.239 -57.2332
    endloop
  endfacet
  facet normal 0 0.793812 0.608163
    outer loop
      vertex 143 302.239 -57.2332
      vertex 153 302.353 -57.382
      vertex 143 302.353 -57.382
    endloop
  endfacet
  facet normal 0 0.842871 0.538116
    outer loop
      vertex 153 302.239 -57.2332
      vertex 143 302.138 -57.075
      vertex 153 302.138 -57.075
    endloop
  endfacet
  facet normal 0 0.842871 0.538116
    outer loop
      vertex 143 302.138 -57.075
      vertex 153 302.239 -57.2332
      vertex 143 302.239 -57.2332
    endloop
  endfacet
  facet normal -0 0.38099 0.924579
    outer loop
      vertex 143 303.265 -58.0203
      vertex 156 303.091 -57.9486
      vertex 156 303.265 -58.0203
    endloop
  endfacet
  facet normal 0 0.38099 0.924579
    outer loop
      vertex 156 303.091 -57.9486
      vertex 143 303.265 -58.0203
      vertex 143 303.091 -57.9486
    endloop
  endfacet
  facet normal -0 0.537842 0.843046
    outer loop
      vertex 143 302.925 -57.862
      vertex 153 302.767 -57.7612
      vertex 153 302.925 -57.862
    endloop
  endfacet
  facet normal 0 0.537842 0.843046
    outer loop
      vertex 153 302.767 -57.7612
      vertex 143 302.925 -57.862
      vertex 143 302.767 -57.7612
    endloop
  endfacet
  facet normal 1 0 0
    outer loop
      vertex 143 306.142 -55.8126
      vertex 143 306.142 -56.1874
      vertex 143 306.15 -56
    endloop
  endfacet
  facet normal 1 0 0
    outer loop
      vertex 143 306.117 -55.6267
      vertex 143 306.142 -56.1874
      vertex 143 306.142 -55.8126
    endloop
  endfacet
  facet normal 1 0 0
    outer loop
      vertex 143 306.117 -55.6267
      vertex 143 306.117 -56.3733
      vertex 143 306.142 -56.1874
    endloop
  endfacet
  facet normal 1 0 0
    outer loop
      vertex 143 306.077 -55.4435
      vertex 143 306.117 -56.3733
      vertex 143 306.117 -55.6267
    endloop
  endfacet
  facet normal 1 0 0
    outer loop
      vertex 143 306.077 -55.4435
      vertex 143 306.077 -56.5565
      vertex 143 306.117 -56.3733
    endloop
  endfacet
  facet normal 1 0 0
    outer loop
      vertex 143 306.02 -55.2647
      vertex 143 306.077 -56.5565
      vertex 143 306.077 -55.4435
    endloop
  endfacet
  facet normal 1 0 0
    outer loop
      vertex 143 306.02 -55.2647
      vertex 143 306.02 -56.7353
      vertex 143 306.077 -56.5565
    endloop
  endfacet
  facet normal 1 0 0
    outer loop
      vertex 143 305.949 -55.0914
      vertex 143 306.02 -56.7353
      vertex 143 306.02 -55.2647
    endloop
  endfacet
  facet normal 1 0 0
    outer loop
      vertex 143 305.949 -55.0914
      vertex 143 305.949 -56.9086
      vertex 143 306.02 -56.7353
    endloop
  endfacet
  facet normal 1 0 0
    outer loop
      vertex 143 305.862 -54.925
      vertex 143 305.949 -56.9086
      vertex 143 305.949 -55.0914
    endloop
  endfacet
  facet normal 1 0 0
    outer loop
      vertex 143 305.862 -54.925
      vertex 143 305.862 -57.075
      vertex 143 305.949 -56.9086
    endloop
  endfacet
  facet normal 1 0 0
    outer loop
      vertex 143 305.761 -54.7668
      vertex 143 305.862 -57.075
      vertex 143 305.862 -54.925
    endloop
  endfacet
  facet normal 1 0 0
    outer loop
      vertex 143 305.761 -54.7668
      vertex 143 305.761 -57.2332
      vertex 143 305.862 -57.075
    endloop
  endfacet
  facet normal 1 0 0
    outer loop
      vertex 143 305.647 -54.618
      vertex 143 305.761 -57.2332
      vertex 143 305.761 -54.7668
    endloop
  endfacet
  facet normal 1 0 0
    outer loop
      vertex 143 305.647 -54.618
      vertex 143 305.647 -57.382
      vertex 143 305.761 -57.2332
    endloop
  endfacet
  facet normal 1 0 0
    outer loop
      vertex 143 305.52 -54.4797
      vertex 143 305.647 -57.382
      vertex 143 305.647 -54.618
    endloop
  endfacet
  facet normal 1 0 0
    outer loop
      vertex 143 305.52 -54.4797
      vertex 143 305.52 -57.5203
      vertex 143 305.647 -57.382
    endloop
  endfacet
  facet normal 1 0 0
    outer loop
      vertex 143 305.382 -54.353
      vertex 143 305.52 -57.5203
      vertex 143 305.52 -54.4797
    endloop
  endfacet
  facet normal 1 0 0
    outer loop
      vertex 143 305.382 -54.353
      vertex 143 305.382 -57.647
      vertex 143 305.52 -57.5203
    endloop
  endfacet
  facet normal 1 0 0
    outer loop
      vertex 143 305.233 -54.2388
      vertex 143 305.382 -57.647
      vertex 143 305.382 -54.353
    endloop
  endfacet
  facet normal 1 0 0
    outer loop
      vertex 143 305.233 -54.2388
      vertex 143 305.233 -57.7612
      vertex 143 305.382 -57.647
    endloop
  endfacet
  facet normal 1 0 0
    outer loop
      vertex 143 305.075 -54.138
      vertex 143 305.233 -57.7612
      vertex 143 305.233 -54.2388
    endloop
  endfacet
  facet normal 1 0 0
    outer loop
      vertex 143 305.075 -54.138
      vertex 143 305.075 -57.862
      vertex 143 305.233 -57.7612
    endloop
  endfacet
  facet normal 1 0 0
    outer loop
      vertex 143 304.909 -54.0514
      vertex 143 305.075 -57.862
      vertex 143 305.075 -54.138
    endloop
  endfacet
  facet normal 1 0 0
    outer loop
      vertex 143 304.909 -54.0514
      vertex 143 304.909 -57.9486
      vertex 143 305.075 -57.862
    endloop
  endfacet
  facet normal 1 0 0
    outer loop
      vertex 143 304.735 -53.9797
      vertex 143 304.909 -57.9486
      vertex 143 304.909 -54.0514
    endloop
  endfacet
  facet normal 1 0 0
    outer loop
      vertex 143 304.735 -53.9797
      vertex 143 304.735 -58.0203
      vertex 143 304.909 -57.9486
    endloop
  endfacet
  facet normal 1 0 0
    outer loop
      vertex 143 304.556 -53.9233
      vertex 143 304.735 -58.0203
      vertex 143 304.735 -53.9797
    endloop
  endfacet
  facet normal 1 0 0
    outer loop
      vertex 143 304.556 -53.9233
      vertex 143 304.556 -58.0767
      vertex 143 304.735 -58.0203
    endloop
  endfacet
  facet normal 1 0 0
    outer loop
      vertex 143 304.373 -53.8827
      vertex 143 304.556 -58.0767
      vertex 143 304.556 -53.9233
    endloop
  endfacet
  facet normal 1 0 0
    outer loop
      vertex 143 304.373 -53.8827
      vertex 143 304.373 -58.1173
      vertex 143 304.556 -58.0767
    endloop
  endfacet
  facet normal 1 0 0
    outer loop
      vertex 143 304.187 -53.8582
      vertex 143 304.373 -58.1173
      vertex 143 304.373 -53.8827
    endloop
  endfacet
  facet normal 1 0 0
    outer loop
      vertex 143 304.187 -53.8582
      vertex 143 304.187 -58.1418
      vertex 143 304.373 -58.1173
    endloop
  endfacet
  facet normal 1 0 0
    outer loop
      vertex 143 304 -53.85
      vertex 143 304.187 -58.1418
      vertex 143 304.187 -53.8582
    endloop
  endfacet
  facet normal 1 0 0
    outer loop
      vertex 143 304 -53.85
      vertex 143 304 -58.15
      vertex 143 304.187 -58.1418
    endloop
  endfacet
  facet normal 1 -0 0
    outer loop
      vertex 143 303.813 -53.8582
      vertex 143 304 -58.15
      vertex 143 304 -53.85
    endloop
  endfacet
  facet normal 1 0 0
    outer loop
      vertex 143 303.813 -53.8582
      vertex 143 303.813 -58.1418
      vertex 143 304 -58.15
    endloop
  endfacet
  facet normal 1 -0 0
    outer loop
      vertex 143 303.627 -53.8827
      vertex 143 303.813 -58.1418
      vertex 143 303.813 -53.8582
    endloop
  endfacet
  facet normal 1 0 0
    outer loop
      vertex 143 303.627 -53.8827
      vertex 143 303.627 -58.1173
      vertex 143 303.813 -58.1418
    endloop
  endfacet
  facet normal 1 -0 0
    outer loop
      vertex 143 303.444 -53.9233
      vertex 143 303.627 -58.1173
      vertex 143 303.627 -53.8827
    endloop
  endfacet
  facet normal 1 0 0
    outer loop
      vertex 143 303.444 -53.9233
      vertex 143 303.444 -58.0767
      vertex 143 303.627 -58.1173
    endloop
  endfacet
  facet normal 1 -0 0
    outer loop
      vertex 143 303.265 -53.9797
      vertex 143 303.444 -58.0767
      vertex 143 303.444 -53.9233
    endloop
  endfacet
  facet normal 1 0 0
    outer loop
      vertex 143 303.265 -53.9797
      vertex 143 303.265 -58.0203
      vertex 143 303.444 -58.0767
    endloop
  endfacet
  facet normal 1 -0 0
    outer loop
      vertex 143 303.091 -54.0514
      vertex 143 303.265 -58.0203
      vertex 143 303.265 -53.9797
    endloop
  endfacet
  facet normal 1 0 0
    outer loop
      vertex 143 303.091 -54.0514
      vertex 143 303.091 -57.9486
      vertex 143 303.265 -58.0203
    endloop
  endfacet
  facet normal 1 -0 0
    outer loop
      vertex 143 302.925 -54.138
      vertex 143 303.091 -57.9486
      vertex 143 303.091 -54.0514
    endloop
  endfacet
  facet normal 1 0 0
    outer loop
      vertex 143 302.925 -54.138
      vertex 143 302.925 -57.862
      vertex 143 303.091 -57.9486
    endloop
  endfacet
  facet normal 1 -0 0
    outer loop
      vertex 143 302.767 -54.2388
      vertex 143 302.925 -57.862
      vertex 143 302.925 -54.138
    endloop
  endfacet
  facet normal 1 0 0
    outer loop
      vertex 143 302.767 -54.2388
      vertex 143 302.767 -57.7612
      vertex 143 302.925 -57.862
    endloop
  endfacet
  facet normal 1 -0 0
    outer loop
      vertex 143 302.618 -54.353
      vertex 143 302.767 -57.7612
      vertex 143 302.767 -54.2388
    endloop
  endfacet
  facet normal 1 0 0
    outer loop
      vertex 143 302.618 -54.353
      vertex 143 302.618 -57.647
      vertex 143 302.767 -57.7612
    endloop
  endfacet
  facet normal 1 -0 0
    outer loop
      vertex 143 302.48 -54.4797
      vertex 143 302.618 -57.647
      vertex 143 302.618 -54.353
    endloop
  endfacet
  facet normal 1 0 0
    outer loop
      vertex 143 302.48 -54.4797
      vertex 143 302.48 -57.5203
      vertex 143 302.618 -57.647
    endloop
  endfacet
  facet normal 1 -0 0
    outer loop
      vertex 143 302.353 -54.618
      vertex 143 302.48 -57.5203
      vertex 143 302.48 -54.4797
    endloop
  endfacet
  facet normal 1 0 0
    outer loop
      vertex 143 302.353 -54.618
      vertex 143 302.353 -57.382
      vertex 143 302.48 -57.5203
    endloop
  endfacet
  facet normal 1 -0 0
    outer loop
      vertex 143 302.239 -54.7668
      vertex 143 302.353 -57.382
      vertex 143 302.353 -54.618
    endloop
  endfacet
  facet normal 1 0 0
    outer loop
      vertex 143 302.239 -54.7668
      vertex 143 302.239 -57.2332
      vertex 143 302.353 -57.382
    endloop
  endfacet
  facet normal 1 -0 0
    outer loop
      vertex 143 302.138 -54.925
      vertex 143 302.239 -57.2332
      vertex 143 302.239 -54.7668
    endloop
  endfacet
  facet normal 1 0 0
    outer loop
      vertex 143 302.138 -54.925
      vertex 143 302.138 -57.075
      vertex 143 302.239 -57.2332
    endloop
  endfacet
  facet normal 1 -0 0
    outer loop
      vertex 143 302.051 -55.0914
      vertex 143 302.138 -57.075
      vertex 143 302.138 -54.925
    endloop
  endfacet
  facet normal 1 0 0
    outer loop
      vertex 143 302.051 -55.0914
      vertex 143 302.051 -56.9086
      vertex 143 302.138 -57.075
    endloop
  endfacet
  facet normal 1 -0 0
    outer loop
      vertex 143 301.98 -55.2647
      vertex 143 302.051 -56.9086
      vertex 143 302.051 -55.0914
    endloop
  endfacet
  facet normal 1 0 0
    outer loop
      vertex 143 301.98 -55.2647
      vertex 143 301.98 -56.7353
      vertex 143 302.051 -56.9086
    endloop
  endfacet
  facet normal 1 -0 0
    outer loop
      vertex 143 301.923 -55.4435
      vertex 143 301.98 -56.7353
      vertex 143 301.98 -55.2647
    endloop
  endfacet
  facet normal 1 0 0
    outer loop
      vertex 143 301.923 -55.4435
      vertex 143 301.923 -56.5565
      vertex 143 301.98 -56.7353
    endloop
  endfacet
  facet normal 1 -0 0
    outer loop
      vertex 143 301.883 -55.6267
      vertex 143 301.923 -56.5565
      vertex 143 301.923 -55.4435
    endloop
  endfacet
  facet normal 1 0 0
    outer loop
      vertex 143 301.883 -55.6267
      vertex 143 301.883 -56.3733
      vertex 143 301.923 -56.5565
    endloop
  endfacet
  facet normal 1 -0 0
    outer loop
      vertex 143 301.858 -55.8126
      vertex 143 301.883 -56.3733
      vertex 143 301.883 -55.6267
    endloop
  endfacet
  facet normal 1 0 0
    outer loop
      vertex 143 301.858 -55.8126
      vertex 143 301.858 -56.1874
      vertex 143 301.883 -56.3733
    endloop
  endfacet
  facet normal 1 0 -0
    outer loop
      vertex 143 301.858 -56.1874
      vertex 143 301.858 -55.8126
      vertex 143 301.85 -56
    endloop
  endfacet
  facet normal 0 0.842871 -0.538116
    outer loop
      vertex 153 302.138 -54.925
      vertex 143 302.239 -54.7668
      vertex 153 302.239 -54.7668
    endloop
  endfacet
  facet normal 0 0.842871 -0.538116
    outer loop
      vertex 143 302.239 -54.7668
      vertex 153 302.138 -54.925
      vertex 143 302.138 -54.925
    endloop
  endfacet
  facet normal 0 0.886186 -0.46333
    outer loop
      vertex 153 302.051 -55.0914
      vertex 143 302.138 -54.925
      vertex 153 302.138 -54.925
    endloop
  endfacet
  facet normal 0 0.886186 -0.46333
    outer loop
      vertex 143 302.138 -54.925
      vertex 153 302.051 -55.0914
      vertex 143 302.051 -55.0914
    endloop
  endfacet
  facet normal 0 0.60832 -0.793692
    outer loop
      vertex 143 302.618 -54.353
      vertex 153 302.767 -54.2388
      vertex 153 302.618 -54.353
    endloop
  endfacet
  facet normal 0 0.60832 -0.793692
    outer loop
      vertex 153 302.767 -54.2388
      vertex 143 302.618 -54.353
      vertex 143 302.767 -54.2388
    endloop
  endfacet
  facet normal 0 0.46253 -0.886604
    outer loop
      vertex 143 302.925 -54.138
      vertex 153 303.091 -54.0514
      vertex 153 302.925 -54.138
    endloop
  endfacet
  facet normal 0 0.46253 -0.886604
    outer loop
      vertex 153 303.091 -54.0514
      vertex 143 302.925 -54.138
      vertex 143 303.091 -54.0514
    endloop
  endfacet
  facet normal 0 0.676305 -0.736622
    outer loop
      vertex 143 302.48 -54.4797
      vertex 153 302.618 -54.353
      vertex 153 302.48 -54.4797
    endloop
  endfacet
  facet normal 0 0.676305 -0.736622
    outer loop
      vertex 153 302.618 -54.353
      vertex 143 302.48 -54.4797
      vertex 143 302.618 -54.353
    endloop
  endfacet
  facet normal 0 0.300519 -0.953776
    outer loop
      vertex 143 303.265 -53.9797
      vertex 153 303.444 -53.9233
      vertex 153 303.265 -53.9797
    endloop
  endfacet
  facet normal 0 0.300519 -0.953776
    outer loop
      vertex 153 303.444 -53.9233
      vertex 143 303.265 -53.9797
      vertex 143 303.444 -53.9233
    endloop
  endfacet
  facet normal 0 0.216592 -0.976262
    outer loop
      vertex 143 303.444 -53.9233
      vertex 153 303.627 -53.8827
      vertex 153 303.444 -53.9233
    endloop
  endfacet
  facet normal 0 0.216592 -0.976262
    outer loop
      vertex 153 303.627 -53.8827
      vertex 143 303.444 -53.9233
      vertex 143 303.627 -53.8827
    endloop
  endfacet
  facet normal 0 0.130592 -0.991436
    outer loop
      vertex 143 303.627 -53.8827
      vertex 153 303.813 -53.8582
      vertex 153 303.627 -53.8827
    endloop
  endfacet
  facet normal 0 0.130592 -0.991436
    outer loop
      vertex 153 303.813 -53.8582
      vertex 143 303.627 -53.8827
      vertex 143 303.813 -53.8582
    endloop
  endfacet
  facet normal 0 0.952758 0.303731
    outer loop
      vertex 153 301.98 -56.7353
      vertex 143 301.923 -56.5565
      vertex 153 301.923 -56.5565
    endloop
  endfacet
  facet normal 0 0.952758 0.303731
    outer loop
      vertex 143 301.923 -56.5565
      vertex 153 301.98 -56.7353
      vertex 143 301.98 -56.7353
    endloop
  endfacet
  facet normal 0 0.99909 -0.0426506
    outer loop
      vertex 153 301.85 -56
      vertex 143 301.858 -55.8126
      vertex 153 301.858 -55.8126
    endloop
  endfacet
  facet normal 0 0.99909 -0.0426506
    outer loop
      vertex 143 301.858 -55.8126
      vertex 153 301.85 -56
      vertex 143 301.85 -56
    endloop
  endfacet
  facet normal 0 0.976983 -0.213315
    outer loop
      vertex 153 301.883 -55.6267
      vertex 143 301.923 -55.4435
      vertex 153 301.923 -55.4435
    endloop
  endfacet
  facet normal 0 0.976983 -0.213315
    outer loop
      vertex 143 301.923 -55.4435
      vertex 153 301.883 -55.6267
      vertex 143 301.883 -55.6267
    endloop
  endfacet
  facet normal 0 0.952758 -0.303731
    outer loop
      vertex 153 301.923 -55.4435
      vertex 143 301.98 -55.2647
      vertex 153 301.98 -55.2647
    endloop
  endfacet
  facet normal 0 0.952758 -0.303731
    outer loop
      vertex 143 301.98 -55.2647
      vertex 153 301.923 -55.4435
      vertex 143 301.923 -55.4435
    endloop
  endfacet
  facet normal 0 0.991078 -0.133281
    outer loop
      vertex 153 301.858 -55.8126
      vertex 143 301.883 -55.6267
      vertex 153 301.883 -55.6267
    endloop
  endfacet
  facet normal 0 0.991078 -0.133281
    outer loop
      vertex 143 301.883 -55.6267
      vertex 153 301.858 -55.8126
      vertex 143 301.858 -55.8126
    endloop
  endfacet
  facet normal 0 0.537842 -0.843046
    outer loop
      vertex 143 302.767 -54.2388
      vertex 153 302.925 -54.138
      vertex 153 302.767 -54.2388
    endloop
  endfacet
  facet normal 0 0.537842 -0.843046
    outer loop
      vertex 153 302.925 -54.138
      vertex 143 302.767 -54.2388
      vertex 143 302.925 -54.138
    endloop
  endfacet
  facet normal 0 -0.0437015 0.999045
    outer loop
      vertex 143 304.187 3.85818
      vertex 153 304 3.85
      vertex 153 304.187 3.85818
    endloop
  endfacet
  facet normal 0 -0.0437015 0.999045
    outer loop
      vertex 153 304 3.85
      vertex 143 304.187 3.85818
      vertex 143 304 3.85
    endloop
  endfacet
  facet normal 0 0.0437015 -0.999045
    outer loop
      vertex 143 303.813 8.14182
      vertex 156 304 8.15
      vertex 156 303.813 8.14182
    endloop
  endfacet
  facet normal 0 0.0437015 -0.999045
    outer loop
      vertex 156 304 8.15
      vertex 143 303.813 8.14182
      vertex 143 304 8.15
    endloop
  endfacet
  facet normal 0 -0.99909 -0.0426551
    outer loop
      vertex 143 306.15 6
      vertex 156 306.142 6.18738
      vertex 143 306.142 6.18738
    endloop
  endfacet
  facet normal 0 -0.99909 -0.0426551
    outer loop
      vertex 156 306.142 6.18738
      vertex 143 306.15 6
      vertex 156 306.15 6
    endloop
  endfacet
  facet normal 0 0.99909 0.0426529
    outer loop
      vertex 153 301.858 5.81261
      vertex 143 301.85 6
      vertex 153 301.85 6
    endloop
  endfacet
  facet normal 0 0.99909 0.0426529
    outer loop
      vertex 143 301.85 6
      vertex 153 301.858 5.81261
      vertex 143 301.858 5.81261
    endloop
  endfacet
  facet normal 0 -0.676362 -0.736569
    outer loop
      vertex 143 305.382 7.647
      vertex 156 305.52 7.52028
      vertex 156 305.382 7.647
    endloop
  endfacet
  facet normal -0 -0.676362 -0.736569
    outer loop
      vertex 156 305.52 7.52028
      vertex 143 305.382 7.647
      vertex 143 305.52 7.52028
    endloop
  endfacet
  facet normal 0 -0.925344 -0.37913
    outer loop
      vertex 143 306.02 6.73534
      vertex 156 305.949 6.90863
      vertex 143 305.949 6.90863
    endloop
  endfacet
  facet normal 0 -0.925344 -0.37913
    outer loop
      vertex 156 305.949 6.90863
      vertex 143 306.02 6.73534
      vertex 156 306.02 6.73534
    endloop
  endfacet
  facet normal 0 -0.462571 -0.886582
    outer loop
      vertex 143 304.909 7.94856
      vertex 156 305.075 7.86195
      vertex 156 304.909 7.94856
    endloop
  endfacet
  facet normal -0 -0.462571 -0.886582
    outer loop
      vertex 156 305.075 7.86195
      vertex 143 304.909 7.94856
      vertex 143 305.075 7.86195
    endloop
  endfacet
  facet normal 0 -0.537728 -0.843118
    outer loop
      vertex 143 305.075 7.86195
      vertex 156 305.233 7.76118
      vertex 156 305.075 7.86195
    endloop
  endfacet
  facet normal -0 -0.537728 -0.843118
    outer loop
      vertex 156 305.233 7.76118
      vertex 143 305.075 7.86195
      vertex 143 305.233 7.76118
    endloop
  endfacet
  facet normal 0 -0.976964 -0.213404
    outer loop
      vertex 143 306.117 6.37334
      vertex 156 306.077 6.55646
      vertex 143 306.077 6.55646
    endloop
  endfacet
  facet normal 0 -0.976964 -0.213404
    outer loop
      vertex 156 306.077 6.55646
      vertex 143 306.117 6.37334
      vertex 156 306.117 6.37334
    endloop
  endfacet
  facet normal 0 0.991083 0.133246
    outer loop
      vertex 153 301.883 5.62666
      vertex 143 301.858 5.81261
      vertex 153 301.858 5.81261
    endloop
  endfacet
  facet normal 0 0.991083 0.133246
    outer loop
      vertex 143 301.858 5.81261
      vertex 153 301.883 5.62666
      vertex 143 301.883 5.62666
    endloop
  endfacet
  facet normal 0 -0.130488 0.99145
    outer loop
      vertex 143 304.373 3.88266
      vertex 153 304.187 3.85818
      vertex 153 304.373 3.88266
    endloop
  endfacet
  facet normal 0 -0.130488 0.99145
    outer loop
      vertex 153 304.187 3.85818
      vertex 143 304.373 3.88266
      vertex 143 304.187 3.85818
    endloop
  endfacet
  facet normal 0 -0.300519 0.953776
    outer loop
      vertex 143 304.735 3.97966
      vertex 153 304.556 3.92326
      vertex 153 304.735 3.97966
    endloop
  endfacet
  facet normal 0 -0.300519 0.953776
    outer loop
      vertex 153 304.556 3.92326
      vertex 143 304.735 3.97966
      vertex 143 304.556 3.92326
    endloop
  endfacet
  facet normal 0 -0.676362 0.736569
    outer loop
      vertex 143 305.52 4.47972
      vertex 153 305.382 4.353
      vertex 153 305.52 4.47972
    endloop
  endfacet
  facet normal 0 -0.676362 0.736569
    outer loop
      vertex 153 305.382 4.353
      vertex 143 305.52 4.47972
      vertex 143 305.382 4.353
    endloop
  endfacet
  facet normal 0 -0.537728 0.843118
    outer loop
      vertex 143 305.233 4.23882
      vertex 153 305.075 4.13805
      vertex 153 305.233 4.23882
    endloop
  endfacet
  facet normal 0 -0.537728 0.843118
    outer loop
      vertex 153 305.075 4.13805
      vertex 143 305.233 4.23882
      vertex 143 305.075 4.13805
    endloop
  endfacet
  facet normal 0 -0.462571 0.886582
    outer loop
      vertex 143 305.075 4.13805
      vertex 153 304.909 4.05144
      vertex 153 305.075 4.13805
    endloop
  endfacet
  facet normal 0 -0.462571 0.886582
    outer loop
      vertex 153 304.909 4.05144
      vertex 143 305.075 4.13805
      vertex 143 304.909 4.05144
    endloop
  endfacet
  facet normal 0 -0.976964 0.213404
    outer loop
      vertex 143 306.077 5.44354
      vertex 156 306.117 5.62666
      vertex 143 306.117 5.62666
    endloop
  endfacet
  facet normal 0 -0.976964 0.213404
    outer loop
      vertex 156 306.117 5.62666
      vertex 143 306.077 5.44354
      vertex 156 306.077 5.44354
    endloop
  endfacet
  facet normal 0 -0.952797 0.303608
    outer loop
      vertex 143 306.02 5.26466
      vertex 156 306.077 5.44354
      vertex 143 306.077 5.44354
    endloop
  endfacet
  facet normal 0 -0.952797 0.303608
    outer loop
      vertex 156 306.077 5.44354
      vertex 143 306.02 5.26466
      vertex 156 306.02 5.26466
    endloop
  endfacet
  facet normal 0 -0.884889 0.465802
    outer loop
      vertex 143 305.949 5.09137
      vertex 153 305.88 4.96029
      vertex 156 305.949 5.09137
    endloop
  endfacet
  facet normal -4.02515e-05 -0.886151 0.463396
    outer loop
      vertex 143 305.862 4.925
      vertex 153 305.88 4.96029
      vertex 143 305.949 5.09137
    endloop
  endfacet
  facet normal 0 -0.890814 0.454368
    outer loop
      vertex 153 305.88 4.96029
      vertex 143 305.862 4.925
      vertex 153 305.862 4.925
    endloop
  endfacet
  facet normal 0 -0.884889 0.465802
    outer loop
      vertex 156 305.949 5.09137
      vertex 153 305.88 4.96029
      vertex 156 305.88 4.96029
    endloop
  endfacet
  facet normal 0 -0.925344 0.37913
    outer loop
      vertex 143 305.949 5.09137
      vertex 156 306.02 5.26466
      vertex 143 306.02 5.26466
    endloop
  endfacet
  facet normal 0 -0.925344 0.37913
    outer loop
      vertex 156 306.02 5.26466
      vertex 143 305.949 5.09137
      vertex 156 305.949 5.09137
    endloop
  endfacet
  facet normal 0 -0.793812 0.608163
    outer loop
      vertex 143 305.647 4.61801
      vertex 153 305.761 4.76681
      vertex 143 305.761 4.76681
    endloop
  endfacet
  facet normal 0 -0.793812 0.608163
    outer loop
      vertex 153 305.761 4.76681
      vertex 143 305.647 4.61801
      vertex 153 305.647 4.61801
    endloop
  endfacet
  facet normal 0 -0.216592 -0.976262
    outer loop
      vertex 143 304.373 8.11734
      vertex 156 304.556 8.07674
      vertex 156 304.373 8.11734
    endloop
  endfacet
  facet normal -0 -0.216592 -0.976262
    outer loop
      vertex 156 304.556 8.07674
      vertex 143 304.373 8.11734
      vertex 143 304.556 8.07674
    endloop
  endfacet
  facet normal 0 -0.608253 -0.793744
    outer loop
      vertex 143 305.233 7.76118
      vertex 156 305.382 7.647
      vertex 156 305.233 7.76118
    endloop
  endfacet
  facet normal -0 -0.608253 -0.793744
    outer loop
      vertex 156 305.382 7.647
      vertex 143 305.233 7.76118
      vertex 143 305.382 7.647
    endloop
  endfacet
  facet normal 0 -0.381354 -0.924429
    outer loop
      vertex 143 304.735 8.02034
      vertex 156 304.909 7.94856
      vertex 156 304.735 8.02034
    endloop
  endfacet
  facet normal -0 -0.381354 -0.924429
    outer loop
      vertex 156 304.909 7.94856
      vertex 143 304.735 8.02034
      vertex 143 304.909 7.94856
    endloop
  endfacet
  facet normal 0 -0.793812 -0.608163
    outer loop
      vertex 143 305.761 7.23319
      vertex 156 305.647 7.38199
      vertex 143 305.647 7.38199
    endloop
  endfacet
  facet normal 0 -0.793812 -0.608163
    outer loop
      vertex 156 305.647 7.38199
      vertex 143 305.761 7.23319
      vertex 156 305.761 7.23319
    endloop
  endfacet
  facet normal 0 -0.886151 -0.463396
    outer loop
      vertex 143 305.949 6.90863
      vertex 156 305.862 7.075
      vertex 143 305.862 7.075
    endloop
  endfacet
  facet normal 0 -0.886151 -0.463396
    outer loop
      vertex 156 305.862 7.075
      vertex 143 305.949 6.90863
      vertex 156 305.949 6.90863
    endloop
  endfacet
  facet normal 0 -0.736533 -0.676402
    outer loop
      vertex 143 305.647 7.38199
      vertex 156 305.52 7.52028
      vertex 143 305.52 7.52028
    endloop
  endfacet
  facet normal 0 -0.736533 -0.676402
    outer loop
      vertex 156 305.52 7.52028
      vertex 143 305.647 7.38199
      vertex 156 305.647 7.38199
    endloop
  endfacet
  facet normal 0 -0.952797 -0.303608
    outer loop
      vertex 143 306.077 6.55646
      vertex 156 306.02 6.73534
      vertex 143 306.02 6.73534
    endloop
  endfacet
  facet normal 0 -0.952797 -0.303608
    outer loop
      vertex 156 306.02 6.73534
      vertex 143 306.077 6.55646
      vertex 156 306.077 6.55646
    endloop
  endfacet
  facet normal 0 -0.991084 -0.133239
    outer loop
      vertex 143 306.142 6.18738
      vertex 156 306.117 6.37334
      vertex 143 306.117 6.37334
    endloop
  endfacet
  facet normal 0 -0.991084 -0.133239
    outer loop
      vertex 156 306.117 6.37334
      vertex 143 306.142 6.18738
      vertex 156 306.142 6.18738
    endloop
  endfacet
  facet normal -0 0.130488 0.99145
    outer loop
      vertex 143 303.813 3.85818
      vertex 153 303.627 3.88266
      vertex 153 303.813 3.85818
    endloop
  endfacet
  facet normal 0 0.130488 0.99145
    outer loop
      vertex 153 303.627 3.88266
      vertex 143 303.813 3.85818
      vertex 143 303.627 3.88266
    endloop
  endfacet
  facet normal 0 0.925344 -0.37913
    outer loop
      vertex 153 301.98 6.73534
      vertex 143 302.051 6.90863
      vertex 153 302.051 6.90863
    endloop
  endfacet
  facet normal 0 0.925344 -0.37913
    outer loop
      vertex 143 302.051 6.90863
      vertex 153 301.98 6.73534
      vertex 143 301.98 6.73534
    endloop
  endfacet
  facet normal 0 0.925344 0.37913
    outer loop
      vertex 153 302.051 5.09137
      vertex 143 301.98 5.26466
      vertex 153 301.98 5.26466
    endloop
  endfacet
  facet normal 0 0.925344 0.37913
    outer loop
      vertex 143 301.98 5.26466
      vertex 153 302.051 5.09137
      vertex 143 302.051 5.09137
    endloop
  endfacet
  facet normal 0 -0.216592 0.976262
    outer loop
      vertex 143 304.556 3.92326
      vertex 153 304.373 3.88266
      vertex 153 304.556 3.92326
    endloop
  endfacet
  facet normal 0 -0.216592 0.976262
    outer loop
      vertex 153 304.373 3.88266
      vertex 143 304.556 3.92326
      vertex 143 304.373 3.88266
    endloop
  endfacet
  facet normal 0 -0.381354 0.924429
    outer loop
      vertex 143 304.909 4.05144
      vertex 153 304.735 3.97966
      vertex 153 304.909 4.05144
    endloop
  endfacet
  facet normal 0 -0.381354 0.924429
    outer loop
      vertex 153 304.735 3.97966
      vertex 143 304.909 4.05144
      vertex 143 304.735 3.97966
    endloop
  endfacet
  facet normal 0 -0.736533 0.676402
    outer loop
      vertex 143 305.52 4.47972
      vertex 153 305.647 4.61801
      vertex 143 305.647 4.61801
    endloop
  endfacet
  facet normal 0 -0.736533 0.676402
    outer loop
      vertex 153 305.647 4.61801
      vertex 143 305.52 4.47972
      vertex 153 305.52 4.47972
    endloop
  endfacet
  facet normal 0 -0.608253 0.793744
    outer loop
      vertex 143 305.382 4.353
      vertex 153 305.233 4.23882
      vertex 153 305.382 4.353
    endloop
  endfacet
  facet normal 0 -0.608253 0.793744
    outer loop
      vertex 153 305.233 4.23882
      vertex 143 305.382 4.353
      vertex 143 305.233 4.23882
    endloop
  endfacet
  facet normal 0 -0.991083 0.133246
    outer loop
      vertex 143 306.117 5.62666
      vertex 156 306.142 5.81261
      vertex 143 306.142 5.81261
    endloop
  endfacet
  facet normal 0 -0.991083 0.133246
    outer loop
      vertex 156 306.142 5.81261
      vertex 143 306.117 5.62666
      vertex 156 306.117 5.62666
    endloop
  endfacet
  facet normal 0 -0.842855 0.53814
    outer loop
      vertex 143 305.761 4.76681
      vertex 153 305.862 4.925
      vertex 143 305.862 4.925
    endloop
  endfacet
  facet normal 0 -0.842855 0.53814
    outer loop
      vertex 153 305.862 4.925
      vertex 143 305.761 4.76681
      vertex 153 305.761 4.76681
    endloop
  endfacet
  facet normal 0 -0.300519 -0.953776
    outer loop
      vertex 143 304.556 8.07674
      vertex 156 304.735 8.02034
      vertex 156 304.556 8.07674
    endloop
  endfacet
  facet normal -0 -0.300519 -0.953776
    outer loop
      vertex 156 304.735 8.02034
      vertex 143 304.556 8.07674
      vertex 143 304.735 8.02034
    endloop
  endfacet
  facet normal 0 -0.130488 -0.99145
    outer loop
      vertex 143 304.187 8.14182
      vertex 156 304.373 8.11734
      vertex 156 304.187 8.14182
    endloop
  endfacet
  facet normal -0 -0.130488 -0.99145
    outer loop
      vertex 156 304.373 8.11734
      vertex 143 304.187 8.14182
      vertex 143 304.373 8.11734
    endloop
  endfacet
  facet normal 0 -0.0437015 -0.999045
    outer loop
      vertex 143 304 8.15
      vertex 156 304.187 8.14182
      vertex 156 304 8.15
    endloop
  endfacet
  facet normal -0 -0.0437015 -0.999045
    outer loop
      vertex 156 304.187 8.14182
      vertex 143 304 8.15
      vertex 143 304.187 8.14182
    endloop
  endfacet
  facet normal 0 -0.842855 -0.53814
    outer loop
      vertex 143 305.862 7.075
      vertex 156 305.761 7.23319
      vertex 143 305.761 7.23319
    endloop
  endfacet
  facet normal 0 -0.842855 -0.53814
    outer loop
      vertex 156 305.761 7.23319
      vertex 143 305.862 7.075
      vertex 156 305.862 7.075
    endloop
  endfacet
  facet normal -0 0.300519 0.953776
    outer loop
      vertex 143 303.444 3.92326
      vertex 153 303.265 3.97966
      vertex 153 303.444 3.92326
    endloop
  endfacet
  facet normal 0 0.300519 0.953776
    outer loop
      vertex 153 303.265 3.97966
      vertex 143 303.444 3.92326
      vertex 143 303.265 3.97966
    endloop
  endfacet
  facet normal 0 0.886151 0.463396
    outer loop
      vertex 153 302.138 4.925
      vertex 143 302.051 5.09137
      vertex 153 302.051 5.09137
    endloop
  endfacet
  facet normal 0 0.886151 0.463396
    outer loop
      vertex 143 302.051 5.09137
      vertex 153 302.138 4.925
      vertex 143 302.138 4.925
    endloop
  endfacet
  facet normal -0 0.462571 0.886582
    outer loop
      vertex 143 303.091 4.05144
      vertex 153 302.925 4.13805
      vertex 153 303.091 4.05144
    endloop
  endfacet
  facet normal 0 0.462571 0.886582
    outer loop
      vertex 153 302.925 4.13805
      vertex 143 303.091 4.05144
      vertex 143 302.925 4.13805
    endloop
  endfacet
  facet normal -0 0.608253 0.793744
    outer loop
      vertex 143 302.767 4.23882
      vertex 153 302.618 4.353
      vertex 153 302.767 4.23882
    endloop
  endfacet
  facet normal 0 0.608253 0.793744
    outer loop
      vertex 153 302.618 4.353
      vertex 143 302.767 4.23882
      vertex 143 302.618 4.353
    endloop
  endfacet
  facet normal 0 0.842855 -0.53814
    outer loop
      vertex 153 302.138 7.075
      vertex 143 302.239 7.23319
      vertex 153 302.239 7.23319
    endloop
  endfacet
  facet normal 0 0.842855 -0.53814
    outer loop
      vertex 143 302.239 7.23319
      vertex 153 302.138 7.075
      vertex 143 302.138 7.075
    endloop
  endfacet
  facet normal 0 0.381354 -0.924429
    outer loop
      vertex 143 303.091 7.94856
      vertex 156 303.265 8.02034
      vertex 156 303.091 7.94856
    endloop
  endfacet
  facet normal 0 0.381354 -0.924429
    outer loop
      vertex 156 303.265 8.02034
      vertex 143 303.091 7.94856
      vertex 143 303.265 8.02034
    endloop
  endfacet
  facet normal 0 -0.99909 0.0426529
    outer loop
      vertex 143 306.142 5.81261
      vertex 156 306.15 6
      vertex 143 306.15 6
    endloop
  endfacet
  facet normal 0 -0.99909 0.0426529
    outer loop
      vertex 156 306.15 6
      vertex 143 306.142 5.81261
      vertex 156 306.142 5.81261
    endloop
  endfacet
  facet normal -0 0.0437015 0.999045
    outer loop
      vertex 143 304 3.85
      vertex 153 303.813 3.85818
      vertex 153 304 3.85
    endloop
  endfacet
  facet normal 0 0.0437015 0.999045
    outer loop
      vertex 153 303.813 3.85818
      vertex 143 304 3.85
      vertex 143 303.813 3.85818
    endloop
  endfacet
  facet normal -0 0.216592 0.976262
    outer loop
      vertex 143 303.627 3.88266
      vertex 153 303.444 3.92326
      vertex 153 303.627 3.88266
    endloop
  endfacet
  facet normal 0 0.216592 0.976262
    outer loop
      vertex 153 303.444 3.92326
      vertex 143 303.627 3.88266
      vertex 143 303.444 3.92326
    endloop
  endfacet
  facet normal 0 0.736533 0.676402
    outer loop
      vertex 153 302.48 4.47972
      vertex 143 302.353 4.61801
      vertex 153 302.353 4.61801
    endloop
  endfacet
  facet normal 0 0.736533 0.676402
    outer loop
      vertex 143 302.353 4.61801
      vertex 153 302.48 4.47972
      vertex 143 302.48 4.47972
    endloop
  endfacet
  facet normal -0 0.676362 0.736569
    outer loop
      vertex 143 302.618 4.353
      vertex 153 302.48 4.47972
      vertex 153 302.618 4.353
    endloop
  endfacet
  facet normal 0 0.676362 0.736569
    outer loop
      vertex 153 302.48 4.47972
      vertex 143 302.618 4.353
      vertex 143 302.48 4.47972
    endloop
  endfacet
  facet normal 0 0.793812 0.608163
    outer loop
      vertex 153 302.353 4.61801
      vertex 143 302.239 4.76681
      vertex 153 302.239 4.76681
    endloop
  endfacet
  facet normal 0 0.793812 0.608163
    outer loop
      vertex 143 302.239 4.76681
      vertex 153 302.353 4.61801
      vertex 143 302.353 4.61801
    endloop
  endfacet
  facet normal 0 0.842855 0.53814
    outer loop
      vertex 153 302.239 4.76681
      vertex 143 302.138 4.925
      vertex 153 302.138 4.925
    endloop
  endfacet
  facet normal 0 0.842855 0.53814
    outer loop
      vertex 143 302.138 4.925
      vertex 153 302.239 4.76681
      vertex 143 302.239 4.76681
    endloop
  endfacet
  facet normal -0 0.381354 0.924429
    outer loop
      vertex 143 303.265 3.97966
      vertex 153 303.091 4.05144
      vertex 153 303.265 3.97966
    endloop
  endfacet
  facet normal 0 0.381354 0.924429
    outer loop
      vertex 153 303.091 4.05144
      vertex 143 303.265 3.97966
      vertex 143 303.091 4.05144
    endloop
  endfacet
  facet normal -0 0.537728 0.843118
    outer loop
      vertex 143 302.925 4.13805
      vertex 153 302.767 4.23882
      vertex 153 302.925 4.13805
    endloop
  endfacet
  facet normal 0 0.537728 0.843118
    outer loop
      vertex 153 302.767 4.23882
      vertex 143 302.925 4.13805
      vertex 143 302.767 4.23882
    endloop
  endfacet
  facet normal 1 0 0
    outer loop
      vertex 143 306.142 6.18738
      vertex 143 306.142 5.81261
      vertex 143 306.15 6
    endloop
  endfacet
  facet normal 1 0 0
    outer loop
      vertex 143 306.117 6.37334
      vertex 143 306.142 5.81261
      vertex 143 306.142 6.18738
    endloop
  endfacet
  facet normal 1 0 0
    outer loop
      vertex 143 306.117 6.37334
      vertex 143 306.117 5.62666
      vertex 143 306.142 5.81261
    endloop
  endfacet
  facet normal 1 0 0
    outer loop
      vertex 143 306.077 6.55646
      vertex 143 306.117 5.62666
      vertex 143 306.117 6.37334
    endloop
  endfacet
  facet normal 1 0 0
    outer loop
      vertex 143 306.077 6.55646
      vertex 143 306.077 5.44354
      vertex 143 306.117 5.62666
    endloop
  endfacet
  facet normal 1 0 0
    outer loop
      vertex 143 306.02 6.73534
      vertex 143 306.077 5.44354
      vertex 143 306.077 6.55646
    endloop
  endfacet
  facet normal 1 0 0
    outer loop
      vertex 143 306.02 6.73534
      vertex 143 306.02 5.26466
      vertex 143 306.077 5.44354
    endloop
  endfacet
  facet normal 1 0 0
    outer loop
      vertex 143 305.949 6.90863
      vertex 143 306.02 5.26466
      vertex 143 306.02 6.73534
    endloop
  endfacet
  facet normal 1 0 0
    outer loop
      vertex 143 305.949 6.90863
      vertex 143 305.949 5.09137
      vertex 143 306.02 5.26466
    endloop
  endfacet
  facet normal 1 0 0
    outer loop
      vertex 143 305.862 7.075
      vertex 143 305.949 5.09137
      vertex 143 305.949 6.90863
    endloop
  endfacet
  facet normal 1 0 0
    outer loop
      vertex 143 305.862 7.075
      vertex 143 305.862 4.925
      vertex 143 305.949 5.09137
    endloop
  endfacet
  facet normal 1 0 0
    outer loop
      vertex 143 305.761 7.23319
      vertex 143 305.862 4.925
      vertex 143 305.862 7.075
    endloop
  endfacet
  facet normal 1 0 0
    outer loop
      vertex 143 305.761 7.23319
      vertex 143 305.761 4.76681
      vertex 143 305.862 4.925
    endloop
  endfacet
  facet normal 1 0 0
    outer loop
      vertex 143 305.647 7.38199
      vertex 143 305.761 4.76681
      vertex 143 305.761 7.23319
    endloop
  endfacet
  facet normal 1 0 0
    outer loop
      vertex 143 305.647 7.38199
      vertex 143 305.647 4.61801
      vertex 143 305.761 4.76681
    endloop
  endfacet
  facet normal 1 0 0
    outer loop
      vertex 143 305.52 7.52028
      vertex 143 305.647 4.61801
      vertex 143 305.647 7.38199
    endloop
  endfacet
  facet normal 1 0 0
    outer loop
      vertex 143 305.52 7.52028
      vertex 143 305.52 4.47972
      vertex 143 305.647 4.61801
    endloop
  endfacet
  facet normal 1 0 0
    outer loop
      vertex 143 305.382 7.647
      vertex 143 305.52 4.47972
      vertex 143 305.52 7.52028
    endloop
  endfacet
  facet normal 1 0 0
    outer loop
      vertex 143 305.382 7.647
      vertex 143 305.382 4.353
      vertex 143 305.52 4.47972
    endloop
  endfacet
  facet normal 1 0 0
    outer loop
      vertex 143 305.233 7.76118
      vertex 143 305.382 4.353
      vertex 143 305.382 7.647
    endloop
  endfacet
  facet normal 1 0 0
    outer loop
      vertex 143 305.233 7.76118
      vertex 143 305.233 4.23882
      vertex 143 305.382 4.353
    endloop
  endfacet
  facet normal 1 0 0
    outer loop
      vertex 143 305.075 7.86195
      vertex 143 305.233 4.23882
      vertex 143 305.233 7.76118
    endloop
  endfacet
  facet normal 1 0 0
    outer loop
      vertex 143 305.075 7.86195
      vertex 143 305.075 4.13805
      vertex 143 305.233 4.23882
    endloop
  endfacet
  facet normal 1 0 0
    outer loop
      vertex 143 304.909 7.94856
      vertex 143 305.075 4.13805
      vertex 143 305.075 7.86195
    endloop
  endfacet
  facet normal 1 0 0
    outer loop
      vertex 143 304.909 7.94856
      vertex 143 304.909 4.05144
      vertex 143 305.075 4.13805
    endloop
  endfacet
  facet normal 1 0 0
    outer loop
      vertex 143 304.735 8.02034
      vertex 143 304.909 4.05144
      vertex 143 304.909 7.94856
    endloop
  endfacet
  facet normal 1 0 0
    outer loop
      vertex 143 304.735 8.02034
      vertex 143 304.735 3.97966
      vertex 143 304.909 4.05144
    endloop
  endfacet
  facet normal 1 0 0
    outer loop
      vertex 143 304.556 8.07674
      vertex 143 304.735 3.97966
      vertex 143 304.735 8.02034
    endloop
  endfacet
  facet normal 1 0 0
    outer loop
      vertex 143 304.556 8.07674
      vertex 143 304.556 3.92326
      vertex 143 304.735 3.97966
    endloop
  endfacet
  facet normal 1 0 0
    outer loop
      vertex 143 304.373 8.11734
      vertex 143 304.556 3.92326
      vertex 143 304.556 8.07674
    endloop
  endfacet
  facet normal 1 0 0
    outer loop
      vertex 143 304.373 8.11734
      vertex 143 304.373 3.88266
      vertex 143 304.556 3.92326
    endloop
  endfacet
  facet normal 1 0 0
    outer loop
      vertex 143 304.187 8.14182
      vertex 143 304.373 3.88266
      vertex 143 304.373 8.11734
    endloop
  endfacet
  facet normal 1 0 0
    outer loop
      vertex 143 304.187 8.14182
      vertex 143 304.187 3.85818
      vertex 143 304.373 3.88266
    endloop
  endfacet
  facet normal 1 0 0
    outer loop
      vertex 143 304 8.15
      vertex 143 304.187 3.85818
      vertex 143 304.187 8.14182
    endloop
  endfacet
  facet normal 1 0 0
    outer loop
      vertex 143 304 8.15
      vertex 143 304 3.85
      vertex 143 304.187 3.85818
    endloop
  endfacet
  facet normal 1 -0 0
    outer loop
      vertex 143 303.813 8.14182
      vertex 143 304 3.85
      vertex 143 304 8.15
    endloop
  endfacet
  facet normal 1 0 0
    outer loop
      vertex 143 303.813 8.14182
      vertex 143 303.813 3.85818
      vertex 143 304 3.85
    endloop
  endfacet
  facet normal 1 -0 0
    outer loop
      vertex 143 303.627 8.11734
      vertex 143 303.813 3.85818
      vertex 143 303.813 8.14182
    endloop
  endfacet
  facet normal 1 0 0
    outer loop
      vertex 143 303.627 8.11734
      vertex 143 303.627 3.88266
      vertex 143 303.813 3.85818
    endloop
  endfacet
  facet normal 1 -0 0
    outer loop
      vertex 143 303.444 8.07674
      vertex 143 303.627 3.88266
      vertex 143 303.627 8.11734
    endloop
  endfacet
  facet normal 1 0 0
    outer loop
      vertex 143 303.444 8.07674
      vertex 143 303.444 3.92326
      vertex 143 303.627 3.88266
    endloop
  endfacet
  facet normal 1 -0 0
    outer loop
      vertex 143 303.265 8.02034
      vertex 143 303.444 3.92326
      vertex 143 303.444 8.07674
    endloop
  endfacet
  facet normal 1 0 0
    outer loop
      vertex 143 303.265 8.02034
      vertex 143 303.265 3.97966
      vertex 143 303.444 3.92326
    endloop
  endfacet
  facet normal 1 -0 0
    outer loop
      vertex 143 303.091 7.94856
      vertex 143 303.265 3.97966
      vertex 143 303.265 8.02034
    endloop
  endfacet
  facet normal 1 0 0
    outer loop
      vertex 143 303.091 7.94856
      vertex 143 303.091 4.05144
      vertex 143 303.265 3.97966
    endloop
  endfacet
  facet normal 1 -0 0
    outer loop
      vertex 143 302.925 7.86195
      vertex 143 303.091 4.05144
      vertex 143 303.091 7.94856
    endloop
  endfacet
  facet normal 1 0 0
    outer loop
      vertex 143 302.925 7.86195
      vertex 143 302.925 4.13805
      vertex 143 303.091 4.05144
    endloop
  endfacet
  facet normal 1 -0 0
    outer loop
      vertex 143 302.767 7.76118
      vertex 143 302.925 4.13805
      vertex 143 302.925 7.86195
    endloop
  endfacet
  facet normal 1 0 0
    outer loop
      vertex 143 302.767 7.76118
      vertex 143 302.767 4.23882
      vertex 143 302.925 4.13805
    endloop
  endfacet
  facet normal 1 -0 0
    outer loop
      vertex 143 302.618 7.647
      vertex 143 302.767 4.23882
      vertex 143 302.767 7.76118
    endloop
  endfacet
  facet normal 1 0 0
    outer loop
      vertex 143 302.618 7.647
      vertex 143 302.618 4.353
      vertex 143 302.767 4.23882
    endloop
  endfacet
  facet normal 1 -0 0
    outer loop
      vertex 143 302.48 7.52028
      vertex 143 302.618 4.353
      vertex 143 302.618 7.647
    endloop
  endfacet
  facet normal 1 0 0
    outer loop
      vertex 143 302.48 7.52028
      vertex 143 302.48 4.47972
      vertex 143 302.618 4.353
    endloop
  endfacet
  facet normal 1 -0 0
    outer loop
      vertex 143 302.353 7.38199
      vertex 143 302.48 4.47972
      vertex 143 302.48 7.52028
    endloop
  endfacet
  facet normal 1 0 0
    outer loop
      vertex 143 302.353 7.38199
      vertex 143 302.353 4.61801
      vertex 143 302.48 4.47972
    endloop
  endfacet
  facet normal 1 -0 0
    outer loop
      vertex 143 302.239 7.23319
      vertex 143 302.353 4.61801
      vertex 143 302.353 7.38199
    endloop
  endfacet
  facet normal 1 0 0
    outer loop
      vertex 143 302.239 7.23319
      vertex 143 302.239 4.76681
      vertex 143 302.353 4.61801
    endloop
  endfacet
  facet normal 1 -0 0
    outer loop
      vertex 143 302.138 7.075
      vertex 143 302.239 4.76681
      vertex 143 302.239 7.23319
    endloop
  endfacet
  facet normal 1 0 0
    outer loop
      vertex 143 302.138 7.075
      vertex 143 302.138 4.925
      vertex 143 302.239 4.76681
    endloop
  endfacet
  facet normal 1 -0 0
    outer loop
      vertex 143 302.051 6.90863
      vertex 143 302.138 4.925
      vertex 143 302.138 7.075
    endloop
  endfacet
  facet normal 1 0 0
    outer loop
      vertex 143 302.051 6.90863
      vertex 143 302.051 5.09137
      vertex 143 302.138 4.925
    endloop
  endfacet
  facet normal 1 -0 0
    outer loop
      vertex 143 301.98 6.73534
      vertex 143 302.051 5.09137
      vertex 143 302.051 6.90863
    endloop
  endfacet
  facet normal 1 0 0
    outer loop
      vertex 143 301.98 6.73534
      vertex 143 301.98 5.26466
      vertex 143 302.051 5.09137
    endloop
  endfacet
  facet normal 1 -0 0
    outer loop
      vertex 143 301.923 6.55646
      vertex 143 301.98 5.26466
      vertex 143 301.98 6.73534
    endloop
  endfacet
  facet normal 1 0 0
    outer loop
      vertex 143 301.923 6.55646
      vertex 143 301.923 5.44354
      vertex 143 301.98 5.26466
    endloop
  endfacet
  facet normal 1 -0 0
    outer loop
      vertex 143 301.883 6.37334
      vertex 143 301.923 5.44354
      vertex 143 301.923 6.55646
    endloop
  endfacet
  facet normal 1 0 0
    outer loop
      vertex 143 301.883 6.37334
      vertex 143 301.883 5.62666
      vertex 143 301.923 5.44354
    endloop
  endfacet
  facet normal 1 -0 0
    outer loop
      vertex 143 301.858 6.18738
      vertex 143 301.883 5.62666
      vertex 143 301.883 6.37334
    endloop
  endfacet
  facet normal 1 0 0
    outer loop
      vertex 143 301.858 6.18738
      vertex 143 301.858 5.81261
      vertex 143 301.883 5.62666
    endloop
  endfacet
  facet normal 1 0 -0
    outer loop
      vertex 143 301.858 5.81261
      vertex 143 301.858 6.18738
      vertex 143 301.85 6
    endloop
  endfacet
  facet normal 0 0.886151 -0.463396
    outer loop
      vertex 153 302.051 6.90863
      vertex 143 302.138 7.075
      vertex 153 302.138 7.075
    endloop
  endfacet
  facet normal 0 0.886151 -0.463396
    outer loop
      vertex 143 302.138 7.075
      vertex 153 302.051 6.90863
      vertex 143 302.051 6.90863
    endloop
  endfacet
  facet normal 0 0.793812 -0.608163
    outer loop
      vertex 153 302.239 7.23319
      vertex 143 302.353 7.38199
      vertex 153 302.353 7.38199
    endloop
  endfacet
  facet normal 0 0.793812 -0.608163
    outer loop
      vertex 143 302.353 7.38199
      vertex 153 302.239 7.23319
      vertex 143 302.239 7.23319
    endloop
  endfacet
  facet normal 0 0.736533 -0.676402
    outer loop
      vertex 153 302.353 7.38199
      vertex 143 302.48 7.52028
      vertex 153 302.48 7.52028
    endloop
  endfacet
  facet normal 0 0.736533 -0.676402
    outer loop
      vertex 143 302.48 7.52028
      vertex 153 302.353 7.38199
      vertex 143 302.353 7.38199
    endloop
  endfacet
  facet normal 0 0.676362 -0.736569
    outer loop
      vertex 143 302.48 7.52028
      vertex 153 302.618 7.647
      vertex 153 302.48 7.52028
    endloop
  endfacet
  facet normal 0 0.676362 -0.736569
    outer loop
      vertex 153 302.618 7.647
      vertex 143 302.48 7.52028
      vertex 143 302.618 7.647
    endloop
  endfacet
  facet normal 0 0.464933 -0.885346
    outer loop
      vertex 153 302.925 7.86195
      vertex 143 302.925 7.86195
      vertex 153 302.96 7.88033
    endloop
  endfacet
  facet normal 0 0.461939 -0.886912
    outer loop
      vertex 153 302.96 7.88033
      vertex 156 303.091 7.94856
      vertex 156 302.96 7.88033
    endloop
  endfacet
  facet normal 1.05375e-05 0.462571 -0.886582
    outer loop
      vertex 143 303.091 7.94856
      vertex 153 302.96 7.88033
      vertex 143 302.925 7.86195
    endloop
  endfacet
  facet normal 0 0.461939 -0.886912
    outer loop
      vertex 153 302.96 7.88033
      vertex 143 303.091 7.94856
      vertex 156 303.091 7.94856
    endloop
  endfacet
  facet normal 0 0.608253 -0.793744
    outer loop
      vertex 143 302.618 7.647
      vertex 153 302.767 7.76118
      vertex 153 302.618 7.647
    endloop
  endfacet
  facet normal 0 0.608253 -0.793744
    outer loop
      vertex 153 302.767 7.76118
      vertex 143 302.618 7.647
      vertex 143 302.767 7.76118
    endloop
  endfacet
  facet normal 0 0.300519 -0.953776
    outer loop
      vertex 143 303.265 8.02034
      vertex 156 303.444 8.07674
      vertex 156 303.265 8.02034
    endloop
  endfacet
  facet normal 0 0.300519 -0.953776
    outer loop
      vertex 156 303.444 8.07674
      vertex 143 303.265 8.02034
      vertex 143 303.444 8.07674
    endloop
  endfacet
  facet normal 0 0.216592 -0.976262
    outer loop
      vertex 143 303.444 8.07674
      vertex 156 303.627 8.11734
      vertex 156 303.444 8.07674
    endloop
  endfacet
  facet normal 0 0.216592 -0.976262
    outer loop
      vertex 156 303.627 8.11734
      vertex 143 303.444 8.07674
      vertex 143 303.627 8.11734
    endloop
  endfacet
  facet normal 0 0.130488 -0.99145
    outer loop
      vertex 143 303.627 8.11734
      vertex 156 303.813 8.14182
      vertex 156 303.627 8.11734
    endloop
  endfacet
  facet normal 0 0.130488 -0.99145
    outer loop
      vertex 156 303.813 8.14182
      vertex 143 303.627 8.11734
      vertex 143 303.813 8.14182
    endloop
  endfacet
  facet normal 0 0.976964 0.213404
    outer loop
      vertex 153 301.923 5.44354
      vertex 143 301.883 5.62666
      vertex 153 301.883 5.62666
    endloop
  endfacet
  facet normal 0 0.976964 0.213404
    outer loop
      vertex 143 301.883 5.62666
      vertex 153 301.923 5.44354
      vertex 143 301.923 5.44354
    endloop
  endfacet
  facet normal 0 0.952797 0.303608
    outer loop
      vertex 153 301.98 5.26466
      vertex 143 301.923 5.44354
      vertex 153 301.923 5.44354
    endloop
  endfacet
  facet normal 0 0.952797 0.303608
    outer loop
      vertex 143 301.923 5.44354
      vertex 153 301.98 5.26466
      vertex 143 301.98 5.26466
    endloop
  endfacet
  facet normal 0 0.99909 -0.0426551
    outer loop
      vertex 153 301.85 6
      vertex 143 301.858 6.18738
      vertex 153 301.858 6.18738
    endloop
  endfacet
  facet normal 0 0.99909 -0.0426551
    outer loop
      vertex 143 301.858 6.18738
      vertex 153 301.85 6
      vertex 143 301.85 6
    endloop
  endfacet
  facet normal 0 0.976964 -0.213404
    outer loop
      vertex 153 301.883 6.37334
      vertex 143 301.923 6.55646
      vertex 153 301.923 6.55646
    endloop
  endfacet
  facet normal 0 0.976964 -0.213404
    outer loop
      vertex 143 301.923 6.55646
      vertex 153 301.883 6.37334
      vertex 143 301.883 6.37334
    endloop
  endfacet
  facet normal 0 0.952797 -0.303608
    outer loop
      vertex 153 301.923 6.55646
      vertex 143 301.98 6.73534
      vertex 153 301.98 6.73534
    endloop
  endfacet
  facet normal 0 0.952797 -0.303608
    outer loop
      vertex 143 301.98 6.73534
      vertex 153 301.923 6.55646
      vertex 143 301.923 6.55646
    endloop
  endfacet
  facet normal 0 0.991084 -0.133239
    outer loop
      vertex 153 301.858 6.18738
      vertex 143 301.883 6.37334
      vertex 153 301.883 6.37334
    endloop
  endfacet
  facet normal 0 0.991084 -0.133239
    outer loop
      vertex 143 301.883 6.37334
      vertex 153 301.858 6.18738
      vertex 143 301.858 6.18738
    endloop
  endfacet
  facet normal 0 0.537728 -0.843118
    outer loop
      vertex 143 302.767 7.76118
      vertex 153 302.925 7.86195
      vertex 153 302.767 7.76118
    endloop
  endfacet
  facet normal 0 0.537728 -0.843118
    outer loop
      vertex 153 302.925 7.86195
      vertex 143 302.767 7.76118
      vertex 143 302.925 7.86195
    endloop
  endfacet
  facet normal -0.999181 0 -0.0404527
    outer loop
      vertex 101.7 306 -25
      vertex 101.694 310 -24.8518
      vertex 101.7 310 -25
    endloop
  endfacet
  facet normal -0.999181 -0 -0.0404527
    outer loop
      vertex 101.694 310 -24.8518
      vertex 101.7 306 -25
      vertex 101.694 306 -24.8518
    endloop
  endfacet
  facet normal -0.990871 0 -0.134812
    outer loop
      vertex 101.694 306 -24.8518
      vertex 101.674 310 -24.7048
      vertex 101.694 310 -24.8518
    endloop
  endfacet
  facet normal -0.990871 -0 -0.134812
    outer loop
      vertex 101.674 310 -24.7048
      vertex 101.694 306 -24.8518
      vertex 101.674 306 -24.7048
    endloop
  endfacet
  facet normal 0.99904 0 -0.0438175
    outer loop
      vertex 98.3065 306 -24.8518
      vertex 98.3 310 -25
      vertex 98.3065 310 -24.8518
    endloop
  endfacet
  facet normal 0.99904 0 -0.0438175
    outer loop
      vertex 98.3 310 -25
      vertex 98.3065 306 -24.8518
      vertex 98.3 306 -25
    endloop
  endfacet
  facet normal -0.0438766 0 -0.999037
    outer loop
      vertex 100 306 -23.3
      vertex 100.148 310 -23.3065
      vertex 100.148 306 -23.3065
    endloop
  endfacet
  facet normal -0.0438766 0 -0.999037
    outer loop
      vertex 100.148 310 -23.3065
      vertex 100 306 -23.3
      vertex 100 310 -23.3
    endloop
  endfacet
  facet normal -0.738106 0 -0.674685
    outer loop
      vertex 101.302 306 -23.9073
      vertex 101.202 310 -23.7979
      vertex 101.302 310 -23.9073
    endloop
  endfacet
  facet normal -0.738106 -0 -0.674685
    outer loop
      vertex 101.202 310 -23.7979
      vertex 101.302 306 -23.9073
      vertex 101.202 306 -23.7979
    endloop
  endfacet
  facet normal 0.675419 0 -0.737434
    outer loop
      vertex 98.7979 306 -23.7979
      vertex 98.9073 310 -23.6977
      vertex 98.9073 306 -23.6977
    endloop
  endfacet
  facet normal 0.675419 0 -0.737434
    outer loop
      vertex 98.9073 310 -23.6977
      vertex 98.7979 306 -23.7979
      vertex 98.7979 310 -23.7979
    endloop
  endfacet
  facet normal 0.382749 0 -0.923853
    outer loop
      vertex 99.2815 306 -23.4593
      vertex 99.4186 310 -23.4025
      vertex 99.4186 306 -23.4025
    endloop
  endfacet
  facet normal 0.382749 0 -0.923853
    outer loop
      vertex 99.4186 310 -23.4025
      vertex 99.2815 306 -23.4593
      vertex 99.2815 310 -23.4593
    endloop
  endfacet
  facet normal -0.0438766 0 0.999037
    outer loop
      vertex 100 310 -26.7
      vertex 100.148 306 -26.6935
      vertex 100.148 310 -26.6935
    endloop
  endfacet
  facet normal -0.0438766 0 0.999037
    outer loop
      vertex 100.148 306 -26.6935
      vertex 100 310 -26.7
      vertex 100 306 -26.7
    endloop
  endfacet
  facet normal -0.925751 0 -0.378133
    outer loop
      vertex 101.597 306 -24.4186
      vertex 101.541 310 -24.2815
      vertex 101.597 310 -24.4186
    endloop
  endfacet
  facet normal -0.925751 -0 -0.378133
    outer loop
      vertex 101.541 310 -24.2815
      vertex 101.597 306 -24.4186
      vertex 101.541 306 -24.2815
    endloop
  endfacet
  facet normal -0.460612 0 -0.887602
    outer loop
      vertex 100.718 306 -23.4593
      vertex 100.85 310 -23.5278
      vertex 100.85 306 -23.5278
    endloop
  endfacet
  facet normal -0.460612 0 -0.887602
    outer loop
      vertex 100.85 310 -23.5278
      vertex 100.718 306 -23.4593
      vertex 100.718 310 -23.4593
    endloop
  endfacet
  facet normal 0.79315 0 -0.609026
    outer loop
      vertex 98.6977 306 -23.9073
      vertex 98.6074 310 -24.0249
      vertex 98.6977 310 -23.9073
    endloop
  endfacet
  facet normal 0.79315 0 -0.609026
    outer loop
      vertex 98.6074 310 -24.0249
      vertex 98.6977 306 -23.9073
      vertex 98.6074 306 -24.0249
    endloop
  endfacet
  facet normal 0.216431 0 -0.976298
    outer loop
      vertex 99.56 306 -23.3579
      vertex 99.7048 310 -23.3258
      vertex 99.7048 306 -23.3258
    endloop
  endfacet
  facet normal 0.216431 0 -0.976298
    outer loop
      vertex 99.7048 310 -23.3258
      vertex 99.56 306 -23.3579
      vertex 99.56 310 -23.3579
    endloop
  endfacet
  facet normal -0.738106 0 0.674685
    outer loop
      vertex 101.202 306 -26.2021
      vertex 101.302 310 -26.0927
      vertex 101.202 310 -26.2021
    endloop
  endfacet
  facet normal -0.738106 0 0.674685
    outer loop
      vertex 101.302 310 -26.0927
      vertex 101.202 306 -26.2021
      vertex 101.302 306 -26.0927
    endloop
  endfacet
  facet normal 0.737434 -0 0.675419
    outer loop
      vertex 98.6977 306 -26.0927
      vertex 98.7979 310 -26.2021
      vertex 98.6977 310 -26.0927
    endloop
  endfacet
  facet normal 0.737434 0 0.675419
    outer loop
      vertex 98.7979 310 -26.2021
      vertex 98.6977 306 -26.0927
      vertex 98.7979 306 -26.2021
    endloop
  endfacet
  facet normal -0.97644 0 -0.215788
    outer loop
      vertex 101.674 306 -24.7048
      vertex 101.642 310 -24.56
      vertex 101.674 310 -24.7048
    endloop
  endfacet
  facet normal -0.97644 -0 -0.215788
    outer loop
      vertex 101.642 310 -24.56
      vertex 101.674 306 -24.7048
      vertex 101.642 306 -24.56
    endloop
  endfacet
  facet normal -0.952908 0 -0.303259
    outer loop
      vertex 101.642 306 -24.56
      vertex 101.597 310 -24.4186
      vertex 101.642 310 -24.56
    endloop
  endfacet
  facet normal -0.952908 -0 -0.303259
    outer loop
      vertex 101.597 310 -24.4186
      vertex 101.642 306 -24.56
      vertex 101.597 306 -24.4186
    endloop
  endfacet
  facet normal -0.301584 0 -0.953439
    outer loop
      vertex 100.44 306 -23.3579
      vertex 100.581 310 -23.4025
      vertex 100.581 306 -23.4025
    endloop
  endfacet
  facet normal -0.301584 0 -0.953439
    outer loop
      vertex 100.581 310 -23.4025
      vertex 100.44 306 -23.3579
      vertex 100.44 310 -23.3579
    endloop
  endfacet
  facet normal 0.953685 0 -0.300809
    outer loop
      vertex 98.4025 306 -24.4186
      vertex 98.3579 310 -24.56
      vertex 98.4025 310 -24.4186
    endloop
  endfacet
  facet normal 0.953685 0 -0.300809
    outer loop
      vertex 98.3579 310 -24.56
      vertex 98.4025 306 -24.4186
      vertex 98.3579 306 -24.56
    endloop
  endfacet
  facet normal 0.886885 0 -0.46199
    outer loop
      vertex 98.5278 306 -24.15
      vertex 98.4593 310 -24.2815
      vertex 98.5278 310 -24.15
    endloop
  endfacet
  facet normal 0.886885 0 -0.46199
    outer loop
      vertex 98.4593 310 -24.2815
      vertex 98.5278 306 -24.15
      vertex 98.4593 306 -24.2815
    endloop
  endfacet
  facet normal 0.843689 0 -0.536832
    outer loop
      vertex 98.6074 306 -24.0249
      vertex 98.5278 310 -24.15
      vertex 98.6074 310 -24.0249
    endloop
  endfacet
  facet normal 0.843689 0 -0.536832
    outer loop
      vertex 98.5278 310 -24.15
      vertex 98.6074 306 -24.0249
      vertex 98.5278 306 -24.15
    endloop
  endfacet
  facet normal 0.536832 0 -0.843689
    outer loop
      vertex 99.0249 306 -23.6074
      vertex 99.15 310 -23.5278
      vertex 99.15 306 -23.5278
    endloop
  endfacet
  facet normal 0.536832 0 -0.843689
    outer loop
      vertex 99.15 310 -23.5278
      vertex 99.0249 306 -23.6074
      vertex 99.0249 310 -23.6074
    endloop
  endfacet
  facet normal 0.130175 0 -0.991491
    outer loop
      vertex 99.7048 306 -23.3258
      vertex 99.8518 310 -23.3065
      vertex 99.8518 306 -23.3065
    endloop
  endfacet
  facet normal 0.130175 0 -0.991491
    outer loop
      vertex 99.8518 310 -23.3065
      vertex 99.7048 306 -23.3258
      vertex 99.7048 310 -23.3258
    endloop
  endfacet
  facet normal -0.952908 0 0.303259
    outer loop
      vertex 101.597 306 -25.5814
      vertex 101.642 310 -25.44
      vertex 101.597 310 -25.5814
    endloop
  endfacet
  facet normal -0.952908 0 0.303259
    outer loop
      vertex 101.642 310 -25.44
      vertex 101.597 306 -25.5814
      vertex 101.642 306 -25.44
    endloop
  endfacet
  facet normal -0.999181 0 0.0404527
    outer loop
      vertex 101.694 306 -25.1482
      vertex 101.7 310 -25
      vertex 101.694 310 -25.1482
    endloop
  endfacet
  facet normal -0.999181 0 0.0404527
    outer loop
      vertex 101.7 310 -25
      vertex 101.694 306 -25.1482
      vertex 101.7 306 -25
    endloop
  endfacet
  facet normal -0.301584 0 0.953439
    outer loop
      vertex 100.44 310 -26.6421
      vertex 100.581 306 -26.5975
      vertex 100.581 310 -26.5975
    endloop
  endfacet
  facet normal -0.301584 0 0.953439
    outer loop
      vertex 100.581 306 -26.5975
      vertex 100.44 310 -26.6421
      vertex 100.44 306 -26.6421
    endloop
  endfacet
  facet normal 0.609026 0 0.79315
    outer loop
      vertex 98.9073 310 -26.3023
      vertex 99.0249 306 -26.3926
      vertex 99.0249 310 -26.3926
    endloop
  endfacet
  facet normal 0.609026 0 0.79315
    outer loop
      vertex 99.0249 306 -26.3926
      vertex 98.9073 310 -26.3023
      vertex 98.9073 306 -26.3023
    endloop
  endfacet
  facet normal 0.675419 0 0.737434
    outer loop
      vertex 98.7979 310 -26.2021
      vertex 98.9073 306 -26.3023
      vertex 98.9073 310 -26.3023
    endloop
  endfacet
  facet normal 0.675419 0 0.737434
    outer loop
      vertex 98.9073 306 -26.3023
      vertex 98.7979 310 -26.2021
      vertex 98.7979 306 -26.2021
    endloop
  endfacet
  facet normal 0.382749 0 0.923853
    outer loop
      vertex 99.2815 310 -26.5407
      vertex 99.4186 306 -26.5975
      vertex 99.4186 310 -26.5975
    endloop
  endfacet
  facet normal 0.382749 0 0.923853
    outer loop
      vertex 99.4186 306 -26.5975
      vertex 99.2815 310 -26.5407
      vertex 99.2815 306 -26.5407
    endloop
  endfacet
  facet normal 0.886885 -0 0.46199
    outer loop
      vertex 98.4593 306 -25.7185
      vertex 98.5278 310 -25.85
      vertex 98.4593 310 -25.7185
    endloop
  endfacet
  facet normal 0.886885 0 0.46199
    outer loop
      vertex 98.5278 310 -25.85
      vertex 98.4593 306 -25.7185
      vertex 98.5278 306 -25.85
    endloop
  endfacet
  facet normal -0.790871 0 -0.611983
    outer loop
      vertex 101.393 306 -24.0249
      vertex 101.302 310 -23.9073
      vertex 101.393 310 -24.0249
    endloop
  endfacet
  facet normal -0.790871 -0 -0.611983
    outer loop
      vertex 101.302 310 -23.9073
      vertex 101.393 306 -24.0249
      vertex 101.302 306 -23.9073
    endloop
  endfacet
  facet normal -0.885502 0 -0.464636
    outer loop
      vertex 101.541 306 -24.2815
      vertex 101.472 310 -24.15
      vertex 101.541 310 -24.2815
    endloop
  endfacet
  facet normal -0.885502 -0 -0.464636
    outer loop
      vertex 101.472 310 -24.15
      vertex 101.541 306 -24.2815
      vertex 101.472 306 -24.15
    endloop
  endfacet
  facet normal -0.845521 0 -0.533942
    outer loop
      vertex 101.472 306 -24.15
      vertex 101.393 310 -24.0249
      vertex 101.472 310 -24.15
    endloop
  endfacet
  facet normal -0.845521 -0 -0.533942
    outer loop
      vertex 101.393 310 -24.0249
      vertex 101.472 306 -24.15
      vertex 101.393 306 -24.0249
    endloop
  endfacet
  facet normal -0.216146 0 -0.976361
    outer loop
      vertex 100.295 306 -23.3258
      vertex 100.44 310 -23.3579
      vertex 100.44 306 -23.3579
    endloop
  endfacet
  facet normal -0.216146 0 -0.976361
    outer loop
      vertex 100.44 310 -23.3579
      vertex 100.295 306 -23.3258
      vertex 100.295 310 -23.3258
    endloop
  endfacet
  facet normal -0.382987 0 -0.923754
    outer loop
      vertex 100.581 306 -23.4025
      vertex 100.718 310 -23.4593
      vertex 100.718 306 -23.4593
    endloop
  endfacet
  facet normal -0.382987 0 -0.923754
    outer loop
      vertex 100.718 310 -23.4593
      vertex 100.581 306 -23.4025
      vertex 100.581 310 -23.4025
    endloop
  endfacet
  facet normal -0.537137 0 -0.843495
    outer loop
      vertex 100.85 306 -23.5278
      vertex 100.975 310 -23.6074
      vertex 100.975 306 -23.6074
    endloop
  endfacet
  facet normal -0.537137 0 -0.843495
    outer loop
      vertex 100.975 310 -23.6074
      vertex 100.85 306 -23.5278
      vertex 100.85 310 -23.5278
    endloop
  endfacet
  facet normal -0.676764 0 -0.7362
    outer loop
      vertex 101.093 306 -23.6977
      vertex 101.202 310 -23.7979
      vertex 101.202 306 -23.7979
    endloop
  endfacet
  facet normal -0.676764 0 -0.7362
    outer loop
      vertex 101.202 310 -23.7979
      vertex 101.093 306 -23.6977
      vertex 101.093 310 -23.6977
    endloop
  endfacet
  facet normal -0.607725 0 -0.794148
    outer loop
      vertex 100.975 306 -23.6074
      vertex 101.093 310 -23.6977
      vertex 101.093 306 -23.6977
    endloop
  endfacet
  facet normal -0.607725 0 -0.794148
    outer loop
      vertex 101.093 310 -23.6977
      vertex 100.975 306 -23.6074
      vertex 100.975 310 -23.6074
    endloop
  endfacet
  facet normal 0.976298 0 -0.216431
    outer loop
      vertex 98.3579 306 -24.56
      vertex 98.3258 310 -24.7048
      vertex 98.3579 310 -24.56
    endloop
  endfacet
  facet normal 0.976298 0 -0.216431
    outer loop
      vertex 98.3258 310 -24.7048
      vertex 98.3579 306 -24.56
      vertex 98.3258 306 -24.7048
    endloop
  endfacet
  facet normal 0.737434 0 -0.675419
    outer loop
      vertex 98.7979 306 -23.7979
      vertex 98.6977 310 -23.9073
      vertex 98.7979 310 -23.7979
    endloop
  endfacet
  facet normal 0.737434 0 -0.675419
    outer loop
      vertex 98.6977 310 -23.9073
      vertex 98.7979 306 -23.7979
      vertex 98.6977 306 -23.9073
    endloop
  endfacet
  facet normal 0.923853 0 -0.382749
    outer loop
      vertex 98.4593 306 -24.2815
      vertex 98.4025 310 -24.4186
      vertex 98.4593 310 -24.2815
    endloop
  endfacet
  facet normal 0.923853 0 -0.382749
    outer loop
      vertex 98.4025 310 -24.4186
      vertex 98.4593 306 -24.2815
      vertex 98.4025 306 -24.4186
    endloop
  endfacet
  facet normal 0.609026 0 -0.79315
    outer loop
      vertex 98.9073 306 -23.6977
      vertex 99.0249 310 -23.6074
      vertex 99.0249 306 -23.6074
    endloop
  endfacet
  facet normal 0.609026 0 -0.79315
    outer loop
      vertex 99.0249 310 -23.6074
      vertex 98.9073 306 -23.6977
      vertex 98.9073 310 -23.6977
    endloop
  endfacet
  facet normal 0.46199 0 -0.886885
    outer loop
      vertex 99.15 306 -23.5278
      vertex 99.2815 310 -23.4593
      vertex 99.2815 306 -23.4593
    endloop
  endfacet
  facet normal 0.46199 0 -0.886885
    outer loop
      vertex 99.2815 310 -23.4593
      vertex 99.15 306 -23.5278
      vertex 99.15 310 -23.5278
    endloop
  endfacet
  facet normal 0.300809 0 -0.953685
    outer loop
      vertex 99.4186 306 -23.4025
      vertex 99.56 310 -23.3579
      vertex 99.56 306 -23.3579
    endloop
  endfacet
  facet normal 0.300809 0 -0.953685
    outer loop
      vertex 99.56 310 -23.3579
      vertex 99.4186 306 -23.4025
      vertex 99.4186 310 -23.4025
    endloop
  endfacet
  facet normal 0.0438175 0 -0.99904
    outer loop
      vertex 99.8518 306 -23.3065
      vertex 100 310 -23.3
      vertex 100 306 -23.3
    endloop
  endfacet
  facet normal 0.0438175 0 -0.99904
    outer loop
      vertex 100 310 -23.3
      vertex 99.8518 306 -23.3065
      vertex 99.8518 310 -23.3065
    endloop
  endfacet
  facet normal -0.925751 0 0.378133
    outer loop
      vertex 101.541 306 -25.7185
      vertex 101.597 310 -25.5814
      vertex 101.541 310 -25.7185
    endloop
  endfacet
  facet normal -0.925751 0 0.378133
    outer loop
      vertex 101.597 310 -25.5814
      vertex 101.541 306 -25.7185
      vertex 101.597 306 -25.5814
    endloop
  endfacet
  facet normal -0.216146 0 0.976361
    outer loop
      vertex 100.295 310 -26.6742
      vertex 100.44 306 -26.6421
      vertex 100.44 310 -26.6421
    endloop
  endfacet
  facet normal -0.216146 0 0.976361
    outer loop
      vertex 100.44 306 -26.6421
      vertex 100.295 310 -26.6742
      vertex 100.295 306 -26.6742
    endloop
  endfacet
  facet normal -0.382987 0 0.923754
    outer loop
      vertex 100.581 310 -26.5975
      vertex 100.718 306 -26.5407
      vertex 100.718 310 -26.5407
    endloop
  endfacet
  facet normal -0.382987 0 0.923754
    outer loop
      vertex 100.718 306 -26.5407
      vertex 100.581 310 -26.5975
      vertex 100.581 306 -26.5975
    endloop
  endfacet
  facet normal -0.607725 0 0.794148
    outer loop
      vertex 100.975 310 -26.3926
      vertex 101.093 306 -26.3023
      vertex 101.093 310 -26.3023
    endloop
  endfacet
  facet normal -0.607725 0 0.794148
    outer loop
      vertex 101.093 306 -26.3023
      vertex 100.975 310 -26.3926
      vertex 100.975 306 -26.3926
    endloop
  endfacet
  facet normal -0.460612 0 0.887602
    outer loop
      vertex 100.718 310 -26.5407
      vertex 100.85 306 -26.4722
      vertex 100.85 310 -26.4722
    endloop
  endfacet
  facet normal -0.460612 0 0.887602
    outer loop
      vertex 100.85 306 -26.4722
      vertex 100.718 310 -26.5407
      vertex 100.718 306 -26.5407
    endloop
  endfacet
  facet normal -0.537137 0 0.843495
    outer loop
      vertex 100.85 310 -26.4722
      vertex 100.975 306 -26.3926
      vertex 100.975 310 -26.3926
    endloop
  endfacet
  facet normal -0.537137 0 0.843495
    outer loop
      vertex 100.975 306 -26.3926
      vertex 100.85 310 -26.4722
      vertex 100.85 306 -26.4722
    endloop
  endfacet
  facet normal 0.216431 0 0.976298
    outer loop
      vertex 99.56 310 -26.6421
      vertex 99.7048 306 -26.6742
      vertex 99.7048 310 -26.6742
    endloop
  endfacet
  facet normal 0.216431 0 0.976298
    outer loop
      vertex 99.7048 306 -26.6742
      vertex 99.56 310 -26.6421
      vertex 99.56 306 -26.6421
    endloop
  endfacet
  facet normal 0.536832 0 0.843689
    outer loop
      vertex 99.0249 310 -26.3926
      vertex 99.15 306 -26.4722
      vertex 99.15 310 -26.4722
    endloop
  endfacet
  facet normal 0.536832 0 0.843689
    outer loop
      vertex 99.15 306 -26.4722
      vertex 99.0249 310 -26.3926
      vertex 99.0249 306 -26.3926
    endloop
  endfacet
  facet normal 0.46199 0 0.886885
    outer loop
      vertex 99.15 310 -26.4722
      vertex 99.2815 306 -26.5407
      vertex 99.2815 310 -26.5407
    endloop
  endfacet
  facet normal 0.46199 0 0.886885
    outer loop
      vertex 99.2815 306 -26.5407
      vertex 99.15 310 -26.4722
      vertex 99.15 306 -26.4722
    endloop
  endfacet
  facet normal 0.300809 0 0.953685
    outer loop
      vertex 99.4186 310 -26.5975
      vertex 99.56 306 -26.6421
      vertex 99.56 310 -26.6421
    endloop
  endfacet
  facet normal 0.300809 0 0.953685
    outer loop
      vertex 99.56 306 -26.6421
      vertex 99.4186 310 -26.5975
      vertex 99.4186 306 -26.5975
    endloop
  endfacet
  facet normal 0.79315 -0 0.609026
    outer loop
      vertex 98.6074 306 -25.9751
      vertex 98.6977 310 -26.0927
      vertex 98.6074 310 -25.9751
    endloop
  endfacet
  facet normal 0.79315 0 0.609026
    outer loop
      vertex 98.6977 310 -26.0927
      vertex 98.6074 306 -25.9751
      vertex 98.6977 306 -26.0927
    endloop
  endfacet
  facet normal 0.843689 -0 0.536832
    outer loop
      vertex 98.5278 306 -25.85
      vertex 98.6074 310 -25.9751
      vertex 98.5278 310 -25.85
    endloop
  endfacet
  facet normal 0.843689 0 0.536832
    outer loop
      vertex 98.6074 310 -25.9751
      vertex 98.5278 306 -25.85
      vertex 98.6074 306 -25.9751
    endloop
  endfacet
  facet normal 0.953685 -0 0.300809
    outer loop
      vertex 98.3579 306 -25.44
      vertex 98.4025 310 -25.5814
      vertex 98.3579 310 -25.44
    endloop
  endfacet
  facet normal 0.953685 0 0.300809
    outer loop
      vertex 98.4025 310 -25.5814
      vertex 98.3579 306 -25.44
      vertex 98.4025 306 -25.5814
    endloop
  endfacet
  facet normal 0.923853 -0 0.382749
    outer loop
      vertex 98.4025 306 -25.5814
      vertex 98.4593 310 -25.7185
      vertex 98.4025 310 -25.5814
    endloop
  endfacet
  facet normal 0.923853 0 0.382749
    outer loop
      vertex 98.4593 310 -25.7185
      vertex 98.4025 306 -25.5814
      vertex 98.4593 306 -25.7185
    endloop
  endfacet
  facet normal 0.976298 -0 0.216431
    outer loop
      vertex 98.3258 306 -25.2952
      vertex 98.3579 310 -25.44
      vertex 98.3258 310 -25.2952
    endloop
  endfacet
  facet normal 0.976298 0 0.216431
    outer loop
      vertex 98.3579 310 -25.44
      vertex 98.3258 306 -25.2952
      vertex 98.3579 306 -25.44
    endloop
  endfacet
  facet normal 0.99904 -0 0.0438175
    outer loop
      vertex 98.3 306 -25
      vertex 98.3065 310 -25.1482
      vertex 98.3 310 -25
    endloop
  endfacet
  facet normal 0.99904 0 0.0438175
    outer loop
      vertex 98.3065 310 -25.1482
      vertex 98.3 306 -25
      vertex 98.3065 306 -25.1482
    endloop
  endfacet
  facet normal -0.130175 0 -0.991491
    outer loop
      vertex 100.148 306 -23.3065
      vertex 100.295 310 -23.3258
      vertex 100.295 306 -23.3258
    endloop
  endfacet
  facet normal -0.130175 0 -0.991491
    outer loop
      vertex 100.295 310 -23.3258
      vertex 100.148 306 -23.3065
      vertex 100.148 310 -23.3065
    endloop
  endfacet
  facet normal 0.991491 0 -0.130175
    outer loop
      vertex 98.3258 306 -24.7048
      vertex 98.3065 310 -24.8518
      vertex 98.3258 310 -24.7048
    endloop
  endfacet
  facet normal 0.991491 0 -0.130175
    outer loop
      vertex 98.3065 310 -24.8518
      vertex 98.3258 306 -24.7048
      vertex 98.3065 306 -24.8518
    endloop
  endfacet
  facet normal -0.790871 0 0.611983
    outer loop
      vertex 101.302 306 -26.0927
      vertex 101.393 310 -25.9751
      vertex 101.302 310 -26.0927
    endloop
  endfacet
  facet normal -0.790871 0 0.611983
    outer loop
      vertex 101.393 310 -25.9751
      vertex 101.302 306 -26.0927
      vertex 101.393 306 -25.9751
    endloop
  endfacet
  facet normal -0.130175 0 0.991491
    outer loop
      vertex 100.148 310 -26.6935
      vertex 100.295 306 -26.6742
      vertex 100.295 310 -26.6742
    endloop
  endfacet
  facet normal -0.130175 0 0.991491
    outer loop
      vertex 100.295 306 -26.6742
      vertex 100.148 310 -26.6935
      vertex 100.148 306 -26.6935
    endloop
  endfacet
  facet normal -0.676764 0 0.7362
    outer loop
      vertex 101.093 310 -26.3023
      vertex 101.202 306 -26.2021
      vertex 101.202 310 -26.2021
    endloop
  endfacet
  facet normal -0.676764 0 0.7362
    outer loop
      vertex 101.202 306 -26.2021
      vertex 101.093 310 -26.3023
      vertex 101.093 306 -26.3023
    endloop
  endfacet
  facet normal 0.130175 0 0.991491
    outer loop
      vertex 99.7048 310 -26.6742
      vertex 99.8518 306 -26.6935
      vertex 99.8518 310 -26.6935
    endloop
  endfacet
  facet normal 0.130175 0 0.991491
    outer loop
      vertex 99.8518 306 -26.6935
      vertex 99.7048 310 -26.6742
      vertex 99.7048 306 -26.6742
    endloop
  endfacet
  facet normal 0.0438175 0 0.99904
    outer loop
      vertex 99.8518 310 -26.6935
      vertex 100 306 -26.7
      vertex 100 310 -26.7
    endloop
  endfacet
  facet normal 0.0438175 0 0.99904
    outer loop
      vertex 100 306 -26.7
      vertex 99.8518 310 -26.6935
      vertex 99.8518 306 -26.6935
    endloop
  endfacet
  facet normal 0.991491 -0 0.130175
    outer loop
      vertex 98.3065 306 -25.1482
      vertex 98.3258 310 -25.2952
      vertex 98.3065 310 -25.1482
    endloop
  endfacet
  facet normal 0.991491 0 0.130175
    outer loop
      vertex 98.3258 310 -25.2952
      vertex 98.3065 306 -25.1482
      vertex 98.3258 306 -25.2952
    endloop
  endfacet
  facet normal -0.845521 0 0.533942
    outer loop
      vertex 101.393 306 -25.9751
      vertex 101.472 310 -25.85
      vertex 101.393 310 -25.9751
    endloop
  endfacet
  facet normal -0.845521 0 0.533942
    outer loop
      vertex 101.472 310 -25.85
      vertex 101.393 306 -25.9751
      vertex 101.472 306 -25.85
    endloop
  endfacet
  facet normal -0.885502 0 0.464636
    outer loop
      vertex 101.472 306 -25.85
      vertex 101.541 310 -25.7185
      vertex 101.472 310 -25.85
    endloop
  endfacet
  facet normal -0.885502 0 0.464636
    outer loop
      vertex 101.541 310 -25.7185
      vertex 101.472 306 -25.85
      vertex 101.541 306 -25.7185
    endloop
  endfacet
  facet normal -0.97644 0 0.215788
    outer loop
      vertex 101.642 306 -25.44
      vertex 101.674 310 -25.2952
      vertex 101.642 310 -25.44
    endloop
  endfacet
  facet normal -0.97644 0 0.215788
    outer loop
      vertex 101.674 310 -25.2952
      vertex 101.642 306 -25.44
      vertex 101.674 306 -25.2952
    endloop
  endfacet
  facet normal -0.990871 0 0.134812
    outer loop
      vertex 101.674 306 -25.2952
      vertex 101.694 310 -25.1482
      vertex 101.674 310 -25.2952
    endloop
  endfacet
  facet normal -0.990871 0 0.134812
    outer loop
      vertex 101.694 310 -25.1482
      vertex 101.674 306 -25.2952
      vertex 101.694 306 -25.1482
    endloop
  endfacet
  facet normal -0.999181 0 -0.0404527
    outer loop
      vertex 133.7 306 -25
      vertex 133.694 310 -24.8518
      vertex 133.7 310 -25
    endloop
  endfacet
  facet normal -0.999181 -0 -0.0404527
    outer loop
      vertex 133.694 310 -24.8518
      vertex 133.7 306 -25
      vertex 133.694 306 -24.8518
    endloop
  endfacet
  facet normal -0.990871 0 -0.134812
    outer loop
      vertex 133.694 306 -24.8518
      vertex 133.674 310 -24.7048
      vertex 133.694 310 -24.8518
    endloop
  endfacet
  facet normal -0.990871 -0 -0.134812
    outer loop
      vertex 133.674 310 -24.7048
      vertex 133.694 306 -24.8518
      vertex 133.674 306 -24.7048
    endloop
  endfacet
  facet normal 0.999181 0 -0.0404527
    outer loop
      vertex 130.306 306 -24.8518
      vertex 130.3 310 -25
      vertex 130.306 310 -24.8518
    endloop
  endfacet
  facet normal 0.999181 0 -0.0404527
    outer loop
      vertex 130.3 310 -25
      vertex 130.306 306 -24.8518
      vertex 130.3 306 -25
    endloop
  endfacet
  facet normal -0.0438766 0 -0.999037
    outer loop
      vertex 132 306 -23.3
      vertex 132.148 310 -23.3065
      vertex 132.148 306 -23.3065
    endloop
  endfacet
  facet normal -0.0438766 0 -0.999037
    outer loop
      vertex 132.148 310 -23.3065
      vertex 132 306 -23.3
      vertex 132 310 -23.3
    endloop
  endfacet
  facet normal -0.738106 0 -0.674685
    outer loop
      vertex 133.302 306 -23.9073
      vertex 133.202 310 -23.7979
      vertex 133.302 310 -23.9073
    endloop
  endfacet
  facet normal -0.738106 -0 -0.674685
    outer loop
      vertex 133.202 310 -23.7979
      vertex 133.302 306 -23.9073
      vertex 133.202 306 -23.7979
    endloop
  endfacet
  facet normal 0.676764 0 -0.7362
    outer loop
      vertex 130.798 306 -23.7979
      vertex 130.907 310 -23.6977
      vertex 130.907 306 -23.6977
    endloop
  endfacet
  facet normal 0.676764 0 -0.7362
    outer loop
      vertex 130.907 310 -23.6977
      vertex 130.798 306 -23.7979
      vertex 130.798 310 -23.7979
    endloop
  endfacet
  facet normal 0.382987 0 -0.923754
    outer loop
      vertex 131.282 306 -23.4593
      vertex 131.419 310 -23.4025
      vertex 131.419 306 -23.4025
    endloop
  endfacet
  facet normal 0.382987 0 -0.923754
    outer loop
      vertex 131.419 310 -23.4025
      vertex 131.282 306 -23.4593
      vertex 131.282 310 -23.4593
    endloop
  endfacet
  facet normal -0.0438766 0 0.999037
    outer loop
      vertex 132 310 -26.7
      vertex 132.148 306 -26.6935
      vertex 132.148 310 -26.6935
    endloop
  endfacet
  facet normal -0.0438766 0 0.999037
    outer loop
      vertex 132.148 306 -26.6935
      vertex 132 310 -26.7
      vertex 132 306 -26.7
    endloop
  endfacet
  facet normal -0.925751 0 -0.378133
    outer loop
      vertex 133.597 306 -24.4186
      vertex 133.541 310 -24.2815
      vertex 133.597 310 -24.4186
    endloop
  endfacet
  facet normal -0.925751 -0 -0.378133
    outer loop
      vertex 133.541 310 -24.2815
      vertex 133.597 306 -24.4186
      vertex 133.541 306 -24.2815
    endloop
  endfacet
  facet normal -0.607725 0 -0.794148
    outer loop
      vertex 132.975 306 -23.6074
      vertex 133.093 310 -23.6977
      vertex 133.093 306 -23.6977
    endloop
  endfacet
  facet normal -0.607725 0 -0.794148
    outer loop
      vertex 133.093 310 -23.6977
      vertex 132.975 306 -23.6074
      vertex 132.975 310 -23.6074
    endloop
  endfacet
  facet normal 0.885502 0 -0.464636
    outer loop
      vertex 130.528 306 -24.15
      vertex 130.459 310 -24.2815
      vertex 130.528 310 -24.15
    endloop
  endfacet
  facet normal 0.885502 0 -0.464636
    outer loop
      vertex 130.459 310 -24.2815
      vertex 130.528 306 -24.15
      vertex 130.459 306 -24.2815
    endloop
  endfacet
  facet normal 0.738106 0 -0.674685
    outer loop
      vertex 130.798 306 -23.7979
      vertex 130.698 310 -23.9073
      vertex 130.798 310 -23.7979
    endloop
  endfacet
  facet normal 0.738106 0 -0.674685
    outer loop
      vertex 130.698 310 -23.9073
      vertex 130.798 306 -23.7979
      vertex 130.698 306 -23.9073
    endloop
  endfacet
  facet normal 0.216146 0 -0.976361
    outer loop
      vertex 131.56 306 -23.3579
      vertex 131.705 310 -23.3258
      vertex 131.705 306 -23.3258
    endloop
  endfacet
  facet normal 0.216146 0 -0.976361
    outer loop
      vertex 131.705 310 -23.3258
      vertex 131.56 306 -23.3579
      vertex 131.56 310 -23.3579
    endloop
  endfacet
  facet normal 0.676764 0 0.7362
    outer loop
      vertex 130.798 310 -26.2021
      vertex 130.907 306 -26.3023
      vertex 130.907 310 -26.3023
    endloop
  endfacet
  facet normal 0.676764 0 0.7362
    outer loop
      vertex 130.907 306 -26.3023
      vertex 130.798 310 -26.2021
      vertex 130.798 306 -26.2021
    endloop
  endfacet
  facet normal -0.97644 0 -0.215788
    outer loop
      vertex 133.674 306 -24.7048
      vertex 133.642 310 -24.56
      vertex 133.674 310 -24.7048
    endloop
  endfacet
  facet normal -0.97644 -0 -0.215788
    outer loop
      vertex 133.642 310 -24.56
      vertex 133.674 306 -24.7048
      vertex 133.642 306 -24.56
    endloop
  endfacet
  facet normal -0.845521 0 -0.533942
    outer loop
      vertex 133.472 306 -24.15
      vertex 133.393 310 -24.0249
      vertex 133.472 310 -24.15
    endloop
  endfacet
  facet normal -0.845521 -0 -0.533942
    outer loop
      vertex 133.393 310 -24.0249
      vertex 133.472 306 -24.15
      vertex 133.393 306 -24.0249
    endloop
  endfacet
  facet normal -0.885502 0 -0.464636
    outer loop
      vertex 133.541 306 -24.2815
      vertex 133.472 310 -24.15
      vertex 133.541 310 -24.2815
    endloop
  endfacet
  facet normal -0.885502 -0 -0.464636
    outer loop
      vertex 133.472 310 -24.15
      vertex 133.541 306 -24.2815
      vertex 133.472 306 -24.15
    endloop
  endfacet
  facet normal -0.301584 0 -0.953439
    outer loop
      vertex 132.44 306 -23.3579
      vertex 132.581 310 -23.4025
      vertex 132.581 306 -23.4025
    endloop
  endfacet
  facet normal -0.301584 0 -0.953439
    outer loop
      vertex 132.581 310 -23.4025
      vertex 132.44 306 -23.3579
      vertex 132.44 310 -23.3579
    endloop
  endfacet
  facet normal -0.382987 0 -0.923754
    outer loop
      vertex 132.581 306 -23.4025
      vertex 132.718 310 -23.4593
      vertex 132.718 306 -23.4593
    endloop
  endfacet
  facet normal -0.382987 0 -0.923754
    outer loop
      vertex 132.718 310 -23.4593
      vertex 132.581 306 -23.4025
      vertex 132.581 310 -23.4025
    endloop
  endfacet
  facet normal -0.676764 0 -0.7362
    outer loop
      vertex 133.093 306 -23.6977
      vertex 133.202 310 -23.7979
      vertex 133.202 306 -23.7979
    endloop
  endfacet
  facet normal -0.676764 0 -0.7362
    outer loop
      vertex 133.202 310 -23.7979
      vertex 133.093 306 -23.6977
      vertex 133.093 310 -23.6977
    endloop
  endfacet
  facet normal 0.952908 0 -0.303259
    outer loop
      vertex 130.403 306 -24.4186
      vertex 130.358 310 -24.56
      vertex 130.403 310 -24.4186
    endloop
  endfacet
  facet normal 0.952908 0 -0.303259
    outer loop
      vertex 130.358 310 -24.56
      vertex 130.403 306 -24.4186
      vertex 130.358 306 -24.56
    endloop
  endfacet
  facet normal 0.790871 0 -0.611983
    outer loop
      vertex 130.698 306 -23.9073
      vertex 130.607 310 -24.0249
      vertex 130.698 310 -23.9073
    endloop
  endfacet
  facet normal 0.790871 0 -0.611983
    outer loop
      vertex 130.607 310 -24.0249
      vertex 130.698 306 -23.9073
      vertex 130.607 306 -24.0249
    endloop
  endfacet
  facet normal 0.925751 0 -0.378133
    outer loop
      vertex 130.459 306 -24.2815
      vertex 130.403 310 -24.4186
      vertex 130.459 310 -24.2815
    endloop
  endfacet
  facet normal 0.925751 0 -0.378133
    outer loop
      vertex 130.403 310 -24.4186
      vertex 130.459 306 -24.2815
      vertex 130.403 306 -24.4186
    endloop
  endfacet
  facet normal 0.537137 0 -0.843495
    outer loop
      vertex 131.025 306 -23.6074
      vertex 131.15 310 -23.5278
      vertex 131.15 306 -23.5278
    endloop
  endfacet
  facet normal 0.537137 0 -0.843495
    outer loop
      vertex 131.15 310 -23.5278
      vertex 131.025 306 -23.6074
      vertex 131.025 310 -23.6074
    endloop
  endfacet
  facet normal 0.460612 0 -0.887602
    outer loop
      vertex 131.15 306 -23.5278
      vertex 131.282 310 -23.4593
      vertex 131.282 306 -23.4593
    endloop
  endfacet
  facet normal 0.460612 0 -0.887602
    outer loop
      vertex 131.282 310 -23.4593
      vertex 131.15 306 -23.5278
      vertex 131.15 310 -23.5278
    endloop
  endfacet
  facet normal 0.130175 0 -0.991491
    outer loop
      vertex 131.705 306 -23.3258
      vertex 131.852 310 -23.3065
      vertex 131.852 306 -23.3065
    endloop
  endfacet
  facet normal 0.130175 0 -0.991491
    outer loop
      vertex 131.852 310 -23.3065
      vertex 131.705 306 -23.3258
      vertex 131.705 310 -23.3258
    endloop
  endfacet
  facet normal -0.999181 0 0.0404527
    outer loop
      vertex 133.694 306 -25.1482
      vertex 133.7 310 -25
      vertex 133.694 310 -25.1482
    endloop
  endfacet
  facet normal -0.999181 0 0.0404527
    outer loop
      vertex 133.7 310 -25
      vertex 133.694 306 -25.1482
      vertex 133.7 306 -25
    endloop
  endfacet
  facet normal -0.460612 0 0.887602
    outer loop
      vertex 132.718 310 -26.5407
      vertex 132.85 306 -26.4722
      vertex 132.85 310 -26.4722
    endloop
  endfacet
  facet normal -0.460612 0 0.887602
    outer loop
      vertex 132.85 306 -26.4722
      vertex 132.718 310 -26.5407
      vertex 132.718 306 -26.5407
    endloop
  endfacet
  facet normal -0.790871 0 0.611983
    outer loop
      vertex 133.302 306 -26.0927
      vertex 133.393 310 -25.9751
      vertex 133.302 310 -26.0927
    endloop
  endfacet
  facet normal -0.790871 0 0.611983
    outer loop
      vertex 133.393 310 -25.9751
      vertex 133.302 306 -26.0927
      vertex 133.393 306 -25.9751
    endloop
  endfacet
  facet normal 0.382987 0 0.923754
    outer loop
      vertex 131.282 310 -26.5407
      vertex 131.419 306 -26.5975
      vertex 131.419 310 -26.5975
    endloop
  endfacet
  facet normal 0.382987 0 0.923754
    outer loop
      vertex 131.419 306 -26.5975
      vertex 131.282 310 -26.5407
      vertex 131.282 306 -26.5407
    endloop
  endfacet
  facet normal 0.885502 -0 0.464636
    outer loop
      vertex 130.459 306 -25.7185
      vertex 130.528 310 -25.85
      vertex 130.459 310 -25.7185
    endloop
  endfacet
  facet normal 0.885502 0 0.464636
    outer loop
      vertex 130.528 310 -25.85
      vertex 130.459 306 -25.7185
      vertex 130.528 306 -25.85
    endloop
  endfacet
  facet normal -0.952908 0 -0.303259
    outer loop
      vertex 133.642 306 -24.56
      vertex 133.597 310 -24.4186
      vertex 133.642 310 -24.56
    endloop
  endfacet
  facet normal -0.952908 -0 -0.303259
    outer loop
      vertex 133.597 310 -24.4186
      vertex 133.642 306 -24.56
      vertex 133.597 306 -24.4186
    endloop
  endfacet
  facet normal -0.790871 0 -0.611983
    outer loop
      vertex 133.393 306 -24.0249
      vertex 133.302 310 -23.9073
      vertex 133.393 310 -24.0249
    endloop
  endfacet
  facet normal -0.790871 -0 -0.611983
    outer loop
      vertex 133.302 310 -23.9073
      vertex 133.393 306 -24.0249
      vertex 133.302 306 -23.9073
    endloop
  endfacet
  facet normal -0.216146 0 -0.976361
    outer loop
      vertex 132.295 306 -23.3258
      vertex 132.44 310 -23.3579
      vertex 132.44 306 -23.3579
    endloop
  endfacet
  facet normal -0.216146 0 -0.976361
    outer loop
      vertex 132.44 310 -23.3579
      vertex 132.295 306 -23.3258
      vertex 132.295 310 -23.3258
    endloop
  endfacet
  facet normal -0.537137 0 -0.843495
    outer loop
      vertex 132.85 306 -23.5278
      vertex 132.975 310 -23.6074
      vertex 132.975 306 -23.6074
    endloop
  endfacet
  facet normal -0.537137 0 -0.843495
    outer loop
      vertex 132.975 310 -23.6074
      vertex 132.85 306 -23.5278
      vertex 132.85 310 -23.5278
    endloop
  endfacet
  facet normal -0.460612 0 -0.887602
    outer loop
      vertex 132.718 306 -23.4593
      vertex 132.85 310 -23.5278
      vertex 132.85 306 -23.5278
    endloop
  endfacet
  facet normal -0.460612 0 -0.887602
    outer loop
      vertex 132.85 310 -23.5278
      vertex 132.718 306 -23.4593
      vertex 132.718 310 -23.4593
    endloop
  endfacet
  facet normal 0.97644 0 -0.215788
    outer loop
      vertex 130.358 306 -24.56
      vertex 130.326 310 -24.7048
      vertex 130.358 310 -24.56
    endloop
  endfacet
  facet normal 0.97644 0 -0.215788
    outer loop
      vertex 130.326 310 -24.7048
      vertex 130.358 306 -24.56
      vertex 130.326 306 -24.7048
    endloop
  endfacet
  facet normal 0.845521 0 -0.533942
    outer loop
      vertex 130.607 306 -24.0249
      vertex 130.528 310 -24.15
      vertex 130.607 310 -24.0249
    endloop
  endfacet
  facet normal 0.845521 0 -0.533942
    outer loop
      vertex 130.528 310 -24.15
      vertex 130.607 306 -24.0249
      vertex 130.528 306 -24.15
    endloop
  endfacet
  facet normal 0.607725 0 -0.794148
    outer loop
      vertex 130.907 306 -23.6977
      vertex 131.025 310 -23.6074
      vertex 131.025 306 -23.6074
    endloop
  endfacet
  facet normal 0.607725 0 -0.794148
    outer loop
      vertex 131.025 310 -23.6074
      vertex 130.907 306 -23.6977
      vertex 130.907 310 -23.6977
    endloop
  endfacet
  facet normal 0.301584 0 -0.953439
    outer loop
      vertex 131.419 306 -23.4025
      vertex 131.56 310 -23.3579
      vertex 131.56 306 -23.3579
    endloop
  endfacet
  facet normal 0.301584 0 -0.953439
    outer loop
      vertex 131.56 310 -23.3579
      vertex 131.419 306 -23.4025
      vertex 131.419 310 -23.4025
    endloop
  endfacet
  facet normal 0.0438766 0 -0.999037
    outer loop
      vertex 131.852 306 -23.3065
      vertex 132 310 -23.3
      vertex 132 306 -23.3
    endloop
  endfacet
  facet normal 0.0438766 0 -0.999037
    outer loop
      vertex 132 310 -23.3
      vertex 131.852 306 -23.3065
      vertex 131.852 310 -23.3065
    endloop
  endfacet
  facet normal -0.216146 0 0.976361
    outer loop
      vertex 132.295 310 -26.6742
      vertex 132.44 306 -26.6421
      vertex 132.44 310 -26.6421
    endloop
  endfacet
  facet normal -0.216146 0 0.976361
    outer loop
      vertex 132.44 306 -26.6421
      vertex 132.295 310 -26.6742
      vertex 132.295 306 -26.6742
    endloop
  endfacet
  facet normal -0.301584 0 0.953439
    outer loop
      vertex 132.44 310 -26.6421
      vertex 132.581 306 -26.5975
      vertex 132.581 310 -26.5975
    endloop
  endfacet
  facet normal -0.301584 0 0.953439
    outer loop
      vertex 132.581 306 -26.5975
      vertex 132.44 310 -26.6421
      vertex 132.44 306 -26.6421
    endloop
  endfacet
  facet normal -0.382987 0 0.923754
    outer loop
      vertex 132.581 310 -26.5975
      vertex 132.718 306 -26.5407
      vertex 132.718 310 -26.5407
    endloop
  endfacet
  facet normal -0.382987 0 0.923754
    outer loop
      vertex 132.718 306 -26.5407
      vertex 132.581 310 -26.5975
      vertex 132.581 306 -26.5975
    endloop
  endfacet
  facet normal -0.607725 0 0.794148
    outer loop
      vertex 132.975 310 -26.3926
      vertex 133.093 306 -26.3023
      vertex 133.093 310 -26.3023
    endloop
  endfacet
  facet normal -0.607725 0 0.794148
    outer loop
      vertex 133.093 306 -26.3023
      vertex 132.975 310 -26.3926
      vertex 132.975 306 -26.3926
    endloop
  endfacet
  facet normal -0.738106 0 0.674685
    outer loop
      vertex 133.202 306 -26.2021
      vertex 133.302 310 -26.0927
      vertex 133.202 310 -26.2021
    endloop
  endfacet
  facet normal -0.738106 0 0.674685
    outer loop
      vertex 133.302 310 -26.0927
      vertex 133.202 306 -26.2021
      vertex 133.302 306 -26.0927
    endloop
  endfacet
  facet normal -0.537137 0 0.843495
    outer loop
      vertex 132.85 310 -26.4722
      vertex 132.975 306 -26.3926
      vertex 132.975 310 -26.3926
    endloop
  endfacet
  facet normal -0.537137 0 0.843495
    outer loop
      vertex 132.975 306 -26.3926
      vertex 132.85 310 -26.4722
      vertex 132.85 306 -26.4722
    endloop
  endfacet
  facet normal 0.216146 0 0.976361
    outer loop
      vertex 131.56 310 -26.6421
      vertex 131.705 306 -26.6742
      vertex 131.705 310 -26.6742
    endloop
  endfacet
  facet normal 0.216146 0 0.976361
    outer loop
      vertex 131.705 306 -26.6742
      vertex 131.56 310 -26.6421
      vertex 131.56 306 -26.6421
    endloop
  endfacet
  facet normal 0.607725 0 0.794148
    outer loop
      vertex 130.907 310 -26.3023
      vertex 131.025 306 -26.3926
      vertex 131.025 310 -26.3926
    endloop
  endfacet
  facet normal 0.607725 0 0.794148
    outer loop
      vertex 131.025 306 -26.3926
      vertex 130.907 310 -26.3023
      vertex 130.907 306 -26.3023
    endloop
  endfacet
  facet normal 0.537137 0 0.843495
    outer loop
      vertex 131.025 310 -26.3926
      vertex 131.15 306 -26.4722
      vertex 131.15 310 -26.4722
    endloop
  endfacet
  facet normal 0.537137 0 0.843495
    outer loop
      vertex 131.15 306 -26.4722
      vertex 131.025 310 -26.3926
      vertex 131.025 306 -26.3926
    endloop
  endfacet
  facet normal 0.460612 0 0.887602
    outer loop
      vertex 131.15 310 -26.4722
      vertex 131.282 306 -26.5407
      vertex 131.282 310 -26.5407
    endloop
  endfacet
  facet normal 0.460612 0 0.887602
    outer loop
      vertex 131.282 306 -26.5407
      vertex 131.15 310 -26.4722
      vertex 131.15 306 -26.4722
    endloop
  endfacet
  facet normal 0.301584 0 0.953439
    outer loop
      vertex 131.419 310 -26.5975
      vertex 131.56 306 -26.6421
      vertex 131.56 310 -26.6421
    endloop
  endfacet
  facet normal 0.301584 0 0.953439
    outer loop
      vertex 131.56 306 -26.6421
      vertex 131.419 310 -26.5975
      vertex 131.419 306 -26.5975
    endloop
  endfacet
  facet normal 0.845521 -0 0.533942
    outer loop
      vertex 130.528 306 -25.85
      vertex 130.607 310 -25.9751
      vertex 130.528 310 -25.85
    endloop
  endfacet
  facet normal 0.845521 0 0.533942
    outer loop
      vertex 130.607 310 -25.9751
      vertex 130.528 306 -25.85
      vertex 130.607 306 -25.9751
    endloop
  endfacet
  facet normal 0.790871 -0 0.611983
    outer loop
      vertex 130.607 306 -25.9751
      vertex 130.698 310 -26.0927
      vertex 130.607 310 -25.9751
    endloop
  endfacet
  facet normal 0.790871 0 0.611983
    outer loop
      vertex 130.698 310 -26.0927
      vertex 130.607 306 -25.9751
      vertex 130.698 306 -26.0927
    endloop
  endfacet
  facet normal 0.738106 -0 0.674685
    outer loop
      vertex 130.698 306 -26.0927
      vertex 130.798 310 -26.2021
      vertex 130.698 310 -26.0927
    endloop
  endfacet
  facet normal 0.738106 0 0.674685
    outer loop
      vertex 130.798 310 -26.2021
      vertex 130.698 306 -26.0927
      vertex 130.798 306 -26.2021
    endloop
  endfacet
  facet normal 0.952908 -0 0.303259
    outer loop
      vertex 130.358 306 -25.44
      vertex 130.403 310 -25.5814
      vertex 130.358 310 -25.44
    endloop
  endfacet
  facet normal 0.952908 0 0.303259
    outer loop
      vertex 130.403 310 -25.5814
      vertex 130.358 306 -25.44
      vertex 130.403 306 -25.5814
    endloop
  endfacet
  facet normal 0.925751 -0 0.378133
    outer loop
      vertex 130.403 306 -25.5814
      vertex 130.459 310 -25.7185
      vertex 130.403 310 -25.5814
    endloop
  endfacet
  facet normal 0.925751 0 0.378133
    outer loop
      vertex 130.459 310 -25.7185
      vertex 130.403 306 -25.5814
      vertex 130.459 306 -25.7185
    endloop
  endfacet
  facet normal 0.97644 -0 0.215788
    outer loop
      vertex 130.326 306 -25.2952
      vertex 130.358 310 -25.44
      vertex 130.326 310 -25.2952
    endloop
  endfacet
  facet normal 0.97644 0 0.215788
    outer loop
      vertex 130.358 310 -25.44
      vertex 130.326 306 -25.2952
      vertex 130.358 306 -25.44
    endloop
  endfacet
  facet normal 0.999181 -0 0.0404527
    outer loop
      vertex 130.3 306 -25
      vertex 130.306 310 -25.1482
      vertex 130.3 310 -25
    endloop
  endfacet
  facet normal 0.999181 0 0.0404527
    outer loop
      vertex 130.306 310 -25.1482
      vertex 130.3 306 -25
      vertex 130.306 306 -25.1482
    endloop
  endfacet
  facet normal -0.130175 0 -0.991491
    outer loop
      vertex 132.148 306 -23.3065
      vertex 132.295 310 -23.3258
      vertex 132.295 306 -23.3258
    endloop
  endfacet
  facet normal -0.130175 0 -0.991491
    outer loop
      vertex 132.295 310 -23.3258
      vertex 132.148 306 -23.3065
      vertex 132.148 310 -23.3065
    endloop
  endfacet
  facet normal 0.990871 0 -0.134812
    outer loop
      vertex 130.326 306 -24.7048
      vertex 130.306 310 -24.8518
      vertex 130.326 310 -24.7048
    endloop
  endfacet
  facet normal 0.990871 0 -0.134812
    outer loop
      vertex 130.306 310 -24.8518
      vertex 130.326 306 -24.7048
      vertex 130.306 306 -24.8518
    endloop
  endfacet
  facet normal -0.925751 0 0.378133
    outer loop
      vertex 133.541 306 -25.7185
      vertex 133.597 310 -25.5814
      vertex 133.541 310 -25.7185
    endloop
  endfacet
  facet normal -0.925751 0 0.378133
    outer loop
      vertex 133.597 310 -25.5814
      vertex 133.541 306 -25.7185
      vertex 133.597 306 -25.5814
    endloop
  endfacet
  facet normal -0.130175 0 0.991491
    outer loop
      vertex 132.148 310 -26.6935
      vertex 132.295 306 -26.6742
      vertex 132.295 310 -26.6742
    endloop
  endfacet
  facet normal -0.130175 0 0.991491
    outer loop
      vertex 132.295 306 -26.6742
      vertex 132.148 310 -26.6935
      vertex 132.148 306 -26.6935
    endloop
  endfacet
  facet normal -0.676764 0 0.7362
    outer loop
      vertex 133.093 310 -26.3023
      vertex 133.202 306 -26.2021
      vertex 133.202 310 -26.2021
    endloop
  endfacet
  facet normal -0.676764 0 0.7362
    outer loop
      vertex 133.202 306 -26.2021
      vertex 133.093 310 -26.3023
      vertex 133.093 306 -26.3023
    endloop
  endfacet
  facet normal 0.130175 0 0.991491
    outer loop
      vertex 131.705 310 -26.6742
      vertex 131.852 306 -26.6935
      vertex 131.852 310 -26.6935
    endloop
  endfacet
  facet normal 0.130175 0 0.991491
    outer loop
      vertex 131.852 306 -26.6935
      vertex 131.705 310 -26.6742
      vertex 131.705 306 -26.6742
    endloop
  endfacet
  facet normal 0.0438766 0 0.999037
    outer loop
      vertex 131.852 310 -26.6935
      vertex 132 306 -26.7
      vertex 132 310 -26.7
    endloop
  endfacet
  facet normal 0.0438766 0 0.999037
    outer loop
      vertex 132 306 -26.7
      vertex 131.852 310 -26.6935
      vertex 131.852 306 -26.6935
    endloop
  endfacet
  facet normal 0.990871 -0 0.134812
    outer loop
      vertex 130.306 306 -25.1482
      vertex 130.326 310 -25.2952
      vertex 130.306 310 -25.1482
    endloop
  endfacet
  facet normal 0.990871 0 0.134812
    outer loop
      vertex 130.326 310 -25.2952
      vertex 130.306 306 -25.1482
      vertex 130.326 306 -25.2952
    endloop
  endfacet
  facet normal -0.97644 0 0.215788
    outer loop
      vertex 133.642 306 -25.44
      vertex 133.674 310 -25.2952
      vertex 133.642 310 -25.44
    endloop
  endfacet
  facet normal -0.97644 0 0.215788
    outer loop
      vertex 133.674 310 -25.2952
      vertex 133.642 306 -25.44
      vertex 133.674 306 -25.2952
    endloop
  endfacet
  facet normal -0.990871 0 0.134812
    outer loop
      vertex 133.674 306 -25.2952
      vertex 133.694 310 -25.1482
      vertex 133.674 310 -25.2952
    endloop
  endfacet
  facet normal -0.990871 0 0.134812
    outer loop
      vertex 133.694 310 -25.1482
      vertex 133.674 306 -25.2952
      vertex 133.694 306 -25.1482
    endloop
  endfacet
  facet normal -0.845521 0 0.533942
    outer loop
      vertex 133.393 306 -25.9751
      vertex 133.472 310 -25.85
      vertex 133.393 310 -25.9751
    endloop
  endfacet
  facet normal -0.845521 0 0.533942
    outer loop
      vertex 133.472 310 -25.85
      vertex 133.393 306 -25.9751
      vertex 133.472 306 -25.85
    endloop
  endfacet
  facet normal -0.885502 0 0.464636
    outer loop
      vertex 133.472 306 -25.85
      vertex 133.541 310 -25.7185
      vertex 133.472 310 -25.85
    endloop
  endfacet
  facet normal -0.885502 0 0.464636
    outer loop
      vertex 133.541 310 -25.7185
      vertex 133.472 306 -25.85
      vertex 133.541 306 -25.7185
    endloop
  endfacet
  facet normal -0.952908 0 0.303259
    outer loop
      vertex 133.597 306 -25.5814
      vertex 133.642 310 -25.44
      vertex 133.597 310 -25.5814
    endloop
  endfacet
  facet normal -0.952908 0 0.303259
    outer loop
      vertex 133.642 310 -25.44
      vertex 133.597 306 -25.5814
      vertex 133.642 306 -25.44
    endloop
  endfacet
  facet normal 0 -0.0436725 0.999046
    outer loop
      vertex 84 203.496 -0.0639477
      vertex 88 203.348 -0.0704174
      vertex 88 203.496 -0.0639477
    endloop
  endfacet
  facet normal 0 -0.0436725 0.999046
    outer loop
      vertex 88 203.348 -0.0704174
      vertex 84 203.496 -0.0639477
      vertex 84 203.348 -0.0704174
    endloop
  endfacet
  facet normal 0 0.0433819 -0.999059
    outer loop
      vertex 84 203.199 3.32311
      vertex 88 203.348 3.32958
      vertex 88 203.199 3.32311
    endloop
  endfacet
  facet normal 0 0.0433819 -0.999059
    outer loop
      vertex 88 203.348 3.32958
      vertex 84 203.199 3.32311
      vertex 84 203.348 3.32958
    endloop
  endfacet
  facet normal 0 -0.998886 -0.0471904
    outer loop
      vertex 84 205.048 1.62958
      vertex 88 205.041 1.77775
      vertex 84 205.041 1.77775
    endloop
  endfacet
  facet normal 0 -0.998886 -0.0471904
    outer loop
      vertex 88 205.041 1.77775
      vertex 84 205.048 1.62958
      vertex 88 205.048 1.62958
    endloop
  endfacet
  facet normal 0 0.737921 -0.674887
    outer loop
      vertex 88 202.045 2.72232
      vertex 84 202.145 2.83166
      vertex 88 202.145 2.83166
    endloop
  endfacet
  facet normal 0 0.737921 -0.674887
    outer loop
      vertex 84 202.145 2.83166
      vertex 88 202.045 2.72232
      vertex 84 202.045 2.72232
    endloop
  endfacet
  facet normal 0 -0.673408 -0.739271
    outer loop
      vertex 84 204.44 2.93186
      vertex 88 204.55 2.83166
      vertex 88 204.44 2.93186
    endloop
  endfacet
  facet normal -0 -0.673408 -0.739271
    outer loop
      vertex 88 204.55 2.83166
      vertex 84 204.44 2.93186
      vertex 84 204.55 2.83166
    endloop
  endfacet
  facet normal 0 -0.888336 -0.459193
    outer loop
      vertex 84 204.888 2.34803
      vertex 88 204.82 2.47958
      vertex 84 204.82 2.47958
    endloop
  endfacet
  facet normal 0 -0.888336 -0.459193
    outer loop
      vertex 88 204.82 2.47958
      vertex 84 204.888 2.34803
      vertex 88 204.888 2.34803
    endloop
  endfacet
  facet normal 0 0.382699 -0.923873
    outer loop
      vertex 84 202.629 3.17031
      vertex 88 202.766 3.22706
      vertex 88 202.629 3.17031
    endloop
  endfacet
  facet normal 0 0.382699 -0.923873
    outer loop
      vertex 88 202.766 3.22706
      vertex 84 202.629 3.17031
      vertex 84 202.766 3.22706
    endloop
  endfacet
  facet normal 0 -0.923295 0.384091
    outer loop
      vertex 84 204.888 0.911131
      vertex 88 204.945 1.04815
      vertex 84 204.945 1.04815
    endloop
  endfacet
  facet normal 0 -0.923295 0.384091
    outer loop
      vertex 88 204.945 1.04815
      vertex 84 204.888 0.911131
      vertex 88 204.888 0.911131
    endloop
  endfacet
  facet normal 0 -0.382699 -0.923873
    outer loop
      vertex 84 203.929 3.22706
      vertex 88 204.066 3.17031
      vertex 88 203.929 3.22706
    endloop
  endfacet
  facet normal -0 -0.382699 -0.923873
    outer loop
      vertex 88 204.066 3.17031
      vertex 84 203.929 3.22706
      vertex 84 204.066 3.17031
    endloop
  endfacet
  facet normal 0 -0.952939 -0.303162
    outer loop
      vertex 84 204.99 2.06957
      vertex 88 204.945 2.21102
      vertex 84 204.945 2.21102
    endloop
  endfacet
  facet normal 0 -0.952939 -0.303162
    outer loop
      vertex 88 204.945 2.21102
      vertex 84 204.99 2.06957
      vertex 88 204.99 2.06957
    endloop
  endfacet
  facet normal 0 0.923286 -0.384113
    outer loop
      vertex 88 201.75 2.21102
      vertex 84 201.807 2.34803
      vertex 88 201.807 2.34803
    endloop
  endfacet
  facet normal 0 0.923286 -0.384113
    outer loop
      vertex 84 201.807 2.34803
      vertex 88 201.75 2.21102
      vertex 84 201.75 2.21102
    endloop
  endfacet
  facet normal 0 0.217512 -0.976058
    outer loop
      vertex 84 202.908 3.27166
      vertex 88 203.052 3.30375
      vertex 88 202.908 3.27166
    endloop
  endfacet
  facet normal 0 0.217512 -0.976058
    outer loop
      vertex 88 203.052 3.30375
      vertex 84 202.908 3.27166
      vertex 84 203.052 3.30375
    endloop
  endfacet
  facet normal 0 -0.130558 0.991441
    outer loop
      vertex 84 203.643 -0.04459
      vertex 88 203.496 -0.0639477
      vertex 88 203.643 -0.04459
    endloop
  endfacet
  facet normal 0 -0.130558 0.991441
    outer loop
      vertex 88 203.496 -0.0639477
      vertex 84 203.643 -0.04459
      vertex 84 203.496 -0.0639477
    endloop
  endfacet
  facet normal 0 -0.301558 0.953448
    outer loop
      vertex 84 203.929 0.0321045
      vertex 88 203.788 -0.0124912
      vertex 88 203.929 0.0321045
    endloop
  endfacet
  facet normal 0 -0.301558 0.953448
    outer loop
      vertex 88 203.788 -0.0124912
      vertex 84 203.929 0.0321045
      vertex 84 203.788 -0.0124912
    endloop
  endfacet
  facet normal 0 -0.673386 0.739291
    outer loop
      vertex 84 204.55 0.427501
      vertex 88 204.44 0.327307
      vertex 88 204.55 0.427501
    endloop
  endfacet
  facet normal 0 -0.673386 0.739291
    outer loop
      vertex 88 204.44 0.327307
      vertex 84 204.55 0.427501
      vertex 84 204.44 0.327307
    endloop
  endfacet
  facet normal 0 -0.952933 0.303181
    outer loop
      vertex 84 204.945 1.04815
      vertex 88 204.99 1.18959
      vertex 84 204.99 1.18959
    endloop
  endfacet
  facet normal 0 -0.952933 0.303181
    outer loop
      vertex 88 204.99 1.18959
      vertex 84 204.945 1.04815
      vertex 88 204.945 1.04815
    endloop
  endfacet
  facet normal 0 -0.991755 0.128151
    outer loop
      vertex 84 205.022 1.33438
      vertex 88 205.041 1.48142
      vertex 84 205.041 1.48142
    endloop
  endfacet
  facet normal 0 -0.991755 0.128151
    outer loop
      vertex 88 205.041 1.48142
      vertex 84 205.022 1.33438
      vertex 88 205.022 1.33438
    endloop
  endfacet
  facet normal 0 -0.888335 0.459196
    outer loop
      vertex 84 204.82 0.779582
      vertex 88 204.888 0.911131
      vertex 84 204.888 0.911131
    endloop
  endfacet
  facet normal 0 -0.888335 0.459196
    outer loop
      vertex 88 204.888 0.911131
      vertex 84 204.82 0.779582
      vertex 88 204.82 0.779582
    endloop
  endfacet
  facet normal 0 -0.794275 0.607559
    outer loop
      vertex 84 204.65 0.536843
      vertex 88 204.74 0.654502
      vertex 84 204.74 0.654502
    endloop
  endfacet
  facet normal 0 -0.794275 0.607559
    outer loop
      vertex 88 204.74 0.654502
      vertex 84 204.65 0.536843
      vertex 88 204.65 0.536843
    endloop
  endfacet
  facet normal 0 -0.130573 -0.991439
    outer loop
      vertex 84 203.496 3.32311
      vertex 88 203.643 3.30375
      vertex 88 203.496 3.32311
    endloop
  endfacet
  facet normal -0 -0.130573 -0.991439
    outer loop
      vertex 88 203.643 3.30375
      vertex 84 203.496 3.32311
      vertex 84 203.643 3.30375
    endloop
  endfacet
  facet normal 0 -0.537521 -0.84325
    outer loop
      vertex 84 204.198 3.10182
      vertex 88 204.323 3.02214
      vertex 88 204.198 3.10182
    endloop
  endfacet
  facet normal -0 -0.537521 -0.84325
    outer loop
      vertex 88 204.323 3.02214
      vertex 84 204.198 3.10182
      vertex 84 204.323 3.02214
    endloop
  endfacet
  facet normal 0 -0.6109 -0.791707
    outer loop
      vertex 84 204.323 3.02214
      vertex 88 204.44 2.93186
      vertex 88 204.323 3.02214
    endloop
  endfacet
  facet normal -0 -0.6109 -0.791707
    outer loop
      vertex 88 204.44 2.93186
      vertex 84 204.323 3.02214
      vertex 84 204.44 2.93186
    endloop
  endfacet
  facet normal 0 -0.460559 -0.887629
    outer loop
      vertex 84 204.066 3.17031
      vertex 88 204.198 3.10182
      vertex 88 204.066 3.17031
    endloop
  endfacet
  facet normal -0 -0.460559 -0.887629
    outer loop
      vertex 88 204.198 3.10182
      vertex 84 204.066 3.17031
      vertex 84 204.198 3.10182
    endloop
  endfacet
  facet normal 0 -0.301584 -0.953439
    outer loop
      vertex 84 203.788 3.27166
      vertex 88 203.929 3.22706
      vertex 88 203.788 3.27166
    endloop
  endfacet
  facet normal -0 -0.301584 -0.953439
    outer loop
      vertex 88 203.929 3.22706
      vertex 84 203.788 3.27166
      vertex 84 203.929 3.22706
    endloop
  endfacet
  facet normal 0 -0.0436745 -0.999046
    outer loop
      vertex 84 203.348 3.32958
      vertex 88 203.496 3.32311
      vertex 88 203.348 3.32958
    endloop
  endfacet
  facet normal -0 -0.0436745 -0.999046
    outer loop
      vertex 88 203.496 3.32311
      vertex 84 203.348 3.32958
      vertex 84 203.496 3.32311
    endloop
  endfacet
  facet normal 0 -0.794277 -0.607555
    outer loop
      vertex 84 204.74 2.60466
      vertex 88 204.65 2.72232
      vertex 84 204.65 2.72232
    endloop
  endfacet
  facet normal 0 -0.794277 -0.607555
    outer loop
      vertex 88 204.65 2.72232
      vertex 84 204.74 2.60466
      vertex 88 204.74 2.60466
    endloop
  endfacet
  facet normal 0 -0.842428 -0.538809
    outer loop
      vertex 84 204.82 2.47958
      vertex 88 204.74 2.60466
      vertex 84 204.74 2.60466
    endloop
  endfacet
  facet normal 0 -0.842428 -0.538809
    outer loop
      vertex 88 204.74 2.60466
      vertex 84 204.82 2.47958
      vertex 88 204.82 2.47958
    endloop
  endfacet
  facet normal 0 -0.737921 -0.674887
    outer loop
      vertex 84 204.65 2.72232
      vertex 88 204.55 2.83166
      vertex 84 204.55 2.83166
    endloop
  endfacet
  facet normal 0 -0.737921 -0.674887
    outer loop
      vertex 88 204.55 2.83166
      vertex 84 204.65 2.72232
      vertex 88 204.65 2.72232
    endloop
  endfacet
  facet normal 0 -0.923286 -0.384113
    outer loop
      vertex 84 204.945 2.21102
      vertex 88 204.888 2.34803
      vertex 84 204.888 2.34803
    endloop
  endfacet
  facet normal 0 -0.923286 -0.384113
    outer loop
      vertex 88 204.888 2.34803
      vertex 84 204.945 2.21102
      vertex 88 204.945 2.21102
    endloop
  endfacet
  facet normal 0 -0.991754 -0.12816
    outer loop
      vertex 84 205.041 1.77775
      vertex 88 205.022 1.92478
      vertex 84 205.022 1.92478
    endloop
  endfacet
  facet normal 0 -0.991754 -0.12816
    outer loop
      vertex 88 205.022 1.92478
      vertex 84 205.041 1.77775
      vertex 88 205.041 1.77775
    endloop
  endfacet
  facet normal -0 0.0433799 0.999059
    outer loop
      vertex 84 203.348 -0.0704174
      vertex 88 203.199 -0.0639477
      vertex 88 203.348 -0.0704174
    endloop
  endfacet
  facet normal 0 0.0433799 0.999059
    outer loop
      vertex 88 203.199 -0.0639477
      vertex 84 203.348 -0.0704174
      vertex 84 203.199 -0.0639477
    endloop
  endfacet
  facet normal 0 0.991755 0.128151
    outer loop
      vertex 88 201.673 1.33438
      vertex 84 201.654 1.48142
      vertex 88 201.654 1.48142
    endloop
  endfacet
  facet normal 0 0.991755 0.128151
    outer loop
      vertex 84 201.654 1.48142
      vertex 88 201.673 1.33438
      vertex 84 201.673 1.33438
    endloop
  endfacet
  facet normal 0 0.923295 0.384091
    outer loop
      vertex 88 201.807 0.911131
      vertex 84 201.75 1.04815
      vertex 88 201.75 1.04815
    endloop
  endfacet
  facet normal 0 0.923295 0.384091
    outer loop
      vertex 84 201.75 1.04815
      vertex 88 201.807 0.911131
      vertex 84 201.807 0.911131
    endloop
  endfacet
  facet normal 0 0.737927 0.67488
    outer loop
      vertex 88 202.145 0.427501
      vertex 84 202.045 0.536843
      vertex 88 202.045 0.536843
    endloop
  endfacet
  facet normal 0 0.737927 0.67488
    outer loop
      vertex 84 202.045 0.536843
      vertex 88 202.145 0.427501
      vertex 84 202.145 0.427501
    endloop
  endfacet
  facet normal 0 0.842428 0.538809
    outer loop
      vertex 88 201.955 0.654502
      vertex 84 201.875 0.779582
      vertex 88 201.875 0.779582
    endloop
  endfacet
  facet normal 0 0.842428 0.538809
    outer loop
      vertex 84 201.875 0.779582
      vertex 88 201.955 0.654502
      vertex 84 201.955 0.654502
    endloop
  endfacet
  facet normal -0 0.610917 0.791694
    outer loop
      vertex 84 202.372 0.237023
      vertex 88 202.255 0.327307
      vertex 88 202.372 0.237023
    endloop
  endfacet
  facet normal 0 0.610917 0.791694
    outer loop
      vertex 88 202.255 0.327307
      vertex 84 202.372 0.237023
      vertex 84 202.255 0.327307
    endloop
  endfacet
  facet normal -0 0.463271 0.886217
    outer loop
      vertex 84 202.629 0.0888586
      vertex 88 202.498 0.157339
      vertex 88 202.629 0.0888586
    endloop
  endfacet
  facet normal 0 0.463271 0.886217
    outer loop
      vertex 88 202.498 0.157339
      vertex 84 202.629 0.0888586
      vertex 84 202.498 0.157339
    endloop
  endfacet
  facet normal 0 0.991754 -0.12816
    outer loop
      vertex 88 201.654 1.77775
      vertex 84 201.673 1.92478
      vertex 88 201.673 1.92478
    endloop
  endfacet
  facet normal 0 0.991754 -0.12816
    outer loop
      vertex 84 201.673 1.92478
      vertex 88 201.654 1.77775
      vertex 84 201.654 1.77775
    endloop
  endfacet
  facet normal 0 0.842428 -0.538809
    outer loop
      vertex 88 201.875 2.47958
      vertex 84 201.955 2.60466
      vertex 88 201.955 2.60466
    endloop
  endfacet
  facet normal 0 0.842428 -0.538809
    outer loop
      vertex 84 201.955 2.60466
      vertex 88 201.875 2.47958
      vertex 84 201.875 2.47958
    endloop
  endfacet
  facet normal 0 0.794277 -0.607555
    outer loop
      vertex 88 201.955 2.60466
      vertex 84 202.045 2.72232
      vertex 88 202.045 2.72232
    endloop
  endfacet
  facet normal 0 0.794277 -0.607555
    outer loop
      vertex 84 202.045 2.72232
      vertex 88 201.955 2.60466
      vertex 84 201.955 2.60466
    endloop
  endfacet
  facet normal 0 0.888336 -0.459193
    outer loop
      vertex 88 201.807 2.34803
      vertex 84 201.875 2.47958
      vertex 88 201.875 2.47958
    endloop
  endfacet
  facet normal 0 0.888336 -0.459193
    outer loop
      vertex 84 201.875 2.47958
      vertex 88 201.807 2.34803
      vertex 84 201.807 2.34803
    endloop
  endfacet
  facet normal 0 0.999181 -0.0404609
    outer loop
      vertex 88 201.648 1.62958
      vertex 84 201.654 1.77775
      vertex 88 201.654 1.77775
    endloop
  endfacet
  facet normal 0 0.999181 -0.0404609
    outer loop
      vertex 84 201.654 1.77775
      vertex 88 201.648 1.62958
      vertex 84 201.648 1.62958
    endloop
  endfacet
  facet normal 0 0.6109 -0.791707
    outer loop
      vertex 84 202.255 2.93186
      vertex 88 202.372 3.02214
      vertex 88 202.255 2.93186
    endloop
  endfacet
  facet normal 0 0.6109 -0.791707
    outer loop
      vertex 88 202.372 3.02214
      vertex 84 202.255 2.93186
      vertex 84 202.372 3.02214
    endloop
  endfacet
  facet normal 0 0.673408 -0.739271
    outer loop
      vertex 84 202.145 2.83166
      vertex 88 202.255 2.93186
      vertex 88 202.145 2.83166
    endloop
  endfacet
  facet normal 0 0.673408 -0.739271
    outer loop
      vertex 88 202.255 2.93186
      vertex 84 202.145 2.83166
      vertex 84 202.255 2.93186
    endloop
  endfacet
  facet normal 0 0.299652 -0.954049
    outer loop
      vertex 84 202.766 3.22706
      vertex 88 202.908 3.27166
      vertex 88 202.766 3.22706
    endloop
  endfacet
  facet normal 0 0.299652 -0.954049
    outer loop
      vertex 88 202.908 3.27166
      vertex 84 202.766 3.22706
      vertex 84 202.908 3.27166
    endloop
  endfacet
  facet normal 0 0.130573 -0.991439
    outer loop
      vertex 84 203.052 3.30375
      vertex 88 203.199 3.32311
      vertex 88 203.052 3.30375
    endloop
  endfacet
  facet normal 0 0.130573 -0.991439
    outer loop
      vertex 88 203.199 3.32311
      vertex 84 203.052 3.30375
      vertex 84 203.199 3.32311
    endloop
  endfacet
  facet normal 0 -0.216138 0.976363
    outer loop
      vertex 84 203.788 -0.0124912
      vertex 88 203.643 -0.04459
      vertex 88 203.788 -0.0124912
    endloop
  endfacet
  facet normal 0 -0.216138 0.976363
    outer loop
      vertex 88 203.643 -0.04459
      vertex 84 203.788 -0.0124912
      vertex 84 203.643 -0.04459
    endloop
  endfacet
  facet normal 0 -0.382723 0.923863
    outer loop
      vertex 84 204.066 0.0888586
      vertex 88 203.929 0.0321045
      vertex 88 204.066 0.0888586
    endloop
  endfacet
  facet normal 0 -0.382723 0.923863
    outer loop
      vertex 88 203.929 0.0321045
      vertex 84 204.066 0.0888586
      vertex 84 203.929 0.0321045
    endloop
  endfacet
  facet normal 0 -0.737927 0.67488
    outer loop
      vertex 84 204.55 0.427501
      vertex 88 204.65 0.536843
      vertex 84 204.65 0.536843
    endloop
  endfacet
  facet normal 0 -0.737927 0.67488
    outer loop
      vertex 88 204.65 0.536843
      vertex 84 204.55 0.427501
      vertex 88 204.55 0.427501
    endloop
  endfacet
  facet normal 0 -0.610917 0.791694
    outer loop
      vertex 84 204.44 0.327307
      vertex 88 204.323 0.237023
      vertex 88 204.44 0.327307
    endloop
  endfacet
  facet normal 0 -0.610917 0.791694
    outer loop
      vertex 88 204.323 0.237023
      vertex 84 204.44 0.327307
      vertex 84 204.323 0.237023
    endloop
  endfacet
  facet normal 0 -0.460508 0.887656
    outer loop
      vertex 84 204.198 0.157339
      vertex 88 204.066 0.0888586
      vertex 88 204.198 0.157339
    endloop
  endfacet
  facet normal 0 -0.460508 0.887656
    outer loop
      vertex 88 204.066 0.0888586
      vertex 84 204.198 0.157339
      vertex 84 204.066 0.0888586
    endloop
  endfacet
  facet normal 0 -0.976437 0.215802
    outer loop
      vertex 84 204.99 1.18959
      vertex 88 205.022 1.33438
      vertex 84 205.022 1.33438
    endloop
  endfacet
  facet normal 0 -0.976437 0.215802
    outer loop
      vertex 88 205.022 1.33438
      vertex 84 204.99 1.18959
      vertex 88 204.99 1.18959
    endloop
  endfacet
  facet normal 0 -0.998886 0.0471936
    outer loop
      vertex 84 205.041 1.48142
      vertex 88 205.048 1.62958
      vertex 84 205.048 1.62958
    endloop
  endfacet
  facet normal 0 -0.998886 0.0471936
    outer loop
      vertex 88 205.048 1.62958
      vertex 84 205.041 1.48142
      vertex 88 205.041 1.48142
    endloop
  endfacet
  facet normal 0 -0.842428 0.538809
    outer loop
      vertex 84 204.74 0.654502
      vertex 88 204.82 0.779582
      vertex 84 204.82 0.779582
    endloop
  endfacet
  facet normal 0 -0.842428 0.538809
    outer loop
      vertex 88 204.82 0.779582
      vertex 84 204.74 0.654502
      vertex 88 204.74 0.654502
    endloop
  endfacet
  facet normal 0 -0.216082 -0.976375
    outer loop
      vertex 84 203.643 3.30375
      vertex 88 203.788 3.27166
      vertex 88 203.643 3.30375
    endloop
  endfacet
  facet normal -0 -0.216082 -0.976375
    outer loop
      vertex 88 203.788 3.27166
      vertex 84 203.643 3.30375
      vertex 84 203.788 3.27166
    endloop
  endfacet
  facet normal 0 -0.976437 -0.215802
    outer loop
      vertex 84 205.022 1.92478
      vertex 88 204.99 2.06957
      vertex 84 204.99 2.06957
    endloop
  endfacet
  facet normal 0 -0.976437 -0.215802
    outer loop
      vertex 88 204.99 2.06957
      vertex 84 205.022 1.92478
      vertex 88 205.022 1.92478
    endloop
  endfacet
  facet normal 0 0.976437 0.215802
    outer loop
      vertex 88 201.705 1.18959
      vertex 84 201.673 1.33438
      vertex 88 201.673 1.33438
    endloop
  endfacet
  facet normal 0 0.976437 0.215802
    outer loop
      vertex 84 201.673 1.33438
      vertex 88 201.705 1.18959
      vertex 84 201.705 1.18959
    endloop
  endfacet
  facet normal 0 0.888335 0.459196
    outer loop
      vertex 88 201.875 0.779582
      vertex 84 201.807 0.911131
      vertex 88 201.807 0.911131
    endloop
  endfacet
  facet normal 0 0.888335 0.459196
    outer loop
      vertex 84 201.807 0.911131
      vertex 88 201.875 0.779582
      vertex 84 201.875 0.779582
    endloop
  endfacet
  facet normal -0 0.673386 0.739291
    outer loop
      vertex 84 202.255 0.327307
      vertex 88 202.145 0.427501
      vertex 88 202.255 0.327307
    endloop
  endfacet
  facet normal 0 0.673386 0.739291
    outer loop
      vertex 88 202.145 0.427501
      vertex 84 202.255 0.327307
      vertex 84 202.145 0.427501
    endloop
  endfacet
  facet normal 0 0.794275 0.607559
    outer loop
      vertex 88 202.045 0.536843
      vertex 84 201.955 0.654502
      vertex 88 201.955 0.654502
    endloop
  endfacet
  facet normal 0 0.794275 0.607559
    outer loop
      vertex 84 201.955 0.654502
      vertex 88 202.045 0.536843
      vertex 84 202.045 0.536843
    endloop
  endfacet
  facet normal -0 0.534497 0.845171
    outer loop
      vertex 84 202.498 0.157339
      vertex 88 202.372 0.237023
      vertex 88 202.498 0.157339
    endloop
  endfacet
  facet normal 0 0.534497 0.845171
    outer loop
      vertex 88 202.372 0.237023
      vertex 84 202.498 0.157339
      vertex 84 202.372 0.237023
    endloop
  endfacet
  facet normal -0 0.382723 0.923863
    outer loop
      vertex 84 202.766 0.0321045
      vertex 88 202.629 0.0888586
      vertex 88 202.766 0.0321045
    endloop
  endfacet
  facet normal 0 0.382723 0.923863
    outer loop
      vertex 88 202.629 0.0888586
      vertex 84 202.766 0.0321045
      vertex 84 202.629 0.0888586
    endloop
  endfacet
  facet normal -0 0.130558 0.991441
    outer loop
      vertex 84 203.199 -0.0639477
      vertex 88 203.052 -0.04459
      vertex 88 203.199 -0.0639477
    endloop
  endfacet
  facet normal 0 0.130558 0.991441
    outer loop
      vertex 88 203.052 -0.04459
      vertex 84 203.199 -0.0639477
      vertex 84 203.052 -0.04459
    endloop
  endfacet
  facet normal -0 0.299626 0.954057
    outer loop
      vertex 84 202.908 -0.0124912
      vertex 88 202.766 0.0321045
      vertex 88 202.908 -0.0124912
    endloop
  endfacet
  facet normal 0 0.299626 0.954057
    outer loop
      vertex 88 202.766 0.0321045
      vertex 84 202.908 -0.0124912
      vertex 84 202.766 0.0321045
    endloop
  endfacet
  facet normal 0 0.976437 -0.215802
    outer loop
      vertex 88 201.673 1.92478
      vertex 84 201.705 2.06957
      vertex 88 201.705 2.06957
    endloop
  endfacet
  facet normal 0 0.976437 -0.215802
    outer loop
      vertex 84 201.705 2.06957
      vertex 88 201.673 1.92478
      vertex 84 201.673 1.92478
    endloop
  endfacet
  facet normal 0 0.952939 -0.303162
    outer loop
      vertex 88 201.705 2.06957
      vertex 84 201.75 2.21102
      vertex 88 201.75 2.21102
    endloop
  endfacet
  facet normal 0 0.952939 -0.303162
    outer loop
      vertex 84 201.75 2.21102
      vertex 88 201.705 2.06957
      vertex 84 201.705 2.06957
    endloop
  endfacet
  facet normal 0 0.999181 0.0404636
    outer loop
      vertex 88 201.654 1.48142
      vertex 84 201.648 1.62958
      vertex 88 201.648 1.62958
    endloop
  endfacet
  facet normal 0 0.999181 0.0404636
    outer loop
      vertex 84 201.648 1.62958
      vertex 88 201.654 1.48142
      vertex 84 201.654 1.48142
    endloop
  endfacet
  facet normal 0 0.534477 -0.845183
    outer loop
      vertex 84 202.372 3.02214
      vertex 88 202.498 3.10182
      vertex 88 202.372 3.02214
    endloop
  endfacet
  facet normal 0 0.534477 -0.845183
    outer loop
      vertex 88 202.498 3.10182
      vertex 84 202.372 3.02214
      vertex 84 202.498 3.10182
    endloop
  endfacet
  facet normal 0 0.463322 -0.88619
    outer loop
      vertex 84 202.498 3.10182
      vertex 88 202.629 3.17031
      vertex 88 202.498 3.10182
    endloop
  endfacet
  facet normal 0 0.463322 -0.88619
    outer loop
      vertex 88 202.629 3.17031
      vertex 84 202.498 3.10182
      vertex 84 202.629 3.17031
    endloop
  endfacet
  facet normal 0 -0.537541 0.843238
    outer loop
      vertex 84 204.323 0.237023
      vertex 88 204.198 0.157339
      vertex 88 204.323 0.237023
    endloop
  endfacet
  facet normal 0 -0.537541 0.843238
    outer loop
      vertex 88 204.198 0.157339
      vertex 84 204.323 0.237023
      vertex 84 204.198 0.157339
    endloop
  endfacet
  facet normal 0 0.952933 0.303181
    outer loop
      vertex 88 201.75 1.04815
      vertex 84 201.705 1.18959
      vertex 88 201.705 1.18959
    endloop
  endfacet
  facet normal 0 0.952933 0.303181
    outer loop
      vertex 84 201.705 1.18959
      vertex 88 201.75 1.04815
      vertex 84 201.75 1.04815
    endloop
  endfacet
  facet normal -0 0.217569 0.976045
    outer loop
      vertex 84 203.052 -0.04459
      vertex 88 202.908 -0.0124912
      vertex 88 203.052 -0.04459
    endloop
  endfacet
  facet normal 0 0.217569 0.976045
    outer loop
      vertex 88 202.908 -0.0124912
      vertex 84 203.052 -0.04459
      vertex 84 202.908 -0.0124912
    endloop
  endfacet
  facet normal 0 -0.0438766 0.999037
    outer loop
      vertex 84 238.778 -35.346
      vertex 88 238.63 -35.3525
      vertex 88 238.778 -35.346
    endloop
  endfacet
  facet normal 0 -0.0438766 0.999037
    outer loop
      vertex 88 238.63 -35.3525
      vertex 84 238.778 -35.346
      vertex 84 238.63 -35.3525
    endloop
  endfacet
  facet normal 0 -0.0432029 -0.999066
    outer loop
      vertex 84 238.63 -31.9525
      vertex 88 238.778 -31.9589
      vertex 88 238.63 -31.9525
    endloop
  endfacet
  facet normal -0 -0.0432029 -0.999066
    outer loop
      vertex 88 238.778 -31.9589
      vertex 84 238.63 -31.9525
      vertex 84 238.778 -31.9589
    endloop
  endfacet
  facet normal 0 -0.998886 -0.0471809
    outer loop
      vertex 84 240.33 -33.6525
      vertex 88 240.323 -33.5043
      vertex 84 240.323 -33.5043
    endloop
  endfacet
  facet normal 0 -0.998886 -0.0471809
    outer loop
      vertex 88 240.323 -33.5043
      vertex 84 240.33 -33.6525
      vertex 88 240.33 -33.6525
    endloop
  endfacet
  facet normal 0 0.999181 -0.0404527
    outer loop
      vertex 88 236.93 -33.6525
      vertex 84 236.936 -33.5043
      vertex 88 236.936 -33.5043
    endloop
  endfacet
  facet normal 0 0.999181 -0.0404527
    outer loop
      vertex 84 236.936 -33.5043
      vertex 88 236.93 -33.6525
      vertex 84 236.93 -33.6525
    endloop
  endfacet
  facet normal 0 0.676764 -0.7362
    outer loop
      vertex 84 237.428 -32.4504
      vertex 88 237.537 -32.3502
      vertex 88 237.428 -32.4504
    endloop
  endfacet
  facet normal 0 0.676764 -0.7362
    outer loop
      vertex 88 237.537 -32.3502
      vertex 84 237.428 -32.4504
      vertex 84 237.537 -32.3502
    endloop
  endfacet
  facet normal 0 -0.737798 -0.675021
    outer loop
      vertex 84 239.932 -32.5597
      vertex 88 239.832 -32.4504
      vertex 84 239.832 -32.4504
    endloop
  endfacet
  facet normal 0 -0.737798 -0.675021
    outer loop
      vertex 88 239.832 -32.4504
      vertex 84 239.932 -32.5597
      vertex 88 239.932 -32.5597
    endloop
  endfacet
  facet normal 0 -0.923276 -0.384137
    outer loop
      vertex 84 240.227 -33.071
      vertex 88 240.17 -32.934
      vertex 84 240.17 -32.934
    endloop
  endfacet
  facet normal 0 -0.923276 -0.384137
    outer loop
      vertex 88 240.17 -32.934
      vertex 84 240.227 -33.071
      vertex 88 240.227 -33.071
    endloop
  endfacet
  facet normal 0 0.299652 -0.954049
    outer loop
      vertex 84 238.048 -32.055
      vertex 88 238.19 -32.0104
      vertex 88 238.048 -32.055
    endloop
  endfacet
  facet normal 0 0.299652 -0.954049
    outer loop
      vertex 88 238.19 -32.0104
      vertex 84 238.048 -32.055
      vertex 84 238.19 -32.0104
    endloop
  endfacet
  facet normal 0 -0.382987 -0.923754
    outer loop
      vertex 84 239.211 -32.055
      vertex 88 239.348 -32.1118
      vertex 88 239.211 -32.055
    endloop
  endfacet
  facet normal -0 -0.382987 -0.923754
    outer loop
      vertex 88 239.348 -32.1118
      vertex 84 239.211 -32.055
      vertex 84 239.348 -32.1118
    endloop
  endfacet
  facet normal 0 -0.97644 -0.215788
    outer loop
      vertex 84 240.304 -33.3573
      vertex 88 240.272 -33.2125
      vertex 84 240.272 -33.2125
    endloop
  endfacet
  facet normal 0 -0.97644 -0.215788
    outer loop
      vertex 88 240.272 -33.2125
      vertex 84 240.304 -33.3573
      vertex 88 240.304 -33.3573
    endloop
  endfacet
  facet normal -0 0.29904 0.954241
    outer loop
      vertex 84 238.19 -35.2945
      vertex 88 238.048 -35.25
      vertex 88 238.19 -35.2945
    endloop
  endfacet
  facet normal 0 0.29904 0.954241
    outer loop
      vertex 88 238.048 -35.25
      vertex 84 238.19 -35.2945
      vertex 84 238.048 -35.25
    endloop
  endfacet
  facet normal 0 0.888265 -0.459331
    outer loop
      vertex 88 237.089 -32.934
      vertex 84 237.157 -32.8025
      vertex 88 237.157 -32.8025
    endloop
  endfacet
  facet normal 0 0.888265 -0.459331
    outer loop
      vertex 84 237.157 -32.8025
      vertex 88 237.089 -32.934
      vertex 84 237.089 -32.934
    endloop
  endfacet
  facet normal 0 0.130838 -0.991404
    outer loop
      vertex 84 238.334 -31.9783
      vertex 88 238.481 -31.9589
      vertex 88 238.334 -31.9783
    endloop
  endfacet
  facet normal 0 0.130838 -0.991404
    outer loop
      vertex 88 238.481 -31.9589
      vertex 84 238.334 -31.9783
      vertex 84 238.481 -31.9589
    endloop
  endfacet
  facet normal 0 -0.30097 0.953634
    outer loop
      vertex 84 239.211 -35.25
      vertex 88 239.07 -35.2945
      vertex 88 239.211 -35.25
    endloop
  endfacet
  facet normal 0 -0.30097 0.953634
    outer loop
      vertex 88 239.07 -35.2945
      vertex 84 239.211 -35.25
      vertex 84 239.07 -35.2945
    endloop
  endfacet
  facet normal 0 -0.130838 0.991404
    outer loop
      vertex 84 238.925 -35.3266
      vertex 88 238.778 -35.346
      vertex 88 238.925 -35.3266
    endloop
  endfacet
  facet normal 0 -0.130838 0.991404
    outer loop
      vertex 88 238.778 -35.346
      vertex 84 238.925 -35.3266
      vertex 84 238.778 -35.346
    endloop
  endfacet
  facet normal 0 -0.382987 0.923754
    outer loop
      vertex 84 239.348 -35.1932
      vertex 88 239.211 -35.25
      vertex 88 239.348 -35.1932
    endloop
  endfacet
  facet normal 0 -0.382987 0.923754
    outer loop
      vertex 88 239.211 -35.25
      vertex 84 239.348 -35.1932
      vertex 84 239.211 -35.25
    endloop
  endfacet
  facet normal 0 -0.673408 0.739271
    outer loop
      vertex 84 239.832 -34.8546
      vertex 88 239.722 -34.9548
      vertex 88 239.832 -34.8546
    endloop
  endfacet
  facet normal 0 -0.673408 0.739271
    outer loop
      vertex 88 239.722 -34.9548
      vertex 84 239.832 -34.8546
      vertex 84 239.722 -34.9548
    endloop
  endfacet
  facet normal 0 -0.537617 0.843189
    outer loop
      vertex 84 239.605 -35.045
      vertex 88 239.48 -35.1247
      vertex 88 239.605 -35.045
    endloop
  endfacet
  facet normal 0 -0.537617 0.843189
    outer loop
      vertex 88 239.48 -35.1247
      vertex 84 239.605 -35.045
      vertex 84 239.48 -35.1247
    endloop
  endfacet
  facet normal 0 -0.991761 0.1281
    outer loop
      vertex 84 240.304 -33.9477
      vertex 88 240.323 -33.8006
      vertex 84 240.323 -33.8006
    endloop
  endfacet
  facet normal 0 -0.991761 0.1281
    outer loop
      vertex 88 240.323 -33.8006
      vertex 84 240.304 -33.9477
      vertex 88 240.304 -33.9477
    endloop
  endfacet
  facet normal 0 -0.952908 0.303259
    outer loop
      vertex 84 240.227 -34.2339
      vertex 88 240.272 -34.0925
      vertex 84 240.272 -34.0925
    endloop
  endfacet
  facet normal 0 -0.952908 0.303259
    outer loop
      vertex 88 240.272 -34.0925
      vertex 84 240.227 -34.2339
      vertex 88 240.227 -34.2339
    endloop
  endfacet
  facet normal 0 -0.998885 0.0472127
    outer loop
      vertex 84 240.323 -33.8006
      vertex 88 240.33 -33.6525
      vertex 84 240.33 -33.6525
    endloop
  endfacet
  facet normal 0 -0.998885 0.0472127
    outer loop
      vertex 88 240.33 -33.6525
      vertex 84 240.323 -33.8006
      vertex 88 240.323 -33.8006
    endloop
  endfacet
  facet normal 0 -0.888408 0.459056
    outer loop
      vertex 84 240.102 -34.5025
      vertex 88 240.17 -34.3709
      vertex 84 240.17 -34.3709
    endloop
  endfacet
  facet normal 0 -0.888408 0.459056
    outer loop
      vertex 88 240.17 -34.3709
      vertex 84 240.102 -34.5025
      vertex 88 240.102 -34.5025
    endloop
  endfacet
  facet normal 0 -0.794128 0.607751
    outer loop
      vertex 84 239.932 -34.7452
      vertex 88 240.022 -34.6276
      vertex 84 240.022 -34.6276
    endloop
  endfacet
  facet normal 0 -0.794128 0.607751
    outer loop
      vertex 88 240.022 -34.6276
      vertex 84 239.932 -34.7452
      vertex 88 239.932 -34.7452
    endloop
  endfacet
  facet normal 0 -0.216146 -0.976361
    outer loop
      vertex 84 238.925 -31.9783
      vertex 88 239.07 -32.0104
      vertex 88 238.925 -31.9783
    endloop
  endfacet
  facet normal -0 -0.216146 -0.976361
    outer loop
      vertex 88 239.07 -32.0104
      vertex 84 238.925 -31.9783
      vertex 84 239.07 -32.0104
    endloop
  endfacet
  facet normal 0 -0.537617 -0.843189
    outer loop
      vertex 84 239.48 -32.1802
      vertex 88 239.605 -32.2599
      vertex 88 239.48 -32.1802
    endloop
  endfacet
  facet normal -0 -0.537617 -0.843189
    outer loop
      vertex 88 239.605 -32.2599
      vertex 84 239.48 -32.1802
      vertex 84 239.605 -32.2599
    endloop
  endfacet
  facet normal 0 -0.673408 -0.739271
    outer loop
      vertex 84 239.722 -32.3502
      vertex 88 239.832 -32.4504
      vertex 88 239.722 -32.3502
    endloop
  endfacet
  facet normal -0 -0.673408 -0.739271
    outer loop
      vertex 88 239.832 -32.4504
      vertex 84 239.722 -32.3502
      vertex 84 239.832 -32.4504
    endloop
  endfacet
  facet normal 0 -0.460082 -0.887877
    outer loop
      vertex 84 239.348 -32.1118
      vertex 88 239.48 -32.1802
      vertex 88 239.348 -32.1118
    endloop
  endfacet
  facet normal -0 -0.460082 -0.887877
    outer loop
      vertex 88 239.48 -32.1802
      vertex 84 239.348 -32.1118
      vertex 84 239.48 -32.1802
    endloop
  endfacet
  facet normal 0 -0.301584 -0.953439
    outer loop
      vertex 84 239.07 -32.0104
      vertex 88 239.211 -32.055
      vertex 88 239.07 -32.0104
    endloop
  endfacet
  facet normal -0 -0.301584 -0.953439
    outer loop
      vertex 88 239.211 -32.055
      vertex 84 239.07 -32.0104
      vertex 84 239.211 -32.055
    endloop
  endfacet
  facet normal 0 -0.130838 -0.991404
    outer loop
      vertex 84 238.778 -31.9589
      vertex 88 238.925 -31.9783
      vertex 88 238.778 -31.9589
    endloop
  endfacet
  facet normal -0 -0.130838 -0.991404
    outer loop
      vertex 88 238.925 -31.9783
      vertex 84 238.778 -31.9589
      vertex 84 238.925 -31.9783
    endloop
  endfacet
  facet normal 0 -0.842467 -0.538748
    outer loop
      vertex 84 240.102 -32.8025
      vertex 88 240.022 -32.6774
      vertex 84 240.022 -32.6774
    endloop
  endfacet
  facet normal 0 -0.842467 -0.538748
    outer loop
      vertex 88 240.022 -32.6774
      vertex 84 240.102 -32.8025
      vertex 88 240.102 -32.8025
    endloop
  endfacet
  facet normal 0 -0.888265 -0.459331
    outer loop
      vertex 84 240.17 -32.934
      vertex 88 240.102 -32.8025
      vertex 84 240.102 -32.8025
    endloop
  endfacet
  facet normal 0 -0.888265 -0.459331
    outer loop
      vertex 88 240.102 -32.8025
      vertex 84 240.17 -32.934
      vertex 88 240.17 -32.934
    endloop
  endfacet
  facet normal 0 -0.794377 -0.607425
    outer loop
      vertex 84 240.022 -32.6774
      vertex 88 239.932 -32.5597
      vertex 84 239.932 -32.5597
    endloop
  endfacet
  facet normal 0 -0.794377 -0.607425
    outer loop
      vertex 88 239.932 -32.5597
      vertex 84 240.022 -32.6774
      vertex 88 240.022 -32.6774
    endloop
  endfacet
  facet normal 0 -0.95297 -0.303065
    outer loop
      vertex 84 240.272 -33.2125
      vertex 88 240.227 -33.071
      vertex 84 240.227 -33.071
    endloop
  endfacet
  facet normal 0 -0.95297 -0.303065
    outer loop
      vertex 88 240.227 -33.071
      vertex 84 240.272 -33.2125
      vertex 88 240.272 -33.2125
    endloop
  endfacet
  facet normal 0 -0.99175 -0.128185
    outer loop
      vertex 84 240.323 -33.5043
      vertex 88 240.304 -33.3573
      vertex 84 240.304 -33.3573
    endloop
  endfacet
  facet normal 0 -0.99175 -0.128185
    outer loop
      vertex 88 240.304 -33.3573
      vertex 84 240.323 -33.5043
      vertex 88 240.323 -33.5043
    endloop
  endfacet
  facet normal 0 0.95484 0.297121
    outer loop
      vertex 88 237.032 -34.2339
      vertex 84 236.988 -34.0925
      vertex 88 236.988 -34.0925
    endloop
  endfacet
  facet normal 0 0.95484 0.297121
    outer loop
      vertex 84 236.988 -34.0925
      vertex 88 237.032 -34.2339
      vertex 84 237.032 -34.2339
    endloop
  endfacet
  facet normal 0 0.734752 0.678336
    outer loop
      vertex 88 237.428 -34.8546
      vertex 84 237.327 -34.7452
      vertex 88 237.327 -34.7452
    endloop
  endfacet
  facet normal 0 0.734752 0.678336
    outer loop
      vertex 84 237.327 -34.7452
      vertex 88 237.428 -34.8546
      vertex 84 237.428 -34.8546
    endloop
  endfacet
  facet normal -0 0.610561 0.791969
    outer loop
      vertex 84 237.654 -35.045
      vertex 88 237.537 -34.9548
      vertex 88 237.654 -35.045
    endloop
  endfacet
  facet normal 0 0.610561 0.791969
    outer loop
      vertex 88 237.537 -34.9548
      vertex 84 237.654 -35.045
      vertex 84 237.537 -34.9548
    endloop
  endfacet
  facet normal -0 0.463375 0.886162
    outer loop
      vertex 84 237.911 -35.1932
      vertex 88 237.78 -35.1247
      vertex 88 237.911 -35.1932
    endloop
  endfacet
  facet normal 0 0.463375 0.886162
    outer loop
      vertex 88 237.78 -35.1247
      vertex 84 237.911 -35.1932
      vertex 84 237.78 -35.1247
    endloop
  endfacet
  facet normal -0 0.130838 0.991404
    outer loop
      vertex 84 238.481 -35.346
      vertex 88 238.334 -35.3266
      vertex 88 238.481 -35.346
    endloop
  endfacet
  facet normal 0 0.130838 0.991404
    outer loop
      vertex 88 238.334 -35.3266
      vertex 84 238.481 -35.346
      vertex 84 238.334 -35.3266
    endloop
  endfacet
  facet normal 0 0.954899 -0.29693
    outer loop
      vertex 88 236.988 -33.2125
      vertex 84 237.032 -33.071
      vertex 88 237.032 -33.071
    endloop
  endfacet
  facet normal 0 0.954899 -0.29693
    outer loop
      vertex 84 237.032 -33.071
      vertex 88 236.988 -33.2125
      vertex 84 236.988 -33.2125
    endloop
  endfacet
  facet normal 0 0.794377 -0.607425
    outer loop
      vertex 88 237.237 -32.6774
      vertex 84 237.327 -32.5597
      vertex 88 237.327 -32.5597
    endloop
  endfacet
  facet normal 0 0.794377 -0.607425
    outer loop
      vertex 84 237.327 -32.5597
      vertex 88 237.237 -32.6774
      vertex 84 237.237 -32.6774
    endloop
  endfacet
  facet normal 0 0.734443 -0.678671
    outer loop
      vertex 88 237.327 -32.5597
      vertex 84 237.428 -32.4504
      vertex 88 237.428 -32.4504
    endloop
  endfacet
  facet normal 0 0.734443 -0.678671
    outer loop
      vertex 84 237.428 -32.4504
      vertex 88 237.327 -32.5597
      vertex 84 237.327 -32.5597
    endloop
  endfacet
  facet normal 0 0.842467 -0.538748
    outer loop
      vertex 88 237.157 -32.8025
      vertex 84 237.237 -32.6774
      vertex 88 237.237 -32.6774
    endloop
  endfacet
  facet normal 0 0.842467 -0.538748
    outer loop
      vertex 84 237.237 -32.6774
      vertex 88 237.157 -32.8025
      vertex 84 237.157 -32.8025
    endloop
  endfacet
  facet normal 0 0.923276 -0.384137
    outer loop
      vertex 88 237.032 -33.071
      vertex 84 237.089 -32.934
      vertex 88 237.089 -32.934
    endloop
  endfacet
  facet normal 0 0.923276 -0.384137
    outer loop
      vertex 84 237.089 -32.934
      vertex 88 237.032 -33.071
      vertex 84 237.032 -33.071
    endloop
  endfacet
  facet normal 0 0.975 -0.222203
    outer loop
      vertex 88 236.955 -33.3573
      vertex 84 236.988 -33.2125
      vertex 88 236.988 -33.2125
    endloop
  endfacet
  facet normal 0 0.975 -0.222203
    outer loop
      vertex 84 236.988 -33.2125
      vertex 88 236.955 -33.3573
      vertex 84 236.955 -33.3573
    endloop
  endfacet
  facet normal 0 0.462843 -0.88644
    outer loop
      vertex 84 237.78 -32.1802
      vertex 88 237.911 -32.1118
      vertex 88 237.78 -32.1802
    endloop
  endfacet
  facet normal 0 0.462843 -0.88644
    outer loop
      vertex 88 237.911 -32.1118
      vertex 84 237.78 -32.1802
      vertex 84 237.911 -32.1118
    endloop
  endfacet
  facet normal 0 0.382987 -0.923754
    outer loop
      vertex 84 237.911 -32.1118
      vertex 88 238.048 -32.055
      vertex 88 237.911 -32.1118
    endloop
  endfacet
  facet normal 0 0.382987 -0.923754
    outer loop
      vertex 88 238.048 -32.055
      vertex 84 237.911 -32.1118
      vertex 84 238.048 -32.055
    endloop
  endfacet
  facet normal 0 0.217576 -0.976043
    outer loop
      vertex 84 238.19 -32.0104
      vertex 88 238.334 -31.9783
      vertex 88 238.19 -32.0104
    endloop
  endfacet
  facet normal 0 0.217576 -0.976043
    outer loop
      vertex 88 238.334 -31.9783
      vertex 84 238.19 -32.0104
      vertex 84 238.334 -31.9783
    endloop
  endfacet
  facet normal 0 0.0429135 -0.999079
    outer loop
      vertex 84 238.481 -31.9589
      vertex 88 238.63 -31.9525
      vertex 88 238.481 -31.9589
    endloop
  endfacet
  facet normal 0 0.0429135 -0.999079
    outer loop
      vertex 88 238.63 -31.9525
      vertex 84 238.481 -31.9589
      vertex 84 238.63 -31.9525
    endloop
  endfacet
  facet normal 0 -0.216146 0.976361
    outer loop
      vertex 84 239.07 -35.2945
      vertex 88 238.925 -35.3266
      vertex 88 239.07 -35.2945
    endloop
  endfacet
  facet normal 0 -0.216146 0.976361
    outer loop
      vertex 88 238.925 -35.3266
      vertex 84 239.07 -35.2945
      vertex 84 238.925 -35.3266
    endloop
  endfacet
  facet normal 0 -0.460612 0.887602
    outer loop
      vertex 84 239.48 -35.1247
      vertex 88 239.348 -35.1932
      vertex 88 239.48 -35.1247
    endloop
  endfacet
  facet normal 0 -0.460612 0.887602
    outer loop
      vertex 88 239.348 -35.1932
      vertex 84 239.48 -35.1247
      vertex 84 239.348 -35.1932
    endloop
  endfacet
  facet normal 0 -0.738106 0.674685
    outer loop
      vertex 84 239.832 -34.8546
      vertex 88 239.932 -34.7452
      vertex 84 239.932 -34.7452
    endloop
  endfacet
  facet normal 0 -0.738106 0.674685
    outer loop
      vertex 88 239.932 -34.7452
      vertex 84 239.832 -34.8546
      vertex 88 239.832 -34.8546
    endloop
  endfacet
  facet normal 0 -0.610561 0.791969
    outer loop
      vertex 84 239.722 -34.9548
      vertex 88 239.605 -35.045
      vertex 88 239.722 -34.9548
    endloop
  endfacet
  facet normal 0 -0.610561 0.791969
    outer loop
      vertex 88 239.605 -35.045
      vertex 84 239.722 -34.9548
      vertex 84 239.605 -35.045
    endloop
  endfacet
  facet normal 0 -0.97644 0.215788
    outer loop
      vertex 84 240.272 -34.0925
      vertex 88 240.304 -33.9477
      vertex 84 240.304 -33.9477
    endloop
  endfacet
  facet normal 0 -0.97644 0.215788
    outer loop
      vertex 88 240.304 -33.9477
      vertex 84 240.272 -34.0925
      vertex 88 240.272 -34.0925
    endloop
  endfacet
  facet normal 0 -0.923276 0.384137
    outer loop
      vertex 84 240.17 -34.3709
      vertex 88 240.227 -34.2339
      vertex 84 240.227 -34.2339
    endloop
  endfacet
  facet normal 0 -0.923276 0.384137
    outer loop
      vertex 88 240.227 -34.2339
      vertex 84 240.17 -34.3709
      vertex 88 240.17 -34.3709
    endloop
  endfacet
  facet normal 0 -0.842467 0.538748
    outer loop
      vertex 84 240.022 -34.6276
      vertex 88 240.102 -34.5025
      vertex 84 240.102 -34.5025
    endloop
  endfacet
  facet normal 0 -0.842467 0.538748
    outer loop
      vertex 88 240.102 -34.5025
      vertex 84 240.022 -34.6276
      vertex 88 240.022 -34.6276
    endloop
  endfacet
  facet normal 0 -0.610985 -0.791642
    outer loop
      vertex 84 239.605 -32.2599
      vertex 88 239.722 -32.3502
      vertex 88 239.605 -32.2599
    endloop
  endfacet
  facet normal -0 -0.610985 -0.791642
    outer loop
      vertex 88 239.722 -32.3502
      vertex 84 239.605 -32.2599
      vertex 84 239.722 -32.3502
    endloop
  endfacet
  facet normal -0 0.0435827 0.99905
    outer loop
      vertex 84 238.63 -35.3525
      vertex 88 238.481 -35.346
      vertex 88 238.63 -35.3525
    endloop
  endfacet
  facet normal 0 0.0435827 0.99905
    outer loop
      vertex 88 238.481 -35.346
      vertex 84 238.63 -35.3525
      vertex 84 238.481 -35.346
    endloop
  endfacet
  facet normal 0 0.99918 0.04048
    outer loop
      vertex 88 236.936 -33.8006
      vertex 84 236.93 -33.6525
      vertex 88 236.93 -33.6525
    endloop
  endfacet
  facet normal 0 0.99918 0.04048
    outer loop
      vertex 84 236.93 -33.6525
      vertex 88 236.936 -33.8006
      vertex 84 236.936 -33.8006
    endloop
  endfacet
  facet normal 0 0.975 0.222203
    outer loop
      vertex 88 236.988 -34.0925
      vertex 84 236.955 -33.9477
      vertex 88 236.955 -33.9477
    endloop
  endfacet
  facet normal 0 0.975 0.222203
    outer loop
      vertex 84 236.955 -33.9477
      vertex 88 236.988 -34.0925
      vertex 84 236.988 -34.0925
    endloop
  endfacet
  facet normal 0 0.923276 0.384137
    outer loop
      vertex 88 237.089 -34.3709
      vertex 84 237.032 -34.2339
      vertex 88 237.032 -34.2339
    endloop
  endfacet
  facet normal 0 0.923276 0.384137
    outer loop
      vertex 84 237.032 -34.2339
      vertex 88 237.089 -34.3709
      vertex 84 237.089 -34.3709
    endloop
  endfacet
  facet normal -0 0.676764 0.7362
    outer loop
      vertex 84 237.537 -34.9548
      vertex 88 237.428 -34.8546
      vertex 88 237.537 -34.9548
    endloop
  endfacet
  facet normal 0 0.676764 0.7362
    outer loop
      vertex 88 237.428 -34.8546
      vertex 84 237.537 -34.9548
      vertex 84 237.428 -34.8546
    endloop
  endfacet
  facet normal 0 0.794128 0.607751
    outer loop
      vertex 88 237.327 -34.7452
      vertex 84 237.237 -34.6276
      vertex 88 237.237 -34.6276
    endloop
  endfacet
  facet normal 0 0.794128 0.607751
    outer loop
      vertex 84 237.237 -34.6276
      vertex 88 237.327 -34.7452
      vertex 84 237.327 -34.7452
    endloop
  endfacet
  facet normal 0 0.888408 0.459056
    outer loop
      vertex 88 237.157 -34.5025
      vertex 84 237.089 -34.3709
      vertex 88 237.089 -34.3709
    endloop
  endfacet
  facet normal 0 0.888408 0.459056
    outer loop
      vertex 84 237.089 -34.3709
      vertex 88 237.157 -34.5025
      vertex 84 237.157 -34.5025
    endloop
  endfacet
  facet normal -0 0.534573 0.845122
    outer loop
      vertex 84 237.78 -35.1247
      vertex 88 237.654 -35.045
      vertex 88 237.78 -35.1247
    endloop
  endfacet
  facet normal 0 0.534573 0.845122
    outer loop
      vertex 88 237.654 -35.045
      vertex 84 237.78 -35.1247
      vertex 84 237.654 -35.045
    endloop
  endfacet
  facet normal -0 0.382987 0.923754
    outer loop
      vertex 84 238.048 -35.25
      vertex 88 237.911 -35.1932
      vertex 88 238.048 -35.25
    endloop
  endfacet
  facet normal 0 0.382987 0.923754
    outer loop
      vertex 88 237.911 -35.1932
      vertex 84 238.048 -35.25
      vertex 84 237.911 -35.1932
    endloop
  endfacet
  facet normal -0 0.217576 0.976043
    outer loop
      vertex 84 238.334 -35.3266
      vertex 88 238.19 -35.2945
      vertex 88 238.334 -35.3266
    endloop
  endfacet
  facet normal 0 0.217576 0.976043
    outer loop
      vertex 88 238.19 -35.2945
      vertex 84 238.334 -35.3266
      vertex 84 238.19 -35.2945
    endloop
  endfacet
  facet normal 0 0.99175 -0.128185
    outer loop
      vertex 88 236.936 -33.5043
      vertex 84 236.955 -33.3573
      vertex 88 236.955 -33.3573
    endloop
  endfacet
  facet normal 0 0.99175 -0.128185
    outer loop
      vertex 84 236.955 -33.3573
      vertex 88 236.936 -33.5043
      vertex 84 236.936 -33.5043
    endloop
  endfacet
  facet normal 0 0.534573 -0.845122
    outer loop
      vertex 84 237.654 -32.2599
      vertex 88 237.78 -32.1802
      vertex 88 237.654 -32.2599
    endloop
  endfacet
  facet normal 0 0.534573 -0.845122
    outer loop
      vertex 88 237.78 -32.1802
      vertex 84 237.654 -32.2599
      vertex 84 237.78 -32.1802
    endloop
  endfacet
  facet normal 0 0.610985 -0.791642
    outer loop
      vertex 84 237.537 -32.3502
      vertex 88 237.654 -32.2599
      vertex 88 237.537 -32.3502
    endloop
  endfacet
  facet normal 0 0.610985 -0.791642
    outer loop
      vertex 88 237.654 -32.2599
      vertex 84 237.537 -32.3502
      vertex 84 237.654 -32.2599
    endloop
  endfacet
  facet normal 0 0.991761 0.1281
    outer loop
      vertex 88 236.955 -33.9477
      vertex 84 236.936 -33.8006
      vertex 88 236.936 -33.8006
    endloop
  endfacet
  facet normal 0 0.991761 0.1281
    outer loop
      vertex 84 236.936 -33.8006
      vertex 88 236.955 -33.9477
      vertex 84 236.955 -33.9477
    endloop
  endfacet
  facet normal 0 0.842467 0.538748
    outer loop
      vertex 88 237.237 -34.6276
      vertex 84 237.157 -34.5025
      vertex 88 237.157 -34.5025
    endloop
  endfacet
  facet normal 0 0.842467 0.538748
    outer loop
      vertex 84 237.157 -34.5025
      vertex 88 237.237 -34.6276
      vertex 84 237.237 -34.6276
    endloop
  endfacet
  facet normal 0 -0.0435667 0.999051
    outer loop
      vertex 80 212.837 -34.5635
      vertex 86.2 212 -34.6
      vertex 86.2 212.837 -34.5635
    endloop
  endfacet
  facet normal 0 -0.0435667 0.999051
    outer loop
      vertex 86.2 212 -34.6
      vertex 80 212.837 -34.5635
      vertex 80 212 -34.6
    endloop
  endfacet
  facet normal 0 0.0435667 -0.999051
    outer loop
      vertex 80 211.163 -15.4365
      vertex 86.2 212 -15.4
      vertex 86.2 211.163 -15.4365
    endloop
  endfacet
  facet normal 0 0.0435667 -0.999051
    outer loop
      vertex 86.2 212 -15.4
      vertex 80 211.163 -15.4365
      vertex 80 212 -15.4
    endloop
  endfacet
  facet normal 0 -0.999024 -0.0441782
    outer loop
      vertex 80 221.6 -25
      vertex 86.2 221.563 -24.1633
      vertex 80 221.563 -24.1633
    endloop
  endfacet
  facet normal 0 -0.999024 -0.0441782
    outer loop
      vertex 86.2 221.563 -24.1633
      vertex 80 221.6 -25
      vertex 86.2 221.6 -25
    endloop
  endfacet
  facet normal 0 0.999024 0.0441782
    outer loop
      vertex 86.2 202.437 -25.8367
      vertex 80 202.4 -25
      vertex 86.2 202.4 -25
    endloop
  endfacet
  facet normal 0 0.999024 0.0441782
    outer loop
      vertex 80 202.4 -25
      vertex 86.2 202.437 -25.8367
      vertex 80 202.437 -25.8367
    endloop
  endfacet
  facet normal 0 0.737124 -0.675757
    outer loop
      vertex 86.2 204.646 -18.8292
      vertex 80 205.212 -18.2118
      vertex 86.2 205.212 -18.2118
    endloop
  endfacet
  facet normal 0 0.737124 -0.675757
    outer loop
      vertex 80 205.212 -18.2118
      vertex 86.2 204.646 -18.8292
      vertex 80 204.646 -18.8292
    endloop
  endfacet
  facet normal 0 -0.675865 -0.737025
    outer loop
      vertex 80 218.171 -17.646
      vertex 86.2 218.788 -18.2118
      vertex 86.2 218.171 -17.646
    endloop
  endfacet
  facet normal -0 -0.675865 -0.737025
    outer loop
      vertex 86.2 218.788 -18.2118
      vertex 80 218.171 -17.646
      vertex 80 218.788 -18.2118
    endloop
  endfacet
  facet normal 0 -0.886878 -0.462003
    outer loop
      vertex 80 220.701 -20.9429
      vertex 86.2 220.314 -20.2
      vertex 80 220.314 -20.2
    endloop
  endfacet
  facet normal 0 -0.886878 -0.462003
    outer loop
      vertex 86.2 220.314 -20.2
      vertex 80 220.701 -20.9429
      vertex 86.2 220.701 -20.9429
    endloop
  endfacet
  facet normal 0 0.461766 -0.887002
    outer loop
      vertex 80 207.2 -16.6862
      vertex 86.2 207.943 -16.2994
      vertex 86.2 207.2 -16.6862
    endloop
  endfacet
  facet normal 0 0.461766 -0.887002
    outer loop
      vertex 86.2 207.943 -16.2994
      vertex 80 207.2 -16.6862
      vertex 80 207.943 -16.2994
    endloop
  endfacet
  facet normal 0 -0.382478 -0.923964
    outer loop
      vertex 80 215.283 -15.979
      vertex 86.2 216.057 -16.2994
      vertex 86.2 215.283 -15.979
    endloop
  endfacet
  facet normal -0 -0.382478 -0.923964
    outer loop
      vertex 86.2 216.057 -16.2994
      vertex 80 215.283 -15.979
      vertex 80 216.057 -16.2994
    endloop
  endfacet
  facet normal 0 -0.953658 -0.300891
    outer loop
      vertex 80 221.273 -22.5153
      vertex 86.2 221.021 -21.7166
      vertex 80 221.021 -21.7166
    endloop
  endfacet
  facet normal 0 -0.953658 -0.300891
    outer loop
      vertex 86.2 221.021 -21.7166
      vertex 80 221.273 -22.5153
      vertex 86.2 221.273 -22.5153
    endloop
  endfacet
  facet normal 0 0.924081 -0.382197
    outer loop
      vertex 86.2 202.979 -21.7166
      vertex 80 203.299 -20.9429
      vertex 86.2 203.299 -20.9429
    endloop
  endfacet
  facet normal 0 0.924081 -0.382197
    outer loop
      vertex 80 203.299 -20.9429
      vertex 86.2 202.979 -21.7166
      vertex 80 202.979 -21.7166
    endloop
  endfacet
  facet normal 0 0.301023 -0.953617
    outer loop
      vertex 80 208.717 -15.979
      vertex 86.2 209.515 -15.7271
      vertex 86.2 208.717 -15.979
    endloop
  endfacet
  facet normal 0 0.301023 -0.953617
    outer loop
      vertex 86.2 209.515 -15.7271
      vertex 80 208.717 -15.979
      vertex 80 209.515 -15.7271
    endloop
  endfacet
  facet normal 0 -0.301023 0.953617
    outer loop
      vertex 80 215.283 -34.021
      vertex 86.2 214.485 -34.2729
      vertex 86.2 215.283 -34.021
    endloop
  endfacet
  facet normal 0 -0.301023 0.953617
    outer loop
      vertex 86.2 214.485 -34.2729
      vertex 80 215.283 -34.021
      vertex 80 214.485 -34.2729
    endloop
  endfacet
  facet normal 0 -0.13056 0.99144
    outer loop
      vertex 80 213.667 -34.4542
      vertex 86.2 212.837 -34.5635
      vertex 86.2 213.667 -34.4542
    endloop
  endfacet
  facet normal 0 -0.13056 0.99144
    outer loop
      vertex 86.2 212.837 -34.5635
      vertex 80 213.667 -34.4542
      vertex 80 212.837 -34.5635
    endloop
  endfacet
  facet normal 0 -0.382478 0.923964
    outer loop
      vertex 80 216.057 -33.7006
      vertex 86.2 215.283 -34.021
      vertex 86.2 216.057 -33.7006
    endloop
  endfacet
  facet normal 0 -0.382478 0.923964
    outer loop
      vertex 86.2 215.283 -34.021
      vertex 80 216.057 -33.7006
      vertex 80 215.283 -34.021
    endloop
  endfacet
  facet normal 0 -0.675865 0.737025
    outer loop
      vertex 80 218.788 -31.7882
      vertex 86.2 218.171 -32.354
      vertex 86.2 218.788 -31.7882
    endloop
  endfacet
  facet normal 0 -0.675865 0.737025
    outer loop
      vertex 86.2 218.171 -32.354
      vertex 80 218.788 -31.7882
      vertex 80 218.171 -32.354
    endloop
  endfacet
  facet normal 0 -0.537409 0.843322
    outer loop
      vertex 80 217.506 -32.8639
      vertex 86.2 216.8 -33.3138
      vertex 86.2 217.506 -32.8639
    endloop
  endfacet
  facet normal 0 -0.537409 0.843322
    outer loop
      vertex 86.2 216.8 -33.3138
      vertex 80 217.506 -32.8639
      vertex 80 216.8 -33.3138
    endloop
  endfacet
  facet normal 0 -0.999024 0.0441782
    outer loop
      vertex 80 221.563 -25.8367
      vertex 86.2 221.6 -25
      vertex 80 221.6 -25
    endloop
  endfacet
  facet normal 0 -0.999024 0.0441782
    outer loop
      vertex 86.2 221.6 -25
      vertex 80 221.563 -25.8367
      vertex 86.2 221.563 -25.8367
    endloop
  endfacet
  facet normal 0 -0.886878 0.462003
    outer loop
      vertex 80 220.314 -29.8
      vertex 86.2 220.701 -29.0571
      vertex 80 220.701 -29.0571
    endloop
  endfacet
  facet normal 0 -0.886878 0.462003
    outer loop
      vertex 86.2 220.701 -29.0571
      vertex 80 220.314 -29.8
      vertex 86.2 220.314 -29.8
    endloop
  endfacet
  facet normal 0 -0.793289 0.608845
    outer loop
      vertex 80 219.354 -31.1708
      vertex 86.2 219.864 -30.5063
      vertex 80 219.864 -30.5063
    endloop
  endfacet
  facet normal 0 -0.793289 0.608845
    outer loop
      vertex 86.2 219.864 -30.5063
      vertex 80 219.354 -31.1708
      vertex 86.2 219.354 -31.1708
    endloop
  endfacet
  facet normal 0 -0.13056 -0.99144
    outer loop
      vertex 80 212.837 -15.4365
      vertex 86.2 213.667 -15.5458
      vertex 86.2 212.837 -15.4365
    endloop
  endfacet
  facet normal -0 -0.13056 -0.99144
    outer loop
      vertex 86.2 213.667 -15.5458
      vertex 80 212.837 -15.4365
      vertex 80 213.667 -15.5458
    endloop
  endfacet
  facet normal 0 -0.537409 -0.843322
    outer loop
      vertex 80 216.8 -16.6862
      vertex 86.2 217.506 -17.1361
      vertex 86.2 216.8 -16.6862
    endloop
  endfacet
  facet normal -0 -0.537409 -0.843322
    outer loop
      vertex 86.2 217.506 -17.1361
      vertex 80 216.8 -16.6862
      vertex 80 217.506 -17.1361
    endloop
  endfacet
  facet normal 0 -0.608482 -0.793568
    outer loop
      vertex 80 217.506 -17.1361
      vertex 86.2 218.171 -17.646
      vertex 86.2 217.506 -17.1361
    endloop
  endfacet
  facet normal -0 -0.608482 -0.793568
    outer loop
      vertex 86.2 218.171 -17.646
      vertex 80 217.506 -17.1361
      vertex 80 218.171 -17.646
    endloop
  endfacet
  facet normal 0 -0.461766 -0.887002
    outer loop
      vertex 80 216.057 -16.2994
      vertex 86.2 216.8 -16.6862
      vertex 86.2 216.057 -16.2994
    endloop
  endfacet
  facet normal -0 -0.461766 -0.887002
    outer loop
      vertex 86.2 216.8 -16.6862
      vertex 80 216.057 -16.2994
      vertex 80 216.8 -16.6862
    endloop
  endfacet
  facet normal 0 -0.0435667 -0.999051
    outer loop
      vertex 80 212 -15.4
      vertex 86.2 212.837 -15.4365
      vertex 86.2 212 -15.4
    endloop
  endfacet
  facet normal -0 -0.0435667 -0.999051
    outer loop
      vertex 86.2 212.837 -15.4365
      vertex 80 212 -15.4
      vertex 80 212.837 -15.4365
    endloop
  endfacet
  facet normal 0 -0.793289 -0.608845
    outer loop
      vertex 80 219.864 -19.4937
      vertex 86.2 219.354 -18.8292
      vertex 80 219.354 -18.8292
    endloop
  endfacet
  facet normal 0 -0.793289 -0.608845
    outer loop
      vertex 86.2 219.354 -18.8292
      vertex 80 219.864 -19.4937
      vertex 86.2 219.864 -19.4937
    endloop
  endfacet
  facet normal 0 -0.843371 -0.537331
    outer loop
      vertex 80 220.314 -20.2
      vertex 86.2 219.864 -19.4937
      vertex 80 219.864 -19.4937
    endloop
  endfacet
  facet normal 0 -0.843371 -0.537331
    outer loop
      vertex 86.2 219.864 -19.4937
      vertex 80 220.314 -20.2
      vertex 86.2 220.314 -20.2
    endloop
  endfacet
  facet normal 0 -0.737124 -0.675757
    outer loop
      vertex 80 219.354 -18.8292
      vertex 86.2 218.788 -18.2118
      vertex 80 218.788 -18.2118
    endloop
  endfacet
  facet normal 0 -0.737124 -0.675757
    outer loop
      vertex 86.2 218.788 -18.2118
      vertex 80 219.354 -18.8292
      vertex 86.2 219.354 -18.8292
    endloop
  endfacet
  facet normal 0 -0.924081 -0.382197
    outer loop
      vertex 80 221.021 -21.7166
      vertex 86.2 220.701 -20.9429
      vertex 80 220.701 -20.9429
    endloop
  endfacet
  facet normal 0 -0.924081 -0.382197
    outer loop
      vertex 86.2 220.701 -20.9429
      vertex 80 221.021 -21.7166
      vertex 86.2 221.021 -21.7166
    endloop
  endfacet
  facet normal 0 -0.991493 -0.130161
    outer loop
      vertex 80 221.563 -24.1633
      vertex 86.2 221.454 -23.333
      vertex 80 221.454 -23.333
    endloop
  endfacet
  facet normal 0 -0.991493 -0.130161
    outer loop
      vertex 86.2 221.454 -23.333
      vertex 80 221.563 -24.1633
      vertex 86.2 221.563 -24.1633
    endloop
  endfacet
  facet normal -0 0.0435667 0.999051
    outer loop
      vertex 80 212 -34.6
      vertex 86.2 211.163 -34.5635
      vertex 86.2 212 -34.6
    endloop
  endfacet
  facet normal 0 0.0435667 0.999051
    outer loop
      vertex 86.2 211.163 -34.5635
      vertex 80 212 -34.6
      vertex 80 211.163 -34.5635
    endloop
  endfacet
  facet normal 0 0.953658 0.300891
    outer loop
      vertex 86.2 202.979 -28.2834
      vertex 80 202.727 -27.4847
      vertex 86.2 202.727 -27.4847
    endloop
  endfacet
  facet normal 0 0.953658 0.300891
    outer loop
      vertex 80 202.727 -27.4847
      vertex 86.2 202.979 -28.2834
      vertex 80 202.979 -28.2834
    endloop
  endfacet
  facet normal 0 0.991493 0.130161
    outer loop
      vertex 86.2 202.546 -26.667
      vertex 80 202.437 -25.8367
      vertex 86.2 202.437 -25.8367
    endloop
  endfacet
  facet normal 0 0.991493 0.130161
    outer loop
      vertex 80 202.437 -25.8367
      vertex 86.2 202.546 -26.667
      vertex 80 202.546 -26.667
    endloop
  endfacet
  facet normal 0 0.924081 0.382197
    outer loop
      vertex 86.2 203.299 -29.0571
      vertex 80 202.979 -28.2834
      vertex 86.2 202.979 -28.2834
    endloop
  endfacet
  facet normal 0 0.924081 0.382197
    outer loop
      vertex 80 202.979 -28.2834
      vertex 86.2 203.299 -29.0571
      vertex 80 203.299 -29.0571
    endloop
  endfacet
  facet normal 0 0.737124 0.675757
    outer loop
      vertex 86.2 205.212 -31.7882
      vertex 80 204.646 -31.1708
      vertex 86.2 204.646 -31.1708
    endloop
  endfacet
  facet normal 0 0.737124 0.675757
    outer loop
      vertex 80 204.646 -31.1708
      vertex 86.2 205.212 -31.7882
      vertex 80 205.212 -31.7882
    endloop
  endfacet
  facet normal 0 0.843371 0.537331
    outer loop
      vertex 86.2 204.136 -30.5063
      vertex 80 203.686 -29.8
      vertex 86.2 203.686 -29.8
    endloop
  endfacet
  facet normal 0 0.843371 0.537331
    outer loop
      vertex 80 203.686 -29.8
      vertex 86.2 204.136 -30.5063
      vertex 80 204.136 -30.5063
    endloop
  endfacet
  facet normal -0 0.608482 0.793568
    outer loop
      vertex 80 206.494 -32.8639
      vertex 86.2 205.829 -32.354
      vertex 86.2 206.494 -32.8639
    endloop
  endfacet
  facet normal 0 0.608482 0.793568
    outer loop
      vertex 86.2 205.829 -32.354
      vertex 80 206.494 -32.8639
      vertex 80 205.829 -32.354
    endloop
  endfacet
  facet normal -0 0.461766 0.887002
    outer loop
      vertex 80 207.943 -33.7006
      vertex 86.2 207.2 -33.3138
      vertex 86.2 207.943 -33.7006
    endloop
  endfacet
  facet normal 0 0.461766 0.887002
    outer loop
      vertex 86.2 207.2 -33.3138
      vertex 80 207.943 -33.7006
      vertex 80 207.2 -33.3138
    endloop
  endfacet
  facet normal 0 0.991493 -0.130161
    outer loop
      vertex 86.2 202.437 -24.1633
      vertex 80 202.546 -23.333
      vertex 86.2 202.546 -23.333
    endloop
  endfacet
  facet normal 0 0.991493 -0.130161
    outer loop
      vertex 80 202.546 -23.333
      vertex 86.2 202.437 -24.1633
      vertex 80 202.437 -24.1633
    endloop
  endfacet
  facet normal 0 0.843371 -0.537331
    outer loop
      vertex 86.2 203.686 -20.2
      vertex 80 204.136 -19.4937
      vertex 86.2 204.136 -19.4937
    endloop
  endfacet
  facet normal 0 0.843371 -0.537331
    outer loop
      vertex 80 204.136 -19.4937
      vertex 86.2 203.686 -20.2
      vertex 80 203.686 -20.2
    endloop
  endfacet
  facet normal 0 0.793289 -0.608845
    outer loop
      vertex 86.2 204.136 -19.4937
      vertex 80 204.646 -18.8292
      vertex 86.2 204.646 -18.8292
    endloop
  endfacet
  facet normal 0 0.793289 -0.608845
    outer loop
      vertex 80 204.646 -18.8292
      vertex 86.2 204.136 -19.4937
      vertex 80 204.136 -19.4937
    endloop
  endfacet
  facet normal 0 0.886878 -0.462003
    outer loop
      vertex 86.2 203.299 -20.9429
      vertex 80 203.686 -20.2
      vertex 86.2 203.686 -20.2
    endloop
  endfacet
  facet normal 0 0.886878 -0.462003
    outer loop
      vertex 80 203.686 -20.2
      vertex 86.2 203.299 -20.9429
      vertex 80 203.299 -20.9429
    endloop
  endfacet
  facet normal 0 0.999024 -0.0441782
    outer loop
      vertex 86.2 202.4 -25
      vertex 80 202.437 -24.1633
      vertex 86.2 202.437 -24.1633
    endloop
  endfacet
  facet normal 0 0.999024 -0.0441782
    outer loop
      vertex 80 202.437 -24.1633
      vertex 86.2 202.4 -25
      vertex 80 202.4 -25
    endloop
  endfacet
  facet normal -1 0 0
    outer loop
      vertex 86.2 215.175 -25
      vertex 86.2 221.6 -25
      vertex 86.2 221.563 -25.8367
    endloop
  endfacet
  facet normal -1 0 0
    outer loop
      vertex 86.2 215.163 -25.2767
      vertex 86.2 221.563 -25.8367
      vertex 86.2 221.454 -26.667
    endloop
  endfacet
  facet normal -1 0 0
    outer loop
      vertex 86.2 221.6 -25
      vertex 86.2 215.175 -25
      vertex 86.2 221.563 -24.1633
    endloop
  endfacet
  facet normal -1 0 0
    outer loop
      vertex 86.2 215.127 -25.5513
      vertex 86.2 221.454 -26.667
      vertex 86.2 221.273 -27.4847
    endloop
  endfacet
  facet normal -1 0 0
    outer loop
      vertex 86.2 215.163 -24.7233
      vertex 86.2 221.563 -24.1633
      vertex 86.2 215.175 -25
    endloop
  endfacet
  facet normal -1 0 0
    outer loop
      vertex 86.2 215.067 -25.8218
      vertex 86.2 221.273 -27.4847
      vertex 86.2 221.021 -28.2834
    endloop
  endfacet
  facet normal -1 -0 0
    outer loop
      vertex 86.2 221.563 -24.1633
      vertex 86.2 215.163 -24.7233
      vertex 86.2 221.454 -23.333
    endloop
  endfacet
  facet normal -1 0 0
    outer loop
      vertex 86.2 214.984 -26.0859
      vertex 86.2 221.021 -28.2834
      vertex 86.2 220.701 -29.0571
    endloop
  endfacet
  facet normal -1 0 0
    outer loop
      vertex 86.2 215.127 -24.4487
      vertex 86.2 221.454 -23.333
      vertex 86.2 215.163 -24.7233
    endloop
  endfacet
  facet normal -1 0 0
    outer loop
      vertex 86.2 214.878 -26.3418
      vertex 86.2 220.701 -29.0571
      vertex 86.2 220.314 -29.8
    endloop
  endfacet
  facet normal -1 -0 0
    outer loop
      vertex 86.2 221.454 -23.333
      vertex 86.2 215.127 -24.4487
      vertex 86.2 221.273 -22.5153
    endloop
  endfacet
  facet normal -1 0 0
    outer loop
      vertex 86.2 214.75 -26.5875
      vertex 86.2 220.314 -29.8
      vertex 86.2 219.864 -30.5063
    endloop
  endfacet
  facet normal -1 0 0
    outer loop
      vertex 86.2 215.067 -24.1782
      vertex 86.2 221.273 -22.5153
      vertex 86.2 215.127 -24.4487
    endloop
  endfacet
  facet normal -1 0 0
    outer loop
      vertex 86.2 214.601 -26.8211
      vertex 86.2 219.864 -30.5063
      vertex 86.2 219.354 -31.1708
    endloop
  endfacet
  facet normal -1 -0 0
    outer loop
      vertex 86.2 221.273 -22.5153
      vertex 86.2 215.067 -24.1782
      vertex 86.2 221.021 -21.7166
    endloop
  endfacet
  facet normal -1 0 0
    outer loop
      vertex 86.2 214.432 -27.0409
      vertex 86.2 219.354 -31.1708
      vertex 86.2 218.788 -31.7882
    endloop
  endfacet
  facet normal -1 0 0
    outer loop
      vertex 86.2 214.984 -23.9141
      vertex 86.2 221.021 -21.7166
      vertex 86.2 215.067 -24.1782
    endloop
  endfacet
  facet normal -1 0 0
    outer loop
      vertex 86.2 214.245 -27.2451
      vertex 86.2 218.788 -31.7882
      vertex 86.2 218.171 -32.354
    endloop
  endfacet
  facet normal -1 -0 0
    outer loop
      vertex 86.2 221.021 -21.7166
      vertex 86.2 214.984 -23.9141
      vertex 86.2 220.701 -20.9429
    endloop
  endfacet
  facet normal -1 0 0
    outer loop
      vertex 86.2 214.041 -27.4322
      vertex 86.2 218.171 -32.354
      vertex 86.2 217.506 -32.8639
    endloop
  endfacet
  facet normal -1 0 0
    outer loop
      vertex 86.2 214.878 -23.6582
      vertex 86.2 220.701 -20.9429
      vertex 86.2 214.984 -23.9141
    endloop
  endfacet
  facet normal -1 0 0
    outer loop
      vertex 86.2 213.821 -27.6008
      vertex 86.2 217.506 -32.8639
      vertex 86.2 216.8 -33.3138
    endloop
  endfacet
  facet normal -1 -0 0
    outer loop
      vertex 86.2 220.701 -20.9429
      vertex 86.2 214.878 -23.6582
      vertex 86.2 220.314 -20.2
    endloop
  endfacet
  facet normal -1 0 0
    outer loop
      vertex 86.2 213.587 -27.7496
      vertex 86.2 216.8 -33.3138
      vertex 86.2 216.057 -33.7006
    endloop
  endfacet
  facet normal -1 0 0
    outer loop
      vertex 86.2 214.75 -23.4125
      vertex 86.2 220.314 -20.2
      vertex 86.2 214.878 -23.6582
    endloop
  endfacet
  facet normal -1 0 0
    outer loop
      vertex 86.2 213.342 -27.8775
      vertex 86.2 216.057 -33.7006
      vertex 86.2 215.283 -34.021
    endloop
  endfacet
  facet normal -1 -0 0
    outer loop
      vertex 86.2 220.314 -20.2
      vertex 86.2 214.75 -23.4125
      vertex 86.2 219.864 -19.4937
    endloop
  endfacet
  facet normal -1 0 0
    outer loop
      vertex 86.2 214.601 -23.1789
      vertex 86.2 219.864 -19.4937
      vertex 86.2 214.75 -23.4125
    endloop
  endfacet
  facet normal -1 0 0
    outer loop
      vertex 86.2 221.563 -25.8367
      vertex 86.2 215.163 -25.2767
      vertex 86.2 215.175 -25
    endloop
  endfacet
  facet normal -1 0 0
    outer loop
      vertex 86.2 221.454 -26.667
      vertex 86.2 215.127 -25.5513
      vertex 86.2 215.163 -25.2767
    endloop
  endfacet
  facet normal -1 0 0
    outer loop
      vertex 86.2 221.273 -27.4847
      vertex 86.2 215.067 -25.8218
      vertex 86.2 215.127 -25.5513
    endloop
  endfacet
  facet normal -1 0 0
    outer loop
      vertex 86.2 221.021 -28.2834
      vertex 86.2 214.984 -26.0859
      vertex 86.2 215.067 -25.8218
    endloop
  endfacet
  facet normal -1 0 0
    outer loop
      vertex 86.2 220.701 -29.0571
      vertex 86.2 214.878 -26.3418
      vertex 86.2 214.984 -26.0859
    endloop
  endfacet
  facet normal -1 0 0
    outer loop
      vertex 86.2 220.314 -29.8
      vertex 86.2 214.75 -26.5875
      vertex 86.2 214.878 -26.3418
    endloop
  endfacet
  facet normal -1 0 0
    outer loop
      vertex 86.2 219.864 -30.5063
      vertex 86.2 214.601 -26.8211
      vertex 86.2 214.75 -26.5875
    endloop
  endfacet
  facet normal -1 0 0
    outer loop
      vertex 86.2 213.086 -27.9835
      vertex 86.2 215.283 -34.021
      vertex 86.2 214.485 -34.2729
    endloop
  endfacet
  facet normal -1 0 0
    outer loop
      vertex 86.2 219.354 -31.1708
      vertex 86.2 214.432 -27.0409
      vertex 86.2 214.601 -26.8211
    endloop
  endfacet
  facet normal -1 0 0
    outer loop
      vertex 86.2 218.788 -31.7882
      vertex 86.2 214.245 -27.2451
      vertex 86.2 214.432 -27.0409
    endloop
  endfacet
  facet normal -1 0 0
    outer loop
      vertex 86.2 218.171 -32.354
      vertex 86.2 214.041 -27.4322
      vertex 86.2 214.245 -27.2451
    endloop
  endfacet
  facet normal -1 0 0
    outer loop
      vertex 86.2 217.506 -32.8639
      vertex 86.2 213.821 -27.6008
      vertex 86.2 214.041 -27.4322
    endloop
  endfacet
  facet normal -1 0 0
    outer loop
      vertex 86.2 212.822 -28.0668
      vertex 86.2 214.485 -34.2729
      vertex 86.2 213.667 -34.4542
    endloop
  endfacet
  facet normal -1 0 0
    outer loop
      vertex 86.2 216.8 -33.3138
      vertex 86.2 213.587 -27.7496
      vertex 86.2 213.821 -27.6008
    endloop
  endfacet
  facet normal -1 0 0
    outer loop
      vertex 86.2 216.057 -33.7006
      vertex 86.2 213.342 -27.8775
      vertex 86.2 213.587 -27.7496
    endloop
  endfacet
  facet normal -1 0 0
    outer loop
      vertex 86.2 215.283 -34.021
      vertex 86.2 213.086 -27.9835
      vertex 86.2 213.342 -27.8775
    endloop
  endfacet
  facet normal -1 0 0
    outer loop
      vertex 86.2 212.551 -28.1268
      vertex 86.2 213.667 -34.4542
      vertex 86.2 212.837 -34.5635
    endloop
  endfacet
  facet normal -1 0 0
    outer loop
      vertex 86.2 214.485 -34.2729
      vertex 86.2 212.822 -28.0668
      vertex 86.2 213.086 -27.9835
    endloop
  endfacet
  facet normal -1 0 0
    outer loop
      vertex 86.2 213.667 -34.4542
      vertex 86.2 212.551 -28.1268
      vertex 86.2 212.822 -28.0668
    endloop
  endfacet
  facet normal -1 0 0
    outer loop
      vertex 86.2 212.837 -34.5635
      vertex 86.2 212.277 -28.1629
      vertex 86.2 212.551 -28.1268
    endloop
  endfacet
  facet normal -1 0 0
    outer loop
      vertex 86.2 212 -34.6
      vertex 86.2 212.277 -28.1629
      vertex 86.2 212.837 -34.5635
    endloop
  endfacet
  facet normal -1 0 0
    outer loop
      vertex 86.2 212 -34.6
      vertex 86.2 212 -28.175
      vertex 86.2 212.277 -28.1629
    endloop
  endfacet
  facet normal -1 0 0
    outer loop
      vertex 86.2 212 -34.6
      vertex 86.2 211.723 -28.1629
      vertex 86.2 212 -28.175
    endloop
  endfacet
  facet normal -1 0 0
    outer loop
      vertex 86.2 211.163 -34.5635
      vertex 86.2 211.723 -28.1629
      vertex 86.2 212 -34.6
    endloop
  endfacet
  facet normal -1 -0 0
    outer loop
      vertex 86.2 211.723 -28.1629
      vertex 86.2 211.163 -34.5635
      vertex 86.2 211.449 -28.1268
    endloop
  endfacet
  facet normal -1 0 0
    outer loop
      vertex 86.2 210.333 -34.4542
      vertex 86.2 211.449 -28.1268
      vertex 86.2 211.163 -34.5635
    endloop
  endfacet
  facet normal -1 -0 0
    outer loop
      vertex 86.2 211.449 -28.1268
      vertex 86.2 210.333 -34.4542
      vertex 86.2 211.178 -28.0668
    endloop
  endfacet
  facet normal -1 0 0
    outer loop
      vertex 86.2 209.515 -34.2729
      vertex 86.2 211.178 -28.0668
      vertex 86.2 210.333 -34.4542
    endloop
  endfacet
  facet normal -1 -0 0
    outer loop
      vertex 86.2 211.178 -28.0668
      vertex 86.2 209.515 -34.2729
      vertex 86.2 210.914 -27.9835
    endloop
  endfacet
  facet normal -1 0 0
    outer loop
      vertex 86.2 208.717 -34.021
      vertex 86.2 210.914 -27.9835
      vertex 86.2 209.515 -34.2729
    endloop
  endfacet
  facet normal -1 -0 0
    outer loop
      vertex 86.2 210.914 -27.9835
      vertex 86.2 208.717 -34.021
      vertex 86.2 210.658 -27.8775
    endloop
  endfacet
  facet normal -1 0 0
    outer loop
      vertex 86.2 207.943 -33.7006
      vertex 86.2 210.658 -27.8775
      vertex 86.2 208.717 -34.021
    endloop
  endfacet
  facet normal -1 -0 0
    outer loop
      vertex 86.2 210.658 -27.8775
      vertex 86.2 207.943 -33.7006
      vertex 86.2 210.413 -27.7496
    endloop
  endfacet
  facet normal -1 0 0
    outer loop
      vertex 86.2 207.2 -33.3138
      vertex 86.2 210.413 -27.7496
      vertex 86.2 207.943 -33.7006
    endloop
  endfacet
  facet normal -1 -0 0
    outer loop
      vertex 86.2 210.413 -27.7496
      vertex 86.2 207.2 -33.3138
      vertex 86.2 210.179 -27.6008
    endloop
  endfacet
  facet normal -1 0 0
    outer loop
      vertex 86.2 206.494 -32.8639
      vertex 86.2 210.179 -27.6008
      vertex 86.2 207.2 -33.3138
    endloop
  endfacet
  facet normal -1 -0 0
    outer loop
      vertex 86.2 210.179 -27.6008
      vertex 86.2 206.494 -32.8639
      vertex 86.2 209.959 -27.4322
    endloop
  endfacet
  facet normal -1 0 0
    outer loop
      vertex 86.2 205.829 -32.354
      vertex 86.2 209.959 -27.4322
      vertex 86.2 206.494 -32.8639
    endloop
  endfacet
  facet normal -1 -0 0
    outer loop
      vertex 86.2 209.959 -27.4322
      vertex 86.2 205.829 -32.354
      vertex 86.2 209.755 -27.2451
    endloop
  endfacet
  facet normal -1 0 0
    outer loop
      vertex 86.2 205.212 -31.7882
      vertex 86.2 209.755 -27.2451
      vertex 86.2 205.829 -32.354
    endloop
  endfacet
  facet normal -1 -0 0
    outer loop
      vertex 86.2 209.755 -27.2451
      vertex 86.2 205.212 -31.7882
      vertex 86.2 209.568 -27.0409
    endloop
  endfacet
  facet normal -1 0 0
    outer loop
      vertex 86.2 204.646 -31.1708
      vertex 86.2 209.568 -27.0409
      vertex 86.2 205.212 -31.7882
    endloop
  endfacet
  facet normal -1 0 0
    outer loop
      vertex 86.2 204.136 -30.5063
      vertex 86.2 209.399 -26.8211
      vertex 86.2 204.646 -31.1708
    endloop
  endfacet
  facet normal -1 -0 0
    outer loop
      vertex 86.2 209.568 -27.0409
      vertex 86.2 204.646 -31.1708
      vertex 86.2 209.399 -26.8211
    endloop
  endfacet
  facet normal -1 -0 0
    outer loop
      vertex 86.2 219.864 -19.4937
      vertex 86.2 214.601 -23.1789
      vertex 86.2 219.354 -18.8292
    endloop
  endfacet
  facet normal -1 0 0
    outer loop
      vertex 86.2 214.432 -22.9591
      vertex 86.2 219.354 -18.8292
      vertex 86.2 214.601 -23.1789
    endloop
  endfacet
  facet normal -1 -0 0
    outer loop
      vertex 86.2 219.354 -18.8292
      vertex 86.2 214.432 -22.9591
      vertex 86.2 218.788 -18.2118
    endloop
  endfacet
  facet normal -1 0 0
    outer loop
      vertex 86.2 214.245 -22.7549
      vertex 86.2 218.788 -18.2118
      vertex 86.2 214.432 -22.9591
    endloop
  endfacet
  facet normal -1 -0 0
    outer loop
      vertex 86.2 218.788 -18.2118
      vertex 86.2 214.245 -22.7549
      vertex 86.2 218.171 -17.646
    endloop
  endfacet
  facet normal -1 0 0
    outer loop
      vertex 86.2 214.041 -22.5678
      vertex 86.2 218.171 -17.646
      vertex 86.2 214.245 -22.7549
    endloop
  endfacet
  facet normal -1 -0 0
    outer loop
      vertex 86.2 218.171 -17.646
      vertex 86.2 214.041 -22.5678
      vertex 86.2 217.506 -17.1361
    endloop
  endfacet
  facet normal -1 0 0
    outer loop
      vertex 86.2 213.821 -22.3992
      vertex 86.2 217.506 -17.1361
      vertex 86.2 214.041 -22.5678
    endloop
  endfacet
  facet normal -1 -0 0
    outer loop
      vertex 86.2 217.506 -17.1361
      vertex 86.2 213.821 -22.3992
      vertex 86.2 216.8 -16.6862
    endloop
  endfacet
  facet normal -1 0 0
    outer loop
      vertex 86.2 213.587 -22.2504
      vertex 86.2 216.8 -16.6862
      vertex 86.2 213.821 -22.3992
    endloop
  endfacet
  facet normal -1 -0 0
    outer loop
      vertex 86.2 216.8 -16.6862
      vertex 86.2 213.587 -22.2504
      vertex 86.2 216.057 -16.2994
    endloop
  endfacet
  facet normal -1 0 0
    outer loop
      vertex 86.2 213.342 -22.1225
      vertex 86.2 216.057 -16.2994
      vertex 86.2 213.587 -22.2504
    endloop
  endfacet
  facet normal -1 -0 0
    outer loop
      vertex 86.2 216.057 -16.2994
      vertex 86.2 213.342 -22.1225
      vertex 86.2 215.283 -15.979
    endloop
  endfacet
  facet normal -1 0 0
    outer loop
      vertex 86.2 213.086 -22.0165
      vertex 86.2 215.283 -15.979
      vertex 86.2 213.342 -22.1225
    endloop
  endfacet
  facet normal -1 -0 0
    outer loop
      vertex 86.2 215.283 -15.979
      vertex 86.2 213.086 -22.0165
      vertex 86.2 214.485 -15.7271
    endloop
  endfacet
  facet normal -1 0 0
    outer loop
      vertex 86.2 212.822 -21.9332
      vertex 86.2 214.485 -15.7271
      vertex 86.2 213.086 -22.0165
    endloop
  endfacet
  facet normal -1 -0 0
    outer loop
      vertex 86.2 214.485 -15.7271
      vertex 86.2 212.822 -21.9332
      vertex 86.2 213.667 -15.5458
    endloop
  endfacet
  facet normal -1 0 0
    outer loop
      vertex 86.2 212.551 -21.8732
      vertex 86.2 213.667 -15.5458
      vertex 86.2 212.822 -21.9332
    endloop
  endfacet
  facet normal -1 -0 0
    outer loop
      vertex 86.2 213.667 -15.5458
      vertex 86.2 212.551 -21.8732
      vertex 86.2 212.837 -15.4365
    endloop
  endfacet
  facet normal -1 0 0
    outer loop
      vertex 86.2 212.277 -21.8371
      vertex 86.2 212.837 -15.4365
      vertex 86.2 212.551 -21.8732
    endloop
  endfacet
  facet normal -1 0 0
    outer loop
      vertex 86.2 212 -21.825
      vertex 86.2 212.837 -15.4365
      vertex 86.2 212.277 -21.8371
    endloop
  endfacet
  facet normal -1 0 0
    outer loop
      vertex 86.2 212 -21.825
      vertex 86.2 212 -15.4
      vertex 86.2 212.837 -15.4365
    endloop
  endfacet
  facet normal -1 0 0
    outer loop
      vertex 86.2 211.723 -21.8371
      vertex 86.2 212 -15.4
      vertex 86.2 212 -21.825
    endloop
  endfacet
  facet normal -1 0 0
    outer loop
      vertex 86.2 211.163 -15.4365
      vertex 86.2 211.723 -21.8371
      vertex 86.2 211.449 -21.8732
    endloop
  endfacet
  facet normal -1 0 0
    outer loop
      vertex 86.2 210.333 -15.5458
      vertex 86.2 211.449 -21.8732
      vertex 86.2 211.178 -21.9332
    endloop
  endfacet
  facet normal -1 0 0
    outer loop
      vertex 86.2 211.723 -21.8371
      vertex 86.2 211.163 -15.4365
      vertex 86.2 212 -15.4
    endloop
  endfacet
  facet normal -1 0 0
    outer loop
      vertex 86.2 209.515 -15.7271
      vertex 86.2 211.178 -21.9332
      vertex 86.2 210.914 -22.0165
    endloop
  endfacet
  facet normal -1 0 0
    outer loop
      vertex 86.2 208.717 -15.979
      vertex 86.2 210.914 -22.0165
      vertex 86.2 210.658 -22.1225
    endloop
  endfacet
  facet normal -1 0 0
    outer loop
      vertex 86.2 207.943 -16.2994
      vertex 86.2 210.658 -22.1225
      vertex 86.2 210.413 -22.2504
    endloop
  endfacet
  facet normal -1 0 0
    outer loop
      vertex 86.2 211.449 -21.8732
      vertex 86.2 210.333 -15.5458
      vertex 86.2 211.163 -15.4365
    endloop
  endfacet
  facet normal -1 0 0
    outer loop
      vertex 86.2 207.2 -16.6862
      vertex 86.2 210.413 -22.2504
      vertex 86.2 210.179 -22.3992
    endloop
  endfacet
  facet normal -1 0 0
    outer loop
      vertex 86.2 206.494 -17.1361
      vertex 86.2 210.179 -22.3992
      vertex 86.2 209.959 -22.5678
    endloop
  endfacet
  facet normal -1 0 0
    outer loop
      vertex 86.2 205.829 -17.646
      vertex 86.2 209.959 -22.5678
      vertex 86.2 209.755 -22.7549
    endloop
  endfacet
  facet normal -1 0 0
    outer loop
      vertex 86.2 205.212 -18.2118
      vertex 86.2 209.755 -22.7549
      vertex 86.2 209.568 -22.9591
    endloop
  endfacet
  facet normal -1 0 0
    outer loop
      vertex 86.2 211.178 -21.9332
      vertex 86.2 209.515 -15.7271
      vertex 86.2 210.333 -15.5458
    endloop
  endfacet
  facet normal -1 0 0
    outer loop
      vertex 86.2 204.646 -18.8292
      vertex 86.2 209.568 -22.9591
      vertex 86.2 209.399 -23.1789
    endloop
  endfacet
  facet normal -1 0 0
    outer loop
      vertex 86.2 204.136 -19.4937
      vertex 86.2 209.399 -23.1789
      vertex 86.2 209.25 -23.4125
    endloop
  endfacet
  facet normal -1 0 0
    outer loop
      vertex 86.2 203.686 -20.2
      vertex 86.2 209.25 -23.4125
      vertex 86.2 209.122 -23.6582
    endloop
  endfacet
  facet normal -1 0 0
    outer loop
      vertex 86.2 203.299 -20.9429
      vertex 86.2 209.122 -23.6582
      vertex 86.2 209.016 -23.9141
    endloop
  endfacet
  facet normal -1 0 0
    outer loop
      vertex 86.2 202.979 -21.7166
      vertex 86.2 209.016 -23.9141
      vertex 86.2 208.933 -24.1782
    endloop
  endfacet
  facet normal -1 0 0
    outer loop
      vertex 86.2 202.727 -22.5153
      vertex 86.2 208.933 -24.1782
      vertex 86.2 208.873 -24.4487
    endloop
  endfacet
  facet normal -1 0 0
    outer loop
      vertex 86.2 202.546 -23.333
      vertex 86.2 208.873 -24.4487
      vertex 86.2 208.837 -24.7233
    endloop
  endfacet
  facet normal -1 0 0
    outer loop
      vertex 86.2 210.914 -22.0165
      vertex 86.2 208.717 -15.979
      vertex 86.2 209.515 -15.7271
    endloop
  endfacet
  facet normal -1 0 0
    outer loop
      vertex 86.2 202.437 -24.1633
      vertex 86.2 208.837 -24.7233
      vertex 86.2 208.825 -25
    endloop
  endfacet
  facet normal -1 -0 0
    outer loop
      vertex 86.2 209.399 -26.8211
      vertex 86.2 204.136 -30.5063
      vertex 86.2 209.25 -26.5875
    endloop
  endfacet
  facet normal -1 0 0
    outer loop
      vertex 86.2 203.686 -29.8
      vertex 86.2 209.25 -26.5875
      vertex 86.2 204.136 -30.5063
    endloop
  endfacet
  facet normal -1 0 0
    outer loop
      vertex 86.2 210.658 -22.1225
      vertex 86.2 207.943 -16.2994
      vertex 86.2 208.717 -15.979
    endloop
  endfacet
  facet normal -1 -0 0
    outer loop
      vertex 86.2 209.25 -26.5875
      vertex 86.2 203.686 -29.8
      vertex 86.2 209.122 -26.3418
    endloop
  endfacet
  facet normal -1 0 0
    outer loop
      vertex 86.2 210.413 -22.2504
      vertex 86.2 207.2 -16.6862
      vertex 86.2 207.943 -16.2994
    endloop
  endfacet
  facet normal -1 0 0
    outer loop
      vertex 86.2 203.299 -29.0571
      vertex 86.2 209.122 -26.3418
      vertex 86.2 203.686 -29.8
    endloop
  endfacet
  facet normal -1 0 0
    outer loop
      vertex 86.2 210.179 -22.3992
      vertex 86.2 206.494 -17.1361
      vertex 86.2 207.2 -16.6862
    endloop
  endfacet
  facet normal -1 -0 0
    outer loop
      vertex 86.2 209.122 -26.3418
      vertex 86.2 203.299 -29.0571
      vertex 86.2 209.016 -26.0859
    endloop
  endfacet
  facet normal -1 0 0
    outer loop
      vertex 86.2 209.959 -22.5678
      vertex 86.2 205.829 -17.646
      vertex 86.2 206.494 -17.1361
    endloop
  endfacet
  facet normal -1 0 0
    outer loop
      vertex 86.2 202.979 -28.2834
      vertex 86.2 209.016 -26.0859
      vertex 86.2 203.299 -29.0571
    endloop
  endfacet
  facet normal -1 0 0
    outer loop
      vertex 86.2 209.755 -22.7549
      vertex 86.2 205.212 -18.2118
      vertex 86.2 205.829 -17.646
    endloop
  endfacet
  facet normal -1 -0 0
    outer loop
      vertex 86.2 209.016 -26.0859
      vertex 86.2 202.979 -28.2834
      vertex 86.2 208.933 -25.8218
    endloop
  endfacet
  facet normal -1 0 0
    outer loop
      vertex 86.2 209.568 -22.9591
      vertex 86.2 204.646 -18.8292
      vertex 86.2 205.212 -18.2118
    endloop
  endfacet
  facet normal -1 0 0
    outer loop
      vertex 86.2 202.727 -27.4847
      vertex 86.2 208.933 -25.8218
      vertex 86.2 202.979 -28.2834
    endloop
  endfacet
  facet normal -1 0 0
    outer loop
      vertex 86.2 209.399 -23.1789
      vertex 86.2 204.136 -19.4937
      vertex 86.2 204.646 -18.8292
    endloop
  endfacet
  facet normal -1 -0 0
    outer loop
      vertex 86.2 208.933 -25.8218
      vertex 86.2 202.727 -27.4847
      vertex 86.2 208.873 -25.5513
    endloop
  endfacet
  facet normal -1 0 0
    outer loop
      vertex 86.2 209.25 -23.4125
      vertex 86.2 203.686 -20.2
      vertex 86.2 204.136 -19.4937
    endloop
  endfacet
  facet normal -1 0 0
    outer loop
      vertex 86.2 202.546 -26.667
      vertex 86.2 208.873 -25.5513
      vertex 86.2 202.727 -27.4847
    endloop
  endfacet
  facet normal -1 0 0
    outer loop
      vertex 86.2 209.122 -23.6582
      vertex 86.2 203.299 -20.9429
      vertex 86.2 203.686 -20.2
    endloop
  endfacet
  facet normal -1 -0 0
    outer loop
      vertex 86.2 208.873 -25.5513
      vertex 86.2 202.546 -26.667
      vertex 86.2 208.837 -25.2767
    endloop
  endfacet
  facet normal -1 0 0
    outer loop
      vertex 86.2 209.016 -23.9141
      vertex 86.2 202.979 -21.7166
      vertex 86.2 203.299 -20.9429
    endloop
  endfacet
  facet normal -1 0 0
    outer loop
      vertex 86.2 202.437 -25.8367
      vertex 86.2 208.837 -25.2767
      vertex 86.2 202.546 -26.667
    endloop
  endfacet
  facet normal -1 0 0
    outer loop
      vertex 86.2 208.933 -24.1782
      vertex 86.2 202.727 -22.5153
      vertex 86.2 202.979 -21.7166
    endloop
  endfacet
  facet normal -1 -0 0
    outer loop
      vertex 86.2 208.837 -25.2767
      vertex 86.2 202.437 -25.8367
      vertex 86.2 208.825 -25
    endloop
  endfacet
  facet normal -1 0 0
    outer loop
      vertex 86.2 208.873 -24.4487
      vertex 86.2 202.546 -23.333
      vertex 86.2 202.727 -22.5153
    endloop
  endfacet
  facet normal -1 0 0
    outer loop
      vertex 86.2 202.4 -25
      vertex 86.2 208.825 -25
      vertex 86.2 202.437 -25.8367
    endloop
  endfacet
  facet normal -1 0 0
    outer loop
      vertex 86.2 208.837 -24.7233
      vertex 86.2 202.437 -24.1633
      vertex 86.2 202.546 -23.333
    endloop
  endfacet
  facet normal -1 0 0
    outer loop
      vertex 86.2 208.825 -25
      vertex 86.2 202.4 -25
      vertex 86.2 202.437 -24.1633
    endloop
  endfacet
  facet normal 0 0.608482 -0.793568
    outer loop
      vertex 80 205.829 -17.646
      vertex 86.2 206.494 -17.1361
      vertex 86.2 205.829 -17.646
    endloop
  endfacet
  facet normal 0 0.608482 -0.793568
    outer loop
      vertex 86.2 206.494 -17.1361
      vertex 80 205.829 -17.646
      vertex 80 206.494 -17.1361
    endloop
  endfacet
  facet normal 0 0.537409 -0.843322
    outer loop
      vertex 80 206.494 -17.1361
      vertex 86.2 207.2 -16.6862
      vertex 86.2 206.494 -17.1361
    endloop
  endfacet
  facet normal 0 0.537409 -0.843322
    outer loop
      vertex 86.2 207.2 -16.6862
      vertex 80 206.494 -17.1361
      vertex 80 207.2 -16.6862
    endloop
  endfacet
  facet normal 0 0.675865 -0.737025
    outer loop
      vertex 80 205.212 -18.2118
      vertex 86.2 205.829 -17.646
      vertex 86.2 205.212 -18.2118
    endloop
  endfacet
  facet normal 0 0.675865 -0.737025
    outer loop
      vertex 86.2 205.829 -17.646
      vertex 80 205.212 -18.2118
      vertex 80 205.829 -17.646
    endloop
  endfacet
  facet normal 0 0.382478 -0.923964
    outer loop
      vertex 80 207.943 -16.2994
      vertex 86.2 208.717 -15.979
      vertex 86.2 207.943 -16.2994
    endloop
  endfacet
  facet normal 0 0.382478 -0.923964
    outer loop
      vertex 86.2 208.717 -15.979
      vertex 80 207.943 -16.2994
      vertex 80 208.717 -15.979
    endloop
  endfacet
  facet normal 0 0.13056 -0.99144
    outer loop
      vertex 80 210.333 -15.5458
      vertex 86.2 211.163 -15.4365
      vertex 86.2 210.333 -15.5458
    endloop
  endfacet
  facet normal 0 0.13056 -0.99144
    outer loop
      vertex 86.2 211.163 -15.4365
      vertex 80 210.333 -15.5458
      vertex 80 211.163 -15.4365
    endloop
  endfacet
  facet normal 0 -0.216387 0.976308
    outer loop
      vertex 80 214.485 -34.2729
      vertex 86.2 213.667 -34.4542
      vertex 86.2 214.485 -34.2729
    endloop
  endfacet
  facet normal 0 -0.216387 0.976308
    outer loop
      vertex 86.2 213.667 -34.4542
      vertex 80 214.485 -34.2729
      vertex 80 213.667 -34.4542
    endloop
  endfacet
  facet normal 0 -0.461766 0.887002
    outer loop
      vertex 80 216.8 -33.3138
      vertex 86.2 216.057 -33.7006
      vertex 86.2 216.8 -33.3138
    endloop
  endfacet
  facet normal 0 -0.461766 0.887002
    outer loop
      vertex 86.2 216.057 -33.7006
      vertex 80 216.8 -33.3138
      vertex 80 216.057 -33.7006
    endloop
  endfacet
  facet normal 0 -0.737124 0.675757
    outer loop
      vertex 80 218.788 -31.7882
      vertex 86.2 219.354 -31.1708
      vertex 80 219.354 -31.1708
    endloop
  endfacet
  facet normal 0 -0.737124 0.675757
    outer loop
      vertex 86.2 219.354 -31.1708
      vertex 80 218.788 -31.7882
      vertex 86.2 218.788 -31.7882
    endloop
  endfacet
  facet normal 0 -0.608482 0.793568
    outer loop
      vertex 80 218.171 -32.354
      vertex 86.2 217.506 -32.8639
      vertex 86.2 218.171 -32.354
    endloop
  endfacet
  facet normal 0 -0.608482 0.793568
    outer loop
      vertex 86.2 217.506 -32.8639
      vertex 80 218.171 -32.354
      vertex 80 217.506 -32.8639
    endloop
  endfacet
  facet normal 0 -0.953658 0.300891
    outer loop
      vertex 80 221.021 -28.2834
      vertex 86.2 221.273 -27.4847
      vertex 80 221.273 -27.4847
    endloop
  endfacet
  facet normal 0 -0.953658 0.300891
    outer loop
      vertex 86.2 221.273 -27.4847
      vertex 80 221.021 -28.2834
      vertex 86.2 221.021 -28.2834
    endloop
  endfacet
  facet normal 0 -0.991493 0.130161
    outer loop
      vertex 80 221.454 -26.667
      vertex 86.2 221.563 -25.8367
      vertex 80 221.563 -25.8367
    endloop
  endfacet
  facet normal 0 -0.991493 0.130161
    outer loop
      vertex 86.2 221.563 -25.8367
      vertex 80 221.454 -26.667
      vertex 86.2 221.454 -26.667
    endloop
  endfacet
  facet normal 0 -0.924081 0.382197
    outer loop
      vertex 80 220.701 -29.0571
      vertex 86.2 221.021 -28.2834
      vertex 80 221.021 -28.2834
    endloop
  endfacet
  facet normal 0 -0.924081 0.382197
    outer loop
      vertex 86.2 221.021 -28.2834
      vertex 80 220.701 -29.0571
      vertex 86.2 220.701 -29.0571
    endloop
  endfacet
  facet normal 0 -0.843371 0.537331
    outer loop
      vertex 80 219.864 -30.5063
      vertex 86.2 220.314 -29.8
      vertex 80 220.314 -29.8
    endloop
  endfacet
  facet normal 0 -0.843371 0.537331
    outer loop
      vertex 86.2 220.314 -29.8
      vertex 80 219.864 -30.5063
      vertex 86.2 219.864 -30.5063
    endloop
  endfacet
  facet normal 0 -0.216387 -0.976308
    outer loop
      vertex 80 213.667 -15.5458
      vertex 86.2 214.485 -15.7271
      vertex 86.2 213.667 -15.5458
    endloop
  endfacet
  facet normal -0 -0.216387 -0.976308
    outer loop
      vertex 86.2 214.485 -15.7271
      vertex 80 213.667 -15.5458
      vertex 80 214.485 -15.7271
    endloop
  endfacet
  facet normal 0 -0.301023 -0.953617
    outer loop
      vertex 80 214.485 -15.7271
      vertex 86.2 215.283 -15.979
      vertex 86.2 214.485 -15.7271
    endloop
  endfacet
  facet normal -0 -0.301023 -0.953617
    outer loop
      vertex 86.2 215.283 -15.979
      vertex 80 214.485 -15.7271
      vertex 80 215.283 -15.979
    endloop
  endfacet
  facet normal 0 -0.976367 -0.216121
    outer loop
      vertex 80 221.454 -23.333
      vertex 86.2 221.273 -22.5153
      vertex 80 221.273 -22.5153
    endloop
  endfacet
  facet normal 0 -0.976367 -0.216121
    outer loop
      vertex 86.2 221.273 -22.5153
      vertex 80 221.454 -23.333
      vertex 86.2 221.454 -23.333
    endloop
  endfacet
  facet normal 0 0.976367 0.216121
    outer loop
      vertex 86.2 202.727 -27.4847
      vertex 80 202.546 -26.667
      vertex 86.2 202.546 -26.667
    endloop
  endfacet
  facet normal 0 0.976367 0.216121
    outer loop
      vertex 80 202.546 -26.667
      vertex 86.2 202.727 -27.4847
      vertex 80 202.727 -27.4847
    endloop
  endfacet
  facet normal 0 0.886878 0.462003
    outer loop
      vertex 86.2 203.686 -29.8
      vertex 80 203.299 -29.0571
      vertex 86.2 203.299 -29.0571
    endloop
  endfacet
  facet normal 0 0.886878 0.462003
    outer loop
      vertex 80 203.299 -29.0571
      vertex 86.2 203.686 -29.8
      vertex 80 203.686 -29.8
    endloop
  endfacet
  facet normal -0 0.675865 0.737025
    outer loop
      vertex 80 205.829 -32.354
      vertex 86.2 205.212 -31.7882
      vertex 86.2 205.829 -32.354
    endloop
  endfacet
  facet normal 0 0.675865 0.737025
    outer loop
      vertex 86.2 205.212 -31.7882
      vertex 80 205.829 -32.354
      vertex 80 205.212 -31.7882
    endloop
  endfacet
  facet normal 0 0.793289 0.608845
    outer loop
      vertex 86.2 204.646 -31.1708
      vertex 80 204.136 -30.5063
      vertex 86.2 204.136 -30.5063
    endloop
  endfacet
  facet normal 0 0.793289 0.608845
    outer loop
      vertex 80 204.136 -30.5063
      vertex 86.2 204.646 -31.1708
      vertex 80 204.646 -31.1708
    endloop
  endfacet
  facet normal -0 0.537409 0.843322
    outer loop
      vertex 80 207.2 -33.3138
      vertex 86.2 206.494 -32.8639
      vertex 86.2 207.2 -33.3138
    endloop
  endfacet
  facet normal 0 0.537409 0.843322
    outer loop
      vertex 86.2 206.494 -32.8639
      vertex 80 207.2 -33.3138
      vertex 80 206.494 -32.8639
    endloop
  endfacet
  facet normal -0 0.382478 0.923964
    outer loop
      vertex 80 208.717 -34.021
      vertex 86.2 207.943 -33.7006
      vertex 86.2 208.717 -34.021
    endloop
  endfacet
  facet normal 0 0.382478 0.923964
    outer loop
      vertex 86.2 207.943 -33.7006
      vertex 80 208.717 -34.021
      vertex 80 207.943 -33.7006
    endloop
  endfacet
  facet normal -0 0.13056 0.99144
    outer loop
      vertex 80 211.163 -34.5635
      vertex 86.2 210.333 -34.4542
      vertex 86.2 211.163 -34.5635
    endloop
  endfacet
  facet normal 0 0.13056 0.99144
    outer loop
      vertex 86.2 210.333 -34.4542
      vertex 80 211.163 -34.5635
      vertex 80 210.333 -34.4542
    endloop
  endfacet
  facet normal -0 0.301023 0.953617
    outer loop
      vertex 80 209.515 -34.2729
      vertex 86.2 208.717 -34.021
      vertex 86.2 209.515 -34.2729
    endloop
  endfacet
  facet normal 0 0.301023 0.953617
    outer loop
      vertex 86.2 208.717 -34.021
      vertex 80 209.515 -34.2729
      vertex 80 208.717 -34.021
    endloop
  endfacet
  facet normal 0 0.976367 -0.216121
    outer loop
      vertex 86.2 202.546 -23.333
      vertex 80 202.727 -22.5153
      vertex 86.2 202.727 -22.5153
    endloop
  endfacet
  facet normal 0 0.976367 -0.216121
    outer loop
      vertex 80 202.727 -22.5153
      vertex 86.2 202.546 -23.333
      vertex 80 202.546 -23.333
    endloop
  endfacet
  facet normal 0 0.953658 -0.300891
    outer loop
      vertex 86.2 202.727 -22.5153
      vertex 80 202.979 -21.7166
      vertex 86.2 202.979 -21.7166
    endloop
  endfacet
  facet normal 0 0.953658 -0.300891
    outer loop
      vertex 80 202.979 -21.7166
      vertex 86.2 202.727 -22.5153
      vertex 80 202.727 -22.5153
    endloop
  endfacet
  facet normal 0 0.216387 -0.976308
    outer loop
      vertex 80 209.515 -15.7271
      vertex 86.2 210.333 -15.5458
      vertex 86.2 209.515 -15.7271
    endloop
  endfacet
  facet normal 0 0.216387 -0.976308
    outer loop
      vertex 86.2 210.333 -15.5458
      vertex 80 209.515 -15.7271
      vertex 80 210.333 -15.5458
    endloop
  endfacet
  facet normal 0 -0.976367 0.216121
    outer loop
      vertex 80 221.273 -27.4847
      vertex 86.2 221.454 -26.667
      vertex 80 221.454 -26.667
    endloop
  endfacet
  facet normal 0 -0.976367 0.216121
    outer loop
      vertex 86.2 221.454 -26.667
      vertex 80 221.273 -27.4847
      vertex 86.2 221.273 -27.4847
    endloop
  endfacet
  facet normal -0 0.216387 0.976308
    outer loop
      vertex 80 210.333 -34.4542
      vertex 86.2 209.515 -34.2729
      vertex 86.2 210.333 -34.4542
    endloop
  endfacet
  facet normal 0 0.216387 0.976308
    outer loop
      vertex 86.2 209.515 -34.2729
      vertex 80 210.333 -34.4542
      vertex 80 209.515 -34.2729
    endloop
  endfacet
  facet normal 0 -0.0436407 0.999047
    outer loop
      vertex 86.2 212.277 -28.1629
      vertex 90 212 -28.175
      vertex 90 212.277 -28.1629
    endloop
  endfacet
  facet normal 0 -0.0436407 0.999047
    outer loop
      vertex 90 212 -28.175
      vertex 86.2 212.277 -28.1629
      vertex 86.2 212 -28.175
    endloop
  endfacet
  facet normal 0 0.0436407 -0.999047
    outer loop
      vertex 86.2 211.723 -21.8371
      vertex 90 212 -21.825
      vertex 90 211.723 -21.8371
    endloop
  endfacet
  facet normal 0 0.0436407 -0.999047
    outer loop
      vertex 90 212 -21.825
      vertex 86.2 211.723 -21.8371
      vertex 86.2 212 -21.825
    endloop
  endfacet
  facet normal 0 -0.999061 -0.0433275
    outer loop
      vertex 86.2 215.175 -25
      vertex 90 215.163 -24.7233
      vertex 86.2 215.163 -24.7233
    endloop
  endfacet
  facet normal 0 -0.999061 -0.0433275
    outer loop
      vertex 90 215.163 -24.7233
      vertex 86.2 215.175 -25
      vertex 90 215.175 -25
    endloop
  endfacet
  facet normal 0 0.737484 -0.675365
    outer loop
      vertex 90 209.568 -22.9591
      vertex 86.2 209.755 -22.7549
      vertex 90 209.755 -22.7549
    endloop
  endfacet
  facet normal 0 0.737484 -0.675365
    outer loop
      vertex 86.2 209.755 -22.7549
      vertex 90 209.568 -22.9591
      vertex 86.2 209.568 -22.9591
    endloop
  endfacet
  facet normal 0 -0.675921 -0.736974
    outer loop
      vertex 86.2 214.041 -22.5678
      vertex 90 214.245 -22.7549
      vertex 90 214.041 -22.5678
    endloop
  endfacet
  facet normal -0 -0.675921 -0.736974
    outer loop
      vertex 90 214.245 -22.7549
      vertex 86.2 214.041 -22.5678
      vertex 86.2 214.245 -22.7549
    endloop
  endfacet
  facet normal 0 0.300907 -0.953654
    outer loop
      vertex 86.2 210.914 -22.0165
      vertex 90 211.178 -21.9332
      vertex 90 210.914 -22.0165
    endloop
  endfacet
  facet normal 0 0.300907 -0.953654
    outer loop
      vertex 90 211.178 -21.9332
      vertex 86.2 210.914 -22.0165
      vertex 86.2 211.178 -21.9332
    endloop
  endfacet
  facet normal 0 -0.462776 0.886475
    outer loop
      vertex 86.2 213.587 -27.7496
      vertex 90 213.342 -27.8775
      vertex 90 213.587 -27.7496
    endloop
  endfacet
  facet normal 0 -0.462776 0.886475
    outer loop
      vertex 90 213.342 -27.8775
      vertex 86.2 213.587 -27.7496
      vertex 86.2 213.342 -27.8775
    endloop
  endfacet
  facet normal 0 -0.737484 0.675365
    outer loop
      vertex 86.2 214.245 -27.2451
      vertex 90 214.432 -27.0409
      vertex 86.2 214.432 -27.0409
    endloop
  endfacet
  facet normal 0 -0.737484 0.675365
    outer loop
      vertex 90 214.432 -27.0409
      vertex 86.2 214.245 -27.2451
      vertex 90 214.245 -27.2451
    endloop
  endfacet
  facet normal 0 -0.953997 0.299817
    outer loop
      vertex 86.2 214.984 -26.0859
      vertex 90 215.067 -25.8218
      vertex 86.2 215.067 -25.8218
    endloop
  endfacet
  facet normal 0 -0.953997 0.299817
    outer loop
      vertex 90 215.067 -25.8218
      vertex 86.2 214.984 -26.0859
      vertex 90 214.984 -26.0859
    endloop
  endfacet
  facet normal 0 -0.462776 -0.886475
    outer loop
      vertex 86.2 213.342 -22.1225
      vertex 90 213.587 -22.2504
      vertex 90 213.342 -22.1225
    endloop
  endfacet
  facet normal -0 -0.462776 -0.886475
    outer loop
      vertex 90 213.587 -22.2504
      vertex 86.2 213.342 -22.1225
      vertex 86.2 213.587 -22.2504
    endloop
  endfacet
  facet normal 0 -0.536595 -0.84384
    outer loop
      vertex 86.2 213.587 -22.2504
      vertex 90 213.821 -22.3992
      vertex 90 213.587 -22.2504
    endloop
  endfacet
  facet normal -0 -0.536595 -0.84384
    outer loop
      vertex 90 213.821 -22.3992
      vertex 86.2 213.587 -22.2504
      vertex 86.2 213.821 -22.3992
    endloop
  endfacet
  facet normal 0 -0.976272 -0.216548
    outer loop
      vertex 86.2 215.127 -24.4487
      vertex 90 215.067 -24.1782
      vertex 86.2 215.067 -24.1782
    endloop
  endfacet
  facet normal 0 -0.976272 -0.216548
    outer loop
      vertex 90 215.067 -24.1782
      vertex 86.2 215.127 -24.4487
      vertex 90 215.127 -24.4487
    endloop
  endfacet
  facet normal -0 0.462776 0.886475
    outer loop
      vertex 86.2 210.658 -27.8775
      vertex 90 210.413 -27.7496
      vertex 90 210.658 -27.8775
    endloop
  endfacet
  facet normal 0 0.462776 0.886475
    outer loop
      vertex 90 210.413 -27.7496
      vertex 86.2 210.658 -27.8775
      vertex 86.2 210.413 -27.7496
    endloop
  endfacet
  facet normal 0 0.953997 0.299817
    outer loop
      vertex 90 209.016 -26.0859
      vertex 86.2 208.933 -25.8218
      vertex 90 208.933 -25.8218
    endloop
  endfacet
  facet normal 0 0.953997 0.299817
    outer loop
      vertex 86.2 208.933 -25.8218
      vertex 90 209.016 -26.0859
      vertex 86.2 209.016 -26.0859
    endloop
  endfacet
  facet normal -0 0.675921 0.736974
    outer loop
      vertex 86.2 209.959 -27.4322
      vertex 90 209.755 -27.2451
      vertex 90 209.959 -27.4322
    endloop
  endfacet
  facet normal 0 0.675921 0.736974
    outer loop
      vertex 90 209.755 -27.2451
      vertex 86.2 209.959 -27.4322
      vertex 86.2 209.755 -27.2451
    endloop
  endfacet
  facet normal 0 0.953997 -0.299817
    outer loop
      vertex 90 208.933 -24.1782
      vertex 86.2 209.016 -23.9141
      vertex 90 209.016 -23.9141
    endloop
  endfacet
  facet normal 0 0.953997 -0.299817
    outer loop
      vertex 86.2 209.016 -23.9141
      vertex 90 208.933 -24.1782
      vertex 86.2 208.933 -24.1782
    endloop
  endfacet
  facet normal 0 0.976272 -0.216548
    outer loop
      vertex 90 208.873 -24.4487
      vertex 86.2 208.933 -24.1782
      vertex 90 208.933 -24.1782
    endloop
  endfacet
  facet normal 0 0.976272 -0.216548
    outer loop
      vertex 86.2 208.933 -24.1782
      vertex 90 208.873 -24.4487
      vertex 86.2 208.873 -24.4487
    endloop
  endfacet
  facet normal 0 0.675921 -0.736974
    outer loop
      vertex 86.2 209.755 -22.7549
      vertex 90 209.959 -22.5678
      vertex 90 209.755 -22.7549
    endloop
  endfacet
  facet normal 0 0.675921 -0.736974
    outer loop
      vertex 90 209.959 -22.5678
      vertex 86.2 209.755 -22.7549
      vertex 86.2 209.959 -22.5678
    endloop
  endfacet
  facet normal 0 0.216167 -0.976356
    outer loop
      vertex 86.2 211.178 -21.9332
      vertex 90 211.449 -21.8732
      vertex 90 211.178 -21.9332
    endloop
  endfacet
  facet normal 0 0.216167 -0.976356
    outer loop
      vertex 90 211.449 -21.8732
      vertex 86.2 211.178 -21.9332
      vertex 86.2 211.449 -21.8732
    endloop
  endfacet
  facet normal 0 -0.130623 0.991432
    outer loop
      vertex 86.2 212.551 -28.1268
      vertex 90 212.277 -28.1629
      vertex 90 212.551 -28.1268
    endloop
  endfacet
  facet normal 0 -0.130623 0.991432
    outer loop
      vertex 90 212.277 -28.1629
      vertex 86.2 212.551 -28.1268
      vertex 86.2 212.277 -28.1629
    endloop
  endfacet
  facet normal 0 -0.300907 0.953654
    outer loop
      vertex 86.2 213.086 -27.9835
      vertex 90 212.822 -28.0668
      vertex 90 213.086 -27.9835
    endloop
  endfacet
  facet normal 0 -0.300907 0.953654
    outer loop
      vertex 90 212.822 -28.0668
      vertex 86.2 213.086 -27.9835
      vertex 86.2 212.822 -28.0668
    endloop
  endfacet
  facet normal 0 -0.60828 0.793722
    outer loop
      vertex 86.2 214.041 -27.4322
      vertex 90 213.821 -27.6008
      vertex 90 214.041 -27.4322
    endloop
  endfacet
  facet normal 0 -0.60828 0.793722
    outer loop
      vertex 90 213.821 -27.6008
      vertex 86.2 214.041 -27.4322
      vertex 86.2 213.821 -27.6008
    endloop
  endfacet
  facet normal 0 -0.675921 0.736974
    outer loop
      vertex 86.2 214.245 -27.2451
      vertex 90 214.041 -27.4322
      vertex 90 214.245 -27.2451
    endloop
  endfacet
  facet normal 0 -0.675921 0.736974
    outer loop
      vertex 90 214.041 -27.4322
      vertex 86.2 214.245 -27.2451
      vertex 86.2 214.041 -27.4322
    endloop
  endfacet
  facet normal 0 -0.536595 0.84384
    outer loop
      vertex 86.2 213.821 -27.6008
      vertex 90 213.587 -27.7496
      vertex 90 213.821 -27.6008
    endloop
  endfacet
  facet normal 0 -0.536595 0.84384
    outer loop
      vertex 90 213.587 -27.7496
      vertex 86.2 213.821 -27.6008
      vertex 86.2 213.587 -27.7496
    endloop
  endfacet
  facet normal 0 -0.991516 0.129987
    outer loop
      vertex 86.2 215.127 -25.5513
      vertex 90 215.163 -25.2767
      vertex 86.2 215.163 -25.2767
    endloop
  endfacet
  facet normal 0 -0.991516 0.129987
    outer loop
      vertex 90 215.163 -25.2767
      vertex 86.2 215.127 -25.5513
      vertex 90 215.127 -25.5513
    endloop
  endfacet
  facet normal 0 -0.976272 0.216548
    outer loop
      vertex 86.2 215.067 -25.8218
      vertex 90 215.127 -25.5513
      vertex 86.2 215.127 -25.5513
    endloop
  endfacet
  facet normal 0 -0.976272 0.216548
    outer loop
      vertex 90 215.127 -25.5513
      vertex 86.2 215.067 -25.8218
      vertex 90 215.067 -25.8218
    endloop
  endfacet
  facet normal 0 -0.999061 0.0433275
    outer loop
      vertex 86.2 215.163 -25.2767
      vertex 90 215.175 -25
      vertex 86.2 215.175 -25
    endloop
  endfacet
  facet normal 0 -0.999061 0.0433275
    outer loop
      vertex 90 215.175 -25
      vertex 86.2 215.163 -25.2767
      vertex 90 215.163 -25.2767
    endloop
  endfacet
  facet normal 0 -0.792758 0.609536
    outer loop
      vertex 86.2 214.432 -27.0409
      vertex 90 214.601 -26.8211
      vertex 86.2 214.601 -26.8211
    endloop
  endfacet
  facet normal 0 -0.792758 0.609536
    outer loop
      vertex 90 214.601 -26.8211
      vertex 86.2 214.432 -27.0409
      vertex 90 214.432 -27.0409
    endloop
  endfacet
  facet normal 0 -0.130623 -0.991432
    outer loop
      vertex 86.2 212.277 -21.8371
      vertex 90 212.551 -21.8732
      vertex 90 212.277 -21.8371
    endloop
  endfacet
  facet normal -0 -0.130623 -0.991432
    outer loop
      vertex 90 212.551 -21.8732
      vertex 86.2 212.277 -21.8371
      vertex 86.2 212.551 -21.8732
    endloop
  endfacet
  facet normal 0 -0.300907 -0.953654
    outer loop
      vertex 86.2 212.822 -21.9332
      vertex 90 213.086 -22.0165
      vertex 90 212.822 -21.9332
    endloop
  endfacet
  facet normal -0 -0.300907 -0.953654
    outer loop
      vertex 90 213.086 -22.0165
      vertex 86.2 212.822 -21.9332
      vertex 86.2 213.086 -22.0165
    endloop
  endfacet
  facet normal 0 -0.0436407 -0.999047
    outer loop
      vertex 86.2 212 -21.825
      vertex 90 212.277 -21.8371
      vertex 90 212 -21.825
    endloop
  endfacet
  facet normal -0 -0.0436407 -0.999047
    outer loop
      vertex 90 212.277 -21.8371
      vertex 86.2 212 -21.825
      vertex 86.2 212.277 -21.8371
    endloop
  endfacet
  facet normal 0 -0.792758 -0.609536
    outer loop
      vertex 86.2 214.601 -23.1789
      vertex 90 214.432 -22.9591
      vertex 86.2 214.432 -22.9591
    endloop
  endfacet
  facet normal 0 -0.792758 -0.609536
    outer loop
      vertex 90 214.432 -22.9591
      vertex 86.2 214.601 -23.1789
      vertex 90 214.601 -23.1789
    endloop
  endfacet
  facet normal 0 -0.923876 -0.382692
    outer loop
      vertex 86.2 214.984 -23.9141
      vertex 90 214.878 -23.6582
      vertex 86.2 214.878 -23.6582
    endloop
  endfacet
  facet normal 0 -0.923876 -0.382692
    outer loop
      vertex 90 214.878 -23.6582
      vertex 86.2 214.984 -23.9141
      vertex 90 214.984 -23.9141
    endloop
  endfacet
  facet normal 0 -0.991516 -0.129987
    outer loop
      vertex 86.2 215.163 -24.7233
      vertex 90 215.127 -24.4487
      vertex 86.2 215.127 -24.4487
    endloop
  endfacet
  facet normal 0 -0.991516 -0.129987
    outer loop
      vertex 90 215.127 -24.4487
      vertex 86.2 215.163 -24.7233
      vertex 90 215.163 -24.7233
    endloop
  endfacet
  facet normal -0 0.0436407 0.999047
    outer loop
      vertex 86.2 212 -28.175
      vertex 90 211.723 -28.1629
      vertex 90 212 -28.175
    endloop
  endfacet
  facet normal 0 0.0436407 0.999047
    outer loop
      vertex 90 211.723 -28.1629
      vertex 86.2 212 -28.175
      vertex 86.2 211.723 -28.1629
    endloop
  endfacet
  facet normal 0 0.991516 0.129987
    outer loop
      vertex 90 208.873 -25.5513
      vertex 86.2 208.837 -25.2767
      vertex 90 208.837 -25.2767
    endloop
  endfacet
  facet normal 0 0.991516 0.129987
    outer loop
      vertex 86.2 208.837 -25.2767
      vertex 90 208.873 -25.5513
      vertex 86.2 208.873 -25.5513
    endloop
  endfacet
  facet normal 0 0.843096 0.537763
    outer loop
      vertex 90 209.399 -26.8211
      vertex 86.2 209.25 -26.5875
      vertex 90 209.25 -26.5875
    endloop
  endfacet
  facet normal 0 0.843096 0.537763
    outer loop
      vertex 86.2 209.25 -26.5875
      vertex 90 209.399 -26.8211
      vertex 86.2 209.399 -26.8211
    endloop
  endfacet
  facet normal 0 0.737484 0.675365
    outer loop
      vertex 90 209.755 -27.2451
      vertex 86.2 209.568 -27.0409
      vertex 90 209.568 -27.0409
    endloop
  endfacet
  facet normal 0 0.737484 0.675365
    outer loop
      vertex 86.2 209.568 -27.0409
      vertex 90 209.755 -27.2451
      vertex 86.2 209.755 -27.2451
    endloop
  endfacet
  facet normal 0 0.792758 0.609536
    outer loop
      vertex 90 209.568 -27.0409
      vertex 86.2 209.399 -26.8211
      vertex 90 209.399 -26.8211
    endloop
  endfacet
  facet normal 0 0.792758 0.609536
    outer loop
      vertex 86.2 209.399 -26.8211
      vertex 90 209.568 -27.0409
      vertex 86.2 209.568 -27.0409
    endloop
  endfacet
  facet normal -0 0.60828 0.793722
    outer loop
      vertex 86.2 210.179 -27.6008
      vertex 90 209.959 -27.4322
      vertex 90 210.179 -27.6008
    endloop
  endfacet
  facet normal 0 0.60828 0.793722
    outer loop
      vertex 90 209.959 -27.4322
      vertex 86.2 210.179 -27.6008
      vertex 86.2 209.959 -27.4322
    endloop
  endfacet
  facet normal -0 0.536595 0.84384
    outer loop
      vertex 86.2 210.413 -27.7496
      vertex 90 210.179 -27.6008
      vertex 90 210.413 -27.7496
    endloop
  endfacet
  facet normal 0 0.536595 0.84384
    outer loop
      vertex 90 210.179 -27.6008
      vertex 86.2 210.413 -27.7496
      vertex 86.2 210.179 -27.6008
    endloop
  endfacet
  facet normal -0 0.130623 0.991432
    outer loop
      vertex 86.2 211.723 -28.1629
      vertex 90 211.449 -28.1268
      vertex 90 211.723 -28.1629
    endloop
  endfacet
  facet normal 0 0.130623 0.991432
    outer loop
      vertex 90 211.449 -28.1268
      vertex 86.2 211.723 -28.1629
      vertex 86.2 211.449 -28.1268
    endloop
  endfacet
  facet normal -0 0.216167 0.976356
    outer loop
      vertex 86.2 211.449 -28.1268
      vertex 90 211.178 -28.0668
      vertex 90 211.449 -28.1268
    endloop
  endfacet
  facet normal 0 0.216167 0.976356
    outer loop
      vertex 90 211.178 -28.0668
      vertex 86.2 211.449 -28.1268
      vertex 86.2 211.178 -28.0668
    endloop
  endfacet
  facet normal 0 0.991516 -0.129987
    outer loop
      vertex 90 208.837 -24.7233
      vertex 86.2 208.873 -24.4487
      vertex 90 208.873 -24.4487
    endloop
  endfacet
  facet normal 0 0.991516 -0.129987
    outer loop
      vertex 86.2 208.873 -24.4487
      vertex 90 208.837 -24.7233
      vertex 86.2 208.837 -24.7233
    endloop
  endfacet
  facet normal 0 0.843096 -0.537763
    outer loop
      vertex 90 209.25 -23.4125
      vertex 86.2 209.399 -23.1789
      vertex 90 209.399 -23.1789
    endloop
  endfacet
  facet normal 0 0.843096 -0.537763
    outer loop
      vertex 86.2 209.399 -23.1789
      vertex 90 209.25 -23.4125
      vertex 86.2 209.25 -23.4125
    endloop
  endfacet
  facet normal 0 0.999061 -0.0433275
    outer loop
      vertex 90 208.825 -25
      vertex 86.2 208.837 -24.7233
      vertex 90 208.837 -24.7233
    endloop
  endfacet
  facet normal 0 0.999061 -0.0433275
    outer loop
      vertex 86.2 208.837 -24.7233
      vertex 90 208.825 -25
      vertex 86.2 208.825 -25
    endloop
  endfacet
  facet normal 0 0.536595 -0.84384
    outer loop
      vertex 86.2 210.179 -22.3992
      vertex 90 210.413 -22.2504
      vertex 90 210.179 -22.3992
    endloop
  endfacet
  facet normal 0 0.536595 -0.84384
    outer loop
      vertex 90 210.413 -22.2504
      vertex 86.2 210.179 -22.3992
      vertex 86.2 210.413 -22.2504
    endloop
  endfacet
  facet normal 0 0.60828 -0.793722
    outer loop
      vertex 86.2 209.959 -22.5678
      vertex 90 210.179 -22.3992
      vertex 90 209.959 -22.5678
    endloop
  endfacet
  facet normal 0 0.60828 -0.793722
    outer loop
      vertex 90 210.179 -22.3992
      vertex 86.2 209.959 -22.5678
      vertex 86.2 210.179 -22.3992
    endloop
  endfacet
  facet normal 0 0.130623 -0.991432
    outer loop
      vertex 86.2 211.449 -21.8732
      vertex 90 211.723 -21.8371
      vertex 90 211.449 -21.8732
    endloop
  endfacet
  facet normal 0 0.130623 -0.991432
    outer loop
      vertex 90 211.723 -21.8371
      vertex 86.2 211.449 -21.8732
      vertex 86.2 211.723 -21.8371
    endloop
  endfacet
  facet normal 0 -0.216167 0.976356
    outer loop
      vertex 86.2 212.822 -28.0668
      vertex 90 212.551 -28.1268
      vertex 90 212.822 -28.0668
    endloop
  endfacet
  facet normal 0 -0.216167 0.976356
    outer loop
      vertex 90 212.551 -28.1268
      vertex 86.2 212.822 -28.0668
      vertex 86.2 212.551 -28.1268
    endloop
  endfacet
  facet normal 0 -0.382564 0.923929
    outer loop
      vertex 86.2 213.342 -27.8775
      vertex 90 213.086 -27.9835
      vertex 90 213.342 -27.8775
    endloop
  endfacet
  facet normal 0 -0.382564 0.923929
    outer loop
      vertex 90 213.086 -27.9835
      vertex 86.2 213.342 -27.8775
      vertex 86.2 213.086 -27.9835
    endloop
  endfacet
  facet normal 0 -0.886868 0.462023
    outer loop
      vertex 86.2 214.75 -26.5875
      vertex 90 214.878 -26.3418
      vertex 86.2 214.878 -26.3418
    endloop
  endfacet
  facet normal 0 -0.886868 0.462023
    outer loop
      vertex 90 214.878 -26.3418
      vertex 86.2 214.75 -26.5875
      vertex 90 214.75 -26.5875
    endloop
  endfacet
  facet normal 0 -0.843096 0.537763
    outer loop
      vertex 86.2 214.601 -26.8211
      vertex 90 214.75 -26.5875
      vertex 86.2 214.75 -26.5875
    endloop
  endfacet
  facet normal 0 -0.843096 0.537763
    outer loop
      vertex 90 214.75 -26.5875
      vertex 86.2 214.601 -26.8211
      vertex 90 214.601 -26.8211
    endloop
  endfacet
  facet normal 0 -0.60828 -0.793722
    outer loop
      vertex 86.2 213.821 -22.3992
      vertex 90 214.041 -22.5678
      vertex 90 213.821 -22.3992
    endloop
  endfacet
  facet normal -0 -0.60828 -0.793722
    outer loop
      vertex 90 214.041 -22.5678
      vertex 86.2 213.821 -22.3992
      vertex 86.2 214.041 -22.5678
    endloop
  endfacet
  facet normal 0 -0.382564 -0.923929
    outer loop
      vertex 86.2 213.086 -22.0165
      vertex 90 213.342 -22.1225
      vertex 90 213.086 -22.0165
    endloop
  endfacet
  facet normal -0 -0.382564 -0.923929
    outer loop
      vertex 90 213.342 -22.1225
      vertex 86.2 213.086 -22.0165
      vertex 86.2 213.342 -22.1225
    endloop
  endfacet
  facet normal 0 -0.216167 -0.976356
    outer loop
      vertex 86.2 212.551 -21.8732
      vertex 90 212.822 -21.9332
      vertex 90 212.551 -21.8732
    endloop
  endfacet
  facet normal -0 -0.216167 -0.976356
    outer loop
      vertex 90 212.822 -21.9332
      vertex 86.2 212.551 -21.8732
      vertex 86.2 212.822 -21.9332
    endloop
  endfacet
  facet normal 0 -0.737484 -0.675365
    outer loop
      vertex 86.2 214.432 -22.9591
      vertex 90 214.245 -22.7549
      vertex 86.2 214.245 -22.7549
    endloop
  endfacet
  facet normal 0 -0.737484 -0.675365
    outer loop
      vertex 90 214.245 -22.7549
      vertex 86.2 214.432 -22.9591
      vertex 90 214.432 -22.9591
    endloop
  endfacet
  facet normal 0 -0.843096 -0.537763
    outer loop
      vertex 86.2 214.75 -23.4125
      vertex 90 214.601 -23.1789
      vertex 86.2 214.601 -23.1789
    endloop
  endfacet
  facet normal 0 -0.843096 -0.537763
    outer loop
      vertex 90 214.601 -23.1789
      vertex 86.2 214.75 -23.4125
      vertex 90 214.75 -23.4125
    endloop
  endfacet
  facet normal 0 -0.886868 -0.462023
    outer loop
      vertex 86.2 214.878 -23.6582
      vertex 90 214.75 -23.4125
      vertex 86.2 214.75 -23.4125
    endloop
  endfacet
  facet normal 0 -0.886868 -0.462023
    outer loop
      vertex 90 214.75 -23.4125
      vertex 86.2 214.878 -23.6582
      vertex 90 214.878 -23.6582
    endloop
  endfacet
  facet normal 0 -0.953997 -0.299817
    outer loop
      vertex 86.2 215.067 -24.1782
      vertex 90 214.984 -23.9141
      vertex 86.2 214.984 -23.9141
    endloop
  endfacet
  facet normal 0 -0.953997 -0.299817
    outer loop
      vertex 90 214.984 -23.9141
      vertex 86.2 215.067 -24.1782
      vertex 90 215.067 -24.1782
    endloop
  endfacet
  facet normal 0 0.976272 0.216548
    outer loop
      vertex 90 208.933 -25.8218
      vertex 86.2 208.873 -25.5513
      vertex 90 208.873 -25.5513
    endloop
  endfacet
  facet normal 0 0.976272 0.216548
    outer loop
      vertex 86.2 208.873 -25.5513
      vertex 90 208.933 -25.8218
      vertex 86.2 208.933 -25.8218
    endloop
  endfacet
  facet normal 0 0.923876 0.382692
    outer loop
      vertex 90 209.122 -26.3418
      vertex 86.2 209.016 -26.0859
      vertex 90 209.016 -26.0859
    endloop
  endfacet
  facet normal 0 0.923876 0.382692
    outer loop
      vertex 86.2 209.016 -26.0859
      vertex 90 209.122 -26.3418
      vertex 86.2 209.122 -26.3418
    endloop
  endfacet
  facet normal -0 0.300907 0.953654
    outer loop
      vertex 86.2 211.178 -28.0668
      vertex 90 210.914 -27.9835
      vertex 90 211.178 -28.0668
    endloop
  endfacet
  facet normal 0 0.300907 0.953654
    outer loop
      vertex 90 210.914 -27.9835
      vertex 86.2 211.178 -28.0668
      vertex 86.2 210.914 -27.9835
    endloop
  endfacet
  facet normal 0 0.792758 -0.609536
    outer loop
      vertex 90 209.399 -23.1789
      vertex 86.2 209.568 -22.9591
      vertex 90 209.568 -22.9591
    endloop
  endfacet
  facet normal 0 0.792758 -0.609536
    outer loop
      vertex 86.2 209.568 -22.9591
      vertex 90 209.399 -23.1789
      vertex 86.2 209.399 -23.1789
    endloop
  endfacet
  facet normal 0 0.923876 -0.382692
    outer loop
      vertex 90 209.016 -23.9141
      vertex 86.2 209.122 -23.6582
      vertex 90 209.122 -23.6582
    endloop
  endfacet
  facet normal 0 0.923876 -0.382692
    outer loop
      vertex 86.2 209.122 -23.6582
      vertex 90 209.016 -23.9141
      vertex 86.2 209.016 -23.9141
    endloop
  endfacet
  facet normal 0 0.886868 -0.462023
    outer loop
      vertex 90 209.122 -23.6582
      vertex 86.2 209.25 -23.4125
      vertex 90 209.25 -23.4125
    endloop
  endfacet
  facet normal 0 0.886868 -0.462023
    outer loop
      vertex 86.2 209.25 -23.4125
      vertex 90 209.122 -23.6582
      vertex 86.2 209.122 -23.6582
    endloop
  endfacet
  facet normal 0 0.999061 0.0433275
    outer loop
      vertex 90 208.837 -25.2767
      vertex 86.2 208.825 -25
      vertex 90 208.825 -25
    endloop
  endfacet
  facet normal 0 0.999061 0.0433275
    outer loop
      vertex 86.2 208.825 -25
      vertex 90 208.837 -25.2767
      vertex 86.2 208.837 -25.2767
    endloop
  endfacet
  facet normal 0 0.462776 -0.886475
    outer loop
      vertex 86.2 210.413 -22.2504
      vertex 90 210.658 -22.1225
      vertex 90 210.413 -22.2504
    endloop
  endfacet
  facet normal 0 0.462776 -0.886475
    outer loop
      vertex 90 210.658 -22.1225
      vertex 86.2 210.413 -22.2504
      vertex 86.2 210.658 -22.1225
    endloop
  endfacet
  facet normal 0 0.382564 -0.923929
    outer loop
      vertex 86.2 210.658 -22.1225
      vertex 90 210.914 -22.0165
      vertex 90 210.658 -22.1225
    endloop
  endfacet
  facet normal 0 0.382564 -0.923929
    outer loop
      vertex 90 210.914 -22.0165
      vertex 86.2 210.658 -22.1225
      vertex 86.2 210.914 -22.0165
    endloop
  endfacet
  facet normal 0 -0.923876 0.382692
    outer loop
      vertex 86.2 214.878 -26.3418
      vertex 90 214.984 -26.0859
      vertex 86.2 214.984 -26.0859
    endloop
  endfacet
  facet normal 0 -0.923876 0.382692
    outer loop
      vertex 90 214.984 -26.0859
      vertex 86.2 214.878 -26.3418
      vertex 90 214.878 -26.3418
    endloop
  endfacet
  facet normal 0 0.886868 0.462023
    outer loop
      vertex 90 209.25 -26.5875
      vertex 86.2 209.122 -26.3418
      vertex 90 209.122 -26.3418
    endloop
  endfacet
  facet normal 0 0.886868 0.462023
    outer loop
      vertex 86.2 209.122 -26.3418
      vertex 90 209.25 -26.5875
      vertex 86.2 209.25 -26.5875
    endloop
  endfacet
  facet normal -0 0.382564 0.923929
    outer loop
      vertex 86.2 210.914 -27.9835
      vertex 90 210.658 -27.8775
      vertex 90 210.914 -27.9835
    endloop
  endfacet
  facet normal 0 0.382564 0.923929
    outer loop
      vertex 90 210.658 -27.8775
      vertex 86.2 210.914 -27.9835
      vertex 86.2 210.658 -27.8775
    endloop
  endfacet
  facet normal 0 -0.0436812 0.999046
    outer loop
      vertex 84 245.831 -27.6399
      vertex 88 245.6 -27.65
      vertex 88 245.831 -27.6399
    endloop
  endfacet
  facet normal 0 -0.0436812 0.999046
    outer loop
      vertex 88 245.6 -27.65
      vertex 84 245.831 -27.6399
      vertex 84 245.6 -27.65
    endloop
  endfacet
  facet normal 0 -0.0436812 -0.999046
    outer loop
      vertex 84 245.6 -22.35
      vertex 88 245.831 -22.3601
      vertex 88 245.6 -22.35
    endloop
  endfacet
  facet normal -0 -0.0436812 -0.999046
    outer loop
      vertex 88 245.831 -22.3601
      vertex 84 245.6 -22.35
      vertex 84 245.831 -22.3601
    endloop
  endfacet
  facet normal 0 0.999064 -0.0432495
    outer loop
      vertex 88 242.95 -25
      vertex 84 242.96 -24.769
      vertex 88 242.96 -24.769
    endloop
  endfacet
  facet normal 0 0.999064 -0.0432495
    outer loop
      vertex 84 242.96 -24.769
      vertex 88 242.95 -25
      vertex 84 242.95 -25
    endloop
  endfacet
  facet normal 0 0.674433 -0.738336
    outer loop
      vertex 84 243.726 -23.1262
      vertex 88 243.897 -22.97
      vertex 88 243.726 -23.1262
    endloop
  endfacet
  facet normal 0 0.674433 -0.738336
    outer loop
      vertex 88 243.897 -22.97
      vertex 84 243.726 -23.1262
      vertex 84 243.897 -22.97
    endloop
  endfacet
  facet normal 0 -0.737585 -0.675254
    outer loop
      vertex 84 247.63 -23.2966
      vertex 88 247.474 -23.1262
      vertex 84 247.474 -23.1262
    endloop
  endfacet
  facet normal 0 -0.737585 -0.675254
    outer loop
      vertex 88 247.474 -23.1262
      vertex 84 247.63 -23.2966
      vertex 88 247.63 -23.2966
    endloop
  endfacet
  facet normal 0 -0.953124 -0.302579
    outer loop
      vertex 84 248.16 -24.3141
      vertex 88 248.09 -24.0936
      vertex 84 248.09 -24.0936
    endloop
  endfacet
  facet normal 0 -0.953124 -0.302579
    outer loop
      vertex 88 248.09 -24.0936
      vertex 84 248.16 -24.3141
      vertex 88 248.16 -24.3141
    endloop
  endfacet
  facet normal 0 0.216015 -0.97639
    outer loop
      vertex 84 244.914 -22.4403
      vertex 88 245.14 -22.3903
      vertex 88 244.914 -22.4403
    endloop
  endfacet
  facet normal 0 0.216015 -0.97639
    outer loop
      vertex 88 245.14 -22.3903
      vertex 84 244.914 -22.4403
      vertex 84 245.14 -22.3903
    endloop
  endfacet
  facet normal 0 -0.674433 0.738336
    outer loop
      vertex 84 247.474 -26.8738
      vertex 88 247.303 -27.03
      vertex 88 247.474 -26.8738
    endloop
  endfacet
  facet normal 0 -0.674433 0.738336
    outer loop
      vertex 88 247.303 -27.03
      vertex 84 247.474 -26.8738
      vertex 84 247.303 -27.03
    endloop
  endfacet
  facet normal 0 -0.924544 0.381076
    outer loop
      vertex 84 248.002 -26.1199
      vertex 88 248.09 -25.9064
      vertex 84 248.09 -25.9064
    endloop
  endfacet
  facet normal 0 -0.924544 0.381076
    outer loop
      vertex 88 248.09 -25.9064
      vertex 84 248.002 -26.1199
      vertex 88 248.002 -26.1199
    endloop
  endfacet
  facet normal 0 -0.537211 -0.843448
    outer loop
      vertex 84 246.925 -22.705
      vertex 88 247.12 -22.8292
      vertex 88 246.925 -22.705
    endloop
  endfacet
  facet normal -0 -0.537211 -0.843448
    outer loop
      vertex 88 247.12 -22.8292
      vertex 84 246.925 -22.705
      vertex 84 247.12 -22.8292
    endloop
  endfacet
  facet normal 0 -0.609794 -0.79256
    outer loop
      vertex 84 247.12 -22.8292
      vertex 88 247.303 -22.97
      vertex 88 247.12 -22.8292
    endloop
  endfacet
  facet normal -0 -0.609794 -0.79256
    outer loop
      vertex 88 247.303 -22.97
      vertex 84 247.12 -22.8292
      vertex 84 247.303 -22.97
    endloop
  endfacet
  facet normal 0 -0.792785 -0.609502
    outer loop
      vertex 84 247.771 -23.48
      vertex 88 247.63 -23.2966
      vertex 84 247.63 -23.2966
    endloop
  endfacet
  facet normal 0 -0.792785 -0.609502
    outer loop
      vertex 88 247.63 -23.2966
      vertex 84 247.771 -23.48
      vertex 88 247.771 -23.48
    endloop
  endfacet
  facet normal 0 -0.991542 -0.129783
    outer loop
      vertex 84 248.24 -24.769
      vertex 88 248.21 -24.5398
      vertex 84 248.21 -24.5398
    endloop
  endfacet
  facet normal 0 -0.991542 -0.129783
    outer loop
      vertex 88 248.21 -24.5398
      vertex 84 248.24 -24.769
      vertex 88 248.24 -24.769
    endloop
  endfacet
  facet normal -0 0.537211 0.843448
    outer loop
      vertex 84 244.275 -27.295
      vertex 88 244.08 -27.1708
      vertex 88 244.275 -27.295
    endloop
  endfacet
  facet normal 0 0.537211 0.843448
    outer loop
      vertex 88 244.08 -27.1708
      vertex 84 244.275 -27.295
      vertex 84 244.08 -27.1708
    endloop
  endfacet
  facet normal 0 0.976329 0.216289
    outer loop
      vertex 88 243.04 -25.6859
      vertex 84 242.99 -25.4602
      vertex 88 242.99 -25.4602
    endloop
  endfacet
  facet normal 0 0.976329 0.216289
    outer loop
      vertex 84 242.99 -25.4602
      vertex 88 243.04 -25.6859
      vertex 84 243.04 -25.6859
    endloop
  endfacet
  facet normal 0 0.737585 0.675254
    outer loop
      vertex 88 243.726 -26.8738
      vertex 84 243.57 -26.7034
      vertex 88 243.57 -26.7034
    endloop
  endfacet
  facet normal 0 0.737585 0.675254
    outer loop
      vertex 84 243.57 -26.7034
      vertex 88 243.726 -26.8738
      vertex 84 243.726 -26.8738
    endloop
  endfacet
  facet normal -0 0.301235 0.95355
    outer loop
      vertex 84 244.914 -27.5597
      vertex 88 244.694 -27.4902
      vertex 88 244.914 -27.5597
    endloop
  endfacet
  facet normal 0 0.301235 0.95355
    outer loop
      vertex 88 244.694 -27.4902
      vertex 84 244.914 -27.5597
      vertex 84 244.694 -27.4902
    endloop
  endfacet
  facet normal 0 0.924544 -0.381076
    outer loop
      vertex 88 243.11 -24.0936
      vertex 84 243.198 -23.8801
      vertex 88 243.198 -23.8801
    endloop
  endfacet
  facet normal 0 0.924544 -0.381076
    outer loop
      vertex 84 243.198 -23.8801
      vertex 88 243.11 -24.0936
      vertex 84 243.11 -24.0936
    endloop
  endfacet
  facet normal 0 0.953124 -0.302579
    outer loop
      vertex 88 243.04 -24.3141
      vertex 84 243.11 -24.0936
      vertex 88 243.11 -24.0936
    endloop
  endfacet
  facet normal 0 0.953124 -0.302579
    outer loop
      vertex 84 243.11 -24.0936
      vertex 88 243.04 -24.3141
      vertex 84 243.04 -24.3141
    endloop
  endfacet
  facet normal 0 0.609794 -0.79256
    outer loop
      vertex 84 243.897 -22.97
      vertex 88 244.08 -22.8292
      vertex 88 243.897 -22.97
    endloop
  endfacet
  facet normal 0 0.609794 -0.79256
    outer loop
      vertex 88 244.08 -22.8292
      vertex 84 243.897 -22.97
      vertex 84 244.08 -22.8292
    endloop
  endfacet
  facet normal 0 0.130746 -0.991416
    outer loop
      vertex 84 245.14 -22.3903
      vertex 88 245.369 -22.3601
      vertex 88 245.14 -22.3903
    endloop
  endfacet
  facet normal 0 0.130746 -0.991416
    outer loop
      vertex 88 245.369 -22.3601
      vertex 84 245.14 -22.3903
      vertex 84 245.369 -22.3601
    endloop
  endfacet
  facet normal 0 -0.130746 0.991416
    outer loop
      vertex 84 246.06 -27.6097
      vertex 88 245.831 -27.6399
      vertex 88 246.06 -27.6097
    endloop
  endfacet
  facet normal 0 -0.130746 0.991416
    outer loop
      vertex 88 245.831 -27.6399
      vertex 84 246.06 -27.6097
      vertex 84 245.831 -27.6399
    endloop
  endfacet
  facet normal 0 -0.301235 0.95355
    outer loop
      vertex 84 246.506 -27.4902
      vertex 88 246.286 -27.5597
      vertex 88 246.506 -27.4902
    endloop
  endfacet
  facet normal 0 -0.301235 0.95355
    outer loop
      vertex 88 246.286 -27.5597
      vertex 84 246.506 -27.4902
      vertex 84 246.286 -27.5597
    endloop
  endfacet
  facet normal 0 -0.537211 0.843448
    outer loop
      vertex 84 247.12 -27.1708
      vertex 88 246.925 -27.295
      vertex 88 247.12 -27.1708
    endloop
  endfacet
  facet normal 0 -0.537211 0.843448
    outer loop
      vertex 88 246.925 -27.295
      vertex 84 247.12 -27.1708
      vertex 84 246.925 -27.295
    endloop
  endfacet
  facet normal 0 -0.609794 0.79256
    outer loop
      vertex 84 247.303 -27.03
      vertex 88 247.12 -27.1708
      vertex 88 247.303 -27.03
    endloop
  endfacet
  facet normal 0 -0.609794 0.79256
    outer loop
      vertex 88 247.12 -27.1708
      vertex 84 247.303 -27.03
      vertex 84 247.12 -27.1708
    endloop
  endfacet
  facet normal 0 -0.461693 0.88704
    outer loop
      vertex 84 246.925 -27.295
      vertex 88 246.72 -27.4017
      vertex 88 246.925 -27.295
    endloop
  endfacet
  facet normal 0 -0.461693 0.88704
    outer loop
      vertex 88 246.72 -27.4017
      vertex 84 246.925 -27.295
      vertex 84 246.72 -27.4017
    endloop
  endfacet
  facet normal 0 -0.976329 0.216289
    outer loop
      vertex 84 248.16 -25.6859
      vertex 88 248.21 -25.4602
      vertex 84 248.21 -25.4602
    endloop
  endfacet
  facet normal 0 -0.976329 0.216289
    outer loop
      vertex 88 248.21 -25.4602
      vertex 84 248.16 -25.6859
      vertex 88 248.16 -25.6859
    endloop
  endfacet
  facet normal 0 -0.953124 0.302579
    outer loop
      vertex 84 248.09 -25.9064
      vertex 88 248.16 -25.6859
      vertex 84 248.16 -25.6859
    endloop
  endfacet
  facet normal 0 -0.953124 0.302579
    outer loop
      vertex 88 248.16 -25.6859
      vertex 84 248.09 -25.9064
      vertex 88 248.09 -25.9064
    endloop
  endfacet
  facet normal 0 -0.991542 0.129783
    outer loop
      vertex 84 248.21 -25.4602
      vertex 88 248.24 -25.231
      vertex 84 248.24 -25.231
    endloop
  endfacet
  facet normal 0 -0.991542 0.129783
    outer loop
      vertex 88 248.24 -25.231
      vertex 84 248.21 -25.4602
      vertex 88 248.21 -25.4602
    endloop
  endfacet
  facet normal 0 -0.84384 0.536595
    outer loop
      vertex 84 247.771 -26.52
      vertex 88 247.895 -26.325
      vertex 84 247.895 -26.325
    endloop
  endfacet
  facet normal 0 -0.84384 0.536595
    outer loop
      vertex 88 247.895 -26.325
      vertex 84 247.771 -26.52
      vertex 88 247.771 -26.52
    endloop
  endfacet
  facet normal 0 -0.8866 0.462536
    outer loop
      vertex 84 247.895 -26.325
      vertex 88 248.002 -26.1199
      vertex 84 248.002 -26.1199
    endloop
  endfacet
  facet normal 0 -0.8866 0.462536
    outer loop
      vertex 88 248.002 -26.1199
      vertex 84 247.895 -26.325
      vertex 88 247.895 -26.325
    endloop
  endfacet
  facet normal 0 -0.461693 -0.88704
    outer loop
      vertex 84 246.72 -22.5983
      vertex 88 246.925 -22.705
      vertex 88 246.72 -22.5983
    endloop
  endfacet
  facet normal -0 -0.461693 -0.88704
    outer loop
      vertex 88 246.925 -22.705
      vertex 84 246.72 -22.5983
      vertex 84 246.925 -22.705
    endloop
  endfacet
  facet normal 0 -0.216015 -0.97639
    outer loop
      vertex 84 246.06 -22.3903
      vertex 88 246.286 -22.4403
      vertex 88 246.06 -22.3903
    endloop
  endfacet
  facet normal -0 -0.216015 -0.97639
    outer loop
      vertex 88 246.286 -22.4403
      vertex 84 246.06 -22.3903
      vertex 84 246.286 -22.4403
    endloop
  endfacet
  facet normal 0 -0.382161 -0.924096
    outer loop
      vertex 84 246.506 -22.5098
      vertex 88 246.72 -22.5983
      vertex 88 246.506 -22.5098
    endloop
  endfacet
  facet normal -0 -0.382161 -0.924096
    outer loop
      vertex 88 246.72 -22.5983
      vertex 84 246.506 -22.5098
      vertex 84 246.72 -22.5983
    endloop
  endfacet
  facet normal 0 -0.130746 -0.991416
    outer loop
      vertex 84 245.831 -22.3601
      vertex 88 246.06 -22.3903
      vertex 88 245.831 -22.3601
    endloop
  endfacet
  facet normal -0 -0.130746 -0.991416
    outer loop
      vertex 88 246.06 -22.3903
      vertex 84 245.831 -22.3601
      vertex 84 246.06 -22.3903
    endloop
  endfacet
  facet normal 0 -0.8866 -0.462536
    outer loop
      vertex 84 248.002 -23.8801
      vertex 88 247.895 -23.675
      vertex 84 247.895 -23.675
    endloop
  endfacet
  facet normal 0 -0.8866 -0.462536
    outer loop
      vertex 88 247.895 -23.675
      vertex 84 248.002 -23.8801
      vertex 88 248.002 -23.8801
    endloop
  endfacet
  facet normal 0 -0.84384 -0.536595
    outer loop
      vertex 84 247.895 -23.675
      vertex 88 247.771 -23.48
      vertex 84 247.771 -23.48
    endloop
  endfacet
  facet normal 0 -0.84384 -0.536595
    outer loop
      vertex 88 247.771 -23.48
      vertex 84 247.895 -23.675
      vertex 88 247.895 -23.675
    endloop
  endfacet
  facet normal 0 -0.999064 -0.0432495
    outer loop
      vertex 84 248.25 -25
      vertex 88 248.24 -24.769
      vertex 84 248.24 -24.769
    endloop
  endfacet
  facet normal 0 -0.999064 -0.0432495
    outer loop
      vertex 88 248.24 -24.769
      vertex 84 248.25 -25
      vertex 88 248.25 -25
    endloop
  endfacet
  facet normal 0 0.999064 0.0432495
    outer loop
      vertex 88 242.96 -25.231
      vertex 84 242.95 -25
      vertex 88 242.95 -25
    endloop
  endfacet
  facet normal 0 0.999064 0.0432495
    outer loop
      vertex 84 242.95 -25
      vertex 88 242.96 -25.231
      vertex 84 242.96 -25.231
    endloop
  endfacet
  facet normal 0 0.924544 0.381076
    outer loop
      vertex 88 243.198 -26.1199
      vertex 84 243.11 -25.9064
      vertex 88 243.11 -25.9064
    endloop
  endfacet
  facet normal 0 0.924544 0.381076
    outer loop
      vertex 84 243.11 -25.9064
      vertex 88 243.198 -26.1199
      vertex 84 243.198 -26.1199
    endloop
  endfacet
  facet normal -0 0.674433 0.738336
    outer loop
      vertex 84 243.897 -27.03
      vertex 88 243.726 -26.8738
      vertex 88 243.897 -27.03
    endloop
  endfacet
  facet normal 0 0.674433 0.738336
    outer loop
      vertex 88 243.726 -26.8738
      vertex 84 243.897 -27.03
      vertex 84 243.726 -26.8738
    endloop
  endfacet
  facet normal -0 0.609794 0.79256
    outer loop
      vertex 84 244.08 -27.1708
      vertex 88 243.897 -27.03
      vertex 88 244.08 -27.1708
    endloop
  endfacet
  facet normal 0 0.609794 0.79256
    outer loop
      vertex 88 243.897 -27.03
      vertex 84 244.08 -27.1708
      vertex 84 243.897 -27.03
    endloop
  endfacet
  facet normal 0 0.976329 -0.216289
    outer loop
      vertex 88 242.99 -24.5398
      vertex 84 243.04 -24.3141
      vertex 88 243.04 -24.3141
    endloop
  endfacet
  facet normal 0 0.976329 -0.216289
    outer loop
      vertex 84 243.04 -24.3141
      vertex 88 242.99 -24.5398
      vertex 84 242.99 -24.5398
    endloop
  endfacet
  facet normal 0 0.737585 -0.675254
    outer loop
      vertex 88 243.57 -23.2966
      vertex 84 243.726 -23.1262
      vertex 88 243.726 -23.1262
    endloop
  endfacet
  facet normal 0 0.737585 -0.675254
    outer loop
      vertex 84 243.726 -23.1262
      vertex 88 243.57 -23.2966
      vertex 84 243.57 -23.2966
    endloop
  endfacet
  facet normal 0 0.84384 -0.536595
    outer loop
      vertex 88 243.305 -23.675
      vertex 84 243.429 -23.48
      vertex 88 243.429 -23.48
    endloop
  endfacet
  facet normal 0 0.84384 -0.536595
    outer loop
      vertex 84 243.429 -23.48
      vertex 88 243.305 -23.675
      vertex 84 243.305 -23.675
    endloop
  endfacet
  facet normal 0 0.8866 -0.462536
    outer loop
      vertex 88 243.198 -23.8801
      vertex 84 243.305 -23.675
      vertex 88 243.305 -23.675
    endloop
  endfacet
  facet normal 0 0.8866 -0.462536
    outer loop
      vertex 84 243.305 -23.675
      vertex 88 243.198 -23.8801
      vertex 84 243.198 -23.8801
    endloop
  endfacet
  facet normal 0 0.991542 -0.129783
    outer loop
      vertex 88 242.96 -24.769
      vertex 84 242.99 -24.5398
      vertex 88 242.99 -24.5398
    endloop
  endfacet
  facet normal 0 0.991542 -0.129783
    outer loop
      vertex 84 242.99 -24.5398
      vertex 88 242.96 -24.769
      vertex 84 242.96 -24.769
    endloop
  endfacet
  facet normal 0 0.461693 -0.88704
    outer loop
      vertex 84 244.275 -22.705
      vertex 88 244.48 -22.5983
      vertex 88 244.275 -22.705
    endloop
  endfacet
  facet normal 0 0.461693 -0.88704
    outer loop
      vertex 88 244.48 -22.5983
      vertex 84 244.275 -22.705
      vertex 84 244.48 -22.5983
    endloop
  endfacet
  facet normal 0 0.537211 -0.843448
    outer loop
      vertex 84 244.08 -22.8292
      vertex 88 244.275 -22.705
      vertex 88 244.08 -22.8292
    endloop
  endfacet
  facet normal 0 0.537211 -0.843448
    outer loop
      vertex 88 244.275 -22.705
      vertex 84 244.08 -22.8292
      vertex 84 244.275 -22.705
    endloop
  endfacet
  facet normal 0 0.0436812 -0.999046
    outer loop
      vertex 84 245.369 -22.3601
      vertex 88 245.6 -22.35
      vertex 88 245.369 -22.3601
    endloop
  endfacet
  facet normal 0 0.0436812 -0.999046
    outer loop
      vertex 88 245.6 -22.35
      vertex 84 245.369 -22.3601
      vertex 84 245.6 -22.35
    endloop
  endfacet
  facet normal 0 -0.216015 0.97639
    outer loop
      vertex 84 246.286 -27.5597
      vertex 88 246.06 -27.6097
      vertex 88 246.286 -27.5597
    endloop
  endfacet
  facet normal 0 -0.216015 0.97639
    outer loop
      vertex 88 246.06 -27.6097
      vertex 84 246.286 -27.5597
      vertex 84 246.06 -27.6097
    endloop
  endfacet
  facet normal 0 -0.382161 0.924096
    outer loop
      vertex 84 246.72 -27.4017
      vertex 88 246.506 -27.4902
      vertex 88 246.72 -27.4017
    endloop
  endfacet
  facet normal 0 -0.382161 0.924096
    outer loop
      vertex 88 246.506 -27.4902
      vertex 84 246.72 -27.4017
      vertex 84 246.506 -27.4902
    endloop
  endfacet
  facet normal 0 -0.999064 0.0432495
    outer loop
      vertex 84 248.24 -25.231
      vertex 88 248.25 -25
      vertex 84 248.25 -25
    endloop
  endfacet
  facet normal 0 -0.999064 0.0432495
    outer loop
      vertex 88 248.25 -25
      vertex 84 248.24 -25.231
      vertex 88 248.24 -25.231
    endloop
  endfacet
  facet normal 0 -0.737585 0.675254
    outer loop
      vertex 84 247.474 -26.8738
      vertex 88 247.63 -26.7034
      vertex 84 247.63 -26.7034
    endloop
  endfacet
  facet normal 0 -0.737585 0.675254
    outer loop
      vertex 88 247.63 -26.7034
      vertex 84 247.474 -26.8738
      vertex 88 247.474 -26.8738
    endloop
  endfacet
  facet normal 0 -0.674433 -0.738336
    outer loop
      vertex 84 247.303 -22.97
      vertex 88 247.474 -23.1262
      vertex 88 247.303 -22.97
    endloop
  endfacet
  facet normal -0 -0.674433 -0.738336
    outer loop
      vertex 88 247.474 -23.1262
      vertex 84 247.303 -22.97
      vertex 84 247.474 -23.1262
    endloop
  endfacet
  facet normal 0 -0.301235 -0.95355
    outer loop
      vertex 84 246.286 -22.4403
      vertex 88 246.506 -22.5098
      vertex 88 246.286 -22.4403
    endloop
  endfacet
  facet normal -0 -0.301235 -0.95355
    outer loop
      vertex 88 246.506 -22.5098
      vertex 84 246.286 -22.4403
      vertex 84 246.506 -22.5098
    endloop
  endfacet
  facet normal 0 -0.924544 -0.381076
    outer loop
      vertex 84 248.09 -24.0936
      vertex 88 248.002 -23.8801
      vertex 84 248.002 -23.8801
    endloop
  endfacet
  facet normal 0 -0.924544 -0.381076
    outer loop
      vertex 88 248.002 -23.8801
      vertex 84 248.09 -24.0936
      vertex 88 248.09 -24.0936
    endloop
  endfacet
  facet normal 0 -0.976329 -0.216289
    outer loop
      vertex 84 248.21 -24.5398
      vertex 88 248.16 -24.3141
      vertex 84 248.16 -24.3141
    endloop
  endfacet
  facet normal 0 -0.976329 -0.216289
    outer loop
      vertex 88 248.16 -24.3141
      vertex 84 248.21 -24.5398
      vertex 88 248.21 -24.5398
    endloop
  endfacet
  facet normal -0 0.0436812 0.999046
    outer loop
      vertex 84 245.6 -27.65
      vertex 88 245.369 -27.6399
      vertex 88 245.6 -27.65
    endloop
  endfacet
  facet normal 0 0.0436812 0.999046
    outer loop
      vertex 88 245.369 -27.6399
      vertex 84 245.6 -27.65
      vertex 84 245.369 -27.6399
    endloop
  endfacet
  facet normal 0 0.991542 0.129783
    outer loop
      vertex 88 242.99 -25.4602
      vertex 84 242.96 -25.231
      vertex 88 242.96 -25.231
    endloop
  endfacet
  facet normal 0 0.991542 0.129783
    outer loop
      vertex 84 242.96 -25.231
      vertex 88 242.99 -25.4602
      vertex 84 242.99 -25.4602
    endloop
  endfacet
  facet normal 0 0.953124 0.302579
    outer loop
      vertex 88 243.11 -25.9064
      vertex 84 243.04 -25.6859
      vertex 88 243.04 -25.6859
    endloop
  endfacet
  facet normal 0 0.953124 0.302579
    outer loop
      vertex 84 243.04 -25.6859
      vertex 88 243.11 -25.9064
      vertex 84 243.11 -25.9064
    endloop
  endfacet
  facet normal 0 0.84384 0.536595
    outer loop
      vertex 88 243.429 -26.52
      vertex 84 243.305 -26.325
      vertex 88 243.305 -26.325
    endloop
  endfacet
  facet normal 0 0.84384 0.536595
    outer loop
      vertex 84 243.305 -26.325
      vertex 88 243.429 -26.52
      vertex 84 243.429 -26.52
    endloop
  endfacet
  facet normal 0 0.8866 0.462536
    outer loop
      vertex 88 243.305 -26.325
      vertex 84 243.198 -26.1199
      vertex 88 243.198 -26.1199
    endloop
  endfacet
  facet normal 0 0.8866 0.462536
    outer loop
      vertex 84 243.198 -26.1199
      vertex 88 243.305 -26.325
      vertex 84 243.305 -26.325
    endloop
  endfacet
  facet normal -0 0.382161 0.924096
    outer loop
      vertex 84 244.694 -27.4902
      vertex 88 244.48 -27.4017
      vertex 88 244.694 -27.4902
    endloop
  endfacet
  facet normal 0 0.382161 0.924096
    outer loop
      vertex 88 244.48 -27.4017
      vertex 84 244.694 -27.4902
      vertex 84 244.48 -27.4017
    endloop
  endfacet
  facet normal -0 0.216015 0.97639
    outer loop
      vertex 84 245.14 -27.6097
      vertex 88 244.914 -27.5597
      vertex 88 245.14 -27.6097
    endloop
  endfacet
  facet normal 0 0.216015 0.97639
    outer loop
      vertex 88 244.914 -27.5597
      vertex 84 245.14 -27.6097
      vertex 84 244.914 -27.5597
    endloop
  endfacet
  facet normal -0 0.130746 0.991416
    outer loop
      vertex 84 245.369 -27.6399
      vertex 88 245.14 -27.6097
      vertex 88 245.369 -27.6399
    endloop
  endfacet
  facet normal 0 0.130746 0.991416
    outer loop
      vertex 88 245.14 -27.6097
      vertex 84 245.369 -27.6399
      vertex 84 245.14 -27.6097
    endloop
  endfacet
  facet normal 0 0.792785 -0.609502
    outer loop
      vertex 88 243.429 -23.48
      vertex 84 243.57 -23.2966
      vertex 88 243.57 -23.2966
    endloop
  endfacet
  facet normal 0 0.792785 -0.609502
    outer loop
      vertex 84 243.57 -23.2966
      vertex 88 243.429 -23.48
      vertex 84 243.429 -23.48
    endloop
  endfacet
  facet normal 0 0.382161 -0.924096
    outer loop
      vertex 84 244.48 -22.5983
      vertex 88 244.694 -22.5098
      vertex 88 244.48 -22.5983
    endloop
  endfacet
  facet normal 0 0.382161 -0.924096
    outer loop
      vertex 88 244.694 -22.5098
      vertex 84 244.48 -22.5983
      vertex 84 244.694 -22.5098
    endloop
  endfacet
  facet normal 0 0.301235 -0.95355
    outer loop
      vertex 84 244.694 -22.5098
      vertex 88 244.914 -22.4403
      vertex 88 244.694 -22.5098
    endloop
  endfacet
  facet normal 0 0.301235 -0.95355
    outer loop
      vertex 88 244.914 -22.4403
      vertex 84 244.694 -22.5098
      vertex 84 244.914 -22.4403
    endloop
  endfacet
  facet normal 0 -0.792785 0.609502
    outer loop
      vertex 84 247.63 -26.7034
      vertex 88 247.771 -26.52
      vertex 84 247.771 -26.52
    endloop
  endfacet
  facet normal 0 -0.792785 0.609502
    outer loop
      vertex 88 247.771 -26.52
      vertex 84 247.63 -26.7034
      vertex 88 247.63 -26.7034
    endloop
  endfacet
  facet normal 0 0.792785 0.609502
    outer loop
      vertex 88 243.57 -26.7034
      vertex 84 243.429 -26.52
      vertex 88 243.429 -26.52
    endloop
  endfacet
  facet normal 0 0.792785 0.609502
    outer loop
      vertex 84 243.429 -26.52
      vertex 88 243.57 -26.7034
      vertex 84 243.57 -26.7034
    endloop
  endfacet
  facet normal -0 0.461693 0.88704
    outer loop
      vertex 84 244.48 -27.4017
      vertex 88 244.275 -27.295
      vertex 88 244.48 -27.4017
    endloop
  endfacet
  facet normal 0 0.461693 0.88704
    outer loop
      vertex 88 244.275 -27.295
      vertex 84 244.48 -27.4017
      vertex 84 244.275 -27.295
    endloop
  endfacet
endsolid OpenSCAD_Model
