solid OpenSCAD_Model
  facet normal -0.999041 -0.0437765 0
    outer loop
      vertex -43.9973 -37.617 0
      vertex -44.0057 -37.4253 3
      vertex -44.0057 -37.4253 0
    endloop
  endfacet
  facet normal -0.999041 -0.0437765 0
    outer loop
      vertex -44.0057 -37.4253 3
      vertex -43.9973 -37.617 0
      vertex -43.9973 -37.617 3
    endloop
  endfacet
  facet normal 0.999064 -0.0432563 0
    outer loop
      vertex -48.3973 -37.617 3
      vertex -48.389 -37.4253 0
      vertex -48.389 -37.4253 3
    endloop
  endfacet
  facet normal 0.999064 -0.0432563 0
    outer loop
      vertex -48.389 -37.4253 0
      vertex -48.3973 -37.617 3
      vertex -48.3973 -37.617 0
    endloop
  endfacet
  facet normal 0.0437537 -0.999042 0
    outer loop
      vertex -46.3891 -35.4254 0
      vertex -46.1973 -35.417 3
      vertex -46.3891 -35.4254 3
    endloop
  endfacet
  facet normal 0.0437537 -0.999042 0
    outer loop
      vertex -46.1973 -35.417 3
      vertex -46.3891 -35.4254 0
      vertex -46.1973 -35.417 0
    endloop
  endfacet
  facet normal -0.0437765 0.999041 0
    outer loop
      vertex -46.0056 -39.8086 0
      vertex -46.1973 -39.817 3
      vertex -46.0056 -39.8086 3
    endloop
  endfacet
  facet normal -0.0437765 0.999041 0
    outer loop
      vertex -46.1973 -39.817 3
      vertex -46.0056 -39.8086 0
      vertex -46.1973 -39.817 0
    endloop
  endfacet
  facet normal -0.675701 -0.737176 0
    outer loop
      vertex -44.7832 -35.9317 0
      vertex -44.6417 -36.0614 3
      vertex -44.7832 -35.9317 3
    endloop
  endfacet
  facet normal -0.675701 -0.737176 -0
    outer loop
      vertex -44.6417 -36.0614 3
      vertex -44.7832 -35.9317 0
      vertex -44.6417 -36.0614 0
    endloop
  endfacet
  facet normal 0.737435 -0.675418 0
    outer loop
      vertex -47.8826 -36.2029 3
      vertex -47.753 -36.0614 0
      vertex -47.753 -36.0614 3
    endloop
  endfacet
  facet normal 0.737435 -0.675418 0
    outer loop
      vertex -47.753 -36.0614 0
      vertex -47.8826 -36.2029 3
      vertex -47.8826 -36.2029 0
    endloop
  endfacet
  facet normal 0.382505 -0.923953 0
    outer loop
      vertex -47.1271 -35.6231 0
      vertex -46.9498 -35.5497 3
      vertex -47.1271 -35.6231 3
    endloop
  endfacet
  facet normal 0.382505 -0.923953 0
    outer loop
      vertex -46.9498 -35.5497 3
      vertex -47.1271 -35.6231 0
      vertex -46.9498 -35.5497 0
    endloop
  endfacet
  facet normal -0.887012 -0.461747 0
    outer loop
      vertex -44.2035 -36.6872 0
      vertex -44.2921 -36.517 3
      vertex -44.2921 -36.517 0
    endloop
  endfacet
  facet normal -0.887012 -0.461747 0
    outer loop
      vertex -44.2921 -36.517 3
      vertex -44.2035 -36.6872 0
      vertex -44.2035 -36.6872 3
    endloop
  endfacet
  facet normal -0.300707 -0.953716 0
    outer loop
      vertex -45.6279 -35.492 0
      vertex -45.4449 -35.5497 3
      vertex -45.6279 -35.492 3
    endloop
  endfacet
  facet normal -0.300707 -0.953716 -0
    outer loop
      vertex -45.4449 -35.5497 3
      vertex -45.6279 -35.492 0
      vertex -45.4449 -35.5497 0
    endloop
  endfacet
  facet normal -0.537752 -0.843103 0
    outer loop
      vertex -45.0973 -35.7117 0
      vertex -44.9355 -35.8149 3
      vertex -45.0973 -35.7117 3
    endloop
  endfacet
  facet normal -0.537752 -0.843103 -0
    outer loop
      vertex -44.9355 -35.8149 3
      vertex -45.0973 -35.7117 0
      vertex -44.9355 -35.8149 0
    endloop
  endfacet
  facet normal 0.923769 -0.38295 0
    outer loop
      vertex -48.2647 -36.8645 3
      vertex -48.1912 -36.6872 0
      vertex -48.1912 -36.6872 3
    endloop
  endfacet
  facet normal 0.923769 -0.38295 0
    outer loop
      vertex -48.1912 -36.6872 0
      vertex -48.2647 -36.8645 3
      vertex -48.2647 -36.8645 0
    endloop
  endfacet
  facet normal 0.21682 -0.976212 0
    outer loop
      vertex -46.7667 -35.492 0
      vertex -46.5794 -35.4504 3
      vertex -46.7667 -35.492 3
    endloop
  endfacet
  facet normal 0.21682 -0.976212 0
    outer loop
      vertex -46.5794 -35.4504 3
      vertex -46.7667 -35.492 0
      vertex -46.5794 -35.4504 0
    endloop
  endfacet
  facet normal -0.976346 0.216213 0
    outer loop
      vertex -44.0723 -38.1864 0
      vertex -44.0308 -37.999 3
      vertex -44.0308 -37.999 0
    endloop
  endfacet
  facet normal -0.976346 0.216213 0
    outer loop
      vertex -44.0308 -37.999 3
      vertex -44.0723 -38.1864 0
      vertex -44.0723 -38.1864 3
    endloop
  endfacet
  facet normal -0.976346 -0.216213 0
    outer loop
      vertex -44.0308 -37.235 0
      vertex -44.0723 -37.0476 3
      vertex -44.0723 -37.0476 0
    endloop
  endfacet
  facet normal -0.976346 -0.216213 0
    outer loop
      vertex -44.0723 -37.0476 3
      vertex -44.0308 -37.235 0
      vertex -44.0308 -37.235 3
    endloop
  endfacet
  facet normal -0.991413 -0.130764 0
    outer loop
      vertex -44.0057 -37.4253 0
      vertex -44.0308 -37.235 3
      vertex -44.0308 -37.235 0
    endloop
  endfacet
  facet normal -0.991413 -0.130764 0
    outer loop
      vertex -44.0308 -37.235 3
      vertex -44.0057 -37.4253 0
      vertex -44.0057 -37.4253 3
    endloop
  endfacet
  facet normal -0.793321 -0.608804 0
    outer loop
      vertex -44.3952 -36.3551 0
      vertex -44.512 -36.2029 3
      vertex -44.512 -36.2029 0
    endloop
  endfacet
  facet normal -0.793321 -0.608804 0
    outer loop
      vertex -44.512 -36.2029 3
      vertex -44.3952 -36.3551 0
      vertex -44.3952 -36.3551 3
    endloop
  endfacet
  facet normal -0.737176 -0.675701 0
    outer loop
      vertex -44.512 -36.2029 0
      vertex -44.6417 -36.0614 3
      vertex -44.6417 -36.0614 0
    endloop
  endfacet
  facet normal -0.737176 -0.675701 0
    outer loop
      vertex -44.6417 -36.0614 3
      vertex -44.512 -36.2029 0
      vertex -44.512 -36.2029 3
    endloop
  endfacet
  facet normal -0.84349 -0.537145 0
    outer loop
      vertex -44.2921 -36.517 0
      vertex -44.3952 -36.3551 3
      vertex -44.3952 -36.3551 0
    endloop
  endfacet
  facet normal -0.84349 -0.537145 0
    outer loop
      vertex -44.3952 -36.3551 3
      vertex -44.2921 -36.517 0
      vertex -44.2921 -36.517 3
    endloop
  endfacet
  facet normal -0.130252 -0.991481 0
    outer loop
      vertex -46.0056 -35.4254 0
      vertex -45.8153 -35.4504 3
      vertex -46.0056 -35.4254 3
    endloop
  endfacet
  facet normal -0.130252 -0.991481 -0
    outer loop
      vertex -45.8153 -35.4504 3
      vertex -46.0056 -35.4254 0
      vertex -45.8153 -35.4504 0
    endloop
  endfacet
  facet normal -0.21671 -0.976236 0
    outer loop
      vertex -45.8153 -35.4504 0
      vertex -45.6279 -35.492 3
      vertex -45.8153 -35.4504 3
    endloop
  endfacet
  facet normal -0.21671 -0.976236 -0
    outer loop
      vertex -45.6279 -35.492 3
      vertex -45.8153 -35.4504 0
      vertex -45.6279 -35.492 0
    endloop
  endfacet
  facet normal -0.0437765 -0.999041 0
    outer loop
      vertex -46.1973 -35.417 0
      vertex -46.0056 -35.4254 3
      vertex -46.1973 -35.417 3
    endloop
  endfacet
  facet normal -0.0437765 -0.999041 -0
    outer loop
      vertex -46.0056 -35.4254 3
      vertex -46.1973 -35.417 0
      vertex -46.0056 -35.4254 0
    endloop
  endfacet
  facet normal -0.461533 -0.887123 0
    outer loop
      vertex -45.2676 -35.6231 0
      vertex -45.0973 -35.7117 3
      vertex -45.2676 -35.6231 3
    endloop
  endfacet
  facet normal -0.461533 -0.887123 -0
    outer loop
      vertex -45.0973 -35.7117 3
      vertex -45.2676 -35.6231 0
      vertex -45.0973 -35.7117 0
    endloop
  endfacet
  facet normal -0.608552 -0.793514 0
    outer loop
      vertex -44.9355 -35.8149 0
      vertex -44.7832 -35.9317 3
      vertex -44.9355 -35.8149 3
    endloop
  endfacet
  facet normal -0.608552 -0.793514 -0
    outer loop
      vertex -44.7832 -35.9317 3
      vertex -44.9355 -35.8149 0
      vertex -44.7832 -35.9317 0
    endloop
  endfacet
  facet normal 0.976346 -0.216213 0
    outer loop
      vertex -48.3639 -37.235 3
      vertex -48.3224 -37.0476 0
      vertex -48.3224 -37.0476 3
    endloop
  endfacet
  facet normal 0.976346 -0.216213 0
    outer loop
      vertex -48.3224 -37.0476 0
      vertex -48.3639 -37.235 3
      vertex -48.3639 -37.235 0
    endloop
  endfacet
  facet normal 0.84349 -0.537145 0
    outer loop
      vertex -48.1026 -36.517 3
      vertex -47.9995 -36.3551 0
      vertex -47.9995 -36.3551 3
    endloop
  endfacet
  facet normal 0.84349 -0.537145 0
    outer loop
      vertex -47.9995 -36.3551 0
      vertex -48.1026 -36.517 3
      vertex -48.1026 -36.517 0
    endloop
  endfacet
  facet normal 0.793069 -0.609131 0
    outer loop
      vertex -47.9995 -36.3551 3
      vertex -47.8826 -36.2029 0
      vertex -47.8826 -36.2029 3
    endloop
  endfacet
  facet normal 0.793069 -0.609131 0
    outer loop
      vertex -47.8826 -36.2029 0
      vertex -47.9995 -36.3551 3
      vertex -47.9995 -36.3551 0
    endloop
  endfacet
  facet normal 0.887012 -0.461747 0
    outer loop
      vertex -48.1912 -36.6872 3
      vertex -48.1026 -36.517 0
      vertex -48.1026 -36.517 3
    endloop
  endfacet
  facet normal 0.887012 -0.461747 0
    outer loop
      vertex -48.1026 -36.517 0
      vertex -48.1912 -36.6872 3
      vertex -48.1912 -36.6872 0
    endloop
  endfacet
  facet normal 0.953764 -0.300558 0
    outer loop
      vertex -48.3224 -37.0476 3
      vertex -48.2647 -36.8645 0
      vertex -48.2647 -36.8645 3
    endloop
  endfacet
  facet normal 0.953764 -0.300558 0
    outer loop
      vertex -48.2647 -36.8645 0
      vertex -48.3224 -37.0476 3
      vertex -48.3224 -37.0476 0
    endloop
  endfacet
  facet normal 0.991413 -0.130764 0
    outer loop
      vertex -48.389 -37.4253 3
      vertex -48.3639 -37.235 0
      vertex -48.3639 -37.235 3
    endloop
  endfacet
  facet normal 0.991413 -0.130764 0
    outer loop
      vertex -48.3639 -37.235 0
      vertex -48.389 -37.4253 3
      vertex -48.389 -37.4253 0
    endloop
  endfacet
  facet normal 0.608552 -0.793514 0
    outer loop
      vertex -47.6115 -35.9317 0
      vertex -47.4592 -35.8149 3
      vertex -47.6115 -35.9317 3
    endloop
  endfacet
  facet normal 0.608552 -0.793514 0
    outer loop
      vertex -47.4592 -35.8149 3
      vertex -47.6115 -35.9317 0
      vertex -47.4592 -35.8149 0
    endloop
  endfacet
  facet normal 0.461747 -0.887012 0
    outer loop
      vertex -47.2973 -35.7117 0
      vertex -47.1271 -35.6231 3
      vertex -47.2973 -35.7117 3
    endloop
  endfacet
  facet normal 0.461747 -0.887012 0
    outer loop
      vertex -47.1271 -35.6231 3
      vertex -47.2973 -35.7117 0
      vertex -47.1271 -35.6231 0
    endloop
  endfacet
  facet normal 0.675701 -0.737176 0
    outer loop
      vertex -47.753 -36.0614 0
      vertex -47.6115 -35.9317 3
      vertex -47.753 -36.0614 3
    endloop
  endfacet
  facet normal 0.675701 -0.737176 0
    outer loop
      vertex -47.6115 -35.9317 3
      vertex -47.753 -36.0614 0
      vertex -47.6115 -35.9317 0
    endloop
  endfacet
  facet normal 0.300558 -0.953764 0
    outer loop
      vertex -46.9498 -35.5497 0
      vertex -46.7667 -35.492 3
      vertex -46.9498 -35.5497 3
    endloop
  endfacet
  facet normal 0.300558 -0.953764 0
    outer loop
      vertex -46.7667 -35.492 3
      vertex -46.9498 -35.5497 0
      vertex -46.7667 -35.492 0
    endloop
  endfacet
  facet normal 0.130252 -0.991481 0
    outer loop
      vertex -46.5794 -35.4504 0
      vertex -46.3891 -35.4254 3
      vertex -46.5794 -35.4504 3
    endloop
  endfacet
  facet normal 0.130252 -0.991481 0
    outer loop
      vertex -46.3891 -35.4254 3
      vertex -46.5794 -35.4504 0
      vertex -46.3891 -35.4254 0
    endloop
  endfacet
  facet normal -0.999041 0.0437765 0
    outer loop
      vertex -44.0057 -37.8087 0
      vertex -43.9973 -37.617 3
      vertex -43.9973 -37.617 0
    endloop
  endfacet
  facet normal -0.999041 0.0437765 0
    outer loop
      vertex -43.9973 -37.617 3
      vertex -44.0057 -37.8087 0
      vertex -44.0057 -37.8087 3
    endloop
  endfacet
  facet normal -0.737176 0.675701 0
    outer loop
      vertex -44.6417 -39.1726 0
      vertex -44.512 -39.0311 3
      vertex -44.512 -39.0311 0
    endloop
  endfacet
  facet normal -0.737176 0.675701 0
    outer loop
      vertex -44.512 -39.0311 3
      vertex -44.6417 -39.1726 0
      vertex -44.6417 -39.1726 3
    endloop
  endfacet
  facet normal -0.887012 0.461747 0
    outer loop
      vertex -44.2921 -38.717 0
      vertex -44.2035 -38.5468 3
      vertex -44.2035 -38.5468 0
    endloop
  endfacet
  facet normal -0.887012 0.461747 0
    outer loop
      vertex -44.2035 -38.5468 3
      vertex -44.2921 -38.717 0
      vertex -44.2921 -38.717 3
    endloop
  endfacet
  facet normal -0.923769 -0.38295 0
    outer loop
      vertex -44.13 -36.8645 0
      vertex -44.2035 -36.6872 3
      vertex -44.2035 -36.6872 0
    endloop
  endfacet
  facet normal -0.923769 -0.38295 0
    outer loop
      vertex -44.2035 -36.6872 3
      vertex -44.13 -36.8645 0
      vertex -44.13 -36.8645 3
    endloop
  endfacet
  facet normal -0.953764 -0.300558 0
    outer loop
      vertex -44.0723 -37.0476 0
      vertex -44.13 -36.8645 3
      vertex -44.13 -36.8645 0
    endloop
  endfacet
  facet normal -0.953764 -0.300558 0
    outer loop
      vertex -44.13 -36.8645 3
      vertex -44.0723 -37.0476 0
      vertex -44.0723 -37.0476 3
    endloop
  endfacet
  facet normal -0.382505 -0.923953 0
    outer loop
      vertex -45.4449 -35.5497 0
      vertex -45.2676 -35.6231 3
      vertex -45.4449 -35.5497 3
    endloop
  endfacet
  facet normal -0.382505 -0.923953 -0
    outer loop
      vertex -45.2676 -35.6231 3
      vertex -45.4449 -35.5497 0
      vertex -45.2676 -35.6231 0
    endloop
  endfacet
  facet normal 0.537516 -0.843254 0
    outer loop
      vertex -47.4592 -35.8149 0
      vertex -47.2973 -35.7117 3
      vertex -47.4592 -35.8149 3
    endloop
  endfacet
  facet normal 0.537516 -0.843254 0
    outer loop
      vertex -47.2973 -35.7117 3
      vertex -47.4592 -35.8149 0
      vertex -47.2973 -35.7117 0
    endloop
  endfacet
  facet normal -0.991413 0.130764 0
    outer loop
      vertex -44.0308 -37.999 0
      vertex -44.0057 -37.8087 3
      vertex -44.0057 -37.8087 0
    endloop
  endfacet
  facet normal -0.991413 0.130764 0
    outer loop
      vertex -44.0057 -37.8087 3
      vertex -44.0308 -37.999 0
      vertex -44.0308 -37.999 3
    endloop
  endfacet
  facet normal -0.793321 0.608804 0
    outer loop
      vertex -44.512 -39.0311 0
      vertex -44.3952 -38.8789 3
      vertex -44.3952 -38.8789 0
    endloop
  endfacet
  facet normal -0.793321 0.608804 0
    outer loop
      vertex -44.3952 -38.8789 3
      vertex -44.512 -39.0311 0
      vertex -44.512 -39.0311 3
    endloop
  endfacet
  facet normal -0.537381 0.843339 0
    outer loop
      vertex -44.9355 -39.4191 0
      vertex -45.0973 -39.5222 3
      vertex -44.9355 -39.4191 3
    endloop
  endfacet
  facet normal -0.537381 0.843339 0
    outer loop
      vertex -45.0973 -39.5222 3
      vertex -44.9355 -39.4191 0
      vertex -45.0973 -39.5222 0
    endloop
  endfacet
  facet normal -0.675701 0.737176 0
    outer loop
      vertex -44.6417 -39.1726 0
      vertex -44.7832 -39.3023 3
      vertex -44.6417 -39.1726 3
    endloop
  endfacet
  facet normal -0.675701 0.737176 0
    outer loop
      vertex -44.7832 -39.3023 3
      vertex -44.6417 -39.1726 0
      vertex -44.7832 -39.3023 0
    endloop
  endfacet
  facet normal -0.923845 0.382766 0
    outer loop
      vertex -44.2035 -38.5468 0
      vertex -44.13 -38.3694 3
      vertex -44.13 -38.3694 0
    endloop
  endfacet
  facet normal -0.923845 0.382766 0
    outer loop
      vertex -44.13 -38.3694 3
      vertex -44.2035 -38.5468 0
      vertex -44.2035 -38.5468 3
    endloop
  endfacet
  facet normal 0.300558 0.953764 -0
    outer loop
      vertex -46.7667 -39.742 0
      vertex -46.9498 -39.6843 3
      vertex -46.7667 -39.742 3
    endloop
  endfacet
  facet normal 0.300558 0.953764 0
    outer loop
      vertex -46.9498 -39.6843 3
      vertex -46.7667 -39.742 0
      vertex -46.9498 -39.6843 0
    endloop
  endfacet
  facet normal 0.737435 0.675418 0
    outer loop
      vertex -47.753 -39.1726 3
      vertex -47.8826 -39.0311 0
      vertex -47.8826 -39.0311 3
    endloop
  endfacet
  facet normal 0.737435 0.675418 0
    outer loop
      vertex -47.8826 -39.0311 0
      vertex -47.753 -39.1726 3
      vertex -47.753 -39.1726 0
    endloop
  endfacet
  facet normal -0.461943 0.88691 0
    outer loop
      vertex -45.0973 -39.5222 0
      vertex -45.2676 -39.6109 3
      vertex -45.0973 -39.5222 3
    endloop
  endfacet
  facet normal -0.461943 0.88691 0
    outer loop
      vertex -45.2676 -39.6109 3
      vertex -45.0973 -39.5222 0
      vertex -45.2676 -39.6109 0
    endloop
  endfacet
  facet normal -0.382505 0.923953 0
    outer loop
      vertex -45.2676 -39.6109 0
      vertex -45.4449 -39.6843 3
      vertex -45.2676 -39.6109 3
    endloop
  endfacet
  facet normal -0.382505 0.923953 0
    outer loop
      vertex -45.4449 -39.6843 3
      vertex -45.2676 -39.6109 0
      vertex -45.4449 -39.6843 0
    endloop
  endfacet
  facet normal -0.953716 0.300707 0
    outer loop
      vertex -44.13 -38.3694 0
      vertex -44.0723 -38.1864 3
      vertex -44.0723 -38.1864 0
    endloop
  endfacet
  facet normal -0.953716 0.300707 0
    outer loop
      vertex -44.0723 -38.1864 3
      vertex -44.13 -38.3694 0
      vertex -44.13 -38.3694 3
    endloop
  endfacet
  facet normal 0.0437537 0.999042 -0
    outer loop
      vertex -46.1973 -39.817 0
      vertex -46.3891 -39.8086 3
      vertex -46.1973 -39.817 3
    endloop
  endfacet
  facet normal 0.0437537 0.999042 0
    outer loop
      vertex -46.3891 -39.8086 3
      vertex -46.1973 -39.817 0
      vertex -46.3891 -39.8086 0
    endloop
  endfacet
  facet normal 0.382505 0.923953 -0
    outer loop
      vertex -46.9498 -39.6843 0
      vertex -47.1271 -39.6109 3
      vertex -46.9498 -39.6843 3
    endloop
  endfacet
  facet normal 0.382505 0.923953 0
    outer loop
      vertex -47.1271 -39.6109 3
      vertex -46.9498 -39.6843 0
      vertex -47.1271 -39.6109 0
    endloop
  endfacet
  facet normal 0.675701 0.737176 -0
    outer loop
      vertex -47.6115 -39.3023 0
      vertex -47.753 -39.1726 3
      vertex -47.6115 -39.3023 3
    endloop
  endfacet
  facet normal 0.675701 0.737176 0
    outer loop
      vertex -47.753 -39.1726 3
      vertex -47.6115 -39.3023 0
      vertex -47.753 -39.1726 0
    endloop
  endfacet
  facet normal 0.923845 0.382766 0
    outer loop
      vertex -48.1912 -38.5468 3
      vertex -48.2647 -38.3694 0
      vertex -48.2647 -38.3694 3
    endloop
  endfacet
  facet normal 0.923845 0.382766 0
    outer loop
      vertex -48.2647 -38.3694 0
      vertex -48.1912 -38.5468 3
      vertex -48.1912 -38.5468 0
    endloop
  endfacet
  facet normal 0.953716 0.300707 0
    outer loop
      vertex -48.2647 -38.3694 3
      vertex -48.3224 -38.1864 0
      vertex -48.3224 -38.1864 3
    endloop
  endfacet
  facet normal 0.953716 0.300707 0
    outer loop
      vertex -48.3224 -38.1864 0
      vertex -48.2647 -38.3694 3
      vertex -48.2647 -38.3694 0
    endloop
  endfacet
  facet normal 0.991413 0.130764 0
    outer loop
      vertex -48.3639 -37.999 3
      vertex -48.389 -37.8087 0
      vertex -48.389 -37.8087 3
    endloop
  endfacet
  facet normal 0.991413 0.130764 0
    outer loop
      vertex -48.389 -37.8087 0
      vertex -48.3639 -37.999 3
      vertex -48.3639 -37.999 0
    endloop
  endfacet
  facet normal 0.999064 0.0432563 0
    outer loop
      vertex -48.389 -37.8087 3
      vertex -48.3973 -37.617 0
      vertex -48.3973 -37.617 3
    endloop
  endfacet
  facet normal 0.999064 0.0432563 0
    outer loop
      vertex -48.3973 -37.617 0
      vertex -48.389 -37.8087 3
      vertex -48.389 -37.8087 0
    endloop
  endfacet
  facet normal -0.21671 0.976236 0
    outer loop
      vertex -45.6279 -39.742 0
      vertex -45.8153 -39.7836 3
      vertex -45.6279 -39.742 3
    endloop
  endfacet
  facet normal -0.21671 0.976236 0
    outer loop
      vertex -45.8153 -39.7836 3
      vertex -45.6279 -39.742 0
      vertex -45.8153 -39.7836 0
    endloop
  endfacet
  facet normal -0.130252 0.991481 0
    outer loop
      vertex -45.8153 -39.7836 0
      vertex -46.0056 -39.8086 3
      vertex -45.8153 -39.7836 3
    endloop
  endfacet
  facet normal -0.130252 0.991481 0
    outer loop
      vertex -46.0056 -39.8086 3
      vertex -45.8153 -39.7836 0
      vertex -46.0056 -39.8086 0
    endloop
  endfacet
  facet normal -0.84349 0.537145 0
    outer loop
      vertex -44.3952 -38.8789 0
      vertex -44.2921 -38.717 3
      vertex -44.2921 -38.717 0
    endloop
  endfacet
  facet normal -0.84349 0.537145 0
    outer loop
      vertex -44.2921 -38.717 3
      vertex -44.3952 -38.8789 0
      vertex -44.3952 -38.8789 3
    endloop
  endfacet
  facet normal -0.608552 0.793514 0
    outer loop
      vertex -44.7832 -39.3023 0
      vertex -44.9355 -39.4191 3
      vertex -44.7832 -39.3023 3
    endloop
  endfacet
  facet normal -0.608552 0.793514 0
    outer loop
      vertex -44.9355 -39.4191 3
      vertex -44.7832 -39.3023 0
      vertex -44.9355 -39.4191 0
    endloop
  endfacet
  facet normal 0.793069 0.609131 0
    outer loop
      vertex -47.8826 -39.0311 3
      vertex -47.9995 -38.8789 0
      vertex -47.9995 -38.8789 3
    endloop
  endfacet
  facet normal 0.793069 0.609131 0
    outer loop
      vertex -47.9995 -38.8789 0
      vertex -47.8826 -39.0311 3
      vertex -47.8826 -39.0311 0
    endloop
  endfacet
  facet normal 0.976346 0.216213 0
    outer loop
      vertex -48.3224 -38.1864 3
      vertex -48.3639 -37.999 0
      vertex -48.3639 -37.999 3
    endloop
  endfacet
  facet normal 0.976346 0.216213 0
    outer loop
      vertex -48.3639 -37.999 0
      vertex -48.3224 -38.1864 3
      vertex -48.3224 -38.1864 0
    endloop
  endfacet
  facet normal -0.300707 0.953716 0
    outer loop
      vertex -45.4449 -39.6843 0
      vertex -45.6279 -39.742 3
      vertex -45.4449 -39.6843 3
    endloop
  endfacet
  facet normal -0.300707 0.953716 0
    outer loop
      vertex -45.6279 -39.742 3
      vertex -45.4449 -39.6843 0
      vertex -45.6279 -39.742 0
    endloop
  endfacet
  facet normal 0.537145 0.84349 -0
    outer loop
      vertex -47.2973 -39.5222 0
      vertex -47.4592 -39.4191 3
      vertex -47.2973 -39.5222 3
    endloop
  endfacet
  facet normal 0.537145 0.84349 0
    outer loop
      vertex -47.4592 -39.4191 3
      vertex -47.2973 -39.5222 0
      vertex -47.4592 -39.4191 0
    endloop
  endfacet
  facet normal 0.608552 0.793514 -0
    outer loop
      vertex -47.4592 -39.4191 0
      vertex -47.6115 -39.3023 3
      vertex -47.4592 -39.4191 3
    endloop
  endfacet
  facet normal 0.608552 0.793514 0
    outer loop
      vertex -47.6115 -39.3023 3
      vertex -47.4592 -39.4191 0
      vertex -47.6115 -39.3023 0
    endloop
  endfacet
  facet normal 0.21682 0.976212 -0
    outer loop
      vertex -46.5794 -39.7836 0
      vertex -46.7667 -39.742 3
      vertex -46.5794 -39.7836 3
    endloop
  endfacet
  facet normal 0.21682 0.976212 0
    outer loop
      vertex -46.7667 -39.742 3
      vertex -46.5794 -39.7836 0
      vertex -46.7667 -39.742 0
    endloop
  endfacet
  facet normal 0.130252 0.991481 -0
    outer loop
      vertex -46.3891 -39.8086 0
      vertex -46.5794 -39.7836 3
      vertex -46.3891 -39.8086 3
    endloop
  endfacet
  facet normal 0.130252 0.991481 0
    outer loop
      vertex -46.5794 -39.7836 3
      vertex -46.3891 -39.8086 0
      vertex -46.5794 -39.7836 0
    endloop
  endfacet
  facet normal 0.84349 0.537145 0
    outer loop
      vertex -47.9995 -38.8789 3
      vertex -48.1026 -38.717 0
      vertex -48.1026 -38.717 3
    endloop
  endfacet
  facet normal 0.84349 0.537145 0
    outer loop
      vertex -48.1026 -38.717 0
      vertex -47.9995 -38.8789 3
      vertex -47.9995 -38.8789 0
    endloop
  endfacet
  facet normal 0.887012 0.461747 0
    outer loop
      vertex -48.1026 -38.717 3
      vertex -48.1912 -38.5468 0
      vertex -48.1912 -38.5468 3
    endloop
  endfacet
  facet normal 0.887012 0.461747 0
    outer loop
      vertex -48.1912 -38.5468 0
      vertex -48.1026 -38.717 3
      vertex -48.1026 -38.717 0
    endloop
  endfacet
  facet normal 0.462156 0.886798 -0
    outer loop
      vertex -47.1271 -39.6109 0
      vertex -47.2973 -39.5222 3
      vertex -47.1271 -39.6109 3
    endloop
  endfacet
  facet normal 0.462156 0.886798 0
    outer loop
      vertex -47.2973 -39.5222 3
      vertex -47.1271 -39.6109 0
      vertex -47.2973 -39.5222 0
    endloop
  endfacet
  facet normal -0.999041 -0.0437765 0
    outer loop
      vertex 16.915 -57.7295 0
      vertex 16.9066 -57.5378 3
      vertex 16.9066 -57.5378 0
    endloop
  endfacet
  facet normal -0.999041 -0.0437765 0
    outer loop
      vertex 16.9066 -57.5378 3
      vertex 16.915 -57.7295 0
      vertex 16.915 -57.7295 3
    endloop
  endfacet
  facet normal 0.999041 -0.0437765 0
    outer loop
      vertex 12.515 -57.7295 3
      vertex 12.5234 -57.5378 0
      vertex 12.5234 -57.5378 3
    endloop
  endfacet
  facet normal 0.999041 -0.0437765 0
    outer loop
      vertex 12.5234 -57.5378 0
      vertex 12.515 -57.7295 3
      vertex 12.515 -57.7295 0
    endloop
  endfacet
  facet normal 0.0437537 -0.999042 0
    outer loop
      vertex 14.5232 -55.5379 0
      vertex 14.715 -55.5295 3
      vertex 14.5232 -55.5379 3
    endloop
  endfacet
  facet normal 0.0437537 -0.999042 0
    outer loop
      vertex 14.715 -55.5295 3
      vertex 14.5232 -55.5379 0
      vertex 14.715 -55.5295 0
    endloop
  endfacet
  facet normal -0.675418 -0.737435 0
    outer loop
      vertex 16.1291 -56.0443 0
      vertex 16.2706 -56.1739 3
      vertex 16.1291 -56.0443 3
    endloop
  endfacet
  facet normal -0.675418 -0.737435 -0
    outer loop
      vertex 16.2706 -56.1739 3
      vertex 16.1291 -56.0443 0
      vertex 16.2706 -56.1739 0
    endloop
  endfacet
  facet normal 0.737435 -0.675418 0
    outer loop
      vertex 13.0297 -56.3154 3
      vertex 13.1593 -56.1739 0
      vertex 13.1593 -56.1739 3
    endloop
  endfacet
  facet normal 0.737435 -0.675418 0
    outer loop
      vertex 13.1593 -56.1739 0
      vertex 13.0297 -56.3154 3
      vertex 13.0297 -56.3154 0
    endloop
  endfacet
  facet normal 0.38295 -0.923769 0
    outer loop
      vertex 13.7852 -55.7357 0
      vertex 13.9625 -55.6622 3
      vertex 13.7852 -55.7357 3
    endloop
  endfacet
  facet normal 0.38295 -0.923769 0
    outer loop
      vertex 13.9625 -55.6622 3
      vertex 13.7852 -55.7357 0
      vertex 13.9625 -55.6622 0
    endloop
  endfacet
  facet normal -0.886798 -0.462156 0
    outer loop
      vertex 16.7089 -56.7998 0
      vertex 16.6202 -56.6296 3
      vertex 16.6202 -56.6296 0
    endloop
  endfacet
  facet normal -0.886798 -0.462156 0
    outer loop
      vertex 16.6202 -56.6296 3
      vertex 16.7089 -56.7998 0
      vertex 16.7089 -56.7998 3
    endloop
  endfacet
  facet normal -0.300707 -0.953716 0
    outer loop
      vertex 15.2844 -55.6045 0
      vertex 15.4674 -55.6622 3
      vertex 15.2844 -55.6045 3
    endloop
  endfacet
  facet normal -0.300707 -0.953716 -0
    outer loop
      vertex 15.4674 -55.6622 3
      vertex 15.2844 -55.6045 0
      vertex 15.4674 -55.6622 0
    endloop
  endfacet
  facet normal -0.461533 -0.887123 0
    outer loop
      vertex 15.6447 -55.7357 0
      vertex 15.815 -55.8243 3
      vertex 15.6447 -55.7357 3
    endloop
  endfacet
  facet normal -0.461533 -0.887123 -0
    outer loop
      vertex 15.815 -55.8243 3
      vertex 15.6447 -55.7357 0
      vertex 15.815 -55.8243 0
    endloop
  endfacet
  facet normal 0.923953 -0.382505 0
    outer loop
      vertex 12.6477 -56.9771 3
      vertex 12.7211 -56.7998 0
      vertex 12.7211 -56.7998 3
    endloop
  endfacet
  facet normal 0.923953 -0.382505 0
    outer loop
      vertex 12.7211 -56.7998 0
      vertex 12.6477 -56.9771 3
      vertex 12.6477 -56.9771 0
    endloop
  endfacet
  facet normal 0.216213 -0.976346 0
    outer loop
      vertex 14.1456 -55.6045 0
      vertex 14.333 -55.563 3
      vertex 14.1456 -55.6045 3
    endloop
  endfacet
  facet normal 0.216213 -0.976346 0
    outer loop
      vertex 14.333 -55.563 3
      vertex 14.1456 -55.6045 0
      vertex 14.333 -55.563 0
    endloop
  endfacet
  facet normal 0.737435 0.675418 0
    outer loop
      vertex 13.1593 -59.2852 3
      vertex 13.0297 -59.1437 0
      vertex 13.0297 -59.1437 3
    endloop
  endfacet
  facet normal 0.737435 0.675418 0
    outer loop
      vertex 13.0297 -59.1437 0
      vertex 13.1593 -59.2852 3
      vertex 13.1593 -59.2852 0
    endloop
  endfacet
  facet normal -0.300707 0.953716 0
    outer loop
      vertex 15.4674 -59.7969 0
      vertex 15.2844 -59.8546 3
      vertex 15.4674 -59.7969 3
    endloop
  endfacet
  facet normal -0.300707 0.953716 0
    outer loop
      vertex 15.2844 -59.8546 3
      vertex 15.4674 -59.7969 0
      vertex 15.2844 -59.8546 0
    endloop
  endfacet
  facet normal -0.38295 0.923769 0
    outer loop
      vertex 15.6447 -59.7234 0
      vertex 15.4674 -59.7969 3
      vertex 15.6447 -59.7234 3
    endloop
  endfacet
  facet normal -0.38295 0.923769 0
    outer loop
      vertex 15.4674 -59.7969 3
      vertex 15.6447 -59.7234 0
      vertex 15.4674 -59.7969 0
    endloop
  endfacet
  facet normal -0.953716 -0.300707 0
    outer loop
      vertex 16.84 -57.1601 0
      vertex 16.7823 -56.9771 3
      vertex 16.7823 -56.9771 0
    endloop
  endfacet
  facet normal -0.953716 -0.300707 0
    outer loop
      vertex 16.7823 -56.9771 3
      vertex 16.84 -57.1601 0
      vertex 16.84 -57.1601 3
    endloop
  endfacet
  facet normal -0.923953 -0.382505 0
    outer loop
      vertex 16.7823 -56.9771 0
      vertex 16.7089 -56.7998 3
      vertex 16.7089 -56.7998 0
    endloop
  endfacet
  facet normal -0.923953 -0.382505 0
    outer loop
      vertex 16.7089 -56.7998 3
      vertex 16.7823 -56.9771 0
      vertex 16.7823 -56.9771 3
    endloop
  endfacet
  facet normal -0.793514 -0.608552 0
    outer loop
      vertex 16.5171 -56.4677 0
      vertex 16.4003 -56.3154 3
      vertex 16.4003 -56.3154 0
    endloop
  endfacet
  facet normal -0.793514 -0.608552 0
    outer loop
      vertex 16.4003 -56.3154 3
      vertex 16.5171 -56.4677 0
      vertex 16.5171 -56.4677 3
    endloop
  endfacet
  facet normal -0.737176 -0.675701 0
    outer loop
      vertex 16.4003 -56.3154 0
      vertex 16.2706 -56.1739 3
      vertex 16.2706 -56.1739 0
    endloop
  endfacet
  facet normal -0.737176 -0.675701 0
    outer loop
      vertex 16.2706 -56.1739 3
      vertex 16.4003 -56.3154 0
      vertex 16.4003 -56.3154 3
    endloop
  endfacet
  facet normal -0.84349 -0.537145 0
    outer loop
      vertex 16.6202 -56.6296 0
      vertex 16.5171 -56.4677 3
      vertex 16.5171 -56.4677 0
    endloop
  endfacet
  facet normal -0.84349 -0.537145 0
    outer loop
      vertex 16.5171 -56.4677 3
      vertex 16.6202 -56.6296 0
      vertex 16.6202 -56.6296 3
    endloop
  endfacet
  facet normal -0.130764 -0.991413 0
    outer loop
      vertex 14.9067 -55.5379 0
      vertex 15.097 -55.563 3
      vertex 14.9067 -55.5379 3
    endloop
  endfacet
  facet normal -0.130764 -0.991413 -0
    outer loop
      vertex 15.097 -55.563 3
      vertex 14.9067 -55.5379 0
      vertex 15.097 -55.563 0
    endloop
  endfacet
  facet normal -0.216213 -0.976346 0
    outer loop
      vertex 15.097 -55.563 0
      vertex 15.2844 -55.6045 3
      vertex 15.097 -55.563 3
    endloop
  endfacet
  facet normal -0.216213 -0.976346 -0
    outer loop
      vertex 15.2844 -55.6045 3
      vertex 15.097 -55.563 0
      vertex 15.2844 -55.6045 0
    endloop
  endfacet
  facet normal -0.0437765 -0.999041 0
    outer loop
      vertex 14.715 -55.5295 0
      vertex 14.9067 -55.5379 3
      vertex 14.715 -55.5295 3
    endloop
  endfacet
  facet normal -0.0437765 -0.999041 -0
    outer loop
      vertex 14.9067 -55.5379 3
      vertex 14.715 -55.5295 0
      vertex 14.9067 -55.5379 0
    endloop
  endfacet
  facet normal -0.38295 -0.923769 0
    outer loop
      vertex 15.4674 -55.6622 0
      vertex 15.6447 -55.7357 3
      vertex 15.4674 -55.6622 3
    endloop
  endfacet
  facet normal -0.38295 -0.923769 -0
    outer loop
      vertex 15.6447 -55.7357 3
      vertex 15.4674 -55.6622 0
      vertex 15.6447 -55.7357 0
    endloop
  endfacet
  facet normal -0.537145 -0.84349 0
    outer loop
      vertex 15.815 -55.8243 0
      vertex 15.9769 -55.9274 3
      vertex 15.815 -55.8243 3
    endloop
  endfacet
  facet normal -0.537145 -0.84349 -0
    outer loop
      vertex 15.9769 -55.9274 3
      vertex 15.815 -55.8243 0
      vertex 15.9769 -55.9274 0
    endloop
  endfacet
  facet normal 0.976346 -0.216213 0
    outer loop
      vertex 12.5484 -57.3475 3
      vertex 12.5899 -57.1601 0
      vertex 12.5899 -57.1601 3
    endloop
  endfacet
  facet normal 0.976346 -0.216213 0
    outer loop
      vertex 12.5899 -57.1601 0
      vertex 12.5484 -57.3475 3
      vertex 12.5484 -57.3475 0
    endloop
  endfacet
  facet normal 0.84349 -0.537145 0
    outer loop
      vertex 12.8097 -56.6296 3
      vertex 12.9128 -56.4677 0
      vertex 12.9128 -56.4677 3
    endloop
  endfacet
  facet normal 0.84349 -0.537145 0
    outer loop
      vertex 12.9128 -56.4677 0
      vertex 12.8097 -56.6296 3
      vertex 12.8097 -56.6296 0
    endloop
  endfacet
  facet normal 0.793263 -0.60888 0
    outer loop
      vertex 12.9128 -56.4677 3
      vertex 13.0297 -56.3154 0
      vertex 13.0297 -56.3154 3
    endloop
  endfacet
  facet normal 0.793263 -0.60888 0
    outer loop
      vertex 13.0297 -56.3154 0
      vertex 12.9128 -56.4677 3
      vertex 12.9128 -56.4677 0
    endloop
  endfacet
  facet normal 0.887012 -0.461747 0
    outer loop
      vertex 12.7211 -56.7998 3
      vertex 12.8097 -56.6296 0
      vertex 12.8097 -56.6296 3
    endloop
  endfacet
  facet normal 0.887012 -0.461747 0
    outer loop
      vertex 12.8097 -56.6296 0
      vertex 12.7211 -56.7998 3
      vertex 12.7211 -56.7998 0
    endloop
  endfacet
  facet normal 0.953567 -0.301181 0
    outer loop
      vertex 12.5899 -57.1601 3
      vertex 12.6477 -56.9771 0
      vertex 12.6477 -56.9771 3
    endloop
  endfacet
  facet normal 0.953567 -0.301181 0
    outer loop
      vertex 12.6477 -56.9771 0
      vertex 12.5899 -57.1601 3
      vertex 12.5899 -57.1601 0
    endloop
  endfacet
  facet normal 0.991481 -0.130252 0
    outer loop
      vertex 12.5234 -57.5378 3
      vertex 12.5484 -57.3475 0
      vertex 12.5484 -57.3475 3
    endloop
  endfacet
  facet normal 0.991481 -0.130252 0
    outer loop
      vertex 12.5484 -57.3475 0
      vertex 12.5234 -57.5378 3
      vertex 12.5234 -57.5378 0
    endloop
  endfacet
  facet normal 0.609131 -0.793069 0
    outer loop
      vertex 13.3009 -56.0443 0
      vertex 13.4531 -55.9274 3
      vertex 13.3009 -56.0443 3
    endloop
  endfacet
  facet normal 0.609131 -0.793069 0
    outer loop
      vertex 13.4531 -55.9274 3
      vertex 13.3009 -56.0443 0
      vertex 13.4531 -55.9274 0
    endloop
  endfacet
  facet normal 0.461747 -0.887012 0
    outer loop
      vertex 13.615 -55.8243 0
      vertex 13.7852 -55.7357 3
      vertex 13.615 -55.8243 3
    endloop
  endfacet
  facet normal 0.461747 -0.887012 0
    outer loop
      vertex 13.7852 -55.7357 3
      vertex 13.615 -55.8243 0
      vertex 13.7852 -55.7357 0
    endloop
  endfacet
  facet normal 0.675158 -0.737673 0
    outer loop
      vertex 13.1593 -56.1739 0
      vertex 13.3009 -56.0443 3
      vertex 13.1593 -56.1739 3
    endloop
  endfacet
  facet normal 0.675158 -0.737673 0
    outer loop
      vertex 13.3009 -56.0443 3
      vertex 13.1593 -56.1739 0
      vertex 13.3009 -56.0443 0
    endloop
  endfacet
  facet normal 0.300558 -0.953764 0
    outer loop
      vertex 13.9625 -55.6622 0
      vertex 14.1456 -55.6045 3
      vertex 13.9625 -55.6622 3
    endloop
  endfacet
  facet normal 0.300558 -0.953764 0
    outer loop
      vertex 14.1456 -55.6045 3
      vertex 13.9625 -55.6622 0
      vertex 14.1456 -55.6045 0
    endloop
  endfacet
  facet normal 0.130832 -0.991405 0
    outer loop
      vertex 14.333 -55.563 0
      vertex 14.5232 -55.5379 3
      vertex 14.333 -55.563 3
    endloop
  endfacet
  facet normal 0.130832 -0.991405 0
    outer loop
      vertex 14.5232 -55.5379 3
      vertex 14.333 -55.563 0
      vertex 14.5232 -55.5379 0
    endloop
  endfacet
  facet normal -0.999042 0.0437537 0
    outer loop
      vertex 16.9066 -57.9213 0
      vertex 16.915 -57.7295 3
      vertex 16.915 -57.7295 0
    endloop
  endfacet
  facet normal -0.999042 0.0437537 0
    outer loop
      vertex 16.915 -57.7295 3
      vertex 16.9066 -57.9213 0
      vertex 16.9066 -57.9213 3
    endloop
  endfacet
  facet normal -0.953716 0.300707 0
    outer loop
      vertex 16.7823 -58.482 0
      vertex 16.84 -58.299 3
      vertex 16.84 -58.299 0
    endloop
  endfacet
  facet normal -0.953716 0.300707 0
    outer loop
      vertex 16.84 -58.299 3
      vertex 16.7823 -58.482 0
      vertex 16.7823 -58.482 3
    endloop
  endfacet
  facet normal -0.461533 0.887123 0
    outer loop
      vertex 15.815 -59.6348 0
      vertex 15.6447 -59.7234 3
      vertex 15.815 -59.6348 3
    endloop
  endfacet
  facet normal -0.461533 0.887123 0
    outer loop
      vertex 15.6447 -59.7234 3
      vertex 15.815 -59.6348 0
      vertex 15.6447 -59.7234 0
    endloop
  endfacet
  facet normal -0.793514 0.608552 0
    outer loop
      vertex 16.4003 -59.1437 0
      vertex 16.5171 -58.9914 3
      vertex 16.5171 -58.9914 0
    endloop
  endfacet
  facet normal -0.793514 0.608552 0
    outer loop
      vertex 16.5171 -58.9914 3
      vertex 16.4003 -59.1437 0
      vertex 16.4003 -59.1437 3
    endloop
  endfacet
  facet normal -0.130764 0.991413 0
    outer loop
      vertex 15.097 -59.8961 0
      vertex 14.9067 -59.9212 3
      vertex 15.097 -59.8961 3
    endloop
  endfacet
  facet normal -0.130764 0.991413 0
    outer loop
      vertex 14.9067 -59.9212 3
      vertex 15.097 -59.8961 0
      vertex 14.9067 -59.9212 0
    endloop
  endfacet
  facet normal -0.976236 -0.21671 0
    outer loop
      vertex 16.8816 -57.3475 0
      vertex 16.84 -57.1601 3
      vertex 16.84 -57.1601 0
    endloop
  endfacet
  facet normal -0.976236 -0.21671 0
    outer loop
      vertex 16.84 -57.1601 3
      vertex 16.8816 -57.3475 0
      vertex 16.8816 -57.3475 3
    endloop
  endfacet
  facet normal -0.991481 -0.130252 0
    outer loop
      vertex 16.9066 -57.5378 0
      vertex 16.8816 -57.3475 3
      vertex 16.8816 -57.3475 0
    endloop
  endfacet
  facet normal -0.991481 -0.130252 0
    outer loop
      vertex 16.8816 -57.3475 3
      vertex 16.9066 -57.5378 0
      vertex 16.9066 -57.5378 3
    endloop
  endfacet
  facet normal -0.609131 -0.793069 0
    outer loop
      vertex 15.9769 -55.9274 0
      vertex 16.1291 -56.0443 3
      vertex 15.9769 -55.9274 3
    endloop
  endfacet
  facet normal -0.609131 -0.793069 -0
    outer loop
      vertex 16.1291 -56.0443 3
      vertex 15.9769 -55.9274 0
      vertex 16.1291 -56.0443 0
    endloop
  endfacet
  facet normal 0.537145 -0.84349 0
    outer loop
      vertex 13.4531 -55.9274 0
      vertex 13.615 -55.8243 3
      vertex 13.4531 -55.9274 3
    endloop
  endfacet
  facet normal 0.537145 -0.84349 0
    outer loop
      vertex 13.615 -55.8243 3
      vertex 13.4531 -55.9274 0
      vertex 13.615 -55.8243 0
    endloop
  endfacet
  facet normal -0.88691 0.461943 0
    outer loop
      vertex 16.6202 -58.8296 0
      vertex 16.7089 -58.6593 3
      vertex 16.7089 -58.6593 0
    endloop
  endfacet
  facet normal -0.88691 0.461943 0
    outer loop
      vertex 16.7089 -58.6593 3
      vertex 16.6202 -58.8296 0
      vertex 16.6202 -58.8296 3
    endloop
  endfacet
  facet normal -0.675418 0.737435 0
    outer loop
      vertex 16.2706 -59.2852 0
      vertex 16.1291 -59.4148 3
      vertex 16.2706 -59.2852 3
    endloop
  endfacet
  facet normal -0.675418 0.737435 0
    outer loop
      vertex 16.1291 -59.4148 3
      vertex 16.2706 -59.2852 0
      vertex 16.1291 -59.4148 0
    endloop
  endfacet
  facet normal -0.537145 0.84349 0
    outer loop
      vertex 15.9769 -59.5317 0
      vertex 15.815 -59.6348 3
      vertex 15.9769 -59.5317 3
    endloop
  endfacet
  facet normal -0.537145 0.84349 0
    outer loop
      vertex 15.815 -59.6348 3
      vertex 15.9769 -59.5317 0
      vertex 15.815 -59.6348 0
    endloop
  endfacet
  facet normal -0.923953 0.382505 0
    outer loop
      vertex 16.7089 -58.6593 0
      vertex 16.7823 -58.482 3
      vertex 16.7823 -58.482 0
    endloop
  endfacet
  facet normal -0.923953 0.382505 0
    outer loop
      vertex 16.7823 -58.482 3
      vertex 16.7089 -58.6593 0
      vertex 16.7089 -58.6593 3
    endloop
  endfacet
  facet normal 0.0437537 0.999042 -0
    outer loop
      vertex 14.715 -59.9296 0
      vertex 14.5232 -59.9212 3
      vertex 14.715 -59.9296 3
    endloop
  endfacet
  facet normal 0.0437537 0.999042 0
    outer loop
      vertex 14.5232 -59.9212 3
      vertex 14.715 -59.9296 0
      vertex 14.5232 -59.9212 0
    endloop
  endfacet
  facet normal 0.953567 0.301181 0
    outer loop
      vertex 12.6477 -58.482 3
      vertex 12.5899 -58.299 0
      vertex 12.5899 -58.299 3
    endloop
  endfacet
  facet normal 0.953567 0.301181 0
    outer loop
      vertex 12.5899 -58.299 0
      vertex 12.6477 -58.482 3
      vertex 12.6477 -58.482 0
    endloop
  endfacet
  facet normal 0.976346 0.216213 0
    outer loop
      vertex 12.5899 -58.299 3
      vertex 12.5484 -58.1116 0
      vertex 12.5484 -58.1116 3
    endloop
  endfacet
  facet normal 0.976346 0.216213 0
    outer loop
      vertex 12.5484 -58.1116 0
      vertex 12.5899 -58.299 3
      vertex 12.5899 -58.299 0
    endloop
  endfacet
  facet normal -0.216213 0.976346 0
    outer loop
      vertex 15.2844 -59.8546 0
      vertex 15.097 -59.8961 3
      vertex 15.2844 -59.8546 3
    endloop
  endfacet
  facet normal -0.216213 0.976346 0
    outer loop
      vertex 15.097 -59.8961 3
      vertex 15.2844 -59.8546 0
      vertex 15.097 -59.8961 0
    endloop
  endfacet
  facet normal -0.991481 0.130252 0
    outer loop
      vertex 16.8816 -58.1116 0
      vertex 16.9066 -57.9213 3
      vertex 16.9066 -57.9213 0
    endloop
  endfacet
  facet normal -0.991481 0.130252 0
    outer loop
      vertex 16.9066 -57.9213 3
      vertex 16.8816 -58.1116 0
      vertex 16.8816 -58.1116 3
    endloop
  endfacet
  facet normal -0.976236 0.21671 0
    outer loop
      vertex 16.84 -58.299 0
      vertex 16.8816 -58.1116 3
      vertex 16.8816 -58.1116 0
    endloop
  endfacet
  facet normal -0.976236 0.21671 0
    outer loop
      vertex 16.8816 -58.1116 3
      vertex 16.84 -58.299 0
      vertex 16.84 -58.299 3
    endloop
  endfacet
  facet normal -0.609131 0.793069 0
    outer loop
      vertex 16.1291 -59.4148 0
      vertex 15.9769 -59.5317 3
      vertex 16.1291 -59.4148 3
    endloop
  endfacet
  facet normal -0.609131 0.793069 0
    outer loop
      vertex 15.9769 -59.5317 3
      vertex 16.1291 -59.4148 0
      vertex 15.9769 -59.5317 0
    endloop
  endfacet
  facet normal -0.843339 0.537381 0
    outer loop
      vertex 16.5171 -58.9914 0
      vertex 16.6202 -58.8296 3
      vertex 16.6202 -58.8296 0
    endloop
  endfacet
  facet normal -0.843339 0.537381 0
    outer loop
      vertex 16.6202 -58.8296 3
      vertex 16.5171 -58.9914 0
      vertex 16.5171 -58.9914 3
    endloop
  endfacet
  facet normal -0.0437765 0.999041 0
    outer loop
      vertex 14.9067 -59.9212 0
      vertex 14.715 -59.9296 3
      vertex 14.9067 -59.9212 3
    endloop
  endfacet
  facet normal -0.0437765 0.999041 0
    outer loop
      vertex 14.715 -59.9296 3
      vertex 14.9067 -59.9212 0
      vertex 14.715 -59.9296 0
    endloop
  endfacet
  facet normal 0.130832 0.991405 -0
    outer loop
      vertex 14.5232 -59.9212 0
      vertex 14.333 -59.8961 3
      vertex 14.5232 -59.9212 3
    endloop
  endfacet
  facet normal 0.130832 0.991405 0
    outer loop
      vertex 14.333 -59.8961 3
      vertex 14.5232 -59.9212 0
      vertex 14.333 -59.8961 0
    endloop
  endfacet
  facet normal 0.38295 0.923769 -0
    outer loop
      vertex 13.9625 -59.7969 0
      vertex 13.7852 -59.7234 3
      vertex 13.9625 -59.7969 3
    endloop
  endfacet
  facet normal 0.38295 0.923769 0
    outer loop
      vertex 13.7852 -59.7234 3
      vertex 13.9625 -59.7969 0
      vertex 13.7852 -59.7234 0
    endloop
  endfacet
  facet normal 0.793263 0.60888 0
    outer loop
      vertex 13.0297 -59.1437 3
      vertex 12.9128 -58.9914 0
      vertex 12.9128 -58.9914 3
    endloop
  endfacet
  facet normal 0.793263 0.60888 0
    outer loop
      vertex 12.9128 -58.9914 0
      vertex 13.0297 -59.1437 3
      vertex 13.0297 -59.1437 0
    endloop
  endfacet
  facet normal 0.675158 0.737673 -0
    outer loop
      vertex 13.3009 -59.4148 0
      vertex 13.1593 -59.2852 3
      vertex 13.3009 -59.4148 3
    endloop
  endfacet
  facet normal 0.675158 0.737673 0
    outer loop
      vertex 13.1593 -59.2852 3
      vertex 13.3009 -59.4148 0
      vertex 13.1593 -59.2852 0
    endloop
  endfacet
  facet normal 0.923953 0.382505 0
    outer loop
      vertex 12.7211 -58.6593 3
      vertex 12.6477 -58.482 0
      vertex 12.6477 -58.482 3
    endloop
  endfacet
  facet normal 0.923953 0.382505 0
    outer loop
      vertex 12.6477 -58.482 0
      vertex 12.7211 -58.6593 3
      vertex 12.7211 -58.6593 0
    endloop
  endfacet
  facet normal 0.999042 0.0437537 0
    outer loop
      vertex 12.5234 -57.9213 3
      vertex 12.515 -57.7295 0
      vertex 12.515 -57.7295 3
    endloop
  endfacet
  facet normal 0.999042 0.0437537 0
    outer loop
      vertex 12.515 -57.7295 0
      vertex 12.5234 -57.9213 3
      vertex 12.5234 -57.9213 0
    endloop
  endfacet
  facet normal -0.737176 0.675701 0
    outer loop
      vertex 16.2706 -59.2852 0
      vertex 16.4003 -59.1437 3
      vertex 16.4003 -59.1437 0
    endloop
  endfacet
  facet normal -0.737176 0.675701 0
    outer loop
      vertex 16.4003 -59.1437 3
      vertex 16.2706 -59.2852 0
      vertex 16.2706 -59.2852 3
    endloop
  endfacet
  facet normal 0.216213 0.976346 -0
    outer loop
      vertex 14.333 -59.8961 0
      vertex 14.1456 -59.8546 3
      vertex 14.333 -59.8961 3
    endloop
  endfacet
  facet normal 0.216213 0.976346 0
    outer loop
      vertex 14.1456 -59.8546 3
      vertex 14.333 -59.8961 0
      vertex 14.1456 -59.8546 0
    endloop
  endfacet
  facet normal 0.609131 0.793069 -0
    outer loop
      vertex 13.4531 -59.5317 0
      vertex 13.3009 -59.4148 3
      vertex 13.4531 -59.5317 3
    endloop
  endfacet
  facet normal 0.609131 0.793069 0
    outer loop
      vertex 13.3009 -59.4148 3
      vertex 13.4531 -59.5317 0
      vertex 13.3009 -59.4148 0
    endloop
  endfacet
  facet normal 0.887123 0.461533 0
    outer loop
      vertex 12.8097 -58.8296 3
      vertex 12.7211 -58.6593 0
      vertex 12.7211 -58.6593 3
    endloop
  endfacet
  facet normal 0.887123 0.461533 0
    outer loop
      vertex 12.7211 -58.6593 0
      vertex 12.8097 -58.8296 3
      vertex 12.8097 -58.8296 0
    endloop
  endfacet
  facet normal 0.991481 0.130252 0
    outer loop
      vertex 12.5484 -58.1116 3
      vertex 12.5234 -57.9213 0
      vertex 12.5234 -57.9213 3
    endloop
  endfacet
  facet normal 0.991481 0.130252 0
    outer loop
      vertex 12.5234 -57.9213 0
      vertex 12.5484 -58.1116 3
      vertex 12.5484 -58.1116 0
    endloop
  endfacet
  facet normal 0.461747 0.887012 -0
    outer loop
      vertex 13.7852 -59.7234 0
      vertex 13.615 -59.6348 3
      vertex 13.7852 -59.7234 3
    endloop
  endfacet
  facet normal 0.461747 0.887012 0
    outer loop
      vertex 13.615 -59.6348 3
      vertex 13.7852 -59.7234 0
      vertex 13.615 -59.6348 0
    endloop
  endfacet
  facet normal 0.537145 0.84349 -0
    outer loop
      vertex 13.615 -59.6348 0
      vertex 13.4531 -59.5317 3
      vertex 13.615 -59.6348 3
    endloop
  endfacet
  facet normal 0.537145 0.84349 0
    outer loop
      vertex 13.4531 -59.5317 3
      vertex 13.615 -59.6348 0
      vertex 13.4531 -59.5317 0
    endloop
  endfacet
  facet normal 0.300558 0.953764 -0
    outer loop
      vertex 14.1456 -59.8546 0
      vertex 13.9625 -59.7969 3
      vertex 14.1456 -59.8546 3
    endloop
  endfacet
  facet normal 0.300558 0.953764 0
    outer loop
      vertex 13.9625 -59.7969 3
      vertex 14.1456 -59.8546 0
      vertex 13.9625 -59.7969 0
    endloop
  endfacet
  facet normal 0.843339 0.537381 0
    outer loop
      vertex 12.9128 -58.9914 3
      vertex 12.8097 -58.8296 0
      vertex 12.8097 -58.8296 3
    endloop
  endfacet
  facet normal 0.843339 0.537381 0
    outer loop
      vertex 12.8097 -58.8296 0
      vertex 12.9128 -58.9914 3
      vertex 12.9128 -58.9914 0
    endloop
  endfacet
  facet normal -0.843254 -0.537516 0
    outer loop
      vertex -39.9182 -55.4327 0
      vertex -40.0214 -55.2708 3
      vertex -40.0214 -55.2708 0
    endloop
  endfacet
  facet normal -0.843254 -0.537516 0
    outer loop
      vertex -40.0214 -55.2708 3
      vertex -39.9182 -55.4327 0
      vertex -39.9182 -55.4327 3
    endloop
  endfacet
  facet normal -0.300558 -0.953764 0
    outer loop
      vertex -41.2541 -54.4077 0
      vertex -41.071 -54.4654 3
      vertex -41.2541 -54.4077 3
    endloop
  endfacet
  facet normal -0.300558 -0.953764 -0
    outer loop
      vertex -41.071 -54.4654 3
      vertex -41.2541 -54.4077 0
      vertex -41.071 -54.4654 0
    endloop
  endfacet
  facet normal 0.461747 -0.887012 0
    outer loop
      vertex -42.9235 -54.6274 0
      vertex -42.7533 -54.5388 3
      vertex -42.9235 -54.6274 3
    endloop
  endfacet
  facet normal 0.461747 -0.887012 0
    outer loop
      vertex -42.7533 -54.5388 3
      vertex -42.9235 -54.6274 0
      vertex -42.7533 -54.5388 0
    endloop
  endfacet
  facet normal 0.923953 -0.382505 0
    outer loop
      vertex -43.8908 -55.7802 3
      vertex -43.8174 -55.6029 0
      vertex -43.8174 -55.6029 3
    endloop
  endfacet
  facet normal 0.923953 -0.382505 0
    outer loop
      vertex -43.8174 -55.6029 0
      vertex -43.8908 -55.7802 3
      vertex -43.8908 -55.7802 0
    endloop
  endfacet
  facet normal -0.999041 0.0437765 0
    outer loop
      vertex -39.6319 -56.7244 0
      vertex -39.6235 -56.5327 3
      vertex -39.6235 -56.5327 0
    endloop
  endfacet
  facet normal -0.999041 0.0437765 0
    outer loop
      vertex -39.6235 -56.5327 3
      vertex -39.6319 -56.7244 0
      vertex -39.6319 -56.7244 3
    endloop
  endfacet
  facet normal -0.0437537 -0.999042 0
    outer loop
      vertex -41.8235 -54.3327 0
      vertex -41.6317 -54.3411 3
      vertex -41.8235 -54.3327 3
    endloop
  endfacet
  facet normal -0.0437537 -0.999042 -0
    outer loop
      vertex -41.6317 -54.3411 3
      vertex -41.8235 -54.3327 0
      vertex -41.6317 -54.3411 0
    endloop
  endfacet
  facet normal -0.537516 -0.843254 0
    outer loop
      vertex -40.7235 -54.6274 0
      vertex -40.5616 -54.7306 3
      vertex -40.7235 -54.6274 3
    endloop
  endfacet
  facet normal -0.537516 -0.843254 -0
    outer loop
      vertex -40.5616 -54.7306 3
      vertex -40.7235 -54.6274 0
      vertex -40.5616 -54.7306 0
    endloop
  endfacet
  facet normal 0.991472 -0.13032 0
    outer loop
      vertex -44.0151 -56.3409 3
      vertex -43.9901 -56.1507 0
      vertex -43.9901 -56.1507 3
    endloop
  endfacet
  facet normal 0.991472 -0.13032 0
    outer loop
      vertex -43.9901 -56.1507 0
      vertex -44.0151 -56.3409 3
      vertex -44.0151 -56.3409 0
    endloop
  endfacet
  facet normal 0.793321 -0.608804 0
    outer loop
      vertex -43.6256 -55.2708 3
      vertex -43.5088 -55.1186 0
      vertex -43.5088 -55.1186 3
    endloop
  endfacet
  facet normal 0.793321 -0.608804 0
    outer loop
      vertex -43.5088 -55.1186 0
      vertex -43.6256 -55.2708 3
      vertex -43.6256 -55.2708 0
    endloop
  endfacet
  facet normal 0.21671 -0.976236 0
    outer loop
      vertex -42.3929 -54.4077 0
      vertex -42.2055 -54.3661 3
      vertex -42.3929 -54.4077 3
    endloop
  endfacet
  facet normal 0.21671 -0.976236 0
    outer loop
      vertex -42.2055 -54.3661 3
      vertex -42.3929 -54.4077 0
      vertex -42.2055 -54.3661 0
    endloop
  endfacet
  facet normal -0.537145 0.84349 0
    outer loop
      vertex -40.5616 -58.3348 0
      vertex -40.7235 -58.4379 3
      vertex -40.5616 -58.3348 3
    endloop
  endfacet
  facet normal -0.537145 0.84349 0
    outer loop
      vertex -40.7235 -58.4379 3
      vertex -40.5616 -58.3348 0
      vertex -40.7235 -58.4379 0
    endloop
  endfacet
  facet normal -0.991472 -0.13032 0
    outer loop
      vertex -39.6319 -56.3409 0
      vertex -39.6569 -56.1507 3
      vertex -39.6569 -56.1507 0
    endloop
  endfacet
  facet normal -0.991472 -0.13032 0
    outer loop
      vertex -39.6569 -56.1507 3
      vertex -39.6319 -56.3409 0
      vertex -39.6319 -56.3409 3
    endloop
  endfacet
  facet normal -0.923953 -0.382505 0
    outer loop
      vertex -39.7562 -55.7802 0
      vertex -39.8296 -55.6029 3
      vertex -39.8296 -55.6029 0
    endloop
  endfacet
  facet normal -0.923953 -0.382505 0
    outer loop
      vertex -39.8296 -55.6029 3
      vertex -39.7562 -55.7802 0
      vertex -39.7562 -55.7802 3
    endloop
  endfacet
  facet normal -0.793321 -0.608804 0
    outer loop
      vertex -40.0214 -55.2708 0
      vertex -40.1382 -55.1186 3
      vertex -40.1382 -55.1186 0
    endloop
  endfacet
  facet normal -0.793321 -0.608804 0
    outer loop
      vertex -40.1382 -55.1186 3
      vertex -40.0214 -55.2708 0
      vertex -40.0214 -55.2708 3
    endloop
  endfacet
  facet normal -0.675701 -0.737176 0
    outer loop
      vertex -40.4094 -54.8474 0
      vertex -40.2679 -54.9771 3
      vertex -40.4094 -54.8474 3
    endloop
  endfacet
  facet normal -0.675701 -0.737176 -0
    outer loop
      vertex -40.2679 -54.9771 3
      vertex -40.4094 -54.8474 0
      vertex -40.2679 -54.9771 0
    endloop
  endfacet
  facet normal -0.737176 -0.675701 0
    outer loop
      vertex -40.1382 -55.1186 0
      vertex -40.2679 -54.9771 3
      vertex -40.2679 -54.9771 0
    endloop
  endfacet
  facet normal -0.737176 -0.675701 0
    outer loop
      vertex -40.2679 -54.9771 3
      vertex -40.1382 -55.1186 0
      vertex -40.1382 -55.1186 3
    endloop
  endfacet
  facet normal 0.0437765 -0.999041 0
    outer loop
      vertex -42.0152 -54.3411 0
      vertex -41.8235 -54.3327 3
      vertex -42.0152 -54.3411 3
    endloop
  endfacet
  facet normal 0.0437765 -0.999041 0
    outer loop
      vertex -41.8235 -54.3327 3
      vertex -42.0152 -54.3411 0
      vertex -41.8235 -54.3327 0
    endloop
  endfacet
  facet normal -0.21671 -0.976236 0
    outer loop
      vertex -41.4415 -54.3661 0
      vertex -41.2541 -54.4077 3
      vertex -41.4415 -54.3661 3
    endloop
  endfacet
  facet normal -0.21671 -0.976236 -0
    outer loop
      vertex -41.2541 -54.4077 3
      vertex -41.4415 -54.3661 0
      vertex -41.2541 -54.4077 0
    endloop
  endfacet
  facet normal -0.13032 -0.991472 0
    outer loop
      vertex -41.6317 -54.3411 0
      vertex -41.4415 -54.3661 3
      vertex -41.6317 -54.3411 3
    endloop
  endfacet
  facet normal -0.13032 -0.991472 -0
    outer loop
      vertex -41.4415 -54.3661 3
      vertex -41.6317 -54.3411 0
      vertex -41.4415 -54.3661 0
    endloop
  endfacet
  facet normal -0.461747 -0.887012 0
    outer loop
      vertex -40.8937 -54.5388 0
      vertex -40.7235 -54.6274 3
      vertex -40.8937 -54.5388 3
    endloop
  endfacet
  facet normal -0.461747 -0.887012 -0
    outer loop
      vertex -40.7235 -54.6274 3
      vertex -40.8937 -54.5388 0
      vertex -40.7235 -54.6274 0
    endloop
  endfacet
  facet normal -0.608804 -0.793321 0
    outer loop
      vertex -40.5616 -54.7306 0
      vertex -40.4094 -54.8474 3
      vertex -40.5616 -54.7306 3
    endloop
  endfacet
  facet normal -0.608804 -0.793321 -0
    outer loop
      vertex -40.4094 -54.8474 3
      vertex -40.5616 -54.7306 0
      vertex -40.4094 -54.8474 0
    endloop
  endfacet
  facet normal 0.999042 -0.0437537 0
    outer loop
      vertex -44.0235 -56.5327 3
      vertex -44.0151 -56.3409 0
      vertex -44.0151 -56.3409 3
    endloop
  endfacet
  facet normal 0.999042 -0.0437537 0
    outer loop
      vertex -44.0151 -56.3409 0
      vertex -44.0235 -56.5327 3
      vertex -44.0235 -56.5327 0
    endloop
  endfacet
  facet normal 0.953764 -0.300558 0
    outer loop
      vertex -43.9485 -55.9633 3
      vertex -43.8908 -55.7802 0
      vertex -43.8908 -55.7802 3
    endloop
  endfacet
  facet normal 0.953764 -0.300558 0
    outer loop
      vertex -43.8908 -55.7802 0
      vertex -43.9485 -55.9633 3
      vertex -43.9485 -55.9633 0
    endloop
  endfacet
  facet normal 0.976236 -0.21671 0
    outer loop
      vertex -43.9901 -56.1507 3
      vertex -43.9485 -55.9633 0
      vertex -43.9485 -55.9633 3
    endloop
  endfacet
  facet normal 0.976236 -0.21671 0
    outer loop
      vertex -43.9485 -55.9633 0
      vertex -43.9901 -56.1507 3
      vertex -43.9901 -56.1507 0
    endloop
  endfacet
  facet normal 0.886798 -0.462156 0
    outer loop
      vertex -43.8174 -55.6029 3
      vertex -43.7287 -55.4327 0
      vertex -43.7287 -55.4327 3
    endloop
  endfacet
  facet normal 0.886798 -0.462156 0
    outer loop
      vertex -43.7287 -55.4327 0
      vertex -43.8174 -55.6029 3
      vertex -43.8174 -55.6029 0
    endloop
  endfacet
  facet normal 0.84349 -0.537145 0
    outer loop
      vertex -43.7287 -55.4327 3
      vertex -43.6256 -55.2708 0
      vertex -43.6256 -55.2708 3
    endloop
  endfacet
  facet normal 0.84349 -0.537145 0
    outer loop
      vertex -43.6256 -55.2708 0
      vertex -43.7287 -55.4327 3
      vertex -43.7287 -55.4327 0
    endloop
  endfacet
  facet normal 0.130252 -0.991481 0
    outer loop
      vertex -42.2055 -54.3661 0
      vertex -42.0152 -54.3411 3
      vertex -42.2055 -54.3661 3
    endloop
  endfacet
  facet normal 0.130252 -0.991481 0
    outer loop
      vertex -42.0152 -54.3411 3
      vertex -42.2055 -54.3661 0
      vertex -42.0152 -54.3411 0
    endloop
  endfacet
  facet normal 0.608804 -0.793321 0
    outer loop
      vertex -43.2376 -54.8474 0
      vertex -43.0854 -54.7306 3
      vertex -43.2376 -54.8474 3
    endloop
  endfacet
  facet normal 0.608804 -0.793321 0
    outer loop
      vertex -43.0854 -54.7306 3
      vertex -43.2376 -54.8474 0
      vertex -43.0854 -54.7306 0
    endloop
  endfacet
  facet normal 0.675701 -0.737176 0
    outer loop
      vertex -43.3791 -54.9771 0
      vertex -43.2376 -54.8474 3
      vertex -43.3791 -54.9771 3
    endloop
  endfacet
  facet normal 0.675701 -0.737176 0
    outer loop
      vertex -43.2376 -54.8474 3
      vertex -43.3791 -54.9771 0
      vertex -43.2376 -54.8474 0
    endloop
  endfacet
  facet normal 0.537516 -0.843254 0
    outer loop
      vertex -43.0854 -54.7306 0
      vertex -42.9235 -54.6274 3
      vertex -43.0854 -54.7306 3
    endloop
  endfacet
  facet normal 0.537516 -0.843254 0
    outer loop
      vertex -42.9235 -54.6274 3
      vertex -43.0854 -54.7306 0
      vertex -42.9235 -54.6274 0
    endloop
  endfacet
  facet normal 0.737176 -0.675701 0
    outer loop
      vertex -43.5088 -55.1186 3
      vertex -43.3791 -54.9771 0
      vertex -43.3791 -54.9771 3
    endloop
  endfacet
  facet normal 0.737176 -0.675701 0
    outer loop
      vertex -43.3791 -54.9771 0
      vertex -43.5088 -55.1186 3
      vertex -43.5088 -55.1186 0
    endloop
  endfacet
  facet normal -0.999042 -0.0437537 0
    outer loop
      vertex -39.6235 -56.5327 0
      vertex -39.6319 -56.3409 3
      vertex -39.6319 -56.3409 0
    endloop
  endfacet
  facet normal -0.999042 -0.0437537 0
    outer loop
      vertex -39.6319 -56.3409 3
      vertex -39.6235 -56.5327 0
      vertex -39.6235 -56.5327 3
    endloop
  endfacet
  facet normal -0.976236 0.21671 0
    outer loop
      vertex -39.6985 -57.1021 0
      vertex -39.6569 -56.9147 3
      vertex -39.6569 -56.9147 0
    endloop
  endfacet
  facet normal -0.976236 0.21671 0
    outer loop
      vertex -39.6569 -56.9147 3
      vertex -39.6985 -57.1021 0
      vertex -39.6985 -57.1021 3
    endloop
  endfacet
  facet normal -0.0437537 0.999042 0
    outer loop
      vertex -41.6317 -58.7243 0
      vertex -41.8235 -58.7327 3
      vertex -41.6317 -58.7243 3
    endloop
  endfacet
  facet normal -0.0437537 0.999042 0
    outer loop
      vertex -41.8235 -58.7327 3
      vertex -41.6317 -58.7243 0
      vertex -41.8235 -58.7327 0
    endloop
  endfacet
  facet normal 0.953716 0.300707 0
    outer loop
      vertex -43.8908 -57.2851 3
      vertex -43.9485 -57.1021 0
      vertex -43.9485 -57.1021 3
    endloop
  endfacet
  facet normal 0.953716 0.300707 0
    outer loop
      vertex -43.9485 -57.1021 0
      vertex -43.8908 -57.2851 3
      vertex -43.8908 -57.2851 0
    endloop
  endfacet
  facet normal 0.88691 0.461943 0
    outer loop
      vertex -43.7287 -57.6327 3
      vertex -43.8174 -57.4624 0
      vertex -43.8174 -57.4624 3
    endloop
  endfacet
  facet normal 0.88691 0.461943 0
    outer loop
      vertex -43.8174 -57.4624 0
      vertex -43.7287 -57.6327 3
      vertex -43.7287 -57.6327 0
    endloop
  endfacet
  facet normal -0.887012 -0.461747 0
    outer loop
      vertex -39.8296 -55.6029 0
      vertex -39.9182 -55.4327 3
      vertex -39.9182 -55.4327 0
    endloop
  endfacet
  facet normal -0.887012 -0.461747 0
    outer loop
      vertex -39.9182 -55.4327 3
      vertex -39.8296 -55.6029 0
      vertex -39.8296 -55.6029 3
    endloop
  endfacet
  facet normal -0.976236 -0.21671 0
    outer loop
      vertex -39.6569 -56.1507 0
      vertex -39.6985 -55.9633 3
      vertex -39.6985 -55.9633 0
    endloop
  endfacet
  facet normal -0.976236 -0.21671 0
    outer loop
      vertex -39.6985 -55.9633 3
      vertex -39.6569 -56.1507 0
      vertex -39.6569 -56.1507 3
    endloop
  endfacet
  facet normal -0.382505 -0.923953 0
    outer loop
      vertex -41.071 -54.4654 0
      vertex -40.8937 -54.5388 3
      vertex -41.071 -54.4654 3
    endloop
  endfacet
  facet normal -0.382505 -0.923953 -0
    outer loop
      vertex -40.8937 -54.5388 3
      vertex -41.071 -54.4654 0
      vertex -40.8937 -54.5388 0
    endloop
  endfacet
  facet normal 0.300707 -0.953716 0
    outer loop
      vertex -42.5759 -54.4654 0
      vertex -42.3929 -54.4077 3
      vertex -42.5759 -54.4654 3
    endloop
  endfacet
  facet normal 0.300707 -0.953716 0
    outer loop
      vertex -42.3929 -54.4077 3
      vertex -42.5759 -54.4654 0
      vertex -42.3929 -54.4077 0
    endloop
  endfacet
  facet normal 0.382321 -0.92403 0
    outer loop
      vertex -42.7533 -54.5388 0
      vertex -42.5759 -54.4654 3
      vertex -42.7533 -54.5388 3
    endloop
  endfacet
  facet normal 0.382321 -0.92403 0
    outer loop
      vertex -42.5759 -54.4654 3
      vertex -42.7533 -54.5388 0
      vertex -42.5759 -54.4654 0
    endloop
  endfacet
  facet normal -0.991481 0.130252 0
    outer loop
      vertex -39.6569 -56.9147 0
      vertex -39.6319 -56.7244 3
      vertex -39.6319 -56.7244 0
    endloop
  endfacet
  facet normal -0.991481 0.130252 0
    outer loop
      vertex -39.6319 -56.7244 3
      vertex -39.6569 -56.9147 0
      vertex -39.6569 -56.9147 3
    endloop
  endfacet
  facet normal -0.953716 0.300707 0
    outer loop
      vertex -39.7562 -57.2851 0
      vertex -39.6985 -57.1021 3
      vertex -39.6985 -57.1021 0
    endloop
  endfacet
  facet normal -0.953716 0.300707 0
    outer loop
      vertex -39.6985 -57.1021 3
      vertex -39.7562 -57.2851 0
      vertex -39.7562 -57.2851 3
    endloop
  endfacet
  facet normal -0.737176 0.675701 0
    outer loop
      vertex -40.2679 -58.0883 0
      vertex -40.1382 -57.9468 3
      vertex -40.1382 -57.9468 0
    endloop
  endfacet
  facet normal -0.737176 0.675701 0
    outer loop
      vertex -40.1382 -57.9468 3
      vertex -40.2679 -58.0883 0
      vertex -40.2679 -58.0883 3
    endloop
  endfacet
  facet normal -0.793321 0.608804 0
    outer loop
      vertex -40.1382 -57.9468 0
      vertex -40.0214 -57.7946 3
      vertex -40.0214 -57.7946 0
    endloop
  endfacet
  facet normal -0.793321 0.608804 0
    outer loop
      vertex -40.0214 -57.7946 3
      vertex -40.1382 -57.9468 0
      vertex -40.1382 -57.9468 3
    endloop
  endfacet
  facet normal 0.999041 0.0437765 0
    outer loop
      vertex -44.0151 -56.7244 3
      vertex -44.0235 -56.5327 0
      vertex -44.0235 -56.5327 3
    endloop
  endfacet
  facet normal 0.999041 0.0437765 0
    outer loop
      vertex -44.0235 -56.5327 0
      vertex -44.0151 -56.7244 3
      vertex -44.0151 -56.7244 0
    endloop
  endfacet
  facet normal 0.976236 0.21671 0
    outer loop
      vertex -43.9485 -57.1021 3
      vertex -43.9901 -56.9147 0
      vertex -43.9901 -56.9147 3
    endloop
  endfacet
  facet normal 0.976236 0.21671 0
    outer loop
      vertex -43.9901 -56.9147 0
      vertex -43.9485 -57.1021 3
      vertex -43.9485 -57.1021 0
    endloop
  endfacet
  facet normal -0.462156 0.886798 0
    outer loop
      vertex -40.7235 -58.4379 0
      vertex -40.8937 -58.5266 3
      vertex -40.7235 -58.4379 3
    endloop
  endfacet
  facet normal -0.462156 0.886798 0
    outer loop
      vertex -40.8937 -58.5266 3
      vertex -40.7235 -58.4379 0
      vertex -40.8937 -58.5266 0
    endloop
  endfacet
  facet normal -0.953764 -0.300558 0
    outer loop
      vertex -39.6985 -55.9633 0
      vertex -39.7562 -55.7802 3
      vertex -39.7562 -55.7802 0
    endloop
  endfacet
  facet normal -0.953764 -0.300558 0
    outer loop
      vertex -39.7562 -55.7802 3
      vertex -39.6985 -55.9633 0
      vertex -39.6985 -55.9633 3
    endloop
  endfacet
  facet normal -0.887123 0.461533 0
    outer loop
      vertex -39.9182 -57.6327 0
      vertex -39.8296 -57.4624 3
      vertex -39.8296 -57.4624 0
    endloop
  endfacet
  facet normal -0.887123 0.461533 0
    outer loop
      vertex -39.8296 -57.4624 3
      vertex -39.9182 -57.6327 0
      vertex -39.9182 -57.6327 3
    endloop
  endfacet
  facet normal -0.923953 0.382505 0
    outer loop
      vertex -39.8296 -57.4624 0
      vertex -39.7562 -57.2851 3
      vertex -39.7562 -57.2851 0
    endloop
  endfacet
  facet normal -0.923953 0.382505 0
    outer loop
      vertex -39.7562 -57.2851 3
      vertex -39.8296 -57.4624 0
      vertex -39.8296 -57.4624 3
    endloop
  endfacet
  facet normal -0.675701 0.737176 0
    outer loop
      vertex -40.2679 -58.0883 0
      vertex -40.4094 -58.218 3
      vertex -40.2679 -58.0883 3
    endloop
  endfacet
  facet normal -0.675701 0.737176 0
    outer loop
      vertex -40.4094 -58.218 3
      vertex -40.2679 -58.0883 0
      vertex -40.4094 -58.218 0
    endloop
  endfacet
  facet normal -0.843254 0.537516 0
    outer loop
      vertex -40.0214 -57.7946 0
      vertex -39.9182 -57.6327 3
      vertex -39.9182 -57.6327 0
    endloop
  endfacet
  facet normal -0.843254 0.537516 0
    outer loop
      vertex -39.9182 -57.6327 3
      vertex -40.0214 -57.7946 0
      vertex -40.0214 -57.7946 3
    endloop
  endfacet
  facet normal 0.462156 0.886798 -0
    outer loop
      vertex -42.7533 -58.5266 0
      vertex -42.9235 -58.4379 3
      vertex -42.7533 -58.5266 3
    endloop
  endfacet
  facet normal 0.462156 0.886798 0
    outer loop
      vertex -42.9235 -58.4379 3
      vertex -42.7533 -58.5266 0
      vertex -42.9235 -58.4379 0
    endloop
  endfacet
  facet normal 0.21671 0.976236 -0
    outer loop
      vertex -42.2055 -58.6993 0
      vertex -42.3929 -58.6577 3
      vertex -42.2055 -58.6993 3
    endloop
  endfacet
  facet normal 0.21671 0.976236 0
    outer loop
      vertex -42.3929 -58.6577 3
      vertex -42.2055 -58.6993 0
      vertex -42.3929 -58.6577 0
    endloop
  endfacet
  facet normal 0.0437765 0.999041 -0
    outer loop
      vertex -41.8235 -58.7327 0
      vertex -42.0152 -58.7243 3
      vertex -41.8235 -58.7327 3
    endloop
  endfacet
  facet normal 0.0437765 0.999041 0
    outer loop
      vertex -42.0152 -58.7243 3
      vertex -41.8235 -58.7327 0
      vertex -42.0152 -58.7243 0
    endloop
  endfacet
  facet normal 0.793321 0.608804 0
    outer loop
      vertex -43.5088 -57.9468 3
      vertex -43.6256 -57.7946 0
      vertex -43.6256 -57.7946 3
    endloop
  endfacet
  facet normal 0.793321 0.608804 0
    outer loop
      vertex -43.6256 -57.7946 0
      vertex -43.5088 -57.9468 3
      vertex -43.5088 -57.9468 0
    endloop
  endfacet
  facet normal 0.923953 0.382505 0
    outer loop
      vertex -43.8174 -57.4624 3
      vertex -43.8908 -57.2851 0
      vertex -43.8908 -57.2851 3
    endloop
  endfacet
  facet normal 0.923953 0.382505 0
    outer loop
      vertex -43.8908 -57.2851 0
      vertex -43.8174 -57.4624 3
      vertex -43.8174 -57.4624 0
    endloop
  endfacet
  facet normal 0.991481 0.130252 0
    outer loop
      vertex -43.9901 -56.9147 3
      vertex -44.0151 -56.7244 0
      vertex -44.0151 -56.7244 3
    endloop
  endfacet
  facet normal 0.991481 0.130252 0
    outer loop
      vertex -44.0151 -56.7244 0
      vertex -43.9901 -56.9147 3
      vertex -43.9901 -56.9147 0
    endloop
  endfacet
  facet normal -0.21671 0.976236 0
    outer loop
      vertex -41.2541 -58.6577 0
      vertex -41.4415 -58.6993 3
      vertex -41.2541 -58.6577 3
    endloop
  endfacet
  facet normal -0.21671 0.976236 0
    outer loop
      vertex -41.4415 -58.6993 3
      vertex -41.2541 -58.6577 0
      vertex -41.4415 -58.6993 0
    endloop
  endfacet
  facet normal -0.13032 0.991472 0
    outer loop
      vertex -41.4415 -58.6993 0
      vertex -41.6317 -58.7243 3
      vertex -41.4415 -58.6993 3
    endloop
  endfacet
  facet normal -0.13032 0.991472 0
    outer loop
      vertex -41.6317 -58.7243 3
      vertex -41.4415 -58.6993 0
      vertex -41.6317 -58.7243 0
    endloop
  endfacet
  facet normal -0.608804 0.793321 0
    outer loop
      vertex -40.4094 -58.218 0
      vertex -40.5616 -58.3348 3
      vertex -40.4094 -58.218 3
    endloop
  endfacet
  facet normal -0.608804 0.793321 0
    outer loop
      vertex -40.5616 -58.3348 3
      vertex -40.4094 -58.218 0
      vertex -40.5616 -58.3348 0
    endloop
  endfacet
  facet normal 0.382321 0.92403 -0
    outer loop
      vertex -42.5759 -58.6 0
      vertex -42.7533 -58.5266 3
      vertex -42.5759 -58.6 3
    endloop
  endfacet
  facet normal 0.382321 0.92403 0
    outer loop
      vertex -42.7533 -58.5266 3
      vertex -42.5759 -58.6 0
      vertex -42.7533 -58.5266 0
    endloop
  endfacet
  facet normal 0.130252 0.991481 -0
    outer loop
      vertex -42.0152 -58.7243 0
      vertex -42.2055 -58.6993 3
      vertex -42.0152 -58.7243 3
    endloop
  endfacet
  facet normal 0.130252 0.991481 0
    outer loop
      vertex -42.2055 -58.6993 3
      vertex -42.0152 -58.7243 0
      vertex -42.2055 -58.6993 0
    endloop
  endfacet
  facet normal 0.84349 0.537145 0
    outer loop
      vertex -43.6256 -57.7946 3
      vertex -43.7287 -57.6327 0
      vertex -43.7287 -57.6327 3
    endloop
  endfacet
  facet normal 0.84349 0.537145 0
    outer loop
      vertex -43.7287 -57.6327 0
      vertex -43.6256 -57.7946 3
      vertex -43.6256 -57.7946 0
    endloop
  endfacet
  facet normal 0.737176 0.675701 0
    outer loop
      vertex -43.3791 -58.0883 3
      vertex -43.5088 -57.9468 0
      vertex -43.5088 -57.9468 3
    endloop
  endfacet
  facet normal 0.737176 0.675701 0
    outer loop
      vertex -43.5088 -57.9468 0
      vertex -43.3791 -58.0883 3
      vertex -43.3791 -58.0883 0
    endloop
  endfacet
  facet normal 0.675701 0.737176 -0
    outer loop
      vertex -43.2376 -58.218 0
      vertex -43.3791 -58.0883 3
      vertex -43.2376 -58.218 3
    endloop
  endfacet
  facet normal 0.675701 0.737176 0
    outer loop
      vertex -43.3791 -58.0883 3
      vertex -43.2376 -58.218 0
      vertex -43.3791 -58.0883 0
    endloop
  endfacet
  facet normal -0.382505 0.923953 0
    outer loop
      vertex -40.8937 -58.5266 0
      vertex -41.071 -58.6 3
      vertex -40.8937 -58.5266 3
    endloop
  endfacet
  facet normal -0.382505 0.923953 0
    outer loop
      vertex -41.071 -58.6 3
      vertex -40.8937 -58.5266 0
      vertex -41.071 -58.6 0
    endloop
  endfacet
  facet normal -0.300558 0.953764 0
    outer loop
      vertex -41.071 -58.6 0
      vertex -41.2541 -58.6577 3
      vertex -41.071 -58.6 3
    endloop
  endfacet
  facet normal -0.300558 0.953764 0
    outer loop
      vertex -41.2541 -58.6577 3
      vertex -41.071 -58.6 0
      vertex -41.2541 -58.6577 0
    endloop
  endfacet
  facet normal 0.537145 0.84349 -0
    outer loop
      vertex -42.9235 -58.4379 0
      vertex -43.0854 -58.3348 3
      vertex -42.9235 -58.4379 3
    endloop
  endfacet
  facet normal 0.537145 0.84349 0
    outer loop
      vertex -43.0854 -58.3348 3
      vertex -42.9235 -58.4379 0
      vertex -43.0854 -58.3348 0
    endloop
  endfacet
  facet normal 0.608804 0.793321 -0
    outer loop
      vertex -43.0854 -58.3348 0
      vertex -43.2376 -58.218 3
      vertex -43.0854 -58.3348 3
    endloop
  endfacet
  facet normal 0.608804 0.793321 0
    outer loop
      vertex -43.2376 -58.218 3
      vertex -43.0854 -58.3348 0
      vertex -43.2376 -58.218 0
    endloop
  endfacet
  facet normal 0.300707 0.953716 -0
    outer loop
      vertex -42.3929 -58.6577 0
      vertex -42.5759 -58.6 3
      vertex -42.3929 -58.6577 3
    endloop
  endfacet
  facet normal 0.300707 0.953716 0
    outer loop
      vertex -42.5759 -58.6 3
      vertex -42.3929 -58.6577 0
      vertex -42.5759 -58.6 0
    endloop
  endfacet
  facet normal -0.843292 -0.537455 0
    outer loop
      vertex 1.84285 -69.2217 0
      vertex 1.73973 -69.0599 3
      vertex 1.73973 -69.0599 0
    endloop
  endfacet
  facet normal -0.843292 -0.537455 0
    outer loop
      vertex 1.73973 -69.0599 3
      vertex 1.84285 -69.2217 0
      vertex 1.84285 -69.2217 3
    endloop
  endfacet
  facet normal -0.300643 -0.953737 0
    outer loop
      vertex 0.506999 -68.1967 0
      vertex 0.690042 -68.2544 3
      vertex 0.506999 -68.1967 3
    endloop
  endfacet
  facet normal -0.300643 -0.953737 -0
    outer loop
      vertex 0.690042 -68.2544 3
      vertex 0.506999 -68.1967 0
      vertex 0.690042 -68.2544 0
    endloop
  endfacet
  facet normal 0.382919 -0.923782 0
    outer loop
      vertex -0.992163 -68.3279 0
      vertex -0.814846 -68.2544 3
      vertex -0.992163 -68.3279 3
    endloop
  endfacet
  facet normal 0.382919 -0.923782 0
    outer loop
      vertex -0.814846 -68.2544 3
      vertex -0.992163 -68.3279 0
      vertex -0.814846 -68.2544 0
    endloop
  endfacet
  facet normal 0.923861 -0.382728 0
    outer loop
      vertex -2.12973 -69.5693 3
      vertex -2.05628 -69.392 0
      vertex -2.05628 -69.392 3
    endloop
  endfacet
  facet normal 0.923861 -0.382728 0
    outer loop
      vertex -2.05628 -69.392 0
      vertex -2.12973 -69.5693 3
      vertex -2.12973 -69.5693 0
    endloop
  endfacet
  facet normal -0.382922 0.923781 0
    outer loop
      vertex 0.867357 -72.3156 0
      vertex 0.690042 -72.3891 3
      vertex 0.867357 -72.3156 3
    endloop
  endfacet
  facet normal -0.382922 0.923781 0
    outer loop
      vertex 0.690042 -72.3891 3
      vertex 0.867357 -72.3156 0
      vertex 0.690042 -72.3891 0
    endloop
  endfacet
  facet normal 0.608653 -0.793437 0
    outer loop
      vertex -1.47653 -68.6364 0
      vertex -1.32427 -68.5196 3
      vertex -1.47653 -68.6364 3
    endloop
  endfacet
  facet normal 0.608653 -0.793437 0
    outer loop
      vertex -1.32427 -68.5196 3
      vertex -1.47653 -68.6364 0
      vertex -1.32427 -68.5196 0
    endloop
  endfacet
  facet normal -0.300643 0.953737 0
    outer loop
      vertex 0.690042 -72.3891 0
      vertex 0.506999 -72.4468 3
      vertex 0.690042 -72.3891 3
    endloop
  endfacet
  facet normal -0.300643 0.953737 0
    outer loop
      vertex 0.506999 -72.4468 3
      vertex 0.690042 -72.3891 0
      vertex 0.506999 -72.4468 0
    endloop
  endfacet
  facet normal -0.793413 -0.608683 0
    outer loop
      vertex 1.73973 -69.0599 0
      vertex 1.62289 -68.9076 3
      vertex 1.62289 -68.9076 0
    endloop
  endfacet
  facet normal -0.793413 -0.608683 0
    outer loop
      vertex 1.62289 -68.9076 3
      vertex 1.73973 -69.0599 0
      vertex 1.73973 -69.0599 3
    endloop
  endfacet
  facet normal -0.675701 -0.737176 0
    outer loop
      vertex 1.35173 -68.6364 0
      vertex 1.49323 -68.7661 3
      vertex 1.35173 -68.6364 3
    endloop
  endfacet
  facet normal -0.675701 -0.737176 -0
    outer loop
      vertex 1.49323 -68.7661 3
      vertex 1.35173 -68.6364 0
      vertex 1.49323 -68.7661 0
    endloop
  endfacet
  facet normal -0.73728 -0.675588 0
    outer loop
      vertex 1.62289 -68.9076 0
      vertex 1.49323 -68.7661 3
      vertex 1.49323 -68.7661 0
    endloop
  endfacet
  facet normal -0.73728 -0.675588 0
    outer loop
      vertex 1.49323 -68.7661 3
      vertex 1.62289 -68.9076 0
      vertex 1.62289 -68.9076 3
    endloop
  endfacet
  facet normal 0.0437666 -0.999042 0
    outer loop
      vertex -0.254145 -68.1301 0
      vertex -0.0624018 -68.1217 3
      vertex -0.254145 -68.1301 3
    endloop
  endfacet
  facet normal 0.0437666 -0.999042 0
    outer loop
      vertex -0.0624018 -68.1217 3
      vertex -0.254145 -68.1301 0
      vertex -0.0624018 -68.1217 0
    endloop
  endfacet
  facet normal -0.130775 -0.991412 0
    outer loop
      vertex 0.129339 -68.1301 0
      vertex 0.319623 -68.1552 3
      vertex 0.129339 -68.1301 3
    endloop
  endfacet
  facet normal -0.130775 -0.991412 -0
    outer loop
      vertex 0.319623 -68.1552 3
      vertex 0.129339 -68.1301 0
      vertex 0.319623 -68.1552 0
    endloop
  endfacet
  facet normal -0.0437672 -0.999042 0
    outer loop
      vertex -0.0624018 -68.1217 0
      vertex 0.129339 -68.1301 3
      vertex -0.0624018 -68.1217 3
    endloop
  endfacet
  facet normal -0.0437672 -0.999042 -0
    outer loop
      vertex 0.129339 -68.1301 3
      vertex -0.0624018 -68.1217 0
      vertex 0.129339 -68.1301 0
    endloop
  endfacet
  facet normal -0.53724 -0.84343 0
    outer loop
      vertex 1.0376 -68.4165 0
      vertex 1.19946 -68.5196 3
      vertex 1.0376 -68.4165 3
    endloop
  endfacet
  facet normal -0.53724 -0.84343 -0
    outer loop
      vertex 1.19946 -68.5196 3
      vertex 1.0376 -68.4165 0
      vertex 1.19946 -68.5196 0
    endloop
  endfacet
  facet normal -0.461655 -0.88706 0
    outer loop
      vertex 0.867357 -68.3279 0
      vertex 1.0376 -68.4165 3
      vertex 0.867357 -68.3279 3
    endloop
  endfacet
  facet normal -0.461655 -0.88706 -0
    outer loop
      vertex 1.0376 -68.4165 3
      vertex 0.867357 -68.3279 0
      vertex 1.0376 -68.4165 0
    endloop
  endfacet
  facet normal 0.999048 -0.0436204 0
    outer loop
      vertex -2.2624 -70.3217 3
      vertex -2.25403 -70.13 0
      vertex -2.25403 -70.13 3
    endloop
  endfacet
  facet normal 0.999048 -0.0436204 0
    outer loop
      vertex -2.25403 -70.13 0
      vertex -2.2624 -70.3217 3
      vertex -2.2624 -70.3217 0
    endloop
  endfacet
  facet normal 0.953702 -0.300755 0
    outer loop
      vertex -2.18744 -69.7523 3
      vertex -2.12973 -69.5693 0
      vertex -2.12973 -69.5693 3
    endloop
  endfacet
  facet normal 0.953702 -0.300755 0
    outer loop
      vertex -2.12973 -69.5693 0
      vertex -2.18744 -69.7523 3
      vertex -2.18744 -69.7523 0
    endloop
  endfacet
  facet normal 0.976302 -0.216412 0
    outer loop
      vertex -2.22898 -69.9397 3
      vertex -2.18744 -69.7523 0
      vertex -2.18744 -69.7523 3
    endloop
  endfacet
  facet normal 0.976302 -0.216412 0
    outer loop
      vertex -2.18744 -69.7523 0
      vertex -2.22898 -69.9397 3
      vertex -2.22898 -69.9397 0
    endloop
  endfacet
  facet normal 0.991447 -0.130508 0
    outer loop
      vertex -2.25403 -70.13 3
      vertex -2.22898 -69.9397 0
      vertex -2.22898 -69.9397 3
    endloop
  endfacet
  facet normal 0.991447 -0.130508 0
    outer loop
      vertex -2.22898 -69.9397 0
      vertex -2.25403 -70.13 3
      vertex -2.25403 -70.13 0
    endloop
  endfacet
  facet normal 0.73728 -0.675588 0
    outer loop
      vertex -1.7477 -68.9076 3
      vertex -1.61804 -68.7661 0
      vertex -1.61804 -68.7661 3
    endloop
  endfacet
  facet normal 0.73728 -0.675588 0
    outer loop
      vertex -1.61804 -68.7661 0
      vertex -1.7477 -68.9076 3
      vertex -1.7477 -68.9076 0
    endloop
  endfacet
  facet normal 0.130776 -0.991412 0
    outer loop
      vertex -0.444428 -68.1552 0
      vertex -0.254145 -68.1301 3
      vertex -0.444428 -68.1552 3
    endloop
  endfacet
  facet normal 0.130776 -0.991412 0
    outer loop
      vertex -0.254145 -68.1301 3
      vertex -0.444428 -68.1552 0
      vertex -0.254145 -68.1301 0
    endloop
  endfacet
  facet normal 0.21624 -0.97634 0
    outer loop
      vertex -0.631804 -68.1967 0
      vertex -0.444428 -68.1552 3
      vertex -0.631804 -68.1967 3
    endloop
  endfacet
  facet normal 0.21624 -0.97634 0
    outer loop
      vertex -0.444428 -68.1552 3
      vertex -0.631804 -68.1967 0
      vertex -0.444428 -68.1552 0
    endloop
  endfacet
  facet normal 0.461668 -0.887053 0
    outer loop
      vertex -1.1624 -68.4165 0
      vertex -0.992163 -68.3279 3
      vertex -1.1624 -68.4165 3
    endloop
  endfacet
  facet normal 0.461668 -0.887053 0
    outer loop
      vertex -0.992163 -68.3279 3
      vertex -1.1624 -68.4165 0
      vertex -0.992163 -68.3279 0
    endloop
  endfacet
  facet normal 0.537216 -0.843445 0
    outer loop
      vertex -1.32427 -68.5196 0
      vertex -1.1624 -68.4165 3
      vertex -1.32427 -68.5196 3
    endloop
  endfacet
  facet normal 0.537216 -0.843445 0
    outer loop
      vertex -1.1624 -68.4165 3
      vertex -1.32427 -68.5196 0
      vertex -1.1624 -68.4165 0
    endloop
  endfacet
  facet normal 0.675675 -0.7372 0
    outer loop
      vertex -1.61804 -68.7661 0
      vertex -1.47653 -68.6364 3
      vertex -1.61804 -68.7661 3
    endloop
  endfacet
  facet normal 0.675675 -0.7372 0
    outer loop
      vertex -1.47653 -68.6364 3
      vertex -1.61804 -68.7661 0
      vertex -1.47653 -68.6364 0
    endloop
  endfacet
  facet normal -0.999046 -0.0436724 0
    outer loop
      vertex 2.1376 -70.3217 0
      vertex 2.12922 -70.13 3
      vertex 2.12922 -70.13 0
    endloop
  endfacet
  facet normal -0.999046 -0.0436724 0
    outer loop
      vertex 2.12922 -70.13 3
      vertex 2.1376 -70.3217 0
      vertex 2.1376 -70.3217 3
    endloop
  endfacet
  facet normal -0.88708 -0.461615 0
    outer loop
      vertex 1.93147 -69.392 0
      vertex 1.84285 -69.2217 3
      vertex 1.84285 -69.2217 0
    endloop
  endfacet
  facet normal -0.88708 -0.461615 0
    outer loop
      vertex 1.84285 -69.2217 3
      vertex 1.93147 -69.392 0
      vertex 1.93147 -69.392 3
    endloop
  endfacet
  facet normal -0.923861 -0.382728 0
    outer loop
      vertex 2.00492 -69.5693 0
      vertex 1.93147 -69.392 3
      vertex 1.93147 -69.392 0
    endloop
  endfacet
  facet normal -0.923861 -0.382728 0
    outer loop
      vertex 1.93147 -69.392 3
      vertex 2.00492 -69.5693 0
      vertex 2.00492 -69.5693 3
    endloop
  endfacet
  facet normal -0.21624 -0.97634 0
    outer loop
      vertex 0.319623 -68.1552 0
      vertex 0.506999 -68.1967 3
      vertex 0.319623 -68.1552 3
    endloop
  endfacet
  facet normal -0.21624 -0.97634 -0
    outer loop
      vertex 0.506999 -68.1967 3
      vertex 0.319623 -68.1552 0
      vertex 0.506999 -68.1967 0
    endloop
  endfacet
  facet normal -0.382922 -0.923781 0
    outer loop
      vertex 0.690042 -68.2544 0
      vertex 0.867357 -68.3279 3
      vertex 0.690042 -68.2544 3
    endloop
  endfacet
  facet normal -0.382922 -0.923781 -0
    outer loop
      vertex 0.867357 -68.3279 3
      vertex 0.690042 -68.2544 0
      vertex 0.867357 -68.3279 0
    endloop
  endfacet
  facet normal -0.608627 -0.793456 0
    outer loop
      vertex 1.19946 -68.5196 0
      vertex 1.35173 -68.6364 3
      vertex 1.19946 -68.5196 3
    endloop
  endfacet
  facet normal -0.608627 -0.793456 -0
    outer loop
      vertex 1.35173 -68.6364 3
      vertex 1.19946 -68.5196 0
      vertex 1.35173 -68.6364 0
    endloop
  endfacet
  facet normal 0.88708 -0.461615 0
    outer loop
      vertex -2.05628 -69.392 3
      vertex -1.96766 -69.2217 0
      vertex -1.96766 -69.2217 3
    endloop
  endfacet
  facet normal 0.88708 -0.461615 0
    outer loop
      vertex -1.96766 -69.2217 0
      vertex -2.05628 -69.392 3
      vertex -2.05628 -69.392 0
    endloop
  endfacet
  facet normal 0.793413 -0.608683 0
    outer loop
      vertex -1.86454 -69.0599 3
      vertex -1.7477 -68.9076 0
      vertex -1.7477 -68.9076 3
    endloop
  endfacet
  facet normal 0.793413 -0.608683 0
    outer loop
      vertex -1.7477 -68.9076 0
      vertex -1.86454 -69.0599 3
      vertex -1.86454 -69.0599 0
    endloop
  endfacet
  facet normal 0.843292 -0.537455 0
    outer loop
      vertex -1.96766 -69.2217 3
      vertex -1.86454 -69.0599 0
      vertex -1.86454 -69.0599 3
    endloop
  endfacet
  facet normal 0.843292 -0.537455 0
    outer loop
      vertex -1.86454 -69.0599 0
      vertex -1.96766 -69.2217 3
      vertex -1.96766 -69.2217 0
    endloop
  endfacet
  facet normal 0.300645 -0.953736 0
    outer loop
      vertex -0.814846 -68.2544 0
      vertex -0.631804 -68.1967 3
      vertex -0.814846 -68.2544 3
    endloop
  endfacet
  facet normal 0.300645 -0.953736 0
    outer loop
      vertex -0.631804 -68.1967 3
      vertex -0.814846 -68.2544 0
      vertex -0.631804 -68.1967 0
    endloop
  endfacet
  facet normal -0.991447 0.130508 0
    outer loop
      vertex 2.10417 -70.7038 0
      vertex 2.12922 -70.5135 3
      vertex 2.12922 -70.5135 0
    endloop
  endfacet
  facet normal -0.991447 0.130508 0
    outer loop
      vertex 2.12922 -70.5135 3
      vertex 2.10417 -70.7038 0
      vertex 2.10417 -70.7038 3
    endloop
  endfacet
  facet normal -0.999047 0.0436497 0
    outer loop
      vertex 2.12922 -70.5135 0
      vertex 2.1376 -70.3217 3
      vertex 2.1376 -70.3217 0
    endloop
  endfacet
  facet normal -0.999047 0.0436497 0
    outer loop
      vertex 2.1376 -70.3217 3
      vertex 2.12922 -70.5135 0
      vertex 2.12922 -70.5135 3
    endloop
  endfacet
  facet normal -0.953749 0.300605 0
    outer loop
      vertex 2.00492 -71.0742 0
      vertex 2.06263 -70.8911 3
      vertex 2.06263 -70.8911 0
    endloop
  endfacet
  facet normal -0.953749 0.300605 0
    outer loop
      vertex 2.06263 -70.8911 3
      vertex 2.00492 -71.0742 0
      vertex 2.00492 -71.0742 3
    endloop
  endfacet
  facet normal -0.461655 0.88706 0
    outer loop
      vertex 1.0376 -72.227 0
      vertex 0.867357 -72.3156 3
      vertex 1.0376 -72.227 3
    endloop
  endfacet
  facet normal -0.461655 0.88706 0
    outer loop
      vertex 0.867357 -72.3156 3
      vertex 1.0376 -72.227 0
      vertex 0.867357 -72.3156 0
    endloop
  endfacet
  facet normal -0.675418 0.737435 0
    outer loop
      vertex 1.49323 -71.8774 0
      vertex 1.35173 -72.007 3
      vertex 1.49323 -71.8774 3
    endloop
  endfacet
  facet normal -0.675418 0.737435 0
    outer loop
      vertex 1.35173 -72.007 3
      vertex 1.49323 -71.8774 0
      vertex 1.35173 -72.007 0
    endloop
  endfacet
  facet normal -0.886969 0.461829 0
    outer loop
      vertex 1.84285 -71.4217 0
      vertex 1.93147 -71.2515 3
      vertex 1.93147 -71.2515 0
    endloop
  endfacet
  facet normal -0.886969 0.461829 0
    outer loop
      vertex 1.93147 -71.2515 3
      vertex 1.84285 -71.4217 0
      vertex 1.84285 -71.4217 3
    endloop
  endfacet
  facet normal -0.793413 0.608683 0
    outer loop
      vertex 1.62289 -71.7359 0
      vertex 1.73973 -71.5836 3
      vertex 1.73973 -71.5836 0
    endloop
  endfacet
  facet normal -0.793413 0.608683 0
    outer loop
      vertex 1.73973 -71.5836 3
      vertex 1.62289 -71.7359 0
      vertex 1.62289 -71.7359 3
    endloop
  endfacet
  facet normal -0.0432471 0.999064 0
    outer loop
      vertex 0.129339 -72.5134 0
      vertex -0.0624018 -72.5217 3
      vertex 0.129339 -72.5134 3
    endloop
  endfacet
  facet normal -0.0432471 0.999064 0
    outer loop
      vertex -0.0624018 -72.5217 3
      vertex 0.129339 -72.5134 0
      vertex -0.0624018 -72.5217 0
    endloop
  endfacet
  facet normal 0.999049 0.0435977 0
    outer loop
      vertex -2.25403 -70.5135 3
      vertex -2.2624 -70.3217 0
      vertex -2.2624 -70.3217 3
    endloop
  endfacet
  facet normal 0.999049 0.0435977 0
    outer loop
      vertex -2.2624 -70.3217 0
      vertex -2.25403 -70.5135 3
      vertex -2.25403 -70.5135 0
    endloop
  endfacet
  facet normal 0.991447 0.130508 0
    outer loop
      vertex -2.22898 -70.7038 3
      vertex -2.25403 -70.5135 0
      vertex -2.25403 -70.5135 3
    endloop
  endfacet
  facet normal 0.991447 0.130508 0
    outer loop
      vertex -2.25403 -70.5135 0
      vertex -2.22898 -70.7038 3
      vertex -2.22898 -70.7038 0
    endloop
  endfacet
  facet normal 0.923861 0.382728 0
    outer loop
      vertex -2.05628 -71.2515 3
      vertex -2.12973 -71.0742 0
      vertex -2.12973 -71.0742 3
    endloop
  endfacet
  facet normal 0.923861 0.382728 0
    outer loop
      vertex -2.12973 -71.0742 0
      vertex -2.05628 -71.2515 3
      vertex -2.05628 -71.2515 0
    endloop
  endfacet
  facet normal 0.73728 0.675588 0
    outer loop
      vertex -1.61804 -71.8774 3
      vertex -1.7477 -71.7359 0
      vertex -1.7477 -71.7359 3
    endloop
  endfacet
  facet normal 0.73728 0.675588 0
    outer loop
      vertex -1.7477 -71.7359 0
      vertex -1.61804 -71.8774 3
      vertex -1.61804 -71.8774 0
    endloop
  endfacet
  facet normal 0.886969 0.461829 0
    outer loop
      vertex -1.96766 -71.4217 3
      vertex -2.05628 -71.2515 0
      vertex -2.05628 -71.2515 3
    endloop
  endfacet
  facet normal 0.886969 0.461829 0
    outer loop
      vertex -2.05628 -71.2515 0
      vertex -1.96766 -71.4217 3
      vertex -1.96766 -71.4217 0
    endloop
  endfacet
  facet normal -0.976302 -0.216412 0
    outer loop
      vertex 2.10417 -69.9397 0
      vertex 2.06263 -69.7523 3
      vertex 2.06263 -69.7523 0
    endloop
  endfacet
  facet normal -0.976302 -0.216412 0
    outer loop
      vertex 2.06263 -69.7523 3
      vertex 2.10417 -69.9397 0
      vertex 2.10417 -69.9397 3
    endloop
  endfacet
  facet normal -0.608955 0.793205 0
    outer loop
      vertex 1.35173 -72.007 0
      vertex 1.19946 -72.1239 3
      vertex 1.35173 -72.007 3
    endloop
  endfacet
  facet normal -0.608955 0.793205 0
    outer loop
      vertex 1.19946 -72.1239 3
      vertex 1.35173 -72.007 0
      vertex 1.19946 -72.1239 0
    endloop
  endfacet
  facet normal -0.923861 0.382728 0
    outer loop
      vertex 1.93147 -71.2515 0
      vertex 2.00492 -71.0742 3
      vertex 2.00492 -71.0742 0
    endloop
  endfacet
  facet normal -0.923861 0.382728 0
    outer loop
      vertex 2.00492 -71.0742 3
      vertex 1.93147 -71.2515 0
      vertex 1.93147 -71.2515 3
    endloop
  endfacet
  facet normal -0.843443 0.537219 0
    outer loop
      vertex 1.73973 -71.5836 0
      vertex 1.84285 -71.4217 3
      vertex 1.84285 -71.4217 0
    endloop
  endfacet
  facet normal -0.843443 0.537219 0
    outer loop
      vertex 1.84285 -71.4217 3
      vertex 1.73973 -71.5836 0
      vertex 1.73973 -71.5836 3
    endloop
  endfacet
  facet normal 0.300645 0.953736 -0
    outer loop
      vertex -0.631804 -72.4468 0
      vertex -0.814846 -72.3891 3
      vertex -0.631804 -72.4468 3
    endloop
  endfacet
  facet normal 0.300645 0.953736 0
    outer loop
      vertex -0.814846 -72.3891 3
      vertex -0.631804 -72.4468 0
      vertex -0.814846 -72.3891 0
    endloop
  endfacet
  facet normal 0.0432466 0.999064 -0
    outer loop
      vertex -0.0624018 -72.5217 0
      vertex -0.254145 -72.5134 3
      vertex -0.0624018 -72.5217 3
    endloop
  endfacet
  facet normal 0.0432466 0.999064 0
    outer loop
      vertex -0.254145 -72.5134 3
      vertex -0.0624018 -72.5217 0
      vertex -0.254145 -72.5134 0
    endloop
  endfacet
  facet normal 0.953749 0.300605 0
    outer loop
      vertex -2.12973 -71.0742 3
      vertex -2.18744 -70.8911 0
      vertex -2.18744 -70.8911 3
    endloop
  endfacet
  facet normal 0.953749 0.300605 0
    outer loop
      vertex -2.18744 -70.8911 0
      vertex -2.12973 -71.0742 3
      vertex -2.12973 -71.0742 0
    endloop
  endfacet
  facet normal 0.675392 0.737459 -0
    outer loop
      vertex -1.47653 -72.007 0
      vertex -1.61804 -71.8774 3
      vertex -1.47653 -72.007 3
    endloop
  endfacet
  facet normal 0.675392 0.737459 0
    outer loop
      vertex -1.61804 -71.8774 3
      vertex -1.47653 -72.007 0
      vertex -1.61804 -71.8774 0
    endloop
  endfacet
  facet normal -0.21624 0.97634 0
    outer loop
      vertex 0.506999 -72.4468 0
      vertex 0.319623 -72.4883 3
      vertex 0.506999 -72.4468 3
    endloop
  endfacet
  facet normal -0.21624 0.97634 0
    outer loop
      vertex 0.319623 -72.4883 3
      vertex 0.506999 -72.4468 0
      vertex 0.319623 -72.4883 0
    endloop
  endfacet
  facet normal -0.130775 0.991412 0
    outer loop
      vertex 0.319623 -72.4883 0
      vertex 0.129339 -72.5134 3
      vertex 0.319623 -72.4883 3
    endloop
  endfacet
  facet normal -0.130775 0.991412 0
    outer loop
      vertex 0.129339 -72.5134 3
      vertex 0.319623 -72.4883 0
      vertex 0.129339 -72.5134 0
    endloop
  endfacet
  facet normal -0.953702 -0.300755 0
    outer loop
      vertex 2.06263 -69.7523 0
      vertex 2.00492 -69.5693 3
      vertex 2.00492 -69.5693 0
    endloop
  endfacet
  facet normal -0.953702 -0.300755 0
    outer loop
      vertex 2.00492 -69.5693 3
      vertex 2.06263 -69.7523 0
      vertex 2.06263 -69.7523 3
    endloop
  endfacet
  facet normal -0.991447 -0.130508 0
    outer loop
      vertex 2.12922 -70.13 0
      vertex 2.10417 -69.9397 3
      vertex 2.10417 -69.9397 0
    endloop
  endfacet
  facet normal -0.991447 -0.130508 0
    outer loop
      vertex 2.10417 -69.9397 3
      vertex 2.12922 -70.13 0
      vertex 2.12922 -70.13 3
    endloop
  endfacet
  facet normal -0.976278 0.216522 0
    outer loop
      vertex 2.06263 -70.8911 0
      vertex 2.10417 -70.7038 3
      vertex 2.10417 -70.7038 0
    endloop
  endfacet
  facet normal -0.976278 0.216522 0
    outer loop
      vertex 2.10417 -70.7038 3
      vertex 2.06263 -70.8911 0
      vertex 2.06263 -70.8911 3
    endloop
  endfacet
  facet normal -0.53724 0.84343 0
    outer loop
      vertex 1.19946 -72.1239 0
      vertex 1.0376 -72.227 3
      vertex 1.19946 -72.1239 3
    endloop
  endfacet
  facet normal -0.53724 0.84343 0
    outer loop
      vertex 1.0376 -72.227 3
      vertex 1.19946 -72.1239 0
      vertex 1.0376 -72.227 0
    endloop
  endfacet
  facet normal -0.73728 0.675588 0
    outer loop
      vertex 1.49323 -71.8774 0
      vertex 1.62289 -71.7359 3
      vertex 1.62289 -71.7359 0
    endloop
  endfacet
  facet normal -0.73728 0.675588 0
    outer loop
      vertex 1.62289 -71.7359 3
      vertex 1.49323 -71.8774 0
      vertex 1.49323 -71.8774 3
    endloop
  endfacet
  facet normal 0.461668 0.887053 -0
    outer loop
      vertex -0.992163 -72.3156 0
      vertex -1.1624 -72.227 3
      vertex -0.992163 -72.3156 3
    endloop
  endfacet
  facet normal 0.461668 0.887053 0
    outer loop
      vertex -1.1624 -72.227 3
      vertex -0.992163 -72.3156 0
      vertex -1.1624 -72.227 0
    endloop
  endfacet
  facet normal 0.976278 0.216522 0
    outer loop
      vertex -2.18744 -70.8911 3
      vertex -2.22898 -70.7038 0
      vertex -2.22898 -70.7038 3
    endloop
  endfacet
  facet normal 0.976278 0.216522 0
    outer loop
      vertex -2.22898 -70.7038 0
      vertex -2.18744 -70.8911 3
      vertex -2.18744 -70.8911 0
    endloop
  endfacet
  facet normal 0.843443 0.537219 0
    outer loop
      vertex -1.86454 -71.5836 3
      vertex -1.96766 -71.4217 0
      vertex -1.96766 -71.4217 3
    endloop
  endfacet
  facet normal 0.843443 0.537219 0
    outer loop
      vertex -1.96766 -71.4217 0
      vertex -1.86454 -71.5836 3
      vertex -1.86454 -71.5836 0
    endloop
  endfacet
  facet normal 0.21624 0.97634 -0
    outer loop
      vertex -0.444428 -72.4883 0
      vertex -0.631804 -72.4468 3
      vertex -0.444428 -72.4883 3
    endloop
  endfacet
  facet normal 0.21624 0.97634 0
    outer loop
      vertex -0.631804 -72.4468 3
      vertex -0.444428 -72.4883 0
      vertex -0.631804 -72.4468 0
    endloop
  endfacet
  facet normal 0.537216 0.843445 -0
    outer loop
      vertex -1.1624 -72.227 0
      vertex -1.32427 -72.1239 3
      vertex -1.1624 -72.227 3
    endloop
  endfacet
  facet normal 0.537216 0.843445 0
    outer loop
      vertex -1.32427 -72.1239 3
      vertex -1.1624 -72.227 0
      vertex -1.32427 -72.1239 0
    endloop
  endfacet
  facet normal 0.60898 0.793185 -0
    outer loop
      vertex -1.32427 -72.1239 0
      vertex -1.47653 -72.007 3
      vertex -1.32427 -72.1239 3
    endloop
  endfacet
  facet normal 0.60898 0.793185 0
    outer loop
      vertex -1.47653 -72.007 3
      vertex -1.32427 -72.1239 0
      vertex -1.47653 -72.007 0
    endloop
  endfacet
  facet normal 0.382919 0.923782 -0
    outer loop
      vertex -0.814846 -72.3891 0
      vertex -0.992163 -72.3156 3
      vertex -0.814846 -72.3891 3
    endloop
  endfacet
  facet normal 0.382919 0.923782 0
    outer loop
      vertex -0.992163 -72.3156 3
      vertex -0.814846 -72.3891 0
      vertex -0.992163 -72.3156 0
    endloop
  endfacet
  facet normal 0.793413 0.608683 0
    outer loop
      vertex -1.7477 -71.7359 3
      vertex -1.86454 -71.5836 0
      vertex -1.86454 -71.5836 3
    endloop
  endfacet
  facet normal 0.793413 0.608683 0
    outer loop
      vertex -1.86454 -71.5836 0
      vertex -1.7477 -71.7359 3
      vertex -1.7477 -71.7359 0
    endloop
  endfacet
  facet normal 0.130776 0.991412 -0
    outer loop
      vertex -0.254145 -72.5134 0
      vertex -0.444428 -72.4883 3
      vertex -0.254145 -72.5134 3
    endloop
  endfacet
  facet normal 0.130776 0.991412 0
    outer loop
      vertex -0.444428 -72.4883 3
      vertex -0.254145 -72.5134 0
      vertex -0.444428 -72.4883 0
    endloop
  endfacet
  facet normal 0 0 -1
    outer loop
      vertex 12.9128 -56.4677 0
      vertex -44.0057 -37.8087 0
      vertex -43.9973 -37.617 0
    endloop
  endfacet
  facet normal 0 0 -1
    outer loop
      vertex -52.4487 -59.3797 0
      vertex -43.9901 -56.1507 0
      vertex -44.0151 -56.3409 0
    endloop
  endfacet
  facet normal 0 0 -1
    outer loop
      vertex -52.4487 -59.3797 0
      vertex -44.0151 -56.3409 0
      vertex -44.0235 -56.5327 0
    endloop
  endfacet
  facet normal 0 0 -1
    outer loop
      vertex -43.9485 -55.9633 0
      vertex -44.0308 -37.999 0
      vertex -44.0057 -37.8087 0
    endloop
  endfacet
  facet normal 0 0 -1
    outer loop
      vertex -1.86454 -69.0599 0
      vertex -39.6319 -56.7244 0
      vertex -39.6235 -56.5327 0
    endloop
  endfacet
  facet normal 0 0 -1
    outer loop
      vertex -2.25403 -70.5135 0
      vertex -39.6569 -56.9147 0
      vertex -39.6319 -56.7244 0
    endloop
  endfacet
  facet normal 0 0 -1
    outer loop
      vertex -2.25403 -70.5135 0
      vertex -39.6985 -57.1021 0
      vertex -39.6569 -56.9147 0
    endloop
  endfacet
  facet normal 0 0 -1
    outer loop
      vertex -2.25403 -70.5135 0
      vertex -39.7562 -57.2851 0
      vertex -39.6985 -57.1021 0
    endloop
  endfacet
  facet normal 0 0 -1
    outer loop
      vertex -2.25403 -70.5135 0
      vertex -39.8296 -57.4624 0
      vertex -39.7562 -57.2851 0
    endloop
  endfacet
  facet normal 0 0 -1
    outer loop
      vertex -2.25403 -70.5135 0
      vertex -39.9182 -57.6327 0
      vertex -39.8296 -57.4624 0
    endloop
  endfacet
  facet normal 0 0 -1
    outer loop
      vertex -2.25403 -70.5135 0
      vertex -40.0214 -57.7946 0
      vertex -39.9182 -57.6327 0
    endloop
  endfacet
  facet normal 0 0 -1
    outer loop
      vertex -2.25403 -70.5135 0
      vertex -40.1382 -57.9468 0
      vertex -40.0214 -57.7946 0
    endloop
  endfacet
  facet normal 0 0 -1
    outer loop
      vertex -3.82462 -80.6583 0
      vertex -40.2679 -58.0883 0
      vertex -40.1382 -57.9468 0
    endloop
  endfacet
  facet normal 0 0 -1
    outer loop
      vertex -45.5857 -66.8693 0
      vertex -40.2679 -58.0883 0
      vertex -3.82462 -80.6583 0
    endloop
  endfacet
  facet normal 0 0 -1
    outer loop
      vertex -40.2679 -58.0883 0
      vertex -45.5857 -66.8693 0
      vertex -40.4094 -58.218 0
    endloop
  endfacet
  facet normal 0 0 -1
    outer loop
      vertex -40.4094 -58.218 0
      vertex -45.5857 -66.8693 0
      vertex -40.5616 -58.3348 0
    endloop
  endfacet
  facet normal 0 0 -1
    outer loop
      vertex -40.5616 -58.3348 0
      vertex -45.5857 -66.8693 0
      vertex -40.7235 -58.4379 0
    endloop
  endfacet
  facet normal 0 0 -1
    outer loop
      vertex -40.7235 -58.4379 0
      vertex -45.5857 -66.8693 0
      vertex -40.8937 -58.5266 0
    endloop
  endfacet
  facet normal 0 0 -1
    outer loop
      vertex -40.8937 -58.5266 0
      vertex -45.5857 -66.8693 0
      vertex -41.071 -58.6 0
    endloop
  endfacet
  facet normal 0 0 -1
    outer loop
      vertex -41.071 -58.6 0
      vertex -45.5857 -66.8693 0
      vertex -41.2541 -58.6577 0
    endloop
  endfacet
  facet normal 0 0 -1
    outer loop
      vertex -41.2541 -58.6577 0
      vertex -45.5857 -66.8693 0
      vertex -41.4415 -58.6993 0
    endloop
  endfacet
  facet normal 0 0 -1
    outer loop
      vertex -41.4415 -58.6993 0
      vertex -45.5857 -66.8693 0
      vertex -41.6317 -58.7243 0
    endloop
  endfacet
  facet normal 0 0 -1
    outer loop
      vertex -41.6317 -58.7243 0
      vertex -45.5857 -66.8693 0
      vertex -41.8235 -58.7327 0
    endloop
  endfacet
  facet normal -0 0 -1
    outer loop
      vertex -41.8235 -58.7327 0
      vertex -45.5857 -66.8693 0
      vertex -42.0152 -58.7243 0
    endloop
  endfacet
  facet normal -0 0 -1
    outer loop
      vertex -42.0152 -58.7243 0
      vertex -45.5857 -66.8693 0
      vertex -42.2055 -58.6993 0
    endloop
  endfacet
  facet normal -0 0 -1
    outer loop
      vertex -42.2055 -58.6993 0
      vertex -45.5857 -66.8693 0
      vertex -42.3929 -58.6577 0
    endloop
  endfacet
  facet normal -0 0 -1
    outer loop
      vertex -42.3929 -58.6577 0
      vertex -45.5857 -66.8693 0
      vertex -42.5759 -58.6 0
    endloop
  endfacet
  facet normal -0 0 -1
    outer loop
      vertex -42.5759 -58.6 0
      vertex -45.5857 -66.8693 0
      vertex -42.7533 -58.5266 0
    endloop
  endfacet
  facet normal 0 0 -1
    outer loop
      vertex -43.9485 -55.9633 0
      vertex -44.0723 -38.1864 0
      vertex -44.0308 -37.999 0
    endloop
  endfacet
  facet normal 0 0 -1
    outer loop
      vertex -43.9485 -55.9633 0
      vertex -44.13 -38.3694 0
      vertex -44.0723 -38.1864 0
    endloop
  endfacet
  facet normal 0 0 -1
    outer loop
      vertex -43.9485 -55.9633 0
      vertex -44.2035 -38.5468 0
      vertex -44.13 -38.3694 0
    endloop
  endfacet
  facet normal 0 0 -1
    outer loop
      vertex -43.9485 -55.9633 0
      vertex -44.2921 -38.717 0
      vertex -44.2035 -38.5468 0
    endloop
  endfacet
  facet normal 0 0 -1
    outer loop
      vertex -43.9485 -55.9633 0
      vertex -44.3952 -38.8789 0
      vertex -44.2921 -38.717 0
    endloop
  endfacet
  facet normal 0 0 -1
    outer loop
      vertex -43.9485 -55.9633 0
      vertex -44.512 -39.0311 0
      vertex -44.3952 -38.8789 0
    endloop
  endfacet
  facet normal 0 0 -1
    outer loop
      vertex -43.9485 -55.9633 0
      vertex -44.6417 -39.1726 0
      vertex -44.512 -39.0311 0
    endloop
  endfacet
  facet normal 0 0 -1
    outer loop
      vertex -43.9485 -55.9633 0
      vertex -44.7832 -39.3023 0
      vertex -44.6417 -39.1726 0
    endloop
  endfacet
  facet normal 0 0 -1
    outer loop
      vertex -52.4487 -59.3797 0
      vertex -44.0235 -56.5327 0
      vertex -44.0151 -56.7244 0
    endloop
  endfacet
  facet normal 0 0 -1
    outer loop
      vertex -43.9485 -55.9633 0
      vertex -44.9355 -39.4191 0
      vertex -44.7832 -39.3023 0
    endloop
  endfacet
  facet normal 0 0 -1
    outer loop
      vertex -43.9485 -55.9633 0
      vertex -45.0973 -39.5222 0
      vertex -44.9355 -39.4191 0
    endloop
  endfacet
  facet normal 0 0 -1
    outer loop
      vertex -43.9485 -55.9633 0
      vertex -45.2676 -39.6109 0
      vertex -45.0973 -39.5222 0
    endloop
  endfacet
  facet normal 0 0 -1
    outer loop
      vertex -43.9485 -55.9633 0
      vertex -45.4449 -39.6843 0
      vertex -45.2676 -39.6109 0
    endloop
  endfacet
  facet normal 0 0 -1
    outer loop
      vertex -46.4723 -66.5021 0
      vertex -42.7533 -58.5266 0
      vertex -45.5857 -66.8693 0
    endloop
  endfacet
  facet normal -0 0 -1
    outer loop
      vertex -42.7533 -58.5266 0
      vertex -46.4723 -66.5021 0
      vertex -42.9235 -58.4379 0
    endloop
  endfacet
  facet normal 0 0 -1
    outer loop
      vertex -47.3235 -66.059 0
      vertex -42.9235 -58.4379 0
      vertex -46.4723 -66.5021 0
    endloop
  endfacet
  facet normal -0 0 -1
    outer loop
      vertex -42.9235 -58.4379 0
      vertex -47.3235 -66.059 0
      vertex -43.0854 -58.3348 0
    endloop
  endfacet
  facet normal 0 0 -1
    outer loop
      vertex -48.1328 -65.5434 0
      vertex -43.0854 -58.3348 0
      vertex -47.3235 -66.059 0
    endloop
  endfacet
  facet normal -0 0 -1
    outer loop
      vertex -43.0854 -58.3348 0
      vertex -48.1328 -65.5434 0
      vertex -43.2376 -58.218 0
    endloop
  endfacet
  facet normal 0 0 -1
    outer loop
      vertex -48.8941 -64.9592 0
      vertex -43.2376 -58.218 0
      vertex -48.1328 -65.5434 0
    endloop
  endfacet
  facet normal -0 0 -1
    outer loop
      vertex -43.2376 -58.218 0
      vertex -48.8941 -64.9592 0
      vertex -43.3791 -58.0883 0
    endloop
  endfacet
  facet normal 0 0 -1
    outer loop
      vertex -49.6017 -64.3109 0
      vertex -43.3791 -58.0883 0
      vertex -48.8941 -64.9592 0
    endloop
  endfacet
  facet normal -0 0 -1
    outer loop
      vertex -43.3791 -58.0883 0
      vertex -49.6017 -64.3109 0
      vertex -43.5088 -57.9468 0
    endloop
  endfacet
  facet normal 0 0 -1
    outer loop
      vertex -50.25 -63.6033 0
      vertex -43.5088 -57.9468 0
      vertex -49.6017 -64.3109 0
    endloop
  endfacet
  facet normal -0 0 -1
    outer loop
      vertex -43.5088 -57.9468 0
      vertex -50.25 -63.6033 0
      vertex -43.6256 -57.7946 0
    endloop
  endfacet
  facet normal 0 0 -1
    outer loop
      vertex -50.8342 -62.842 0
      vertex -43.6256 -57.7946 0
      vertex -50.25 -63.6033 0
    endloop
  endfacet
  facet normal -0 0 -1
    outer loop
      vertex -43.9485 -55.9633 0
      vertex -52.4487 -59.3797 0
      vertex -56.8225 -40.464 0
    endloop
  endfacet
  facet normal 0 0 -1
    outer loop
      vertex -43.9485 -55.9633 0
      vertex -45.6279 -39.742 0
      vertex -45.4449 -39.6843 0
    endloop
  endfacet
  facet normal 0 0 -1
    outer loop
      vertex -43.9485 -55.9633 0
      vertex -45.8153 -39.7836 0
      vertex -45.6279 -39.742 0
    endloop
  endfacet
  facet normal 0 0 -1
    outer loop
      vertex -43.9485 -55.9633 0
      vertex -46.0056 -39.8086 0
      vertex -45.8153 -39.7836 0
    endloop
  endfacet
  facet normal 0 0 -1
    outer loop
      vertex -43.9485 -55.9633 0
      vertex -46.1973 -39.817 0
      vertex -46.0056 -39.8086 0
    endloop
  endfacet
  facet normal -0 0 -1
    outer loop
      vertex -43.6256 -57.7946 0
      vertex -50.8342 -62.842 0
      vertex -43.7287 -57.6327 0
    endloop
  endfacet
  facet normal 0 0 -1
    outer loop
      vertex -43.9485 -55.9633 0
      vertex -46.3891 -39.8086 0
      vertex -46.1973 -39.817 0
    endloop
  endfacet
  facet normal 0 0 -1
    outer loop
      vertex -43.9485 -55.9633 0
      vertex -46.5794 -39.7836 0
      vertex -46.3891 -39.8086 0
    endloop
  endfacet
  facet normal 0 0 -1
    outer loop
      vertex -43.9485 -55.9633 0
      vertex -46.7667 -39.742 0
      vertex -46.5794 -39.7836 0
    endloop
  endfacet
  facet normal 0 0 -1
    outer loop
      vertex -43.9485 -55.9633 0
      vertex -46.9498 -39.6843 0
      vertex -46.7667 -39.742 0
    endloop
  endfacet
  facet normal 0 0 -1
    outer loop
      vertex -43.9485 -55.9633 0
      vertex -47.1271 -39.6109 0
      vertex -46.9498 -39.6843 0
    endloop
  endfacet
  facet normal 0 0 -1
    outer loop
      vertex -51.3498 -62.0327 0
      vertex -43.7287 -57.6327 0
      vertex -50.8342 -62.842 0
    endloop
  endfacet
  facet normal 0 0 -1
    outer loop
      vertex -43.9485 -55.9633 0
      vertex -56.8225 -40.464 0
      vertex -47.1271 -39.6109 0
    endloop
  endfacet
  facet normal -0 0 -1
    outer loop
      vertex -47.1271 -39.6109 0
      vertex -56.8225 -40.464 0
      vertex -47.2973 -39.5222 0
    endloop
  endfacet
  facet normal -0 0 -1
    outer loop
      vertex -47.2973 -39.5222 0
      vertex -56.8225 -40.464 0
      vertex -47.4592 -39.4191 0
    endloop
  endfacet
  facet normal -0 0 -1
    outer loop
      vertex -47.4592 -39.4191 0
      vertex -56.8225 -40.464 0
      vertex -47.6115 -39.3023 0
    endloop
  endfacet
  facet normal -0 0 -1
    outer loop
      vertex -47.6115 -39.3023 0
      vertex -56.8225 -40.464 0
      vertex -47.753 -39.1726 0
    endloop
  endfacet
  facet normal -0 0 -1
    outer loop
      vertex -47.753 -39.1726 0
      vertex -56.8225 -40.464 0
      vertex -47.8826 -39.0311 0
    endloop
  endfacet
  facet normal -0 0 -1
    outer loop
      vertex -43.7287 -57.6327 0
      vertex -51.3498 -62.0327 0
      vertex -43.8174 -57.4624 0
    endloop
  endfacet
  facet normal -0 0 -1
    outer loop
      vertex -47.8826 -39.0311 0
      vertex -56.8225 -40.464 0
      vertex -47.9995 -38.8789 0
    endloop
  endfacet
  facet normal -0 0 -1
    outer loop
      vertex -47.9995 -38.8789 0
      vertex -56.8225 -40.464 0
      vertex -48.1026 -38.717 0
    endloop
  endfacet
  facet normal -0 0 -1
    outer loop
      vertex -48.1026 -38.717 0
      vertex -56.8225 -40.464 0
      vertex -48.1912 -38.5468 0
    endloop
  endfacet
  facet normal -0 0 -1
    outer loop
      vertex -48.1912 -38.5468 0
      vertex -56.8225 -40.464 0
      vertex -48.2647 -38.3694 0
    endloop
  endfacet
  facet normal -0 0 -1
    outer loop
      vertex -48.2647 -38.3694 0
      vertex -56.8225 -40.464 0
      vertex -48.3224 -38.1864 0
    endloop
  endfacet
  facet normal -0 0 -1
    outer loop
      vertex -48.3224 -38.1864 0
      vertex -56.8225 -40.464 0
      vertex -48.3639 -37.999 0
    endloop
  endfacet
  facet normal 0 0 -1
    outer loop
      vertex -51.7929 -61.1815 0
      vertex -43.8174 -57.4624 0
      vertex -51.3498 -62.0327 0
    endloop
  endfacet
  facet normal 0 0 -1
    outer loop
      vertex 7.00826 -78.7482 0
      vertex 2.12922 -70.5135 0
      vertex 2.1376 -70.3217 0
    endloop
  endfacet
  facet normal 0 0 -1
    outer loop
      vertex 3.69981 -80.6583 0
      vertex 2.10417 -70.7038 0
      vertex 2.12922 -70.5135 0
    endloop
  endfacet
  facet normal 0 0 -1
    outer loop
      vertex 3.69981 -80.6583 0
      vertex 2.06263 -70.8911 0
      vertex 2.10417 -70.7038 0
    endloop
  endfacet
  facet normal 0 0 -1
    outer loop
      vertex 3.69981 -80.6583 0
      vertex 2.00492 -71.0742 0
      vertex 2.06263 -70.8911 0
    endloop
  endfacet
  facet normal 0 0 -1
    outer loop
      vertex 3.69981 -80.6583 0
      vertex 1.93147 -71.2515 0
      vertex 2.00492 -71.0742 0
    endloop
  endfacet
  facet normal 0 0 -1
    outer loop
      vertex 0.506999 -72.4468 0
      vertex 2.78459 -80.9469 0
      vertex 1.84772 -81.1546 0
    endloop
  endfacet
  facet normal 0 0 -1
    outer loop
      vertex 3.69981 -80.6583 0
      vertex 1.84285 -71.4217 0
      vertex 1.93147 -71.2515 0
    endloop
  endfacet
  facet normal 0 0 -1
    outer loop
      vertex 3.69981 -80.6583 0
      vertex 1.73973 -71.5836 0
      vertex 1.84285 -71.4217 0
    endloop
  endfacet
  facet normal 0 0 -1
    outer loop
      vertex 3.69981 -80.6583 0
      vertex 1.62289 -71.7359 0
      vertex 1.73973 -71.5836 0
    endloop
  endfacet
  facet normal 0 0 -1
    outer loop
      vertex 3.69981 -80.6583 0
      vertex 1.49323 -71.8774 0
      vertex 1.62289 -71.7359 0
    endloop
  endfacet
  facet normal 0 0 -1
    outer loop
      vertex 3.69981 -80.6583 0
      vertex 1.35173 -72.007 0
      vertex 1.49323 -71.8774 0
    endloop
  endfacet
  facet normal 0 0 -1
    outer loop
      vertex 3.69981 -80.6583 0
      vertex 1.19946 -72.1239 0
      vertex 1.35173 -72.007 0
    endloop
  endfacet
  facet normal 0 0 -1
    outer loop
      vertex 3.69981 -80.6583 0
      vertex 1.0376 -72.227 0
      vertex 1.19946 -72.1239 0
    endloop
  endfacet
  facet normal 0 0 -1
    outer loop
      vertex 0.319623 -72.4883 0
      vertex 1.84772 -81.1546 0
      vertex 0.896301 -81.2799 0
    endloop
  endfacet
  facet normal 0 0 -1
    outer loop
      vertex 3.69981 -80.6583 0
      vertex 0.867357 -72.3156 0
      vertex 1.0376 -72.227 0
    endloop
  endfacet
  facet normal 0 0 -1
    outer loop
      vertex 3.69981 -80.6583 0
      vertex 0.690042 -72.3891 0
      vertex 0.867357 -72.3156 0
    endloop
  endfacet
  facet normal 0 0 -1
    outer loop
      vertex 2.78459 -80.9469 0
      vertex 0.506999 -72.4468 0
      vertex 0.690042 -72.3891 0
    endloop
  endfacet
  facet normal 0 0 -1
    outer loop
      vertex 1.84772 -81.1546 0
      vertex 0.319623 -72.4883 0
      vertex 0.506999 -72.4468 0
    endloop
  endfacet
  facet normal 0 0 -1
    outer loop
      vertex 0.896301 -81.2799 0
      vertex 0.129339 -72.5134 0
      vertex 0.319623 -72.4883 0
    endloop
  endfacet
  facet normal 0 0 -1
    outer loop
      vertex -0.0623932 -81.3217 0
      vertex 0.129339 -72.5134 0
      vertex 0.896301 -81.2799 0
    endloop
  endfacet
  facet normal 0 0 -1
    outer loop
      vertex -0.0623932 -81.3217 0
      vertex -0.0624018 -72.5217 0
      vertex 0.129339 -72.5134 0
    endloop
  endfacet
  facet normal 0 0 -1
    outer loop
      vertex -0.0623932 -81.3217 0
      vertex -0.254145 -72.5134 0
      vertex -0.0624018 -72.5217 0
    endloop
  endfacet
  facet normal 0 0 -1
    outer loop
      vertex -1.0211 -81.2799 0
      vertex -0.254145 -72.5134 0
      vertex -0.0623932 -81.3217 0
    endloop
  endfacet
  facet normal -0 0 -1
    outer loop
      vertex -0.254145 -72.5134 0
      vertex -1.0211 -81.2799 0
      vertex -0.444428 -72.4883 0
    endloop
  endfacet
  facet normal 0 0 -1
    outer loop
      vertex -1.97252 -81.1546 0
      vertex -0.444428 -72.4883 0
      vertex -1.0211 -81.2799 0
    endloop
  endfacet
  facet normal -0 0 -1
    outer loop
      vertex -0.444428 -72.4883 0
      vertex -1.97252 -81.1546 0
      vertex -0.631804 -72.4468 0
    endloop
  endfacet
  facet normal 0 0 -1
    outer loop
      vertex -2.90941 -80.9469 0
      vertex -0.631804 -72.4468 0
      vertex -1.97252 -81.1546 0
    endloop
  endfacet
  facet normal -0 0 -1
    outer loop
      vertex -0.631804 -72.4468 0
      vertex -2.90941 -80.9469 0
      vertex -0.814846 -72.3891 0
    endloop
  endfacet
  facet normal 0 0 -1
    outer loop
      vertex -3.82462 -80.6583 0
      vertex -0.814846 -72.3891 0
      vertex -2.90941 -80.9469 0
    endloop
  endfacet
  facet normal -0 0 -1
    outer loop
      vertex -0.814846 -72.3891 0
      vertex -3.82462 -80.6583 0
      vertex -0.992163 -72.3156 0
    endloop
  endfacet
  facet normal -0 0 -1
    outer loop
      vertex -0.992163 -72.3156 0
      vertex -3.82462 -80.6583 0
      vertex -1.1624 -72.227 0
    endloop
  endfacet
  facet normal -0 0 -1
    outer loop
      vertex -1.1624 -72.227 0
      vertex -3.82462 -80.6583 0
      vertex -1.32427 -72.1239 0
    endloop
  endfacet
  facet normal -0 0 -1
    outer loop
      vertex -1.32427 -72.1239 0
      vertex -3.82462 -80.6583 0
      vertex -1.47653 -72.007 0
    endloop
  endfacet
  facet normal -0 0 -1
    outer loop
      vertex -1.47653 -72.007 0
      vertex -3.82462 -80.6583 0
      vertex -1.61804 -71.8774 0
    endloop
  endfacet
  facet normal -0 0 -1
    outer loop
      vertex -1.61804 -71.8774 0
      vertex -3.82462 -80.6583 0
      vertex -1.7477 -71.7359 0
    endloop
  endfacet
  facet normal -0 0 -1
    outer loop
      vertex -1.7477 -71.7359 0
      vertex -3.82462 -80.6583 0
      vertex -1.86454 -71.5836 0
    endloop
  endfacet
  facet normal -0 0 -1
    outer loop
      vertex -1.86454 -71.5836 0
      vertex -3.82462 -80.6583 0
      vertex -1.96766 -71.4217 0
    endloop
  endfacet
  facet normal -0 0 -1
    outer loop
      vertex -1.96766 -71.4217 0
      vertex -3.82462 -80.6583 0
      vertex -2.05628 -71.2515 0
    endloop
  endfacet
  facet normal -0 0 -1
    outer loop
      vertex -2.05628 -71.2515 0
      vertex -3.82462 -80.6583 0
      vertex -2.12973 -71.0742 0
    endloop
  endfacet
  facet normal -0 0 -1
    outer loop
      vertex -2.12973 -71.0742 0
      vertex -3.82462 -80.6583 0
      vertex -2.18744 -70.8911 0
    endloop
  endfacet
  facet normal -0 0 -1
    outer loop
      vertex -2.18744 -70.8911 0
      vertex -3.82462 -80.6583 0
      vertex -2.22898 -70.7038 0
    endloop
  endfacet
  facet normal -0 0 -1
    outer loop
      vertex -2.22898 -70.7038 0
      vertex -3.82462 -80.6583 0
      vertex -2.25403 -70.5135 0
    endloop
  endfacet
  facet normal 0 0 -1
    outer loop
      vertex 16.915 -57.7295 0
      vertex 25.715 -57.7295 0
      vertex 25.6731 -58.6883 0
    endloop
  endfacet
  facet normal 0 0 -1
    outer loop
      vertex 16.9066 -57.9213 0
      vertex 25.6731 -58.6883 0
      vertex 25.5479 -59.6397 0
    endloop
  endfacet
  facet normal 0 0 -1
    outer loop
      vertex 25.715 -57.7295 0
      vertex 16.915 -57.7295 0
      vertex 25.6731 -56.7708 0
    endloop
  endfacet
  facet normal 0 0 -1
    outer loop
      vertex 16.8816 -58.1116 0
      vertex 25.5479 -59.6397 0
      vertex 25.3402 -60.5766 0
    endloop
  endfacet
  facet normal 0 0 -1
    outer loop
      vertex 16.9066 -57.5378 0
      vertex 25.6731 -56.7708 0
      vertex 16.915 -57.7295 0
    endloop
  endfacet
  facet normal 0 0 -1
    outer loop
      vertex 16.84 -58.299 0
      vertex 25.3402 -60.5766 0
      vertex 25.0516 -61.4918 0
    endloop
  endfacet
  facet normal -0 0 -1
    outer loop
      vertex 25.6731 -56.7708 0
      vertex 16.9066 -57.5378 0
      vertex 25.5479 -55.8194 0
    endloop
  endfacet
  facet normal 0 0 -1
    outer loop
      vertex 16.7823 -58.482 0
      vertex 25.0516 -61.4918 0
      vertex 24.6844 -62.3783 0
    endloop
  endfacet
  facet normal 0 0 -1
    outer loop
      vertex 16.8816 -57.3475 0
      vertex 25.5479 -55.8194 0
      vertex 16.9066 -57.5378 0
    endloop
  endfacet
  facet normal 0 0 -1
    outer loop
      vertex 16.7089 -58.6593 0
      vertex 24.6844 -62.3783 0
      vertex 24.2413 -63.2295 0
    endloop
  endfacet
  facet normal -0 0 -1
    outer loop
      vertex 25.5479 -55.8194 0
      vertex 16.8816 -57.3475 0
      vertex 25.3402 -54.8825 0
    endloop
  endfacet
  facet normal 0 0 -1
    outer loop
      vertex 16.6202 -58.8296 0
      vertex 24.2413 -63.2295 0
      vertex 23.7256 -64.0389 0
    endloop
  endfacet
  facet normal 0 0 -1
    outer loop
      vertex 16.84 -57.1601 0
      vertex 25.3402 -54.8825 0
      vertex 16.8816 -57.3475 0
    endloop
  endfacet
  facet normal 0 0 -1
    outer loop
      vertex 16.5171 -58.9914 0
      vertex 23.7256 -64.0389 0
      vertex 23.1415 -64.8002 0
    endloop
  endfacet
  facet normal -0 0 -1
    outer loop
      vertex 25.3402 -54.8825 0
      vertex 16.84 -57.1601 0
      vertex 25.0516 -53.9673 0
    endloop
  endfacet
  facet normal 0 0 -1
    outer loop
      vertex 16.4003 -59.1437 0
      vertex 23.1415 -64.8002 0
      vertex 22.4931 -65.5077 0
    endloop
  endfacet
  facet normal 0 0 -1
    outer loop
      vertex 16.7823 -56.9771 0
      vertex 25.0516 -53.9673 0
      vertex 16.84 -57.1601 0
    endloop
  endfacet
  facet normal 0 0 -1
    outer loop
      vertex 16.2706 -59.2852 0
      vertex 22.4931 -65.5077 0
      vertex 21.7856 -66.156 0
    endloop
  endfacet
  facet normal -0 0 -1
    outer loop
      vertex 25.0516 -53.9673 0
      vertex 16.7823 -56.9771 0
      vertex 24.6844 -53.0807 0
    endloop
  endfacet
  facet normal 0 0 -1
    outer loop
      vertex 16.7089 -56.7998 0
      vertex 24.6844 -53.0807 0
      vertex 16.7823 -56.9771 0
    endloop
  endfacet
  facet normal 0 0 -1
    outer loop
      vertex 16.6202 -56.6296 0
      vertex 24.2413 -52.2295 0
      vertex 16.7089 -56.7998 0
    endloop
  endfacet
  facet normal -0 0 -1
    outer loop
      vertex 24.2413 -52.2295 0
      vertex 16.6202 -56.6296 0
      vertex 23.7256 -51.4202 0
    endloop
  endfacet
  facet normal -0 0 -1
    outer loop
      vertex 23.7256 -51.4202 0
      vertex 16.5171 -56.4677 0
      vertex 23.1415 -50.6589 0
    endloop
  endfacet
  facet normal -0 0 -1
    outer loop
      vertex 24.6844 -53.0807 0
      vertex 16.7089 -56.7998 0
      vertex 24.2413 -52.2295 0
    endloop
  endfacet
  facet normal 0 0 -1
    outer loop
      vertex 25.6731 -58.6883 0
      vertex 16.9066 -57.9213 0
      vertex 16.915 -57.7295 0
    endloop
  endfacet
  facet normal 0 0 -1
    outer loop
      vertex 25.5479 -59.6397 0
      vertex 16.8816 -58.1116 0
      vertex 16.9066 -57.9213 0
    endloop
  endfacet
  facet normal 0 0 -1
    outer loop
      vertex 25.3402 -60.5766 0
      vertex 16.84 -58.299 0
      vertex 16.8816 -58.1116 0
    endloop
  endfacet
  facet normal 0 0 -1
    outer loop
      vertex 25.0516 -61.4918 0
      vertex 16.7823 -58.482 0
      vertex 16.84 -58.299 0
    endloop
  endfacet
  facet normal 0 0 -1
    outer loop
      vertex 24.6844 -62.3783 0
      vertex 16.7089 -58.6593 0
      vertex 16.7823 -58.482 0
    endloop
  endfacet
  facet normal 0 0 -1
    outer loop
      vertex 24.2413 -63.2295 0
      vertex 16.6202 -58.8296 0
      vertex 16.7089 -58.6593 0
    endloop
  endfacet
  facet normal 0 0 -1
    outer loop
      vertex 23.7256 -64.0389 0
      vertex 16.5171 -58.9914 0
      vertex 16.6202 -58.8296 0
    endloop
  endfacet
  facet normal 0 0 -1
    outer loop
      vertex 23.1415 -64.8002 0
      vertex 16.4003 -59.1437 0
      vertex 16.5171 -58.9914 0
    endloop
  endfacet
  facet normal 0 0 -1
    outer loop
      vertex 22.4931 -65.5077 0
      vertex 16.2706 -59.2852 0
      vertex 16.4003 -59.1437 0
    endloop
  endfacet
  facet normal 0 0 -1
    outer loop
      vertex 21.7856 -66.156 0
      vertex 16.1291 -59.4148 0
      vertex 16.2706 -59.2852 0
    endloop
  endfacet
  facet normal 0 0 -1
    outer loop
      vertex 21.7856 -66.156 0
      vertex 15.9769 -59.5317 0
      vertex 16.1291 -59.4148 0
    endloop
  endfacet
  facet normal 0 0 -1
    outer loop
      vertex 21.7856 -66.156 0
      vertex 15.815 -59.6348 0
      vertex 15.9769 -59.5317 0
    endloop
  endfacet
  facet normal 0 0 -1
    outer loop
      vertex 21.7856 -66.156 0
      vertex 15.6447 -59.7234 0
      vertex 15.815 -59.6348 0
    endloop
  endfacet
  facet normal 0 0 -1
    outer loop
      vertex 21.7856 -66.156 0
      vertex 15.4674 -59.7969 0
      vertex 15.6447 -59.7234 0
    endloop
  endfacet
  facet normal 0 0 -1
    outer loop
      vertex 21.7856 -66.156 0
      vertex 15.2844 -59.8546 0
      vertex 15.4674 -59.7969 0
    endloop
  endfacet
  facet normal 0 0 -1
    outer loop
      vertex 21.7856 -66.156 0
      vertex 15.097 -59.8961 0
      vertex 15.2844 -59.8546 0
    endloop
  endfacet
  facet normal 0 0 -1
    outer loop
      vertex 21.7856 -66.156 0
      vertex 14.9067 -59.9212 0
      vertex 15.097 -59.8961 0
    endloop
  endfacet
  facet normal 0 0 -1
    outer loop
      vertex 21.7856 -66.156 0
      vertex 14.715 -59.9296 0
      vertex 14.9067 -59.9212 0
    endloop
  endfacet
  facet normal 0 0 -1
    outer loop
      vertex 21.7856 -66.156 0
      vertex 14.5232 -59.9212 0
      vertex 14.715 -59.9296 0
    endloop
  endfacet
  facet normal 0 0 -1
    outer loop
      vertex 21.7856 -66.156 0
      vertex 14.333 -59.8961 0
      vertex 14.5232 -59.9212 0
    endloop
  endfacet
  facet normal 0 0 -1
    outer loop
      vertex 2.12922 -70.13 0
      vertex 14.333 -59.8961 0
      vertex 21.7856 -66.156 0
    endloop
  endfacet
  facet normal -0 0 -1
    outer loop
      vertex 14.333 -59.8961 0
      vertex 2.12922 -70.13 0
      vertex 14.1456 -59.8546 0
    endloop
  endfacet
  facet normal 0 0 -1
    outer loop
      vertex 2.10417 -69.9397 0
      vertex 14.1456 -59.8546 0
      vertex 2.12922 -70.13 0
    endloop
  endfacet
  facet normal -0 0 -1
    outer loop
      vertex 14.1456 -59.8546 0
      vertex 2.10417 -69.9397 0
      vertex 13.9625 -59.7969 0
    endloop
  endfacet
  facet normal 0 0 -1
    outer loop
      vertex 2.06263 -69.7523 0
      vertex 13.9625 -59.7969 0
      vertex 2.10417 -69.9397 0
    endloop
  endfacet
  facet normal -0 0 -1
    outer loop
      vertex 13.9625 -59.7969 0
      vertex 2.06263 -69.7523 0
      vertex 13.7852 -59.7234 0
    endloop
  endfacet
  facet normal -0 0 -1
    outer loop
      vertex 13.1593 -59.2852 0
      vertex 1.62289 -68.9076 0
      vertex 13.0297 -59.1437 0
    endloop
  endfacet
  facet normal 0 0 -1
    outer loop
      vertex 1.62289 -68.9076 0
      vertex 13.1593 -59.2852 0
      vertex 1.73973 -69.0599 0
    endloop
  endfacet
  facet normal -0 0 -1
    outer loop
      vertex 13.3009 -59.4148 0
      vertex 1.73973 -69.0599 0
      vertex 13.1593 -59.2852 0
    endloop
  endfacet
  facet normal 0 0 -1
    outer loop
      vertex 1.73973 -69.0599 0
      vertex 13.3009 -59.4148 0
      vertex 1.84285 -69.2217 0
    endloop
  endfacet
  facet normal -0 0 -1
    outer loop
      vertex 13.4531 -59.5317 0
      vertex 1.84285 -69.2217 0
      vertex 13.3009 -59.4148 0
    endloop
  endfacet
  facet normal 0 0 -1
    outer loop
      vertex 1.84285 -69.2217 0
      vertex 13.4531 -59.5317 0
      vertex 1.93147 -69.392 0
    endloop
  endfacet
  facet normal -0 0 -1
    outer loop
      vertex 13.615 -59.6348 0
      vertex 1.93147 -69.392 0
      vertex 13.4531 -59.5317 0
    endloop
  endfacet
  facet normal 0 0 -1
    outer loop
      vertex 1.93147 -69.392 0
      vertex 13.615 -59.6348 0
      vertex 2.00492 -69.5693 0
    endloop
  endfacet
  facet normal -0 0 -1
    outer loop
      vertex 13.7852 -59.7234 0
      vertex 2.00492 -69.5693 0
      vertex 13.615 -59.6348 0
    endloop
  endfacet
  facet normal 0 0 -1
    outer loop
      vertex 2.00492 -69.5693 0
      vertex 13.7852 -59.7234 0
      vertex 2.06263 -69.7523 0
    endloop
  endfacet
  facet normal 0 0 -1
    outer loop
      vertex 2.12922 -70.13 0
      vertex 21.7856 -66.156 0
      vertex 7.00826 -78.7482 0
    endloop
  endfacet
  facet normal 0 0 -1
    outer loop
      vertex 16.5171 -56.4677 0
      vertex 23.7256 -51.4202 0
      vertex 16.6202 -56.6296 0
    endloop
  endfacet
  facet normal 0 0 -1
    outer loop
      vertex 16.4003 -56.3154 0
      vertex 23.1415 -50.6589 0
      vertex 16.5171 -56.4677 0
    endloop
  endfacet
  facet normal -0 0 -1
    outer loop
      vertex 23.1415 -50.6589 0
      vertex 16.4003 -56.3154 0
      vertex 22.4931 -49.9514 0
    endloop
  endfacet
  facet normal 0 0 -1
    outer loop
      vertex 16.2706 -56.1739 0
      vertex 22.4931 -49.9514 0
      vertex 16.4003 -56.3154 0
    endloop
  endfacet
  facet normal -0 0 -1
    outer loop
      vertex 22.4931 -49.9514 0
      vertex 16.2706 -56.1739 0
      vertex 21.7856 -49.3031 0
    endloop
  endfacet
  facet normal 0 0 -1
    outer loop
      vertex 16.1291 -56.0443 0
      vertex 21.7856 -49.3031 0
      vertex 16.2706 -56.1739 0
    endloop
  endfacet
  facet normal -0 0 -1
    outer loop
      vertex 21.7856 -49.3031 0
      vertex 16.1291 -56.0443 0
      vertex 21.0243 -48.7189 0
    endloop
  endfacet
  facet normal 0 0 -1
    outer loop
      vertex 15.9769 -55.9274 0
      vertex 21.0243 -48.7189 0
      vertex 16.1291 -56.0443 0
    endloop
  endfacet
  facet normal -0 0 -1
    outer loop
      vertex 21.0243 -48.7189 0
      vertex 15.9769 -55.9274 0
      vertex 20.215 -48.2033 0
    endloop
  endfacet
  facet normal 0 0 -1
    outer loop
      vertex 15.815 -55.8243 0
      vertex 20.215 -48.2033 0
      vertex 15.9769 -55.9274 0
    endloop
  endfacet
  facet normal -0 0 -1
    outer loop
      vertex 20.215 -48.2033 0
      vertex 15.815 -55.8243 0
      vertex 19.3638 -47.7602 0
    endloop
  endfacet
  facet normal 0 0 -1
    outer loop
      vertex 15.6447 -55.7357 0
      vertex 19.3638 -47.7602 0
      vertex 15.815 -55.8243 0
    endloop
  endfacet
  facet normal -0 0 -1
    outer loop
      vertex 19.3638 -47.7602 0
      vertex 15.6447 -55.7357 0
      vertex 18.4772 -47.3929 0
    endloop
  endfacet
  facet normal 0 0 -1
    outer loop
      vertex 15.4674 -55.6622 0
      vertex 18.4772 -47.3929 0
      vertex 15.6447 -55.7357 0
    endloop
  endfacet
  facet normal 0 0 -1
    outer loop
      vertex 15.2844 -55.6045 0
      vertex 18.4772 -47.3929 0
      vertex 15.4674 -55.6622 0
    endloop
  endfacet
  facet normal 0 0 -1
    outer loop
      vertex 15.097 -55.563 0
      vertex 18.4772 -47.3929 0
      vertex 15.2844 -55.6045 0
    endloop
  endfacet
  facet normal 0 0 -1
    outer loop
      vertex 14.9067 -55.5379 0
      vertex 18.4772 -47.3929 0
      vertex 15.097 -55.563 0
    endloop
  endfacet
  facet normal 0 0 -1
    outer loop
      vertex 14.715 -55.5295 0
      vertex 18.4772 -47.3929 0
      vertex 14.9067 -55.5379 0
    endloop
  endfacet
  facet normal 0 0 -1
    outer loop
      vertex 14.5232 -55.5379 0
      vertex 18.4772 -47.3929 0
      vertex 14.715 -55.5295 0
    endloop
  endfacet
  facet normal 0 0 -1
    outer loop
      vertex 14.333 -55.563 0
      vertex 18.4772 -47.3929 0
      vertex 14.5232 -55.5379 0
    endloop
  endfacet
  facet normal 0 0 -1
    outer loop
      vertex 14.1456 -55.6045 0
      vertex 18.4772 -47.3929 0
      vertex 14.333 -55.563 0
    endloop
  endfacet
  facet normal 0 0 -1
    outer loop
      vertex 13.9625 -55.6622 0
      vertex 18.4772 -47.3929 0
      vertex 14.1456 -55.6045 0
    endloop
  endfacet
  facet normal 0 0 -1
    outer loop
      vertex 13.7852 -55.7357 0
      vertex 18.4772 -47.3929 0
      vertex 13.9625 -55.6622 0
    endloop
  endfacet
  facet normal 0 0 -1
    outer loop
      vertex 13.615 -55.8243 0
      vertex 18.4772 -47.3929 0
      vertex 13.7852 -55.7357 0
    endloop
  endfacet
  facet normal 0 0 -1
    outer loop
      vertex 13.4531 -55.9274 0
      vertex 18.4772 -47.3929 0
      vertex 13.615 -55.8243 0
    endloop
  endfacet
  facet normal 0 0 -1
    outer loop
      vertex 13.3009 -56.0443 0
      vertex 18.4772 -47.3929 0
      vertex 13.4531 -55.9274 0
    endloop
  endfacet
  facet normal 0 0 -1
    outer loop
      vertex 13.1593 -56.1739 0
      vertex 18.4772 -47.3929 0
      vertex 13.3009 -56.0443 0
    endloop
  endfacet
  facet normal 0 0 -1
    outer loop
      vertex 13.0297 -56.3154 0
      vertex 18.4772 -47.3929 0
      vertex 13.1593 -56.1739 0
    endloop
  endfacet
  facet normal 0 0 -1
    outer loop
      vertex -42.4351 -27.2804 0
      vertex 13.0297 -56.3154 0
      vertex 12.9128 -56.4677 0
    endloop
  endfacet
  facet normal 0 0 -1
    outer loop
      vertex -44.0057 -37.8087 0
      vertex 12.9128 -56.4677 0
      vertex 12.8097 -56.6296 0
    endloop
  endfacet
  facet normal 0 0 -1
    outer loop
      vertex 1.49323 -68.7661 0
      vertex 13.0297 -59.1437 0
      vertex 1.62289 -68.9076 0
    endloop
  endfacet
  facet normal -0 0 -1
    outer loop
      vertex 13.0297 -59.1437 0
      vertex 1.49323 -68.7661 0
      vertex 12.9128 -58.9914 0
    endloop
  endfacet
  facet normal 0 0 -1
    outer loop
      vertex 1.35173 -68.6364 0
      vertex 12.9128 -58.9914 0
      vertex 1.49323 -68.7661 0
    endloop
  endfacet
  facet normal 0 0 -1
    outer loop
      vertex 2.12922 -70.5135 0
      vertex 7.00826 -78.7482 0
      vertex 6.24693 -79.3324 0
    endloop
  endfacet
  facet normal 0 0 -1
    outer loop
      vertex 2.12922 -70.5135 0
      vertex 6.24693 -79.3324 0
      vertex 5.43759 -79.848 0
    endloop
  endfacet
  facet normal 0 0 -1
    outer loop
      vertex 2.12922 -70.5135 0
      vertex 5.43759 -79.848 0
      vertex 4.5864 -80.2911 0
    endloop
  endfacet
  facet normal 0 0 -1
    outer loop
      vertex 2.12922 -70.13 0
      vertex 7.00826 -78.7482 0
      vertex 2.1376 -70.3217 0
    endloop
  endfacet
  facet normal 0 0 -1
    outer loop
      vertex 2.12922 -70.5135 0
      vertex 4.5864 -80.2911 0
      vertex 3.69981 -80.6583 0
    endloop
  endfacet
  facet normal 0 0 -1
    outer loop
      vertex 0.690042 -72.3891 0
      vertex 3.69981 -80.6583 0
      vertex 2.78459 -80.9469 0
    endloop
  endfacet
  facet normal -0 0 -1
    outer loop
      vertex 12.9128 -58.9914 0
      vertex 1.35173 -68.6364 0
      vertex 12.8097 -58.8296 0
    endloop
  endfacet
  facet normal 0 0 -1
    outer loop
      vertex 1.19946 -68.5196 0
      vertex 12.8097 -58.8296 0
      vertex 1.35173 -68.6364 0
    endloop
  endfacet
  facet normal -0 0 -1
    outer loop
      vertex 12.8097 -58.8296 0
      vertex 1.19946 -68.5196 0
      vertex 12.7211 -58.6593 0
    endloop
  endfacet
  facet normal 0 0 -1
    outer loop
      vertex 1.0376 -68.4165 0
      vertex 12.7211 -58.6593 0
      vertex 1.19946 -68.5196 0
    endloop
  endfacet
  facet normal -0 0 -1
    outer loop
      vertex 12.7211 -58.6593 0
      vertex 1.0376 -68.4165 0
      vertex 12.6477 -58.482 0
    endloop
  endfacet
  facet normal 0 0 -1
    outer loop
      vertex 0.867357 -68.3279 0
      vertex 12.6477 -58.482 0
      vertex 1.0376 -68.4165 0
    endloop
  endfacet
  facet normal -0 0 -1
    outer loop
      vertex 12.6477 -58.482 0
      vertex 0.867357 -68.3279 0
      vertex 12.5899 -58.299 0
    endloop
  endfacet
  facet normal 0 0 -1
    outer loop
      vertex 0.690042 -68.2544 0
      vertex 12.5899 -58.299 0
      vertex 0.867357 -68.3279 0
    endloop
  endfacet
  facet normal -0 0 -1
    outer loop
      vertex 12.5899 -58.299 0
      vertex 0.690042 -68.2544 0
      vertex 12.5484 -58.1116 0
    endloop
  endfacet
  facet normal 0 0 -1
    outer loop
      vertex 0.506999 -68.1967 0
      vertex 12.5484 -58.1116 0
      vertex 0.690042 -68.2544 0
    endloop
  endfacet
  facet normal -0 0 -1
    outer loop
      vertex 12.5484 -58.1116 0
      vertex 0.506999 -68.1967 0
      vertex 12.5234 -57.9213 0
    endloop
  endfacet
  facet normal 0 0 -1
    outer loop
      vertex 0.319623 -68.1552 0
      vertex 12.5234 -57.9213 0
      vertex 0.506999 -68.1967 0
    endloop
  endfacet
  facet normal -0 0 -1
    outer loop
      vertex 12.5234 -57.9213 0
      vertex 0.319623 -68.1552 0
      vertex 12.515 -57.7295 0
    endloop
  endfacet
  facet normal 0 0 -1
    outer loop
      vertex 0.129339 -68.1301 0
      vertex 12.515 -57.7295 0
      vertex 0.319623 -68.1552 0
    endloop
  endfacet
  facet normal -0 0 -1
    outer loop
      vertex 12.515 -57.7295 0
      vertex 0.129339 -68.1301 0
      vertex 12.5234 -57.5378 0
    endloop
  endfacet
  facet normal 0 0 -1
    outer loop
      vertex -0.0624018 -68.1217 0
      vertex 12.5234 -57.5378 0
      vertex 0.129339 -68.1301 0
    endloop
  endfacet
  facet normal -0 0 -1
    outer loop
      vertex 12.5234 -57.5378 0
      vertex -0.0624018 -68.1217 0
      vertex 12.5484 -57.3475 0
    endloop
  endfacet
  facet normal 0 0 -1
    outer loop
      vertex -0.254145 -68.1301 0
      vertex 12.5484 -57.3475 0
      vertex -0.0624018 -68.1217 0
    endloop
  endfacet
  facet normal -0 0 -1
    outer loop
      vertex 12.5484 -57.3475 0
      vertex -0.254145 -68.1301 0
      vertex 12.5899 -57.1601 0
    endloop
  endfacet
  facet normal 0 0 -1
    outer loop
      vertex -0.444428 -68.1552 0
      vertex 12.5899 -57.1601 0
      vertex -0.254145 -68.1301 0
    endloop
  endfacet
  facet normal -0 0 -1
    outer loop
      vertex 12.5899 -57.1601 0
      vertex -0.444428 -68.1552 0
      vertex 12.6477 -56.9771 0
    endloop
  endfacet
  facet normal 0 0 -1
    outer loop
      vertex -0.631804 -68.1967 0
      vertex 12.6477 -56.9771 0
      vertex -0.444428 -68.1552 0
    endloop
  endfacet
  facet normal -0 0 -1
    outer loop
      vertex 12.6477 -56.9771 0
      vertex -0.631804 -68.1967 0
      vertex 12.7211 -56.7998 0
    endloop
  endfacet
  facet normal 0 0 -1
    outer loop
      vertex -0.814846 -68.2544 0
      vertex 12.7211 -56.7998 0
      vertex -0.631804 -68.1967 0
    endloop
  endfacet
  facet normal -0 0 -1
    outer loop
      vertex 12.7211 -56.7998 0
      vertex -0.814846 -68.2544 0
      vertex 12.8097 -56.6296 0
    endloop
  endfacet
  facet normal 0 0 -1
    outer loop
      vertex -0.992163 -68.3279 0
      vertex 12.8097 -56.6296 0
      vertex -0.814846 -68.2544 0
    endloop
  endfacet
  facet normal 0 0 -1
    outer loop
      vertex -44.0057 -37.8087 0
      vertex 12.8097 -56.6296 0
      vertex -0.992163 -68.3279 0
    endloop
  endfacet
  facet normal 0 0 -1
    outer loop
      vertex -39.8296 -55.6029 0
      vertex -0.992163 -68.3279 0
      vertex -1.1624 -68.4165 0
    endloop
  endfacet
  facet normal 0 0 -1
    outer loop
      vertex -39.7562 -55.7802 0
      vertex -1.1624 -68.4165 0
      vertex -1.32427 -68.5196 0
    endloop
  endfacet
  facet normal 0 0 -1
    outer loop
      vertex -39.6985 -55.9633 0
      vertex -1.32427 -68.5196 0
      vertex -1.47653 -68.6364 0
    endloop
  endfacet
  facet normal 0 0 -1
    outer loop
      vertex -39.6569 -56.1507 0
      vertex -1.47653 -68.6364 0
      vertex -1.61804 -68.7661 0
    endloop
  endfacet
  facet normal 0 0 -1
    outer loop
      vertex -40.1382 -57.9468 0
      vertex -2.25403 -70.5135 0
      vertex -3.82462 -80.6583 0
    endloop
  endfacet
  facet normal 0 0 -1
    outer loop
      vertex -39.6319 -56.7244 0
      vertex -2.2624 -70.3217 0
      vertex -2.25403 -70.5135 0
    endloop
  endfacet
  facet normal 0 0 -1
    outer loop
      vertex -39.6319 -56.7244 0
      vertex -2.25403 -70.13 0
      vertex -2.2624 -70.3217 0
    endloop
  endfacet
  facet normal 0 0 -1
    outer loop
      vertex -39.6319 -56.7244 0
      vertex -2.22898 -69.9397 0
      vertex -2.25403 -70.13 0
    endloop
  endfacet
  facet normal 0 0 -1
    outer loop
      vertex -39.6319 -56.7244 0
      vertex -2.18744 -69.7523 0
      vertex -2.22898 -69.9397 0
    endloop
  endfacet
  facet normal 0 0 -1
    outer loop
      vertex -39.6319 -56.7244 0
      vertex -2.12973 -69.5693 0
      vertex -2.18744 -69.7523 0
    endloop
  endfacet
  facet normal 0 0 -1
    outer loop
      vertex -39.6319 -56.7244 0
      vertex -2.05628 -69.392 0
      vertex -2.12973 -69.5693 0
    endloop
  endfacet
  facet normal 0 0 -1
    outer loop
      vertex -39.6319 -56.7244 0
      vertex -1.96766 -69.2217 0
      vertex -2.05628 -69.392 0
    endloop
  endfacet
  facet normal 0 0 -1
    outer loop
      vertex -39.6319 -56.7244 0
      vertex -1.86454 -69.0599 0
      vertex -1.96766 -69.2217 0
    endloop
  endfacet
  facet normal 0 0 -1
    outer loop
      vertex -39.6235 -56.5327 0
      vertex -1.7477 -68.9076 0
      vertex -1.86454 -69.0599 0
    endloop
  endfacet
  facet normal 0 0 -1
    outer loop
      vertex -39.6319 -56.3409 0
      vertex -1.7477 -68.9076 0
      vertex -39.6235 -56.5327 0
    endloop
  endfacet
  facet normal 0 0 -1
    outer loop
      vertex -1.7477 -68.9076 0
      vertex -39.6319 -56.3409 0
      vertex -1.61804 -68.7661 0
    endloop
  endfacet
  facet normal 0 0 -1
    outer loop
      vertex -39.6569 -56.1507 0
      vertex -1.61804 -68.7661 0
      vertex -39.6319 -56.3409 0
    endloop
  endfacet
  facet normal 0 0 -1
    outer loop
      vertex -1.47653 -68.6364 0
      vertex -39.6569 -56.1507 0
      vertex -39.6985 -55.9633 0
    endloop
  endfacet
  facet normal 0 0 -1
    outer loop
      vertex -1.32427 -68.5196 0
      vertex -39.6985 -55.9633 0
      vertex -39.7562 -55.7802 0
    endloop
  endfacet
  facet normal 0 0 -1
    outer loop
      vertex -1.1624 -68.4165 0
      vertex -39.7562 -55.7802 0
      vertex -39.8296 -55.6029 0
    endloop
  endfacet
  facet normal 0 0 -1
    outer loop
      vertex -0.992163 -68.3279 0
      vertex -39.8296 -55.6029 0
      vertex -39.9182 -55.4327 0
    endloop
  endfacet
  facet normal 0 0 -1
    outer loop
      vertex -44.0057 -37.8087 0
      vertex -0.992163 -68.3279 0
      vertex -39.9182 -55.4327 0
    endloop
  endfacet
  facet normal 0 0 -1
    outer loop
      vertex -44.0057 -37.8087 0
      vertex -39.9182 -55.4327 0
      vertex -40.0214 -55.2708 0
    endloop
  endfacet
  facet normal 0 0 -1
    outer loop
      vertex -44.0057 -37.8087 0
      vertex -40.0214 -55.2708 0
      vertex -40.1382 -55.1186 0
    endloop
  endfacet
  facet normal 0 0 -1
    outer loop
      vertex -44.0057 -37.8087 0
      vertex -40.1382 -55.1186 0
      vertex -40.2679 -54.9771 0
    endloop
  endfacet
  facet normal 0 0 -1
    outer loop
      vertex -44.0057 -37.8087 0
      vertex -40.2679 -54.9771 0
      vertex -40.4094 -54.8474 0
    endloop
  endfacet
  facet normal 0 0 -1
    outer loop
      vertex -44.0057 -37.8087 0
      vertex -40.4094 -54.8474 0
      vertex -40.5616 -54.7306 0
    endloop
  endfacet
  facet normal 0 0 -1
    outer loop
      vertex -44.0057 -37.8087 0
      vertex -40.5616 -54.7306 0
      vertex -40.7235 -54.6274 0
    endloop
  endfacet
  facet normal 0 0 -1
    outer loop
      vertex -44.0057 -37.8087 0
      vertex -40.7235 -54.6274 0
      vertex -40.8937 -54.5388 0
    endloop
  endfacet
  facet normal 0 0 -1
    outer loop
      vertex -44.0057 -37.8087 0
      vertex -40.8937 -54.5388 0
      vertex -41.071 -54.4654 0
    endloop
  endfacet
  facet normal 0 0 -1
    outer loop
      vertex -44.0057 -37.8087 0
      vertex -41.071 -54.4654 0
      vertex -41.2541 -54.4077 0
    endloop
  endfacet
  facet normal 0 0 -1
    outer loop
      vertex -44.0057 -37.8087 0
      vertex -41.2541 -54.4077 0
      vertex -41.4415 -54.3661 0
    endloop
  endfacet
  facet normal 0 0 -1
    outer loop
      vertex -44.0057 -37.8087 0
      vertex -41.4415 -54.3661 0
      vertex -41.6317 -54.3411 0
    endloop
  endfacet
  facet normal 0 0 -1
    outer loop
      vertex -44.0057 -37.8087 0
      vertex -41.6317 -54.3411 0
      vertex -41.8235 -54.3327 0
    endloop
  endfacet
  facet normal 0 0 -1
    outer loop
      vertex -44.0057 -37.8087 0
      vertex -41.8235 -54.3327 0
      vertex -42.0152 -54.3411 0
    endloop
  endfacet
  facet normal 0 0 -1
    outer loop
      vertex 12.9128 -56.4677 0
      vertex -43.9973 -37.617 0
      vertex -42.4351 -27.2804 0
    endloop
  endfacet
  facet normal 0 0 -1
    outer loop
      vertex -44.0057 -37.8087 0
      vertex -42.0152 -54.3411 0
      vertex -42.2055 -54.3661 0
    endloop
  endfacet
  facet normal 0 0 -1
    outer loop
      vertex -44.0057 -37.8087 0
      vertex -42.2055 -54.3661 0
      vertex -42.3929 -54.4077 0
    endloop
  endfacet
  facet normal 0 0 -1
    outer loop
      vertex -44.0057 -37.8087 0
      vertex -42.3929 -54.4077 0
      vertex -42.5759 -54.4654 0
    endloop
  endfacet
  facet normal 0 0 -1
    outer loop
      vertex -44.0057 -37.8087 0
      vertex -42.5759 -54.4654 0
      vertex -42.7533 -54.5388 0
    endloop
  endfacet
  facet normal 0 0 -1
    outer loop
      vertex -44.0057 -37.8087 0
      vertex -42.7533 -54.5388 0
      vertex -42.9235 -54.6274 0
    endloop
  endfacet
  facet normal 0 0 -1
    outer loop
      vertex -44.0057 -37.8087 0
      vertex -42.9235 -54.6274 0
      vertex -43.0854 -54.7306 0
    endloop
  endfacet
  facet normal 0 0 -1
    outer loop
      vertex -44.0057 -37.8087 0
      vertex -43.0854 -54.7306 0
      vertex -43.2376 -54.8474 0
    endloop
  endfacet
  facet normal 0 0 -1
    outer loop
      vertex 13.0297 -56.3154 0
      vertex -42.4351 -27.2804 0
      vertex 18.4772 -47.3929 0
    endloop
  endfacet
  facet normal 0 0 -1
    outer loop
      vertex -44.0057 -37.8087 0
      vertex -43.2376 -54.8474 0
      vertex -43.3791 -54.9771 0
    endloop
  endfacet
  facet normal 0 0 -1
    outer loop
      vertex -44.0057 -37.8087 0
      vertex -43.3791 -54.9771 0
      vertex -43.5088 -55.1186 0
    endloop
  endfacet
  facet normal 0 0 -1
    outer loop
      vertex -44.0057 -37.8087 0
      vertex -43.5088 -55.1186 0
      vertex -43.6256 -55.2708 0
    endloop
  endfacet
  facet normal 0 0 -1
    outer loop
      vertex -44.0057 -37.8087 0
      vertex -43.6256 -55.2708 0
      vertex -43.7287 -55.4327 0
    endloop
  endfacet
  facet normal 0 0 -1
    outer loop
      vertex -44.0057 -37.8087 0
      vertex -43.7287 -55.4327 0
      vertex -43.8174 -55.6029 0
    endloop
  endfacet
  facet normal 0 0 -1
    outer loop
      vertex -44.0057 -37.8087 0
      vertex -43.8174 -55.6029 0
      vertex -43.8908 -55.7802 0
    endloop
  endfacet
  facet normal 0 0 -1
    outer loop
      vertex -44.0057 -37.8087 0
      vertex -43.8908 -55.7802 0
      vertex -43.9485 -55.9633 0
    endloop
  endfacet
  facet normal 0 0 -1
    outer loop
      vertex -52.4487 -59.3797 0
      vertex -43.9485 -55.9633 0
      vertex -43.9901 -56.1507 0
    endloop
  endfacet
  facet normal 0 0 -1
    outer loop
      vertex -44.0057 -37.4253 0
      vertex -42.4351 -27.2804 0
      vertex -43.9973 -37.617 0
    endloop
  endfacet
  facet normal 0 0 -1
    outer loop
      vertex -44.0308 -37.235 0
      vertex -42.4351 -27.2804 0
      vertex -44.0057 -37.4253 0
    endloop
  endfacet
  facet normal 0 0 -1
    outer loop
      vertex -44.0723 -37.0476 0
      vertex -42.4351 -27.2804 0
      vertex -44.0308 -37.235 0
    endloop
  endfacet
  facet normal 0 0 -1
    outer loop
      vertex -44.13 -36.8645 0
      vertex -42.4351 -27.2804 0
      vertex -44.0723 -37.0476 0
    endloop
  endfacet
  facet normal 0 0 -1
    outer loop
      vertex -44.2035 -36.6872 0
      vertex -42.4351 -27.2804 0
      vertex -44.13 -36.8645 0
    endloop
  endfacet
  facet normal 0 0 -1
    outer loop
      vertex -44.2921 -36.517 0
      vertex -42.4351 -27.2804 0
      vertex -44.2035 -36.6872 0
    endloop
  endfacet
  facet normal 0 0 -1
    outer loop
      vertex -44.3952 -36.3551 0
      vertex -42.4351 -27.2804 0
      vertex -44.2921 -36.517 0
    endloop
  endfacet
  facet normal 0 0 -1
    outer loop
      vertex -44.512 -36.2029 0
      vertex -42.4351 -27.2804 0
      vertex -44.3952 -36.3551 0
    endloop
  endfacet
  facet normal 0 0 -1
    outer loop
      vertex -44.6417 -36.0614 0
      vertex -42.4351 -27.2804 0
      vertex -44.512 -36.2029 0
    endloop
  endfacet
  facet normal 0 0 -1
    outer loop
      vertex -44.7832 -35.9317 0
      vertex -42.4351 -27.2804 0
      vertex -44.6417 -36.0614 0
    endloop
  endfacet
  facet normal 0 0 -1
    outer loop
      vertex -44.9355 -35.8149 0
      vertex -42.4351 -27.2804 0
      vertex -44.7832 -35.9317 0
    endloop
  endfacet
  facet normal 0 0 -1
    outer loop
      vertex -45.0973 -35.7117 0
      vertex -42.4351 -27.2804 0
      vertex -44.9355 -35.8149 0
    endloop
  endfacet
  facet normal 0 0 -1
    outer loop
      vertex -45.2676 -35.6231 0
      vertex -42.4351 -27.2804 0
      vertex -45.0973 -35.7117 0
    endloop
  endfacet
  facet normal 0 0 -1
    outer loop
      vertex -45.4449 -35.5497 0
      vertex -42.4351 -27.2804 0
      vertex -45.2676 -35.6231 0
    endloop
  endfacet
  facet normal -0 0 -1
    outer loop
      vertex -42.4351 -27.2804 0
      vertex -45.4449 -35.5497 0
      vertex -43.3503 -26.9918 0
    endloop
  endfacet
  facet normal 0 0 -1
    outer loop
      vertex -45.6279 -35.492 0
      vertex -43.3503 -26.9918 0
      vertex -45.4449 -35.5497 0
    endloop
  endfacet
  facet normal -0 0 -1
    outer loop
      vertex -43.3503 -26.9918 0
      vertex -45.6279 -35.492 0
      vertex -44.2872 -26.7841 0
    endloop
  endfacet
  facet normal 0 0 -1
    outer loop
      vertex -45.8153 -35.4504 0
      vertex -44.2872 -26.7841 0
      vertex -45.6279 -35.492 0
    endloop
  endfacet
  facet normal -0 0 -1
    outer loop
      vertex -44.2872 -26.7841 0
      vertex -45.8153 -35.4504 0
      vertex -45.2386 -26.6588 0
    endloop
  endfacet
  facet normal 0 0 -1
    outer loop
      vertex -46.0056 -35.4254 0
      vertex -45.2386 -26.6588 0
      vertex -45.8153 -35.4504 0
    endloop
  endfacet
  facet normal 0 0 -1
    outer loop
      vertex -46.0056 -35.4254 0
      vertex -46.1973 -26.617 0
      vertex -45.2386 -26.6588 0
    endloop
  endfacet
  facet normal 0 0 -1
    outer loop
      vertex -46.1973 -35.417 0
      vertex -46.1973 -26.617 0
      vertex -46.0056 -35.4254 0
    endloop
  endfacet
  facet normal 0 0 -1
    outer loop
      vertex -46.3891 -35.4254 0
      vertex -46.1973 -26.617 0
      vertex -46.1973 -35.417 0
    endloop
  endfacet
  facet normal 0 0 -1
    outer loop
      vertex -47.156 -26.6588 0
      vertex -46.3891 -35.4254 0
      vertex -46.5794 -35.4504 0
    endloop
  endfacet
  facet normal 0 0 -1
    outer loop
      vertex -48.1075 -26.7841 0
      vertex -46.5794 -35.4504 0
      vertex -46.7667 -35.492 0
    endloop
  endfacet
  facet normal 0 0 -1
    outer loop
      vertex -49.0443 -26.9918 0
      vertex -46.7667 -35.492 0
      vertex -46.9498 -35.5497 0
    endloop
  endfacet
  facet normal 0 0 -1
    outer loop
      vertex -49.9595 -27.2804 0
      vertex -46.9498 -35.5497 0
      vertex -47.1271 -35.6231 0
    endloop
  endfacet
  facet normal 0 0 -1
    outer loop
      vertex -46.3891 -35.4254 0
      vertex -47.156 -26.6588 0
      vertex -46.1973 -26.617 0
    endloop
  endfacet
  facet normal 0 0 -1
    outer loop
      vertex -50.8461 -27.6476 0
      vertex -47.1271 -35.6231 0
      vertex -47.2973 -35.7117 0
    endloop
  endfacet
  facet normal 0 0 -1
    outer loop
      vertex -51.6973 -28.0907 0
      vertex -47.2973 -35.7117 0
      vertex -47.4592 -35.8149 0
    endloop
  endfacet
  facet normal 0 0 -1
    outer loop
      vertex -52.5067 -28.6063 0
      vertex -47.4592 -35.8149 0
      vertex -47.6115 -35.9317 0
    endloop
  endfacet
  facet normal 0 0 -1
    outer loop
      vertex -53.268 -29.1905 0
      vertex -47.6115 -35.9317 0
      vertex -47.753 -36.0614 0
    endloop
  endfacet
  facet normal 0 0 -1
    outer loop
      vertex -53.9755 -29.8388 0
      vertex -47.753 -36.0614 0
      vertex -47.8826 -36.2029 0
    endloop
  endfacet
  facet normal 0 0 -1
    outer loop
      vertex -54.6238 -30.5463 0
      vertex -47.8826 -36.2029 0
      vertex -47.9995 -36.3551 0
    endloop
  endfacet
  facet normal 0 0 -1
    outer loop
      vertex -55.208 -31.3076 0
      vertex -47.9995 -36.3551 0
      vertex -48.1026 -36.517 0
    endloop
  endfacet
  facet normal 0 0 -1
    outer loop
      vertex -46.5794 -35.4504 0
      vertex -48.1075 -26.7841 0
      vertex -47.156 -26.6588 0
    endloop
  endfacet
  facet normal 0 0 -1
    outer loop
      vertex -55.7236 -32.117 0
      vertex -48.1026 -36.517 0
      vertex -48.1912 -36.6872 0
    endloop
  endfacet
  facet normal 0 0 -1
    outer loop
      vertex -56.1667 -32.9682 0
      vertex -48.1912 -36.6872 0
      vertex -48.2647 -36.8645 0
    endloop
  endfacet
  facet normal 0 0 -1
    outer loop
      vertex -56.534 -33.8548 0
      vertex -48.2647 -36.8645 0
      vertex -48.3224 -37.0476 0
    endloop
  endfacet
  facet normal 0 0 -1
    outer loop
      vertex -56.8225 -34.77 0
      vertex -48.3224 -37.0476 0
      vertex -48.3639 -37.235 0
    endloop
  endfacet
  facet normal 0 0 -1
    outer loop
      vertex -57.0302 -35.7068 0
      vertex -48.3639 -37.235 0
      vertex -48.389 -37.4253 0
    endloop
  endfacet
  facet normal 0 0 -1
    outer loop
      vertex -57.1555 -36.6583 0
      vertex -48.389 -37.4253 0
      vertex -48.3973 -37.617 0
    endloop
  endfacet
  facet normal 0 0 -1
    outer loop
      vertex -46.7667 -35.492 0
      vertex -49.0443 -26.9918 0
      vertex -48.1075 -26.7841 0
    endloop
  endfacet
  facet normal 0 0 -1
    outer loop
      vertex -57.0302 -39.5271 0
      vertex -48.3639 -37.999 0
      vertex -56.8225 -40.464 0
    endloop
  endfacet
  facet normal -0 0 -1
    outer loop
      vertex -43.8174 -57.4624 0
      vertex -51.7929 -61.1815 0
      vertex -43.8908 -57.2851 0
    endloop
  endfacet
  facet normal -0 0 -1
    outer loop
      vertex -48.3639 -37.999 0
      vertex -57.0302 -39.5271 0
      vertex -48.389 -37.8087 0
    endloop
  endfacet
  facet normal 0 0 -1
    outer loop
      vertex -52.1601 -60.2949 0
      vertex -43.8908 -57.2851 0
      vertex -51.7929 -61.1815 0
    endloop
  endfacet
  facet normal -0 0 -1
    outer loop
      vertex -43.8908 -57.2851 0
      vertex -52.1601 -60.2949 0
      vertex -43.9485 -57.1021 0
    endloop
  endfacet
  facet normal 0 0 -1
    outer loop
      vertex -57.1555 -38.5757 0
      vertex -48.389 -37.8087 0
      vertex -57.0302 -39.5271 0
    endloop
  endfacet
  facet normal 0 0 -1
    outer loop
      vertex -52.4487 -59.3797 0
      vertex -43.9485 -57.1021 0
      vertex -52.1601 -60.2949 0
    endloop
  endfacet
  facet normal 0 0 -1
    outer loop
      vertex -46.9498 -35.5497 0
      vertex -49.9595 -27.2804 0
      vertex -49.0443 -26.9918 0
    endloop
  endfacet
  facet normal -0 0 -1
    outer loop
      vertex -43.9485 -57.1021 0
      vertex -52.4487 -59.3797 0
      vertex -43.9901 -56.9147 0
    endloop
  endfacet
  facet normal -0 0 -1
    outer loop
      vertex -43.9901 -56.9147 0
      vertex -52.4487 -59.3797 0
      vertex -44.0151 -56.7244 0
    endloop
  endfacet
  facet normal 0 0 -1
    outer loop
      vertex -47.1271 -35.6231 0
      vertex -50.8461 -27.6476 0
      vertex -49.9595 -27.2804 0
    endloop
  endfacet
  facet normal 0 0 -1
    outer loop
      vertex -47.2973 -35.7117 0
      vertex -51.6973 -28.0907 0
      vertex -50.8461 -27.6476 0
    endloop
  endfacet
  facet normal 0 0 -1
    outer loop
      vertex -47.4592 -35.8149 0
      vertex -52.5067 -28.6063 0
      vertex -51.6973 -28.0907 0
    endloop
  endfacet
  facet normal 0 0 -1
    outer loop
      vertex -47.6115 -35.9317 0
      vertex -53.268 -29.1905 0
      vertex -52.5067 -28.6063 0
    endloop
  endfacet
  facet normal 0 0 -1
    outer loop
      vertex -47.753 -36.0614 0
      vertex -53.9755 -29.8388 0
      vertex -53.268 -29.1905 0
    endloop
  endfacet
  facet normal 0 0 -1
    outer loop
      vertex -47.8826 -36.2029 0
      vertex -54.6238 -30.5463 0
      vertex -53.9755 -29.8388 0
    endloop
  endfacet
  facet normal 0 0 -1
    outer loop
      vertex -47.9995 -36.3551 0
      vertex -55.208 -31.3076 0
      vertex -54.6238 -30.5463 0
    endloop
  endfacet
  facet normal 0 0 -1
    outer loop
      vertex -48.1026 -36.517 0
      vertex -55.7236 -32.117 0
      vertex -55.208 -31.3076 0
    endloop
  endfacet
  facet normal 0 0 -1
    outer loop
      vertex -48.1912 -36.6872 0
      vertex -56.1667 -32.9682 0
      vertex -55.7236 -32.117 0
    endloop
  endfacet
  facet normal 0 0 -1
    outer loop
      vertex -48.2647 -36.8645 0
      vertex -56.534 -33.8548 0
      vertex -56.1667 -32.9682 0
    endloop
  endfacet
  facet normal 0 0 -1
    outer loop
      vertex -48.3224 -37.0476 0
      vertex -56.8225 -34.77 0
      vertex -56.534 -33.8548 0
    endloop
  endfacet
  facet normal -0 0 -1
    outer loop
      vertex -48.389 -37.8087 0
      vertex -57.1555 -38.5757 0
      vertex -48.3973 -37.617 0
    endloop
  endfacet
  facet normal 0 0 -1
    outer loop
      vertex -48.3639 -37.235 0
      vertex -57.0302 -35.7068 0
      vertex -56.8225 -34.77 0
    endloop
  endfacet
  facet normal 0 0 -1
    outer loop
      vertex -57.1973 -37.617 0
      vertex -48.3973 -37.617 0
      vertex -57.1555 -38.5757 0
    endloop
  endfacet
  facet normal 0 0 -1
    outer loop
      vertex -48.389 -37.4253 0
      vertex -57.1555 -36.6583 0
      vertex -57.0302 -35.7068 0
    endloop
  endfacet
  facet normal 0 0 -1
    outer loop
      vertex -48.3973 -37.617 0
      vertex -57.1973 -37.617 0
      vertex -57.1555 -36.6583 0
    endloop
  endfacet
  facet normal -0.991439 -0.130573 0
    outer loop
      vertex -57.0302 -39.5271 0
      vertex -57.1555 -38.5757 3
      vertex -57.1555 -38.5757 0
    endloop
  endfacet
  facet normal -0.991439 -0.130573 0
    outer loop
      vertex -57.1555 -38.5757 3
      vertex -57.0302 -39.5271 0
      vertex -57.0302 -39.5271 3
    endloop
  endfacet
  facet normal -0.999051 -0.0435593 0
    outer loop
      vertex -57.1555 -38.5757 0
      vertex -57.1973 -37.617 3
      vertex -57.1973 -37.617 0
    endloop
  endfacet
  facet normal -0.999051 -0.0435593 0
    outer loop
      vertex -57.1973 -37.617 3
      vertex -57.1555 -38.5757 0
      vertex -57.1555 -38.5757 3
    endloop
  endfacet
  facet normal -0.608784 -0.793336 0
    outer loop
      vertex -48.8941 -64.9592 0
      vertex -48.1328 -65.5434 3
      vertex -48.8941 -64.9592 3
    endloop
  endfacet
  facet normal -0.608784 -0.793336 -0
    outer loop
      vertex -48.1328 -65.5434 3
      vertex -48.8941 -64.9592 0
      vertex -48.1328 -65.5434 0
    endloop
  endfacet
  facet normal 0.382735 0.923858 -0
    outer loop
      vertex 19.3638 -47.7602 0
      vertex 18.4772 -47.3929 3
      vertex 19.3638 -47.7602 3
    endloop
  endfacet
  facet normal 0.382735 0.923858 0
    outer loop
      vertex 18.4772 -47.3929 3
      vertex 19.3638 -47.7602 0
      vertex 18.4772 -47.3929 0
    endloop
  endfacet
  facet normal -0.13057 -0.991439 0
    outer loop
      vertex -1.97252 -81.1546 0
      vertex -1.0211 -81.2799 3
      vertex -1.97252 -81.1546 3
    endloop
  endfacet
  facet normal -0.13057 -0.991439 -0
    outer loop
      vertex -1.0211 -81.2799 3
      vertex -1.97252 -81.1546 0
      vertex -1.0211 -81.2799 0
    endloop
  endfacet
  facet normal -0.300742 0.953705 0
    outer loop
      vertex -49.0443 -26.9918 0
      vertex -49.9595 -27.2804 3
      vertex -49.0443 -26.9918 3
    endloop
  endfacet
  facet normal -0.300742 0.953705 0
    outer loop
      vertex -49.9595 -27.2804 3
      vertex -49.0443 -26.9918 0
      vertex -49.9595 -27.2804 0
    endloop
  endfacet
  facet normal -0.887014 0.461743 0
    outer loop
      vertex -56.1667 -32.9682 0
      vertex -55.7236 -32.117 3
      vertex -55.7236 -32.117 0
    endloop
  endfacet
  facet normal -0.887014 0.461743 0
    outer loop
      vertex -55.7236 -32.117 3
      vertex -56.1667 -32.9682 0
      vertex -56.1667 -32.9682 3
    endloop
  endfacet
  facet normal -0.99144 0.13056 0
    outer loop
      vertex -57.1555 -36.6583 0
      vertex -57.0302 -35.7068 3
      vertex -57.0302 -35.7068 0
    endloop
  endfacet
  facet normal -0.99144 0.13056 0
    outer loop
      vertex -57.0302 -35.7068 3
      vertex -57.1555 -36.6583 0
      vertex -57.1555 -36.6583 3
    endloop
  endfacet
  facet normal 0.887014 0.461743 0
    outer loop
      vertex 24.6844 -53.0807 3
      vertex 24.2413 -52.2295 0
      vertex 24.2413 -52.2295 3
    endloop
  endfacet
  facet normal 0.887014 0.461743 0
    outer loop
      vertex 24.2413 -52.2295 0
      vertex 24.6844 -53.0807 3
      vertex 24.6844 -53.0807 0
    endloop
  endfacet
  facet normal 0.300742 0.953705 -0
    outer loop
      vertex -42.4351 -27.2804 0
      vertex -43.3503 -26.9918 3
      vertex -42.4351 -27.2804 3
    endloop
  endfacet
  facet normal 0.300742 0.953705 0
    outer loop
      vertex -43.3503 -26.9918 3
      vertex -42.4351 -27.2804 0
      vertex -43.3503 -26.9918 0
    endloop
  endfacet
  facet normal -0.13056 0.99144 0
    outer loop
      vertex -47.156 -26.6588 0
      vertex -48.1075 -26.7841 3
      vertex -47.156 -26.6588 3
    endloop
  endfacet
  facet normal -0.13056 0.99144 0
    outer loop
      vertex -48.1075 -26.7841 3
      vertex -47.156 -26.6588 0
      vertex -48.1075 -26.7841 0
    endloop
  endfacet
  facet normal -0.608784 0.793336 0
    outer loop
      vertex -52.5067 -28.6063 0
      vertex -53.268 -29.1905 3
      vertex -52.5067 -28.6063 3
    endloop
  endfacet
  facet normal -0.608784 0.793336 0
    outer loop
      vertex -53.268 -29.1905 3
      vertex -52.5067 -28.6063 0
      vertex -53.268 -29.1905 0
    endloop
  endfacet
  facet normal 0.675588 -0.73728 0
    outer loop
      vertex 21.7856 -66.156 0
      vertex 22.4931 -65.5077 3
      vertex 21.7856 -66.156 3
    endloop
  endfacet
  facet normal 0.675588 -0.73728 0
    outer loop
      vertex 22.4931 -65.5077 3
      vertex 21.7856 -66.156 0
      vertex 22.4931 -65.5077 0
    endloop
  endfacet
  facet normal -0.313538 -0.949576 0
    outer loop
      vertex -45.5857 -66.8693 0
      vertex -3.82462 -80.6583 3
      vertex -45.5857 -66.8693 3
    endloop
  endfacet
  facet normal -0.313538 -0.949576 -0
    outer loop
      vertex -3.82462 -80.6583 3
      vertex -45.5857 -66.8693 0
      vertex -3.82462 -80.6583 0
    endloop
  endfacet
  facet normal -0.999051 0.0435593 0
    outer loop
      vertex -57.1973 -37.617 0
      vertex -57.1555 -36.6583 3
      vertex -57.1555 -36.6583 0
    endloop
  endfacet
  facet normal -0.999051 0.0435593 0
    outer loop
      vertex -57.1555 -36.6583 3
      vertex -57.1973 -37.617 0
      vertex -57.1973 -37.617 3
    endloop
  endfacet
  facet normal 0.991452 0.130471 0
    outer loop
      vertex 25.6731 -56.7708 3
      vertex 25.5479 -55.8194 0
      vertex 25.5479 -55.8194 3
    endloop
  endfacet
  facet normal 0.991452 0.130471 0
    outer loop
      vertex 25.5479 -55.8194 0
      vertex 25.6731 -56.7708 3
      vertex 25.6731 -56.7708 0
    endloop
  endfacet
  facet normal 0.461743 0.887014 -0
    outer loop
      vertex 20.215 -48.2033 0
      vertex 19.3638 -47.7602 3
      vertex 20.215 -48.2033 3
    endloop
  endfacet
  facet normal 0.461743 0.887014 0
    outer loop
      vertex 19.3638 -47.7602 3
      vertex 20.215 -48.2033 0
      vertex 19.3638 -47.7602 0
    endloop
  endfacet
  facet normal 0.313538 0.949576 -0
    outer loop
      vertex 18.4772 -47.3929 0
      vertex -42.4351 -27.2804 3
      vertex 18.4772 -47.3929 3
    endloop
  endfacet
  facet normal 0.313538 0.949576 0
    outer loop
      vertex -42.4351 -27.2804 3
      vertex 18.4772 -47.3929 0
      vertex -42.4351 -27.2804 0
    endloop
  endfacet
  facet normal 0.216434 0.976297 -0
    outer loop
      vertex -43.3503 -26.9918 0
      vertex -44.2872 -26.7841 3
      vertex -43.3503 -26.9918 3
    endloop
  endfacet
  facet normal 0.216434 0.976297 0
    outer loop
      vertex -44.2872 -26.7841 3
      vertex -43.3503 -26.9918 0
      vertex -44.2872 -26.7841 0
    endloop
  endfacet
  facet normal 0 0 1
    outer loop
      vertex 25.6731 -56.7708 3
      vertex 16.9066 -57.5378 3
      vertex 16.915 -57.7295 3
    endloop
  endfacet
  facet normal 0 0 1
    outer loop
      vertex 19.3638 -47.7602 3
      vertex 16.8816 -57.3475 3
      vertex 16.9066 -57.5378 3
    endloop
  endfacet
  facet normal 0 0 1
    outer loop
      vertex 19.3638 -47.7602 3
      vertex 16.84 -57.1601 3
      vertex 16.8816 -57.3475 3
    endloop
  endfacet
  facet normal 0 0 1
    outer loop
      vertex 19.3638 -47.7602 3
      vertex 16.7823 -56.9771 3
      vertex 16.84 -57.1601 3
    endloop
  endfacet
  facet normal 0 0 1
    outer loop
      vertex 19.3638 -47.7602 3
      vertex 16.7089 -56.7998 3
      vertex 16.7823 -56.9771 3
    endloop
  endfacet
  facet normal 0 0 1
    outer loop
      vertex 19.3638 -47.7602 3
      vertex 16.6202 -56.6296 3
      vertex 16.7089 -56.7998 3
    endloop
  endfacet
  facet normal 0 0 1
    outer loop
      vertex 19.3638 -47.7602 3
      vertex 16.5171 -56.4677 3
      vertex 16.6202 -56.6296 3
    endloop
  endfacet
  facet normal 0 0 1
    outer loop
      vertex 19.3638 -47.7602 3
      vertex 16.4003 -56.3154 3
      vertex 16.5171 -56.4677 3
    endloop
  endfacet
  facet normal 0 0 1
    outer loop
      vertex 19.3638 -47.7602 3
      vertex 16.2706 -56.1739 3
      vertex 16.4003 -56.3154 3
    endloop
  endfacet
  facet normal 0 0 1
    outer loop
      vertex 19.3638 -47.7602 3
      vertex 16.1291 -56.0443 3
      vertex 16.2706 -56.1739 3
    endloop
  endfacet
  facet normal 0 0 1
    outer loop
      vertex 19.3638 -47.7602 3
      vertex 15.9769 -55.9274 3
      vertex 16.1291 -56.0443 3
    endloop
  endfacet
  facet normal 0 0 1
    outer loop
      vertex 19.3638 -47.7602 3
      vertex 15.815 -55.8243 3
      vertex 15.9769 -55.9274 3
    endloop
  endfacet
  facet normal 0 0 1
    outer loop
      vertex 19.3638 -47.7602 3
      vertex 15.6447 -55.7357 3
      vertex 15.815 -55.8243 3
    endloop
  endfacet
  facet normal 0 0 1
    outer loop
      vertex 18.4772 -47.3929 3
      vertex 15.4674 -55.6622 3
      vertex 15.6447 -55.7357 3
    endloop
  endfacet
  facet normal 0 0 1
    outer loop
      vertex 18.4772 -47.3929 3
      vertex 15.2844 -55.6045 3
      vertex 15.4674 -55.6622 3
    endloop
  endfacet
  facet normal 0 0 1
    outer loop
      vertex 18.4772 -47.3929 3
      vertex 15.097 -55.563 3
      vertex 15.2844 -55.6045 3
    endloop
  endfacet
  facet normal 0 0 1
    outer loop
      vertex 18.4772 -47.3929 3
      vertex 14.9067 -55.5379 3
      vertex 15.097 -55.563 3
    endloop
  endfacet
  facet normal 0 0 1
    outer loop
      vertex 18.4772 -47.3929 3
      vertex 14.715 -55.5295 3
      vertex 14.9067 -55.5379 3
    endloop
  endfacet
  facet normal 0 0 1
    outer loop
      vertex 18.4772 -47.3929 3
      vertex 14.5232 -55.5379 3
      vertex 14.715 -55.5295 3
    endloop
  endfacet
  facet normal 0 0 1
    outer loop
      vertex 18.4772 -47.3929 3
      vertex 14.333 -55.563 3
      vertex 14.5232 -55.5379 3
    endloop
  endfacet
  facet normal 0 0 1
    outer loop
      vertex 18.4772 -47.3929 3
      vertex 14.1456 -55.6045 3
      vertex 14.333 -55.563 3
    endloop
  endfacet
  facet normal 0 0 1
    outer loop
      vertex 18.4772 -47.3929 3
      vertex 13.9625 -55.6622 3
      vertex 14.1456 -55.6045 3
    endloop
  endfacet
  facet normal 0 0 1
    outer loop
      vertex 18.4772 -47.3929 3
      vertex 13.7852 -55.7357 3
      vertex 13.9625 -55.6622 3
    endloop
  endfacet
  facet normal 0 0 1
    outer loop
      vertex 18.4772 -47.3929 3
      vertex 13.615 -55.8243 3
      vertex 13.7852 -55.7357 3
    endloop
  endfacet
  facet normal 0 0 1
    outer loop
      vertex 18.4772 -47.3929 3
      vertex 13.4531 -55.9274 3
      vertex 13.615 -55.8243 3
    endloop
  endfacet
  facet normal 0 0 1
    outer loop
      vertex 18.4772 -47.3929 3
      vertex 13.3009 -56.0443 3
      vertex 13.4531 -55.9274 3
    endloop
  endfacet
  facet normal 0 0 1
    outer loop
      vertex 18.4772 -47.3929 3
      vertex 13.1593 -56.1739 3
      vertex 13.3009 -56.0443 3
    endloop
  endfacet
  facet normal 0 0 1
    outer loop
      vertex 18.4772 -47.3929 3
      vertex 13.0297 -56.3154 3
      vertex 13.1593 -56.1739 3
    endloop
  endfacet
  facet normal 0 0 1
    outer loop
      vertex -42.4351 -27.2804 3
      vertex 13.0297 -56.3154 3
      vertex 18.4772 -47.3929 3
    endloop
  endfacet
  facet normal 0 0 1
    outer loop
      vertex 13.0297 -56.3154 3
      vertex -42.4351 -27.2804 3
      vertex 12.9128 -56.4677 3
    endloop
  endfacet
  facet normal 0 0 1
    outer loop
      vertex 0.129339 -68.1301 3
      vertex 12.515 -57.7295 3
      vertex 12.5234 -57.5378 3
    endloop
  endfacet
  facet normal 0 0 1
    outer loop
      vertex -0.0624018 -68.1217 3
      vertex 12.5234 -57.5378 3
      vertex 12.5484 -57.3475 3
    endloop
  endfacet
  facet normal 0 0 1
    outer loop
      vertex -0.254145 -68.1301 3
      vertex 12.5484 -57.3475 3
      vertex 12.5899 -57.1601 3
    endloop
  endfacet
  facet normal 0 0 1
    outer loop
      vertex 12.515 -57.7295 3
      vertex 2.12922 -70.13 3
      vertex 7.00826 -78.7482 3
    endloop
  endfacet
  facet normal -0 0 1
    outer loop
      vertex 2.12922 -70.5135 3
      vertex 7.00826 -78.7482 3
      vertex 2.1376 -70.3217 3
    endloop
  endfacet
  facet normal -0 0 1
    outer loop
      vertex 2.10417 -70.7038 3
      vertex 7.00826 -78.7482 3
      vertex 2.12922 -70.5135 3
    endloop
  endfacet
  facet normal 0 0 1
    outer loop
      vertex -0.444428 -68.1552 3
      vertex 12.5899 -57.1601 3
      vertex 12.6477 -56.9771 3
    endloop
  endfacet
  facet normal -0 0 1
    outer loop
      vertex 2.00492 -71.0742 3
      vertex 7.00826 -78.7482 3
      vertex 2.06263 -70.8911 3
    endloop
  endfacet
  facet normal -0 0 1
    outer loop
      vertex 1.84285 -71.4217 3
      vertex 7.00826 -78.7482 3
      vertex 1.93147 -71.2515 3
    endloop
  endfacet
  facet normal -0 0 1
    outer loop
      vertex 2.06263 -70.8911 3
      vertex 7.00826 -78.7482 3
      vertex 2.10417 -70.7038 3
    endloop
  endfacet
  facet normal 0 0 1
    outer loop
      vertex -0.631804 -68.1967 3
      vertex 12.6477 -56.9771 3
      vertex 12.7211 -56.7998 3
    endloop
  endfacet
  facet normal 0 0 1
    outer loop
      vertex -0.814846 -68.2544 3
      vertex 12.7211 -56.7998 3
      vertex 12.8097 -56.6296 3
    endloop
  endfacet
  facet normal -0 0 1
    outer loop
      vertex -43.9973 -37.617 3
      vertex 12.9128 -56.4677 3
      vertex -42.4351 -27.2804 3
    endloop
  endfacet
  facet normal 0 0 1
    outer loop
      vertex 7.00826 -78.7482 3
      vertex 2.12922 -70.13 3
      vertex 2.1376 -70.3217 3
    endloop
  endfacet
  facet normal 0 0 1
    outer loop
      vertex 12.515 -57.7295 3
      vertex 2.10417 -69.9397 3
      vertex 2.12922 -70.13 3
    endloop
  endfacet
  facet normal 0 0 1
    outer loop
      vertex 12.515 -57.7295 3
      vertex 2.06263 -69.7523 3
      vertex 2.10417 -69.9397 3
    endloop
  endfacet
  facet normal 0 0 1
    outer loop
      vertex 12.515 -57.7295 3
      vertex 2.00492 -69.5693 3
      vertex 2.06263 -69.7523 3
    endloop
  endfacet
  facet normal 0 0 1
    outer loop
      vertex 12.515 -57.7295 3
      vertex 1.93147 -69.392 3
      vertex 2.00492 -69.5693 3
    endloop
  endfacet
  facet normal 0 0 1
    outer loop
      vertex 12.515 -57.7295 3
      vertex 1.84285 -69.2217 3
      vertex 1.93147 -69.392 3
    endloop
  endfacet
  facet normal 0 0 1
    outer loop
      vertex 12.515 -57.7295 3
      vertex 1.73973 -69.0599 3
      vertex 1.84285 -69.2217 3
    endloop
  endfacet
  facet normal 0 0 1
    outer loop
      vertex 12.515 -57.7295 3
      vertex 1.62289 -68.9076 3
      vertex 1.73973 -69.0599 3
    endloop
  endfacet
  facet normal 0 0 1
    outer loop
      vertex 12.515 -57.7295 3
      vertex 1.49323 -68.7661 3
      vertex 1.62289 -68.9076 3
    endloop
  endfacet
  facet normal 0 0 1
    outer loop
      vertex 12.515 -57.7295 3
      vertex 1.35173 -68.6364 3
      vertex 1.49323 -68.7661 3
    endloop
  endfacet
  facet normal 0 0 1
    outer loop
      vertex 12.515 -57.7295 3
      vertex 1.19946 -68.5196 3
      vertex 1.35173 -68.6364 3
    endloop
  endfacet
  facet normal 0 0 1
    outer loop
      vertex 12.515 -57.7295 3
      vertex 1.0376 -68.4165 3
      vertex 1.19946 -68.5196 3
    endloop
  endfacet
  facet normal 0 0 1
    outer loop
      vertex 12.515 -57.7295 3
      vertex 0.867357 -68.3279 3
      vertex 1.0376 -68.4165 3
    endloop
  endfacet
  facet normal 0 0 1
    outer loop
      vertex 12.515 -57.7295 3
      vertex 0.690042 -68.2544 3
      vertex 0.867357 -68.3279 3
    endloop
  endfacet
  facet normal 0 0 1
    outer loop
      vertex 12.515 -57.7295 3
      vertex 0.506999 -68.1967 3
      vertex 0.690042 -68.2544 3
    endloop
  endfacet
  facet normal 0 0 1
    outer loop
      vertex 12.515 -57.7295 3
      vertex 0.319623 -68.1552 3
      vertex 0.506999 -68.1967 3
    endloop
  endfacet
  facet normal 0 0 1
    outer loop
      vertex 12.515 -57.7295 3
      vertex 0.129339 -68.1301 3
      vertex 0.319623 -68.1552 3
    endloop
  endfacet
  facet normal 0 0 1
    outer loop
      vertex 12.5234 -57.5378 3
      vertex -0.0624018 -68.1217 3
      vertex 0.129339 -68.1301 3
    endloop
  endfacet
  facet normal 0 0 1
    outer loop
      vertex 12.5484 -57.3475 3
      vertex -0.254145 -68.1301 3
      vertex -0.0624018 -68.1217 3
    endloop
  endfacet
  facet normal 0 0 1
    outer loop
      vertex 12.5899 -57.1601 3
      vertex -0.444428 -68.1552 3
      vertex -0.254145 -68.1301 3
    endloop
  endfacet
  facet normal 0 0 1
    outer loop
      vertex 12.6477 -56.9771 3
      vertex -0.631804 -68.1967 3
      vertex -0.444428 -68.1552 3
    endloop
  endfacet
  facet normal 0 0 1
    outer loop
      vertex 12.7211 -56.7998 3
      vertex -0.814846 -68.2544 3
      vertex -0.631804 -68.1967 3
    endloop
  endfacet
  facet normal 0 0 1
    outer loop
      vertex 12.9128 -56.4677 3
      vertex -44.0057 -37.8087 3
      vertex 12.8097 -56.6296 3
    endloop
  endfacet
  facet normal 0 -0 1
    outer loop
      vertex -0.992163 -68.3279 3
      vertex 12.8097 -56.6296 3
      vertex -44.0057 -37.8087 3
    endloop
  endfacet
  facet normal 0 0 1
    outer loop
      vertex 12.8097 -56.6296 3
      vertex -0.992163 -68.3279 3
      vertex -0.814846 -68.2544 3
    endloop
  endfacet
  facet normal -0 -0 1
    outer loop
      vertex -39.9182 -55.4327 3
      vertex -0.992163 -68.3279 3
      vertex -44.0057 -37.8087 3
    endloop
  endfacet
  facet normal -0 -0 1
    outer loop
      vertex -39.8296 -55.6029 3
      vertex -0.992163 -68.3279 3
      vertex -39.9182 -55.4327 3
    endloop
  endfacet
  facet normal 0 0 1
    outer loop
      vertex -40.0214 -57.7946 3
      vertex -2.2624 -70.3217 3
      vertex -2.25403 -70.13 3
    endloop
  endfacet
  facet normal 0 0 1
    outer loop
      vertex -2.2624 -70.3217 3
      vertex -3.82462 -80.6583 3
      vertex -2.90941 -80.9469 3
    endloop
  endfacet
  facet normal 0 0 1
    outer loop
      vertex -39.9182 -57.6327 3
      vertex -2.25403 -70.13 3
      vertex -2.22898 -69.9397 3
    endloop
  endfacet
  facet normal 0 0 1
    outer loop
      vertex -2.05628 -69.392 3
      vertex -39.6985 -57.1021 3
      vertex -2.12973 -69.5693 3
    endloop
  endfacet
  facet normal -0 0 1
    outer loop
      vertex -39.6985 -57.1021 3
      vertex -2.05628 -69.392 3
      vertex -39.6569 -56.9147 3
    endloop
  endfacet
  facet normal 0 0 1
    outer loop
      vertex -1.96766 -69.2217 3
      vertex -39.6569 -56.9147 3
      vertex -2.05628 -69.392 3
    endloop
  endfacet
  facet normal -0 0 1
    outer loop
      vertex -39.6569 -56.9147 3
      vertex -1.96766 -69.2217 3
      vertex -39.6319 -56.7244 3
    endloop
  endfacet
  facet normal 0 0 1
    outer loop
      vertex -1.86454 -69.0599 3
      vertex -39.6319 -56.7244 3
      vertex -1.96766 -69.2217 3
    endloop
  endfacet
  facet normal -0 0 1
    outer loop
      vertex -39.6319 -56.7244 3
      vertex -1.86454 -69.0599 3
      vertex -39.6235 -56.5327 3
    endloop
  endfacet
  facet normal 0 0 1
    outer loop
      vertex -1.7477 -68.9076 3
      vertex -39.6235 -56.5327 3
      vertex -1.86454 -69.0599 3
    endloop
  endfacet
  facet normal 0 0 1
    outer loop
      vertex -39.6319 -56.3409 3
      vertex -1.7477 -68.9076 3
      vertex -1.61804 -68.7661 3
    endloop
  endfacet
  facet normal 0 0 1
    outer loop
      vertex -0.992163 -68.3279 3
      vertex -39.8296 -55.6029 3
      vertex -1.1624 -68.4165 3
    endloop
  endfacet
  facet normal 0 0 1
    outer loop
      vertex -1.7477 -68.9076 3
      vertex -39.6319 -56.3409 3
      vertex -39.6235 -56.5327 3
    endloop
  endfacet
  facet normal 0 0 1
    outer loop
      vertex -1.61804 -68.7661 3
      vertex -39.6569 -56.1507 3
      vertex -39.6319 -56.3409 3
    endloop
  endfacet
  facet normal 0 0 1
    outer loop
      vertex -1.47653 -68.6364 3
      vertex -39.6569 -56.1507 3
      vertex -1.61804 -68.7661 3
    endloop
  endfacet
  facet normal -0 -0 1
    outer loop
      vertex -39.6569 -56.1507 3
      vertex -1.47653 -68.6364 3
      vertex -39.6985 -55.9633 3
    endloop
  endfacet
  facet normal 0 0 1
    outer loop
      vertex -1.32427 -68.5196 3
      vertex -39.6985 -55.9633 3
      vertex -1.47653 -68.6364 3
    endloop
  endfacet
  facet normal -0 -0 1
    outer loop
      vertex -39.6985 -55.9633 3
      vertex -1.32427 -68.5196 3
      vertex -39.7562 -55.7802 3
    endloop
  endfacet
  facet normal 0 0 1
    outer loop
      vertex -1.1624 -68.4165 3
      vertex -39.7562 -55.7802 3
      vertex -1.32427 -68.5196 3
    endloop
  endfacet
  facet normal 0 0 1
    outer loop
      vertex -39.9182 -55.4327 3
      vertex -44.0057 -37.8087 3
      vertex -40.0214 -55.2708 3
    endloop
  endfacet
  facet normal -0 0 1
    outer loop
      vertex -44.0308 -37.999 3
      vertex -40.0214 -55.2708 3
      vertex -44.0057 -37.8087 3
    endloop
  endfacet
  facet normal 0 0 1
    outer loop
      vertex -40.0214 -55.2708 3
      vertex -44.0308 -37.999 3
      vertex -40.1382 -55.1186 3
    endloop
  endfacet
  facet normal -0 0 1
    outer loop
      vertex -44.0723 -38.1864 3
      vertex -40.1382 -55.1186 3
      vertex -44.0308 -37.999 3
    endloop
  endfacet
  facet normal 0 0 1
    outer loop
      vertex -40.1382 -55.1186 3
      vertex -44.0723 -38.1864 3
      vertex -40.2679 -54.9771 3
    endloop
  endfacet
  facet normal -0 0 1
    outer loop
      vertex -44.13 -38.3694 3
      vertex -40.2679 -54.9771 3
      vertex -44.0723 -38.1864 3
    endloop
  endfacet
  facet normal 0 0 1
    outer loop
      vertex -40.2679 -54.9771 3
      vertex -44.13 -38.3694 3
      vertex -40.4094 -54.8474 3
    endloop
  endfacet
  facet normal -0 0 1
    outer loop
      vertex -44.2035 -38.5468 3
      vertex -40.4094 -54.8474 3
      vertex -44.13 -38.3694 3
    endloop
  endfacet
  facet normal 0 0 1
    outer loop
      vertex -40.4094 -54.8474 3
      vertex -44.2035 -38.5468 3
      vertex -40.5616 -54.7306 3
    endloop
  endfacet
  facet normal -0 0 1
    outer loop
      vertex -44.2921 -38.717 3
      vertex -40.5616 -54.7306 3
      vertex -44.2035 -38.5468 3
    endloop
  endfacet
  facet normal -0 0 1
    outer loop
      vertex -44.3952 -38.8789 3
      vertex -40.7235 -54.6274 3
      vertex -44.2921 -38.717 3
    endloop
  endfacet
  facet normal 0 0 1
    outer loop
      vertex -40.7235 -54.6274 3
      vertex -44.3952 -38.8789 3
      vertex -40.8937 -54.5388 3
    endloop
  endfacet
  facet normal -0 0 1
    outer loop
      vertex -44.0057 -37.8087 3
      vertex 12.9128 -56.4677 3
      vertex -43.9973 -37.617 3
    endloop
  endfacet
  facet normal 0 0 1
    outer loop
      vertex -40.5616 -54.7306 3
      vertex -44.2921 -38.717 3
      vertex -40.7235 -54.6274 3
    endloop
  endfacet
  facet normal -0 0 1
    outer loop
      vertex -44.512 -39.0311 3
      vertex -40.8937 -54.5388 3
      vertex -44.3952 -38.8789 3
    endloop
  endfacet
  facet normal 0 0 1
    outer loop
      vertex -40.8937 -54.5388 3
      vertex -44.512 -39.0311 3
      vertex -41.071 -54.4654 3
    endloop
  endfacet
  facet normal -0 0 1
    outer loop
      vertex -44.6417 -39.1726 3
      vertex -41.071 -54.4654 3
      vertex -44.512 -39.0311 3
    endloop
  endfacet
  facet normal 0 0 1
    outer loop
      vertex -41.071 -54.4654 3
      vertex -44.6417 -39.1726 3
      vertex -41.2541 -54.4077 3
    endloop
  endfacet
  facet normal -0 0 1
    outer loop
      vertex -44.7832 -39.3023 3
      vertex -41.2541 -54.4077 3
      vertex -44.6417 -39.1726 3
    endloop
  endfacet
  facet normal 0 0 1
    outer loop
      vertex -41.2541 -54.4077 3
      vertex -44.7832 -39.3023 3
      vertex -41.4415 -54.3661 3
    endloop
  endfacet
  facet normal 0 0 1
    outer loop
      vertex -45.4449 -35.5497 3
      vertex -42.4351 -27.2804 3
      vertex -43.3503 -26.9918 3
    endloop
  endfacet
  facet normal -0 -0 1
    outer loop
      vertex -39.7562 -55.7802 3
      vertex -1.1624 -68.4165 3
      vertex -39.8296 -55.6029 3
    endloop
  endfacet
  facet normal -0 0 1
    outer loop
      vertex -44.9355 -39.4191 3
      vertex -41.4415 -54.3661 3
      vertex -44.7832 -39.3023 3
    endloop
  endfacet
  facet normal 0 0 1
    outer loop
      vertex -41.4415 -54.3661 3
      vertex -44.9355 -39.4191 3
      vertex -41.6317 -54.3411 3
    endloop
  endfacet
  facet normal -0 0 1
    outer loop
      vertex -45.0973 -39.5222 3
      vertex -41.6317 -54.3411 3
      vertex -44.9355 -39.4191 3
    endloop
  endfacet
  facet normal 0 0 1
    outer loop
      vertex -41.6317 -54.3411 3
      vertex -45.0973 -39.5222 3
      vertex -41.8235 -54.3327 3
    endloop
  endfacet
  facet normal -0 0 1
    outer loop
      vertex -45.2676 -39.6109 3
      vertex -41.8235 -54.3327 3
      vertex -45.0973 -39.5222 3
    endloop
  endfacet
  facet normal 0 0 1
    outer loop
      vertex -41.8235 -54.3327 3
      vertex -45.2676 -39.6109 3
      vertex -42.0152 -54.3411 3
    endloop
  endfacet
  facet normal -0 0 1
    outer loop
      vertex -45.4449 -39.6843 3
      vertex -42.0152 -54.3411 3
      vertex -45.2676 -39.6109 3
    endloop
  endfacet
  facet normal 0 0 1
    outer loop
      vertex -42.0152 -54.3411 3
      vertex -45.4449 -39.6843 3
      vertex -42.2055 -54.3661 3
    endloop
  endfacet
  facet normal 0 0 1
    outer loop
      vertex -42.4351 -27.2804 3
      vertex -44.0057 -37.4253 3
      vertex -43.9973 -37.617 3
    endloop
  endfacet
  facet normal 0 0 1
    outer loop
      vertex -42.4351 -27.2804 3
      vertex -44.0308 -37.235 3
      vertex -44.0057 -37.4253 3
    endloop
  endfacet
  facet normal 0 0 1
    outer loop
      vertex -42.4351 -27.2804 3
      vertex -44.0723 -37.0476 3
      vertex -44.0308 -37.235 3
    endloop
  endfacet
  facet normal 0 0 1
    outer loop
      vertex -42.4351 -27.2804 3
      vertex -44.13 -36.8645 3
      vertex -44.0723 -37.0476 3
    endloop
  endfacet
  facet normal 0 0 1
    outer loop
      vertex -42.4351 -27.2804 3
      vertex -44.2035 -36.6872 3
      vertex -44.13 -36.8645 3
    endloop
  endfacet
  facet normal 0 0 1
    outer loop
      vertex -45.6279 -35.492 3
      vertex -43.3503 -26.9918 3
      vertex -44.2872 -26.7841 3
    endloop
  endfacet
  facet normal 0 0 1
    outer loop
      vertex -42.4351 -27.2804 3
      vertex -44.2921 -36.517 3
      vertex -44.2035 -36.6872 3
    endloop
  endfacet
  facet normal 0 0 1
    outer loop
      vertex -42.4351 -27.2804 3
      vertex -44.3952 -36.3551 3
      vertex -44.2921 -36.517 3
    endloop
  endfacet
  facet normal 0 0 1
    outer loop
      vertex -42.4351 -27.2804 3
      vertex -44.512 -36.2029 3
      vertex -44.3952 -36.3551 3
    endloop
  endfacet
  facet normal 0 0 1
    outer loop
      vertex -42.4351 -27.2804 3
      vertex -44.6417 -36.0614 3
      vertex -44.512 -36.2029 3
    endloop
  endfacet
  facet normal 0 0 1
    outer loop
      vertex -42.4351 -27.2804 3
      vertex -44.7832 -35.9317 3
      vertex -44.6417 -36.0614 3
    endloop
  endfacet
  facet normal 0 0 1
    outer loop
      vertex -42.4351 -27.2804 3
      vertex -44.9355 -35.8149 3
      vertex -44.7832 -35.9317 3
    endloop
  endfacet
  facet normal 0 0 1
    outer loop
      vertex -42.4351 -27.2804 3
      vertex -45.0973 -35.7117 3
      vertex -44.9355 -35.8149 3
    endloop
  endfacet
  facet normal 0 0 1
    outer loop
      vertex -45.8153 -35.4504 3
      vertex -44.2872 -26.7841 3
      vertex -45.2386 -26.6588 3
    endloop
  endfacet
  facet normal 0 0 1
    outer loop
      vertex -42.4351 -27.2804 3
      vertex -45.2676 -35.6231 3
      vertex -45.0973 -35.7117 3
    endloop
  endfacet
  facet normal 0 0 1
    outer loop
      vertex -42.4351 -27.2804 3
      vertex -45.4449 -35.5497 3
      vertex -45.2676 -35.6231 3
    endloop
  endfacet
  facet normal 0 0 1
    outer loop
      vertex -43.3503 -26.9918 3
      vertex -45.6279 -35.492 3
      vertex -45.4449 -35.5497 3
    endloop
  endfacet
  facet normal 0 0 1
    outer loop
      vertex -44.2872 -26.7841 3
      vertex -45.8153 -35.4504 3
      vertex -45.6279 -35.492 3
    endloop
  endfacet
  facet normal 0 0 1
    outer loop
      vertex -45.2386 -26.6588 3
      vertex -46.0056 -35.4254 3
      vertex -45.8153 -35.4504 3
    endloop
  endfacet
  facet normal 0 0 1
    outer loop
      vertex -46.1973 -26.617 3
      vertex -46.0056 -35.4254 3
      vertex -45.2386 -26.6588 3
    endloop
  endfacet
  facet normal 0 0 1
    outer loop
      vertex -46.1973 -26.617 3
      vertex -46.1973 -35.417 3
      vertex -46.0056 -35.4254 3
    endloop
  endfacet
  facet normal 0 0 1
    outer loop
      vertex -46.1973 -26.617 3
      vertex -46.3891 -35.4254 3
      vertex -46.1973 -35.417 3
    endloop
  endfacet
  facet normal -0 0 1
    outer loop
      vertex -47.156 -26.6588 3
      vertex -46.3891 -35.4254 3
      vertex -46.1973 -26.617 3
    endloop
  endfacet
  facet normal 0 0 1
    outer loop
      vertex -46.3891 -35.4254 3
      vertex -47.156 -26.6588 3
      vertex -46.5794 -35.4504 3
    endloop
  endfacet
  facet normal -0 0 1
    outer loop
      vertex -48.1075 -26.7841 3
      vertex -46.5794 -35.4504 3
      vertex -47.156 -26.6588 3
    endloop
  endfacet
  facet normal 0 0 1
    outer loop
      vertex -46.5794 -35.4504 3
      vertex -48.1075 -26.7841 3
      vertex -46.7667 -35.492 3
    endloop
  endfacet
  facet normal -0 0 1
    outer loop
      vertex -49.0443 -26.9918 3
      vertex -46.7667 -35.492 3
      vertex -48.1075 -26.7841 3
    endloop
  endfacet
  facet normal 0 0 1
    outer loop
      vertex -46.7667 -35.492 3
      vertex -49.0443 -26.9918 3
      vertex -46.9498 -35.5497 3
    endloop
  endfacet
  facet normal -0 0 1
    outer loop
      vertex -49.9595 -27.2804 3
      vertex -46.9498 -35.5497 3
      vertex -49.0443 -26.9918 3
    endloop
  endfacet
  facet normal 0 0 1
    outer loop
      vertex -46.9498 -35.5497 3
      vertex -49.9595 -27.2804 3
      vertex -47.1271 -35.6231 3
    endloop
  endfacet
  facet normal -0 0 1
    outer loop
      vertex -50.8461 -27.6476 3
      vertex -47.1271 -35.6231 3
      vertex -49.9595 -27.2804 3
    endloop
  endfacet
  facet normal 0 0 1
    outer loop
      vertex -47.1271 -35.6231 3
      vertex -50.8461 -27.6476 3
      vertex -47.2973 -35.7117 3
    endloop
  endfacet
  facet normal -0 0 1
    outer loop
      vertex -51.6973 -28.0907 3
      vertex -47.2973 -35.7117 3
      vertex -50.8461 -27.6476 3
    endloop
  endfacet
  facet normal 0 0 1
    outer loop
      vertex -47.2973 -35.7117 3
      vertex -51.6973 -28.0907 3
      vertex -47.4592 -35.8149 3
    endloop
  endfacet
  facet normal -0 0 1
    outer loop
      vertex -52.5067 -28.6063 3
      vertex -47.4592 -35.8149 3
      vertex -51.6973 -28.0907 3
    endloop
  endfacet
  facet normal 0 0 1
    outer loop
      vertex -47.4592 -35.8149 3
      vertex -52.5067 -28.6063 3
      vertex -47.6115 -35.9317 3
    endloop
  endfacet
  facet normal -0 0 1
    outer loop
      vertex -53.268 -29.1905 3
      vertex -47.6115 -35.9317 3
      vertex -52.5067 -28.6063 3
    endloop
  endfacet
  facet normal 0 0 1
    outer loop
      vertex -47.6115 -35.9317 3
      vertex -53.268 -29.1905 3
      vertex -47.753 -36.0614 3
    endloop
  endfacet
  facet normal -0 0 1
    outer loop
      vertex -53.9755 -29.8388 3
      vertex -47.753 -36.0614 3
      vertex -53.268 -29.1905 3
    endloop
  endfacet
  facet normal 0 0 1
    outer loop
      vertex -47.753 -36.0614 3
      vertex -53.9755 -29.8388 3
      vertex -47.8826 -36.2029 3
    endloop
  endfacet
  facet normal -0 0 1
    outer loop
      vertex -54.6238 -30.5463 3
      vertex -47.8826 -36.2029 3
      vertex -53.9755 -29.8388 3
    endloop
  endfacet
  facet normal 0 0 1
    outer loop
      vertex -47.8826 -36.2029 3
      vertex -54.6238 -30.5463 3
      vertex -47.9995 -36.3551 3
    endloop
  endfacet
  facet normal -0 0 1
    outer loop
      vertex -55.208 -31.3076 3
      vertex -47.9995 -36.3551 3
      vertex -54.6238 -30.5463 3
    endloop
  endfacet
  facet normal 0 0 1
    outer loop
      vertex -48.3973 -37.617 3
      vertex -52.4487 -59.3797 3
      vertex -48.8941 -64.9592 3
    endloop
  endfacet
  facet normal 0 0 1
    outer loop
      vertex -47.9995 -36.3551 3
      vertex -55.208 -31.3076 3
      vertex -48.1026 -36.517 3
    endloop
  endfacet
  facet normal 0 0 1
    outer loop
      vertex -48.8941 -64.9592 3
      vertex -52.4487 -59.3797 3
      vertex -49.6017 -64.3109 3
    endloop
  endfacet
  facet normal 0 0 1
    outer loop
      vertex -49.6017 -64.3109 3
      vertex -52.4487 -59.3797 3
      vertex -50.25 -63.6033 3
    endloop
  endfacet
  facet normal -0 0 1
    outer loop
      vertex -55.7236 -32.117 3
      vertex -48.1026 -36.517 3
      vertex -55.208 -31.3076 3
    endloop
  endfacet
  facet normal 0 0 1
    outer loop
      vertex -50.25 -63.6033 3
      vertex -52.4487 -59.3797 3
      vertex -50.8342 -62.842 3
    endloop
  endfacet
  facet normal 0 0 1
    outer loop
      vertex -48.1026 -36.517 3
      vertex -55.7236 -32.117 3
      vertex -48.1912 -36.6872 3
    endloop
  endfacet
  facet normal 0 0 1
    outer loop
      vertex -50.8342 -62.842 3
      vertex -52.4487 -59.3797 3
      vertex -51.3498 -62.0327 3
    endloop
  endfacet
  facet normal 0 0 1
    outer loop
      vertex -51.3498 -62.0327 3
      vertex -52.4487 -59.3797 3
      vertex -51.7929 -61.1815 3
    endloop
  endfacet
  facet normal 0 0 1
    outer loop
      vertex -51.7929 -61.1815 3
      vertex -52.4487 -59.3797 3
      vertex -52.1601 -60.2949 3
    endloop
  endfacet
  facet normal -0 0 1
    outer loop
      vertex -56.1667 -32.9682 3
      vertex -48.1912 -36.6872 3
      vertex -55.7236 -32.117 3
    endloop
  endfacet
  facet normal 0 0 1
    outer loop
      vertex -48.1912 -36.6872 3
      vertex -56.1667 -32.9682 3
      vertex -48.2647 -36.8645 3
    endloop
  endfacet
  facet normal -0 0 1
    outer loop
      vertex -56.534 -33.8548 3
      vertex -48.2647 -36.8645 3
      vertex -56.1667 -32.9682 3
    endloop
  endfacet
  facet normal 0 0 1
    outer loop
      vertex -48.2647 -36.8645 3
      vertex -56.534 -33.8548 3
      vertex -48.3224 -37.0476 3
    endloop
  endfacet
  facet normal -0 0 1
    outer loop
      vertex -56.8225 -34.77 3
      vertex -48.3224 -37.0476 3
      vertex -56.534 -33.8548 3
    endloop
  endfacet
  facet normal 0 0 1
    outer loop
      vertex -48.3224 -37.0476 3
      vertex -56.8225 -34.77 3
      vertex -48.3639 -37.235 3
    endloop
  endfacet
  facet normal -0 0 1
    outer loop
      vertex -57.0302 -35.7068 3
      vertex -48.3639 -37.235 3
      vertex -56.8225 -34.77 3
    endloop
  endfacet
  facet normal 0 0 1
    outer loop
      vertex -48.3639 -37.235 3
      vertex -57.0302 -35.7068 3
      vertex -48.389 -37.4253 3
    endloop
  endfacet
  facet normal -0 0 1
    outer loop
      vertex -57.1555 -36.6583 3
      vertex -48.389 -37.4253 3
      vertex -57.0302 -35.7068 3
    endloop
  endfacet
  facet normal 0 0 1
    outer loop
      vertex -48.3973 -37.617 3
      vertex -56.8225 -40.464 3
      vertex -52.4487 -59.3797 3
    endloop
  endfacet
  facet normal 0 0 1
    outer loop
      vertex -48.389 -37.4253 3
      vertex -57.1555 -36.6583 3
      vertex -48.3973 -37.617 3
    endloop
  endfacet
  facet normal 0 0 1
    outer loop
      vertex -48.3973 -37.617 3
      vertex -57.0302 -39.5271 3
      vertex -56.8225 -40.464 3
    endloop
  endfacet
  facet normal 0 0 1
    outer loop
      vertex -57.1973 -37.617 3
      vertex -48.3973 -37.617 3
      vertex -57.1555 -36.6583 3
    endloop
  endfacet
  facet normal 0 0 1
    outer loop
      vertex -48.3973 -37.617 3
      vertex -57.1555 -38.5757 3
      vertex -57.0302 -39.5271 3
    endloop
  endfacet
  facet normal 0 0 1
    outer loop
      vertex -48.3973 -37.617 3
      vertex -57.1973 -37.617 3
      vertex -57.1555 -38.5757 3
    endloop
  endfacet
  facet normal 0 0 1
    outer loop
      vertex 16.915 -57.7295 3
      vertex 25.715 -57.7295 3
      vertex 25.6731 -56.7708 3
    endloop
  endfacet
  facet normal 0 0 1
    outer loop
      vertex 16.9066 -57.5378 3
      vertex 25.6731 -56.7708 3
      vertex 25.5479 -55.8194 3
    endloop
  endfacet
  facet normal 0 0 1
    outer loop
      vertex 25.715 -57.7295 3
      vertex 16.915 -57.7295 3
      vertex 25.6731 -58.6883 3
    endloop
  endfacet
  facet normal 0 0 1
    outer loop
      vertex 16.9066 -57.5378 3
      vertex 25.5479 -55.8194 3
      vertex 25.3402 -54.8825 3
    endloop
  endfacet
  facet normal -0 0 1
    outer loop
      vertex 16.9066 -57.9213 3
      vertex 25.6731 -58.6883 3
      vertex 16.915 -57.7295 3
    endloop
  endfacet
  facet normal 0 0 1
    outer loop
      vertex 16.9066 -57.5378 3
      vertex 25.3402 -54.8825 3
      vertex 25.0516 -53.9673 3
    endloop
  endfacet
  facet normal 0 0 1
    outer loop
      vertex 25.6731 -58.6883 3
      vertex 16.9066 -57.9213 3
      vertex 25.5479 -59.6397 3
    endloop
  endfacet
  facet normal 0 0 1
    outer loop
      vertex 16.9066 -57.5378 3
      vertex 25.0516 -53.9673 3
      vertex 24.6844 -53.0807 3
    endloop
  endfacet
  facet normal -0 0 1
    outer loop
      vertex 16.8816 -58.1116 3
      vertex 25.5479 -59.6397 3
      vertex 16.9066 -57.9213 3
    endloop
  endfacet
  facet normal 0 0 1
    outer loop
      vertex 16.9066 -57.5378 3
      vertex 24.6844 -53.0807 3
      vertex 24.2413 -52.2295 3
    endloop
  endfacet
  facet normal 0 0 1
    outer loop
      vertex 25.5479 -59.6397 3
      vertex 16.8816 -58.1116 3
      vertex 25.3402 -60.5766 3
    endloop
  endfacet
  facet normal 0 0 1
    outer loop
      vertex 16.9066 -57.5378 3
      vertex 24.2413 -52.2295 3
      vertex 23.7256 -51.4202 3
    endloop
  endfacet
  facet normal -0 0 1
    outer loop
      vertex 16.84 -58.299 3
      vertex 25.3402 -60.5766 3
      vertex 16.8816 -58.1116 3
    endloop
  endfacet
  facet normal 0 0 1
    outer loop
      vertex 16.9066 -57.5378 3
      vertex 23.7256 -51.4202 3
      vertex 23.1415 -50.6589 3
    endloop
  endfacet
  facet normal 0 0 1
    outer loop
      vertex 25.3402 -60.5766 3
      vertex 16.84 -58.299 3
      vertex 25.0516 -61.4918 3
    endloop
  endfacet
  facet normal 0 0 1
    outer loop
      vertex 16.9066 -57.5378 3
      vertex 23.1415 -50.6589 3
      vertex 22.4931 -49.9514 3
    endloop
  endfacet
  facet normal -0 0 1
    outer loop
      vertex 16.7823 -58.482 3
      vertex 25.0516 -61.4918 3
      vertex 16.84 -58.299 3
    endloop
  endfacet
  facet normal 0 0 1
    outer loop
      vertex 16.9066 -57.5378 3
      vertex 22.4931 -49.9514 3
      vertex 21.7856 -49.3031 3
    endloop
  endfacet
  facet normal 0 0 1
    outer loop
      vertex 25.0516 -61.4918 3
      vertex 16.7823 -58.482 3
      vertex 24.6844 -62.3783 3
    endloop
  endfacet
  facet normal 0 0 1
    outer loop
      vertex 16.9066 -57.5378 3
      vertex 21.7856 -49.3031 3
      vertex 21.0243 -48.7189 3
    endloop
  endfacet
  facet normal 0 0 1
    outer loop
      vertex 16.9066 -57.5378 3
      vertex 21.0243 -48.7189 3
      vertex 20.215 -48.2033 3
    endloop
  endfacet
  facet normal 0 0 1
    outer loop
      vertex 16.9066 -57.5378 3
      vertex 20.215 -48.2033 3
      vertex 19.3638 -47.7602 3
    endloop
  endfacet
  facet normal 0 0 1
    outer loop
      vertex 15.6447 -55.7357 3
      vertex 19.3638 -47.7602 3
      vertex 18.4772 -47.3929 3
    endloop
  endfacet
  facet normal -0 0 1
    outer loop
      vertex 16.7089 -58.6593 3
      vertex 24.6844 -62.3783 3
      vertex 16.7823 -58.482 3
    endloop
  endfacet
  facet normal 0 0 1
    outer loop
      vertex 24.6844 -62.3783 3
      vertex 16.7089 -58.6593 3
      vertex 24.2413 -63.2295 3
    endloop
  endfacet
  facet normal -0 0 1
    outer loop
      vertex 16.6202 -58.8296 3
      vertex 24.2413 -63.2295 3
      vertex 16.7089 -58.6593 3
    endloop
  endfacet
  facet normal 0 0 1
    outer loop
      vertex 24.2413 -63.2295 3
      vertex 16.6202 -58.8296 3
      vertex 23.7256 -64.0389 3
    endloop
  endfacet
  facet normal -0 0 1
    outer loop
      vertex 16.5171 -58.9914 3
      vertex 23.7256 -64.0389 3
      vertex 16.6202 -58.8296 3
    endloop
  endfacet
  facet normal 0 0 1
    outer loop
      vertex 23.7256 -64.0389 3
      vertex 16.5171 -58.9914 3
      vertex 23.1415 -64.8002 3
    endloop
  endfacet
  facet normal -0 0 1
    outer loop
      vertex 16.4003 -59.1437 3
      vertex 23.1415 -64.8002 3
      vertex 16.5171 -58.9914 3
    endloop
  endfacet
  facet normal 0 0 1
    outer loop
      vertex 23.1415 -64.8002 3
      vertex 16.4003 -59.1437 3
      vertex 22.4931 -65.5077 3
    endloop
  endfacet
  facet normal -0 0 1
    outer loop
      vertex 16.2706 -59.2852 3
      vertex 22.4931 -65.5077 3
      vertex 16.4003 -59.1437 3
    endloop
  endfacet
  facet normal 0 0 1
    outer loop
      vertex 22.4931 -65.5077 3
      vertex 16.2706 -59.2852 3
      vertex 21.7856 -66.156 3
    endloop
  endfacet
  facet normal -0 0 1
    outer loop
      vertex 16.1291 -59.4148 3
      vertex 21.7856 -66.156 3
      vertex 16.2706 -59.2852 3
    endloop
  endfacet
  facet normal -0 0 1
    outer loop
      vertex 15.9769 -59.5317 3
      vertex 21.7856 -66.156 3
      vertex 16.1291 -59.4148 3
    endloop
  endfacet
  facet normal -0 0 1
    outer loop
      vertex 15.815 -59.6348 3
      vertex 21.7856 -66.156 3
      vertex 15.9769 -59.5317 3
    endloop
  endfacet
  facet normal -0 0 1
    outer loop
      vertex 15.6447 -59.7234 3
      vertex 21.7856 -66.156 3
      vertex 15.815 -59.6348 3
    endloop
  endfacet
  facet normal -0 0 1
    outer loop
      vertex 15.4674 -59.7969 3
      vertex 21.7856 -66.156 3
      vertex 15.6447 -59.7234 3
    endloop
  endfacet
  facet normal -0 0 1
    outer loop
      vertex 15.2844 -59.8546 3
      vertex 21.7856 -66.156 3
      vertex 15.4674 -59.7969 3
    endloop
  endfacet
  facet normal -0 0 1
    outer loop
      vertex 15.097 -59.8961 3
      vertex 21.7856 -66.156 3
      vertex 15.2844 -59.8546 3
    endloop
  endfacet
  facet normal -0 0 1
    outer loop
      vertex 14.9067 -59.9212 3
      vertex 21.7856 -66.156 3
      vertex 15.097 -59.8961 3
    endloop
  endfacet
  facet normal -0 0 1
    outer loop
      vertex 14.715 -59.9296 3
      vertex 21.7856 -66.156 3
      vertex 14.9067 -59.9212 3
    endloop
  endfacet
  facet normal 0 0 1
    outer loop
      vertex 14.5232 -59.9212 3
      vertex 21.7856 -66.156 3
      vertex 14.715 -59.9296 3
    endloop
  endfacet
  facet normal 0 0 1
    outer loop
      vertex 14.333 -59.8961 3
      vertex 21.7856 -66.156 3
      vertex 14.5232 -59.9212 3
    endloop
  endfacet
  facet normal 0 0 1
    outer loop
      vertex 7.00826 -78.7482 3
      vertex 14.333 -59.8961 3
      vertex 14.1456 -59.8546 3
    endloop
  endfacet
  facet normal 0 0 1
    outer loop
      vertex 7.00826 -78.7482 3
      vertex 14.1456 -59.8546 3
      vertex 13.9625 -59.7969 3
    endloop
  endfacet
  facet normal 0 0 1
    outer loop
      vertex 7.00826 -78.7482 3
      vertex 13.9625 -59.7969 3
      vertex 13.7852 -59.7234 3
    endloop
  endfacet
  facet normal 0 0 1
    outer loop
      vertex 7.00826 -78.7482 3
      vertex 13.7852 -59.7234 3
      vertex 13.615 -59.6348 3
    endloop
  endfacet
  facet normal 0 0 1
    outer loop
      vertex 7.00826 -78.7482 3
      vertex 13.615 -59.6348 3
      vertex 13.4531 -59.5317 3
    endloop
  endfacet
  facet normal 0 0 1
    outer loop
      vertex 7.00826 -78.7482 3
      vertex 13.4531 -59.5317 3
      vertex 13.3009 -59.4148 3
    endloop
  endfacet
  facet normal 0 0 1
    outer loop
      vertex 14.333 -59.8961 3
      vertex 7.00826 -78.7482 3
      vertex 21.7856 -66.156 3
    endloop
  endfacet
  facet normal 0 0 1
    outer loop
      vertex 13.1593 -59.2852 3
      vertex 7.00826 -78.7482 3
      vertex 13.3009 -59.4148 3
    endloop
  endfacet
  facet normal 0 0 1
    outer loop
      vertex 13.0297 -59.1437 3
      vertex 7.00826 -78.7482 3
      vertex 13.1593 -59.2852 3
    endloop
  endfacet
  facet normal 0 0 1
    outer loop
      vertex 12.9128 -58.9914 3
      vertex 7.00826 -78.7482 3
      vertex 13.0297 -59.1437 3
    endloop
  endfacet
  facet normal 0 0 1
    outer loop
      vertex 12.8097 -58.8296 3
      vertex 7.00826 -78.7482 3
      vertex 12.9128 -58.9914 3
    endloop
  endfacet
  facet normal 0 0 1
    outer loop
      vertex 12.7211 -58.6593 3
      vertex 7.00826 -78.7482 3
      vertex 12.8097 -58.8296 3
    endloop
  endfacet
  facet normal 0 0 1
    outer loop
      vertex 12.6477 -58.482 3
      vertex 7.00826 -78.7482 3
      vertex 12.7211 -58.6593 3
    endloop
  endfacet
  facet normal 0 0 1
    outer loop
      vertex 12.5899 -58.299 3
      vertex 7.00826 -78.7482 3
      vertex 12.6477 -58.482 3
    endloop
  endfacet
  facet normal 0 0 1
    outer loop
      vertex 12.5484 -58.1116 3
      vertex 7.00826 -78.7482 3
      vertex 12.5899 -58.299 3
    endloop
  endfacet
  facet normal 0 0 1
    outer loop
      vertex 12.5234 -57.9213 3
      vertex 7.00826 -78.7482 3
      vertex 12.5484 -58.1116 3
    endloop
  endfacet
  facet normal 0 0 1
    outer loop
      vertex 7.00826 -78.7482 3
      vertex 12.5234 -57.9213 3
      vertex 12.515 -57.7295 3
    endloop
  endfacet
  facet normal -0 0 1
    outer loop
      vertex 1.93147 -71.2515 3
      vertex 7.00826 -78.7482 3
      vertex 2.00492 -71.0742 3
    endloop
  endfacet
  facet normal -0 0 1
    outer loop
      vertex 1.73973 -71.5836 3
      vertex 7.00826 -78.7482 3
      vertex 1.84285 -71.4217 3
    endloop
  endfacet
  facet normal -0 0 1
    outer loop
      vertex 1.62289 -71.7359 3
      vertex 7.00826 -78.7482 3
      vertex 1.73973 -71.5836 3
    endloop
  endfacet
  facet normal -0 0 1
    outer loop
      vertex 1.49323 -71.8774 3
      vertex 7.00826 -78.7482 3
      vertex 1.62289 -71.7359 3
    endloop
  endfacet
  facet normal -0 0 1
    outer loop
      vertex 1.35173 -72.007 3
      vertex 7.00826 -78.7482 3
      vertex 1.49323 -71.8774 3
    endloop
  endfacet
  facet normal 0 0 1
    outer loop
      vertex 7.00826 -78.7482 3
      vertex 1.35173 -72.007 3
      vertex 6.24693 -79.3324 3
    endloop
  endfacet
  facet normal -0 0 1
    outer loop
      vertex 1.19946 -72.1239 3
      vertex 6.24693 -79.3324 3
      vertex 1.35173 -72.007 3
    endloop
  endfacet
  facet normal 0 0 1
    outer loop
      vertex 6.24693 -79.3324 3
      vertex 1.19946 -72.1239 3
      vertex 5.43759 -79.848 3
    endloop
  endfacet
  facet normal -0 0 1
    outer loop
      vertex 1.0376 -72.227 3
      vertex 5.43759 -79.848 3
      vertex 1.19946 -72.1239 3
    endloop
  endfacet
  facet normal 0 0 1
    outer loop
      vertex 5.43759 -79.848 3
      vertex 1.0376 -72.227 3
      vertex 4.5864 -80.2911 3
    endloop
  endfacet
  facet normal -0 0 1
    outer loop
      vertex 0.867357 -72.3156 3
      vertex 4.5864 -80.2911 3
      vertex 1.0376 -72.227 3
    endloop
  endfacet
  facet normal 0 0 1
    outer loop
      vertex 4.5864 -80.2911 3
      vertex 0.867357 -72.3156 3
      vertex 3.69981 -80.6583 3
    endloop
  endfacet
  facet normal -0 0 1
    outer loop
      vertex 0.690042 -72.3891 3
      vertex 3.69981 -80.6583 3
      vertex 0.867357 -72.3156 3
    endloop
  endfacet
  facet normal 0 0 1
    outer loop
      vertex 3.69981 -80.6583 3
      vertex 0.690042 -72.3891 3
      vertex 2.78459 -80.9469 3
    endloop
  endfacet
  facet normal -0 0 1
    outer loop
      vertex 0.506999 -72.4468 3
      vertex 2.78459 -80.9469 3
      vertex 0.690042 -72.3891 3
    endloop
  endfacet
  facet normal 0 0 1
    outer loop
      vertex 2.78459 -80.9469 3
      vertex 0.506999 -72.4468 3
      vertex 1.84772 -81.1546 3
    endloop
  endfacet
  facet normal -0 0 1
    outer loop
      vertex 0.319623 -72.4883 3
      vertex 1.84772 -81.1546 3
      vertex 0.506999 -72.4468 3
    endloop
  endfacet
  facet normal 0 0 1
    outer loop
      vertex 1.84772 -81.1546 3
      vertex 0.319623 -72.4883 3
      vertex 0.896301 -81.2799 3
    endloop
  endfacet
  facet normal -0 0 1
    outer loop
      vertex 0.129339 -72.5134 3
      vertex 0.896301 -81.2799 3
      vertex 0.319623 -72.4883 3
    endloop
  endfacet
  facet normal 0 0 1
    outer loop
      vertex 0.129339 -72.5134 3
      vertex -0.0623932 -81.3217 3
      vertex 0.896301 -81.2799 3
    endloop
  endfacet
  facet normal -0 0 1
    outer loop
      vertex -0.0624018 -72.5217 3
      vertex -0.0623932 -81.3217 3
      vertex 0.129339 -72.5134 3
    endloop
  endfacet
  facet normal 0 0 1
    outer loop
      vertex -0.254145 -72.5134 3
      vertex -0.0623932 -81.3217 3
      vertex -0.0624018 -72.5217 3
    endloop
  endfacet
  facet normal 0 0 1
    outer loop
      vertex -1.0211 -81.2799 3
      vertex -0.254145 -72.5134 3
      vertex -0.444428 -72.4883 3
    endloop
  endfacet
  facet normal 0 0 1
    outer loop
      vertex -1.97252 -81.1546 3
      vertex -0.444428 -72.4883 3
      vertex -0.631804 -72.4468 3
    endloop
  endfacet
  facet normal 0 0 1
    outer loop
      vertex -2.90941 -80.9469 3
      vertex -0.631804 -72.4468 3
      vertex -0.814846 -72.3891 3
    endloop
  endfacet
  facet normal 0 0 1
    outer loop
      vertex -2.90941 -80.9469 3
      vertex -0.814846 -72.3891 3
      vertex -0.992163 -72.3156 3
    endloop
  endfacet
  facet normal 0 0 1
    outer loop
      vertex -0.254145 -72.5134 3
      vertex -1.0211 -81.2799 3
      vertex -0.0623932 -81.3217 3
    endloop
  endfacet
  facet normal 0 0 1
    outer loop
      vertex -2.90941 -80.9469 3
      vertex -0.992163 -72.3156 3
      vertex -1.1624 -72.227 3
    endloop
  endfacet
  facet normal 0 0 1
    outer loop
      vertex -2.90941 -80.9469 3
      vertex -1.1624 -72.227 3
      vertex -1.32427 -72.1239 3
    endloop
  endfacet
  facet normal 0 0 1
    outer loop
      vertex -2.90941 -80.9469 3
      vertex -1.32427 -72.1239 3
      vertex -1.47653 -72.007 3
    endloop
  endfacet
  facet normal 0 0 1
    outer loop
      vertex -2.90941 -80.9469 3
      vertex -1.47653 -72.007 3
      vertex -1.61804 -71.8774 3
    endloop
  endfacet
  facet normal 0 0 1
    outer loop
      vertex -2.90941 -80.9469 3
      vertex -1.61804 -71.8774 3
      vertex -1.7477 -71.7359 3
    endloop
  endfacet
  facet normal 0 0 1
    outer loop
      vertex -2.90941 -80.9469 3
      vertex -1.7477 -71.7359 3
      vertex -1.86454 -71.5836 3
    endloop
  endfacet
  facet normal 0 0 1
    outer loop
      vertex -2.90941 -80.9469 3
      vertex -1.86454 -71.5836 3
      vertex -1.96766 -71.4217 3
    endloop
  endfacet
  facet normal 0 0 1
    outer loop
      vertex -0.444428 -72.4883 3
      vertex -1.97252 -81.1546 3
      vertex -1.0211 -81.2799 3
    endloop
  endfacet
  facet normal 0 0 1
    outer loop
      vertex -2.90941 -80.9469 3
      vertex -1.96766 -71.4217 3
      vertex -2.05628 -71.2515 3
    endloop
  endfacet
  facet normal 0 0 1
    outer loop
      vertex -2.90941 -80.9469 3
      vertex -2.05628 -71.2515 3
      vertex -2.12973 -71.0742 3
    endloop
  endfacet
  facet normal 0 0 1
    outer loop
      vertex -2.90941 -80.9469 3
      vertex -2.12973 -71.0742 3
      vertex -2.18744 -70.8911 3
    endloop
  endfacet
  facet normal 0 0 1
    outer loop
      vertex -2.90941 -80.9469 3
      vertex -2.18744 -70.8911 3
      vertex -2.22898 -70.7038 3
    endloop
  endfacet
  facet normal 0 0 1
    outer loop
      vertex -2.90941 -80.9469 3
      vertex -2.22898 -70.7038 3
      vertex -2.25403 -70.5135 3
    endloop
  endfacet
  facet normal 0 0 1
    outer loop
      vertex -2.90941 -80.9469 3
      vertex -2.25403 -70.5135 3
      vertex -2.2624 -70.3217 3
    endloop
  endfacet
  facet normal 0 0 1
    outer loop
      vertex -0.631804 -72.4468 3
      vertex -2.90941 -80.9469 3
      vertex -1.97252 -81.1546 3
    endloop
  endfacet
  facet normal -0 0 1
    outer loop
      vertex -39.7562 -57.2851 3
      vertex -2.12973 -69.5693 3
      vertex -39.6985 -57.1021 3
    endloop
  endfacet
  facet normal 0 0 1
    outer loop
      vertex -2.12973 -69.5693 3
      vertex -39.7562 -57.2851 3
      vertex -2.18744 -69.7523 3
    endloop
  endfacet
  facet normal -0 0 1
    outer loop
      vertex -39.8296 -57.4624 3
      vertex -2.18744 -69.7523 3
      vertex -39.7562 -57.2851 3
    endloop
  endfacet
  facet normal 0 0 1
    outer loop
      vertex -2.18744 -69.7523 3
      vertex -39.8296 -57.4624 3
      vertex -2.22898 -69.9397 3
    endloop
  endfacet
  facet normal -0 0 1
    outer loop
      vertex -39.9182 -57.6327 3
      vertex -2.22898 -69.9397 3
      vertex -39.8296 -57.4624 3
    endloop
  endfacet
  facet normal 0 0 1
    outer loop
      vertex -2.25403 -70.13 3
      vertex -39.9182 -57.6327 3
      vertex -40.0214 -57.7946 3
    endloop
  endfacet
  facet normal 0 0 1
    outer loop
      vertex -2.2624 -70.3217 3
      vertex -40.0214 -57.7946 3
      vertex -40.1382 -57.9468 3
    endloop
  endfacet
  facet normal 0 0 1
    outer loop
      vertex -2.2624 -70.3217 3
      vertex -40.1382 -57.9468 3
      vertex -3.82462 -80.6583 3
    endloop
  endfacet
  facet normal -0 0 1
    outer loop
      vertex -40.2679 -58.0883 3
      vertex -3.82462 -80.6583 3
      vertex -40.1382 -57.9468 3
    endloop
  endfacet
  facet normal 0 0 1
    outer loop
      vertex -45.5857 -66.8693 3
      vertex -40.2679 -58.0883 3
      vertex -40.4094 -58.218 3
    endloop
  endfacet
  facet normal 0 0 1
    outer loop
      vertex -45.5857 -66.8693 3
      vertex -40.4094 -58.218 3
      vertex -40.5616 -58.3348 3
    endloop
  endfacet
  facet normal 0 0 1
    outer loop
      vertex -45.5857 -66.8693 3
      vertex -40.5616 -58.3348 3
      vertex -40.7235 -58.4379 3
    endloop
  endfacet
  facet normal 0 0 1
    outer loop
      vertex -45.5857 -66.8693 3
      vertex -40.7235 -58.4379 3
      vertex -40.8937 -58.5266 3
    endloop
  endfacet
  facet normal 0 0 1
    outer loop
      vertex -45.5857 -66.8693 3
      vertex -40.8937 -58.5266 3
      vertex -41.071 -58.6 3
    endloop
  endfacet
  facet normal 0 0 1
    outer loop
      vertex -45.5857 -66.8693 3
      vertex -41.071 -58.6 3
      vertex -41.2541 -58.6577 3
    endloop
  endfacet
  facet normal 0 0 1
    outer loop
      vertex -45.5857 -66.8693 3
      vertex -41.2541 -58.6577 3
      vertex -41.4415 -58.6993 3
    endloop
  endfacet
  facet normal 0 0 1
    outer loop
      vertex -45.5857 -66.8693 3
      vertex -41.4415 -58.6993 3
      vertex -41.6317 -58.7243 3
    endloop
  endfacet
  facet normal 0 0 1
    outer loop
      vertex -45.5857 -66.8693 3
      vertex -41.6317 -58.7243 3
      vertex -41.8235 -58.7327 3
    endloop
  endfacet
  facet normal 0 0 1
    outer loop
      vertex -45.5857 -66.8693 3
      vertex -41.8235 -58.7327 3
      vertex -42.0152 -58.7243 3
    endloop
  endfacet
  facet normal 0 0 1
    outer loop
      vertex -45.5857 -66.8693 3
      vertex -42.0152 -58.7243 3
      vertex -42.2055 -58.6993 3
    endloop
  endfacet
  facet normal 0 0 1
    outer loop
      vertex -45.5857 -66.8693 3
      vertex -42.2055 -58.6993 3
      vertex -42.3929 -58.6577 3
    endloop
  endfacet
  facet normal 0 0 1
    outer loop
      vertex -45.5857 -66.8693 3
      vertex -42.3929 -58.6577 3
      vertex -42.5759 -58.6 3
    endloop
  endfacet
  facet normal 0 0 1
    outer loop
      vertex -45.5857 -66.8693 3
      vertex -42.5759 -58.6 3
      vertex -42.7533 -58.5266 3
    endloop
  endfacet
  facet normal 0 0 1
    outer loop
      vertex -46.4723 -66.5021 3
      vertex -42.7533 -58.5266 3
      vertex -42.9235 -58.4379 3
    endloop
  endfacet
  facet normal -0 0 1
    outer loop
      vertex -46.0056 -39.8086 3
      vertex -42.5759 -54.4654 3
      vertex -45.8153 -39.7836 3
    endloop
  endfacet
  facet normal 0 0 1
    outer loop
      vertex -42.5759 -54.4654 3
      vertex -46.0056 -39.8086 3
      vertex -42.7533 -54.5388 3
    endloop
  endfacet
  facet normal -0 0 1
    outer loop
      vertex -46.1973 -39.817 3
      vertex -42.7533 -54.5388 3
      vertex -46.0056 -39.8086 3
    endloop
  endfacet
  facet normal 0 0 1
    outer loop
      vertex -42.7533 -54.5388 3
      vertex -46.1973 -39.817 3
      vertex -42.9235 -54.6274 3
    endloop
  endfacet
  facet normal 0 0 1
    outer loop
      vertex -46.3891 -39.8086 3
      vertex -42.9235 -54.6274 3
      vertex -46.1973 -39.817 3
    endloop
  endfacet
  facet normal 0 0 1
    outer loop
      vertex -42.9235 -54.6274 3
      vertex -46.3891 -39.8086 3
      vertex -43.0854 -54.7306 3
    endloop
  endfacet
  facet normal 0 0 1
    outer loop
      vertex -46.5794 -39.7836 3
      vertex -43.0854 -54.7306 3
      vertex -46.3891 -39.8086 3
    endloop
  endfacet
  facet normal 0 0 1
    outer loop
      vertex -43.0854 -54.7306 3
      vertex -46.5794 -39.7836 3
      vertex -43.2376 -54.8474 3
    endloop
  endfacet
  facet normal 0 0 1
    outer loop
      vertex -46.7667 -39.742 3
      vertex -43.2376 -54.8474 3
      vertex -46.5794 -39.7836 3
    endloop
  endfacet
  facet normal 0 0 1
    outer loop
      vertex -43.2376 -54.8474 3
      vertex -46.7667 -39.742 3
      vertex -43.3791 -54.9771 3
    endloop
  endfacet
  facet normal 0 0 1
    outer loop
      vertex -46.9498 -39.6843 3
      vertex -43.3791 -54.9771 3
      vertex -46.7667 -39.742 3
    endloop
  endfacet
  facet normal 0 0 1
    outer loop
      vertex -43.3791 -54.9771 3
      vertex -46.9498 -39.6843 3
      vertex -43.5088 -55.1186 3
    endloop
  endfacet
  facet normal 0 0 1
    outer loop
      vertex -47.1271 -39.6109 3
      vertex -43.5088 -55.1186 3
      vertex -46.9498 -39.6843 3
    endloop
  endfacet
  facet normal 0 0 1
    outer loop
      vertex -40.2679 -58.0883 3
      vertex -45.5857 -66.8693 3
      vertex -3.82462 -80.6583 3
    endloop
  endfacet
  facet normal 0 0 1
    outer loop
      vertex -47.3235 -66.059 3
      vertex -42.9235 -58.4379 3
      vertex -43.0854 -58.3348 3
    endloop
  endfacet
  facet normal 0 0 1
    outer loop
      vertex -48.1328 -65.5434 3
      vertex -43.0854 -58.3348 3
      vertex -43.2376 -58.218 3
    endloop
  endfacet
  facet normal 0 0 1
    outer loop
      vertex -48.8941 -64.9592 3
      vertex -43.2376 -58.218 3
      vertex -43.3791 -58.0883 3
    endloop
  endfacet
  facet normal 0 0 1
    outer loop
      vertex -48.8941 -64.9592 3
      vertex -43.3791 -58.0883 3
      vertex -43.5088 -57.9468 3
    endloop
  endfacet
  facet normal 0 0 1
    outer loop
      vertex -48.8941 -64.9592 3
      vertex -43.5088 -57.9468 3
      vertex -43.6256 -57.7946 3
    endloop
  endfacet
  facet normal 0 0 1
    outer loop
      vertex -48.8941 -64.9592 3
      vertex -43.6256 -57.7946 3
      vertex -43.7287 -57.6327 3
    endloop
  endfacet
  facet normal 0 0 1
    outer loop
      vertex -48.8941 -64.9592 3
      vertex -43.7287 -57.6327 3
      vertex -43.8174 -57.4624 3
    endloop
  endfacet
  facet normal 0 0 1
    outer loop
      vertex -48.8941 -64.9592 3
      vertex -43.8174 -57.4624 3
      vertex -43.8908 -57.2851 3
    endloop
  endfacet
  facet normal 0 0 1
    outer loop
      vertex -48.8941 -64.9592 3
      vertex -43.8908 -57.2851 3
      vertex -43.9485 -57.1021 3
    endloop
  endfacet
  facet normal 0 0 1
    outer loop
      vertex -48.8941 -64.9592 3
      vertex -43.9485 -57.1021 3
      vertex -43.9901 -56.9147 3
    endloop
  endfacet
  facet normal 0 0 1
    outer loop
      vertex -48.8941 -64.9592 3
      vertex -43.9901 -56.9147 3
      vertex -44.0151 -56.7244 3
    endloop
  endfacet
  facet normal 0 0 1
    outer loop
      vertex -43.5088 -55.1186 3
      vertex -47.1271 -39.6109 3
      vertex -43.6256 -55.2708 3
    endloop
  endfacet
  facet normal 0 0 1
    outer loop
      vertex -47.2973 -39.5222 3
      vertex -43.6256 -55.2708 3
      vertex -47.1271 -39.6109 3
    endloop
  endfacet
  facet normal 0 0 1
    outer loop
      vertex -43.6256 -55.2708 3
      vertex -47.2973 -39.5222 3
      vertex -43.7287 -55.4327 3
    endloop
  endfacet
  facet normal 0 0 1
    outer loop
      vertex -47.4592 -39.4191 3
      vertex -43.7287 -55.4327 3
      vertex -47.2973 -39.5222 3
    endloop
  endfacet
  facet normal 0 0 1
    outer loop
      vertex -43.7287 -55.4327 3
      vertex -47.4592 -39.4191 3
      vertex -43.8174 -55.6029 3
    endloop
  endfacet
  facet normal 0 0 1
    outer loop
      vertex -47.6115 -39.3023 3
      vertex -43.8174 -55.6029 3
      vertex -47.4592 -39.4191 3
    endloop
  endfacet
  facet normal 0 0 1
    outer loop
      vertex -43.2376 -58.218 3
      vertex -48.8941 -64.9592 3
      vertex -48.1328 -65.5434 3
    endloop
  endfacet
  facet normal 0 0 1
    outer loop
      vertex -43.8174 -55.6029 3
      vertex -47.6115 -39.3023 3
      vertex -43.8908 -55.7802 3
    endloop
  endfacet
  facet normal 0 0 1
    outer loop
      vertex -47.753 -39.1726 3
      vertex -43.8908 -55.7802 3
      vertex -47.6115 -39.3023 3
    endloop
  endfacet
  facet normal 0 0 1
    outer loop
      vertex -43.8908 -55.7802 3
      vertex -47.753 -39.1726 3
      vertex -43.9485 -55.9633 3
    endloop
  endfacet
  facet normal 0 0 1
    outer loop
      vertex -47.8826 -39.0311 3
      vertex -43.9485 -55.9633 3
      vertex -47.753 -39.1726 3
    endloop
  endfacet
  facet normal 0 0 1
    outer loop
      vertex -48.8941 -64.9592 3
      vertex -43.9485 -55.9633 3
      vertex -47.8826 -39.0311 3
    endloop
  endfacet
  facet normal 0 0 1
    outer loop
      vertex -42.7533 -58.5266 3
      vertex -46.4723 -66.5021 3
      vertex -45.5857 -66.8693 3
    endloop
  endfacet
  facet normal 0 0 1
    outer loop
      vertex -43.9485 -55.9633 3
      vertex -48.8941 -64.9592 3
      vertex -43.9901 -56.1507 3
    endloop
  endfacet
  facet normal 0 0 1
    outer loop
      vertex -43.9901 -56.1507 3
      vertex -48.8941 -64.9592 3
      vertex -44.0151 -56.3409 3
    endloop
  endfacet
  facet normal 0 0 1
    outer loop
      vertex -44.0151 -56.3409 3
      vertex -48.8941 -64.9592 3
      vertex -44.0235 -56.5327 3
    endloop
  endfacet
  facet normal 0 0 1
    outer loop
      vertex -44.0235 -56.5327 3
      vertex -48.8941 -64.9592 3
      vertex -44.0151 -56.7244 3
    endloop
  endfacet
  facet normal 0 0 1
    outer loop
      vertex -48.8941 -64.9592 3
      vertex -47.8826 -39.0311 3
      vertex -47.9995 -38.8789 3
    endloop
  endfacet
  facet normal 0 0 1
    outer loop
      vertex -48.8941 -64.9592 3
      vertex -47.9995 -38.8789 3
      vertex -48.1026 -38.717 3
    endloop
  endfacet
  facet normal 0 0 1
    outer loop
      vertex -42.9235 -58.4379 3
      vertex -47.3235 -66.059 3
      vertex -46.4723 -66.5021 3
    endloop
  endfacet
  facet normal 0 0 1
    outer loop
      vertex -48.8941 -64.9592 3
      vertex -48.1026 -38.717 3
      vertex -48.1912 -38.5468 3
    endloop
  endfacet
  facet normal 0 0 1
    outer loop
      vertex -48.8941 -64.9592 3
      vertex -48.1912 -38.5468 3
      vertex -48.2647 -38.3694 3
    endloop
  endfacet
  facet normal 0 0 1
    outer loop
      vertex -48.8941 -64.9592 3
      vertex -48.2647 -38.3694 3
      vertex -48.3224 -38.1864 3
    endloop
  endfacet
  facet normal 0 0 1
    outer loop
      vertex -48.8941 -64.9592 3
      vertex -48.3224 -38.1864 3
      vertex -48.3639 -37.999 3
    endloop
  endfacet
  facet normal 0 0 1
    outer loop
      vertex -48.8941 -64.9592 3
      vertex -48.3639 -37.999 3
      vertex -48.389 -37.8087 3
    endloop
  endfacet
  facet normal 0 0 1
    outer loop
      vertex -48.8941 -64.9592 3
      vertex -48.389 -37.8087 3
      vertex -48.3973 -37.617 3
    endloop
  endfacet
  facet normal 0 0 1
    outer loop
      vertex -43.0854 -58.3348 3
      vertex -48.1328 -65.5434 3
      vertex -47.3235 -66.059 3
    endloop
  endfacet
  facet normal -0 0 1
    outer loop
      vertex -45.6279 -39.742 3
      vertex -42.2055 -54.3661 3
      vertex -45.4449 -39.6843 3
    endloop
  endfacet
  facet normal 0 0 1
    outer loop
      vertex -42.2055 -54.3661 3
      vertex -45.6279 -39.742 3
      vertex -42.3929 -54.4077 3
    endloop
  endfacet
  facet normal -0 0 1
    outer loop
      vertex -45.8153 -39.7836 3
      vertex -42.3929 -54.4077 3
      vertex -45.6279 -39.742 3
    endloop
  endfacet
  facet normal 0 0 1
    outer loop
      vertex -42.3929 -54.4077 3
      vertex -45.8153 -39.7836 3
      vertex -42.5759 -54.4654 3
    endloop
  endfacet
  facet normal -0.923858 0.382735 0
    outer loop
      vertex -56.534 -33.8548 0
      vertex -56.1667 -32.9682 3
      vertex -56.1667 -32.9682 0
    endloop
  endfacet
  facet normal -0.923858 0.382735 0
    outer loop
      vertex -56.1667 -32.9682 3
      vertex -56.534 -33.8548 0
      vertex -56.534 -33.8548 3
    endloop
  endfacet
  facet normal -0.976292 0.216456 0
    outer loop
      vertex -57.0302 -35.7068 0
      vertex -56.8225 -34.77 3
      vertex -56.8225 -34.77 0
    endloop
  endfacet
  facet normal -0.976292 0.216456 0
    outer loop
      vertex -56.8225 -34.77 3
      vertex -57.0302 -35.7068 0
      vertex -57.0302 -35.7068 3
    endloop
  endfacet
  facet normal 0.130573 0.991439 -0
    outer loop
      vertex -44.2872 -26.7841 0
      vertex -45.2386 -26.6588 3
      vertex -44.2872 -26.7841 3
    endloop
  endfacet
  facet normal 0.130573 0.991439 0
    outer loop
      vertex -45.2386 -26.6588 3
      vertex -44.2872 -26.7841 0
      vertex -45.2386 -26.6588 0
    endloop
  endfacet
  facet normal -0.382646 0.923895 0
    outer loop
      vertex -49.9595 -27.2804 0
      vertex -50.8461 -27.6476 3
      vertex -49.9595 -27.2804 3
    endloop
  endfacet
  facet normal -0.382646 0.923895 0
    outer loop
      vertex -50.8461 -27.6476 3
      vertex -49.9595 -27.2804 0
      vertex -50.8461 -27.6476 0
    endloop
  endfacet
  facet normal -0.216456 0.976292 0
    outer loop
      vertex -48.1075 -26.7841 0
      vertex -49.0443 -26.9918 3
      vertex -48.1075 -26.7841 3
    endloop
  endfacet
  facet normal -0.216456 0.976292 0
    outer loop
      vertex -49.0443 -26.9918 3
      vertex -48.1075 -26.7841 0
      vertex -49.0443 -26.9918 0
    endloop
  endfacet
  facet normal -0.793336 0.608784 0
    outer loop
      vertex -55.208 -31.3076 0
      vertex -54.6238 -30.5463 3
      vertex -54.6238 -30.5463 0
    endloop
  endfacet
  facet normal -0.793336 0.608784 0
    outer loop
      vertex -54.6238 -30.5463 3
      vertex -55.208 -31.3076 0
      vertex -55.208 -31.3076 3
    endloop
  endfacet
  facet normal -0.73728 0.675588 0
    outer loop
      vertex -54.6238 -30.5463 0
      vertex -53.9755 -29.8388 3
      vertex -53.9755 -29.8388 0
    endloop
  endfacet
  facet normal -0.73728 0.675588 0
    outer loop
      vertex -53.9755 -29.8388 3
      vertex -54.6238 -30.5463 0
      vertex -54.6238 -30.5463 3
    endloop
  endfacet
  facet normal 0.999046 0.0436633 0
    outer loop
      vertex 25.715 -57.7295 3
      vertex 25.6731 -56.7708 0
      vertex 25.6731 -56.7708 3
    endloop
  endfacet
  facet normal 0.999046 0.0436633 0
    outer loop
      vertex 25.6731 -56.7708 0
      vertex 25.715 -57.7295 3
      vertex 25.715 -57.7295 0
    endloop
  endfacet
  facet normal 0.648589 -0.761139 0
    outer loop
      vertex 7.00826 -78.7482 0
      vertex 21.7856 -66.156 3
      vertex 7.00826 -78.7482 3
    endloop
  endfacet
  facet normal 0.648589 -0.761139 0
    outer loop
      vertex 21.7856 -66.156 3
      vertex 7.00826 -78.7482 0
      vertex 21.7856 -66.156 0
    endloop
  endfacet
  facet normal 0.537295 -0.843394 0
    outer loop
      vertex 5.43759 -79.848 0
      vertex 6.24693 -79.3324 3
      vertex 5.43759 -79.848 3
    endloop
  endfacet
  facet normal 0.537295 -0.843394 0
    outer loop
      vertex 6.24693 -79.3324 3
      vertex 5.43759 -79.848 0
      vertex 6.24693 -79.3324 0
    endloop
  endfacet
  facet normal 0.793387 -0.608718 0
    outer loop
      vertex 23.1415 -64.8002 3
      vertex 23.7256 -64.0389 0
      vertex 23.7256 -64.0389 3
    endloop
  endfacet
  facet normal 0.793387 -0.608718 0
    outer loop
      vertex 23.7256 -64.0389 0
      vertex 23.1415 -64.8002 3
      vertex 23.1415 -64.8002 0
    endloop
  endfacet
  facet normal 0.953705 -0.300742 0
    outer loop
      vertex 25.0516 -61.4918 3
      vertex 25.3402 -60.5766 0
      vertex 25.3402 -60.5766 3
    endloop
  endfacet
  facet normal 0.953705 -0.300742 0
    outer loop
      vertex 25.3402 -60.5766 0
      vertex 25.0516 -61.4918 3
      vertex 25.0516 -61.4918 0
    endloop
  endfacet
  facet normal 0.843365 -0.537341 0
    outer loop
      vertex 23.7256 -64.0389 3
      vertex 24.2413 -63.2295 0
      vertex 24.2413 -63.2295 3
    endloop
  endfacet
  facet normal 0.843365 -0.537341 0
    outer loop
      vertex 24.2413 -63.2295 0
      vertex 23.7256 -64.0389 3
      vertex 23.7256 -64.0389 0
    endloop
  endfacet
  facet normal -0.953705 -0.300742 0
    outer loop
      vertex -52.1601 -60.2949 0
      vertex -52.4487 -59.3797 3
      vertex -52.4487 -59.3797 0
    endloop
  endfacet
  facet normal -0.953705 -0.300742 0
    outer loop
      vertex -52.4487 -59.3797 3
      vertex -52.1601 -60.2949 0
      vertex -52.1601 -60.2949 3
    endloop
  endfacet
  facet normal -0.976297 -0.216434 0
    outer loop
      vertex -56.8225 -40.464 0
      vertex -57.0302 -39.5271 3
      vertex -57.0302 -39.5271 0
    endloop
  endfacet
  facet normal -0.976297 -0.216434 0
    outer loop
      vertex -57.0302 -39.5271 3
      vertex -56.8225 -40.464 0
      vertex -56.8225 -40.464 3
    endloop
  endfacet
  facet normal -0.382646 -0.923895 0
    outer loop
      vertex -46.4723 -66.5021 0
      vertex -45.5857 -66.8693 3
      vertex -46.4723 -66.5021 3
    endloop
  endfacet
  facet normal -0.382646 -0.923895 -0
    outer loop
      vertex -45.5857 -66.8693 3
      vertex -46.4723 -66.5021 0
      vertex -45.5857 -66.8693 0
    endloop
  endfacet
  facet normal -0.537314 -0.843382 0
    outer loop
      vertex -48.1328 -65.5434 0
      vertex -47.3235 -66.059 3
      vertex -48.1328 -65.5434 3
    endloop
  endfacet
  facet normal -0.537314 -0.843382 -0
    outer loop
      vertex -47.3235 -66.059 3
      vertex -48.1328 -65.5434 0
      vertex -47.3235 -66.059 0
    endloop
  endfacet
  facet normal -0.300739 -0.953706 0
    outer loop
      vertex -3.82462 -80.6583 0
      vertex -2.90941 -80.9469 3
      vertex -3.82462 -80.6583 3
    endloop
  endfacet
  facet normal -0.300739 -0.953706 -0
    outer loop
      vertex -2.90941 -80.9469 3
      vertex -3.82462 -80.6583 0
      vertex -2.90941 -80.9469 0
    endloop
  endfacet
  facet normal 0.793387 0.608718 0
    outer loop
      vertex 23.7256 -51.4202 3
      vertex 23.1415 -50.6589 0
      vertex 23.1415 -50.6589 3
    endloop
  endfacet
  facet normal 0.793387 0.608718 0
    outer loop
      vertex 23.1415 -50.6589 0
      vertex 23.7256 -51.4202 3
      vertex 23.7256 -51.4202 0
    endloop
  endfacet
  facet normal 0.737228 0.675644 0
    outer loop
      vertex 23.1415 -50.6589 3
      vertex 22.4931 -49.9514 0
      vertex 22.4931 -49.9514 3
    endloop
  endfacet
  facet normal 0.737228 0.675644 0
    outer loop
      vertex 22.4931 -49.9514 0
      vertex 23.1415 -50.6589 3
      vertex 23.1415 -50.6589 0
    endloop
  endfacet
  facet normal -0.953735 0.300648 0
    outer loop
      vertex -56.8225 -34.77 0
      vertex -56.534 -33.8548 3
      vertex -56.534 -33.8548 0
    endloop
  endfacet
  facet normal -0.953735 0.300648 0
    outer loop
      vertex -56.534 -33.8548 3
      vertex -56.8225 -34.77 0
      vertex -56.8225 -34.77 3
    endloop
  endfacet
  facet normal -0.0435593 0.999051 0
    outer loop
      vertex -46.1973 -26.617 0
      vertex -47.156 -26.6588 3
      vertex -46.1973 -26.617 3
    endloop
  endfacet
  facet normal -0.0435593 0.999051 0
    outer loop
      vertex -47.156 -26.6588 3
      vertex -46.1973 -26.617 0
      vertex -47.156 -26.6588 0
    endloop
  endfacet
  facet normal 0.0435593 0.999051 -0
    outer loop
      vertex -45.2386 -26.6588 0
      vertex -46.1973 -26.617 3
      vertex -45.2386 -26.6588 3
    endloop
  endfacet
  facet normal 0.0435593 0.999051 0
    outer loop
      vertex -46.1973 -26.617 3
      vertex -45.2386 -26.6588 0
      vertex -46.1973 -26.617 0
    endloop
  endfacet
  facet normal -0.537266 0.843413 0
    outer loop
      vertex -51.6973 -28.0907 0
      vertex -52.5067 -28.6063 3
      vertex -51.6973 -28.0907 3
    endloop
  endfacet
  facet normal -0.537266 0.843413 0
    outer loop
      vertex -52.5067 -28.6063 3
      vertex -51.6973 -28.0907 0
      vertex -52.5067 -28.6063 0
    endloop
  endfacet
  facet normal -0.461743 0.887014 0
    outer loop
      vertex -50.8461 -27.6476 0
      vertex -51.6973 -28.0907 3
      vertex -50.8461 -27.6476 3
    endloop
  endfacet
  facet normal -0.461743 0.887014 0
    outer loop
      vertex -51.6973 -28.0907 3
      vertex -50.8461 -27.6476 0
      vertex -51.6973 -28.0907 0
    endloop
  endfacet
  facet normal -0.843413 0.537266 0
    outer loop
      vertex -55.7236 -32.117 0
      vertex -55.208 -31.3076 3
      vertex -55.208 -31.3076 0
    endloop
  endfacet
  facet normal -0.843413 0.537266 0
    outer loop
      vertex -55.208 -31.3076 3
      vertex -55.7236 -32.117 0
      vertex -55.7236 -32.117 3
    endloop
  endfacet
  facet normal -0.675588 0.73728 0
    outer loop
      vertex -53.268 -29.1905 0
      vertex -53.9755 -29.8388 3
      vertex -53.268 -29.1905 3
    endloop
  endfacet
  facet normal -0.675588 0.73728 0
    outer loop
      vertex -53.9755 -29.8388 3
      vertex -53.268 -29.1905 0
      vertex -53.9755 -29.8388 0
    endloop
  endfacet
  facet normal 0.0435596 -0.999051 0
    outer loop
      vertex -0.0623932 -81.3217 0
      vertex 0.896301 -81.2799 3
      vertex -0.0623932 -81.3217 3
    endloop
  endfacet
  facet normal 0.0435596 -0.999051 0
    outer loop
      vertex 0.896301 -81.2799 3
      vertex -0.0623932 -81.3217 0
      vertex 0.896301 -81.2799 0
    endloop
  endfacet
  facet normal 0.38265 -0.923893 0
    outer loop
      vertex 3.69981 -80.6583 0
      vertex 4.5864 -80.2911 3
      vertex 3.69981 -80.6583 3
    endloop
  endfacet
  facet normal 0.38265 -0.923893 0
    outer loop
      vertex 4.5864 -80.2911 3
      vertex 3.69981 -80.6583 0
      vertex 4.5864 -80.2911 0
    endloop
  endfacet
  facet normal 0.216441 -0.976296 0
    outer loop
      vertex 1.84772 -81.1546 0
      vertex 2.78459 -80.9469 3
      vertex 1.84772 -81.1546 3
    endloop
  endfacet
  facet normal 0.216441 -0.976296 0
    outer loop
      vertex 2.78459 -80.9469 3
      vertex 1.84772 -81.1546 0
      vertex 2.78459 -80.9469 0
    endloop
  endfacet
  facet normal 0.608769 -0.793348 0
    outer loop
      vertex 6.24693 -79.3324 0
      vertex 7.00826 -78.7482 3
      vertex 6.24693 -79.3324 3
    endloop
  endfacet
  facet normal 0.608769 -0.793348 0
    outer loop
      vertex 7.00826 -78.7482 3
      vertex 6.24693 -79.3324 0
      vertex 7.00826 -78.7482 0
    endloop
  endfacet
  facet normal 0.991452 -0.130471 0
    outer loop
      vertex 25.5479 -59.6397 3
      vertex 25.6731 -58.6883 0
      vertex 25.6731 -58.6883 3
    endloop
  endfacet
  facet normal 0.991452 -0.130471 0
    outer loop
      vertex 25.6731 -58.6883 0
      vertex 25.5479 -59.6397 3
      vertex 25.5479 -59.6397 0
    endloop
  endfacet
  facet normal 0.976297 -0.216434 0
    outer loop
      vertex 25.3402 -60.5766 3
      vertex 25.5479 -59.6397 0
      vertex 25.5479 -59.6397 3
    endloop
  endfacet
  facet normal 0.976297 -0.216434 0
    outer loop
      vertex 25.5479 -59.6397 0
      vertex 25.3402 -60.5766 3
      vertex 25.3402 -60.5766 0
    endloop
  endfacet
  facet normal 0.737228 -0.675644 0
    outer loop
      vertex 22.4931 -65.5077 3
      vertex 23.1415 -64.8002 0
      vertex 23.1415 -64.8002 3
    endloop
  endfacet
  facet normal 0.737228 -0.675644 0
    outer loop
      vertex 23.1415 -64.8002 0
      vertex 22.4931 -65.5077 3
      vertex 22.4931 -65.5077 0
    endloop
  endfacet
  facet normal 0.887014 -0.461743 0
    outer loop
      vertex 24.2413 -63.2295 3
      vertex 24.6844 -62.3783 0
      vertex 24.6844 -62.3783 3
    endloop
  endfacet
  facet normal 0.887014 -0.461743 0
    outer loop
      vertex 24.6844 -62.3783 0
      vertex 24.2413 -63.2295 3
      vertex 24.2413 -63.2295 0
    endloop
  endfacet
  facet normal -0.923895 -0.382646 0
    outer loop
      vertex -51.7929 -61.1815 0
      vertex -52.1601 -60.2949 3
      vertex -52.1601 -60.2949 0
    endloop
  endfacet
  facet normal -0.923895 -0.382646 0
    outer loop
      vertex -52.1601 -60.2949 3
      vertex -51.7929 -61.1815 0
      vertex -51.7929 -61.1815 3
    endloop
  endfacet
  facet normal -0.843382 -0.537314 0
    outer loop
      vertex -50.8342 -62.842 0
      vertex -51.3498 -62.0327 3
      vertex -51.3498 -62.0327 0
    endloop
  endfacet
  facet normal -0.843382 -0.537314 0
    outer loop
      vertex -51.3498 -62.0327 3
      vertex -50.8342 -62.842 0
      vertex -50.8342 -62.842 3
    endloop
  endfacet
  facet normal -0.793336 -0.608784 0
    outer loop
      vertex -50.25 -63.6033 0
      vertex -50.8342 -62.842 3
      vertex -50.8342 -62.842 0
    endloop
  endfacet
  facet normal -0.793336 -0.608784 0
    outer loop
      vertex -50.8342 -62.842 3
      vertex -50.25 -63.6033 0
      vertex -50.25 -63.6033 3
    endloop
  endfacet
  facet normal -0.675536 -0.737327 0
    outer loop
      vertex -49.6017 -64.3109 0
      vertex -48.8941 -64.9592 3
      vertex -49.6017 -64.3109 3
    endloop
  endfacet
  facet normal -0.675536 -0.737327 -0
    outer loop
      vertex -48.8941 -64.9592 3
      vertex -49.6017 -64.3109 0
      vertex -48.8941 -64.9592 0
    endloop
  endfacet
  facet normal -0.974294 -0.225282 0
    outer loop
      vertex -52.4487 -59.3797 0
      vertex -56.8225 -40.464 3
      vertex -56.8225 -40.464 0
    endloop
  endfacet
  facet normal -0.974294 -0.225282 0
    outer loop
      vertex -56.8225 -40.464 3
      vertex -52.4487 -59.3797 0
      vertex -52.4487 -59.3797 3
    endloop
  endfacet
  facet normal -0.461743 -0.887014 0
    outer loop
      vertex -47.3235 -66.059 0
      vertex -46.4723 -66.5021 3
      vertex -47.3235 -66.059 3
    endloop
  endfacet
  facet normal -0.461743 -0.887014 -0
    outer loop
      vertex -46.4723 -66.5021 3
      vertex -47.3235 -66.059 0
      vertex -46.4723 -66.5021 0
    endloop
  endfacet
  facet normal -0.216436 -0.976297 0
    outer loop
      vertex -2.90941 -80.9469 0
      vertex -1.97252 -81.1546 3
      vertex -2.90941 -80.9469 3
    endloop
  endfacet
  facet normal -0.216436 -0.976297 -0
    outer loop
      vertex -1.97252 -81.1546 3
      vertex -2.90941 -80.9469 0
      vertex -1.97252 -81.1546 0
    endloop
  endfacet
  facet normal 0.976297 0.216434 0
    outer loop
      vertex 25.5479 -55.8194 3
      vertex 25.3402 -54.8825 0
      vertex 25.3402 -54.8825 3
    endloop
  endfacet
  facet normal 0.976297 0.216434 0
    outer loop
      vertex 25.3402 -54.8825 0
      vertex 25.5479 -55.8194 3
      vertex 25.5479 -55.8194 0
    endloop
  endfacet
  facet normal 0.953705 0.300742 0
    outer loop
      vertex 25.3402 -54.8825 3
      vertex 25.0516 -53.9673 0
      vertex 25.0516 -53.9673 3
    endloop
  endfacet
  facet normal 0.953705 0.300742 0
    outer loop
      vertex 25.0516 -53.9673 0
      vertex 25.3402 -54.8825 3
      vertex 25.3402 -54.8825 0
    endloop
  endfacet
  facet normal 0.675588 0.73728 -0
    outer loop
      vertex 22.4931 -49.9514 0
      vertex 21.7856 -49.3031 3
      vertex 22.4931 -49.9514 3
    endloop
  endfacet
  facet normal 0.675588 0.73728 0
    outer loop
      vertex 21.7856 -49.3031 3
      vertex 22.4931 -49.9514 0
      vertex 21.7856 -49.3031 0
    endloop
  endfacet
  facet normal 0.537314 0.843382 -0
    outer loop
      vertex 21.0243 -48.7189 0
      vertex 20.215 -48.2033 3
      vertex 21.0243 -48.7189 3
    endloop
  endfacet
  facet normal 0.537314 0.843382 0
    outer loop
      vertex 20.215 -48.2033 3
      vertex 21.0243 -48.7189 0
      vertex 20.215 -48.2033 0
    endloop
  endfacet
  facet normal 0.608784 0.793336 -0
    outer loop
      vertex 21.7856 -49.3031 0
      vertex 21.0243 -48.7189 3
      vertex 21.7856 -49.3031 3
    endloop
  endfacet
  facet normal 0.608784 0.793336 0
    outer loop
      vertex 21.0243 -48.7189 3
      vertex 21.7856 -49.3031 0
      vertex 21.0243 -48.7189 0
    endloop
  endfacet
  facet normal 0.923895 0.382646 0
    outer loop
      vertex 25.0516 -53.9673 3
      vertex 24.6844 -53.0807 0
      vertex 24.6844 -53.0807 3
    endloop
  endfacet
  facet normal 0.923895 0.382646 0
    outer loop
      vertex 24.6844 -53.0807 0
      vertex 25.0516 -53.9673 3
      vertex 25.0516 -53.9673 0
    endloop
  endfacet
  facet normal -0.043559 -0.999051 0
    outer loop
      vertex -1.0211 -81.2799 0
      vertex -0.0623932 -81.3217 3
      vertex -1.0211 -81.2799 3
    endloop
  endfacet
  facet normal -0.043559 -0.999051 -0
    outer loop
      vertex -0.0623932 -81.3217 3
      vertex -1.0211 -81.2799 0
      vertex -0.0623932 -81.3217 0
    endloop
  endfacet
  facet normal 0.130571 -0.991439 0
    outer loop
      vertex 0.896301 -81.2799 0
      vertex 1.84772 -81.1546 3
      vertex 0.896301 -81.2799 3
    endloop
  endfacet
  facet normal 0.130571 -0.991439 0
    outer loop
      vertex 1.84772 -81.1546 3
      vertex 0.896301 -81.2799 0
      vertex 1.84772 -81.1546 0
    endloop
  endfacet
  facet normal 0.461747 -0.887011 0
    outer loop
      vertex 4.5864 -80.2911 0
      vertex 5.43759 -79.848 3
      vertex 4.5864 -80.2911 3
    endloop
  endfacet
  facet normal 0.461747 -0.887011 0
    outer loop
      vertex 5.43759 -79.848 3
      vertex 4.5864 -80.2911 0
      vertex 5.43759 -79.848 0
    endloop
  endfacet
  facet normal 0.300736 -0.953707 0
    outer loop
      vertex 2.78459 -80.9469 0
      vertex 3.69981 -80.6583 3
      vertex 2.78459 -80.9469 3
    endloop
  endfacet
  facet normal 0.300736 -0.953707 0
    outer loop
      vertex 3.69981 -80.6583 3
      vertex 2.78459 -80.9469 0
      vertex 3.69981 -80.6583 0
    endloop
  endfacet
  facet normal 0.999047 -0.0436588 0
    outer loop
      vertex 25.6731 -58.6883 3
      vertex 25.715 -57.7295 0
      vertex 25.715 -57.7295 3
    endloop
  endfacet
  facet normal 0.999047 -0.0436588 0
    outer loop
      vertex 25.715 -57.7295 0
      vertex 25.6731 -58.6883 3
      vertex 25.6731 -58.6883 0
    endloop
  endfacet
  facet normal 0.92388 -0.382683 0
    outer loop
      vertex 24.6844 -62.3783 3
      vertex 25.0516 -61.4918 0
      vertex 25.0516 -61.4918 3
    endloop
  endfacet
  facet normal 0.92388 -0.382683 0
    outer loop
      vertex 25.0516 -61.4918 0
      vertex 24.6844 -62.3783 3
      vertex 24.6844 -62.3783 0
    endloop
  endfacet
  facet normal -0.887014 -0.461743 0
    outer loop
      vertex -51.3498 -62.0327 0
      vertex -51.7929 -61.1815 3
      vertex -51.7929 -61.1815 0
    endloop
  endfacet
  facet normal -0.887014 -0.461743 0
    outer loop
      vertex -51.7929 -61.1815 3
      vertex -51.3498 -62.0327 0
      vertex -51.3498 -62.0327 3
    endloop
  endfacet
  facet normal -0.737327 -0.675536 0
    outer loop
      vertex -49.6017 -64.3109 0
      vertex -50.25 -63.6033 3
      vertex -50.25 -63.6033 0
    endloop
  endfacet
  facet normal -0.737327 -0.675536 0
    outer loop
      vertex -50.25 -63.6033 3
      vertex -49.6017 -64.3109 0
      vertex -49.6017 -64.3109 3
    endloop
  endfacet
  facet normal 0.843335 0.537388 0
    outer loop
      vertex 24.2413 -52.2295 3
      vertex 23.7256 -51.4202 0
      vertex 23.7256 -51.4202 3
    endloop
  endfacet
  facet normal 0.843335 0.537388 0
    outer loop
      vertex 23.7256 -51.4202 0
      vertex 24.2413 -52.2295 3
      vertex 24.2413 -52.2295 0
    endloop
  endfacet
endsolid OpenSCAD_Model
