solid OpenSCAD_Model
  facet normal -0.998823 0.0484983 0
    outer loop
      vertex -10.9583 0.954594 3.45459
      vertex -10.9581 0.958713 5
      vertex -10.9581 0.958713 3.4501
    endloop
  endfacet
  facet normal -0.999043 0.043733 1.27297e-05
    outer loop
      vertex -10.9621 0.867763 3.53416
      vertex -10.9581 0.958713 5
      vertex -10.9583 0.954594 3.45459
    endloop
  endfacet
  facet normal -0.999038 0.0438426 5.91141e-06
    outer loop
      vertex -10.9662 0.774327 3.60585
      vertex -10.9581 0.958713 5
      vertex -10.9621 0.867763 3.53416
    endloop
  endfacet
  facet normal -0.999062 0.0432999 7.78311e-05
    outer loop
      vertex -10.9705 0.674999 3.66913
      vertex -10.9581 0.958713 5
      vertex -10.9662 0.774327 3.60585
    endloop
  endfacet
  facet normal -0.999033 0.0439586 -6.28575e-05
    outer loop
      vertex -10.9751 0.570534 3.72352
      vertex -10.9581 0.958713 5
      vertex -10.9705 0.674999 3.66913
    endloop
  endfacet
  facet normal -0.999065 0.0432223 0.00016149
    outer loop
      vertex -10.9798 0.461727 3.76858
      vertex -10.9581 0.958713 5
      vertex -10.9751 0.570534 3.72352
    endloop
  endfacet
  facet normal -0.99905 0.0435875 1.38146e-05
    outer loop
      vertex -10.9847 0.349405 3.804
      vertex -10.9581 0.958713 5
      vertex -10.9798 0.461727 3.76858
    endloop
  endfacet
  facet normal -0.999016 0.0443511 0.000176885
    outer loop
      vertex -11 0 5
      vertex -10.9847 0.349405 3.804
      vertex -10.9898 0.234425 3.82949
    endloop
  endfacet
  facet normal -0.999047 0.0436404 3.42684e-05
    outer loop
      vertex -11 0 5
      vertex -10.9898 0.234425 3.82949
      vertex -10.9949 0.11766 3.84486
    endloop
  endfacet
  facet normal -0.999062 0.0433046 0
    outer loop
      vertex -11 0 5
      vertex -10.9949 0.11766 3.84486
      vertex -11 0 3.85
    endloop
  endfacet
  facet normal -0.999046 0.0436627 -2.46049e-05
    outer loop
      vertex -10.9847 0.349405 3.804
      vertex -11 0 5
      vertex -10.9581 0.958713 5
    endloop
  endfacet
  facet normal -0.998823 0.0484983 0
    outer loop
      vertex -10.9581 0.958713 0
      vertex -10.9583 0.954594 1.54541
      vertex -10.9581 0.958713 1.5499
    endloop
  endfacet
  facet normal -0.999043 0.043733 -1.27297e-05
    outer loop
      vertex -10.9581 0.958713 0
      vertex -10.9621 0.867763 1.46584
      vertex -10.9583 0.954594 1.54541
    endloop
  endfacet
  facet normal -0.999038 0.0438426 -5.91141e-06
    outer loop
      vertex -10.9581 0.958713 0
      vertex -10.9662 0.774327 1.39415
      vertex -10.9621 0.867763 1.46584
    endloop
  endfacet
  facet normal -0.999062 0.0432999 -7.78311e-05
    outer loop
      vertex -10.9581 0.958713 0
      vertex -10.9705 0.674999 1.33087
      vertex -10.9662 0.774327 1.39415
    endloop
  endfacet
  facet normal -0.999033 0.0439586 6.28575e-05
    outer loop
      vertex -10.9581 0.958713 0
      vertex -10.9751 0.570534 1.27648
      vertex -10.9705 0.674999 1.33087
    endloop
  endfacet
  facet normal -0.999065 0.0432223 -0.00016149
    outer loop
      vertex -10.9581 0.958713 0
      vertex -10.9798 0.461727 1.23142
      vertex -10.9751 0.570534 1.27648
    endloop
  endfacet
  facet normal -0.99905 0.0435875 -1.38146e-05
    outer loop
      vertex -10.9581 0.958713 0
      vertex -10.9847 0.349405 1.196
      vertex -10.9798 0.461727 1.23142
    endloop
  endfacet
  facet normal -0.999046 0.0436627 2.46049e-05
    outer loop
      vertex -11 0 0
      vertex -10.9847 0.349405 1.196
      vertex -10.9581 0.958713 0
    endloop
  endfacet
  facet normal -0.999016 0.0443511 -0.000176885
    outer loop
      vertex -10.9847 0.349405 1.196
      vertex -11 0 0
      vertex -10.9898 0.234425 1.17051
    endloop
  endfacet
  facet normal -0.999047 0.0436404 -3.42684e-05
    outer loop
      vertex -10.9898 0.234425 1.17051
      vertex -11 0 0
      vertex -10.9949 0.11766 1.15514
    endloop
  endfacet
  facet normal -0.999062 0.0433046 0
    outer loop
      vertex -10.9949 0.11766 1.15514
      vertex -11 0 0
      vertex -11 0 1.15
    endloop
  endfacet
  facet normal 0.0436627 -0.999046 0
    outer loop
      vertex 0 -11 0
      vertex 0.958713 -10.9581 5
      vertex 0 -11 5
    endloop
  endfacet
  facet normal 0.0436627 -0.999046 0
    outer loop
      vertex 0.958713 -10.9581 5
      vertex 0 -11 0
      vertex 0.958713 -10.9581 0
    endloop
  endfacet
  facet normal 0.737274 -0.675594 0
    outer loop
      vertex 7.77817 -7.77817 5
      vertex 8.42649 -7.07066 0
      vertex 8.42649 -7.07066 5
    endloop
  endfacet
  facet normal 0.737274 -0.675594 0
    outer loop
      vertex 8.42649 -7.07066 0
      vertex 7.77817 -7.77817 5
      vertex 7.77817 -7.77817 0
    endloop
  endfacet
  facet normal 0.675594 0.737274 -0
    outer loop
      vertex 7.77817 7.77817 0
      vertex 7.07066 8.42649 5
      vertex 7.77817 7.77817 5
    endloop
  endfacet
  facet normal 0.675594 0.737274 0
    outer loop
      vertex 7.07066 8.42649 5
      vertex 7.77817 7.77817 0
      vertex 7.07066 8.42649 0
    endloop
  endfacet
  facet normal 0.382663 0.923888 -0
    outer loop
      vertex 4.6488 9.96939 0
      vertex 3.76222 10.3366 5
      vertex 4.6488 9.96939 5
    endloop
  endfacet
  facet normal 0.382663 0.923888 0
    outer loop
      vertex 3.76222 10.3366 5
      vertex 4.6488 9.96939 0
      vertex 3.76222 10.3366 0
    endloop
  endfacet
  facet normal 0.923888 -0.382663 0
    outer loop
      vertex 9.96939 -4.6488 5
      vertex 10.3366 -3.76222 0
      vertex 10.3366 -3.76222 5
    endloop
  endfacet
  facet normal 0.923888 -0.382663 0
    outer loop
      vertex 10.3366 -3.76222 0
      vertex 9.96939 -4.6488 5
      vertex 9.96939 -4.6488 0
    endloop
  endfacet
  facet normal 0.887009 0.461751 0
    outer loop
      vertex 9.96939 4.6488 5
      vertex 9.52628 5.5 0
      vertex 9.52628 5.5 5
    endloop
  endfacet
  facet normal 0.887009 0.461751 0
    outer loop
      vertex 9.52628 5.5 0
      vertex 9.96939 4.6488 5
      vertex 9.96939 4.6488 0
    endloop
  endfacet
  facet normal 0.216438 0.976296 -0
    outer loop
      vertex 2.84701 10.6252 0
      vertex 1.91013 10.8329 5
      vertex 2.84701 10.6252 5
    endloop
  endfacet
  facet normal 0.216438 0.976296 0
    outer loop
      vertex 1.91013 10.8329 5
      vertex 2.84701 10.6252 0
      vertex 1.91013 10.8329 0
    endloop
  endfacet
  facet normal 0 0 1
    outer loop
      vertex 9.01067 -6.30934 5
      vertex 2.53937 -1.77809 5
      vertex 8.42649 -7.07066 5
    endloop
  endfacet
  facet normal -0 0 1
    outer loop
      vertex 2.37474 -1.99264 5
      vertex 8.42649 -7.07066 5
      vertex 2.53937 -1.77809 5
    endloop
  endfacet
  facet normal 0 0 1
    outer loop
      vertex 8.42649 -7.07066 5
      vertex 2.37474 -1.99264 5
      vertex 7.77817 -7.77817 5
    endloop
  endfacet
  facet normal -0 0 1
    outer loop
      vertex 2.19203 -2.19203 5
      vertex 7.77817 -7.77817 5
      vertex 2.37474 -1.99264 5
    endloop
  endfacet
  facet normal 0 0 1
    outer loop
      vertex 7.77817 -7.77817 5
      vertex 2.19203 -2.19203 5
      vertex 7.07066 -8.42649 5
    endloop
  endfacet
  facet normal -0 0 1
    outer loop
      vertex 1.99264 -2.37474 5
      vertex 7.07066 -8.42649 5
      vertex 2.19203 -2.19203 5
    endloop
  endfacet
  facet normal 0 0 1
    outer loop
      vertex 7.07066 -8.42649 5
      vertex 1.99264 -2.37474 5
      vertex 6.30934 -9.01067 5
    endloop
  endfacet
  facet normal -0 0 1
    outer loop
      vertex 1.77809 -2.53937 5
      vertex 6.30934 -9.01067 5
      vertex 1.99264 -2.37474 5
    endloop
  endfacet
  facet normal 0 0 1
    outer loop
      vertex 6.30934 -9.01067 5
      vertex 1.77809 -2.53937 5
      vertex 5.5 -9.52628 5
    endloop
  endfacet
  facet normal -0 0 1
    outer loop
      vertex 1.55 -2.68468 5
      vertex 5.5 -9.52628 5
      vertex 1.77809 -2.53937 5
    endloop
  endfacet
  facet normal 0 0 1
    outer loop
      vertex 5.5 -9.52628 5
      vertex 1.55 -2.68468 5
      vertex 4.6488 -9.96939 5
    endloop
  endfacet
  facet normal -0 0 1
    outer loop
      vertex 1.31012 -2.80955 5
      vertex 4.6488 -9.96939 5
      vertex 1.55 -2.68468 5
    endloop
  endfacet
  facet normal 0 0 1
    outer loop
      vertex 4.6488 -9.96939 5
      vertex 1.31012 -2.80955 5
      vertex 3.76222 -10.3366 5
    endloop
  endfacet
  facet normal -0 0 1
    outer loop
      vertex 1.06026 -2.91305 5
      vertex 3.76222 -10.3366 5
      vertex 1.31012 -2.80955 5
    endloop
  endfacet
  facet normal 0 0 1
    outer loop
      vertex 3.76222 -10.3366 5
      vertex 1.06026 -2.91305 5
      vertex 2.84701 -10.6252 5
    endloop
  endfacet
  facet normal -0 0 1
    outer loop
      vertex 0.802339 -2.99437 5
      vertex 2.84701 -10.6252 5
      vertex 1.06026 -2.91305 5
    endloop
  endfacet
  facet normal 0 0 1
    outer loop
      vertex 2.84701 -10.6252 5
      vertex 0.802339 -2.99437 5
      vertex 1.91013 -10.8329 5
    endloop
  endfacet
  facet normal -0 0 1
    outer loop
      vertex 0.538309 -3.0529 5
      vertex 1.91013 -10.8329 5
      vertex 0.802339 -2.99437 5
    endloop
  endfacet
  facet normal 0 0 1
    outer loop
      vertex 1.91013 -10.8329 5
      vertex 0.538309 -3.0529 5
      vertex 0.958713 -10.9581 5
    endloop
  endfacet
  facet normal -0 0 1
    outer loop
      vertex 0.270183 -3.0882 5
      vertex 0.958713 -10.9581 5
      vertex 0.538309 -3.0529 5
    endloop
  endfacet
  facet normal -0 0 1
    outer loop
      vertex 0 -3.1 5
      vertex 0.958713 -10.9581 5
      vertex 0.270183 -3.0882 5
    endloop
  endfacet
  facet normal 0 0 1
    outer loop
      vertex 0 -3.1 5
      vertex 0 -11 5
      vertex 0.958713 -10.9581 5
    endloop
  endfacet
  facet normal 0 0 1
    outer loop
      vertex -0.270183 -3.0882 5
      vertex 0 -11 5
      vertex 0 -3.1 5
    endloop
  endfacet
  facet normal 0 0 1
    outer loop
      vertex -0.958713 -10.9581 5
      vertex -0.270183 -3.0882 5
      vertex -0.538309 -3.0529 5
    endloop
  endfacet
  facet normal 0 0 1
    outer loop
      vertex -1.91013 -10.8329 5
      vertex -0.538309 -3.0529 5
      vertex -0.802339 -2.99437 5
    endloop
  endfacet
  facet normal 0 0 1
    outer loop
      vertex -0.270183 -3.0882 5
      vertex -0.958713 -10.9581 5
      vertex 0 -11 5
    endloop
  endfacet
  facet normal 0 0 1
    outer loop
      vertex -2.84701 -10.6252 5
      vertex -0.802339 -2.99437 5
      vertex -1.06026 -2.91305 5
    endloop
  endfacet
  facet normal 0 0 1
    outer loop
      vertex -3.76222 -10.3366 5
      vertex -1.06026 -2.91305 5
      vertex -1.31012 -2.80955 5
    endloop
  endfacet
  facet normal 0 0 1
    outer loop
      vertex -4.6488 -9.96939 5
      vertex -1.31012 -2.80955 5
      vertex -1.55 -2.68468 5
    endloop
  endfacet
  facet normal 0 0 1
    outer loop
      vertex -5.5 -9.52628 5
      vertex -1.55 -2.68468 5
      vertex -1.77809 -2.53937 5
    endloop
  endfacet
  facet normal 0 0 1
    outer loop
      vertex -0.538309 -3.0529 5
      vertex -1.91013 -10.8329 5
      vertex -0.958713 -10.9581 5
    endloop
  endfacet
  facet normal 0 0 1
    outer loop
      vertex -6.30934 -9.01067 5
      vertex -1.77809 -2.53937 5
      vertex -1.99264 -2.37474 5
    endloop
  endfacet
  facet normal 0 0 1
    outer loop
      vertex -7.07066 -8.42649 5
      vertex -1.99264 -2.37474 5
      vertex -2.19203 -2.19203 5
    endloop
  endfacet
  facet normal 0 0 1
    outer loop
      vertex -7.77817 -7.77817 5
      vertex -2.19203 -2.19203 5
      vertex -2.37474 -1.99264 5
    endloop
  endfacet
  facet normal 0 0 1
    outer loop
      vertex -8.42649 -7.07066 5
      vertex -2.37474 -1.99264 5
      vertex -2.53937 -1.77809 5
    endloop
  endfacet
  facet normal 0 0 1
    outer loop
      vertex -9.01067 -6.30934 5
      vertex -2.53937 -1.77809 5
      vertex -2.68468 -1.55 5
    endloop
  endfacet
  facet normal 0 0 1
    outer loop
      vertex -9.52628 -5.5 5
      vertex -2.68468 -1.55 5
      vertex -2.80955 -1.31012 5
    endloop
  endfacet
  facet normal 0 0 1
    outer loop
      vertex -0.802339 -2.99437 5
      vertex -2.84701 -10.6252 5
      vertex -1.91013 -10.8329 5
    endloop
  endfacet
  facet normal 0 0 1
    outer loop
      vertex -9.96939 -4.6488 5
      vertex -2.80955 -1.31012 5
      vertex -2.91305 -1.06026 5
    endloop
  endfacet
  facet normal 0 0 1
    outer loop
      vertex -10.3366 -3.76222 5
      vertex -2.91305 -1.06026 5
      vertex -2.99437 -0.802339 5
    endloop
  endfacet
  facet normal 0 0 1
    outer loop
      vertex -10.6252 -2.84701 5
      vertex -2.99437 -0.802339 5
      vertex -3.0529 -0.538309 5
    endloop
  endfacet
  facet normal 0 0 1
    outer loop
      vertex -10.8329 -1.91013 5
      vertex -3.0529 -0.538309 5
      vertex -3.0882 -0.270183 5
    endloop
  endfacet
  facet normal 0 0 1
    outer loop
      vertex -10.9581 -0.958713 5
      vertex -3.0882 -0.270183 5
      vertex -3.1 0 5
    endloop
  endfacet
  facet normal 0 0 1
    outer loop
      vertex -2.53937 1.77809 5
      vertex -9.01067 6.30934 5
      vertex -2.68468 1.55 5
    endloop
  endfacet
  facet normal 0 0 1
    outer loop
      vertex -1.06026 -2.91305 5
      vertex -3.76222 -10.3366 5
      vertex -2.84701 -10.6252 5
    endloop
  endfacet
  facet normal -0 0 1
    outer loop
      vertex -9.52628 5.5 5
      vertex -2.68468 1.55 5
      vertex -9.01067 6.30934 5
    endloop
  endfacet
  facet normal 0 0 1
    outer loop
      vertex -1.31012 -2.80955 5
      vertex -4.6488 -9.96939 5
      vertex -3.76222 -10.3366 5
    endloop
  endfacet
  facet normal 0 0 1
    outer loop
      vertex -2.68468 1.55 5
      vertex -9.52628 5.5 5
      vertex -2.80955 1.31012 5
    endloop
  endfacet
  facet normal 0 0 1
    outer loop
      vertex -1.55 -2.68468 5
      vertex -5.5 -9.52628 5
      vertex -4.6488 -9.96939 5
    endloop
  endfacet
  facet normal -0 0 1
    outer loop
      vertex -9.96939 4.6488 5
      vertex -2.80955 1.31012 5
      vertex -9.52628 5.5 5
    endloop
  endfacet
  facet normal 0 0 1
    outer loop
      vertex -1.77809 -2.53937 5
      vertex -6.30934 -9.01067 5
      vertex -5.5 -9.52628 5
    endloop
  endfacet
  facet normal 0 0 1
    outer loop
      vertex -2.80955 1.31012 5
      vertex -9.96939 4.6488 5
      vertex -2.91305 1.06026 5
    endloop
  endfacet
  facet normal 0 0 1
    outer loop
      vertex -1.99264 -2.37474 5
      vertex -7.07066 -8.42649 5
      vertex -6.30934 -9.01067 5
    endloop
  endfacet
  facet normal -0 0 1
    outer loop
      vertex -10.3366 3.76222 5
      vertex -2.91305 1.06026 5
      vertex -9.96939 4.6488 5
    endloop
  endfacet
  facet normal 0 0 1
    outer loop
      vertex -2.19203 -2.19203 5
      vertex -7.77817 -7.77817 5
      vertex -7.07066 -8.42649 5
    endloop
  endfacet
  facet normal 0 0 1
    outer loop
      vertex -2.91305 1.06026 5
      vertex -10.3366 3.76222 5
      vertex -2.99437 0.802339 5
    endloop
  endfacet
  facet normal 0 0 1
    outer loop
      vertex -2.37474 -1.99264 5
      vertex -8.42649 -7.07066 5
      vertex -7.77817 -7.77817 5
    endloop
  endfacet
  facet normal -0 0 1
    outer loop
      vertex -10.6252 2.84701 5
      vertex -2.99437 0.802339 5
      vertex -10.3366 3.76222 5
    endloop
  endfacet
  facet normal 0 0 1
    outer loop
      vertex -2.53937 -1.77809 5
      vertex -9.01067 -6.30934 5
      vertex -8.42649 -7.07066 5
    endloop
  endfacet
  facet normal 0 0 1
    outer loop
      vertex -2.99437 0.802339 5
      vertex -10.6252 2.84701 5
      vertex -3.0529 0.538309 5
    endloop
  endfacet
  facet normal 0 0 1
    outer loop
      vertex -2.68468 -1.55 5
      vertex -9.52628 -5.5 5
      vertex -9.01067 -6.30934 5
    endloop
  endfacet
  facet normal -0 0 1
    outer loop
      vertex -10.8329 1.91013 5
      vertex -3.0529 0.538309 5
      vertex -10.6252 2.84701 5
    endloop
  endfacet
  facet normal 0 0 1
    outer loop
      vertex -2.80955 -1.31012 5
      vertex -9.96939 -4.6488 5
      vertex -9.52628 -5.5 5
    endloop
  endfacet
  facet normal 0 0 1
    outer loop
      vertex -3.0529 0.538309 5
      vertex -10.8329 1.91013 5
      vertex -3.0882 0.270183 5
    endloop
  endfacet
  facet normal 0 0 1
    outer loop
      vertex -2.91305 -1.06026 5
      vertex -10.3366 -3.76222 5
      vertex -9.96939 -4.6488 5
    endloop
  endfacet
  facet normal -0 0 1
    outer loop
      vertex -10.9581 0.958713 5
      vertex -3.0882 0.270183 5
      vertex -10.8329 1.91013 5
    endloop
  endfacet
  facet normal 0 0 1
    outer loop
      vertex -2.99437 -0.802339 5
      vertex -10.6252 -2.84701 5
      vertex -10.3366 -3.76222 5
    endloop
  endfacet
  facet normal 0 0 1
    outer loop
      vertex -3.0882 0.270183 5
      vertex -10.9581 0.958713 5
      vertex -3.1 0 5
    endloop
  endfacet
  facet normal 0 0 1
    outer loop
      vertex -3.0529 -0.538309 5
      vertex -10.8329 -1.91013 5
      vertex -10.6252 -2.84701 5
    endloop
  endfacet
  facet normal 0 0 1
    outer loop
      vertex -11 0 5
      vertex -3.1 0 5
      vertex -10.9581 0.958713 5
    endloop
  endfacet
  facet normal 0 0 1
    outer loop
      vertex -3.0882 -0.270183 5
      vertex -10.9581 -0.958713 5
      vertex -10.8329 -1.91013 5
    endloop
  endfacet
  facet normal 0 0 1
    outer loop
      vertex -3.1 0 5
      vertex -11 0 5
      vertex -10.9581 -0.958713 5
    endloop
  endfacet
  facet normal 0 0 1
    outer loop
      vertex 17.1 0 5
      vertex 19 0 5
      vertex 18.981 0.435779 5
    endloop
  endfacet
  facet normal 0 0 1
    outer loop
      vertex 17.0882 0.270183 5
      vertex 18.981 0.435779 5
      vertex 18.924 0.86824 5
    endloop
  endfacet
  facet normal 0 0 1
    outer loop
      vertex 19 0 5
      vertex 17.1 0 5
      vertex 18.981 -0.435779 5
    endloop
  endfacet
  facet normal 0 0 1
    outer loop
      vertex 17.0529 0.538309 5
      vertex 18.924 0.86824 5
      vertex 18.8296 1.2941 5
    endloop
  endfacet
  facet normal -0 0 1
    outer loop
      vertex 17.0882 -0.270183 5
      vertex 18.981 -0.435779 5
      vertex 17.1 0 5
    endloop
  endfacet
  facet normal 0 0 1
    outer loop
      vertex 16.9944 0.802339 5
      vertex 18.8296 1.2941 5
      vertex 18.6985 1.7101 5
    endloop
  endfacet
  facet normal 0 0 1
    outer loop
      vertex 18.981 -0.435779 5
      vertex 17.0882 -0.270183 5
      vertex 18.924 -0.86824 5
    endloop
  endfacet
  facet normal 0 0 1
    outer loop
      vertex 16.913 1.06026 5
      vertex 18.6985 1.7101 5
      vertex 18.5315 2.11309 5
    endloop
  endfacet
  facet normal -0 0 1
    outer loop
      vertex 17.0529 -0.538309 5
      vertex 18.924 -0.86824 5
      vertex 17.0882 -0.270183 5
    endloop
  endfacet
  facet normal 0 0 1
    outer loop
      vertex 16.8096 1.31012 5
      vertex 18.5315 2.11309 5
      vertex 18.3301 2.5 5
    endloop
  endfacet
  facet normal 0 0 1
    outer loop
      vertex 18.924 -0.86824 5
      vertex 17.0529 -0.538309 5
      vertex 18.8296 -1.2941 5
    endloop
  endfacet
  facet normal 0 0 1
    outer loop
      vertex 16.6847 1.55 5
      vertex 18.3301 2.5 5
      vertex 18.0958 2.86788 5
    endloop
  endfacet
  facet normal -0 0 1
    outer loop
      vertex 16.9944 -0.802339 5
      vertex 18.8296 -1.2941 5
      vertex 17.0529 -0.538309 5
    endloop
  endfacet
  facet normal 0 0 1
    outer loop
      vertex 16.5394 1.77809 5
      vertex 18.0958 2.86788 5
      vertex 17.8302 3.21394 5
    endloop
  endfacet
  facet normal 0 0 1
    outer loop
      vertex 18.8296 -1.2941 5
      vertex 16.9944 -0.802339 5
      vertex 18.6985 -1.7101 5
    endloop
  endfacet
  facet normal 0 0 1
    outer loop
      vertex 16.3747 1.99264 5
      vertex 17.8302 3.21394 5
      vertex 17.5355 3.53553 5
    endloop
  endfacet
  facet normal -0 0 1
    outer loop
      vertex 16.913 -1.06026 5
      vertex 18.6985 -1.7101 5
      vertex 16.9944 -0.802339 5
    endloop
  endfacet
  facet normal 0 0 1
    outer loop
      vertex 16.192 2.19203 5
      vertex 17.5355 3.53553 5
      vertex 17.2139 3.83022 5
    endloop
  endfacet
  facet normal 0 0 1
    outer loop
      vertex 18.6985 -1.7101 5
      vertex 16.913 -1.06026 5
      vertex 18.5315 -2.11309 5
    endloop
  endfacet
  facet normal -0 0 1
    outer loop
      vertex 16.8096 -1.31012 5
      vertex 18.5315 -2.11309 5
      vertex 16.913 -1.06026 5
    endloop
  endfacet
  facet normal 0 0 1
    outer loop
      vertex 18.981 0.435779 5
      vertex 17.0882 0.270183 5
      vertex 17.1 0 5
    endloop
  endfacet
  facet normal 0 0 1
    outer loop
      vertex 18.924 0.86824 5
      vertex 17.0529 0.538309 5
      vertex 17.0882 0.270183 5
    endloop
  endfacet
  facet normal 0 0 1
    outer loop
      vertex 18.8296 1.2941 5
      vertex 16.9944 0.802339 5
      vertex 17.0529 0.538309 5
    endloop
  endfacet
  facet normal 0 0 1
    outer loop
      vertex 18.6985 1.7101 5
      vertex 16.913 1.06026 5
      vertex 16.9944 0.802339 5
    endloop
  endfacet
  facet normal 0 0 1
    outer loop
      vertex 15.9926 2.37474 5
      vertex 17.2139 3.83022 5
      vertex 16.8679 4.09576 5
    endloop
  endfacet
  facet normal 0 0 1
    outer loop
      vertex 18.5315 2.11309 5
      vertex 16.8096 1.31012 5
      vertex 16.913 1.06026 5
    endloop
  endfacet
  facet normal 0 0 1
    outer loop
      vertex 18.3301 2.5 5
      vertex 16.6847 1.55 5
      vertex 16.8096 1.31012 5
    endloop
  endfacet
  facet normal 0 0 1
    outer loop
      vertex 18.0958 2.86788 5
      vertex 16.5394 1.77809 5
      vertex 16.6847 1.55 5
    endloop
  endfacet
  facet normal 0 0 1
    outer loop
      vertex 15.7781 2.53937 5
      vertex 16.8679 4.09576 5
      vertex 16.5 4.33013 5
    endloop
  endfacet
  facet normal 0 0 1
    outer loop
      vertex 17.8302 3.21394 5
      vertex 16.3747 1.99264 5
      vertex 16.5394 1.77809 5
    endloop
  endfacet
  facet normal 0 0 1
    outer loop
      vertex 17.5355 3.53553 5
      vertex 16.192 2.19203 5
      vertex 16.3747 1.99264 5
    endloop
  endfacet
  facet normal 0 0 1
    outer loop
      vertex 15.55 2.68468 5
      vertex 16.5 4.33013 5
      vertex 16.1131 4.53154 5
    endloop
  endfacet
  facet normal 0 0 1
    outer loop
      vertex 17.2139 3.83022 5
      vertex 15.9926 2.37474 5
      vertex 16.192 2.19203 5
    endloop
  endfacet
  facet normal 0 0 1
    outer loop
      vertex 16.8679 4.09576 5
      vertex 15.7781 2.53937 5
      vertex 15.9926 2.37474 5
    endloop
  endfacet
  facet normal 0 0 1
    outer loop
      vertex 15.3101 2.80955 5
      vertex 16.1131 4.53154 5
      vertex 15.7101 4.69846 5
    endloop
  endfacet
  facet normal 0 0 1
    outer loop
      vertex 16.5 4.33013 5
      vertex 15.55 2.68468 5
      vertex 15.7781 2.53937 5
    endloop
  endfacet
  facet normal 0 0 1
    outer loop
      vertex 16.1131 4.53154 5
      vertex 15.3101 2.80955 5
      vertex 15.55 2.68468 5
    endloop
  endfacet
  facet normal 0 0 1
    outer loop
      vertex 15.0603 2.91305 5
      vertex 15.7101 4.69846 5
      vertex 15.2941 4.82963 5
    endloop
  endfacet
  facet normal 0 0 1
    outer loop
      vertex 15.7101 4.69846 5
      vertex 15.0603 2.91305 5
      vertex 15.3101 2.80955 5
    endloop
  endfacet
  facet normal 0 0 1
    outer loop
      vertex 14.8023 2.99437 5
      vertex 15.2941 4.82963 5
      vertex 14.8682 4.92404 5
    endloop
  endfacet
  facet normal 0 0 1
    outer loop
      vertex 15.2941 4.82963 5
      vertex 14.8023 2.99437 5
      vertex 15.0603 2.91305 5
    endloop
  endfacet
  facet normal 0 0 1
    outer loop
      vertex 14.8682 4.92404 5
      vertex 14.5383 3.0529 5
      vertex 14.8023 2.99437 5
    endloop
  endfacet
  facet normal 0 0 1
    outer loop
      vertex 14.4358 4.98097 5
      vertex 14.5383 3.0529 5
      vertex 14.8682 4.92404 5
    endloop
  endfacet
  facet normal 0 0 1
    outer loop
      vertex 14.4358 4.98097 5
      vertex 14.2702 3.0882 5
      vertex 14.5383 3.0529 5
    endloop
  endfacet
  facet normal 0 0 1
    outer loop
      vertex 14 5 5
      vertex 14.2702 3.0882 5
      vertex 14.4358 4.98097 5
    endloop
  endfacet
  facet normal 0 0 1
    outer loop
      vertex 14 5 5
      vertex 14 3.1 5
      vertex 14.2702 3.0882 5
    endloop
  endfacet
  facet normal 0 0 1
    outer loop
      vertex 14 5 5
      vertex 13.7298 3.0882 5
      vertex 14 3.1 5
    endloop
  endfacet
  facet normal -0 0 1
    outer loop
      vertex 13.5642 4.98097 5
      vertex 13.7298 3.0882 5
      vertex 14 5 5
    endloop
  endfacet
  facet normal 0 0 1
    outer loop
      vertex 13.5642 4.98097 5
      vertex 13.4617 3.0529 5
      vertex 13.7298 3.0882 5
    endloop
  endfacet
  facet normal -0 0 1
    outer loop
      vertex 13.1318 4.92404 5
      vertex 13.4617 3.0529 5
      vertex 13.5642 4.98097 5
    endloop
  endfacet
  facet normal 0 0 1
    outer loop
      vertex 13.4617 3.0529 5
      vertex 13.1318 4.92404 5
      vertex 13.1977 2.99437 5
    endloop
  endfacet
  facet normal -0 0 1
    outer loop
      vertex 12.7059 4.82963 5
      vertex 13.1977 2.99437 5
      vertex 13.1318 4.92404 5
    endloop
  endfacet
  facet normal 0 0 1
    outer loop
      vertex 13.1977 2.99437 5
      vertex 12.7059 4.82963 5
      vertex 12.9397 2.91305 5
    endloop
  endfacet
  facet normal -0 0 1
    outer loop
      vertex 12.2899 4.69846 5
      vertex 12.9397 2.91305 5
      vertex 12.7059 4.82963 5
    endloop
  endfacet
  facet normal 0 0 1
    outer loop
      vertex 12.9397 2.91305 5
      vertex 12.2899 4.69846 5
      vertex 12.6899 2.80955 5
    endloop
  endfacet
  facet normal -0 0 1
    outer loop
      vertex 11.8869 4.53154 5
      vertex 12.6899 2.80955 5
      vertex 12.2899 4.69846 5
    endloop
  endfacet
  facet normal 0 0 1
    outer loop
      vertex 12.6899 2.80955 5
      vertex 11.8869 4.53154 5
      vertex 12.45 2.68468 5
    endloop
  endfacet
  facet normal -0 0 1
    outer loop
      vertex 11.5 4.33013 5
      vertex 12.45 2.68468 5
      vertex 11.8869 4.53154 5
    endloop
  endfacet
  facet normal 0 0 1
    outer loop
      vertex 12.45 2.68468 5
      vertex 11.5 4.33013 5
      vertex 12.2219 2.53937 5
    endloop
  endfacet
  facet normal -0 0 1
    outer loop
      vertex 11.1321 4.09576 5
      vertex 12.2219 2.53937 5
      vertex 11.5 4.33013 5
    endloop
  endfacet
  facet normal 0 0 1
    outer loop
      vertex 12.2219 2.53937 5
      vertex 11.1321 4.09576 5
      vertex 12.0074 2.37474 5
    endloop
  endfacet
  facet normal -0 0 1
    outer loop
      vertex 10.7861 3.83022 5
      vertex 12.0074 2.37474 5
      vertex 11.1321 4.09576 5
    endloop
  endfacet
  facet normal 0 0 1
    outer loop
      vertex 12.0074 2.37474 5
      vertex 10.7861 3.83022 5
      vertex 11.808 2.19203 5
    endloop
  endfacet
  facet normal -0 0 1
    outer loop
      vertex 10.4645 3.53553 5
      vertex 11.808 2.19203 5
      vertex 10.7861 3.83022 5
    endloop
  endfacet
  facet normal -0 0 1
    outer loop
      vertex 10.4225 3.48976 5
      vertex 11.808 2.19203 5
      vertex 10.4645 3.53553 5
    endloop
  endfacet
  facet normal 0 0 1
    outer loop
      vertex 11.808 2.19203 5
      vertex 10.4225 3.48976 5
      vertex 11.6253 1.99264 5
    endloop
  endfacet
  facet normal 0 0 1
    outer loop
      vertex 11.6253 1.99264 5
      vertex 10.4225 3.48976 5
      vertex 11.4606 1.77809 5
    endloop
  endfacet
  facet normal 0 0 1
    outer loop
      vertex 11.4606 1.77809 5
      vertex 10.4225 3.48976 5
      vertex 11.3153 1.55 5
    endloop
  endfacet
  facet normal 0 0 1
    outer loop
      vertex 11.3153 1.55 5
      vertex 10.4225 3.48976 5
      vertex 11.1904 1.31012 5
    endloop
  endfacet
  facet normal 0 0 1
    outer loop
      vertex 11.1904 1.31012 5
      vertex 10.4225 3.48976 5
      vertex 11.087 1.06026 5
    endloop
  endfacet
  facet normal 0 0 1
    outer loop
      vertex 11.0056 0.802339 5
      vertex 10.4225 3.48976 5
      vertex 10.9471 0.538309 5
    endloop
  endfacet
  facet normal 0 0 1
    outer loop
      vertex 11.087 1.06026 5
      vertex 10.4225 3.48976 5
      vertex 11.0056 0.802339 5
    endloop
  endfacet
  facet normal 0 0 1
    outer loop
      vertex 18.5315 -2.11309 5
      vertex 16.8096 -1.31012 5
      vertex 18.3301 -2.5 5
    endloop
  endfacet
  facet normal -0 0 1
    outer loop
      vertex 16.6847 -1.55 5
      vertex 18.3301 -2.5 5
      vertex 16.8096 -1.31012 5
    endloop
  endfacet
  facet normal 0 0 1
    outer loop
      vertex 18.3301 -2.5 5
      vertex 16.6847 -1.55 5
      vertex 18.0958 -2.86788 5
    endloop
  endfacet
  facet normal -0 0 1
    outer loop
      vertex 16.5394 -1.77809 5
      vertex 18.0958 -2.86788 5
      vertex 16.6847 -1.55 5
    endloop
  endfacet
  facet normal 0 0 1
    outer loop
      vertex 18.0958 -2.86788 5
      vertex 16.5394 -1.77809 5
      vertex 17.8302 -3.21394 5
    endloop
  endfacet
  facet normal -0 0 1
    outer loop
      vertex 16.3747 -1.99264 5
      vertex 17.8302 -3.21394 5
      vertex 16.5394 -1.77809 5
    endloop
  endfacet
  facet normal 0 0 1
    outer loop
      vertex 17.8302 -3.21394 5
      vertex 16.3747 -1.99264 5
      vertex 17.5355 -3.53553 5
    endloop
  endfacet
  facet normal -0 0 1
    outer loop
      vertex 16.192 -2.19203 5
      vertex 17.5355 -3.53553 5
      vertex 16.3747 -1.99264 5
    endloop
  endfacet
  facet normal 0 0 1
    outer loop
      vertex 17.5355 -3.53553 5
      vertex 16.192 -2.19203 5
      vertex 17.2139 -3.83022 5
    endloop
  endfacet
  facet normal -0 0 1
    outer loop
      vertex 15.9926 -2.37474 5
      vertex 17.2139 -3.83022 5
      vertex 16.192 -2.19203 5
    endloop
  endfacet
  facet normal 0 0 1
    outer loop
      vertex 17.2139 -3.83022 5
      vertex 15.9926 -2.37474 5
      vertex 16.8679 -4.09576 5
    endloop
  endfacet
  facet normal -0 0 1
    outer loop
      vertex 15.7781 -2.53937 5
      vertex 16.8679 -4.09576 5
      vertex 15.9926 -2.37474 5
    endloop
  endfacet
  facet normal 0 0 1
    outer loop
      vertex 16.8679 -4.09576 5
      vertex 15.7781 -2.53937 5
      vertex 16.5 -4.33013 5
    endloop
  endfacet
  facet normal -0 0 1
    outer loop
      vertex 15.55 -2.68468 5
      vertex 16.5 -4.33013 5
      vertex 15.7781 -2.53937 5
    endloop
  endfacet
  facet normal 0 0 1
    outer loop
      vertex 16.5 -4.33013 5
      vertex 15.55 -2.68468 5
      vertex 16.1131 -4.53154 5
    endloop
  endfacet
  facet normal -0 0 1
    outer loop
      vertex 15.3101 -2.80955 5
      vertex 16.1131 -4.53154 5
      vertex 15.55 -2.68468 5
    endloop
  endfacet
  facet normal 0 0 1
    outer loop
      vertex 16.1131 -4.53154 5
      vertex 15.3101 -2.80955 5
      vertex 15.7101 -4.69846 5
    endloop
  endfacet
  facet normal -0 0 1
    outer loop
      vertex 15.0603 -2.91305 5
      vertex 15.7101 -4.69846 5
      vertex 15.3101 -2.80955 5
    endloop
  endfacet
  facet normal 0 0 1
    outer loop
      vertex 15.7101 -4.69846 5
      vertex 15.0603 -2.91305 5
      vertex 15.2941 -4.82963 5
    endloop
  endfacet
  facet normal -0 0 1
    outer loop
      vertex 14.8023 -2.99437 5
      vertex 15.2941 -4.82963 5
      vertex 15.0603 -2.91305 5
    endloop
  endfacet
  facet normal 0 0 1
    outer loop
      vertex 15.2941 -4.82963 5
      vertex 14.8023 -2.99437 5
      vertex 14.8682 -4.92404 5
    endloop
  endfacet
  facet normal -0 0 1
    outer loop
      vertex 14.5383 -3.0529 5
      vertex 14.8682 -4.92404 5
      vertex 14.8023 -2.99437 5
    endloop
  endfacet
  facet normal 0 0 1
    outer loop
      vertex 14.5383 -3.0529 5
      vertex 14.4358 -4.98097 5
      vertex 14.8682 -4.92404 5
    endloop
  endfacet
  facet normal -0 0 1
    outer loop
      vertex 14.2702 -3.0882 5
      vertex 14.4358 -4.98097 5
      vertex 14.5383 -3.0529 5
    endloop
  endfacet
  facet normal -0 0 1
    outer loop
      vertex 14 -3.1 5
      vertex 14.4358 -4.98097 5
      vertex 14.2702 -3.0882 5
    endloop
  endfacet
  facet normal 0 0 1
    outer loop
      vertex 14 -3.1 5
      vertex 14 -5 5
      vertex 14.4358 -4.98097 5
    endloop
  endfacet
  facet normal 0 0 1
    outer loop
      vertex 13.7298 -3.0882 5
      vertex 14 -5 5
      vertex 14 -3.1 5
    endloop
  endfacet
  facet normal 0 0 1
    outer loop
      vertex 13.7298 -3.0882 5
      vertex 13.5642 -4.98097 5
      vertex 14 -5 5
    endloop
  endfacet
  facet normal 0 0 1
    outer loop
      vertex 13.4617 -3.0529 5
      vertex 13.5642 -4.98097 5
      vertex 13.7298 -3.0882 5
    endloop
  endfacet
  facet normal 0 0 1
    outer loop
      vertex 13.1318 -4.92404 5
      vertex 13.4617 -3.0529 5
      vertex 13.1977 -2.99437 5
    endloop
  endfacet
  facet normal 0 0 1
    outer loop
      vertex 13.4617 -3.0529 5
      vertex 13.1318 -4.92404 5
      vertex 13.5642 -4.98097 5
    endloop
  endfacet
  facet normal 0 0 1
    outer loop
      vertex 12.7059 -4.82963 5
      vertex 13.1977 -2.99437 5
      vertex 12.9397 -2.91305 5
    endloop
  endfacet
  facet normal 0 0 1
    outer loop
      vertex 13.1977 -2.99437 5
      vertex 12.7059 -4.82963 5
      vertex 13.1318 -4.92404 5
    endloop
  endfacet
  facet normal 0 0 1
    outer loop
      vertex 12.2899 -4.69846 5
      vertex 12.9397 -2.91305 5
      vertex 12.6899 -2.80955 5
    endloop
  endfacet
  facet normal 0 0 1
    outer loop
      vertex 11.8869 -4.53154 5
      vertex 12.6899 -2.80955 5
      vertex 12.45 -2.68468 5
    endloop
  endfacet
  facet normal 0 0 1
    outer loop
      vertex 12.9397 -2.91305 5
      vertex 12.2899 -4.69846 5
      vertex 12.7059 -4.82963 5
    endloop
  endfacet
  facet normal 0 0 1
    outer loop
      vertex 11.5 -4.33013 5
      vertex 12.45 -2.68468 5
      vertex 12.2219 -2.53937 5
    endloop
  endfacet
  facet normal 0 0 1
    outer loop
      vertex 11.1321 -4.09576 5
      vertex 12.2219 -2.53937 5
      vertex 12.0074 -2.37474 5
    endloop
  endfacet
  facet normal 0 0 1
    outer loop
      vertex 12.6899 -2.80955 5
      vertex 11.8869 -4.53154 5
      vertex 12.2899 -4.69846 5
    endloop
  endfacet
  facet normal 0 0 1
    outer loop
      vertex 10.7861 -3.83022 5
      vertex 12.0074 -2.37474 5
      vertex 11.808 -2.19203 5
    endloop
  endfacet
  facet normal 0 0 1
    outer loop
      vertex 10.4225 -3.48976 5
      vertex 11.808 -2.19203 5
      vertex 11.6253 -1.99264 5
    endloop
  endfacet
  facet normal 0 0 1
    outer loop
      vertex 12.45 -2.68468 5
      vertex 11.5 -4.33013 5
      vertex 11.8869 -4.53154 5
    endloop
  endfacet
  facet normal 0 0 1
    outer loop
      vertex 10.4225 -3.48976 5
      vertex 11.6253 -1.99264 5
      vertex 11.4606 -1.77809 5
    endloop
  endfacet
  facet normal 0 0 1
    outer loop
      vertex 10.4225 -3.48976 5
      vertex 11.4606 -1.77809 5
      vertex 11.3153 -1.55 5
    endloop
  endfacet
  facet normal 0 0 1
    outer loop
      vertex 10.4225 -3.48976 5
      vertex 11.3153 -1.55 5
      vertex 11.1904 -1.31012 5
    endloop
  endfacet
  facet normal 0 0 1
    outer loop
      vertex 12.2219 -2.53937 5
      vertex 11.1321 -4.09576 5
      vertex 11.5 -4.33013 5
    endloop
  endfacet
  facet normal 0 0 1
    outer loop
      vertex 10.4225 -3.48976 5
      vertex 11.1904 -1.31012 5
      vertex 11.087 -1.06026 5
    endloop
  endfacet
  facet normal 0 0 1
    outer loop
      vertex 10.4225 -3.48976 5
      vertex 11.087 -1.06026 5
      vertex 11.0056 -0.802339 5
    endloop
  endfacet
  facet normal 0 0 1
    outer loop
      vertex 10.4225 -3.48976 5
      vertex 11.0056 -0.802339 5
      vertex 10.9471 -0.538309 5
    endloop
  endfacet
  facet normal 0 0 1
    outer loop
      vertex 3.0882 -0.270183 5
      vertex 10.9118 -0.270183 5
      vertex 3.1 0 5
    endloop
  endfacet
  facet normal 0 0 1
    outer loop
      vertex 12.0074 -2.37474 5
      vertex 10.7861 -3.83022 5
      vertex 11.1321 -4.09576 5
    endloop
  endfacet
  facet normal -0 0 1
    outer loop
      vertex 3.1 0 5
      vertex 10.9118 -0.270183 5
      vertex 10.9 0 5
    endloop
  endfacet
  facet normal 0 0 1
    outer loop
      vertex 3.0529 0.538309 5
      vertex 10.9471 0.538309 5
      vertex 10.4225 3.48976 5
    endloop
  endfacet
  facet normal 0 0 1
    outer loop
      vertex 10.9471 0.538309 5
      vertex 3.0529 0.538309 5
      vertex 10.9118 0.270183 5
    endloop
  endfacet
  facet normal 0 -0 1
    outer loop
      vertex 3.0882 0.270183 5
      vertex 10.9118 0.270183 5
      vertex 3.0529 0.538309 5
    endloop
  endfacet
  facet normal 0 0 1
    outer loop
      vertex 11.808 -2.19203 5
      vertex 10.4225 -3.48976 5
      vertex 10.4645 -3.53553 5
    endloop
  endfacet
  facet normal 0 0 1
    outer loop
      vertex 11.808 -2.19203 5
      vertex 10.4645 -3.53553 5
      vertex 10.7861 -3.83022 5
    endloop
  endfacet
  facet normal 0 0 1
    outer loop
      vertex 2.91305 1.06026 5
      vertex 10.4225 3.48976 5
      vertex 10.3366 3.76222 5
    endloop
  endfacet
  facet normal 0 0 1
    outer loop
      vertex 10.9118 -0.270183 5
      vertex 3.0882 -0.270183 5
      vertex 10.9471 -0.538309 5
    endloop
  endfacet
  facet normal 0 0 1
    outer loop
      vertex 2.91305 1.06026 5
      vertex 10.3366 3.76222 5
      vertex 9.96939 4.6488 5
    endloop
  endfacet
  facet normal 0 0 1
    outer loop
      vertex 3.0529 -0.538309 5
      vertex 10.9471 -0.538309 5
      vertex 3.0882 -0.270183 5
    endloop
  endfacet
  facet normal 0 0 1
    outer loop
      vertex 2.80955 1.31012 5
      vertex 9.96939 4.6488 5
      vertex 9.52628 5.5 5
    endloop
  endfacet
  facet normal 0 0 1
    outer loop
      vertex 10.9471 -0.538309 5
      vertex 3.0529 -0.538309 5
      vertex 10.4225 -3.48976 5
    endloop
  endfacet
  facet normal 0 0 1
    outer loop
      vertex 2.68468 1.55 5
      vertex 9.52628 5.5 5
      vertex 9.01067 6.30934 5
    endloop
  endfacet
  facet normal -0 0 1
    outer loop
      vertex 2.99437 -0.802339 5
      vertex 10.4225 -3.48976 5
      vertex 3.0529 -0.538309 5
    endloop
  endfacet
  facet normal 0 0 1
    outer loop
      vertex 2.53937 1.77809 5
      vertex 9.01067 6.30934 5
      vertex 8.42649 7.07066 5
    endloop
  endfacet
  facet normal -0 0 1
    outer loop
      vertex 2.91305 -1.06026 5
      vertex 10.4225 -3.48976 5
      vertex 2.99437 -0.802339 5
    endloop
  endfacet
  facet normal 0 0 1
    outer loop
      vertex 2.37474 1.99264 5
      vertex 8.42649 7.07066 5
      vertex 7.77817 7.77817 5
    endloop
  endfacet
  facet normal 0 0 1
    outer loop
      vertex 10.4225 -3.48976 5
      vertex 2.91305 -1.06026 5
      vertex 10.3366 -3.76222 5
    endloop
  endfacet
  facet normal 0 0 1
    outer loop
      vertex 2.19203 2.19203 5
      vertex 7.77817 7.77817 5
      vertex 7.07066 8.42649 5
    endloop
  endfacet
  facet normal 0 0 1
    outer loop
      vertex 10.3366 -3.76222 5
      vertex 2.91305 -1.06026 5
      vertex 9.96939 -4.6488 5
    endloop
  endfacet
  facet normal 0 0 1
    outer loop
      vertex 1.99264 2.37474 5
      vertex 7.07066 8.42649 5
      vertex 6.30934 9.01067 5
    endloop
  endfacet
  facet normal -0 0 1
    outer loop
      vertex 2.80955 -1.31012 5
      vertex 9.96939 -4.6488 5
      vertex 2.91305 -1.06026 5
    endloop
  endfacet
  facet normal 0 0 1
    outer loop
      vertex 1.77809 2.53937 5
      vertex 6.30934 9.01067 5
      vertex 5.5 9.52628 5
    endloop
  endfacet
  facet normal 0 0 1
    outer loop
      vertex 9.96939 -4.6488 5
      vertex 2.80955 -1.31012 5
      vertex 9.52628 -5.5 5
    endloop
  endfacet
  facet normal 0 0 1
    outer loop
      vertex 1.55 2.68468 5
      vertex 5.5 9.52628 5
      vertex 4.6488 9.96939 5
    endloop
  endfacet
  facet normal -0 0 1
    outer loop
      vertex 2.68468 -1.55 5
      vertex 9.52628 -5.5 5
      vertex 2.80955 -1.31012 5
    endloop
  endfacet
  facet normal 0 0 1
    outer loop
      vertex 1.31012 2.80955 5
      vertex 4.6488 9.96939 5
      vertex 3.76222 10.3366 5
    endloop
  endfacet
  facet normal 0 0 1
    outer loop
      vertex 9.52628 -5.5 5
      vertex 2.68468 -1.55 5
      vertex 9.01067 -6.30934 5
    endloop
  endfacet
  facet normal -0 0 1
    outer loop
      vertex 2.53937 -1.77809 5
      vertex 9.01067 -6.30934 5
      vertex 2.68468 -1.55 5
    endloop
  endfacet
  facet normal 0 0 1
    outer loop
      vertex 10.9 0 5
      vertex 3.0882 0.270183 5
      vertex 3.1 0 5
    endloop
  endfacet
  facet normal 0 0 1
    outer loop
      vertex 10.9118 0.270183 5
      vertex 3.0882 0.270183 5
      vertex 10.9 0 5
    endloop
  endfacet
  facet normal 0 0 1
    outer loop
      vertex 10.4225 3.48976 5
      vertex 2.99437 0.802339 5
      vertex 3.0529 0.538309 5
    endloop
  endfacet
  facet normal 0 0 1
    outer loop
      vertex 10.4225 3.48976 5
      vertex 2.91305 1.06026 5
      vertex 2.99437 0.802339 5
    endloop
  endfacet
  facet normal 0 0 1
    outer loop
      vertex 1.06026 2.91305 5
      vertex 3.76222 10.3366 5
      vertex 2.84701 10.6252 5
    endloop
  endfacet
  facet normal 0 0 1
    outer loop
      vertex 9.96939 4.6488 5
      vertex 2.80955 1.31012 5
      vertex 2.91305 1.06026 5
    endloop
  endfacet
  facet normal 0 0 1
    outer loop
      vertex 9.52628 5.5 5
      vertex 2.68468 1.55 5
      vertex 2.80955 1.31012 5
    endloop
  endfacet
  facet normal 0 0 1
    outer loop
      vertex 9.01067 6.30934 5
      vertex 2.53937 1.77809 5
      vertex 2.68468 1.55 5
    endloop
  endfacet
  facet normal 0 0 1
    outer loop
      vertex 8.42649 7.07066 5
      vertex 2.37474 1.99264 5
      vertex 2.53937 1.77809 5
    endloop
  endfacet
  facet normal 0 0 1
    outer loop
      vertex 7.77817 7.77817 5
      vertex 2.19203 2.19203 5
      vertex 2.37474 1.99264 5
    endloop
  endfacet
  facet normal 0 0 1
    outer loop
      vertex 7.07066 8.42649 5
      vertex 1.99264 2.37474 5
      vertex 2.19203 2.19203 5
    endloop
  endfacet
  facet normal 0 0 1
    outer loop
      vertex 0.802339 2.99437 5
      vertex 2.84701 10.6252 5
      vertex 1.91013 10.8329 5
    endloop
  endfacet
  facet normal 0 0 1
    outer loop
      vertex 6.30934 9.01067 5
      vertex 1.77809 2.53937 5
      vertex 1.99264 2.37474 5
    endloop
  endfacet
  facet normal 0 0 1
    outer loop
      vertex 5.5 9.52628 5
      vertex 1.55 2.68468 5
      vertex 1.77809 2.53937 5
    endloop
  endfacet
  facet normal 0 0 1
    outer loop
      vertex 4.6488 9.96939 5
      vertex 1.31012 2.80955 5
      vertex 1.55 2.68468 5
    endloop
  endfacet
  facet normal 0 0 1
    outer loop
      vertex 3.76222 10.3366 5
      vertex 1.06026 2.91305 5
      vertex 1.31012 2.80955 5
    endloop
  endfacet
  facet normal 0 0 1
    outer loop
      vertex 0.538309 3.0529 5
      vertex 1.91013 10.8329 5
      vertex 0.958713 10.9581 5
    endloop
  endfacet
  facet normal 0 0 1
    outer loop
      vertex 2.84701 10.6252 5
      vertex 0.802339 2.99437 5
      vertex 1.06026 2.91305 5
    endloop
  endfacet
  facet normal 0 0 1
    outer loop
      vertex 1.91013 10.8329 5
      vertex 0.538309 3.0529 5
      vertex 0.802339 2.99437 5
    endloop
  endfacet
  facet normal 0 0 1
    outer loop
      vertex 0.958713 10.9581 5
      vertex 0.270183 3.0882 5
      vertex 0.538309 3.0529 5
    endloop
  endfacet
  facet normal 0 0 1
    outer loop
      vertex 0 11 5
      vertex 0.270183 3.0882 5
      vertex 0.958713 10.9581 5
    endloop
  endfacet
  facet normal 0 0 1
    outer loop
      vertex 0 11 5
      vertex 0 3.1 5
      vertex 0.270183 3.0882 5
    endloop
  endfacet
  facet normal 0 0 1
    outer loop
      vertex 0 11 5
      vertex -0.270183 3.0882 5
      vertex 0 3.1 5
    endloop
  endfacet
  facet normal -0 0 1
    outer loop
      vertex -0.958713 10.9581 5
      vertex -0.270183 3.0882 5
      vertex 0 11 5
    endloop
  endfacet
  facet normal 0 0 1
    outer loop
      vertex -0.270183 3.0882 5
      vertex -0.958713 10.9581 5
      vertex -0.538309 3.0529 5
    endloop
  endfacet
  facet normal -0 0 1
    outer loop
      vertex -1.91013 10.8329 5
      vertex -0.538309 3.0529 5
      vertex -0.958713 10.9581 5
    endloop
  endfacet
  facet normal 0 0 1
    outer loop
      vertex -0.538309 3.0529 5
      vertex -1.91013 10.8329 5
      vertex -0.802339 2.99437 5
    endloop
  endfacet
  facet normal -0 0 1
    outer loop
      vertex -2.84701 10.6252 5
      vertex -0.802339 2.99437 5
      vertex -1.91013 10.8329 5
    endloop
  endfacet
  facet normal 0 0 1
    outer loop
      vertex -0.802339 2.99437 5
      vertex -2.84701 10.6252 5
      vertex -1.06026 2.91305 5
    endloop
  endfacet
  facet normal -0 0 1
    outer loop
      vertex -3.76222 10.3366 5
      vertex -1.06026 2.91305 5
      vertex -2.84701 10.6252 5
    endloop
  endfacet
  facet normal 0 0 1
    outer loop
      vertex -1.06026 2.91305 5
      vertex -3.76222 10.3366 5
      vertex -1.31012 2.80955 5
    endloop
  endfacet
  facet normal -0 0 1
    outer loop
      vertex -4.6488 9.96939 5
      vertex -1.31012 2.80955 5
      vertex -3.76222 10.3366 5
    endloop
  endfacet
  facet normal 0 0 1
    outer loop
      vertex -1.31012 2.80955 5
      vertex -4.6488 9.96939 5
      vertex -1.55 2.68468 5
    endloop
  endfacet
  facet normal -0 0 1
    outer loop
      vertex -5.5 9.52628 5
      vertex -1.55 2.68468 5
      vertex -4.6488 9.96939 5
    endloop
  endfacet
  facet normal 0 0 1
    outer loop
      vertex -1.55 2.68468 5
      vertex -5.5 9.52628 5
      vertex -1.77809 2.53937 5
    endloop
  endfacet
  facet normal -0 0 1
    outer loop
      vertex -6.30934 9.01067 5
      vertex -1.77809 2.53937 5
      vertex -5.5 9.52628 5
    endloop
  endfacet
  facet normal 0 0 1
    outer loop
      vertex -1.77809 2.53937 5
      vertex -6.30934 9.01067 5
      vertex -1.99264 2.37474 5
    endloop
  endfacet
  facet normal -0 0 1
    outer loop
      vertex -7.07066 8.42649 5
      vertex -1.99264 2.37474 5
      vertex -6.30934 9.01067 5
    endloop
  endfacet
  facet normal 0 0 1
    outer loop
      vertex -1.99264 2.37474 5
      vertex -7.07066 8.42649 5
      vertex -2.19203 2.19203 5
    endloop
  endfacet
  facet normal -0 0 1
    outer loop
      vertex -7.77817 7.77817 5
      vertex -2.19203 2.19203 5
      vertex -7.07066 8.42649 5
    endloop
  endfacet
  facet normal 0 0 1
    outer loop
      vertex -2.19203 2.19203 5
      vertex -7.77817 7.77817 5
      vertex -2.37474 1.99264 5
    endloop
  endfacet
  facet normal -0 0 1
    outer loop
      vertex -8.42649 7.07066 5
      vertex -2.37474 1.99264 5
      vertex -7.77817 7.77817 5
    endloop
  endfacet
  facet normal 0 0 1
    outer loop
      vertex -2.37474 1.99264 5
      vertex -8.42649 7.07066 5
      vertex -2.53937 1.77809 5
    endloop
  endfacet
  facet normal -0 0 1
    outer loop
      vertex -9.01067 6.30934 5
      vertex -2.53937 1.77809 5
      vertex -8.42649 7.07066 5
    endloop
  endfacet
  facet normal 0.461751 -0.887009 0
    outer loop
      vertex 4.6488 -9.96939 0
      vertex 5.5 -9.52628 5
      vertex 4.6488 -9.96939 5
    endloop
  endfacet
  facet normal 0.461751 -0.887009 0
    outer loop
      vertex 5.5 -9.52628 5
      vertex 4.6488 -9.96939 0
      vertex 5.5 -9.52628 0
    endloop
  endfacet
  facet normal -0.991455 0.130452 0
    outer loop
      vertex -10.8329 1.91013 0
      vertex -10.9066 1.35 2.5
      vertex -10.8329 1.91013 5
    endloop
  endfacet
  facet normal -0.991358 0.131185 0.000167079
    outer loop
      vertex -10.8329 1.91013 0
      vertex -10.9073 1.34486 2.38234
      vertex -10.9066 1.35 2.5
    endloop
  endfacet
  facet normal -0.991518 0.129973 -0.000125494
    outer loop
      vertex -10.8329 1.91013 0
      vertex -10.9093 1.32949 2.26558
      vertex -10.9073 1.34486 2.38234
    endloop
  endfacet
  facet normal -0.991346 0.131271 0.000212891
    outer loop
      vertex -10.8329 1.91013 0
      vertex -10.9127 1.304 2.15059
      vertex -10.9093 1.32949 2.26558
    endloop
  endfacet
  facet normal -0.991565 0.12961 -0.000263387
    outer loop
      vertex -10.8329 1.91013 0
      vertex -10.9173 1.26858 2.03827
      vertex -10.9127 1.304 2.15059
    endloop
  endfacet
  facet normal -0.99134 0.131318 0.000283557
    outer loop
      vertex -10.8329 1.91013 0
      vertex -10.9233 1.22352 1.92947
      vertex -10.9173 1.26858 2.03827
    endloop
  endfacet
  facet normal -0.991529 0.129885 -0.000235291
    outer loop
      vertex -10.8329 1.91013 0
      vertex -10.9304 1.16913 1.825
      vertex -10.9233 1.22352 1.92947
    endloop
  endfacet
  facet normal -0.991363 0.131147 0.000286258
    outer loop
      vertex -10.8329 1.91013 0
      vertex -10.9388 1.10585 1.72567
      vertex -10.9304 1.16913 1.825
    endloop
  endfacet
  facet normal -0.991486 0.13021 -0.000158248
    outer loop
      vertex -10.8329 1.91013 0
      vertex -10.9482 1.03416 1.63224
      vertex -10.9388 1.10585 1.72567
    endloop
  endfacet
  facet normal -0.991452 0.130468 0
    outer loop
      vertex -10.9581 0.958713 1.5499
      vertex -10.8329 1.91013 0
      vertex -10.9581 0.958713 0
    endloop
  endfacet
  facet normal -0.991481 0.130249 -0.000136764
    outer loop
      vertex -10.8329 1.91013 0
      vertex -10.9581 0.958713 1.5499
      vertex -10.9482 1.03416 1.63224
    endloop
  endfacet
  facet normal -0.991358 0.131185 -0.000167079
    outer loop
      vertex -10.9073 1.34486 2.61766
      vertex -10.8329 1.91013 5
      vertex -10.9066 1.35 2.5
    endloop
  endfacet
  facet normal -0.991518 0.129973 0.000125494
    outer loop
      vertex -10.9093 1.32949 2.73442
      vertex -10.8329 1.91013 5
      vertex -10.9073 1.34486 2.61766
    endloop
  endfacet
  facet normal -0.991346 0.131271 -0.000212891
    outer loop
      vertex -10.9127 1.304 2.84941
      vertex -10.8329 1.91013 5
      vertex -10.9093 1.32949 2.73442
    endloop
  endfacet
  facet normal -0.991565 0.12961 0.000263387
    outer loop
      vertex -10.9173 1.26858 2.96173
      vertex -10.8329 1.91013 5
      vertex -10.9127 1.304 2.84941
    endloop
  endfacet
  facet normal -0.99134 0.131318 -0.000283557
    outer loop
      vertex -10.9233 1.22352 3.07053
      vertex -10.8329 1.91013 5
      vertex -10.9173 1.26858 2.96173
    endloop
  endfacet
  facet normal -0.991529 0.129885 0.000235291
    outer loop
      vertex -10.9304 1.16913 3.175
      vertex -10.8329 1.91013 5
      vertex -10.9233 1.22352 3.07053
    endloop
  endfacet
  facet normal -0.991363 0.131147 -0.000286258
    outer loop
      vertex -10.9388 1.10585 3.27433
      vertex -10.8329 1.91013 5
      vertex -10.9304 1.16913 3.175
    endloop
  endfacet
  facet normal -0.991486 0.13021 0.000158248
    outer loop
      vertex -10.9482 1.03416 3.36776
      vertex -10.8329 1.91013 5
      vertex -10.9388 1.10585 3.27433
    endloop
  endfacet
  facet normal -0.991481 0.130249 0.000136764
    outer loop
      vertex -10.9581 0.958713 3.4501
      vertex -10.8329 1.91013 5
      vertex -10.9482 1.03416 3.36776
    endloop
  endfacet
  facet normal -0.991452 0.130468 0
    outer loop
      vertex -10.8329 1.91013 5
      vertex -10.9581 0.958713 3.4501
      vertex -10.9581 0.958713 5
    endloop
  endfacet
  facet normal -0.953706 0.300739 0
    outer loop
      vertex -10.6252 2.84701 0
      vertex -10.3366 3.76222 5
      vertex -10.3366 3.76222 0
    endloop
  endfacet
  facet normal -0.953706 0.300739 0
    outer loop
      vertex -10.3366 3.76222 5
      vertex -10.6252 2.84701 0
      vertex -10.6252 2.84701 5
    endloop
  endfacet
  facet normal -0.793354 0.608761 0
    outer loop
      vertex -9.01067 6.30934 0
      vertex -8.42649 7.07066 5
      vertex -8.42649 7.07066 0
    endloop
  endfacet
  facet normal -0.793354 0.608761 0
    outer loop
      vertex -8.42649 7.07066 5
      vertex -9.01067 6.30934 0
      vertex -9.01067 6.30934 5
    endloop
  endfacet
  facet normal -0.887009 0.461751 0
    outer loop
      vertex -9.96939 4.6488 0
      vertex -9.52628 5.5 5
      vertex -9.52628 5.5 0
    endloop
  endfacet
  facet normal -0.887009 0.461751 0
    outer loop
      vertex -9.52628 5.5 5
      vertex -9.96939 4.6488 0
      vertex -9.96939 4.6488 5
    endloop
  endfacet
  facet normal -0.382663 0.923888 0
    outer loop
      vertex -3.76222 10.3366 0
      vertex -4.6488 9.96939 5
      vertex -3.76222 10.3366 5
    endloop
  endfacet
  facet normal -0.382663 0.923888 0
    outer loop
      vertex -4.6488 9.96939 5
      vertex -3.76222 10.3366 0
      vertex -4.6488 9.96939 0
    endloop
  endfacet
  facet normal -0.537302 0.84339 0
    outer loop
      vertex -5.5 9.52628 0
      vertex -6.30934 9.01067 5
      vertex -5.5 9.52628 5
    endloop
  endfacet
  facet normal -0.537302 0.84339 0
    outer loop
      vertex -6.30934 9.01067 5
      vertex -5.5 9.52628 0
      vertex -6.30934 9.01067 0
    endloop
  endfacet
  facet normal -0.675594 0.737274 0
    outer loop
      vertex -7.07066 8.42649 0
      vertex -7.77817 7.77817 5
      vertex -7.07066 8.42649 5
    endloop
  endfacet
  facet normal -0.675594 0.737274 0
    outer loop
      vertex -7.77817 7.77817 5
      vertex -7.07066 8.42649 0
      vertex -7.77817 7.77817 0
    endloop
  endfacet
  facet normal 0.953723 0.300686 0
    outer loop
      vertex 10.4225 3.48976 5
      vertex 10.3366 3.76222 0
      vertex 10.3366 3.76222 5
    endloop
  endfacet
  facet normal 0.953723 0.300686 0
    outer loop
      vertex 10.3366 3.76222 0
      vertex 10.4225 3.48976 5
      vertex 10.4225 3.48976 0
    endloop
  endfacet
  facet normal 0.793354 0.608761 0
    outer loop
      vertex 9.01067 6.30934 5
      vertex 8.42649 7.07066 0
      vertex 8.42649 7.07066 5
    endloop
  endfacet
  facet normal 0.793354 0.608761 0
    outer loop
      vertex 8.42649 7.07066 0
      vertex 9.01067 6.30934 5
      vertex 9.01067 6.30934 0
    endloop
  endfacet
  facet normal 0.737274 0.675594 0
    outer loop
      vertex 8.42649 7.07066 5
      vertex 7.77817 7.77817 0
      vertex 7.77817 7.77817 5
    endloop
  endfacet
  facet normal 0.737274 0.675594 0
    outer loop
      vertex 7.77817 7.77817 0
      vertex 8.42649 7.07066 5
      vertex 8.42649 7.07066 0
    endloop
  endfacet
  facet normal 0.84339 0.537302 0
    outer loop
      vertex 9.52628 5.5 5
      vertex 9.01067 6.30934 0
      vertex 9.01067 6.30934 5
    endloop
  endfacet
  facet normal 0.84339 0.537302 0
    outer loop
      vertex 9.01067 6.30934 0
      vertex 9.52628 5.5 5
      vertex 9.52628 5.5 0
    endloop
  endfacet
  facet normal 0.923888 0.382663 0
    outer loop
      vertex 10.3366 3.76222 5
      vertex 9.96939 4.6488 0
      vertex 9.96939 4.6488 5
    endloop
  endfacet
  facet normal 0.923888 0.382663 0
    outer loop
      vertex 9.96939 4.6488 0
      vertex 10.3366 3.76222 5
      vertex 10.3366 3.76222 0
    endloop
  endfacet
  facet normal 0.537302 0.84339 -0
    outer loop
      vertex 6.30934 9.01067 0
      vertex 5.5 9.52628 5
      vertex 6.30934 9.01067 5
    endloop
  endfacet
  facet normal 0.537302 0.84339 0
    outer loop
      vertex 5.5 9.52628 5
      vertex 6.30934 9.01067 0
      vertex 5.5 9.52628 0
    endloop
  endfacet
  facet normal 0.461751 0.887009 -0
    outer loop
      vertex 5.5 9.52628 0
      vertex 4.6488 9.96939 5
      vertex 5.5 9.52628 5
    endloop
  endfacet
  facet normal 0.461751 0.887009 0
    outer loop
      vertex 4.6488 9.96939 5
      vertex 5.5 9.52628 0
      vertex 4.6488 9.96939 0
    endloop
  endfacet
  facet normal 0.608761 0.793354 -0
    outer loop
      vertex 7.07066 8.42649 0
      vertex 6.30934 9.01067 5
      vertex 7.07066 8.42649 5
    endloop
  endfacet
  facet normal 0.608761 0.793354 0
    outer loop
      vertex 6.30934 9.01067 5
      vertex 7.07066 8.42649 0
      vertex 6.30934 9.01067 0
    endloop
  endfacet
  facet normal 0.300739 0.953706 -0
    outer loop
      vertex 3.76222 10.3366 0
      vertex 2.84701 10.6252 5
      vertex 3.76222 10.3366 5
    endloop
  endfacet
  facet normal 0.300739 0.953706 0
    outer loop
      vertex 2.84701 10.6252 5
      vertex 3.76222 10.3366 0
      vertex 2.84701 10.6252 0
    endloop
  endfacet
  facet normal 0.0436627 0.999046 -0
    outer loop
      vertex 0.958713 10.9581 0
      vertex 0 11 5
      vertex 0.958713 10.9581 5
    endloop
  endfacet
  facet normal 0.0436627 0.999046 0
    outer loop
      vertex 0 11 5
      vertex 0.958713 10.9581 0
      vertex 0 11 0
    endloop
  endfacet
  facet normal -0.999062 -0.0433046 0
    outer loop
      vertex -10.9949 -0.11766 3.84486
      vertex -11 0 5
      vertex -11 0 3.85
    endloop
  endfacet
  facet normal -0.999047 -0.0436404 3.42684e-05
    outer loop
      vertex -10.9898 -0.234425 3.82949
      vertex -11 0 5
      vertex -10.9949 -0.11766 3.84486
    endloop
  endfacet
  facet normal -0.999016 -0.0443511 0.000176885
    outer loop
      vertex -10.9847 -0.349405 3.804
      vertex -11 0 5
      vertex -10.9898 -0.234425 3.82949
    endloop
  endfacet
  facet normal -0.99905 -0.0435875 1.38146e-05
    outer loop
      vertex -10.9581 -0.958713 5
      vertex -10.9847 -0.349405 3.804
      vertex -10.9798 -0.461727 3.76858
    endloop
  endfacet
  facet normal -0.999065 -0.0432223 0.00016149
    outer loop
      vertex -10.9581 -0.958713 5
      vertex -10.9798 -0.461727 3.76858
      vertex -10.9751 -0.570534 3.72352
    endloop
  endfacet
  facet normal -0.999033 -0.0439586 -6.28575e-05
    outer loop
      vertex -10.9581 -0.958713 5
      vertex -10.9751 -0.570534 3.72352
      vertex -10.9705 -0.674999 3.66913
    endloop
  endfacet
  facet normal -0.999062 -0.0432999 7.78311e-05
    outer loop
      vertex -10.9581 -0.958713 5
      vertex -10.9705 -0.674999 3.66913
      vertex -10.9662 -0.774327 3.60585
    endloop
  endfacet
  facet normal -0.999038 -0.0438426 5.91141e-06
    outer loop
      vertex -10.9581 -0.958713 5
      vertex -10.9662 -0.774327 3.60585
      vertex -10.9621 -0.867763 3.53416
    endloop
  endfacet
  facet normal -0.999043 -0.043733 1.27297e-05
    outer loop
      vertex -10.9581 -0.958713 5
      vertex -10.9621 -0.867763 3.53416
      vertex -10.9583 -0.954594 3.45459
    endloop
  endfacet
  facet normal -0.998823 -0.0484983 -0
    outer loop
      vertex -10.9581 -0.958713 5
      vertex -10.9583 -0.954594 3.45459
      vertex -10.9581 -0.958713 3.4501
    endloop
  endfacet
  facet normal -0.999046 -0.0436627 -2.46049e-05
    outer loop
      vertex -10.9847 -0.349405 3.804
      vertex -10.9581 -0.958713 5
      vertex -11 0 5
    endloop
  endfacet
  facet normal -0.999062 -0.0433046 0
    outer loop
      vertex -11 0 0
      vertex -10.9949 -0.11766 1.15514
      vertex -11 0 1.15
    endloop
  endfacet
  facet normal -0.999047 -0.0436404 -3.42684e-05
    outer loop
      vertex -11 0 0
      vertex -10.9898 -0.234425 1.17051
      vertex -10.9949 -0.11766 1.15514
    endloop
  endfacet
  facet normal -0.999016 -0.0443511 -0.000176885
    outer loop
      vertex -11 0 0
      vertex -10.9847 -0.349405 1.196
      vertex -10.9898 -0.234425 1.17051
    endloop
  endfacet
  facet normal -0.999046 -0.0436627 2.46049e-05
    outer loop
      vertex -10.9581 -0.958713 0
      vertex -10.9847 -0.349405 1.196
      vertex -11 0 0
    endloop
  endfacet
  facet normal -0.99905 -0.0435875 -1.38146e-05
    outer loop
      vertex -10.9847 -0.349405 1.196
      vertex -10.9581 -0.958713 0
      vertex -10.9798 -0.461727 1.23142
    endloop
  endfacet
  facet normal -0.999065 -0.0432223 -0.00016149
    outer loop
      vertex -10.9798 -0.461727 1.23142
      vertex -10.9581 -0.958713 0
      vertex -10.9751 -0.570534 1.27648
    endloop
  endfacet
  facet normal -0.999033 -0.0439586 6.28575e-05
    outer loop
      vertex -10.9751 -0.570534 1.27648
      vertex -10.9581 -0.958713 0
      vertex -10.9705 -0.674999 1.33087
    endloop
  endfacet
  facet normal -0.999062 -0.0432999 -7.78311e-05
    outer loop
      vertex -10.9705 -0.674999 1.33087
      vertex -10.9581 -0.958713 0
      vertex -10.9662 -0.774327 1.39415
    endloop
  endfacet
  facet normal -0.999038 -0.0438426 -5.91141e-06
    outer loop
      vertex -10.9662 -0.774327 1.39415
      vertex -10.9581 -0.958713 0
      vertex -10.9621 -0.867763 1.46584
    endloop
  endfacet
  facet normal -0.999043 -0.043733 -1.27297e-05
    outer loop
      vertex -10.9621 -0.867763 1.46584
      vertex -10.9581 -0.958713 0
      vertex -10.9583 -0.954594 1.54541
    endloop
  endfacet
  facet normal -0.998823 -0.0484983 0
    outer loop
      vertex -10.9583 -0.954594 1.54541
      vertex -10.9581 -0.958713 0
      vertex -10.9581 -0.958713 1.5499
    endloop
  endfacet
  facet normal -0.0436627 -0.999046 0
    outer loop
      vertex -0.958713 -10.9581 0
      vertex 0 -11 5
      vertex -0.958713 -10.9581 5
    endloop
  endfacet
  facet normal -0.0436627 -0.999046 -0
    outer loop
      vertex 0 -11 5
      vertex -0.958713 -10.9581 0
      vertex 0 -11 0
    endloop
  endfacet
  facet normal -0.300739 -0.953706 0
    outer loop
      vertex -3.76222 -10.3366 0
      vertex -2.84701 -10.6252 5
      vertex -3.76222 -10.3366 5
    endloop
  endfacet
  facet normal -0.300739 -0.953706 -0
    outer loop
      vertex -2.84701 -10.6252 5
      vertex -3.76222 -10.3366 0
      vertex -2.84701 -10.6252 0
    endloop
  endfacet
  facet normal -0.608761 -0.793354 0
    outer loop
      vertex -7.07066 -8.42649 0
      vertex -6.30934 -9.01067 5
      vertex -7.07066 -8.42649 5
    endloop
  endfacet
  facet normal -0.608761 -0.793354 -0
    outer loop
      vertex -6.30934 -9.01067 5
      vertex -7.07066 -8.42649 0
      vertex -6.30934 -9.01067 0
    endloop
  endfacet
  facet normal -0.461751 -0.887009 0
    outer loop
      vertex -5.5 -9.52628 0
      vertex -4.6488 -9.96939 5
      vertex -5.5 -9.52628 5
    endloop
  endfacet
  facet normal -0.461751 -0.887009 -0
    outer loop
      vertex -4.6488 -9.96939 5
      vertex -5.5 -9.52628 0
      vertex -4.6488 -9.96939 0
    endloop
  endfacet
  facet normal -0.887009 -0.461751 0
    outer loop
      vertex -9.52628 -5.5 0
      vertex -9.96939 -4.6488 5
      vertex -9.96939 -4.6488 0
    endloop
  endfacet
  facet normal -0.887009 -0.461751 0
    outer loop
      vertex -9.96939 -4.6488 5
      vertex -9.52628 -5.5 0
      vertex -9.52628 -5.5 5
    endloop
  endfacet
  facet normal 0.300739 -0.953706 0
    outer loop
      vertex 2.84701 -10.6252 0
      vertex 3.76222 -10.3366 5
      vertex 2.84701 -10.6252 5
    endloop
  endfacet
  facet normal 0.300739 -0.953706 0
    outer loop
      vertex 3.76222 -10.3366 5
      vertex 2.84701 -10.6252 0
      vertex 3.76222 -10.3366 0
    endloop
  endfacet
  facet normal 0.608761 -0.793354 0
    outer loop
      vertex 6.30934 -9.01067 0
      vertex 7.07066 -8.42649 5
      vertex 6.30934 -9.01067 5
    endloop
  endfacet
  facet normal 0.608761 -0.793354 0
    outer loop
      vertex 7.07066 -8.42649 5
      vertex 6.30934 -9.01067 0
      vertex 7.07066 -8.42649 0
    endloop
  endfacet
  facet normal 0.675594 -0.737274 0
    outer loop
      vertex 7.07066 -8.42649 0
      vertex 7.77817 -7.77817 5
      vertex 7.07066 -8.42649 5
    endloop
  endfacet
  facet normal 0.675594 -0.737274 0
    outer loop
      vertex 7.77817 -7.77817 5
      vertex 7.07066 -8.42649 0
      vertex 7.77817 -7.77817 0
    endloop
  endfacet
  facet normal 0.537302 -0.84339 0
    outer loop
      vertex 5.5 -9.52628 0
      vertex 6.30934 -9.01067 5
      vertex 5.5 -9.52628 5
    endloop
  endfacet
  facet normal 0.537302 -0.84339 0
    outer loop
      vertex 6.30934 -9.01067 5
      vertex 5.5 -9.52628 0
      vertex 6.30934 -9.01067 0
    endloop
  endfacet
  facet normal 0.382663 -0.923888 0
    outer loop
      vertex 3.76222 -10.3366 0
      vertex 4.6488 -9.96939 5
      vertex 3.76222 -10.3366 5
    endloop
  endfacet
  facet normal 0.382663 -0.923888 0
    outer loop
      vertex 4.6488 -9.96939 5
      vertex 3.76222 -10.3366 0
      vertex 4.6488 -9.96939 0
    endloop
  endfacet
  facet normal 0 0 -1
    outer loop
      vertex 18.981 -0.435779 0
      vertex 18.981 0.435779 0
      vertex 19 0 0
    endloop
  endfacet
  facet normal 0 0 -1
    outer loop
      vertex 18.924 -0.86824 0
      vertex 18.981 0.435779 0
      vertex 18.981 -0.435779 0
    endloop
  endfacet
  facet normal 0 0 -1
    outer loop
      vertex 18.924 -0.86824 0
      vertex 18.924 0.86824 0
      vertex 18.981 0.435779 0
    endloop
  endfacet
  facet normal 0 0 -1
    outer loop
      vertex 18.8296 -1.2941 0
      vertex 18.924 0.86824 0
      vertex 18.924 -0.86824 0
    endloop
  endfacet
  facet normal 0 0 -1
    outer loop
      vertex 18.8296 -1.2941 0
      vertex 18.8296 1.2941 0
      vertex 18.924 0.86824 0
    endloop
  endfacet
  facet normal 0 0 -1
    outer loop
      vertex 18.6985 -1.7101 0
      vertex 18.8296 1.2941 0
      vertex 18.8296 -1.2941 0
    endloop
  endfacet
  facet normal 0 0 -1
    outer loop
      vertex 18.6985 -1.7101 0
      vertex 18.6985 1.7101 0
      vertex 18.8296 1.2941 0
    endloop
  endfacet
  facet normal 0 0 -1
    outer loop
      vertex 18.5315 -2.11309 0
      vertex 18.6985 1.7101 0
      vertex 18.6985 -1.7101 0
    endloop
  endfacet
  facet normal 0 0 -1
    outer loop
      vertex 18.5315 -2.11309 0
      vertex 18.5315 2.11309 0
      vertex 18.6985 1.7101 0
    endloop
  endfacet
  facet normal 0 0 -1
    outer loop
      vertex 18.3301 -2.5 0
      vertex 18.5315 2.11309 0
      vertex 18.5315 -2.11309 0
    endloop
  endfacet
  facet normal 0 0 -1
    outer loop
      vertex 18.3301 -2.5 0
      vertex 18.3301 2.5 0
      vertex 18.5315 2.11309 0
    endloop
  endfacet
  facet normal 0 0 -1
    outer loop
      vertex 18.0958 -2.86788 0
      vertex 18.3301 2.5 0
      vertex 18.3301 -2.5 0
    endloop
  endfacet
  facet normal 0 0 -1
    outer loop
      vertex 18.0958 -2.86788 0
      vertex 18.0958 2.86788 0
      vertex 18.3301 2.5 0
    endloop
  endfacet
  facet normal 0 0 -1
    outer loop
      vertex 17.8302 -3.21394 0
      vertex 18.0958 2.86788 0
      vertex 18.0958 -2.86788 0
    endloop
  endfacet
  facet normal 0 0 -1
    outer loop
      vertex 17.8302 -3.21394 0
      vertex 17.8302 3.21394 0
      vertex 18.0958 2.86788 0
    endloop
  endfacet
  facet normal 0 0 -1
    outer loop
      vertex 17.5355 -3.53553 0
      vertex 17.8302 3.21394 0
      vertex 17.8302 -3.21394 0
    endloop
  endfacet
  facet normal 0 0 -1
    outer loop
      vertex 17.5355 -3.53553 0
      vertex 17.5355 3.53553 0
      vertex 17.8302 3.21394 0
    endloop
  endfacet
  facet normal 0 0 -1
    outer loop
      vertex 17.2139 -3.83022 0
      vertex 17.5355 3.53553 0
      vertex 17.5355 -3.53553 0
    endloop
  endfacet
  facet normal 0 0 -1
    outer loop
      vertex 17.2139 -3.83022 0
      vertex 17.2139 3.83022 0
      vertex 17.5355 3.53553 0
    endloop
  endfacet
  facet normal 0 0 -1
    outer loop
      vertex 16.8679 -4.09576 0
      vertex 17.2139 3.83022 0
      vertex 17.2139 -3.83022 0
    endloop
  endfacet
  facet normal 0 0 -1
    outer loop
      vertex 16.8679 -4.09576 0
      vertex 16.8679 4.09576 0
      vertex 17.2139 3.83022 0
    endloop
  endfacet
  facet normal 0 0 -1
    outer loop
      vertex 16.5 -4.33013 0
      vertex 16.8679 4.09576 0
      vertex 16.8679 -4.09576 0
    endloop
  endfacet
  facet normal 0 0 -1
    outer loop
      vertex 16.5 -4.33013 0
      vertex 16.5 4.33013 0
      vertex 16.8679 4.09576 0
    endloop
  endfacet
  facet normal 0 0 -1
    outer loop
      vertex 16.1131 -4.53154 0
      vertex 16.5 4.33013 0
      vertex 16.5 -4.33013 0
    endloop
  endfacet
  facet normal 0 0 -1
    outer loop
      vertex 16.1131 -4.53154 0
      vertex 16.1131 4.53154 0
      vertex 16.5 4.33013 0
    endloop
  endfacet
  facet normal 0 0 -1
    outer loop
      vertex 15.7101 -4.69846 0
      vertex 16.1131 4.53154 0
      vertex 16.1131 -4.53154 0
    endloop
  endfacet
  facet normal 0 0 -1
    outer loop
      vertex 15.7101 -4.69846 0
      vertex 15.7101 4.69846 0
      vertex 16.1131 4.53154 0
    endloop
  endfacet
  facet normal 0 0 -1
    outer loop
      vertex 15.2941 -4.82963 0
      vertex 15.7101 4.69846 0
      vertex 15.7101 -4.69846 0
    endloop
  endfacet
  facet normal 0 0 -1
    outer loop
      vertex 15.2941 -4.82963 0
      vertex 15.2941 4.82963 0
      vertex 15.7101 4.69846 0
    endloop
  endfacet
  facet normal 0 0 -1
    outer loop
      vertex 14.8682 -4.92404 0
      vertex 15.2941 4.82963 0
      vertex 15.2941 -4.82963 0
    endloop
  endfacet
  facet normal 0 0 -1
    outer loop
      vertex 14.8682 -4.92404 0
      vertex 14.8682 4.92404 0
      vertex 15.2941 4.82963 0
    endloop
  endfacet
  facet normal 0 0 -1
    outer loop
      vertex 14.4358 -4.98097 0
      vertex 14.8682 4.92404 0
      vertex 14.8682 -4.92404 0
    endloop
  endfacet
  facet normal 0 0 -1
    outer loop
      vertex 14.4358 -4.98097 0
      vertex 14.4358 4.98097 0
      vertex 14.8682 4.92404 0
    endloop
  endfacet
  facet normal 0 0 -1
    outer loop
      vertex 14 -5 0
      vertex 14.4358 4.98097 0
      vertex 14.4358 -4.98097 0
    endloop
  endfacet
  facet normal 0 0 -1
    outer loop
      vertex 14 -5 0
      vertex 14 5 0
      vertex 14.4358 4.98097 0
    endloop
  endfacet
  facet normal 0 0 -1
    outer loop
      vertex 13.5642 -4.98097 0
      vertex 14 5 0
      vertex 14 -5 0
    endloop
  endfacet
  facet normal 0 0 -1
    outer loop
      vertex 13.5642 -4.98097 0
      vertex 13.5642 4.98097 0
      vertex 14 5 0
    endloop
  endfacet
  facet normal 0 0 -1
    outer loop
      vertex 13.1318 -4.92404 0
      vertex 13.5642 4.98097 0
      vertex 13.5642 -4.98097 0
    endloop
  endfacet
  facet normal 0 0 -1
    outer loop
      vertex 13.1318 -4.92404 0
      vertex 13.1318 4.92404 0
      vertex 13.5642 4.98097 0
    endloop
  endfacet
  facet normal 0 0 -1
    outer loop
      vertex 12.7059 -4.82963 0
      vertex 13.1318 4.92404 0
      vertex 13.1318 -4.92404 0
    endloop
  endfacet
  facet normal 0 0 -1
    outer loop
      vertex 12.7059 -4.82963 0
      vertex 12.7059 4.82963 0
      vertex 13.1318 4.92404 0
    endloop
  endfacet
  facet normal 0 0 -1
    outer loop
      vertex 12.2899 -4.69846 0
      vertex 12.7059 4.82963 0
      vertex 12.7059 -4.82963 0
    endloop
  endfacet
  facet normal 0 0 -1
    outer loop
      vertex 12.2899 -4.69846 0
      vertex 12.2899 4.69846 0
      vertex 12.7059 4.82963 0
    endloop
  endfacet
  facet normal 0 0 -1
    outer loop
      vertex 11.8869 -4.53154 0
      vertex 12.2899 4.69846 0
      vertex 12.2899 -4.69846 0
    endloop
  endfacet
  facet normal 0 0 -1
    outer loop
      vertex 11.8869 -4.53154 0
      vertex 11.8869 4.53154 0
      vertex 12.2899 4.69846 0
    endloop
  endfacet
  facet normal 0 0 -1
    outer loop
      vertex 11.5 -4.33013 0
      vertex 11.8869 4.53154 0
      vertex 11.8869 -4.53154 0
    endloop
  endfacet
  facet normal 0 0 -1
    outer loop
      vertex 11.5 -4.33013 0
      vertex 11.5 4.33013 0
      vertex 11.8869 4.53154 0
    endloop
  endfacet
  facet normal 0 0 -1
    outer loop
      vertex 11.1321 -4.09576 0
      vertex 11.5 4.33013 0
      vertex 11.5 -4.33013 0
    endloop
  endfacet
  facet normal 0 0 -1
    outer loop
      vertex 11.1321 -4.09576 0
      vertex 11.1321 4.09576 0
      vertex 11.5 4.33013 0
    endloop
  endfacet
  facet normal 0 0 -1
    outer loop
      vertex 10.7861 -3.83022 0
      vertex 11.1321 4.09576 0
      vertex 11.1321 -4.09576 0
    endloop
  endfacet
  facet normal 0 0 -1
    outer loop
      vertex 10.7861 -3.83022 0
      vertex 10.7861 3.83022 0
      vertex 11.1321 4.09576 0
    endloop
  endfacet
  facet normal 0 0 -1
    outer loop
      vertex 10.4225 -3.48976 0
      vertex 10.7861 -3.83022 0
      vertex 10.4645 -3.53553 0
    endloop
  endfacet
  facet normal 0 0 -1
    outer loop
      vertex 10.7861 -3.83022 0
      vertex 10.4225 -3.48976 0
      vertex 10.7861 3.83022 0
    endloop
  endfacet
  facet normal 0 0 -1
    outer loop
      vertex 10.4225 3.48976 0
      vertex 10.7861 3.83022 0
      vertex 10.4225 -3.48976 0
    endloop
  endfacet
  facet normal 0 0 -1
    outer loop
      vertex 10.7861 3.83022 0
      vertex 10.4225 3.48976 0
      vertex 10.4645 3.53553 0
    endloop
  endfacet
  facet normal 0 0 -1
    outer loop
      vertex 2.91305 -1.06026 0
      vertex 10.4225 -3.48976 0
      vertex 10.3366 -3.76222 0
    endloop
  endfacet
  facet normal 0 0 -1
    outer loop
      vertex 10.4225 -3.48976 0
      vertex 3.1 0 0
      vertex 10.4225 3.48976 0
    endloop
  endfacet
  facet normal 0 0 -1
    outer loop
      vertex 2.91305 -1.06026 0
      vertex 10.3366 -3.76222 0
      vertex 9.96939 -4.6488 0
    endloop
  endfacet
  facet normal 0 0 -1
    outer loop
      vertex 3.0882 0.270183 0
      vertex 10.4225 3.48976 0
      vertex 3.1 0 0
    endloop
  endfacet
  facet normal 0 0 -1
    outer loop
      vertex 2.80955 -1.31012 0
      vertex 9.96939 -4.6488 0
      vertex 9.52628 -5.5 0
    endloop
  endfacet
  facet normal 0 0 -1
    outer loop
      vertex 3.0529 0.538309 0
      vertex 10.4225 3.48976 0
      vertex 3.0882 0.270183 0
    endloop
  endfacet
  facet normal 0 0 -1
    outer loop
      vertex 2.68468 -1.55 0
      vertex 9.52628 -5.5 0
      vertex 9.01067 -6.30934 0
    endloop
  endfacet
  facet normal 0 0 -1
    outer loop
      vertex 2.99437 0.802339 0
      vertex 10.4225 3.48976 0
      vertex 3.0529 0.538309 0
    endloop
  endfacet
  facet normal 0 0 -1
    outer loop
      vertex 2.53937 -1.77809 0
      vertex 9.01067 -6.30934 0
      vertex 8.42649 -7.07066 0
    endloop
  endfacet
  facet normal 0 0 -1
    outer loop
      vertex 2.91305 1.06026 0
      vertex 10.4225 3.48976 0
      vertex 2.99437 0.802339 0
    endloop
  endfacet
  facet normal 0 0 -1
    outer loop
      vertex 2.37474 -1.99264 0
      vertex 8.42649 -7.07066 0
      vertex 7.77817 -7.77817 0
    endloop
  endfacet
  facet normal -0 0 -1
    outer loop
      vertex 10.4225 3.48976 0
      vertex 2.91305 1.06026 0
      vertex 10.3366 3.76222 0
    endloop
  endfacet
  facet normal 0 0 -1
    outer loop
      vertex 2.19203 -2.19203 0
      vertex 7.77817 -7.77817 0
      vertex 7.07066 -8.42649 0
    endloop
  endfacet
  facet normal -0 0 -1
    outer loop
      vertex 10.3366 3.76222 0
      vertex 2.91305 1.06026 0
      vertex 9.96939 4.6488 0
    endloop
  endfacet
  facet normal 0 0 -1
    outer loop
      vertex 1.99264 -2.37474 0
      vertex 7.07066 -8.42649 0
      vertex 6.30934 -9.01067 0
    endloop
  endfacet
  facet normal 0 0 -1
    outer loop
      vertex 2.80955 1.31012 0
      vertex 9.96939 4.6488 0
      vertex 2.91305 1.06026 0
    endloop
  endfacet
  facet normal 0 0 -1
    outer loop
      vertex 1.77809 -2.53937 0
      vertex 6.30934 -9.01067 0
      vertex 5.5 -9.52628 0
    endloop
  endfacet
  facet normal -0 0 -1
    outer loop
      vertex 9.96939 4.6488 0
      vertex 2.80955 1.31012 0
      vertex 9.52628 5.5 0
    endloop
  endfacet
  facet normal 0 0 -1
    outer loop
      vertex 1.55 -2.68468 0
      vertex 5.5 -9.52628 0
      vertex 4.6488 -9.96939 0
    endloop
  endfacet
  facet normal 0 0 -1
    outer loop
      vertex 2.68468 1.55 0
      vertex 9.52628 5.5 0
      vertex 2.80955 1.31012 0
    endloop
  endfacet
  facet normal 0 0 -1
    outer loop
      vertex 1.31012 -2.80955 0
      vertex 4.6488 -9.96939 0
      vertex 3.76222 -10.3366 0
    endloop
  endfacet
  facet normal -0 0 -1
    outer loop
      vertex 9.52628 5.5 0
      vertex 2.68468 1.55 0
      vertex 9.01067 6.30934 0
    endloop
  endfacet
  facet normal 0 0 -1
    outer loop
      vertex 2.53937 1.77809 0
      vertex 9.01067 6.30934 0
      vertex 2.68468 1.55 0
    endloop
  endfacet
  facet normal 0 0 -1
    outer loop
      vertex 10.4225 -3.48976 0
      vertex 3.0882 -0.270183 0
      vertex 3.1 0 0
    endloop
  endfacet
  facet normal 0 0 -1
    outer loop
      vertex 10.4225 -3.48976 0
      vertex 3.0529 -0.538309 0
      vertex 3.0882 -0.270183 0
    endloop
  endfacet
  facet normal 0 0 -1
    outer loop
      vertex 10.4225 -3.48976 0
      vertex 2.99437 -0.802339 0
      vertex 3.0529 -0.538309 0
    endloop
  endfacet
  facet normal 0 0 -1
    outer loop
      vertex 10.4225 -3.48976 0
      vertex 2.91305 -1.06026 0
      vertex 2.99437 -0.802339 0
    endloop
  endfacet
  facet normal 0 0 -1
    outer loop
      vertex 1.06026 -2.91305 0
      vertex 3.76222 -10.3366 0
      vertex 2.84701 -10.6252 0
    endloop
  endfacet
  facet normal 0 0 -1
    outer loop
      vertex 9.96939 -4.6488 0
      vertex 2.80955 -1.31012 0
      vertex 2.91305 -1.06026 0
    endloop
  endfacet
  facet normal 0 0 -1
    outer loop
      vertex 9.52628 -5.5 0
      vertex 2.68468 -1.55 0
      vertex 2.80955 -1.31012 0
    endloop
  endfacet
  facet normal 0 0 -1
    outer loop
      vertex 9.01067 -6.30934 0
      vertex 2.53937 -1.77809 0
      vertex 2.68468 -1.55 0
    endloop
  endfacet
  facet normal 0 0 -1
    outer loop
      vertex 8.42649 -7.07066 0
      vertex 2.37474 -1.99264 0
      vertex 2.53937 -1.77809 0
    endloop
  endfacet
  facet normal 0 0 -1
    outer loop
      vertex 7.77817 -7.77817 0
      vertex 2.19203 -2.19203 0
      vertex 2.37474 -1.99264 0
    endloop
  endfacet
  facet normal 0 0 -1
    outer loop
      vertex 7.07066 -8.42649 0
      vertex 1.99264 -2.37474 0
      vertex 2.19203 -2.19203 0
    endloop
  endfacet
  facet normal 0 0 -1
    outer loop
      vertex 0.802339 -2.99437 0
      vertex 2.84701 -10.6252 0
      vertex 1.91013 -10.8329 0
    endloop
  endfacet
  facet normal 0 0 -1
    outer loop
      vertex 6.30934 -9.01067 0
      vertex 1.77809 -2.53937 0
      vertex 1.99264 -2.37474 0
    endloop
  endfacet
  facet normal 0 0 -1
    outer loop
      vertex 5.5 -9.52628 0
      vertex 1.55 -2.68468 0
      vertex 1.77809 -2.53937 0
    endloop
  endfacet
  facet normal 0 0 -1
    outer loop
      vertex 4.6488 -9.96939 0
      vertex 1.31012 -2.80955 0
      vertex 1.55 -2.68468 0
    endloop
  endfacet
  facet normal 0 0 -1
    outer loop
      vertex 3.76222 -10.3366 0
      vertex 1.06026 -2.91305 0
      vertex 1.31012 -2.80955 0
    endloop
  endfacet
  facet normal 0 0 -1
    outer loop
      vertex 0.538309 -3.0529 0
      vertex 1.91013 -10.8329 0
      vertex 0.958713 -10.9581 0
    endloop
  endfacet
  facet normal 0 0 -1
    outer loop
      vertex 2.84701 -10.6252 0
      vertex 0.802339 -2.99437 0
      vertex 1.06026 -2.91305 0
    endloop
  endfacet
  facet normal 0 0 -1
    outer loop
      vertex 1.91013 -10.8329 0
      vertex 0.538309 -3.0529 0
      vertex 0.802339 -2.99437 0
    endloop
  endfacet
  facet normal 0 0 -1
    outer loop
      vertex 0.958713 -10.9581 0
      vertex 0.270183 -3.0882 0
      vertex 0.538309 -3.0529 0
    endloop
  endfacet
  facet normal 0 0 -1
    outer loop
      vertex 0 -11 0
      vertex 0.270183 -3.0882 0
      vertex 0.958713 -10.9581 0
    endloop
  endfacet
  facet normal 0 0 -1
    outer loop
      vertex 0 -11 0
      vertex 0 -3.1 0
      vertex 0.270183 -3.0882 0
    endloop
  endfacet
  facet normal 0 0 -1
    outer loop
      vertex 0 -11 0
      vertex -0.270183 -3.0882 0
      vertex 0 -3.1 0
    endloop
  endfacet
  facet normal 0 0 -1
    outer loop
      vertex -0.958713 -10.9581 0
      vertex -0.270183 -3.0882 0
      vertex 0 -11 0
    endloop
  endfacet
  facet normal -0 0 -1
    outer loop
      vertex -0.270183 -3.0882 0
      vertex -0.958713 -10.9581 0
      vertex -0.538309 -3.0529 0
    endloop
  endfacet
  facet normal 0 0 -1
    outer loop
      vertex -1.91013 -10.8329 0
      vertex -0.538309 -3.0529 0
      vertex -0.958713 -10.9581 0
    endloop
  endfacet
  facet normal -0 0 -1
    outer loop
      vertex -0.538309 -3.0529 0
      vertex -1.91013 -10.8329 0
      vertex -0.802339 -2.99437 0
    endloop
  endfacet
  facet normal 0 0 -1
    outer loop
      vertex -2.84701 -10.6252 0
      vertex -0.802339 -2.99437 0
      vertex -1.91013 -10.8329 0
    endloop
  endfacet
  facet normal -0 0 -1
    outer loop
      vertex -0.802339 -2.99437 0
      vertex -2.84701 -10.6252 0
      vertex -1.06026 -2.91305 0
    endloop
  endfacet
  facet normal 0 0 -1
    outer loop
      vertex -3.76222 -10.3366 0
      vertex -1.06026 -2.91305 0
      vertex -2.84701 -10.6252 0
    endloop
  endfacet
  facet normal -0 0 -1
    outer loop
      vertex -1.06026 -2.91305 0
      vertex -3.76222 -10.3366 0
      vertex -1.31012 -2.80955 0
    endloop
  endfacet
  facet normal 0 0 -1
    outer loop
      vertex -4.6488 -9.96939 0
      vertex -1.31012 -2.80955 0
      vertex -3.76222 -10.3366 0
    endloop
  endfacet
  facet normal -0 0 -1
    outer loop
      vertex -1.31012 -2.80955 0
      vertex -4.6488 -9.96939 0
      vertex -1.55 -2.68468 0
    endloop
  endfacet
  facet normal 0 0 -1
    outer loop
      vertex -5.5 -9.52628 0
      vertex -1.55 -2.68468 0
      vertex -4.6488 -9.96939 0
    endloop
  endfacet
  facet normal -0 0 -1
    outer loop
      vertex -1.55 -2.68468 0
      vertex -5.5 -9.52628 0
      vertex -1.77809 -2.53937 0
    endloop
  endfacet
  facet normal 0 0 -1
    outer loop
      vertex -6.30934 -9.01067 0
      vertex -1.77809 -2.53937 0
      vertex -5.5 -9.52628 0
    endloop
  endfacet
  facet normal -0 0 -1
    outer loop
      vertex -1.77809 -2.53937 0
      vertex -6.30934 -9.01067 0
      vertex -1.99264 -2.37474 0
    endloop
  endfacet
  facet normal 0 0 -1
    outer loop
      vertex -7.07066 -8.42649 0
      vertex -1.99264 -2.37474 0
      vertex -6.30934 -9.01067 0
    endloop
  endfacet
  facet normal -0 0 -1
    outer loop
      vertex -1.99264 -2.37474 0
      vertex -7.07066 -8.42649 0
      vertex -2.19203 -2.19203 0
    endloop
  endfacet
  facet normal 0 0 -1
    outer loop
      vertex -7.77817 -7.77817 0
      vertex -2.19203 -2.19203 0
      vertex -7.07066 -8.42649 0
    endloop
  endfacet
  facet normal -0 0 -1
    outer loop
      vertex -2.19203 -2.19203 0
      vertex -7.77817 -7.77817 0
      vertex -2.37474 -1.99264 0
    endloop
  endfacet
  facet normal 0 0 -1
    outer loop
      vertex -8.42649 -7.07066 0
      vertex -2.37474 -1.99264 0
      vertex -7.77817 -7.77817 0
    endloop
  endfacet
  facet normal -0 0 -1
    outer loop
      vertex -2.37474 -1.99264 0
      vertex -8.42649 -7.07066 0
      vertex -2.53937 -1.77809 0
    endloop
  endfacet
  facet normal 0 0 -1
    outer loop
      vertex -9.01067 -6.30934 0
      vertex -2.53937 -1.77809 0
      vertex -8.42649 -7.07066 0
    endloop
  endfacet
  facet normal -0 0 -1
    outer loop
      vertex 9.01067 6.30934 0
      vertex 2.53937 1.77809 0
      vertex 8.42649 7.07066 0
    endloop
  endfacet
  facet normal 0 0 -1
    outer loop
      vertex 2.37474 1.99264 0
      vertex 8.42649 7.07066 0
      vertex 2.53937 1.77809 0
    endloop
  endfacet
  facet normal -0 0 -1
    outer loop
      vertex 8.42649 7.07066 0
      vertex 2.37474 1.99264 0
      vertex 7.77817 7.77817 0
    endloop
  endfacet
  facet normal 0 0 -1
    outer loop
      vertex 2.19203 2.19203 0
      vertex 7.77817 7.77817 0
      vertex 2.37474 1.99264 0
    endloop
  endfacet
  facet normal -0 0 -1
    outer loop
      vertex 7.77817 7.77817 0
      vertex 2.19203 2.19203 0
      vertex 7.07066 8.42649 0
    endloop
  endfacet
  facet normal 0 0 -1
    outer loop
      vertex 1.99264 2.37474 0
      vertex 7.07066 8.42649 0
      vertex 2.19203 2.19203 0
    endloop
  endfacet
  facet normal -0 0 -1
    outer loop
      vertex 7.07066 8.42649 0
      vertex 1.99264 2.37474 0
      vertex 6.30934 9.01067 0
    endloop
  endfacet
  facet normal 0 0 -1
    outer loop
      vertex 1.77809 2.53937 0
      vertex 6.30934 9.01067 0
      vertex 1.99264 2.37474 0
    endloop
  endfacet
  facet normal -0 0 -1
    outer loop
      vertex 6.30934 9.01067 0
      vertex 1.77809 2.53937 0
      vertex 5.5 9.52628 0
    endloop
  endfacet
  facet normal 0 0 -1
    outer loop
      vertex 1.55 2.68468 0
      vertex 5.5 9.52628 0
      vertex 1.77809 2.53937 0
    endloop
  endfacet
  facet normal -0 0 -1
    outer loop
      vertex 5.5 9.52628 0
      vertex 1.55 2.68468 0
      vertex 4.6488 9.96939 0
    endloop
  endfacet
  facet normal 0 0 -1
    outer loop
      vertex 1.31012 2.80955 0
      vertex 4.6488 9.96939 0
      vertex 1.55 2.68468 0
    endloop
  endfacet
  facet normal -0 0 -1
    outer loop
      vertex 4.6488 9.96939 0
      vertex 1.31012 2.80955 0
      vertex 3.76222 10.3366 0
    endloop
  endfacet
  facet normal 0 0 -1
    outer loop
      vertex 1.06026 2.91305 0
      vertex 3.76222 10.3366 0
      vertex 1.31012 2.80955 0
    endloop
  endfacet
  facet normal -0 0 -1
    outer loop
      vertex 3.76222 10.3366 0
      vertex 1.06026 2.91305 0
      vertex 2.84701 10.6252 0
    endloop
  endfacet
  facet normal 0 0 -1
    outer loop
      vertex 0.802339 2.99437 0
      vertex 2.84701 10.6252 0
      vertex 1.06026 2.91305 0
    endloop
  endfacet
  facet normal -0 0 -1
    outer loop
      vertex 2.84701 10.6252 0
      vertex 0.802339 2.99437 0
      vertex 1.91013 10.8329 0
    endloop
  endfacet
  facet normal 0 0 -1
    outer loop
      vertex 0.538309 3.0529 0
      vertex 1.91013 10.8329 0
      vertex 0.802339 2.99437 0
    endloop
  endfacet
  facet normal -0 0 -1
    outer loop
      vertex 1.91013 10.8329 0
      vertex 0.538309 3.0529 0
      vertex 0.958713 10.9581 0
    endloop
  endfacet
  facet normal 0 0 -1
    outer loop
      vertex 0.270183 3.0882 0
      vertex 0.958713 10.9581 0
      vertex 0.538309 3.0529 0
    endloop
  endfacet
  facet normal 0 0 -1
    outer loop
      vertex 0 3.1 0
      vertex 0.958713 10.9581 0
      vertex 0.270183 3.0882 0
    endloop
  endfacet
  facet normal 0 0 -1
    outer loop
      vertex 0 3.1 0
      vertex 0 11 0
      vertex 0.958713 10.9581 0
    endloop
  endfacet
  facet normal 0 0 -1
    outer loop
      vertex -0.270183 3.0882 0
      vertex 0 11 0
      vertex 0 3.1 0
    endloop
  endfacet
  facet normal 0 0 -1
    outer loop
      vertex -0.958713 10.9581 0
      vertex -0.270183 3.0882 0
      vertex -0.538309 3.0529 0
    endloop
  endfacet
  facet normal 0 0 -1
    outer loop
      vertex -1.91013 10.8329 0
      vertex -0.538309 3.0529 0
      vertex -0.802339 2.99437 0
    endloop
  endfacet
  facet normal 0 0 -1
    outer loop
      vertex -0.270183 3.0882 0
      vertex -0.958713 10.9581 0
      vertex 0 11 0
    endloop
  endfacet
  facet normal 0 0 -1
    outer loop
      vertex -2.84701 10.6252 0
      vertex -0.802339 2.99437 0
      vertex -1.06026 2.91305 0
    endloop
  endfacet
  facet normal 0 0 -1
    outer loop
      vertex -3.76222 10.3366 0
      vertex -1.06026 2.91305 0
      vertex -1.31012 2.80955 0
    endloop
  endfacet
  facet normal 0 0 -1
    outer loop
      vertex -4.6488 9.96939 0
      vertex -1.31012 2.80955 0
      vertex -1.55 2.68468 0
    endloop
  endfacet
  facet normal 0 0 -1
    outer loop
      vertex -5.5 9.52628 0
      vertex -1.55 2.68468 0
      vertex -1.77809 2.53937 0
    endloop
  endfacet
  facet normal 0 0 -1
    outer loop
      vertex -0.538309 3.0529 0
      vertex -1.91013 10.8329 0
      vertex -0.958713 10.9581 0
    endloop
  endfacet
  facet normal 0 0 -1
    outer loop
      vertex -6.30934 9.01067 0
      vertex -1.77809 2.53937 0
      vertex -1.99264 2.37474 0
    endloop
  endfacet
  facet normal 0 0 -1
    outer loop
      vertex -7.07066 8.42649 0
      vertex -1.99264 2.37474 0
      vertex -2.19203 2.19203 0
    endloop
  endfacet
  facet normal 0 0 -1
    outer loop
      vertex -7.77817 7.77817 0
      vertex -2.19203 2.19203 0
      vertex -2.37474 1.99264 0
    endloop
  endfacet
  facet normal 0 0 -1
    outer loop
      vertex -8.42649 7.07066 0
      vertex -2.37474 1.99264 0
      vertex -2.53937 1.77809 0
    endloop
  endfacet
  facet normal 0 0 -1
    outer loop
      vertex -9.01067 6.30934 0
      vertex -2.53937 1.77809 0
      vertex -2.68468 1.55 0
    endloop
  endfacet
  facet normal 0 0 -1
    outer loop
      vertex -9.52628 5.5 0
      vertex -2.68468 1.55 0
      vertex -2.80955 1.31012 0
    endloop
  endfacet
  facet normal 0 0 -1
    outer loop
      vertex -0.802339 2.99437 0
      vertex -2.84701 10.6252 0
      vertex -1.91013 10.8329 0
    endloop
  endfacet
  facet normal 0 0 -1
    outer loop
      vertex -9.96939 4.6488 0
      vertex -2.80955 1.31012 0
      vertex -2.91305 1.06026 0
    endloop
  endfacet
  facet normal 0 0 -1
    outer loop
      vertex -10.3366 3.76222 0
      vertex -2.91305 1.06026 0
      vertex -2.99437 0.802339 0
    endloop
  endfacet
  facet normal 0 0 -1
    outer loop
      vertex -10.6252 2.84701 0
      vertex -2.99437 0.802339 0
      vertex -3.0529 0.538309 0
    endloop
  endfacet
  facet normal 0 0 -1
    outer loop
      vertex -10.8329 1.91013 0
      vertex -3.0529 0.538309 0
      vertex -3.0882 0.270183 0
    endloop
  endfacet
  facet normal 0 0 -1
    outer loop
      vertex -10.9581 0.958713 0
      vertex -3.0882 0.270183 0
      vertex -3.1 0 0
    endloop
  endfacet
  facet normal -0 0 -1
    outer loop
      vertex -2.53937 -1.77809 0
      vertex -9.01067 -6.30934 0
      vertex -2.68468 -1.55 0
    endloop
  endfacet
  facet normal 0 0 -1
    outer loop
      vertex -1.06026 2.91305 0
      vertex -3.76222 10.3366 0
      vertex -2.84701 10.6252 0
    endloop
  endfacet
  facet normal 0 0 -1
    outer loop
      vertex -9.52628 -5.5 0
      vertex -2.68468 -1.55 0
      vertex -9.01067 -6.30934 0
    endloop
  endfacet
  facet normal 0 0 -1
    outer loop
      vertex -1.31012 2.80955 0
      vertex -4.6488 9.96939 0
      vertex -3.76222 10.3366 0
    endloop
  endfacet
  facet normal -0 0 -1
    outer loop
      vertex -2.68468 -1.55 0
      vertex -9.52628 -5.5 0
      vertex -2.80955 -1.31012 0
    endloop
  endfacet
  facet normal 0 0 -1
    outer loop
      vertex -1.55 2.68468 0
      vertex -5.5 9.52628 0
      vertex -4.6488 9.96939 0
    endloop
  endfacet
  facet normal 0 0 -1
    outer loop
      vertex -9.96939 -4.6488 0
      vertex -2.80955 -1.31012 0
      vertex -9.52628 -5.5 0
    endloop
  endfacet
  facet normal 0 0 -1
    outer loop
      vertex -1.77809 2.53937 0
      vertex -6.30934 9.01067 0
      vertex -5.5 9.52628 0
    endloop
  endfacet
  facet normal -0 0 -1
    outer loop
      vertex -2.80955 -1.31012 0
      vertex -9.96939 -4.6488 0
      vertex -2.91305 -1.06026 0
    endloop
  endfacet
  facet normal 0 0 -1
    outer loop
      vertex -1.99264 2.37474 0
      vertex -7.07066 8.42649 0
      vertex -6.30934 9.01067 0
    endloop
  endfacet
  facet normal 0 0 -1
    outer loop
      vertex -10.3366 -3.76222 0
      vertex -2.91305 -1.06026 0
      vertex -9.96939 -4.6488 0
    endloop
  endfacet
  facet normal 0 0 -1
    outer loop
      vertex -2.19203 2.19203 0
      vertex -7.77817 7.77817 0
      vertex -7.07066 8.42649 0
    endloop
  endfacet
  facet normal -0 0 -1
    outer loop
      vertex -2.91305 -1.06026 0
      vertex -10.3366 -3.76222 0
      vertex -2.99437 -0.802339 0
    endloop
  endfacet
  facet normal 0 0 -1
    outer loop
      vertex -2.37474 1.99264 0
      vertex -8.42649 7.07066 0
      vertex -7.77817 7.77817 0
    endloop
  endfacet
  facet normal 0 0 -1
    outer loop
      vertex -10.6252 -2.84701 0
      vertex -2.99437 -0.802339 0
      vertex -10.3366 -3.76222 0
    endloop
  endfacet
  facet normal 0 0 -1
    outer loop
      vertex -2.53937 1.77809 0
      vertex -9.01067 6.30934 0
      vertex -8.42649 7.07066 0
    endloop
  endfacet
  facet normal -0 0 -1
    outer loop
      vertex -2.99437 -0.802339 0
      vertex -10.6252 -2.84701 0
      vertex -3.0529 -0.538309 0
    endloop
  endfacet
  facet normal 0 0 -1
    outer loop
      vertex -2.68468 1.55 0
      vertex -9.52628 5.5 0
      vertex -9.01067 6.30934 0
    endloop
  endfacet
  facet normal 0 0 -1
    outer loop
      vertex -10.8329 -1.91013 0
      vertex -3.0529 -0.538309 0
      vertex -10.6252 -2.84701 0
    endloop
  endfacet
  facet normal 0 0 -1
    outer loop
      vertex -2.80955 1.31012 0
      vertex -9.96939 4.6488 0
      vertex -9.52628 5.5 0
    endloop
  endfacet
  facet normal -0 0 -1
    outer loop
      vertex -3.0529 -0.538309 0
      vertex -10.8329 -1.91013 0
      vertex -3.0882 -0.270183 0
    endloop
  endfacet
  facet normal 0 0 -1
    outer loop
      vertex -2.91305 1.06026 0
      vertex -10.3366 3.76222 0
      vertex -9.96939 4.6488 0
    endloop
  endfacet
  facet normal 0 0 -1
    outer loop
      vertex -10.9581 -0.958713 0
      vertex -3.0882 -0.270183 0
      vertex -10.8329 -1.91013 0
    endloop
  endfacet
  facet normal 0 0 -1
    outer loop
      vertex -2.99437 0.802339 0
      vertex -10.6252 2.84701 0
      vertex -10.3366 3.76222 0
    endloop
  endfacet
  facet normal -0 0 -1
    outer loop
      vertex -3.0882 -0.270183 0
      vertex -10.9581 -0.958713 0
      vertex -3.1 0 0
    endloop
  endfacet
  facet normal 0 0 -1
    outer loop
      vertex -3.0529 0.538309 0
      vertex -10.8329 1.91013 0
      vertex -10.6252 2.84701 0
    endloop
  endfacet
  facet normal 0 0 -1
    outer loop
      vertex -11 0 0
      vertex -3.1 0 0
      vertex -10.9581 -0.958713 0
    endloop
  endfacet
  facet normal 0 0 -1
    outer loop
      vertex -3.0882 0.270183 0
      vertex -10.9581 0.958713 0
      vertex -10.8329 1.91013 0
    endloop
  endfacet
  facet normal 0 0 -1
    outer loop
      vertex -3.1 0 0
      vertex -11 0 0
      vertex -10.9581 0.958713 0
    endloop
  endfacet
  facet normal 0.84339 -0.537302 0
    outer loop
      vertex 9.01067 -6.30934 5
      vertex 9.52628 -5.5 0
      vertex 9.52628 -5.5 5
    endloop
  endfacet
  facet normal 0.84339 -0.537302 0
    outer loop
      vertex 9.52628 -5.5 0
      vertex 9.01067 -6.30934 5
      vertex 9.01067 -6.30934 0
    endloop
  endfacet
  facet normal 0.887009 -0.461751 0
    outer loop
      vertex 9.52628 -5.5 5
      vertex 9.96939 -4.6488 0
      vertex 9.96939 -4.6488 5
    endloop
  endfacet
  facet normal 0.887009 -0.461751 0
    outer loop
      vertex 9.96939 -4.6488 0
      vertex 9.52628 -5.5 5
      vertex 9.52628 -5.5 0
    endloop
  endfacet
  facet normal 0.793354 -0.608761 0
    outer loop
      vertex 8.42649 -7.07066 5
      vertex 9.01067 -6.30934 0
      vertex 9.01067 -6.30934 5
    endloop
  endfacet
  facet normal 0.793354 -0.608761 0
    outer loop
      vertex 9.01067 -6.30934 0
      vertex 8.42649 -7.07066 5
      vertex 8.42649 -7.07066 0
    endloop
  endfacet
  facet normal 0.953723 -0.300686 0
    outer loop
      vertex 10.3366 -3.76222 5
      vertex 10.4225 -3.48976 0
      vertex 10.4225 -3.48976 5
    endloop
  endfacet
  facet normal 0.953723 -0.300686 0
    outer loop
      vertex 10.4225 -3.48976 0
      vertex 10.3366 -3.76222 5
      vertex 10.3366 -3.76222 0
    endloop
  endfacet
  facet normal -0.976296 0.216438 0
    outer loop
      vertex -10.8329 1.91013 0
      vertex -10.6252 2.84701 5
      vertex -10.6252 2.84701 0
    endloop
  endfacet
  facet normal -0.976296 0.216438 0
    outer loop
      vertex -10.6252 2.84701 5
      vertex -10.8329 1.91013 0
      vertex -10.8329 1.91013 5
    endloop
  endfacet
  facet normal -0.923888 0.382663 0
    outer loop
      vertex -10.3366 3.76222 0
      vertex -9.96939 4.6488 5
      vertex -9.96939 4.6488 0
    endloop
  endfacet
  facet normal -0.923888 0.382663 0
    outer loop
      vertex -9.96939 4.6488 5
      vertex -10.3366 3.76222 0
      vertex -10.3366 3.76222 5
    endloop
  endfacet
  facet normal -0.737274 0.675594 0
    outer loop
      vertex -8.42649 7.07066 0
      vertex -7.77817 7.77817 5
      vertex -7.77817 7.77817 0
    endloop
  endfacet
  facet normal -0.737274 0.675594 0
    outer loop
      vertex -7.77817 7.77817 5
      vertex -8.42649 7.07066 0
      vertex -8.42649 7.07066 5
    endloop
  endfacet
  facet normal -0.84339 0.537302 0
    outer loop
      vertex -9.52628 5.5 0
      vertex -9.01067 6.30934 5
      vertex -9.01067 6.30934 0
    endloop
  endfacet
  facet normal -0.84339 0.537302 0
    outer loop
      vertex -9.01067 6.30934 5
      vertex -9.52628 5.5 0
      vertex -9.52628 5.5 5
    endloop
  endfacet
  facet normal -0.300739 0.953706 0
    outer loop
      vertex -2.84701 10.6252 0
      vertex -3.76222 10.3366 5
      vertex -2.84701 10.6252 5
    endloop
  endfacet
  facet normal -0.300739 0.953706 0
    outer loop
      vertex -3.76222 10.3366 5
      vertex -2.84701 10.6252 0
      vertex -3.76222 10.3366 0
    endloop
  endfacet
  facet normal -0.216438 0.976296 0
    outer loop
      vertex -1.91013 10.8329 0
      vertex -2.84701 10.6252 5
      vertex -1.91013 10.8329 5
    endloop
  endfacet
  facet normal -0.216438 0.976296 0
    outer loop
      vertex -2.84701 10.6252 5
      vertex -1.91013 10.8329 0
      vertex -2.84701 10.6252 0
    endloop
  endfacet
  facet normal -0.0436627 0.999046 0
    outer loop
      vertex 0 11 0
      vertex -0.958713 10.9581 5
      vertex 0 11 5
    endloop
  endfacet
  facet normal -0.0436627 0.999046 0
    outer loop
      vertex -0.958713 10.9581 5
      vertex 0 11 0
      vertex -0.958713 10.9581 0
    endloop
  endfacet
  facet normal -0.461751 0.887009 0
    outer loop
      vertex -4.6488 9.96939 0
      vertex -5.5 9.52628 5
      vertex -4.6488 9.96939 5
    endloop
  endfacet
  facet normal -0.461751 0.887009 0
    outer loop
      vertex -5.5 9.52628 5
      vertex -4.6488 9.96939 0
      vertex -5.5 9.52628 0
    endloop
  endfacet
  facet normal -0.608761 0.793354 0
    outer loop
      vertex -6.30934 9.01067 0
      vertex -7.07066 8.42649 5
      vertex -6.30934 9.01067 5
    endloop
  endfacet
  facet normal -0.608761 0.793354 0
    outer loop
      vertex -7.07066 8.42649 5
      vertex -6.30934 9.01067 0
      vertex -7.07066 8.42649 0
    endloop
  endfacet
  facet normal 0.130468 0.991452 -0
    outer loop
      vertex 1.91013 10.8329 0
      vertex 0.958713 10.9581 5
      vertex 1.91013 10.8329 5
    endloop
  endfacet
  facet normal 0.130468 0.991452 0
    outer loop
      vertex 0.958713 10.9581 5
      vertex 1.91013 10.8329 0
      vertex 0.958713 10.9581 0
    endloop
  endfacet
  facet normal -0.130468 -0.991452 0
    outer loop
      vertex -1.91013 -10.8329 0
      vertex -0.958713 -10.9581 5
      vertex -1.91013 -10.8329 5
    endloop
  endfacet
  facet normal -0.130468 -0.991452 -0
    outer loop
      vertex -0.958713 -10.9581 5
      vertex -1.91013 -10.8329 0
      vertex -0.958713 -10.9581 0
    endloop
  endfacet
  facet normal -0.382663 -0.923888 0
    outer loop
      vertex -4.6488 -9.96939 0
      vertex -3.76222 -10.3366 5
      vertex -4.6488 -9.96939 5
    endloop
  endfacet
  facet normal -0.382663 -0.923888 -0
    outer loop
      vertex -3.76222 -10.3366 5
      vertex -4.6488 -9.96939 0
      vertex -3.76222 -10.3366 0
    endloop
  endfacet
  facet normal -0.675594 -0.737274 0
    outer loop
      vertex -7.77817 -7.77817 0
      vertex -7.07066 -8.42649 5
      vertex -7.77817 -7.77817 5
    endloop
  endfacet
  facet normal -0.675594 -0.737274 -0
    outer loop
      vertex -7.07066 -8.42649 5
      vertex -7.77817 -7.77817 0
      vertex -7.07066 -8.42649 0
    endloop
  endfacet
  facet normal -0.537302 -0.84339 0
    outer loop
      vertex -6.30934 -9.01067 0
      vertex -5.5 -9.52628 5
      vertex -6.30934 -9.01067 5
    endloop
  endfacet
  facet normal -0.537302 -0.84339 -0
    outer loop
      vertex -5.5 -9.52628 5
      vertex -6.30934 -9.01067 0
      vertex -5.5 -9.52628 0
    endloop
  endfacet
  facet normal -0.737274 -0.675594 0
    outer loop
      vertex -7.77817 -7.77817 0
      vertex -8.42649 -7.07066 5
      vertex -8.42649 -7.07066 0
    endloop
  endfacet
  facet normal -0.737274 -0.675594 0
    outer loop
      vertex -8.42649 -7.07066 5
      vertex -7.77817 -7.77817 0
      vertex -7.77817 -7.77817 5
    endloop
  endfacet
  facet normal -0.84339 -0.537302 0
    outer loop
      vertex -9.01067 -6.30934 0
      vertex -9.52628 -5.5 5
      vertex -9.52628 -5.5 0
    endloop
  endfacet
  facet normal -0.84339 -0.537302 0
    outer loop
      vertex -9.52628 -5.5 5
      vertex -9.01067 -6.30934 0
      vertex -9.01067 -6.30934 5
    endloop
  endfacet
  facet normal -0.923888 -0.382663 0
    outer loop
      vertex -9.96939 -4.6488 0
      vertex -10.3366 -3.76222 5
      vertex -10.3366 -3.76222 0
    endloop
  endfacet
  facet normal -0.923888 -0.382663 0
    outer loop
      vertex -10.3366 -3.76222 5
      vertex -9.96939 -4.6488 0
      vertex -9.96939 -4.6488 5
    endloop
  endfacet
  facet normal -0.953706 -0.300739 0
    outer loop
      vertex -10.3366 -3.76222 0
      vertex -10.6252 -2.84701 5
      vertex -10.6252 -2.84701 0
    endloop
  endfacet
  facet normal -0.953706 -0.300739 0
    outer loop
      vertex -10.6252 -2.84701 5
      vertex -10.3366 -3.76222 0
      vertex -10.3366 -3.76222 5
    endloop
  endfacet
  facet normal 0.216438 -0.976296 0
    outer loop
      vertex 1.91013 -10.8329 0
      vertex 2.84701 -10.6252 5
      vertex 1.91013 -10.8329 5
    endloop
  endfacet
  facet normal 0.216438 -0.976296 0
    outer loop
      vertex 2.84701 -10.6252 5
      vertex 1.91013 -10.8329 0
      vertex 2.84701 -10.6252 0
    endloop
  endfacet
  facet normal 0.130468 -0.991452 0
    outer loop
      vertex 0.958713 -10.9581 0
      vertex 1.91013 -10.8329 5
      vertex 0.958713 -10.9581 5
    endloop
  endfacet
  facet normal 0.130468 -0.991452 0
    outer loop
      vertex 1.91013 -10.8329 5
      vertex 0.958713 -10.9581 0
      vertex 1.91013 -10.8329 0
    endloop
  endfacet
  facet normal -0.130468 0.991452 0
    outer loop
      vertex -0.958713 10.9581 0
      vertex -1.91013 10.8329 5
      vertex -0.958713 10.9581 5
    endloop
  endfacet
  facet normal -0.130468 0.991452 0
    outer loop
      vertex -1.91013 10.8329 5
      vertex -0.958713 10.9581 0
      vertex -1.91013 10.8329 0
    endloop
  endfacet
  facet normal -0.216438 -0.976296 0
    outer loop
      vertex -2.84701 -10.6252 0
      vertex -1.91013 -10.8329 5
      vertex -2.84701 -10.6252 5
    endloop
  endfacet
  facet normal -0.216438 -0.976296 -0
    outer loop
      vertex -1.91013 -10.8329 5
      vertex -2.84701 -10.6252 0
      vertex -1.91013 -10.8329 0
    endloop
  endfacet
  facet normal -0.793354 -0.608761 0
    outer loop
      vertex -8.42649 -7.07066 0
      vertex -9.01067 -6.30934 5
      vertex -9.01067 -6.30934 0
    endloop
  endfacet
  facet normal -0.793354 -0.608761 0
    outer loop
      vertex -9.01067 -6.30934 5
      vertex -8.42649 -7.07066 0
      vertex -8.42649 -7.07066 5
    endloop
  endfacet
  facet normal -0.976296 -0.216438 0
    outer loop
      vertex -10.6252 -2.84701 0
      vertex -10.8329 -1.91013 5
      vertex -10.8329 -1.91013 0
    endloop
  endfacet
  facet normal -0.976296 -0.216438 0
    outer loop
      vertex -10.8329 -1.91013 5
      vertex -10.6252 -2.84701 0
      vertex -10.6252 -2.84701 5
    endloop
  endfacet
  facet normal -0.991452 -0.130468 0
    outer loop
      vertex -10.8329 -1.91013 0
      vertex -10.9581 -0.958713 1.5499
      vertex -10.9581 -0.958713 0
    endloop
  endfacet
  facet normal -0.991481 -0.130249 -0.000136764
    outer loop
      vertex -10.9581 -0.958713 1.5499
      vertex -10.8329 -1.91013 0
      vertex -10.9482 -1.03416 1.63224
    endloop
  endfacet
  facet normal -0.991486 -0.13021 -0.000158248
    outer loop
      vertex -10.9482 -1.03416 1.63224
      vertex -10.8329 -1.91013 0
      vertex -10.9388 -1.10585 1.72567
    endloop
  endfacet
  facet normal -0.991363 -0.131147 0.000286258
    outer loop
      vertex -10.9388 -1.10585 1.72567
      vertex -10.8329 -1.91013 0
      vertex -10.9304 -1.16913 1.825
    endloop
  endfacet
  facet normal -0.991529 -0.129885 -0.000235291
    outer loop
      vertex -10.9304 -1.16913 1.825
      vertex -10.8329 -1.91013 0
      vertex -10.9233 -1.22352 1.92947
    endloop
  endfacet
  facet normal -0.99134 -0.131318 0.000283557
    outer loop
      vertex -10.9233 -1.22352 1.92947
      vertex -10.8329 -1.91013 0
      vertex -10.9173 -1.26858 2.03827
    endloop
  endfacet
  facet normal -0.991565 -0.12961 -0.000263387
    outer loop
      vertex -10.9173 -1.26858 2.03827
      vertex -10.8329 -1.91013 0
      vertex -10.9127 -1.304 2.15059
    endloop
  endfacet
  facet normal -0.991358 -0.131185 0.000167079
    outer loop
      vertex -10.9073 -1.34486 2.38234
      vertex -10.8329 -1.91013 0
      vertex -10.9066 -1.35 2.5
    endloop
  endfacet
  facet normal -0.991518 -0.129973 -0.000125494
    outer loop
      vertex -10.9093 -1.32949 2.26558
      vertex -10.8329 -1.91013 0
      vertex -10.9073 -1.34486 2.38234
    endloop
  endfacet
  facet normal -0.991346 -0.131271 0.000212891
    outer loop
      vertex -10.9127 -1.304 2.15059
      vertex -10.8329 -1.91013 0
      vertex -10.9093 -1.32949 2.26558
    endloop
  endfacet
  facet normal -0.991481 -0.130249 0.000136764
    outer loop
      vertex -10.8329 -1.91013 5
      vertex -10.9581 -0.958713 3.4501
      vertex -10.9482 -1.03416 3.36776
    endloop
  endfacet
  facet normal -0.991486 -0.13021 0.000158248
    outer loop
      vertex -10.8329 -1.91013 5
      vertex -10.9482 -1.03416 3.36776
      vertex -10.9388 -1.10585 3.27433
    endloop
  endfacet
  facet normal -0.991363 -0.131147 -0.000286258
    outer loop
      vertex -10.8329 -1.91013 5
      vertex -10.9388 -1.10585 3.27433
      vertex -10.9304 -1.16913 3.175
    endloop
  endfacet
  facet normal -0.991529 -0.129885 0.000235291
    outer loop
      vertex -10.8329 -1.91013 5
      vertex -10.9304 -1.16913 3.175
      vertex -10.9233 -1.22352 3.07053
    endloop
  endfacet
  facet normal -0.99134 -0.131318 -0.000283557
    outer loop
      vertex -10.8329 -1.91013 5
      vertex -10.9233 -1.22352 3.07053
      vertex -10.9173 -1.26858 2.96173
    endloop
  endfacet
  facet normal -0.991565 -0.12961 0.000263387
    outer loop
      vertex -10.8329 -1.91013 5
      vertex -10.9173 -1.26858 2.96173
      vertex -10.9127 -1.304 2.84941
    endloop
  endfacet
  facet normal -0.991346 -0.131271 -0.000212891
    outer loop
      vertex -10.8329 -1.91013 5
      vertex -10.9127 -1.304 2.84941
      vertex -10.9093 -1.32949 2.73442
    endloop
  endfacet
  facet normal -0.991455 -0.130452 -0
    outer loop
      vertex -10.8329 -1.91013 5
      vertex -10.9066 -1.35 2.5
      vertex -10.8329 -1.91013 0
    endloop
  endfacet
  facet normal -0.991358 -0.131185 -0.000167079
    outer loop
      vertex -10.9066 -1.35 2.5
      vertex -10.8329 -1.91013 5
      vertex -10.9073 -1.34486 2.61766
    endloop
  endfacet
  facet normal -0.991518 -0.129973 0.000125494
    outer loop
      vertex -10.9073 -1.34486 2.61766
      vertex -10.8329 -1.91013 5
      vertex -10.9093 -1.32949 2.73442
    endloop
  endfacet
  facet normal -0.991452 -0.130468 0
    outer loop
      vertex -10.9581 -0.958713 3.4501
      vertex -10.8329 -1.91013 5
      vertex -10.9581 -0.958713 5
    endloop
  endfacet
  facet normal -0.675588 0.73728 0
    outer loop
      vertex 10.7861 3.83022 0
      vertex 10.4645 3.53553 5
      vertex 10.7861 3.83022 5
    endloop
  endfacet
  facet normal -0.675588 0.73728 0
    outer loop
      vertex 10.4645 3.53553 5
      vertex 10.7861 3.83022 0
      vertex 10.4645 3.53553 0
    endloop
  endfacet
  facet normal 0.300718 0.953713 -0
    outer loop
      vertex 15.7101 4.69846 0
      vertex 15.2941 4.82963 5
      vertex 15.7101 4.69846 5
    endloop
  endfacet
  facet normal 0.300718 0.953713 0
    outer loop
      vertex 15.2941 4.82963 5
      vertex 15.7101 4.69846 0
      vertex 15.2941 4.82963 0
    endloop
  endfacet
  facet normal 0.923818 0.382832 0
    outer loop
      vertex 18.6985 1.7101 5
      vertex 18.5315 2.11309 0
      vertex 18.5315 2.11309 5
    endloop
  endfacet
  facet normal 0.923818 0.382832 0
    outer loop
      vertex 18.5315 2.11309 0
      vertex 18.6985 1.7101 5
      vertex 18.6985 1.7101 0
    endloop
  endfacet
  facet normal 0.953759 -0.300572 0
    outer loop
      vertex 18.6985 -1.7101 5
      vertex 18.8296 -1.2941 0
      vertex 18.8296 -1.2941 5
    endloop
  endfacet
  facet normal 0.953759 -0.300572 0
    outer loop
      vertex 18.8296 -1.2941 0
      vertex 18.6985 -1.7101 5
      vertex 18.6985 -1.7101 0
    endloop
  endfacet
  facet normal 0.382668 -0.923886 0
    outer loop
      vertex 15.7101 -4.69846 0
      vertex 16.1131 -4.53154 5
      vertex 15.7101 -4.69846 5
    endloop
  endfacet
  facet normal 0.382668 -0.923886 0
    outer loop
      vertex 16.1131 -4.53154 5
      vertex 15.7101 -4.69846 0
      vertex 16.1131 -4.53154 0
    endloop
  endfacet
  facet normal -0.130534 0.991444 0
    outer loop
      vertex 13.5642 4.98097 0
      vertex 13.1318 4.92404 5
      vertex 13.5642 4.98097 5
    endloop
  endfacet
  facet normal -0.130534 0.991444 0
    outer loop
      vertex 13.1318 4.92404 5
      vertex 13.5642 4.98097 0
      vertex 13.1318 4.92404 0
    endloop
  endfacet
  facet normal 0.991425 0.130674 0
    outer loop
      vertex 18.981 0.435779 5
      vertex 18.924 0.86824 0
      vertex 18.924 0.86824 5
    endloop
  endfacet
  facet normal 0.991425 0.130674 0
    outer loop
      vertex 18.924 0.86824 0
      vertex 18.981 0.435779 5
      vertex 18.981 0.435779 0
    endloop
  endfacet
  facet normal 0.737258 0.675611 0
    outer loop
      vertex 17.8302 3.21394 5
      vertex 17.5355 3.53553 0
      vertex 17.5355 3.53553 5
    endloop
  endfacet
  facet normal 0.737258 0.675611 0
    outer loop
      vertex 17.5355 3.53553 0
      vertex 17.8302 3.21394 5
      vertex 17.8302 3.21394 0
    endloop
  endfacet
  facet normal 0.130534 0.991444 -0
    outer loop
      vertex 14.8682 4.92404 0
      vertex 14.4358 4.98097 5
      vertex 14.8682 4.92404 5
    endloop
  endfacet
  facet normal 0.130534 0.991444 0
    outer loop
      vertex 14.4358 4.98097 5
      vertex 14.8682 4.92404 0
      vertex 14.4358 4.98097 0
    endloop
  endfacet
  facet normal -0.7368 -0.676111 0
    outer loop
      vertex 10.4645 -3.53553 0
      vertex 10.4225 -3.48976 5
      vertex 10.4225 -3.48976 0
    endloop
  endfacet
  facet normal -0.7368 -0.676111 0
    outer loop
      vertex 10.4225 -3.48976 5
      vertex 10.4645 -3.53553 0
      vertex 10.4645 -3.53553 5
    endloop
  endfacet
  facet normal 0.130534 -0.991444 0
    outer loop
      vertex 14.4358 -4.98097 0
      vertex 14.8682 -4.92404 5
      vertex 14.4358 -4.98097 5
    endloop
  endfacet
  facet normal 0.130534 -0.991444 0
    outer loop
      vertex 14.8682 -4.92404 5
      vertex 14.4358 -4.98097 0
      vertex 14.8682 -4.92404 0
    endloop
  endfacet
  facet normal 0.843459 -0.537193 0
    outer loop
      vertex 18.0958 -2.86788 5
      vertex 18.3301 -2.5 0
      vertex 18.3301 -2.5 5
    endloop
  endfacet
  facet normal 0.843459 -0.537193 0
    outer loop
      vertex 18.3301 -2.5 0
      vertex 18.0958 -2.86788 5
      vertex 18.0958 -2.86788 0
    endloop
  endfacet
  facet normal -0.608826 0.793304 0
    outer loop
      vertex 11.1321 4.09576 0
      vertex 10.7861 3.83022 5
      vertex 11.1321 4.09576 5
    endloop
  endfacet
  facet normal -0.608826 0.793304 0
    outer loop
      vertex 10.7861 3.83022 5
      vertex 11.1321 4.09576 0
      vertex 10.7861 3.83022 0
    endloop
  endfacet
  facet normal -0.461753 0.887008 0
    outer loop
      vertex 11.8869 4.53154 0
      vertex 11.5 4.33013 5
      vertex 11.8869 4.53154 5
    endloop
  endfacet
  facet normal -0.461753 0.887008 0
    outer loop
      vertex 11.5 4.33013 5
      vertex 11.8869 4.53154 0
      vertex 11.5 4.33013 0
    endloop
  endfacet
  facet normal -0.300718 0.953713 0
    outer loop
      vertex 12.7059 4.82963 0
      vertex 12.2899 4.69846 5
      vertex 12.7059 4.82963 5
    endloop
  endfacet
  facet normal -0.300718 0.953713 0
    outer loop
      vertex 12.2899 4.69846 5
      vertex 12.7059 4.82963 0
      vertex 12.2899 4.69846 0
    endloop
  endfacet
  facet normal 0.999051 0.0435587 0
    outer loop
      vertex 19 0 5
      vertex 18.981 0.435779 0
      vertex 18.981 0.435779 5
    endloop
  endfacet
  facet normal 0.999051 0.0435587 0
    outer loop
      vertex 18.981 0.435779 0
      vertex 19 0 5
      vertex 19 0 0
    endloop
  endfacet
  facet normal 0.953759 0.300572 0
    outer loop
      vertex 18.8296 1.2941 5
      vertex 18.6985 1.7101 0
      vertex 18.6985 1.7101 5
    endloop
  endfacet
  facet normal 0.953759 0.300572 0
    outer loop
      vertex 18.6985 1.7101 0
      vertex 18.8296 1.2941 5
      vertex 18.8296 1.2941 0
    endloop
  endfacet
  facet normal 0.976301 0.216416 0
    outer loop
      vertex 18.924 0.86824 5
      vertex 18.8296 1.2941 0
      vertex 18.8296 1.2941 5
    endloop
  endfacet
  facet normal 0.976301 0.216416 0
    outer loop
      vertex 18.8296 1.2941 0
      vertex 18.924 0.86824 5
      vertex 18.924 0.86824 0
    endloop
  endfacet
  facet normal 0.887023 0.461726 0
    outer loop
      vertex 18.5315 2.11309 5
      vertex 18.3301 2.5 0
      vertex 18.3301 2.5 5
    endloop
  endfacet
  facet normal 0.887023 0.461726 0
    outer loop
      vertex 18.3301 2.5 0
      vertex 18.5315 2.11309 5
      vertex 18.5315 2.11309 0
    endloop
  endfacet
  facet normal 0.843459 0.537193 0
    outer loop
      vertex 18.3301 2.5 5
      vertex 18.0958 2.86788 0
      vertex 18.0958 2.86788 5
    endloop
  endfacet
  facet normal 0.843459 0.537193 0
    outer loop
      vertex 18.0958 2.86788 0
      vertex 18.3301 2.5 5
      vertex 18.3301 2.5 0
    endloop
  endfacet
  facet normal 0.216418 0.976301 -0
    outer loop
      vertex 15.2941 4.82963 0
      vertex 14.8682 4.92404 5
      vertex 15.2941 4.82963 5
    endloop
  endfacet
  facet normal 0.216418 0.976301 0
    outer loop
      vertex 14.8682 4.92404 5
      vertex 15.2941 4.82963 0
      vertex 14.8682 4.92404 0
    endloop
  endfacet
  facet normal 0.0436252 0.999048 -0
    outer loop
      vertex 14.4358 4.98097 0
      vertex 14 5 5
      vertex 14.4358 4.98097 5
    endloop
  endfacet
  facet normal 0.0436252 0.999048 0
    outer loop
      vertex 14 5 5
      vertex 14.4358 4.98097 0
      vertex 14 5 0
    endloop
  endfacet
  facet normal 0.461753 0.887008 -0
    outer loop
      vertex 16.5 4.33013 0
      vertex 16.1131 4.53154 5
      vertex 16.5 4.33013 5
    endloop
  endfacet
  facet normal 0.461753 0.887008 0
    outer loop
      vertex 16.1131 4.53154 5
      vertex 16.5 4.33013 0
      vertex 16.1131 4.53154 0
    endloop
  endfacet
  facet normal 0.382668 0.923886 -0
    outer loop
      vertex 16.1131 4.53154 0
      vertex 15.7101 4.69846 5
      vertex 16.1131 4.53154 5
    endloop
  endfacet
  facet normal 0.382668 0.923886 0
    outer loop
      vertex 15.7101 4.69846 5
      vertex 16.1131 4.53154 0
      vertex 15.7101 4.69846 0
    endloop
  endfacet
  facet normal 0.675588 0.73728 -0
    outer loop
      vertex 17.5355 3.53553 0
      vertex 17.2139 3.83022 5
      vertex 17.5355 3.53553 5
    endloop
  endfacet
  facet normal 0.675588 0.73728 0
    outer loop
      vertex 17.2139 3.83022 5
      vertex 17.5355 3.53553 0
      vertex 17.2139 3.83022 0
    endloop
  endfacet
  facet normal -0.0436252 -0.999048 0
    outer loop
      vertex 13.5642 -4.98097 0
      vertex 14 -5 5
      vertex 13.5642 -4.98097 5
    endloop
  endfacet
  facet normal -0.0436252 -0.999048 -0
    outer loop
      vertex 14 -5 5
      vertex 13.5642 -4.98097 0
      vertex 14 -5 0
    endloop
  endfacet
  facet normal -0.216418 -0.976301 0
    outer loop
      vertex 12.7059 -4.82963 0
      vertex 13.1318 -4.92404 5
      vertex 12.7059 -4.82963 5
    endloop
  endfacet
  facet normal -0.216418 -0.976301 -0
    outer loop
      vertex 13.1318 -4.92404 5
      vertex 12.7059 -4.82963 0
      vertex 13.1318 -4.92404 0
    endloop
  endfacet
  facet normal -0.382668 -0.923886 0
    outer loop
      vertex 11.8869 -4.53154 0
      vertex 12.2899 -4.69846 5
      vertex 11.8869 -4.53154 5
    endloop
  endfacet
  facet normal -0.382668 -0.923886 -0
    outer loop
      vertex 12.2899 -4.69846 5
      vertex 11.8869 -4.53154 0
      vertex 12.2899 -4.69846 0
    endloop
  endfacet
  facet normal 0.0436252 -0.999048 0
    outer loop
      vertex 14 -5 0
      vertex 14.4358 -4.98097 5
      vertex 14 -5 5
    endloop
  endfacet
  facet normal 0.0436252 -0.999048 0
    outer loop
      vertex 14.4358 -4.98097 5
      vertex 14 -5 0
      vertex 14.4358 -4.98097 0
    endloop
  endfacet
  facet normal 0.300718 -0.953713 0
    outer loop
      vertex 15.2941 -4.82963 0
      vertex 15.7101 -4.69846 5
      vertex 15.2941 -4.82963 5
    endloop
  endfacet
  facet normal 0.300718 -0.953713 0
    outer loop
      vertex 15.7101 -4.69846 5
      vertex 15.2941 -4.82963 0
      vertex 15.7101 -4.69846 0
    endloop
  endfacet
  facet normal 0.216418 -0.976301 0
    outer loop
      vertex 14.8682 -4.92404 0
      vertex 15.2941 -4.82963 5
      vertex 14.8682 -4.92404 5
    endloop
  endfacet
  facet normal 0.216418 -0.976301 0
    outer loop
      vertex 15.2941 -4.82963 5
      vertex 14.8682 -4.92404 0
      vertex 15.2941 -4.82963 0
    endloop
  endfacet
  facet normal 0.461753 -0.887008 0
    outer loop
      vertex 16.1131 -4.53154 0
      vertex 16.5 -4.33013 5
      vertex 16.1131 -4.53154 5
    endloop
  endfacet
  facet normal 0.461753 -0.887008 0
    outer loop
      vertex 16.5 -4.33013 5
      vertex 16.1131 -4.53154 0
      vertex 16.5 -4.33013 0
    endloop
  endfacet
  facet normal 0.608826 -0.793304 0
    outer loop
      vertex 16.8679 -4.09576 0
      vertex 17.2139 -3.83022 5
      vertex 16.8679 -4.09576 5
    endloop
  endfacet
  facet normal 0.608826 -0.793304 0
    outer loop
      vertex 17.2139 -3.83022 5
      vertex 16.8679 -4.09576 0
      vertex 17.2139 -3.83022 0
    endloop
  endfacet
  facet normal 0.999051 -0.0435587 0
    outer loop
      vertex 18.981 -0.435779 5
      vertex 19 0 0
      vertex 19 0 5
    endloop
  endfacet
  facet normal 0.999051 -0.0435587 0
    outer loop
      vertex 19 0 0
      vertex 18.981 -0.435779 5
      vertex 18.981 -0.435779 0
    endloop
  endfacet
  facet normal 0.976301 -0.216416 0
    outer loop
      vertex 18.8296 -1.2941 5
      vertex 18.924 -0.86824 0
      vertex 18.924 -0.86824 5
    endloop
  endfacet
  facet normal 0.976301 -0.216416 0
    outer loop
      vertex 18.924 -0.86824 0
      vertex 18.8296 -1.2941 5
      vertex 18.8296 -1.2941 0
    endloop
  endfacet
  facet normal 0.991425 -0.130674 0
    outer loop
      vertex 18.924 -0.86824 5
      vertex 18.981 -0.435779 0
      vertex 18.981 -0.435779 5
    endloop
  endfacet
  facet normal 0.991425 -0.130674 0
    outer loop
      vertex 18.981 -0.435779 0
      vertex 18.924 -0.86824 5
      vertex 18.924 -0.86824 0
    endloop
  endfacet
  facet normal 0.923818 -0.382832 0
    outer loop
      vertex 18.5315 -2.11309 5
      vertex 18.6985 -1.7101 0
      vertex 18.6985 -1.7101 5
    endloop
  endfacet
  facet normal 0.923818 -0.382832 0
    outer loop
      vertex 18.6985 -1.7101 0
      vertex 18.5315 -2.11309 5
      vertex 18.5315 -2.11309 0
    endloop
  endfacet
  facet normal 0.887023 -0.461726 0
    outer loop
      vertex 18.3301 -2.5 5
      vertex 18.5315 -2.11309 0
      vertex 18.5315 -2.11309 5
    endloop
  endfacet
  facet normal 0.887023 -0.461726 0
    outer loop
      vertex 18.5315 -2.11309 0
      vertex 18.3301 -2.5 5
      vertex 18.3301 -2.5 0
    endloop
  endfacet
  facet normal 0.737258 -0.675611 0
    outer loop
      vertex 17.5355 -3.53553 5
      vertex 17.8302 -3.21394 0
      vertex 17.8302 -3.21394 5
    endloop
  endfacet
  facet normal 0.737258 -0.675611 0
    outer loop
      vertex 17.8302 -3.21394 0
      vertex 17.5355 -3.53553 5
      vertex 17.5355 -3.53553 0
    endloop
  endfacet
  facet normal -0.7368 0.676111 0
    outer loop
      vertex 10.4225 3.48976 0
      vertex 10.4645 3.53553 5
      vertex 10.4645 3.53553 0
    endloop
  endfacet
  facet normal -0.7368 0.676111 0
    outer loop
      vertex 10.4645 3.53553 5
      vertex 10.4225 3.48976 0
      vertex 10.4225 3.48976 5
    endloop
  endfacet
  facet normal -0.382668 0.923886 0
    outer loop
      vertex 12.2899 4.69846 0
      vertex 11.8869 4.53154 5
      vertex 12.2899 4.69846 5
    endloop
  endfacet
  facet normal -0.382668 0.923886 0
    outer loop
      vertex 11.8869 4.53154 5
      vertex 12.2899 4.69846 0
      vertex 11.8869 4.53154 0
    endloop
  endfacet
  facet normal -0.0436252 0.999048 0
    outer loop
      vertex 14 5 0
      vertex 13.5642 4.98097 5
      vertex 14 5 5
    endloop
  endfacet
  facet normal -0.0436252 0.999048 0
    outer loop
      vertex 13.5642 4.98097 5
      vertex 14 5 0
      vertex 13.5642 4.98097 0
    endloop
  endfacet
  facet normal -0.216418 0.976301 0
    outer loop
      vertex 13.1318 4.92404 0
      vertex 12.7059 4.82963 5
      vertex 13.1318 4.92404 5
    endloop
  endfacet
  facet normal -0.216418 0.976301 0
    outer loop
      vertex 12.7059 4.82963 5
      vertex 13.1318 4.92404 0
      vertex 12.7059 4.82963 0
    endloop
  endfacet
  facet normal 0.537286 0.8434 -0
    outer loop
      vertex 16.8679 4.09576 0
      vertex 16.5 4.33013 5
      vertex 16.8679 4.09576 5
    endloop
  endfacet
  facet normal 0.537286 0.8434 0
    outer loop
      vertex 16.5 4.33013 5
      vertex 16.8679 4.09576 0
      vertex 16.5 4.33013 0
    endloop
  endfacet
  facet normal 0.608826 0.793304 -0
    outer loop
      vertex 17.2139 3.83022 0
      vertex 16.8679 4.09576 5
      vertex 17.2139 3.83022 5
    endloop
  endfacet
  facet normal 0.608826 0.793304 0
    outer loop
      vertex 16.8679 4.09576 5
      vertex 17.2139 3.83022 0
      vertex 16.8679 4.09576 0
    endloop
  endfacet
  facet normal -0.130534 -0.991444 0
    outer loop
      vertex 13.1318 -4.92404 0
      vertex 13.5642 -4.98097 5
      vertex 13.1318 -4.92404 5
    endloop
  endfacet
  facet normal -0.130534 -0.991444 -0
    outer loop
      vertex 13.5642 -4.98097 5
      vertex 13.1318 -4.92404 0
      vertex 13.5642 -4.98097 0
    endloop
  endfacet
  facet normal -0.300718 -0.953713 0
    outer loop
      vertex 12.2899 -4.69846 0
      vertex 12.7059 -4.82963 5
      vertex 12.2899 -4.69846 5
    endloop
  endfacet
  facet normal -0.300718 -0.953713 -0
    outer loop
      vertex 12.7059 -4.82963 5
      vertex 12.2899 -4.69846 0
      vertex 12.7059 -4.82963 0
    endloop
  endfacet
  facet normal -0.675588 -0.73728 0
    outer loop
      vertex 10.4645 -3.53553 0
      vertex 10.7861 -3.83022 5
      vertex 10.4645 -3.53553 5
    endloop
  endfacet
  facet normal -0.675588 -0.73728 -0
    outer loop
      vertex 10.7861 -3.83022 5
      vertex 10.4645 -3.53553 0
      vertex 10.7861 -3.83022 0
    endloop
  endfacet
  facet normal -0.537286 -0.8434 0
    outer loop
      vertex 11.1321 -4.09576 0
      vertex 11.5 -4.33013 5
      vertex 11.1321 -4.09576 5
    endloop
  endfacet
  facet normal -0.537286 -0.8434 -0
    outer loop
      vertex 11.5 -4.33013 5
      vertex 11.1321 -4.09576 0
      vertex 11.5 -4.33013 0
    endloop
  endfacet
  facet normal -0.608826 -0.793304 0
    outer loop
      vertex 10.7861 -3.83022 0
      vertex 11.1321 -4.09576 5
      vertex 10.7861 -3.83022 5
    endloop
  endfacet
  facet normal -0.608826 -0.793304 -0
    outer loop
      vertex 11.1321 -4.09576 5
      vertex 10.7861 -3.83022 0
      vertex 11.1321 -4.09576 0
    endloop
  endfacet
  facet normal -0.461753 -0.887008 0
    outer loop
      vertex 11.5 -4.33013 0
      vertex 11.8869 -4.53154 5
      vertex 11.5 -4.33013 5
    endloop
  endfacet
  facet normal -0.461753 -0.887008 -0
    outer loop
      vertex 11.8869 -4.53154 5
      vertex 11.5 -4.33013 0
      vertex 11.8869 -4.53154 0
    endloop
  endfacet
  facet normal 0.537286 -0.8434 0
    outer loop
      vertex 16.5 -4.33013 0
      vertex 16.8679 -4.09576 5
      vertex 16.5 -4.33013 5
    endloop
  endfacet
  facet normal 0.537286 -0.8434 0
    outer loop
      vertex 16.8679 -4.09576 5
      vertex 16.5 -4.33013 0
      vertex 16.8679 -4.09576 0
    endloop
  endfacet
  facet normal 0.675588 -0.73728 0
    outer loop
      vertex 17.2139 -3.83022 0
      vertex 17.5355 -3.53553 5
      vertex 17.2139 -3.83022 5
    endloop
  endfacet
  facet normal 0.675588 -0.73728 0
    outer loop
      vertex 17.5355 -3.53553 5
      vertex 17.2139 -3.83022 0
      vertex 17.5355 -3.53553 0
    endloop
  endfacet
  facet normal 0.793288 -0.608846 0
    outer loop
      vertex 17.8302 -3.21394 5
      vertex 18.0958 -2.86788 0
      vertex 18.0958 -2.86788 5
    endloop
  endfacet
  facet normal 0.793288 -0.608846 0
    outer loop
      vertex 18.0958 -2.86788 0
      vertex 17.8302 -3.21394 5
      vertex 17.8302 -3.21394 0
    endloop
  endfacet
  facet normal -0.537286 0.8434 0
    outer loop
      vertex 11.5 4.33013 0
      vertex 11.1321 4.09576 5
      vertex 11.5 4.33013 5
    endloop
  endfacet
  facet normal -0.537286 0.8434 0
    outer loop
      vertex 11.1321 4.09576 5
      vertex 11.5 4.33013 0
      vertex 11.1321 4.09576 0
    endloop
  endfacet
  facet normal 0.793288 0.608846 0
    outer loop
      vertex 18.0958 2.86788 5
      vertex 17.8302 3.21394 0
      vertex 17.8302 3.21394 5
    endloop
  endfacet
  facet normal 0.793288 0.608846 0
    outer loop
      vertex 17.8302 3.21394 0
      vertex 18.0958 2.86788 5
      vertex 18.0958 2.86788 0
    endloop
  endfacet
  facet normal 0.887017 -0.461737 0
    outer loop
      vertex -2.68468 1.55 5
      vertex -2.78879 1.35 2.5
      vertex -2.68468 1.55 0
    endloop
  endfacet
  facet normal 0.886908 -0.461946 2.13207e-05
    outer loop
      vertex -2.68468 1.55 5
      vertex -2.79147 1.34486 2.61766
      vertex -2.78879 1.35 2.5
    endloop
  endfacet
  facet normal 0.887026 -0.461719 -3.54847e-06
    outer loop
      vertex -2.68468 1.55 5
      vertex -2.79947 1.32949 2.73442
      vertex -2.79147 1.34486 2.61766
    endloop
  endfacet
  facet normal 0.887016 -0.461738 0
    outer loop
      vertex -2.80955 1.31012 2.82181
      vertex -2.68468 1.55 5
      vertex -2.80955 1.31012 5
    endloop
  endfacet
  facet normal 0.887055 -0.461664 -1.04149e-05
    outer loop
      vertex -2.68468 1.55 5
      vertex -2.80955 1.31012 2.82181
      vertex -2.79947 1.32949 2.73442
    endloop
  endfacet
  facet normal 0.886908 -0.461946 -2.13207e-05
    outer loop
      vertex -2.79147 1.34486 2.38234
      vertex -2.68468 1.55 0
      vertex -2.78879 1.35 2.5
    endloop
  endfacet
  facet normal 0.887026 -0.461719 3.54847e-06
    outer loop
      vertex -2.79947 1.32949 2.26558
      vertex -2.68468 1.55 0
      vertex -2.79147 1.34486 2.38234
    endloop
  endfacet
  facet normal 0.887055 -0.461664 1.04149e-05
    outer loop
      vertex -2.80955 1.31012 2.17819
      vertex -2.68468 1.55 0
      vertex -2.79947 1.32949 2.26558
    endloop
  endfacet
  facet normal 0.887016 -0.461738 0
    outer loop
      vertex -2.68468 1.55 0
      vertex -2.80955 1.31012 2.17819
      vertex -2.80955 1.31012 0
    endloop
  endfacet
  facet normal 0.382698 -0.923874 0
    outer loop
      vertex -1.31012 2.80955 0
      vertex -1.06026 2.91305 5
      vertex -1.31012 2.80955 5
    endloop
  endfacet
  facet normal 0.382698 -0.923874 0
    outer loop
      vertex -1.06026 2.91305 5
      vertex -1.31012 2.80955 0
      vertex -1.06026 2.91305 0
    endloop
  endfacet
  facet normal -0.382698 -0.923874 0
    outer loop
      vertex 1.06026 2.91305 0
      vertex 1.31012 2.80955 5
      vertex 1.06026 2.91305 5
    endloop
  endfacet
  facet normal -0.382698 -0.923874 -0
    outer loop
      vertex 1.31012 2.80955 5
      vertex 1.06026 2.91305 0
      vertex 1.31012 2.80955 0
    endloop
  endfacet
  facet normal -0.923612 -0.383329 0
    outer loop
      vertex 2.81209 1.304 2.84941
      vertex 2.80955 1.31012 5
      vertex 2.80955 1.31012 2.82181
    endloop
  endfacet
  facet normal -0.92389 -0.382657 -2.24057e-06
    outer loop
      vertex 2.82676 1.26858 2.96173
      vertex 2.80955 1.31012 5
      vertex 2.81209 1.304 2.84941
    endloop
  endfacet
  facet normal -0.92384 -0.382779 6.63419e-07
    outer loop
      vertex 2.84543 1.22352 3.07053
      vertex 2.80955 1.31012 5
      vertex 2.82676 1.26858 2.96173
    endloop
  endfacet
  facet normal -0.923927 -0.382569 -1.03845e-05
    outer loop
      vertex 2.86795 1.16913 3.175
      vertex 2.80955 1.31012 5
      vertex 2.84543 1.22352 3.07053
    endloop
  endfacet
  facet normal -0.923886 -0.382668 -1.45621e-06
    outer loop
      vertex 2.89416 1.10585 3.27433
      vertex 2.80955 1.31012 5
      vertex 2.86795 1.16913 3.175
    endloop
  endfacet
  facet normal -0.923843 -0.382773 1.31276e-05
    outer loop
      vertex 2.91305 1.06026 3.33375
      vertex 2.80955 1.31012 5
      vertex 2.89416 1.10585 3.27433
    endloop
  endfacet
  facet normal -0.923874 -0.382698 0
    outer loop
      vertex 2.80955 1.31012 5
      vertex 2.91305 1.06026 3.33375
      vertex 2.91305 1.06026 5
    endloop
  endfacet
  facet normal -0.923612 -0.383329 0
    outer loop
      vertex 2.80955 1.31012 0
      vertex 2.81209 1.304 2.15059
      vertex 2.80955 1.31012 2.17819
    endloop
  endfacet
  facet normal -0.92389 -0.382657 2.24057e-06
    outer loop
      vertex 2.80955 1.31012 0
      vertex 2.82676 1.26858 2.03827
      vertex 2.81209 1.304 2.15059
    endloop
  endfacet
  facet normal -0.92384 -0.382779 -6.63419e-07
    outer loop
      vertex 2.80955 1.31012 0
      vertex 2.84543 1.22352 1.92947
      vertex 2.82676 1.26858 2.03827
    endloop
  endfacet
  facet normal -0.923927 -0.382569 1.03845e-05
    outer loop
      vertex 2.80955 1.31012 0
      vertex 2.86795 1.16913 1.825
      vertex 2.84543 1.22352 1.92947
    endloop
  endfacet
  facet normal -0.923886 -0.382668 1.45621e-06
    outer loop
      vertex 2.80955 1.31012 0
      vertex 2.89416 1.10585 1.72567
      vertex 2.86795 1.16913 1.825
    endloop
  endfacet
  facet normal -0.923874 -0.382698 -0
    outer loop
      vertex 2.91305 1.06026 1.66625
      vertex 2.80955 1.31012 0
      vertex 2.91305 1.06026 0
    endloop
  endfacet
  facet normal -0.923843 -0.382773 -1.31276e-05
    outer loop
      vertex 2.80955 1.31012 0
      vertex 2.91305 1.06026 1.66625
      vertex 2.89416 1.10585 1.72567
    endloop
  endfacet
  facet normal 0.999047 0.0436436 0
    outer loop
      vertex -3.1 0 5
      vertex -3.09486 -0.11766 3.84486
      vertex -3.1 0 3.85
    endloop
  endfacet
  facet normal 0.999048 0.0436325 1.12876e-06
    outer loop
      vertex -3.0882 -0.270183 5
      vertex -3.09486 -0.11766 3.84486
      vertex -3.1 0 5
    endloop
  endfacet
  facet normal 0.999048 0.0436357 1.54636e-06
    outer loop
      vertex -3.09486 -0.11766 3.84486
      vertex -3.0882 -0.270183 5
      vertex -3.08976 -0.234425 3.82949
    endloop
  endfacet
  facet normal 0.99905 0.0435851 0
    outer loop
      vertex -3.08976 -0.234425 3.82949
      vertex -3.0882 -0.270183 5
      vertex -3.0882 -0.270183 3.82156
    endloop
  endfacet
  facet normal 0.999047 0.0436436 0
    outer loop
      vertex -3.09486 -0.11766 1.15514
      vertex -3.1 0 0
      vertex -3.1 0 1.15
    endloop
  endfacet
  facet normal 0.999048 0.0436357 -1.54636e-06
    outer loop
      vertex -3.0882 -0.270183 0
      vertex -3.09486 -0.11766 1.15514
      vertex -3.08976 -0.234425 1.17051
    endloop
  endfacet
  facet normal 0.99905 0.0435851 -0
    outer loop
      vertex -3.0882 -0.270183 0
      vertex -3.08976 -0.234425 1.17051
      vertex -3.0882 -0.270183 1.17844
    endloop
  endfacet
  facet normal 0.999048 0.0436325 -1.12876e-06
    outer loop
      vertex -3.09486 -0.11766 1.15514
      vertex -3.0882 -0.270183 0
      vertex -3.1 0 0
    endloop
  endfacet
  facet normal 0.0436325 -0.999048 0
    outer loop
      vertex -0.270183 3.0882 0
      vertex 0 3.1 5
      vertex -0.270183 3.0882 5
    endloop
  endfacet
  facet normal 0.0436325 -0.999048 0
    outer loop
      vertex 0 3.1 5
      vertex -0.270183 3.0882 0
      vertex 0 3.1 0
    endloop
  endfacet
  facet normal 0.537301 -0.84339 0
    outer loop
      vertex -1.77809 2.53937 0
      vertex -1.55 2.68468 5
      vertex -1.77809 2.53937 5
    endloop
  endfacet
  facet normal 0.537301 -0.84339 0
    outer loop
      vertex -1.55 2.68468 5
      vertex -1.77809 2.53937 0
      vertex -1.55 2.68468 0
    endloop
  endfacet
  facet normal -0.991432 -0.130625 0
    outer loop
      vertex 3.06299 0.461727 3.76858
      vertex 3.0529 0.538309 5
      vertex 3.0529 0.538309 3.73686
    endloop
  endfacet
  facet normal -0.991453 -0.130465 -1.01728e-05
    outer loop
      vertex 3.07777 0.349405 3.804
      vertex 3.0529 0.538309 5
      vertex 3.06299 0.461727 3.76858
    endloop
  endfacet
  facet normal -0.991445 -0.130529 1.77732e-07
    outer loop
      vertex 3.0882 0.270183 3.82156
      vertex 3.0529 0.538309 5
      vertex 3.07777 0.349405 3.804
    endloop
  endfacet
  facet normal -0.991445 -0.130528 0
    outer loop
      vertex 3.0529 0.538309 5
      vertex 3.0882 0.270183 3.82156
      vertex 3.0882 0.270183 5
    endloop
  endfacet
  facet normal -0.991432 -0.130625 0
    outer loop
      vertex 3.0529 0.538309 0
      vertex 3.06299 0.461727 1.23142
      vertex 3.0529 0.538309 1.26314
    endloop
  endfacet
  facet normal -0.991453 -0.130465 1.01728e-05
    outer loop
      vertex 3.0529 0.538309 0
      vertex 3.07777 0.349405 1.196
      vertex 3.06299 0.461727 1.23142
    endloop
  endfacet
  facet normal -0.991445 -0.130528 -0
    outer loop
      vertex 3.0882 0.270183 1.17844
      vertex 3.0529 0.538309 0
      vertex 3.0882 0.270183 0
    endloop
  endfacet
  facet normal -0.991445 -0.130529 -1.77732e-07
    outer loop
      vertex 3.0529 0.538309 0
      vertex 3.0882 0.270183 1.17844
      vertex 3.07777 0.349405 1.196
    endloop
  endfacet
  facet normal -0.793353 -0.608761 0
    outer loop
      vertex 2.53937 1.77809 0
      vertex 2.37474 1.99264 5
      vertex 2.37474 1.99264 0
    endloop
  endfacet
  facet normal -0.793353 -0.608761 0
    outer loop
      vertex 2.37474 1.99264 5
      vertex 2.53937 1.77809 0
      vertex 2.53937 1.77809 5
    endloop
  endfacet
  facet normal -0.216425 -0.976299 0
    outer loop
      vertex 0.538309 3.0529 0
      vertex 0.802339 2.99437 5
      vertex 0.538309 3.0529 5
    endloop
  endfacet
  facet normal -0.216425 -0.976299 -0
    outer loop
      vertex 0.802339 2.99437 5
      vertex 0.538309 3.0529 0
      vertex 0.802339 2.99437 0
    endloop
  endfacet
  facet normal 0.461738 0.887016 -0
    outer loop
      vertex -1.31012 -2.80955 0
      vertex -1.55 -2.68468 5
      vertex -1.31012 -2.80955 5
    endloop
  endfacet
  facet normal 0.461738 0.887016 0
    outer loop
      vertex -1.55 -2.68468 5
      vertex -1.31012 -2.80955 0
      vertex -1.55 -2.68468 0
    endloop
  endfacet
  facet normal -0.675596 0.737272 0
    outer loop
      vertex 2.19203 -2.19203 0
      vertex 1.99264 -2.37474 5
      vertex 2.19203 -2.19203 5
    endloop
  endfacet
  facet normal -0.675596 0.737272 0
    outer loop
      vertex 1.99264 -2.37474 5
      vertex 2.19203 -2.19203 0
      vertex 1.99264 -2.37474 0
    endloop
  endfacet
  facet normal 0.991432 -0.130625 0
    outer loop
      vertex -3.0529 0.538309 5
      vertex -3.06299 0.461727 3.76858
      vertex -3.0529 0.538309 3.73686
    endloop
  endfacet
  facet normal 0.991453 -0.130465 -1.01728e-05
    outer loop
      vertex -3.0529 0.538309 5
      vertex -3.07777 0.349405 3.804
      vertex -3.06299 0.461727 3.76858
    endloop
  endfacet
  facet normal 0.991445 -0.130528 0
    outer loop
      vertex -3.0882 0.270183 3.82156
      vertex -3.0529 0.538309 5
      vertex -3.0882 0.270183 5
    endloop
  endfacet
  facet normal 0.991445 -0.130529 1.77732e-07
    outer loop
      vertex -3.0529 0.538309 5
      vertex -3.0882 0.270183 3.82156
      vertex -3.07777 0.349405 3.804
    endloop
  endfacet
  facet normal 0.991432 -0.130625 0
    outer loop
      vertex -3.06299 0.461727 1.23142
      vertex -3.0529 0.538309 0
      vertex -3.0529 0.538309 1.26314
    endloop
  endfacet
  facet normal 0.991453 -0.130465 1.01728e-05
    outer loop
      vertex -3.07777 0.349405 1.196
      vertex -3.0529 0.538309 0
      vertex -3.06299 0.461727 1.23142
    endloop
  endfacet
  facet normal 0.991445 -0.130529 -1.77732e-07
    outer loop
      vertex -3.0882 0.270183 1.17844
      vertex -3.0529 0.538309 0
      vertex -3.07777 0.349405 1.196
    endloop
  endfacet
  facet normal 0.991445 -0.130528 0
    outer loop
      vertex -3.0529 0.538309 0
      vertex -3.0882 0.270183 1.17844
      vertex -3.0882 0.270183 0
    endloop
  endfacet
  facet normal 0.95371 -0.300729 0
    outer loop
      vertex -2.91305 1.06026 5
      vertex -2.92128 1.03416 3.36776
      vertex -2.91305 1.06026 3.33375
    endloop
  endfacet
  facet normal 0.953741 -0.300631 -1.73357e-06
    outer loop
      vertex -2.91305 1.06026 5
      vertex -2.94636 0.954594 3.45459
      vertex -2.92128 1.03416 3.36776
    endloop
  endfacet
  facet normal 0.953711 -0.300724 5.31353e-06
    outer loop
      vertex -2.91305 1.06026 5
      vertex -2.97374 0.867763 3.53416
      vertex -2.94636 0.954594 3.45459
    endloop
  endfacet
  facet normal 0.953719 -0.300698 0
    outer loop
      vertex -2.99437 0.802339 3.58436
      vertex -2.91305 1.06026 5
      vertex -2.99437 0.802339 5
    endloop
  endfacet
  facet normal 0.95371 -0.300727 5.69663e-06
    outer loop
      vertex -2.91305 1.06026 5
      vertex -2.99437 0.802339 3.58436
      vertex -2.97374 0.867763 3.53416
    endloop
  endfacet
  facet normal 0.95371 -0.300729 0
    outer loop
      vertex -2.92128 1.03416 1.63224
      vertex -2.91305 1.06026 0
      vertex -2.91305 1.06026 1.66625
    endloop
  endfacet
  facet normal 0.953741 -0.300631 1.73357e-06
    outer loop
      vertex -2.94636 0.954594 1.54541
      vertex -2.91305 1.06026 0
      vertex -2.92128 1.03416 1.63224
    endloop
  endfacet
  facet normal 0.953711 -0.300724 -5.31353e-06
    outer loop
      vertex -2.97374 0.867763 1.46584
      vertex -2.91305 1.06026 0
      vertex -2.94636 0.954594 1.54541
    endloop
  endfacet
  facet normal 0.95371 -0.300727 -5.69663e-06
    outer loop
      vertex -2.99437 0.802339 1.41564
      vertex -2.91305 1.06026 0
      vertex -2.97374 0.867763 1.46584
    endloop
  endfacet
  facet normal 0.953719 -0.300698 0
    outer loop
      vertex -2.91305 1.06026 0
      vertex -2.99437 0.802339 1.41564
      vertex -2.99437 0.802339 0
    endloop
  endfacet
  facet normal 0.737272 -0.675596 0
    outer loop
      vertex -2.37474 1.99264 5
      vertex -2.19203 2.19203 0
      vertex -2.19203 2.19203 5
    endloop
  endfacet
  facet normal 0.737272 -0.675596 0
    outer loop
      vertex -2.19203 2.19203 0
      vertex -2.37474 1.99264 5
      vertex -2.37474 1.99264 0
    endloop
  endfacet
  facet normal 0.675596 -0.737272 0
    outer loop
      vertex -2.19203 2.19203 0
      vertex -1.99264 2.37474 5
      vertex -2.19203 2.19203 5
    endloop
  endfacet
  facet normal 0.675596 -0.737272 0
    outer loop
      vertex -1.99264 2.37474 5
      vertex -2.19203 2.19203 0
      vertex -1.99264 2.37474 0
    endloop
  endfacet
  facet normal -0.0436325 -0.999048 0
    outer loop
      vertex 0 3.1 0
      vertex 0.270183 3.0882 5
      vertex 0 3.1 5
    endloop
  endfacet
  facet normal -0.0436325 -0.999048 -0
    outer loop
      vertex 0.270183 3.0882 5
      vertex 0 3.1 0
      vertex 0.270183 3.0882 0
    endloop
  endfacet
  facet normal 0.300698 -0.953719 0
    outer loop
      vertex -1.06026 2.91305 0
      vertex -0.802339 2.99437 5
      vertex -1.06026 2.91305 5
    endloop
  endfacet
  facet normal 0.300698 -0.953719 0
    outer loop
      vertex -0.802339 2.99437 5
      vertex -1.06026 2.91305 0
      vertex -0.802339 2.99437 0
    endloop
  endfacet
  facet normal 0.130528 -0.991445 0
    outer loop
      vertex -0.538309 3.0529 0
      vertex -0.270183 3.0882 5
      vertex -0.538309 3.0529 5
    endloop
  endfacet
  facet normal 0.130528 -0.991445 0
    outer loop
      vertex -0.270183 3.0882 5
      vertex -0.538309 3.0529 0
      vertex -0.270183 3.0882 0
    endloop
  endfacet
  facet normal 0.461738 -0.887016 0
    outer loop
      vertex -1.55 2.68468 0
      vertex -1.31012 2.80955 5
      vertex -1.55 2.68468 5
    endloop
  endfacet
  facet normal 0.461738 -0.887016 0
    outer loop
      vertex -1.31012 2.80955 5
      vertex -1.55 2.68468 0
      vertex -1.31012 2.80955 0
    endloop
  endfacet
  facet normal 0.608761 -0.793353 0
    outer loop
      vertex -1.99264 2.37474 0
      vertex -1.77809 2.53937 5
      vertex -1.99264 2.37474 5
    endloop
  endfacet
  facet normal 0.608761 -0.793353 0
    outer loop
      vertex -1.77809 2.53937 5
      vertex -1.99264 2.37474 0
      vertex -1.77809 2.53937 0
    endloop
  endfacet
  facet normal -0.99905 -0.0435851 0
    outer loop
      vertex 3.08976 0.234425 3.82949
      vertex 3.0882 0.270183 5
      vertex 3.0882 0.270183 3.82156
    endloop
  endfacet
  facet normal -0.999048 -0.0436357 1.54636e-06
    outer loop
      vertex 3.09486 0.11766 3.84486
      vertex 3.0882 0.270183 5
      vertex 3.08976 0.234425 3.82949
    endloop
  endfacet
  facet normal -0.999047 -0.0436436 -0
    outer loop
      vertex 3.1 0 5
      vertex 3.09486 0.11766 3.84486
      vertex 3.1 0 3.85
    endloop
  endfacet
  facet normal -0.999048 -0.0436325 1.12876e-06
    outer loop
      vertex 3.09486 0.11766 3.84486
      vertex 3.1 0 5
      vertex 3.0882 0.270183 5
    endloop
  endfacet
  facet normal -0.99905 -0.0435851 0
    outer loop
      vertex 3.0882 0.270183 0
      vertex 3.08976 0.234425 1.17051
      vertex 3.0882 0.270183 1.17844
    endloop
  endfacet
  facet normal -0.999048 -0.0436357 -1.54636e-06
    outer loop
      vertex 3.0882 0.270183 0
      vertex 3.09486 0.11766 1.15514
      vertex 3.08976 0.234425 1.17051
    endloop
  endfacet
  facet normal -0.999048 -0.0436325 -1.12876e-06
    outer loop
      vertex 3.1 0 0
      vertex 3.09486 0.11766 1.15514
      vertex 3.0882 0.270183 0
    endloop
  endfacet
  facet normal -0.999047 -0.0436436 0
    outer loop
      vertex 3.09486 0.11766 1.15514
      vertex 3.1 0 0
      vertex 3.1 0 1.15
    endloop
  endfacet
  facet normal -0.95371 -0.300729 0
    outer loop
      vertex 2.92128 1.03416 3.36776
      vertex 2.91305 1.06026 5
      vertex 2.91305 1.06026 3.33375
    endloop
  endfacet
  facet normal -0.953741 -0.300631 -1.73357e-06
    outer loop
      vertex 2.94636 0.954594 3.45459
      vertex 2.91305 1.06026 5
      vertex 2.92128 1.03416 3.36776
    endloop
  endfacet
  facet normal -0.953711 -0.300724 5.31353e-06
    outer loop
      vertex 2.97374 0.867763 3.53416
      vertex 2.91305 1.06026 5
      vertex 2.94636 0.954594 3.45459
    endloop
  endfacet
  facet normal -0.95371 -0.300727 5.69663e-06
    outer loop
      vertex 2.99437 0.802339 3.58436
      vertex 2.91305 1.06026 5
      vertex 2.97374 0.867763 3.53416
    endloop
  endfacet
  facet normal -0.953719 -0.300698 0
    outer loop
      vertex 2.91305 1.06026 5
      vertex 2.99437 0.802339 3.58436
      vertex 2.99437 0.802339 5
    endloop
  endfacet
  facet normal -0.95371 -0.300729 0
    outer loop
      vertex 2.91305 1.06026 0
      vertex 2.92128 1.03416 1.63224
      vertex 2.91305 1.06026 1.66625
    endloop
  endfacet
  facet normal -0.953741 -0.300631 1.73357e-06
    outer loop
      vertex 2.91305 1.06026 0
      vertex 2.94636 0.954594 1.54541
      vertex 2.92128 1.03416 1.63224
    endloop
  endfacet
  facet normal -0.953711 -0.300724 -5.31353e-06
    outer loop
      vertex 2.91305 1.06026 0
      vertex 2.97374 0.867763 1.46584
      vertex 2.94636 0.954594 1.54541
    endloop
  endfacet
  facet normal -0.953719 -0.300698 -0
    outer loop
      vertex 2.99437 0.802339 1.41564
      vertex 2.91305 1.06026 0
      vertex 2.99437 0.802339 0
    endloop
  endfacet
  facet normal -0.95371 -0.300727 -5.69663e-06
    outer loop
      vertex 2.91305 1.06026 0
      vertex 2.99437 0.802339 1.41564
      vertex 2.97374 0.867763 1.46584
    endloop
  endfacet
  facet normal -0.976297 -0.216436 0
    outer loop
      vertex 3.00058 0.774327 3.60585
      vertex 2.99437 0.802339 5
      vertex 2.99437 0.802339 3.58436
    endloop
  endfacet
  facet normal -0.976297 -0.216435 -1.83773e-08
    outer loop
      vertex 3.0226 0.674999 3.66913
      vertex 2.99437 0.802339 5
      vertex 3.00058 0.774327 3.60585
    endloop
  endfacet
  facet normal -0.976295 -0.216445 9.86292e-07
    outer loop
      vertex 3.04576 0.570534 3.72352
      vertex 2.99437 0.802339 5
      vertex 3.0226 0.674999 3.66913
    endloop
  endfacet
  facet normal -0.97632 -0.216329 -2.1083e-05
    outer loop
      vertex 3.0529 0.538309 3.73686
      vertex 2.99437 0.802339 5
      vertex 3.04576 0.570534 3.72352
    endloop
  endfacet
  facet normal -0.976299 -0.216425 0
    outer loop
      vertex 2.99437 0.802339 5
      vertex 3.0529 0.538309 3.73686
      vertex 3.0529 0.538309 5
    endloop
  endfacet
  facet normal -0.976297 -0.216436 0
    outer loop
      vertex 2.99437 0.802339 0
      vertex 3.00058 0.774327 1.39415
      vertex 2.99437 0.802339 1.41564
    endloop
  endfacet
  facet normal -0.976297 -0.216435 1.83773e-08
    outer loop
      vertex 2.99437 0.802339 0
      vertex 3.0226 0.674999 1.33087
      vertex 3.00058 0.774327 1.39415
    endloop
  endfacet
  facet normal -0.976295 -0.216445 -9.86292e-07
    outer loop
      vertex 2.99437 0.802339 0
      vertex 3.04576 0.570534 1.27648
      vertex 3.0226 0.674999 1.33087
    endloop
  endfacet
  facet normal -0.976299 -0.216425 -0
    outer loop
      vertex 3.0529 0.538309 1.26314
      vertex 2.99437 0.802339 0
      vertex 3.0529 0.538309 0
    endloop
  endfacet
  facet normal -0.97632 -0.216329 2.1083e-05
    outer loop
      vertex 2.99437 0.802339 0
      vertex 3.0529 0.538309 1.26314
      vertex 3.04576 0.570534 1.27648
    endloop
  endfacet
  facet normal -0.887017 -0.461737 0
    outer loop
      vertex 2.68468 1.55 0
      vertex 2.78879 1.35 2.5
      vertex 2.68468 1.55 5
    endloop
  endfacet
  facet normal -0.886908 -0.461946 -2.13207e-05
    outer loop
      vertex 2.68468 1.55 0
      vertex 2.79147 1.34486 2.38234
      vertex 2.78879 1.35 2.5
    endloop
  endfacet
  facet normal -0.887026 -0.461719 3.54847e-06
    outer loop
      vertex 2.68468 1.55 0
      vertex 2.79947 1.32949 2.26558
      vertex 2.79147 1.34486 2.38234
    endloop
  endfacet
  facet normal -0.887016 -0.461738 -0
    outer loop
      vertex 2.80955 1.31012 2.17819
      vertex 2.68468 1.55 0
      vertex 2.80955 1.31012 0
    endloop
  endfacet
  facet normal -0.887055 -0.461664 1.04149e-05
    outer loop
      vertex 2.68468 1.55 0
      vertex 2.80955 1.31012 2.17819
      vertex 2.79947 1.32949 2.26558
    endloop
  endfacet
  facet normal -0.886908 -0.461946 2.13207e-05
    outer loop
      vertex 2.79147 1.34486 2.61766
      vertex 2.68468 1.55 5
      vertex 2.78879 1.35 2.5
    endloop
  endfacet
  facet normal -0.887026 -0.461719 -3.54847e-06
    outer loop
      vertex 2.79947 1.32949 2.73442
      vertex 2.68468 1.55 5
      vertex 2.79147 1.34486 2.61766
    endloop
  endfacet
  facet normal -0.887055 -0.461664 -1.04149e-05
    outer loop
      vertex 2.80955 1.31012 2.82181
      vertex 2.68468 1.55 5
      vertex 2.79947 1.32949 2.73442
    endloop
  endfacet
  facet normal -0.887016 -0.461738 0
    outer loop
      vertex 2.68468 1.55 5
      vertex 2.80955 1.31012 2.82181
      vertex 2.80955 1.31012 5
    endloop
  endfacet
  facet normal -0.84339 -0.537301 0
    outer loop
      vertex 2.68468 1.55 0
      vertex 2.53937 1.77809 5
      vertex 2.53937 1.77809 0
    endloop
  endfacet
  facet normal -0.84339 -0.537301 0
    outer loop
      vertex 2.53937 1.77809 5
      vertex 2.68468 1.55 0
      vertex 2.68468 1.55 5
    endloop
  endfacet
  facet normal -0.300698 -0.953719 0
    outer loop
      vertex 0.802339 2.99437 0
      vertex 1.06026 2.91305 5
      vertex 0.802339 2.99437 5
    endloop
  endfacet
  facet normal -0.300698 -0.953719 -0
    outer loop
      vertex 1.06026 2.91305 5
      vertex 0.802339 2.99437 0
      vertex 1.06026 2.91305 0
    endloop
  endfacet
  facet normal -0.130528 -0.991445 0
    outer loop
      vertex 0.270183 3.0882 0
      vertex 0.538309 3.0529 5
      vertex 0.270183 3.0882 5
    endloop
  endfacet
  facet normal -0.130528 -0.991445 -0
    outer loop
      vertex 0.538309 3.0529 5
      vertex 0.270183 3.0882 0
      vertex 0.538309 3.0529 0
    endloop
  endfacet
  facet normal -0.608761 -0.793353 0
    outer loop
      vertex 1.77809 2.53937 0
      vertex 1.99264 2.37474 5
      vertex 1.77809 2.53937 5
    endloop
  endfacet
  facet normal -0.608761 -0.793353 -0
    outer loop
      vertex 1.99264 2.37474 5
      vertex 1.77809 2.53937 0
      vertex 1.99264 2.37474 0
    endloop
  endfacet
  facet normal -0.675596 -0.737272 0
    outer loop
      vertex 1.99264 2.37474 0
      vertex 2.19203 2.19203 5
      vertex 1.99264 2.37474 5
    endloop
  endfacet
  facet normal -0.675596 -0.737272 -0
    outer loop
      vertex 2.19203 2.19203 5
      vertex 1.99264 2.37474 0
      vertex 2.19203 2.19203 0
    endloop
  endfacet
  facet normal -0.537301 -0.84339 0
    outer loop
      vertex 1.55 2.68468 0
      vertex 1.77809 2.53937 5
      vertex 1.55 2.68468 5
    endloop
  endfacet
  facet normal -0.537301 -0.84339 -0
    outer loop
      vertex 1.77809 2.53937 5
      vertex 1.55 2.68468 0
      vertex 1.77809 2.53937 0
    endloop
  endfacet
  facet normal -0.737272 -0.675596 0
    outer loop
      vertex 2.37474 1.99264 0
      vertex 2.19203 2.19203 5
      vertex 2.19203 2.19203 0
    endloop
  endfacet
  facet normal -0.737272 -0.675596 0
    outer loop
      vertex 2.19203 2.19203 5
      vertex 2.37474 1.99264 0
      vertex 2.37474 1.99264 5
    endloop
  endfacet
  facet normal 0.99905 -0.0435851 0
    outer loop
      vertex -3.0882 0.270183 5
      vertex -3.08976 0.234425 3.82949
      vertex -3.0882 0.270183 3.82156
    endloop
  endfacet
  facet normal 0.999048 -0.0436357 1.54636e-06
    outer loop
      vertex -3.0882 0.270183 5
      vertex -3.09486 0.11766 3.84486
      vertex -3.08976 0.234425 3.82949
    endloop
  endfacet
  facet normal 0.999048 -0.0436325 1.12876e-06
    outer loop
      vertex -3.1 0 5
      vertex -3.09486 0.11766 3.84486
      vertex -3.0882 0.270183 5
    endloop
  endfacet
  facet normal 0.999047 -0.0436436 0
    outer loop
      vertex -3.09486 0.11766 3.84486
      vertex -3.1 0 5
      vertex -3.1 0 3.85
    endloop
  endfacet
  facet normal 0.99905 -0.0435851 0
    outer loop
      vertex -3.08976 0.234425 1.17051
      vertex -3.0882 0.270183 0
      vertex -3.0882 0.270183 1.17844
    endloop
  endfacet
  facet normal 0.999048 -0.0436357 -1.54636e-06
    outer loop
      vertex -3.09486 0.11766 1.15514
      vertex -3.0882 0.270183 0
      vertex -3.08976 0.234425 1.17051
    endloop
  endfacet
  facet normal 0.999047 -0.0436436 0
    outer loop
      vertex -3.1 0 0
      vertex -3.09486 0.11766 1.15514
      vertex -3.1 0 1.15
    endloop
  endfacet
  facet normal 0.999048 -0.0436325 -1.12876e-06
    outer loop
      vertex -3.09486 0.11766 1.15514
      vertex -3.1 0 0
      vertex -3.0882 0.270183 0
    endloop
  endfacet
  facet normal 0.953719 0.300698 0
    outer loop
      vertex -2.91305 -1.06026 5
      vertex -2.99437 -0.802339 3.58436
      vertex -2.99437 -0.802339 5
    endloop
  endfacet
  facet normal 0.95371 0.300727 5.69663e-06
    outer loop
      vertex -2.99437 -0.802339 3.58436
      vertex -2.91305 -1.06026 5
      vertex -2.97374 -0.867763 3.53416
    endloop
  endfacet
  facet normal 0.953711 0.300724 5.31353e-06
    outer loop
      vertex -2.97374 -0.867763 3.53416
      vertex -2.91305 -1.06026 5
      vertex -2.94636 -0.954594 3.45459
    endloop
  endfacet
  facet normal 0.953741 0.300631 -1.73357e-06
    outer loop
      vertex -2.94636 -0.954594 3.45459
      vertex -2.91305 -1.06026 5
      vertex -2.92128 -1.03416 3.36776
    endloop
  endfacet
  facet normal 0.95371 0.300729 0
    outer loop
      vertex -2.92128 -1.03416 3.36776
      vertex -2.91305 -1.06026 5
      vertex -2.91305 -1.06026 3.33375
    endloop
  endfacet
  facet normal 0.95371 0.300727 -5.69663e-06
    outer loop
      vertex -2.91305 -1.06026 0
      vertex -2.99437 -0.802339 1.41564
      vertex -2.97374 -0.867763 1.46584
    endloop
  endfacet
  facet normal 0.953711 0.300724 -5.31353e-06
    outer loop
      vertex -2.91305 -1.06026 0
      vertex -2.97374 -0.867763 1.46584
      vertex -2.94636 -0.954594 1.54541
    endloop
  endfacet
  facet normal 0.953741 0.300631 1.73357e-06
    outer loop
      vertex -2.91305 -1.06026 0
      vertex -2.94636 -0.954594 1.54541
      vertex -2.92128 -1.03416 1.63224
    endloop
  endfacet
  facet normal 0.95371 0.300729 -0
    outer loop
      vertex -2.91305 -1.06026 0
      vertex -2.92128 -1.03416 1.63224
      vertex -2.91305 -1.06026 1.66625
    endloop
  endfacet
  facet normal 0.953719 0.300698 0
    outer loop
      vertex -2.99437 -0.802339 1.41564
      vertex -2.91305 -1.06026 0
      vertex -2.99437 -0.802339 0
    endloop
  endfacet
  facet normal -0.999047 0.0436436 0
    outer loop
      vertex 3.09486 -0.11766 3.84486
      vertex 3.1 0 5
      vertex 3.1 0 3.85
    endloop
  endfacet
  facet normal -0.999048 0.0436357 1.54636e-06
    outer loop
      vertex 3.0882 -0.270183 5
      vertex 3.09486 -0.11766 3.84486
      vertex 3.08976 -0.234425 3.82949
    endloop
  endfacet
  facet normal -0.99905 0.0435851 0
    outer loop
      vertex 3.0882 -0.270183 5
      vertex 3.08976 -0.234425 3.82949
      vertex 3.0882 -0.270183 3.82156
    endloop
  endfacet
  facet normal -0.999048 0.0436325 1.12876e-06
    outer loop
      vertex 3.09486 -0.11766 3.84486
      vertex 3.0882 -0.270183 5
      vertex 3.1 0 5
    endloop
  endfacet
  facet normal -0.999047 0.0436436 0
    outer loop
      vertex 3.1 0 0
      vertex 3.09486 -0.11766 1.15514
      vertex 3.1 0 1.15
    endloop
  endfacet
  facet normal -0.999048 0.0436325 -1.12876e-06
    outer loop
      vertex 3.0882 -0.270183 0
      vertex 3.09486 -0.11766 1.15514
      vertex 3.1 0 0
    endloop
  endfacet
  facet normal -0.999048 0.0436357 -1.54636e-06
    outer loop
      vertex 3.09486 -0.11766 1.15514
      vertex 3.0882 -0.270183 0
      vertex 3.08976 -0.234425 1.17051
    endloop
  endfacet
  facet normal -0.99905 0.0435851 0
    outer loop
      vertex 3.08976 -0.234425 1.17051
      vertex 3.0882 -0.270183 0
      vertex 3.0882 -0.270183 1.17844
    endloop
  endfacet
  facet normal -0.887016 0.461738 0
    outer loop
      vertex 2.68468 -1.55 0
      vertex 2.80955 -1.31012 2.17819
      vertex 2.80955 -1.31012 0
    endloop
  endfacet
  facet normal -0.887055 0.461664 1.04149e-05
    outer loop
      vertex 2.80955 -1.31012 2.17819
      vertex 2.68468 -1.55 0
      vertex 2.79947 -1.32949 2.26558
    endloop
  endfacet
  facet normal -0.887026 0.461719 3.54847e-06
    outer loop
      vertex 2.79947 -1.32949 2.26558
      vertex 2.68468 -1.55 0
      vertex 2.79147 -1.34486 2.38234
    endloop
  endfacet
  facet normal -0.886908 0.461946 -2.13207e-05
    outer loop
      vertex 2.79147 -1.34486 2.38234
      vertex 2.68468 -1.55 0
      vertex 2.78879 -1.35 2.5
    endloop
  endfacet
  facet normal -0.887055 0.461664 -1.04149e-05
    outer loop
      vertex 2.68468 -1.55 5
      vertex 2.80955 -1.31012 2.82181
      vertex 2.79947 -1.32949 2.73442
    endloop
  endfacet
  facet normal -0.887026 0.461719 -3.54847e-06
    outer loop
      vertex 2.68468 -1.55 5
      vertex 2.79947 -1.32949 2.73442
      vertex 2.79147 -1.34486 2.61766
    endloop
  endfacet
  facet normal -0.886908 0.461946 2.13207e-05
    outer loop
      vertex 2.68468 -1.55 5
      vertex 2.79147 -1.34486 2.61766
      vertex 2.78879 -1.35 2.5
    endloop
  endfacet
  facet normal -0.887017 0.461737 0
    outer loop
      vertex 2.68468 -1.55 5
      vertex 2.78879 -1.35 2.5
      vertex 2.68468 -1.55 0
    endloop
  endfacet
  facet normal -0.887016 0.461738 0
    outer loop
      vertex 2.80955 -1.31012 2.82181
      vertex 2.68468 -1.55 5
      vertex 2.80955 -1.31012 5
    endloop
  endfacet
  facet normal 0.923612 -0.383329 0
    outer loop
      vertex -2.80955 1.31012 5
      vertex -2.81209 1.304 2.84941
      vertex -2.80955 1.31012 2.82181
    endloop
  endfacet
  facet normal 0.92389 -0.382657 -2.24057e-06
    outer loop
      vertex -2.80955 1.31012 5
      vertex -2.82676 1.26858 2.96173
      vertex -2.81209 1.304 2.84941
    endloop
  endfacet
  facet normal 0.92384 -0.382779 6.63419e-07
    outer loop
      vertex -2.80955 1.31012 5
      vertex -2.84543 1.22352 3.07053
      vertex -2.82676 1.26858 2.96173
    endloop
  endfacet
  facet normal 0.923927 -0.382569 -1.03845e-05
    outer loop
      vertex -2.80955 1.31012 5
      vertex -2.86795 1.16913 3.175
      vertex -2.84543 1.22352 3.07053
    endloop
  endfacet
  facet normal 0.923886 -0.382668 -1.45621e-06
    outer loop
      vertex -2.80955 1.31012 5
      vertex -2.89416 1.10585 3.27433
      vertex -2.86795 1.16913 3.175
    endloop
  endfacet
  facet normal 0.923874 -0.382698 0
    outer loop
      vertex -2.91305 1.06026 3.33375
      vertex -2.80955 1.31012 5
      vertex -2.91305 1.06026 5
    endloop
  endfacet
  facet normal 0.923843 -0.382773 1.31276e-05
    outer loop
      vertex -2.80955 1.31012 5
      vertex -2.91305 1.06026 3.33375
      vertex -2.89416 1.10585 3.27433
    endloop
  endfacet
  facet normal 0.923612 -0.383329 0
    outer loop
      vertex -2.81209 1.304 2.15059
      vertex -2.80955 1.31012 0
      vertex -2.80955 1.31012 2.17819
    endloop
  endfacet
  facet normal 0.92389 -0.382657 2.24057e-06
    outer loop
      vertex -2.82676 1.26858 2.03827
      vertex -2.80955 1.31012 0
      vertex -2.81209 1.304 2.15059
    endloop
  endfacet
  facet normal 0.92384 -0.382779 -6.63419e-07
    outer loop
      vertex -2.84543 1.22352 1.92947
      vertex -2.80955 1.31012 0
      vertex -2.82676 1.26858 2.03827
    endloop
  endfacet
  facet normal 0.923927 -0.382569 1.03845e-05
    outer loop
      vertex -2.86795 1.16913 1.825
      vertex -2.80955 1.31012 0
      vertex -2.84543 1.22352 1.92947
    endloop
  endfacet
  facet normal 0.923886 -0.382668 1.45621e-06
    outer loop
      vertex -2.89416 1.10585 1.72567
      vertex -2.80955 1.31012 0
      vertex -2.86795 1.16913 1.825
    endloop
  endfacet
  facet normal 0.923843 -0.382773 -1.31276e-05
    outer loop
      vertex -2.91305 1.06026 1.66625
      vertex -2.80955 1.31012 0
      vertex -2.89416 1.10585 1.72567
    endloop
  endfacet
  facet normal 0.923874 -0.382698 0
    outer loop
      vertex -2.80955 1.31012 0
      vertex -2.91305 1.06026 1.66625
      vertex -2.91305 1.06026 0
    endloop
  endfacet
  facet normal 0.976297 -0.216436 0
    outer loop
      vertex -2.99437 0.802339 5
      vertex -3.00058 0.774327 3.60585
      vertex -2.99437 0.802339 3.58436
    endloop
  endfacet
  facet normal 0.976297 -0.216435 -1.83773e-08
    outer loop
      vertex -2.99437 0.802339 5
      vertex -3.0226 0.674999 3.66913
      vertex -3.00058 0.774327 3.60585
    endloop
  endfacet
  facet normal 0.976295 -0.216445 9.86292e-07
    outer loop
      vertex -2.99437 0.802339 5
      vertex -3.04576 0.570534 3.72352
      vertex -3.0226 0.674999 3.66913
    endloop
  endfacet
  facet normal 0.976299 -0.216425 0
    outer loop
      vertex -3.0529 0.538309 3.73686
      vertex -2.99437 0.802339 5
      vertex -3.0529 0.538309 5
    endloop
  endfacet
  facet normal 0.97632 -0.216329 -2.1083e-05
    outer loop
      vertex -2.99437 0.802339 5
      vertex -3.0529 0.538309 3.73686
      vertex -3.04576 0.570534 3.72352
    endloop
  endfacet
  facet normal 0.976297 -0.216436 0
    outer loop
      vertex -3.00058 0.774327 1.39415
      vertex -2.99437 0.802339 0
      vertex -2.99437 0.802339 1.41564
    endloop
  endfacet
  facet normal 0.976297 -0.216435 1.83773e-08
    outer loop
      vertex -3.0226 0.674999 1.33087
      vertex -2.99437 0.802339 0
      vertex -3.00058 0.774327 1.39415
    endloop
  endfacet
  facet normal 0.976295 -0.216445 -9.86292e-07
    outer loop
      vertex -3.04576 0.570534 1.27648
      vertex -2.99437 0.802339 0
      vertex -3.0226 0.674999 1.33087
    endloop
  endfacet
  facet normal 0.97632 -0.216329 2.1083e-05
    outer loop
      vertex -3.0529 0.538309 1.26314
      vertex -2.99437 0.802339 0
      vertex -3.04576 0.570534 1.27648
    endloop
  endfacet
  facet normal 0.976299 -0.216425 0
    outer loop
      vertex -2.99437 0.802339 0
      vertex -3.0529 0.538309 1.26314
      vertex -3.0529 0.538309 0
    endloop
  endfacet
  facet normal 0.793353 -0.608761 0
    outer loop
      vertex -2.53937 1.77809 5
      vertex -2.37474 1.99264 0
      vertex -2.37474 1.99264 5
    endloop
  endfacet
  facet normal 0.793353 -0.608761 0
    outer loop
      vertex -2.37474 1.99264 0
      vertex -2.53937 1.77809 5
      vertex -2.53937 1.77809 0
    endloop
  endfacet
  facet normal 0.216425 -0.976299 0
    outer loop
      vertex -0.802339 2.99437 0
      vertex -0.538309 3.0529 5
      vertex -0.802339 2.99437 5
    endloop
  endfacet
  facet normal 0.216425 -0.976299 0
    outer loop
      vertex -0.538309 3.0529 5
      vertex -0.802339 2.99437 0
      vertex -0.538309 3.0529 0
    endloop
  endfacet
  facet normal -0.461738 -0.887016 0
    outer loop
      vertex 1.31012 2.80955 0
      vertex 1.55 2.68468 5
      vertex 1.31012 2.80955 5
    endloop
  endfacet
  facet normal -0.461738 -0.887016 -0
    outer loop
      vertex 1.55 2.68468 5
      vertex 1.31012 2.80955 0
      vertex 1.55 2.68468 0
    endloop
  endfacet
  facet normal 0.887016 0.461738 0
    outer loop
      vertex -2.68468 -1.55 5
      vertex -2.80955 -1.31012 2.82181
      vertex -2.80955 -1.31012 5
    endloop
  endfacet
  facet normal 0.887055 0.461664 -1.04149e-05
    outer loop
      vertex -2.80955 -1.31012 2.82181
      vertex -2.68468 -1.55 5
      vertex -2.79947 -1.32949 2.73442
    endloop
  endfacet
  facet normal 0.887026 0.461719 -3.54847e-06
    outer loop
      vertex -2.79947 -1.32949 2.73442
      vertex -2.68468 -1.55 5
      vertex -2.79147 -1.34486 2.61766
    endloop
  endfacet
  facet normal 0.886908 0.461946 2.13207e-05
    outer loop
      vertex -2.79147 -1.34486 2.61766
      vertex -2.68468 -1.55 5
      vertex -2.78879 -1.35 2.5
    endloop
  endfacet
  facet normal 0.887055 0.461664 1.04149e-05
    outer loop
      vertex -2.68468 -1.55 0
      vertex -2.80955 -1.31012 2.17819
      vertex -2.79947 -1.32949 2.26558
    endloop
  endfacet
  facet normal 0.887026 0.461719 3.54847e-06
    outer loop
      vertex -2.68468 -1.55 0
      vertex -2.79947 -1.32949 2.26558
      vertex -2.79147 -1.34486 2.38234
    endloop
  endfacet
  facet normal 0.886908 0.461946 -2.13207e-05
    outer loop
      vertex -2.68468 -1.55 0
      vertex -2.79147 -1.34486 2.38234
      vertex -2.78879 -1.35 2.5
    endloop
  endfacet
  facet normal 0.887017 0.461737 -0
    outer loop
      vertex -2.68468 -1.55 0
      vertex -2.78879 -1.35 2.5
      vertex -2.68468 -1.55 5
    endloop
  endfacet
  facet normal 0.887016 0.461738 0
    outer loop
      vertex -2.80955 -1.31012 2.17819
      vertex -2.68468 -1.55 0
      vertex -2.80955 -1.31012 0
    endloop
  endfacet
  facet normal 0.923874 0.382698 0
    outer loop
      vertex -2.80955 -1.31012 5
      vertex -2.91305 -1.06026 3.33375
      vertex -2.91305 -1.06026 5
    endloop
  endfacet
  facet normal 0.923843 0.382773 1.31276e-05
    outer loop
      vertex -2.91305 -1.06026 3.33375
      vertex -2.80955 -1.31012 5
      vertex -2.89416 -1.10585 3.27433
    endloop
  endfacet
  facet normal 0.923886 0.382668 -1.45621e-06
    outer loop
      vertex -2.89416 -1.10585 3.27433
      vertex -2.80955 -1.31012 5
      vertex -2.86795 -1.16913 3.175
    endloop
  endfacet
  facet normal 0.923927 0.382569 -1.03845e-05
    outer loop
      vertex -2.86795 -1.16913 3.175
      vertex -2.80955 -1.31012 5
      vertex -2.84543 -1.22352 3.07053
    endloop
  endfacet
  facet normal 0.92384 0.382779 6.63419e-07
    outer loop
      vertex -2.84543 -1.22352 3.07053
      vertex -2.80955 -1.31012 5
      vertex -2.82676 -1.26858 2.96173
    endloop
  endfacet
  facet normal 0.92389 0.382657 -2.24057e-06
    outer loop
      vertex -2.82676 -1.26858 2.96173
      vertex -2.80955 -1.31012 5
      vertex -2.81209 -1.304 2.84941
    endloop
  endfacet
  facet normal 0.923612 0.383329 0
    outer loop
      vertex -2.81209 -1.304 2.84941
      vertex -2.80955 -1.31012 5
      vertex -2.80955 -1.31012 2.82181
    endloop
  endfacet
  facet normal 0.923843 0.382773 -1.31276e-05
    outer loop
      vertex -2.80955 -1.31012 0
      vertex -2.91305 -1.06026 1.66625
      vertex -2.89416 -1.10585 1.72567
    endloop
  endfacet
  facet normal 0.923886 0.382668 1.45621e-06
    outer loop
      vertex -2.80955 -1.31012 0
      vertex -2.89416 -1.10585 1.72567
      vertex -2.86795 -1.16913 1.825
    endloop
  endfacet
  facet normal 0.923927 0.382569 1.03845e-05
    outer loop
      vertex -2.80955 -1.31012 0
      vertex -2.86795 -1.16913 1.825
      vertex -2.84543 -1.22352 1.92947
    endloop
  endfacet
  facet normal 0.92384 0.382779 -6.63419e-07
    outer loop
      vertex -2.80955 -1.31012 0
      vertex -2.84543 -1.22352 1.92947
      vertex -2.82676 -1.26858 2.03827
    endloop
  endfacet
  facet normal 0.92389 0.382657 2.24057e-06
    outer loop
      vertex -2.80955 -1.31012 0
      vertex -2.82676 -1.26858 2.03827
      vertex -2.81209 -1.304 2.15059
    endloop
  endfacet
  facet normal 0.923612 0.383329 -0
    outer loop
      vertex -2.80955 -1.31012 0
      vertex -2.81209 -1.304 2.15059
      vertex -2.80955 -1.31012 2.17819
    endloop
  endfacet
  facet normal 0.923874 0.382698 0
    outer loop
      vertex -2.91305 -1.06026 1.66625
      vertex -2.80955 -1.31012 0
      vertex -2.91305 -1.06026 0
    endloop
  endfacet
  facet normal 0.793353 0.608761 0
    outer loop
      vertex -2.37474 -1.99264 5
      vertex -2.53937 -1.77809 0
      vertex -2.53937 -1.77809 5
    endloop
  endfacet
  facet normal 0.793353 0.608761 0
    outer loop
      vertex -2.53937 -1.77809 0
      vertex -2.37474 -1.99264 5
      vertex -2.37474 -1.99264 0
    endloop
  endfacet
  facet normal -0.130528 0.991445 0
    outer loop
      vertex 0.538309 -3.0529 0
      vertex 0.270183 -3.0882 5
      vertex 0.538309 -3.0529 5
    endloop
  endfacet
  facet normal -0.130528 0.991445 0
    outer loop
      vertex 0.270183 -3.0882 5
      vertex 0.538309 -3.0529 0
      vertex 0.270183 -3.0882 0
    endloop
  endfacet
  facet normal -0.95371 0.300727 5.69663e-06
    outer loop
      vertex 2.91305 -1.06026 5
      vertex 2.99437 -0.802339 3.58436
      vertex 2.97374 -0.867763 3.53416
    endloop
  endfacet
  facet normal -0.953711 0.300724 5.31353e-06
    outer loop
      vertex 2.91305 -1.06026 5
      vertex 2.97374 -0.867763 3.53416
      vertex 2.94636 -0.954594 3.45459
    endloop
  endfacet
  facet normal -0.953741 0.300631 -1.73357e-06
    outer loop
      vertex 2.91305 -1.06026 5
      vertex 2.94636 -0.954594 3.45459
      vertex 2.92128 -1.03416 3.36776
    endloop
  endfacet
  facet normal -0.95371 0.300729 0
    outer loop
      vertex 2.91305 -1.06026 5
      vertex 2.92128 -1.03416 3.36776
      vertex 2.91305 -1.06026 3.33375
    endloop
  endfacet
  facet normal -0.953719 0.300698 0
    outer loop
      vertex 2.99437 -0.802339 3.58436
      vertex 2.91305 -1.06026 5
      vertex 2.99437 -0.802339 5
    endloop
  endfacet
  facet normal -0.953719 0.300698 0
    outer loop
      vertex 2.91305 -1.06026 0
      vertex 2.99437 -0.802339 1.41564
      vertex 2.99437 -0.802339 0
    endloop
  endfacet
  facet normal -0.95371 0.300727 -5.69663e-06
    outer loop
      vertex 2.99437 -0.802339 1.41564
      vertex 2.91305 -1.06026 0
      vertex 2.97374 -0.867763 1.46584
    endloop
  endfacet
  facet normal -0.953711 0.300724 -5.31353e-06
    outer loop
      vertex 2.97374 -0.867763 1.46584
      vertex 2.91305 -1.06026 0
      vertex 2.94636 -0.954594 1.54541
    endloop
  endfacet
  facet normal -0.953741 0.300631 1.73357e-06
    outer loop
      vertex 2.94636 -0.954594 1.54541
      vertex 2.91305 -1.06026 0
      vertex 2.92128 -1.03416 1.63224
    endloop
  endfacet
  facet normal -0.95371 0.300729 0
    outer loop
      vertex 2.92128 -1.03416 1.63224
      vertex 2.91305 -1.06026 0
      vertex 2.91305 -1.06026 1.66625
    endloop
  endfacet
  facet normal -0.923843 0.382773 1.31276e-05
    outer loop
      vertex 2.80955 -1.31012 5
      vertex 2.91305 -1.06026 3.33375
      vertex 2.89416 -1.10585 3.27433
    endloop
  endfacet
  facet normal -0.923886 0.382668 -1.45621e-06
    outer loop
      vertex 2.80955 -1.31012 5
      vertex 2.89416 -1.10585 3.27433
      vertex 2.86795 -1.16913 3.175
    endloop
  endfacet
  facet normal -0.923927 0.382569 -1.03845e-05
    outer loop
      vertex 2.80955 -1.31012 5
      vertex 2.86795 -1.16913 3.175
      vertex 2.84543 -1.22352 3.07053
    endloop
  endfacet
  facet normal -0.92384 0.382779 6.63419e-07
    outer loop
      vertex 2.80955 -1.31012 5
      vertex 2.84543 -1.22352 3.07053
      vertex 2.82676 -1.26858 2.96173
    endloop
  endfacet
  facet normal -0.92389 0.382657 -2.24057e-06
    outer loop
      vertex 2.80955 -1.31012 5
      vertex 2.82676 -1.26858 2.96173
      vertex 2.81209 -1.304 2.84941
    endloop
  endfacet
  facet normal -0.923612 0.383329 0
    outer loop
      vertex 2.80955 -1.31012 5
      vertex 2.81209 -1.304 2.84941
      vertex 2.80955 -1.31012 2.82181
    endloop
  endfacet
  facet normal -0.923874 0.382698 0
    outer loop
      vertex 2.91305 -1.06026 3.33375
      vertex 2.80955 -1.31012 5
      vertex 2.91305 -1.06026 5
    endloop
  endfacet
  facet normal -0.923874 0.382698 0
    outer loop
      vertex 2.80955 -1.31012 0
      vertex 2.91305 -1.06026 1.66625
      vertex 2.91305 -1.06026 0
    endloop
  endfacet
  facet normal -0.923843 0.382773 -1.31276e-05
    outer loop
      vertex 2.91305 -1.06026 1.66625
      vertex 2.80955 -1.31012 0
      vertex 2.89416 -1.10585 1.72567
    endloop
  endfacet
  facet normal -0.923886 0.382668 1.45621e-06
    outer loop
      vertex 2.89416 -1.10585 1.72567
      vertex 2.80955 -1.31012 0
      vertex 2.86795 -1.16913 1.825
    endloop
  endfacet
  facet normal -0.923927 0.382569 1.03845e-05
    outer loop
      vertex 2.86795 -1.16913 1.825
      vertex 2.80955 -1.31012 0
      vertex 2.84543 -1.22352 1.92947
    endloop
  endfacet
  facet normal -0.92384 0.382779 -6.63419e-07
    outer loop
      vertex 2.84543 -1.22352 1.92947
      vertex 2.80955 -1.31012 0
      vertex 2.82676 -1.26858 2.03827
    endloop
  endfacet
  facet normal -0.92389 0.382657 2.24057e-06
    outer loop
      vertex 2.82676 -1.26858 2.03827
      vertex 2.80955 -1.31012 0
      vertex 2.81209 -1.304 2.15059
    endloop
  endfacet
  facet normal -0.923612 0.383329 0
    outer loop
      vertex 2.81209 -1.304 2.15059
      vertex 2.80955 -1.31012 0
      vertex 2.80955 -1.31012 2.17819
    endloop
  endfacet
  facet normal 0.130528 0.991445 -0
    outer loop
      vertex -0.270183 -3.0882 0
      vertex -0.538309 -3.0529 5
      vertex -0.270183 -3.0882 5
    endloop
  endfacet
  facet normal 0.130528 0.991445 0
    outer loop
      vertex -0.538309 -3.0529 5
      vertex -0.270183 -3.0882 0
      vertex -0.538309 -3.0529 0
    endloop
  endfacet
  facet normal 0.382698 0.923874 -0
    outer loop
      vertex -1.06026 -2.91305 0
      vertex -1.31012 -2.80955 5
      vertex -1.06026 -2.91305 5
    endloop
  endfacet
  facet normal 0.382698 0.923874 0
    outer loop
      vertex -1.31012 -2.80955 5
      vertex -1.06026 -2.91305 0
      vertex -1.31012 -2.80955 0
    endloop
  endfacet
  facet normal 0.300698 0.953719 -0
    outer loop
      vertex -0.802339 -2.99437 0
      vertex -1.06026 -2.91305 5
      vertex -0.802339 -2.99437 5
    endloop
  endfacet
  facet normal 0.300698 0.953719 0
    outer loop
      vertex -1.06026 -2.91305 5
      vertex -0.802339 -2.99437 0
      vertex -1.06026 -2.91305 0
    endloop
  endfacet
  facet normal 0.84339 -0.537301 0
    outer loop
      vertex -2.68468 1.55 5
      vertex -2.53937 1.77809 0
      vertex -2.53937 1.77809 5
    endloop
  endfacet
  facet normal 0.84339 -0.537301 0
    outer loop
      vertex -2.53937 1.77809 0
      vertex -2.68468 1.55 5
      vertex -2.68468 1.55 0
    endloop
  endfacet
  facet normal 0.976299 0.216425 0
    outer loop
      vertex -2.99437 -0.802339 5
      vertex -3.0529 -0.538309 3.73686
      vertex -3.0529 -0.538309 5
    endloop
  endfacet
  facet normal 0.97632 0.216329 -2.1083e-05
    outer loop
      vertex -3.0529 -0.538309 3.73686
      vertex -2.99437 -0.802339 5
      vertex -3.04576 -0.570534 3.72352
    endloop
  endfacet
  facet normal 0.976295 0.216445 9.86292e-07
    outer loop
      vertex -3.04576 -0.570534 3.72352
      vertex -2.99437 -0.802339 5
      vertex -3.0226 -0.674999 3.66913
    endloop
  endfacet
  facet normal 0.976297 0.216435 -1.83773e-08
    outer loop
      vertex -3.0226 -0.674999 3.66913
      vertex -2.99437 -0.802339 5
      vertex -3.00058 -0.774327 3.60585
    endloop
  endfacet
  facet normal 0.976297 0.216436 0
    outer loop
      vertex -3.00058 -0.774327 3.60585
      vertex -2.99437 -0.802339 5
      vertex -2.99437 -0.802339 3.58436
    endloop
  endfacet
  facet normal 0.97632 0.216329 2.1083e-05
    outer loop
      vertex -2.99437 -0.802339 0
      vertex -3.0529 -0.538309 1.26314
      vertex -3.04576 -0.570534 1.27648
    endloop
  endfacet
  facet normal 0.976295 0.216445 -9.86292e-07
    outer loop
      vertex -2.99437 -0.802339 0
      vertex -3.04576 -0.570534 1.27648
      vertex -3.0226 -0.674999 1.33087
    endloop
  endfacet
  facet normal 0.976297 0.216435 1.83773e-08
    outer loop
      vertex -2.99437 -0.802339 0
      vertex -3.0226 -0.674999 1.33087
      vertex -3.00058 -0.774327 1.39415
    endloop
  endfacet
  facet normal 0.976297 0.216436 -0
    outer loop
      vertex -2.99437 -0.802339 0
      vertex -3.00058 -0.774327 1.39415
      vertex -2.99437 -0.802339 1.41564
    endloop
  endfacet
  facet normal 0.976299 0.216425 0
    outer loop
      vertex -3.0529 -0.538309 1.26314
      vertex -2.99437 -0.802339 0
      vertex -3.0529 -0.538309 0
    endloop
  endfacet
  facet normal 0.84339 0.537301 0
    outer loop
      vertex -2.53937 -1.77809 5
      vertex -2.68468 -1.55 0
      vertex -2.68468 -1.55 5
    endloop
  endfacet
  facet normal 0.84339 0.537301 0
    outer loop
      vertex -2.68468 -1.55 0
      vertex -2.53937 -1.77809 5
      vertex -2.53937 -1.77809 0
    endloop
  endfacet
  facet normal -0.461738 0.887016 0
    outer loop
      vertex 1.55 -2.68468 0
      vertex 1.31012 -2.80955 5
      vertex 1.55 -2.68468 5
    endloop
  endfacet
  facet normal -0.461738 0.887016 0
    outer loop
      vertex 1.31012 -2.80955 5
      vertex 1.55 -2.68468 0
      vertex 1.31012 -2.80955 0
    endloop
  endfacet
  facet normal 0.0436325 0.999048 -0
    outer loop
      vertex 0 -3.1 0
      vertex -0.270183 -3.0882 5
      vertex 0 -3.1 5
    endloop
  endfacet
  facet normal 0.0436325 0.999048 0
    outer loop
      vertex -0.270183 -3.0882 5
      vertex 0 -3.1 0
      vertex -0.270183 -3.0882 0
    endloop
  endfacet
  facet normal -0.0436325 0.999048 0
    outer loop
      vertex 0.270183 -3.0882 0
      vertex 0 -3.1 5
      vertex 0.270183 -3.0882 5
    endloop
  endfacet
  facet normal -0.0436325 0.999048 0
    outer loop
      vertex 0 -3.1 5
      vertex 0.270183 -3.0882 0
      vertex 0 -3.1 0
    endloop
  endfacet
  facet normal -0.793353 0.608761 0
    outer loop
      vertex 2.37474 -1.99264 0
      vertex 2.53937 -1.77809 5
      vertex 2.53937 -1.77809 0
    endloop
  endfacet
  facet normal -0.793353 0.608761 0
    outer loop
      vertex 2.53937 -1.77809 5
      vertex 2.37474 -1.99264 0
      vertex 2.37474 -1.99264 5
    endloop
  endfacet
  facet normal -0.84339 0.537301 0
    outer loop
      vertex 2.53937 -1.77809 0
      vertex 2.68468 -1.55 5
      vertex 2.68468 -1.55 0
    endloop
  endfacet
  facet normal -0.84339 0.537301 0
    outer loop
      vertex 2.68468 -1.55 5
      vertex 2.53937 -1.77809 0
      vertex 2.53937 -1.77809 5
    endloop
  endfacet
  facet normal -0.737272 0.675596 0
    outer loop
      vertex 2.19203 -2.19203 0
      vertex 2.37474 -1.99264 5
      vertex 2.37474 -1.99264 0
    endloop
  endfacet
  facet normal -0.737272 0.675596 0
    outer loop
      vertex 2.37474 -1.99264 5
      vertex 2.19203 -2.19203 0
      vertex 2.19203 -2.19203 5
    endloop
  endfacet
  facet normal -0.97632 0.216329 -2.1083e-05
    outer loop
      vertex 2.99437 -0.802339 5
      vertex 3.0529 -0.538309 3.73686
      vertex 3.04576 -0.570534 3.72352
    endloop
  endfacet
  facet normal -0.976295 0.216445 9.86292e-07
    outer loop
      vertex 2.99437 -0.802339 5
      vertex 3.04576 -0.570534 3.72352
      vertex 3.0226 -0.674999 3.66913
    endloop
  endfacet
  facet normal -0.976297 0.216435 -1.83773e-08
    outer loop
      vertex 2.99437 -0.802339 5
      vertex 3.0226 -0.674999 3.66913
      vertex 3.00058 -0.774327 3.60585
    endloop
  endfacet
  facet normal -0.976297 0.216436 0
    outer loop
      vertex 2.99437 -0.802339 5
      vertex 3.00058 -0.774327 3.60585
      vertex 2.99437 -0.802339 3.58436
    endloop
  endfacet
  facet normal -0.976299 0.216425 0
    outer loop
      vertex 3.0529 -0.538309 3.73686
      vertex 2.99437 -0.802339 5
      vertex 3.0529 -0.538309 5
    endloop
  endfacet
  facet normal -0.976299 0.216425 0
    outer loop
      vertex 2.99437 -0.802339 0
      vertex 3.0529 -0.538309 1.26314
      vertex 3.0529 -0.538309 0
    endloop
  endfacet
  facet normal -0.97632 0.216329 2.1083e-05
    outer loop
      vertex 3.0529 -0.538309 1.26314
      vertex 2.99437 -0.802339 0
      vertex 3.04576 -0.570534 1.27648
    endloop
  endfacet
  facet normal -0.976295 0.216445 -9.86292e-07
    outer loop
      vertex 3.04576 -0.570534 1.27648
      vertex 2.99437 -0.802339 0
      vertex 3.0226 -0.674999 1.33087
    endloop
  endfacet
  facet normal -0.976297 0.216435 1.83773e-08
    outer loop
      vertex 3.0226 -0.674999 1.33087
      vertex 2.99437 -0.802339 0
      vertex 3.00058 -0.774327 1.39415
    endloop
  endfacet
  facet normal -0.976297 0.216436 0
    outer loop
      vertex 3.00058 -0.774327 1.39415
      vertex 2.99437 -0.802339 0
      vertex 2.99437 -0.802339 1.41564
    endloop
  endfacet
  facet normal 0.216425 0.976299 -0
    outer loop
      vertex -0.538309 -3.0529 0
      vertex -0.802339 -2.99437 5
      vertex -0.538309 -3.0529 5
    endloop
  endfacet
  facet normal 0.216425 0.976299 0
    outer loop
      vertex -0.802339 -2.99437 5
      vertex -0.538309 -3.0529 0
      vertex -0.802339 -2.99437 0
    endloop
  endfacet
  facet normal 0.991445 0.130528 0
    outer loop
      vertex -3.0529 -0.538309 5
      vertex -3.0882 -0.270183 3.82156
      vertex -3.0882 -0.270183 5
    endloop
  endfacet
  facet normal 0.991445 0.130529 1.77732e-07
    outer loop
      vertex -3.0882 -0.270183 3.82156
      vertex -3.0529 -0.538309 5
      vertex -3.07777 -0.349405 3.804
    endloop
  endfacet
  facet normal 0.991453 0.130465 -1.01728e-05
    outer loop
      vertex -3.07777 -0.349405 3.804
      vertex -3.0529 -0.538309 5
      vertex -3.06299 -0.461727 3.76858
    endloop
  endfacet
  facet normal 0.991432 0.130625 0
    outer loop
      vertex -3.06299 -0.461727 3.76858
      vertex -3.0529 -0.538309 5
      vertex -3.0529 -0.538309 3.73686
    endloop
  endfacet
  facet normal 0.991445 0.130529 -1.77732e-07
    outer loop
      vertex -3.0529 -0.538309 0
      vertex -3.0882 -0.270183 1.17844
      vertex -3.07777 -0.349405 1.196
    endloop
  endfacet
  facet normal 0.991453 0.130465 1.01728e-05
    outer loop
      vertex -3.0529 -0.538309 0
      vertex -3.07777 -0.349405 1.196
      vertex -3.06299 -0.461727 1.23142
    endloop
  endfacet
  facet normal 0.991432 0.130625 -0
    outer loop
      vertex -3.0529 -0.538309 0
      vertex -3.06299 -0.461727 1.23142
      vertex -3.0529 -0.538309 1.26314
    endloop
  endfacet
  facet normal 0.991445 0.130528 0
    outer loop
      vertex -3.0882 -0.270183 1.17844
      vertex -3.0529 -0.538309 0
      vertex -3.0882 -0.270183 0
    endloop
  endfacet
  facet normal 0.537301 0.84339 -0
    outer loop
      vertex -1.55 -2.68468 0
      vertex -1.77809 -2.53937 5
      vertex -1.55 -2.68468 5
    endloop
  endfacet
  facet normal 0.537301 0.84339 0
    outer loop
      vertex -1.77809 -2.53937 5
      vertex -1.55 -2.68468 0
      vertex -1.77809 -2.53937 0
    endloop
  endfacet
  facet normal 0.737272 0.675596 0
    outer loop
      vertex -2.19203 -2.19203 5
      vertex -2.37474 -1.99264 0
      vertex -2.37474 -1.99264 5
    endloop
  endfacet
  facet normal 0.737272 0.675596 0
    outer loop
      vertex -2.37474 -1.99264 0
      vertex -2.19203 -2.19203 5
      vertex -2.19203 -2.19203 0
    endloop
  endfacet
  facet normal 0.675596 0.737272 -0
    outer loop
      vertex -1.99264 -2.37474 0
      vertex -2.19203 -2.19203 5
      vertex -1.99264 -2.37474 5
    endloop
  endfacet
  facet normal 0.675596 0.737272 0
    outer loop
      vertex -2.19203 -2.19203 5
      vertex -1.99264 -2.37474 0
      vertex -2.19203 -2.19203 0
    endloop
  endfacet
  facet normal -0.382698 0.923874 0
    outer loop
      vertex 1.31012 -2.80955 0
      vertex 1.06026 -2.91305 5
      vertex 1.31012 -2.80955 5
    endloop
  endfacet
  facet normal -0.382698 0.923874 0
    outer loop
      vertex 1.06026 -2.91305 5
      vertex 1.31012 -2.80955 0
      vertex 1.06026 -2.91305 0
    endloop
  endfacet
  facet normal -0.300698 0.953719 0
    outer loop
      vertex 1.06026 -2.91305 0
      vertex 0.802339 -2.99437 5
      vertex 1.06026 -2.91305 5
    endloop
  endfacet
  facet normal -0.300698 0.953719 0
    outer loop
      vertex 0.802339 -2.99437 5
      vertex 1.06026 -2.91305 0
      vertex 0.802339 -2.99437 0
    endloop
  endfacet
  facet normal -0.991445 0.130529 1.77732e-07
    outer loop
      vertex 3.0529 -0.538309 5
      vertex 3.0882 -0.270183 3.82156
      vertex 3.07777 -0.349405 3.804
    endloop
  endfacet
  facet normal -0.991453 0.130465 -1.01728e-05
    outer loop
      vertex 3.0529 -0.538309 5
      vertex 3.07777 -0.349405 3.804
      vertex 3.06299 -0.461727 3.76858
    endloop
  endfacet
  facet normal -0.991432 0.130625 0
    outer loop
      vertex 3.0529 -0.538309 5
      vertex 3.06299 -0.461727 3.76858
      vertex 3.0529 -0.538309 3.73686
    endloop
  endfacet
  facet normal -0.991445 0.130528 0
    outer loop
      vertex 3.0882 -0.270183 3.82156
      vertex 3.0529 -0.538309 5
      vertex 3.0882 -0.270183 5
    endloop
  endfacet
  facet normal -0.991445 0.130528 0
    outer loop
      vertex 3.0529 -0.538309 0
      vertex 3.0882 -0.270183 1.17844
      vertex 3.0882 -0.270183 0
    endloop
  endfacet
  facet normal -0.991445 0.130529 -1.77732e-07
    outer loop
      vertex 3.0882 -0.270183 1.17844
      vertex 3.0529 -0.538309 0
      vertex 3.07777 -0.349405 1.196
    endloop
  endfacet
  facet normal -0.991453 0.130465 1.01728e-05
    outer loop
      vertex 3.07777 -0.349405 1.196
      vertex 3.0529 -0.538309 0
      vertex 3.06299 -0.461727 1.23142
    endloop
  endfacet
  facet normal -0.991432 0.130625 0
    outer loop
      vertex 3.06299 -0.461727 1.23142
      vertex 3.0529 -0.538309 0
      vertex 3.0529 -0.538309 1.26314
    endloop
  endfacet
  facet normal 0.608761 0.793353 -0
    outer loop
      vertex -1.77809 -2.53937 0
      vertex -1.99264 -2.37474 5
      vertex -1.77809 -2.53937 5
    endloop
  endfacet
  facet normal 0.608761 0.793353 0
    outer loop
      vertex -1.99264 -2.37474 5
      vertex -1.77809 -2.53937 0
      vertex -1.99264 -2.37474 0
    endloop
  endfacet
  facet normal -0.537301 0.84339 0
    outer loop
      vertex 1.77809 -2.53937 0
      vertex 1.55 -2.68468 5
      vertex 1.77809 -2.53937 5
    endloop
  endfacet
  facet normal -0.537301 0.84339 0
    outer loop
      vertex 1.55 -2.68468 5
      vertex 1.77809 -2.53937 0
      vertex 1.55 -2.68468 0
    endloop
  endfacet
  facet normal -0.608761 0.793353 0
    outer loop
      vertex 1.99264 -2.37474 0
      vertex 1.77809 -2.53937 5
      vertex 1.99264 -2.37474 5
    endloop
  endfacet
  facet normal -0.608761 0.793353 0
    outer loop
      vertex 1.77809 -2.53937 5
      vertex 1.99264 -2.37474 0
      vertex 1.77809 -2.53937 0
    endloop
  endfacet
  facet normal -0.216425 0.976299 0
    outer loop
      vertex 0.802339 -2.99437 0
      vertex 0.538309 -3.0529 5
      vertex 0.802339 -2.99437 5
    endloop
  endfacet
  facet normal -0.216425 0.976299 0
    outer loop
      vertex 0.538309 -3.0529 5
      vertex 0.802339 -2.99437 0
      vertex 0.538309 -3.0529 0
    endloop
  endfacet
  facet normal 0.999048 -0.0436325 0
    outer loop
      vertex 10.9 0 5
      vertex 10.9118 0.270183 1.8
      vertex 10.9118 0.270183 5
    endloop
  endfacet
  facet normal 0.999048 -0.0436325 0
    outer loop
      vertex 10.9118 0.270183 1.8
      vertex 10.9 0 5
      vertex 10.9 0 1.8
    endloop
  endfacet
  facet normal -0.999048 -0.0436325 0
    outer loop
      vertex 17.1 0 1.8
      vertex 17.0882 0.270183 5
      vertex 17.0882 0.270183 1.8
    endloop
  endfacet
  facet normal -0.999048 -0.0436325 0
    outer loop
      vertex 17.0882 0.270183 5
      vertex 17.1 0 1.8
      vertex 17.1 0 5
    endloop
  endfacet
  facet normal -0.0436298 -0.999048 0
    outer loop
      vertex 14 3.1 1.8
      vertex 14.2702 3.0882 5
      vertex 14 3.1 5
    endloop
  endfacet
  facet normal -0.0436298 -0.999048 -0
    outer loop
      vertex 14.2702 3.0882 5
      vertex 14 3.1 1.8
      vertex 14.2702 3.0882 1.8
    endloop
  endfacet
  facet normal 0.0436298 0.999048 -0
    outer loop
      vertex 14 -3.1 1.8
      vertex 13.7298 -3.0882 5
      vertex 14 -3.1 5
    endloop
  endfacet
  facet normal 0.0436298 0.999048 0
    outer loop
      vertex 13.7298 -3.0882 5
      vertex 14 -3.1 1.8
      vertex 13.7298 -3.0882 1.8
    endloop
  endfacet
  facet normal -0.737291 -0.675576 0
    outer loop
      vertex 16.3747 1.99264 1.8
      vertex 16.192 2.19203 5
      vertex 16.192 2.19203 1.8
    endloop
  endfacet
  facet normal -0.737291 -0.675576 0
    outer loop
      vertex 16.192 2.19203 5
      vertex 16.3747 1.99264 1.8
      vertex 16.3747 1.99264 5
    endloop
  endfacet
  facet normal -0.382776 -0.923841 0
    outer loop
      vertex 15.0603 2.91305 1.8
      vertex 15.3101 2.80955 5
      vertex 15.0603 2.91305 5
    endloop
  endfacet
  facet normal -0.382776 -0.923841 -0
    outer loop
      vertex 15.3101 2.80955 5
      vertex 15.0603 2.91305 1.8
      vertex 15.3101 2.80955 1.8
    endloop
  endfacet
  facet normal -0.886971 -0.461825 0
    outer loop
      vertex 16.8096 1.31012 1.8
      vertex 16.6847 1.55 5
      vertex 16.6847 1.55 1.8
    endloop
  endfacet
  facet normal -0.886971 -0.461825 0
    outer loop
      vertex 16.6847 1.55 5
      vertex 16.8096 1.31012 1.8
      vertex 16.8096 1.31012 5
    endloop
  endfacet
  facet normal -0.843407 -0.537275 0
    outer loop
      vertex 16.6847 1.55 1.8
      vertex 16.5394 1.77809 5
      vertex 16.5394 1.77809 1.8
    endloop
  endfacet
  facet normal -0.843407 -0.537275 0
    outer loop
      vertex 16.5394 1.77809 5
      vertex 16.6847 1.55 1.8
      vertex 16.6847 1.55 5
    endloop
  endfacet
  facet normal -0.216449 -0.976294 0
    outer loop
      vertex 14.5383 3.0529 1.8
      vertex 14.8023 2.99437 5
      vertex 14.5383 3.0529 5
    endloop
  endfacet
  facet normal -0.216449 -0.976294 -0
    outer loop
      vertex 14.8023 2.99437 5
      vertex 14.5383 3.0529 1.8
      vertex 14.8023 2.99437 1.8
    endloop
  endfacet
  facet normal 0.300615 0.953746 -0
    outer loop
      vertex 13.1977 -2.99437 1.8
      vertex 12.9397 -2.91305 5
      vertex 13.1977 -2.99437 5
    endloop
  endfacet
  facet normal 0.300615 0.953746 0
    outer loop
      vertex 12.9397 -2.91305 5
      vertex 13.1977 -2.99437 1.8
      vertex 12.9397 -2.91305 1.8
    endloop
  endfacet
  facet normal 0.991445 -0.130528 0
    outer loop
      vertex 10.9118 0.270183 5
      vertex 10.9471 0.538309 1.8
      vertex 10.9471 0.538309 5
    endloop
  endfacet
  facet normal 0.991445 -0.130528 0
    outer loop
      vertex 10.9471 0.538309 1.8
      vertex 10.9118 0.270183 5
      vertex 10.9118 0.270183 1.8
    endloop
  endfacet
  facet normal 0.953634 -0.300968 0
    outer loop
      vertex 11.0056 0.802339 5
      vertex 11.087 1.06026 1.8
      vertex 11.087 1.06026 5
    endloop
  endfacet
  facet normal 0.953634 -0.300968 0
    outer loop
      vertex 11.087 1.06026 1.8
      vertex 11.0056 0.802339 5
      vertex 11.0056 0.802339 1.8
    endloop
  endfacet
  facet normal 0.737291 -0.675576 0
    outer loop
      vertex 11.6253 1.99264 5
      vertex 11.808 2.19203 1.8
      vertex 11.808 2.19203 5
    endloop
  endfacet
  facet normal 0.737291 -0.675576 0
    outer loop
      vertex 11.808 2.19203 1.8
      vertex 11.6253 1.99264 5
      vertex 11.6253 1.99264 1.8
    endloop
  endfacet
  facet normal 0.793228 -0.608924 0
    outer loop
      vertex 11.4606 1.77809 5
      vertex 11.6253 1.99264 1.8
      vertex 11.6253 1.99264 5
    endloop
  endfacet
  facet normal 0.793228 -0.608924 0
    outer loop
      vertex 11.6253 1.99264 1.8
      vertex 11.4606 1.77809 5
      vertex 11.4606 1.77809 1.8
    endloop
  endfacet
  facet normal 0.130541 -0.991443 0
    outer loop
      vertex 13.4617 3.0529 1.8
      vertex 13.7298 3.0882 5
      vertex 13.4617 3.0529 5
    endloop
  endfacet
  facet normal 0.130541 -0.991443 0
    outer loop
      vertex 13.7298 3.0882 5
      vertex 13.4617 3.0529 1.8
      vertex 13.7298 3.0882 1.8
    endloop
  endfacet
  facet normal 0.300615 -0.953746 0
    outer loop
      vertex 12.9397 2.91305 1.8
      vertex 13.1977 2.99437 5
      vertex 12.9397 2.91305 5
    endloop
  endfacet
  facet normal 0.300615 -0.953746 0
    outer loop
      vertex 13.1977 2.99437 5
      vertex 12.9397 2.91305 1.8
      vertex 13.1977 2.99437 1.8
    endloop
  endfacet
  facet normal 0.0436298 -0.999048 0
    outer loop
      vertex 13.7298 3.0882 1.8
      vertex 14 3.1 5
      vertex 13.7298 3.0882 5
    endloop
  endfacet
  facet normal 0.0436298 -0.999048 0
    outer loop
      vertex 14 3.1 5
      vertex 13.7298 3.0882 1.8
      vertex 14 3.1 1.8
    endloop
  endfacet
  facet normal 0.461708 -0.887032 0
    outer loop
      vertex 12.45 2.68468 1.8
      vertex 12.6899 2.80955 5
      vertex 12.45 2.68468 5
    endloop
  endfacet
  facet normal 0.461708 -0.887032 0
    outer loop
      vertex 12.6899 2.80955 5
      vertex 12.45 2.68468 1.8
      vertex 12.6899 2.80955 1.8
    endloop
  endfacet
  facet normal 0.382776 -0.923841 0
    outer loop
      vertex 12.6899 2.80955 1.8
      vertex 12.9397 2.91305 5
      vertex 12.6899 2.80955 5
    endloop
  endfacet
  facet normal 0.382776 -0.923841 0
    outer loop
      vertex 12.9397 2.91305 5
      vertex 12.6899 2.80955 1.8
      vertex 12.9397 2.91305 1.8
    endloop
  endfacet
  facet normal 0.608851 -0.793285 0
    outer loop
      vertex 12.0074 2.37474 1.8
      vertex 12.2219 2.53937 5
      vertex 12.0074 2.37474 5
    endloop
  endfacet
  facet normal 0.608851 -0.793285 0
    outer loop
      vertex 12.2219 2.53937 5
      vertex 12.0074 2.37474 1.8
      vertex 12.2219 2.53937 1.8
    endloop
  endfacet
  facet normal -0.976323 -0.21632 0
    outer loop
      vertex 17.0529 0.538309 1.8
      vertex 16.9944 0.802339 5
      vertex 16.9944 0.802339 1.8
    endloop
  endfacet
  facet normal -0.976323 -0.21632 0
    outer loop
      vertex 16.9944 0.802339 5
      vertex 17.0529 0.538309 1.8
      vertex 17.0529 0.538309 5
    endloop
  endfacet
  facet normal -0.793228 -0.608924 0
    outer loop
      vertex 16.5394 1.77809 1.8
      vertex 16.3747 1.99264 5
      vertex 16.3747 1.99264 1.8
    endloop
  endfacet
  facet normal -0.793228 -0.608924 0
    outer loop
      vertex 16.3747 1.99264 5
      vertex 16.5394 1.77809 1.8
      vertex 16.5394 1.77809 5
    endloop
  endfacet
  facet normal -0.924004 -0.382382 0
    outer loop
      vertex 16.913 1.06026 1.8
      vertex 16.8096 1.31012 5
      vertex 16.8096 1.31012 1.8
    endloop
  endfacet
  facet normal -0.924004 -0.382382 0
    outer loop
      vertex 16.8096 1.31012 5
      vertex 16.913 1.06026 1.8
      vertex 16.913 1.06026 5
    endloop
  endfacet
  facet normal -0.991445 -0.130528 0
    outer loop
      vertex 17.0882 0.270183 1.8
      vertex 17.0529 0.538309 5
      vertex 17.0529 0.538309 1.8
    endloop
  endfacet
  facet normal -0.991445 -0.130528 0
    outer loop
      vertex 17.0529 0.538309 5
      vertex 17.0882 0.270183 1.8
      vertex 17.0882 0.270183 5
    endloop
  endfacet
  facet normal -0.608851 -0.793285 0
    outer loop
      vertex 15.7781 2.53937 1.8
      vertex 15.9926 2.37474 5
      vertex 15.7781 2.53937 5
    endloop
  endfacet
  facet normal -0.608851 -0.793285 -0
    outer loop
      vertex 15.9926 2.37474 5
      vertex 15.7781 2.53937 1.8
      vertex 15.9926 2.37474 1.8
    endloop
  endfacet
  facet normal -0.675577 -0.737289 0
    outer loop
      vertex 15.9926 2.37474 1.8
      vertex 16.192 2.19203 5
      vertex 15.9926 2.37474 5
    endloop
  endfacet
  facet normal -0.675577 -0.737289 -0
    outer loop
      vertex 16.192 2.19203 5
      vertex 15.9926 2.37474 1.8
      vertex 16.192 2.19203 1.8
    endloop
  endfacet
  facet normal -0.300615 -0.953746 0
    outer loop
      vertex 14.8023 2.99437 1.8
      vertex 15.0603 2.91305 5
      vertex 14.8023 2.99437 5
    endloop
  endfacet
  facet normal -0.300615 -0.953746 -0
    outer loop
      vertex 15.0603 2.91305 5
      vertex 14.8023 2.99437 1.8
      vertex 15.0603 2.91305 1.8
    endloop
  endfacet
  facet normal -0.130541 -0.991443 0
    outer loop
      vertex 14.2702 3.0882 1.8
      vertex 14.5383 3.0529 5
      vertex 14.2702 3.0882 5
    endloop
  endfacet
  facet normal -0.130541 -0.991443 -0
    outer loop
      vertex 14.5383 3.0529 5
      vertex 14.2702 3.0882 1.8
      vertex 14.5383 3.0529 1.8
    endloop
  endfacet
  facet normal 0.737291 0.675576 0
    outer loop
      vertex 11.808 -2.19203 5
      vertex 11.6253 -1.99264 1.8
      vertex 11.6253 -1.99264 5
    endloop
  endfacet
  facet normal 0.737291 0.675576 0
    outer loop
      vertex 11.6253 -1.99264 1.8
      vertex 11.808 -2.19203 5
      vertex 11.808 -2.19203 1.8
    endloop
  endfacet
  facet normal 0.886971 0.461825 0
    outer loop
      vertex 11.3153 -1.55 5
      vertex 11.1904 -1.31012 1.8
      vertex 11.1904 -1.31012 5
    endloop
  endfacet
  facet normal 0.886971 0.461825 0
    outer loop
      vertex 11.1904 -1.31012 1.8
      vertex 11.3153 -1.55 5
      vertex 11.3153 -1.55 1.8
    endloop
  endfacet
  facet normal 0.382776 0.923841 -0
    outer loop
      vertex 12.9397 -2.91305 1.8
      vertex 12.6899 -2.80955 5
      vertex 12.9397 -2.91305 5
    endloop
  endfacet
  facet normal 0.382776 0.923841 0
    outer loop
      vertex 12.6899 -2.80955 5
      vertex 12.9397 -2.91305 1.8
      vertex 12.6899 -2.80955 1.8
    endloop
  endfacet
  facet normal 0.976323 -0.21632 0
    outer loop
      vertex 10.9471 0.538309 5
      vertex 11.0056 0.802339 1.8
      vertex 11.0056 0.802339 5
    endloop
  endfacet
  facet normal 0.976323 -0.21632 0
    outer loop
      vertex 11.0056 0.802339 1.8
      vertex 10.9471 0.538309 5
      vertex 10.9471 0.538309 1.8
    endloop
  endfacet
  facet normal 0.924004 -0.382382 0
    outer loop
      vertex 11.087 1.06026 5
      vertex 11.1904 1.31012 1.8
      vertex 11.1904 1.31012 5
    endloop
  endfacet
  facet normal 0.924004 -0.382382 0
    outer loop
      vertex 11.1904 1.31012 1.8
      vertex 11.087 1.06026 5
      vertex 11.087 1.06026 1.8
    endloop
  endfacet
  facet normal 0.675577 -0.737289 0
    outer loop
      vertex 11.808 2.19203 1.8
      vertex 12.0074 2.37474 5
      vertex 11.808 2.19203 5
    endloop
  endfacet
  facet normal 0.675577 -0.737289 0
    outer loop
      vertex 12.0074 2.37474 5
      vertex 11.808 2.19203 1.8
      vertex 12.0074 2.37474 1.8
    endloop
  endfacet
  facet normal 0.886971 -0.461825 0
    outer loop
      vertex 11.1904 1.31012 5
      vertex 11.3153 1.55 1.8
      vertex 11.3153 1.55 5
    endloop
  endfacet
  facet normal 0.886971 -0.461825 0
    outer loop
      vertex 11.3153 1.55 1.8
      vertex 11.1904 1.31012 5
      vertex 11.1904 1.31012 1.8
    endloop
  endfacet
  facet normal 0.216449 -0.976294 0
    outer loop
      vertex 13.1977 2.99437 1.8
      vertex 13.4617 3.0529 5
      vertex 13.1977 2.99437 5
    endloop
  endfacet
  facet normal 0.216449 -0.976294 0
    outer loop
      vertex 13.4617 3.0529 5
      vertex 13.1977 2.99437 1.8
      vertex 13.4617 3.0529 1.8
    endloop
  endfacet
  facet normal 0.537285 -0.843401 0
    outer loop
      vertex 12.2219 2.53937 1.8
      vertex 12.45 2.68468 5
      vertex 12.2219 2.53937 5
    endloop
  endfacet
  facet normal 0.537285 -0.843401 0
    outer loop
      vertex 12.45 2.68468 5
      vertex 12.2219 2.53937 1.8
      vertex 12.45 2.68468 1.8
    endloop
  endfacet
  facet normal -0.953634 -0.300968 0
    outer loop
      vertex 16.9944 0.802339 1.8
      vertex 16.913 1.06026 5
      vertex 16.913 1.06026 1.8
    endloop
  endfacet
  facet normal -0.953634 -0.300968 0
    outer loop
      vertex 16.913 1.06026 5
      vertex 16.9944 0.802339 1.8
      vertex 16.9944 0.802339 5
    endloop
  endfacet
  facet normal -0.461708 -0.887032 0
    outer loop
      vertex 15.3101 2.80955 1.8
      vertex 15.55 2.68468 5
      vertex 15.3101 2.80955 5
    endloop
  endfacet
  facet normal -0.461708 -0.887032 -0
    outer loop
      vertex 15.55 2.68468 5
      vertex 15.3101 2.80955 1.8
      vertex 15.55 2.68468 1.8
    endloop
  endfacet
  facet normal -0.537285 -0.843401 0
    outer loop
      vertex 15.55 2.68468 1.8
      vertex 15.7781 2.53937 5
      vertex 15.55 2.68468 5
    endloop
  endfacet
  facet normal -0.537285 -0.843401 -0
    outer loop
      vertex 15.7781 2.53937 5
      vertex 15.55 2.68468 1.8
      vertex 15.7781 2.53937 1.8
    endloop
  endfacet
  facet normal 0.976323 0.21632 0
    outer loop
      vertex 11.0056 -0.802339 5
      vertex 10.9471 -0.538309 1.8
      vertex 10.9471 -0.538309 5
    endloop
  endfacet
  facet normal 0.976323 0.21632 0
    outer loop
      vertex 10.9471 -0.538309 1.8
      vertex 11.0056 -0.802339 5
      vertex 11.0056 -0.802339 1.8
    endloop
  endfacet
  facet normal 0.999048 0.0436325 0
    outer loop
      vertex 10.9118 -0.270183 5
      vertex 10.9 0 1.8
      vertex 10.9 0 5
    endloop
  endfacet
  facet normal 0.999048 0.0436325 0
    outer loop
      vertex 10.9 0 1.8
      vertex 10.9118 -0.270183 5
      vertex 10.9118 -0.270183 1.8
    endloop
  endfacet
  facet normal 0.793228 0.608924 0
    outer loop
      vertex 11.6253 -1.99264 5
      vertex 11.4606 -1.77809 1.8
      vertex 11.4606 -1.77809 5
    endloop
  endfacet
  facet normal 0.793228 0.608924 0
    outer loop
      vertex 11.4606 -1.77809 1.8
      vertex 11.6253 -1.99264 5
      vertex 11.6253 -1.99264 1.8
    endloop
  endfacet
  facet normal -0.382776 0.923841 0
    outer loop
      vertex 15.3101 -2.80955 1.8
      vertex 15.0603 -2.91305 5
      vertex 15.3101 -2.80955 5
    endloop
  endfacet
  facet normal -0.382776 0.923841 0
    outer loop
      vertex 15.0603 -2.91305 5
      vertex 15.3101 -2.80955 1.8
      vertex 15.0603 -2.91305 1.8
    endloop
  endfacet
  facet normal -0.924004 0.382382 0
    outer loop
      vertex 16.8096 -1.31012 1.8
      vertex 16.913 -1.06026 5
      vertex 16.913 -1.06026 1.8
    endloop
  endfacet
  facet normal -0.924004 0.382382 0
    outer loop
      vertex 16.913 -1.06026 5
      vertex 16.8096 -1.31012 1.8
      vertex 16.8096 -1.31012 5
    endloop
  endfacet
  facet normal 0.130541 0.991443 -0
    outer loop
      vertex 13.7298 -3.0882 1.8
      vertex 13.4617 -3.0529 5
      vertex 13.7298 -3.0882 5
    endloop
  endfacet
  facet normal 0.130541 0.991443 0
    outer loop
      vertex 13.4617 -3.0529 5
      vertex 13.7298 -3.0882 1.8
      vertex 13.4617 -3.0529 1.8
    endloop
  endfacet
  facet normal 0.843407 -0.537275 0
    outer loop
      vertex 11.3153 1.55 5
      vertex 11.4606 1.77809 1.8
      vertex 11.4606 1.77809 5
    endloop
  endfacet
  facet normal 0.843407 -0.537275 0
    outer loop
      vertex 11.4606 1.77809 1.8
      vertex 11.3153 1.55 5
      vertex 11.3153 1.55 1.8
    endloop
  endfacet
  facet normal 0.924004 0.382382 0
    outer loop
      vertex 11.1904 -1.31012 5
      vertex 11.087 -1.06026 1.8
      vertex 11.087 -1.06026 5
    endloop
  endfacet
  facet normal 0.924004 0.382382 0
    outer loop
      vertex 11.087 -1.06026 1.8
      vertex 11.1904 -1.31012 5
      vertex 11.1904 -1.31012 1.8
    endloop
  endfacet
  facet normal 0.953634 0.300968 0
    outer loop
      vertex 11.087 -1.06026 5
      vertex 11.0056 -0.802339 1.8
      vertex 11.0056 -0.802339 5
    endloop
  endfacet
  facet normal 0.953634 0.300968 0
    outer loop
      vertex 11.0056 -0.802339 1.8
      vertex 11.087 -1.06026 5
      vertex 11.087 -1.06026 1.8
    endloop
  endfacet
  facet normal 0.461708 0.887032 -0
    outer loop
      vertex 12.6899 -2.80955 1.8
      vertex 12.45 -2.68468 5
      vertex 12.6899 -2.80955 5
    endloop
  endfacet
  facet normal 0.461708 0.887032 0
    outer loop
      vertex 12.45 -2.68468 5
      vertex 12.6899 -2.80955 1.8
      vertex 12.45 -2.68468 1.8
    endloop
  endfacet
  facet normal 0.843407 0.537275 0
    outer loop
      vertex 11.4606 -1.77809 5
      vertex 11.3153 -1.55 1.8
      vertex 11.3153 -1.55 5
    endloop
  endfacet
  facet normal 0.843407 0.537275 0
    outer loop
      vertex 11.3153 -1.55 1.8
      vertex 11.4606 -1.77809 5
      vertex 11.4606 -1.77809 1.8
    endloop
  endfacet
  facet normal -0.0436298 0.999048 0
    outer loop
      vertex 14.2702 -3.0882 1.8
      vertex 14 -3.1 5
      vertex 14.2702 -3.0882 5
    endloop
  endfacet
  facet normal -0.0436298 0.999048 0
    outer loop
      vertex 14 -3.1 5
      vertex 14.2702 -3.0882 1.8
      vertex 14 -3.1 1.8
    endloop
  endfacet
  facet normal -0.608851 0.793285 0
    outer loop
      vertex 15.9926 -2.37474 1.8
      vertex 15.7781 -2.53937 5
      vertex 15.9926 -2.37474 5
    endloop
  endfacet
  facet normal -0.608851 0.793285 0
    outer loop
      vertex 15.7781 -2.53937 5
      vertex 15.9926 -2.37474 1.8
      vertex 15.7781 -2.53937 1.8
    endloop
  endfacet
  facet normal 0 0 1
    outer loop
      vertex 17.0882 0.270183 1.8
      vertex 17.0882 -0.270183 1.8
      vertex 17.1 0 1.8
    endloop
  endfacet
  facet normal 0 0 1
    outer loop
      vertex 17.0529 0.538309 1.8
      vertex 17.0882 -0.270183 1.8
      vertex 17.0882 0.270183 1.8
    endloop
  endfacet
  facet normal 0 0 1
    outer loop
      vertex 17.0529 0.538309 1.8
      vertex 17.0529 -0.538309 1.8
      vertex 17.0882 -0.270183 1.8
    endloop
  endfacet
  facet normal 0 0 1
    outer loop
      vertex 16.9944 0.802339 1.8
      vertex 17.0529 -0.538309 1.8
      vertex 17.0529 0.538309 1.8
    endloop
  endfacet
  facet normal 0 0 1
    outer loop
      vertex 16.9944 0.802339 1.8
      vertex 16.9944 -0.802339 1.8
      vertex 17.0529 -0.538309 1.8
    endloop
  endfacet
  facet normal 0 0 1
    outer loop
      vertex 16.913 1.06026 1.8
      vertex 16.9944 -0.802339 1.8
      vertex 16.9944 0.802339 1.8
    endloop
  endfacet
  facet normal 0 0 1
    outer loop
      vertex 16.913 1.06026 1.8
      vertex 16.913 -1.06026 1.8
      vertex 16.9944 -0.802339 1.8
    endloop
  endfacet
  facet normal 0 0 1
    outer loop
      vertex 16.8096 1.31012 1.8
      vertex 16.913 -1.06026 1.8
      vertex 16.913 1.06026 1.8
    endloop
  endfacet
  facet normal 0 0 1
    outer loop
      vertex 16.8096 1.31012 1.8
      vertex 16.8096 -1.31012 1.8
      vertex 16.913 -1.06026 1.8
    endloop
  endfacet
  facet normal 0 0 1
    outer loop
      vertex 16.6847 1.55 1.8
      vertex 16.8096 -1.31012 1.8
      vertex 16.8096 1.31012 1.8
    endloop
  endfacet
  facet normal 0 0 1
    outer loop
      vertex 16.6847 1.55 1.8
      vertex 16.6847 -1.55 1.8
      vertex 16.8096 -1.31012 1.8
    endloop
  endfacet
  facet normal 0 0 1
    outer loop
      vertex 16.5394 1.77809 1.8
      vertex 16.6847 -1.55 1.8
      vertex 16.6847 1.55 1.8
    endloop
  endfacet
  facet normal 0 0 1
    outer loop
      vertex 16.5394 1.77809 1.8
      vertex 16.5394 -1.77809 1.8
      vertex 16.6847 -1.55 1.8
    endloop
  endfacet
  facet normal 0 0 1
    outer loop
      vertex 16.3747 1.99264 1.8
      vertex 16.5394 -1.77809 1.8
      vertex 16.5394 1.77809 1.8
    endloop
  endfacet
  facet normal 0 0 1
    outer loop
      vertex 16.3747 1.99264 1.8
      vertex 16.3747 -1.99264 1.8
      vertex 16.5394 -1.77809 1.8
    endloop
  endfacet
  facet normal 0 0 1
    outer loop
      vertex 16.192 2.19203 1.8
      vertex 16.3747 -1.99264 1.8
      vertex 16.3747 1.99264 1.8
    endloop
  endfacet
  facet normal 0 0 1
    outer loop
      vertex 16.192 2.19203 1.8
      vertex 16.192 -2.19203 1.8
      vertex 16.3747 -1.99264 1.8
    endloop
  endfacet
  facet normal 0 0 1
    outer loop
      vertex 15.9926 2.37474 1.8
      vertex 16.192 -2.19203 1.8
      vertex 16.192 2.19203 1.8
    endloop
  endfacet
  facet normal 0 0 1
    outer loop
      vertex 15.9926 2.37474 1.8
      vertex 15.9926 -2.37474 1.8
      vertex 16.192 -2.19203 1.8
    endloop
  endfacet
  facet normal 0 0 1
    outer loop
      vertex 15.7781 2.53937 1.8
      vertex 15.9926 -2.37474 1.8
      vertex 15.9926 2.37474 1.8
    endloop
  endfacet
  facet normal 0 0 1
    outer loop
      vertex 15.7781 2.53937 1.8
      vertex 15.7781 -2.53937 1.8
      vertex 15.9926 -2.37474 1.8
    endloop
  endfacet
  facet normal 0 0 1
    outer loop
      vertex 15.55 2.68468 1.8
      vertex 15.7781 -2.53937 1.8
      vertex 15.7781 2.53937 1.8
    endloop
  endfacet
  facet normal 0 0 1
    outer loop
      vertex 15.55 2.68468 1.8
      vertex 15.55 -2.68468 1.8
      vertex 15.7781 -2.53937 1.8
    endloop
  endfacet
  facet normal 0 0 1
    outer loop
      vertex 15.3101 2.80955 1.8
      vertex 15.55 -2.68468 1.8
      vertex 15.55 2.68468 1.8
    endloop
  endfacet
  facet normal 0 0 1
    outer loop
      vertex 15.3101 2.80955 1.8
      vertex 15.3101 -2.80955 1.8
      vertex 15.55 -2.68468 1.8
    endloop
  endfacet
  facet normal 0 0 1
    outer loop
      vertex 15.0603 2.91305 1.8
      vertex 15.3101 -2.80955 1.8
      vertex 15.3101 2.80955 1.8
    endloop
  endfacet
  facet normal 0 0 1
    outer loop
      vertex 15.0603 2.91305 1.8
      vertex 15.0603 -2.91305 1.8
      vertex 15.3101 -2.80955 1.8
    endloop
  endfacet
  facet normal 0 0 1
    outer loop
      vertex 14.8023 2.99437 1.8
      vertex 15.0603 -2.91305 1.8
      vertex 15.0603 2.91305 1.8
    endloop
  endfacet
  facet normal 0 0 1
    outer loop
      vertex 14.8023 2.99437 1.8
      vertex 14.8023 -2.99437 1.8
      vertex 15.0603 -2.91305 1.8
    endloop
  endfacet
  facet normal 0 0 1
    outer loop
      vertex 14.5383 3.0529 1.8
      vertex 14.8023 -2.99437 1.8
      vertex 14.8023 2.99437 1.8
    endloop
  endfacet
  facet normal 0 0 1
    outer loop
      vertex 14.5383 3.0529 1.8
      vertex 14.5383 -3.0529 1.8
      vertex 14.8023 -2.99437 1.8
    endloop
  endfacet
  facet normal 0 0 1
    outer loop
      vertex 14.2702 3.0882 1.8
      vertex 14.5383 -3.0529 1.8
      vertex 14.5383 3.0529 1.8
    endloop
  endfacet
  facet normal 0 0 1
    outer loop
      vertex 14.2702 3.0882 1.8
      vertex 14.2702 -3.0882 1.8
      vertex 14.5383 -3.0529 1.8
    endloop
  endfacet
  facet normal 0 0 1
    outer loop
      vertex 14 3.1 1.8
      vertex 14.2702 -3.0882 1.8
      vertex 14.2702 3.0882 1.8
    endloop
  endfacet
  facet normal 0 0 1
    outer loop
      vertex 14 3.1 1.8
      vertex 14 -3.1 1.8
      vertex 14.2702 -3.0882 1.8
    endloop
  endfacet
  facet normal -0 0 1
    outer loop
      vertex 13.7298 3.0882 1.8
      vertex 14 -3.1 1.8
      vertex 14 3.1 1.8
    endloop
  endfacet
  facet normal 0 0 1
    outer loop
      vertex 13.7298 3.0882 1.8
      vertex 13.7298 -3.0882 1.8
      vertex 14 -3.1 1.8
    endloop
  endfacet
  facet normal -0 0 1
    outer loop
      vertex 13.4617 3.0529 1.8
      vertex 13.7298 -3.0882 1.8
      vertex 13.7298 3.0882 1.8
    endloop
  endfacet
  facet normal 0 0 1
    outer loop
      vertex 13.4617 3.0529 1.8
      vertex 13.4617 -3.0529 1.8
      vertex 13.7298 -3.0882 1.8
    endloop
  endfacet
  facet normal -0 0 1
    outer loop
      vertex 13.1977 2.99437 1.8
      vertex 13.4617 -3.0529 1.8
      vertex 13.4617 3.0529 1.8
    endloop
  endfacet
  facet normal 0 0 1
    outer loop
      vertex 13.1977 2.99437 1.8
      vertex 13.1977 -2.99437 1.8
      vertex 13.4617 -3.0529 1.8
    endloop
  endfacet
  facet normal -0 0 1
    outer loop
      vertex 12.9397 2.91305 1.8
      vertex 13.1977 -2.99437 1.8
      vertex 13.1977 2.99437 1.8
    endloop
  endfacet
  facet normal 0 0 1
    outer loop
      vertex 12.9397 2.91305 1.8
      vertex 12.9397 -2.91305 1.8
      vertex 13.1977 -2.99437 1.8
    endloop
  endfacet
  facet normal -0 0 1
    outer loop
      vertex 12.6899 2.80955 1.8
      vertex 12.9397 -2.91305 1.8
      vertex 12.9397 2.91305 1.8
    endloop
  endfacet
  facet normal 0 0 1
    outer loop
      vertex 12.6899 2.80955 1.8
      vertex 12.6899 -2.80955 1.8
      vertex 12.9397 -2.91305 1.8
    endloop
  endfacet
  facet normal -0 0 1
    outer loop
      vertex 12.45 2.68468 1.8
      vertex 12.6899 -2.80955 1.8
      vertex 12.6899 2.80955 1.8
    endloop
  endfacet
  facet normal 0 0 1
    outer loop
      vertex 12.45 2.68468 1.8
      vertex 12.45 -2.68468 1.8
      vertex 12.6899 -2.80955 1.8
    endloop
  endfacet
  facet normal -0 0 1
    outer loop
      vertex 12.2219 2.53937 1.8
      vertex 12.45 -2.68468 1.8
      vertex 12.45 2.68468 1.8
    endloop
  endfacet
  facet normal 0 0 1
    outer loop
      vertex 12.2219 2.53937 1.8
      vertex 12.2219 -2.53937 1.8
      vertex 12.45 -2.68468 1.8
    endloop
  endfacet
  facet normal -0 0 1
    outer loop
      vertex 12.0074 2.37474 1.8
      vertex 12.2219 -2.53937 1.8
      vertex 12.2219 2.53937 1.8
    endloop
  endfacet
  facet normal 0 0 1
    outer loop
      vertex 12.0074 2.37474 1.8
      vertex 12.0074 -2.37474 1.8
      vertex 12.2219 -2.53937 1.8
    endloop
  endfacet
  facet normal -0 0 1
    outer loop
      vertex 11.808 2.19203 1.8
      vertex 12.0074 -2.37474 1.8
      vertex 12.0074 2.37474 1.8
    endloop
  endfacet
  facet normal 0 0 1
    outer loop
      vertex 11.808 2.19203 1.8
      vertex 11.808 -2.19203 1.8
      vertex 12.0074 -2.37474 1.8
    endloop
  endfacet
  facet normal -0 0 1
    outer loop
      vertex 11.6253 1.99264 1.8
      vertex 11.808 -2.19203 1.8
      vertex 11.808 2.19203 1.8
    endloop
  endfacet
  facet normal 0 0 1
    outer loop
      vertex 11.6253 1.99264 1.8
      vertex 11.6253 -1.99264 1.8
      vertex 11.808 -2.19203 1.8
    endloop
  endfacet
  facet normal -0 0 1
    outer loop
      vertex 11.4606 1.77809 1.8
      vertex 11.6253 -1.99264 1.8
      vertex 11.6253 1.99264 1.8
    endloop
  endfacet
  facet normal 0 0 1
    outer loop
      vertex 11.4606 1.77809 1.8
      vertex 11.4606 -1.77809 1.8
      vertex 11.6253 -1.99264 1.8
    endloop
  endfacet
  facet normal -0 0 1
    outer loop
      vertex 11.3153 1.55 1.8
      vertex 11.4606 -1.77809 1.8
      vertex 11.4606 1.77809 1.8
    endloop
  endfacet
  facet normal 0 0 1
    outer loop
      vertex 11.3153 1.55 1.8
      vertex 11.3153 -1.55 1.8
      vertex 11.4606 -1.77809 1.8
    endloop
  endfacet
  facet normal -0 0 1
    outer loop
      vertex 11.1904 1.31012 1.8
      vertex 11.3153 -1.55 1.8
      vertex 11.3153 1.55 1.8
    endloop
  endfacet
  facet normal 0 0 1
    outer loop
      vertex 11.1904 1.31012 1.8
      vertex 11.1904 -1.31012 1.8
      vertex 11.3153 -1.55 1.8
    endloop
  endfacet
  facet normal -0 0 1
    outer loop
      vertex 11.087 1.06026 1.8
      vertex 11.1904 -1.31012 1.8
      vertex 11.1904 1.31012 1.8
    endloop
  endfacet
  facet normal 0 0 1
    outer loop
      vertex 11.087 1.06026 1.8
      vertex 11.087 -1.06026 1.8
      vertex 11.1904 -1.31012 1.8
    endloop
  endfacet
  facet normal -0 0 1
    outer loop
      vertex 11.0056 0.802339 1.8
      vertex 11.087 -1.06026 1.8
      vertex 11.087 1.06026 1.8
    endloop
  endfacet
  facet normal 0 0 1
    outer loop
      vertex 11.0056 0.802339 1.8
      vertex 11.0056 -0.802339 1.8
      vertex 11.087 -1.06026 1.8
    endloop
  endfacet
  facet normal -0 0 1
    outer loop
      vertex 10.9471 0.538309 1.8
      vertex 11.0056 -0.802339 1.8
      vertex 11.0056 0.802339 1.8
    endloop
  endfacet
  facet normal 0 0 1
    outer loop
      vertex 10.9471 0.538309 1.8
      vertex 10.9471 -0.538309 1.8
      vertex 11.0056 -0.802339 1.8
    endloop
  endfacet
  facet normal -0 0 1
    outer loop
      vertex 10.9118 0.270183 1.8
      vertex 10.9471 -0.538309 1.8
      vertex 10.9471 0.538309 1.8
    endloop
  endfacet
  facet normal 0 0 1
    outer loop
      vertex 10.9118 0.270183 1.8
      vertex 10.9118 -0.270183 1.8
      vertex 10.9471 -0.538309 1.8
    endloop
  endfacet
  facet normal 0 -0 1
    outer loop
      vertex 10.9118 -0.270183 1.8
      vertex 10.9118 0.270183 1.8
      vertex 10.9 0 1.8
    endloop
  endfacet
  facet normal -0.675577 0.737289 0
    outer loop
      vertex 16.192 -2.19203 1.8
      vertex 15.9926 -2.37474 5
      vertex 16.192 -2.19203 5
    endloop
  endfacet
  facet normal -0.675577 0.737289 0
    outer loop
      vertex 15.9926 -2.37474 5
      vertex 16.192 -2.19203 1.8
      vertex 15.9926 -2.37474 1.8
    endloop
  endfacet
  facet normal -0.737291 0.675576 0
    outer loop
      vertex 16.192 -2.19203 1.8
      vertex 16.3747 -1.99264 5
      vertex 16.3747 -1.99264 1.8
    endloop
  endfacet
  facet normal -0.737291 0.675576 0
    outer loop
      vertex 16.3747 -1.99264 5
      vertex 16.192 -2.19203 1.8
      vertex 16.192 -2.19203 5
    endloop
  endfacet
  facet normal -0.953634 0.300968 0
    outer loop
      vertex 16.913 -1.06026 1.8
      vertex 16.9944 -0.802339 5
      vertex 16.9944 -0.802339 1.8
    endloop
  endfacet
  facet normal -0.953634 0.300968 0
    outer loop
      vertex 16.9944 -0.802339 5
      vertex 16.913 -1.06026 1.8
      vertex 16.913 -1.06026 5
    endloop
  endfacet
  facet normal -0.999048 0.0436325 0
    outer loop
      vertex 17.0882 -0.270183 1.8
      vertex 17.1 0 5
      vertex 17.1 0 1.8
    endloop
  endfacet
  facet normal -0.999048 0.0436325 0
    outer loop
      vertex 17.1 0 5
      vertex 17.0882 -0.270183 1.8
      vertex 17.0882 -0.270183 5
    endloop
  endfacet
  facet normal -0.976323 0.21632 0
    outer loop
      vertex 16.9944 -0.802339 1.8
      vertex 17.0529 -0.538309 5
      vertex 17.0529 -0.538309 1.8
    endloop
  endfacet
  facet normal -0.976323 0.21632 0
    outer loop
      vertex 17.0529 -0.538309 5
      vertex 16.9944 -0.802339 1.8
      vertex 16.9944 -0.802339 5
    endloop
  endfacet
  facet normal 0.216449 0.976294 -0
    outer loop
      vertex 13.4617 -3.0529 1.8
      vertex 13.1977 -2.99437 5
      vertex 13.4617 -3.0529 5
    endloop
  endfacet
  facet normal 0.216449 0.976294 0
    outer loop
      vertex 13.1977 -2.99437 5
      vertex 13.4617 -3.0529 1.8
      vertex 13.1977 -2.99437 1.8
    endloop
  endfacet
  facet normal 0.991445 0.130528 0
    outer loop
      vertex 10.9471 -0.538309 5
      vertex 10.9118 -0.270183 1.8
      vertex 10.9118 -0.270183 5
    endloop
  endfacet
  facet normal 0.991445 0.130528 0
    outer loop
      vertex 10.9118 -0.270183 1.8
      vertex 10.9471 -0.538309 5
      vertex 10.9471 -0.538309 1.8
    endloop
  endfacet
  facet normal 0.675577 0.737289 -0
    outer loop
      vertex 12.0074 -2.37474 1.8
      vertex 11.808 -2.19203 5
      vertex 12.0074 -2.37474 5
    endloop
  endfacet
  facet normal 0.675577 0.737289 0
    outer loop
      vertex 11.808 -2.19203 5
      vertex 12.0074 -2.37474 1.8
      vertex 11.808 -2.19203 1.8
    endloop
  endfacet
  facet normal 0.608851 0.793285 -0
    outer loop
      vertex 12.2219 -2.53937 1.8
      vertex 12.0074 -2.37474 5
      vertex 12.2219 -2.53937 5
    endloop
  endfacet
  facet normal 0.608851 0.793285 0
    outer loop
      vertex 12.0074 -2.37474 5
      vertex 12.2219 -2.53937 1.8
      vertex 12.0074 -2.37474 1.8
    endloop
  endfacet
  facet normal -0.461708 0.887032 0
    outer loop
      vertex 15.55 -2.68468 1.8
      vertex 15.3101 -2.80955 5
      vertex 15.55 -2.68468 5
    endloop
  endfacet
  facet normal -0.461708 0.887032 0
    outer loop
      vertex 15.3101 -2.80955 5
      vertex 15.55 -2.68468 1.8
      vertex 15.3101 -2.80955 1.8
    endloop
  endfacet
  facet normal -0.537285 0.843401 0
    outer loop
      vertex 15.7781 -2.53937 1.8
      vertex 15.55 -2.68468 5
      vertex 15.7781 -2.53937 5
    endloop
  endfacet
  facet normal -0.537285 0.843401 0
    outer loop
      vertex 15.55 -2.68468 5
      vertex 15.7781 -2.53937 1.8
      vertex 15.55 -2.68468 1.8
    endloop
  endfacet
  facet normal -0.130541 0.991443 0
    outer loop
      vertex 14.5383 -3.0529 1.8
      vertex 14.2702 -3.0882 5
      vertex 14.5383 -3.0529 5
    endloop
  endfacet
  facet normal -0.130541 0.991443 0
    outer loop
      vertex 14.2702 -3.0882 5
      vertex 14.5383 -3.0529 1.8
      vertex 14.2702 -3.0882 1.8
    endloop
  endfacet
  facet normal -0.300615 0.953746 0
    outer loop
      vertex 15.0603 -2.91305 1.8
      vertex 14.8023 -2.99437 5
      vertex 15.0603 -2.91305 5
    endloop
  endfacet
  facet normal -0.300615 0.953746 0
    outer loop
      vertex 14.8023 -2.99437 5
      vertex 15.0603 -2.91305 1.8
      vertex 14.8023 -2.99437 1.8
    endloop
  endfacet
  facet normal -0.793228 0.608924 0
    outer loop
      vertex 16.3747 -1.99264 1.8
      vertex 16.5394 -1.77809 5
      vertex 16.5394 -1.77809 1.8
    endloop
  endfacet
  facet normal -0.793228 0.608924 0
    outer loop
      vertex 16.5394 -1.77809 5
      vertex 16.3747 -1.99264 1.8
      vertex 16.3747 -1.99264 5
    endloop
  endfacet
  facet normal -0.991445 0.130528 0
    outer loop
      vertex 17.0529 -0.538309 1.8
      vertex 17.0882 -0.270183 5
      vertex 17.0882 -0.270183 1.8
    endloop
  endfacet
  facet normal -0.991445 0.130528 0
    outer loop
      vertex 17.0882 -0.270183 5
      vertex 17.0529 -0.538309 1.8
      vertex 17.0529 -0.538309 5
    endloop
  endfacet
  facet normal 0.537285 0.843401 -0
    outer loop
      vertex 12.45 -2.68468 1.8
      vertex 12.2219 -2.53937 5
      vertex 12.45 -2.68468 5
    endloop
  endfacet
  facet normal 0.537285 0.843401 0
    outer loop
      vertex 12.2219 -2.53937 5
      vertex 12.45 -2.68468 1.8
      vertex 12.2219 -2.53937 1.8
    endloop
  endfacet
  facet normal -0.216449 0.976294 0
    outer loop
      vertex 14.8023 -2.99437 1.8
      vertex 14.5383 -3.0529 5
      vertex 14.8023 -2.99437 5
    endloop
  endfacet
  facet normal -0.216449 0.976294 0
    outer loop
      vertex 14.5383 -3.0529 5
      vertex 14.8023 -2.99437 1.8
      vertex 14.5383 -3.0529 1.8
    endloop
  endfacet
  facet normal -0.843407 0.537275 0
    outer loop
      vertex 16.5394 -1.77809 1.8
      vertex 16.6847 -1.55 5
      vertex 16.6847 -1.55 1.8
    endloop
  endfacet
  facet normal -0.843407 0.537275 0
    outer loop
      vertex 16.6847 -1.55 5
      vertex 16.5394 -1.77809 1.8
      vertex 16.5394 -1.77809 5
    endloop
  endfacet
  facet normal -0.886971 0.461825 0
    outer loop
      vertex 16.6847 -1.55 1.8
      vertex 16.8096 -1.31012 5
      vertex 16.8096 -1.31012 1.8
    endloop
  endfacet
  facet normal -0.886971 0.461825 0
    outer loop
      vertex 16.8096 -1.31012 5
      vertex 16.6847 -1.55 1.8
      vertex 16.6847 -1.55 5
    endloop
  endfacet
  facet normal 0 -0.737273 0.675595
    outer loop
      vertex 2.94636 0.954594 1.54541
      vertex 5 1.03416 1.63224
      vertex 2.92128 1.03416 1.63224
    endloop
  endfacet
  facet normal 0 -0.737273 0.675595
    outer loop
      vertex 5 1.03416 1.63224
      vertex 2.94636 0.954594 1.54541
      vertex 5 0.954594 1.54541
    endloop
  endfacet
  facet normal -0.0105672 -0.73662 0.676225
    outer loop
      vertex -10.9583 0.954594 1.54541
      vertex -10.9482 1.03416 1.63224
      vertex -10.9581 0.958713 1.5499
    endloop
  endfacet
  facet normal 0 -0.737273 0.675595
    outer loop
      vertex -10.9482 1.03416 1.63224
      vertex -10.9583 0.954594 1.54541
      vertex -2.94636 0.954594 1.54541
    endloop
  endfacet
  facet normal 0 -0.737273 0.675595
    outer loop
      vertex -10.9482 1.03416 1.63224
      vertex -2.94636 0.954594 1.54541
      vertex -2.92128 1.03416 1.63224
    endloop
  endfacet
  facet normal 0 -0.793383 0.608723
    outer loop
      vertex 2.91305 1.06026 1.66625
      vertex 5 1.10585 1.72567
      vertex 2.89416 1.10585 1.72567
    endloop
  endfacet
  facet normal -3.84192e-06 -0.793318 0.608808
    outer loop
      vertex 2.92128 1.03416 1.63224
      vertex 5 1.10585 1.72567
      vertex 2.91305 1.06026 1.66625
    endloop
  endfacet
  facet normal 0 -0.793359 0.608754
    outer loop
      vertex 5 1.10585 1.72567
      vertex 2.92128 1.03416 1.63224
      vertex 5 1.03416 1.63224
    endloop
  endfacet
  facet normal 0 -0.793383 0.608723
    outer loop
      vertex -10.9388 1.10585 1.72567
      vertex -2.91305 1.06026 1.66625
      vertex -2.89416 1.10585 1.72567
    endloop
  endfacet
  facet normal 0 -0.793359 0.608754
    outer loop
      vertex -2.92128 1.03416 1.63224
      vertex -10.9388 1.10585 1.72567
      vertex -10.9482 1.03416 1.63224
    endloop
  endfacet
  facet normal 1.0041e-06 -0.793317 0.608808
    outer loop
      vertex -10.9388 1.10585 1.72567
      vertex -2.92128 1.03416 1.63224
      vertex -2.91305 1.06026 1.66625
    endloop
  endfacet
  facet normal -0 -0.923899 -0.382637
    outer loop
      vertex 5 1.26858 2.96173
      vertex 2.84543 1.22352 3.07053
      vertex 2.82676 1.26858 2.96173
    endloop
  endfacet
  facet normal 0 -0.923899 -0.382637
    outer loop
      vertex 2.84543 1.22352 3.07053
      vertex 5 1.26858 2.96173
      vertex 5 1.22352 3.07053
    endloop
  endfacet
  facet normal 0 -0.923899 -0.382637
    outer loop
      vertex -10.9173 1.26858 2.96173
      vertex -2.84543 1.22352 3.07053
      vertex -10.9233 1.22352 3.07053
    endloop
  endfacet
  facet normal 0 -0.923899 -0.382637
    outer loop
      vertex -2.84543 1.22352 3.07053
      vertex -10.9173 1.26858 2.96173
      vertex -2.82676 1.26858 2.96173
    endloop
  endfacet
  facet normal 0 -0.461808 -0.88698
    outer loop
      vertex 3.04576 0.570534 3.72352
      vertex 5 0.674999 3.66913
      vertex 5 0.570534 3.72352
    endloop
  endfacet
  facet normal -0 -0.461808 -0.88698
    outer loop
      vertex 5 0.674999 3.66913
      vertex 3.04576 0.570534 3.72352
      vertex 3.0226 0.674999 3.66913
    endloop
  endfacet
  facet normal 0 -0.461808 -0.88698
    outer loop
      vertex -3.04576 0.570534 3.72352
      vertex -10.9705 0.674999 3.66913
      vertex -3.0226 0.674999 3.66913
    endloop
  endfacet
  facet normal 0 -0.461808 -0.88698
    outer loop
      vertex -10.9705 0.674999 3.66913
      vertex -3.04576 0.570534 3.72352
      vertex -10.9751 0.570534 3.72352
    endloop
  endfacet
  facet normal 0 0.461808 -0.88698
    outer loop
      vertex 5 -0.674999 3.66913
      vertex 3.04576 -0.570534 3.72352
      vertex 5 -0.570534 3.72352
    endloop
  endfacet
  facet normal 0 0.461808 -0.88698
    outer loop
      vertex 3.04576 -0.570534 3.72352
      vertex 5 -0.674999 3.66913
      vertex 3.0226 -0.674999 3.66913
    endloop
  endfacet
  facet normal 0 0.461808 -0.88698
    outer loop
      vertex -10.9705 -0.674999 3.66913
      vertex -3.04576 -0.570534 3.72352
      vertex -3.0226 -0.674999 3.66913
    endloop
  endfacet
  facet normal 0 0.461808 -0.88698
    outer loop
      vertex -3.04576 -0.570534 3.72352
      vertex -10.9705 -0.674999 3.66913
      vertex -10.9751 -0.570534 3.72352
    endloop
  endfacet
  facet normal 0 -0.216436 0.976297
    outer loop
      vertex 5 0.349405 1.196
      vertex 3.08976 0.234425 1.17051
      vertex 5 0.234425 1.17051
    endloop
  endfacet
  facet normal 4.56139e-06 -0.216508 0.976281
    outer loop
      vertex 5 0.349405 1.196
      vertex 3.0882 0.270183 1.17844
      vertex 3.08976 0.234425 1.17051
    endloop
  endfacet
  facet normal 0 -0.216403 0.976304
    outer loop
      vertex 3.0882 0.270183 1.17844
      vertex 5 0.349405 1.196
      vertex 3.07777 0.349405 1.196
    endloop
  endfacet
  facet normal 0 -0.216403 0.976304
    outer loop
      vertex -10.9847 0.349405 1.196
      vertex -3.0882 0.270183 1.17844
      vertex -3.07777 0.349405 1.196
    endloop
  endfacet
  facet normal -1.10586e-06 -0.216508 0.976281
    outer loop
      vertex -10.9847 0.349405 1.196
      vertex -3.08976 0.234425 1.17051
      vertex -3.0882 0.270183 1.17844
    endloop
  endfacet
  facet normal 0 -0.216436 0.976297
    outer loop
      vertex -3.08976 0.234425 1.17051
      vertex -10.9847 0.349405 1.196
      vertex -10.9898 0.234425 1.17051
    endloop
  endfacet
  facet normal 0 -0.300744 0.953705
    outer loop
      vertex 5 0.461727 1.23142
      vertex 3.07777 0.349405 1.196
      vertex 5 0.349405 1.196
    endloop
  endfacet
  facet normal 0 -0.300744 0.953705
    outer loop
      vertex 3.07777 0.349405 1.196
      vertex 5 0.461727 1.23142
      vertex 3.06299 0.461727 1.23142
    endloop
  endfacet
  facet normal 0 -0.300744 0.953705
    outer loop
      vertex -10.9798 0.461727 1.23142
      vertex -3.07777 0.349405 1.196
      vertex -3.06299 0.461727 1.23142
    endloop
  endfacet
  facet normal 0 -0.300744 0.953705
    outer loop
      vertex -3.07777 0.349405 1.196
      vertex -10.9798 0.461727 1.23142
      vertex -10.9847 0.349405 1.196
    endloop
  endfacet
  facet normal 0 -0.60873 0.793378
    outer loop
      vertex 5 0.867763 1.46584
      vertex 3.00058 0.774327 1.39415
      vertex 5 0.774327 1.39415
    endloop
  endfacet
  facet normal -3.37398e-06 -0.608684 0.793413
    outer loop
      vertex 5 0.867763 1.46584
      vertex 2.99437 0.802339 1.41564
      vertex 3.00058 0.774327 1.39415
    endloop
  endfacet
  facet normal 0 -0.608749 0.793363
    outer loop
      vertex 2.99437 0.802339 1.41564
      vertex 5 0.867763 1.46584
      vertex 2.97374 0.867763 1.46584
    endloop
  endfacet
  facet normal 0 -0.608749 0.793363
    outer loop
      vertex -10.9621 0.867763 1.46584
      vertex -2.99437 0.802339 1.41564
      vertex -2.97374 0.867763 1.46584
    endloop
  endfacet
  facet normal 8.53883e-07 -0.608684 0.793413
    outer loop
      vertex -10.9621 0.867763 1.46584
      vertex -3.00058 0.774327 1.39415
      vertex -2.99437 0.802339 1.41564
    endloop
  endfacet
  facet normal 0 -0.60873 0.793378
    outer loop
      vertex -3.00058 0.774327 1.39415
      vertex -10.9621 0.867763 1.46584
      vertex -10.9662 0.774327 1.39415
    endloop
  endfacet
  facet normal 0 -0.843392 0.537298
    outer loop
      vertex 2.89416 1.10585 1.72567
      vertex 5 1.16913 1.825
      vertex 2.86795 1.16913 1.825
    endloop
  endfacet
  facet normal 0 -0.843392 0.537298
    outer loop
      vertex 5 1.16913 1.825
      vertex 2.89416 1.10585 1.72567
      vertex 5 1.10585 1.72567
    endloop
  endfacet
  facet normal 0 -0.843392 0.537298
    outer loop
      vertex -2.89416 1.10585 1.72567
      vertex -10.9304 1.16913 1.825
      vertex -10.9388 1.10585 1.72567
    endloop
  endfacet
  facet normal 0 -0.843392 0.537298
    outer loop
      vertex -10.9304 1.16913 1.825
      vertex -2.89416 1.10585 1.72567
      vertex -2.86795 1.16913 1.825
    endloop
  endfacet
  facet normal -3.84192e-06 -0.793318 -0.608808
    outer loop
      vertex 5 1.10585 3.27433
      vertex 2.92128 1.03416 3.36776
      vertex 2.91305 1.06026 3.33375
    endloop
  endfacet
  facet normal -0 -0.793383 -0.608723
    outer loop
      vertex 5 1.10585 3.27433
      vertex 2.91305 1.06026 3.33375
      vertex 2.89416 1.10585 3.27433
    endloop
  endfacet
  facet normal 0 -0.793359 -0.608754
    outer loop
      vertex 2.92128 1.03416 3.36776
      vertex 5 1.10585 3.27433
      vertex 5 1.03416 3.36776
    endloop
  endfacet
  facet normal 0 -0.793359 -0.608754
    outer loop
      vertex -10.9388 1.10585 3.27433
      vertex -2.92128 1.03416 3.36776
      vertex -10.9482 1.03416 3.36776
    endloop
  endfacet
  facet normal 1.0041e-06 -0.793317 -0.608808
    outer loop
      vertex -2.92128 1.03416 3.36776
      vertex -10.9388 1.10585 3.27433
      vertex -2.91305 1.06026 3.33375
    endloop
  endfacet
  facet normal 0 -0.793383 -0.608723
    outer loop
      vertex -2.91305 1.06026 3.33375
      vertex -10.9388 1.10585 3.27433
      vertex -2.89416 1.10585 3.27433
    endloop
  endfacet
  facet normal -0 0.675609 0.73726
    outer loop
      vertex 2.97374 -0.867763 1.46584
      vertex 5 -0.954594 1.54541
      vertex 5 -0.867763 1.46584
    endloop
  endfacet
  facet normal 0 0.675609 0.73726
    outer loop
      vertex 5 -0.954594 1.54541
      vertex 2.97374 -0.867763 1.46584
      vertex 2.94636 -0.954594 1.54541
    endloop
  endfacet
  facet normal 0 0.675609 0.73726
    outer loop
      vertex -2.97374 -0.867763 1.46584
      vertex -10.9583 -0.954594 1.54541
      vertex -2.94636 -0.954594 1.54541
    endloop
  endfacet
  facet normal 0 0.675609 0.73726
    outer loop
      vertex -10.9583 -0.954594 1.54541
      vertex -2.97374 -0.867763 1.46584
      vertex -10.9621 -0.867763 1.46584
    endloop
  endfacet
  facet normal 0 0.976305 0.216398
    outer loop
      vertex 5 -1.32949 2.26558
      vertex 2.80955 -1.31012 2.17819
      vertex 2.79947 -1.32949 2.26558
    endloop
  endfacet
  facet normal -0 0.976301 0.216418
    outer loop
      vertex 2.81209 -1.304 2.15059
      vertex 5 -1.32949 2.26558
      vertex 5 -1.304 2.15059
    endloop
  endfacet
  facet normal -3.45603e-06 0.976287 0.216481
    outer loop
      vertex 5 -1.32949 2.26558
      vertex 2.81209 -1.304 2.15059
      vertex 2.80955 -1.31012 2.17819
    endloop
  endfacet
  facet normal 0 0.976305 0.216398
    outer loop
      vertex -2.80955 -1.31012 2.17819
      vertex -10.9093 -1.32949 2.26558
      vertex -2.79947 -1.32949 2.26558
    endloop
  endfacet
  facet normal 9.3713e-07 0.976287 0.216481
    outer loop
      vertex -2.81209 -1.304 2.15059
      vertex -10.9093 -1.32949 2.26558
      vertex -2.80955 -1.31012 2.17819
    endloop
  endfacet
  facet normal 0 0.976301 0.216418
    outer loop
      vertex -10.9093 -1.32949 2.26558
      vertex -2.81209 -1.304 2.15059
      vertex -10.9127 -1.304 2.15059
    endloop
  endfacet
  facet normal -0 0.737273 0.675595
    outer loop
      vertex 2.94636 -0.954594 1.54541
      vertex 5 -1.03416 1.63224
      vertex 5 -0.954594 1.54541
    endloop
  endfacet
  facet normal 0 0.737273 0.675595
    outer loop
      vertex 5 -1.03416 1.63224
      vertex 2.94636 -0.954594 1.54541
      vertex 2.92128 -1.03416 1.63224
    endloop
  endfacet
  facet normal 0 0.737273 0.675595
    outer loop
      vertex -2.94636 -0.954594 1.54541
      vertex -10.9482 -1.03416 1.63224
      vertex -2.92128 -1.03416 1.63224
    endloop
  endfacet
  facet normal -0 0.737273 0.675595
    outer loop
      vertex -10.9583 -0.954594 1.54541
      vertex -10.9482 -1.03416 1.63224
      vertex -2.94636 -0.954594 1.54541
    endloop
  endfacet
  facet normal -0.0105672 0.73662 0.676225
    outer loop
      vertex -10.9482 -1.03416 1.63224
      vertex -10.9583 -0.954594 1.54541
      vertex -10.9581 -0.958713 1.5499
    endloop
  endfacet
  facet normal 0 0.999047 -0.0436436
    outer loop
      vertex 5 -1.35 2.5
      vertex 2.79147 -1.34486 2.61766
      vertex 5 -1.34486 2.61766
    endloop
  endfacet
  facet normal 0 0.999047 -0.0436436
    outer loop
      vertex 2.79147 -1.34486 2.61766
      vertex 5 -1.35 2.5
      vertex 2.78879 -1.35 2.5
    endloop
  endfacet
  facet normal 0 0.999047 -0.0436436
    outer loop
      vertex -10.9066 -1.35 2.5
      vertex -2.79147 -1.34486 2.61766
      vertex -2.78879 -1.35 2.5
    endloop
  endfacet
  facet normal 0 0.999047 -0.0436436
    outer loop
      vertex -2.79147 -1.34486 2.61766
      vertex -10.9066 -1.35 2.5
      vertex -10.9073 -1.34486 2.61766
    endloop
  endfacet
  facet normal 0 0.843392 -0.537298
    outer loop
      vertex 5 -1.16913 3.175
      vertex 2.89416 -1.10585 3.27433
      vertex 5 -1.10585 3.27433
    endloop
  endfacet
  facet normal 0 0.843392 -0.537298
    outer loop
      vertex 2.89416 -1.10585 3.27433
      vertex 5 -1.16913 3.175
      vertex 2.86795 -1.16913 3.175
    endloop
  endfacet
  facet normal 0 0.843392 -0.537298
    outer loop
      vertex -10.9304 -1.16913 3.175
      vertex -2.89416 -1.10585 3.27433
      vertex -2.86795 -1.16913 3.175
    endloop
  endfacet
  facet normal 0 0.843392 -0.537298
    outer loop
      vertex -2.89416 -1.10585 3.27433
      vertex -10.9304 -1.16913 3.175
      vertex -10.9388 -1.10585 3.27433
    endloop
  endfacet
  facet normal 0 -0.382616 0.923908
    outer loop
      vertex 5 0.570534 1.27648
      vertex 3.06299 0.461727 1.23142
      vertex 5 0.461727 1.23142
    endloop
  endfacet
  facet normal 3.54326e-06 -0.38267 0.923885
    outer loop
      vertex 5 0.570534 1.27648
      vertex 3.0529 0.538309 1.26314
      vertex 3.06299 0.461727 1.23142
    endloop
  endfacet
  facet normal 0 -0.382487 0.923961
    outer loop
      vertex 3.0529 0.538309 1.26314
      vertex 5 0.570534 1.27648
      vertex 3.04576 0.570534 1.27648
    endloop
  endfacet
  facet normal 0 -0.382487 0.923961
    outer loop
      vertex -10.9751 0.570534 1.27648
      vertex -3.0529 0.538309 1.26314
      vertex -3.04576 0.570534 1.27648
    endloop
  endfacet
  facet normal -8.72285e-07 -0.38267 0.923885
    outer loop
      vertex -10.9751 0.570534 1.27648
      vertex -3.06299 0.461727 1.23142
      vertex -3.0529 0.538309 1.26314
    endloop
  endfacet
  facet normal 0 -0.382616 0.923908
    outer loop
      vertex -3.06299 0.461727 1.23142
      vertex -10.9751 0.570534 1.27648
      vertex -10.9798 0.461727 1.23142
    endloop
  endfacet
  facet normal 0 -0.461808 0.88698
    outer loop
      vertex 5 0.674999 1.33087
      vertex 3.04576 0.570534 1.27648
      vertex 5 0.570534 1.27648
    endloop
  endfacet
  facet normal 0 -0.461808 0.88698
    outer loop
      vertex 3.04576 0.570534 1.27648
      vertex 5 0.674999 1.33087
      vertex 3.0226 0.674999 1.33087
    endloop
  endfacet
  facet normal 0 -0.461808 0.88698
    outer loop
      vertex -10.9705 0.674999 1.33087
      vertex -3.04576 0.570534 1.27648
      vertex -3.0226 0.674999 1.33087
    endloop
  endfacet
  facet normal 0 -0.461808 0.88698
    outer loop
      vertex -3.04576 0.570534 1.27648
      vertex -10.9705 0.674999 1.33087
      vertex -10.9751 0.570534 1.27648
    endloop
  endfacet
  facet normal 0 -0.537306 0.843387
    outer loop
      vertex 5 0.774327 1.39415
      vertex 3.0226 0.674999 1.33087
      vertex 5 0.674999 1.33087
    endloop
  endfacet
  facet normal 0 -0.537306 0.843387
    outer loop
      vertex 3.0226 0.674999 1.33087
      vertex 5 0.774327 1.39415
      vertex 3.00058 0.774327 1.39415
    endloop
  endfacet
  facet normal 0 -0.537306 0.843387
    outer loop
      vertex -10.9662 0.774327 1.39415
      vertex -3.0226 0.674999 1.33087
      vertex -3.00058 0.774327 1.39415
    endloop
  endfacet
  facet normal 0 -0.537306 0.843387
    outer loop
      vertex -3.0226 0.674999 1.33087
      vertex -10.9662 0.774327 1.39415
      vertex -10.9705 0.674999 1.33087
    endloop
  endfacet
  facet normal 0 -0.675609 0.73726
    outer loop
      vertex 5 0.954594 1.54541
      vertex 2.97374 0.867763 1.46584
      vertex 5 0.867763 1.46584
    endloop
  endfacet
  facet normal 0 -0.675609 0.73726
    outer loop
      vertex 2.97374 0.867763 1.46584
      vertex 5 0.954594 1.54541
      vertex 2.94636 0.954594 1.54541
    endloop
  endfacet
  facet normal 0 -0.675609 0.73726
    outer loop
      vertex -10.9583 0.954594 1.54541
      vertex -2.97374 0.867763 1.46584
      vertex -2.94636 0.954594 1.54541
    endloop
  endfacet
  facet normal 0 -0.675609 0.73726
    outer loop
      vertex -2.97374 0.867763 1.46584
      vertex -10.9583 0.954594 1.54541
      vertex -10.9621 0.867763 1.46584
    endloop
  endfacet
  facet normal 0 -0.999047 0.0436436
    outer loop
      vertex 2.79147 1.34486 2.38234
      vertex 5 1.35 2.5
      vertex 2.78879 1.35 2.5
    endloop
  endfacet
  facet normal 0 -0.999047 0.0436436
    outer loop
      vertex 5 1.35 2.5
      vertex 2.79147 1.34486 2.38234
      vertex 5 1.34486 2.38234
    endloop
  endfacet
  facet normal 0 -0.999047 0.0436436
    outer loop
      vertex -2.79147 1.34486 2.38234
      vertex -10.9066 1.35 2.5
      vertex -10.9073 1.34486 2.38234
    endloop
  endfacet
  facet normal 0 -0.999047 0.0436436
    outer loop
      vertex -10.9066 1.35 2.5
      vertex -2.79147 1.34486 2.38234
      vertex -2.78879 1.35 2.5
    endloop
  endfacet
  facet normal 0 -0.976305 0.216398
    outer loop
      vertex 2.80955 1.31012 2.17819
      vertex 5 1.32949 2.26558
      vertex 2.79947 1.32949 2.26558
    endloop
  endfacet
  facet normal -3.45603e-06 -0.976287 0.216481
    outer loop
      vertex 2.81209 1.304 2.15059
      vertex 5 1.32949 2.26558
      vertex 2.80955 1.31012 2.17819
    endloop
  endfacet
  facet normal 0 -0.976301 0.216418
    outer loop
      vertex 5 1.32949 2.26558
      vertex 2.81209 1.304 2.15059
      vertex 5 1.304 2.15059
    endloop
  endfacet
  facet normal 0 -0.976305 0.216398
    outer loop
      vertex -10.9093 1.32949 2.26558
      vertex -2.80955 1.31012 2.17819
      vertex -2.79947 1.32949 2.26558
    endloop
  endfacet
  facet normal 0 -0.976301 0.216418
    outer loop
      vertex -2.81209 1.304 2.15059
      vertex -10.9093 1.32949 2.26558
      vertex -10.9127 1.304 2.15059
    endloop
  endfacet
  facet normal 9.3713e-07 -0.976287 0.216481
    outer loop
      vertex -10.9093 1.32949 2.26558
      vertex -2.81209 1.304 2.15059
      vertex -2.80955 1.31012 2.17819
    endloop
  endfacet
  facet normal 0 -0.886989 0.461791
    outer loop
      vertex 2.86795 1.16913 1.825
      vertex 5 1.22352 1.92947
      vertex 2.84543 1.22352 1.92947
    endloop
  endfacet
  facet normal 0 -0.886989 0.461791
    outer loop
      vertex 5 1.22352 1.92947
      vertex 2.86795 1.16913 1.825
      vertex 5 1.16913 1.825
    endloop
  endfacet
  facet normal 0 -0.886989 0.461791
    outer loop
      vertex -2.86795 1.16913 1.825
      vertex -10.9233 1.22352 1.92947
      vertex -10.9304 1.16913 1.825
    endloop
  endfacet
  facet normal 0 -0.886989 0.461791
    outer loop
      vertex -10.9233 1.22352 1.92947
      vertex -2.86795 1.16913 1.825
      vertex -2.84543 1.22352 1.92947
    endloop
  endfacet
  facet normal 0 -0.923899 0.382637
    outer loop
      vertex 2.84543 1.22352 1.92947
      vertex 5 1.26858 2.03827
      vertex 2.82676 1.26858 2.03827
    endloop
  endfacet
  facet normal 0 -0.923899 0.382637
    outer loop
      vertex 5 1.26858 2.03827
      vertex 2.84543 1.22352 1.92947
      vertex 5 1.22352 1.92947
    endloop
  endfacet
  facet normal 0 -0.923899 0.382637
    outer loop
      vertex -2.84543 1.22352 1.92947
      vertex -10.9173 1.26858 2.03827
      vertex -10.9233 1.22352 1.92947
    endloop
  endfacet
  facet normal 0 -0.923899 0.382637
    outer loop
      vertex -10.9173 1.26858 2.03827
      vertex -2.84543 1.22352 1.92947
      vertex -2.82676 1.26858 2.03827
    endloop
  endfacet
  facet normal 0 -0.0436436 -0.999047
    outer loop
      vertex 3.1 0 3.85
      vertex 5 0.11766 3.84486
      vertex 5 0 3.85
    endloop
  endfacet
  facet normal -0 -0.0436436 -0.999047
    outer loop
      vertex 5 0.11766 3.84486
      vertex 3.1 0 3.85
      vertex 3.09486 0.11766 3.84486
    endloop
  endfacet
  facet normal 0 -0.0436436 -0.999047
    outer loop
      vertex -3.1 0 3.85
      vertex -10.9949 0.11766 3.84486
      vertex -3.09486 0.11766 3.84486
    endloop
  endfacet
  facet normal 0 -0.0436436 -0.999047
    outer loop
      vertex -10.9949 0.11766 3.84486
      vertex -3.1 0 3.85
      vertex -11 0 3.85
    endloop
  endfacet
  facet normal 0 -0.216436 -0.976297
    outer loop
      vertex 3.08976 0.234425 3.82949
      vertex 5 0.349405 3.804
      vertex 5 0.234425 3.82949
    endloop
  endfacet
  facet normal 4.56139e-06 -0.216508 -0.976281
    outer loop
      vertex 3.0882 0.270183 3.82156
      vertex 5 0.349405 3.804
      vertex 3.08976 0.234425 3.82949
    endloop
  endfacet
  facet normal -0 -0.216403 -0.976304
    outer loop
      vertex 5 0.349405 3.804
      vertex 3.0882 0.270183 3.82156
      vertex 3.07777 0.349405 3.804
    endloop
  endfacet
  facet normal 0 -0.216403 -0.976304
    outer loop
      vertex -3.0882 0.270183 3.82156
      vertex -10.9847 0.349405 3.804
      vertex -3.07777 0.349405 3.804
    endloop
  endfacet
  facet normal -1.10586e-06 -0.216508 -0.976281
    outer loop
      vertex -3.08976 0.234425 3.82949
      vertex -10.9847 0.349405 3.804
      vertex -3.0882 0.270183 3.82156
    endloop
  endfacet
  facet normal 0 -0.216436 -0.976297
    outer loop
      vertex -10.9847 0.349405 3.804
      vertex -3.08976 0.234425 3.82949
      vertex -10.9898 0.234425 3.82949
    endloop
  endfacet
  facet normal 0 -0.382616 -0.923908
    outer loop
      vertex 3.06299 0.461727 3.76858
      vertex 5 0.570534 3.72352
      vertex 5 0.461727 3.76858
    endloop
  endfacet
  facet normal 3.54326e-06 -0.38267 -0.923885
    outer loop
      vertex 3.0529 0.538309 3.73686
      vertex 5 0.570534 3.72352
      vertex 3.06299 0.461727 3.76858
    endloop
  endfacet
  facet normal -0 -0.382487 -0.923961
    outer loop
      vertex 5 0.570534 3.72352
      vertex 3.0529 0.538309 3.73686
      vertex 3.04576 0.570534 3.72352
    endloop
  endfacet
  facet normal 0 -0.382487 -0.923961
    outer loop
      vertex -3.0529 0.538309 3.73686
      vertex -10.9751 0.570534 3.72352
      vertex -3.04576 0.570534 3.72352
    endloop
  endfacet
  facet normal -8.72285e-07 -0.38267 -0.923885
    outer loop
      vertex -3.06299 0.461727 3.76858
      vertex -10.9751 0.570534 3.72352
      vertex -3.0529 0.538309 3.73686
    endloop
  endfacet
  facet normal 0 -0.382616 -0.923908
    outer loop
      vertex -10.9751 0.570534 3.72352
      vertex -3.06299 0.461727 3.76858
      vertex -10.9798 0.461727 3.76858
    endloop
  endfacet
  facet normal 0 -0.675609 -0.73726
    outer loop
      vertex 2.97374 0.867763 3.53416
      vertex 5 0.954594 3.45459
      vertex 5 0.867763 3.53416
    endloop
  endfacet
  facet normal -0 -0.675609 -0.73726
    outer loop
      vertex 5 0.954594 3.45459
      vertex 2.97374 0.867763 3.53416
      vertex 2.94636 0.954594 3.45459
    endloop
  endfacet
  facet normal 0 -0.675609 -0.73726
    outer loop
      vertex -2.97374 0.867763 3.53416
      vertex -10.9583 0.954594 3.45459
      vertex -2.94636 0.954594 3.45459
    endloop
  endfacet
  facet normal 0 -0.675609 -0.73726
    outer loop
      vertex -10.9583 0.954594 3.45459
      vertex -2.97374 0.867763 3.53416
      vertex -10.9621 0.867763 3.53416
    endloop
  endfacet
  facet normal 0 -0.60873 -0.793378
    outer loop
      vertex 3.00058 0.774327 3.60585
      vertex 5 0.867763 3.53416
      vertex 5 0.774327 3.60585
    endloop
  endfacet
  facet normal -3.37398e-06 -0.608684 -0.793413
    outer loop
      vertex 2.99437 0.802339 3.58436
      vertex 5 0.867763 3.53416
      vertex 3.00058 0.774327 3.60585
    endloop
  endfacet
  facet normal -0 -0.608749 -0.793363
    outer loop
      vertex 5 0.867763 3.53416
      vertex 2.99437 0.802339 3.58436
      vertex 2.97374 0.867763 3.53416
    endloop
  endfacet
  facet normal 0 -0.608749 -0.793363
    outer loop
      vertex -2.99437 0.802339 3.58436
      vertex -10.9621 0.867763 3.53416
      vertex -2.97374 0.867763 3.53416
    endloop
  endfacet
  facet normal 8.53883e-07 -0.608684 -0.793413
    outer loop
      vertex -3.00058 0.774327 3.60585
      vertex -10.9621 0.867763 3.53416
      vertex -2.99437 0.802339 3.58436
    endloop
  endfacet
  facet normal 0 -0.60873 -0.793378
    outer loop
      vertex -10.9621 0.867763 3.53416
      vertex -3.00058 0.774327 3.60585
      vertex -10.9662 0.774327 3.60585
    endloop
  endfacet
  facet normal -0 -0.999047 -0.0436436
    outer loop
      vertex 5 1.35 2.5
      vertex 2.79147 1.34486 2.61766
      vertex 2.78879 1.35 2.5
    endloop
  endfacet
  facet normal 0 -0.999047 -0.0436436
    outer loop
      vertex 2.79147 1.34486 2.61766
      vertex 5 1.35 2.5
      vertex 5 1.34486 2.61766
    endloop
  endfacet
  facet normal 0 -0.999047 -0.0436436
    outer loop
      vertex -10.9066 1.35 2.5
      vertex -2.79147 1.34486 2.61766
      vertex -10.9073 1.34486 2.61766
    endloop
  endfacet
  facet normal 0 -0.999047 -0.0436436
    outer loop
      vertex -2.79147 1.34486 2.61766
      vertex -10.9066 1.35 2.5
      vertex -2.78879 1.35 2.5
    endloop
  endfacet
  facet normal -0 -0.953703 -0.300749
    outer loop
      vertex 5 1.304 2.84941
      vertex 2.82676 1.26858 2.96173
      vertex 2.81209 1.304 2.84941
    endloop
  endfacet
  facet normal 0 -0.953703 -0.300749
    outer loop
      vertex 2.82676 1.26858 2.96173
      vertex 5 1.304 2.84941
      vertex 5 1.26858 2.96173
    endloop
  endfacet
  facet normal 0 -0.953703 -0.300749
    outer loop
      vertex -10.9127 1.304 2.84941
      vertex -2.82676 1.26858 2.96173
      vertex -10.9173 1.26858 2.96173
    endloop
  endfacet
  facet normal 0 -0.953703 -0.300749
    outer loop
      vertex -2.82676 1.26858 2.96173
      vertex -10.9127 1.304 2.84941
      vertex -2.81209 1.304 2.84941
    endloop
  endfacet
  facet normal -0 -0.991447 -0.130512
    outer loop
      vertex 5 1.34486 2.61766
      vertex 2.79947 1.32949 2.73442
      vertex 2.79147 1.34486 2.61766
    endloop
  endfacet
  facet normal 0 -0.991447 -0.130512
    outer loop
      vertex 2.79947 1.32949 2.73442
      vertex 5 1.34486 2.61766
      vertex 5 1.32949 2.73442
    endloop
  endfacet
  facet normal 0 -0.991447 -0.130512
    outer loop
      vertex -10.9073 1.34486 2.61766
      vertex -2.79947 1.32949 2.73442
      vertex -10.9093 1.32949 2.73442
    endloop
  endfacet
  facet normal 0 -0.991447 -0.130512
    outer loop
      vertex -2.79947 1.32949 2.73442
      vertex -10.9073 1.34486 2.61766
      vertex -2.79147 1.34486 2.61766
    endloop
  endfacet
  facet normal -0 -0.886989 -0.461791
    outer loop
      vertex 5 1.22352 3.07053
      vertex 2.86795 1.16913 3.175
      vertex 2.84543 1.22352 3.07053
    endloop
  endfacet
  facet normal 0 -0.886989 -0.461791
    outer loop
      vertex 2.86795 1.16913 3.175
      vertex 5 1.22352 3.07053
      vertex 5 1.16913 3.175
    endloop
  endfacet
  facet normal 0 -0.886989 -0.461791
    outer loop
      vertex -10.9233 1.22352 3.07053
      vertex -2.86795 1.16913 3.175
      vertex -10.9304 1.16913 3.175
    endloop
  endfacet
  facet normal 0 -0.886989 -0.461791
    outer loop
      vertex -2.86795 1.16913 3.175
      vertex -10.9233 1.22352 3.07053
      vertex -2.84543 1.22352 3.07053
    endloop
  endfacet
  facet normal -0 -0.843392 -0.537298
    outer loop
      vertex 5 1.16913 3.175
      vertex 2.89416 1.10585 3.27433
      vertex 2.86795 1.16913 3.175
    endloop
  endfacet
  facet normal 0 -0.843392 -0.537298
    outer loop
      vertex 2.89416 1.10585 3.27433
      vertex 5 1.16913 3.175
      vertex 5 1.10585 3.27433
    endloop
  endfacet
  facet normal 0 -0.843392 -0.537298
    outer loop
      vertex -10.9304 1.16913 3.175
      vertex -2.89416 1.10585 3.27433
      vertex -10.9388 1.10585 3.27433
    endloop
  endfacet
  facet normal 0 -0.843392 -0.537298
    outer loop
      vertex -2.89416 1.10585 3.27433
      vertex -10.9304 1.16913 3.175
      vertex -2.86795 1.16913 3.175
    endloop
  endfacet
  facet normal -0 -0.737273 -0.675595
    outer loop
      vertex 5 1.03416 3.36776
      vertex 2.94636 0.954594 3.45459
      vertex 2.92128 1.03416 3.36776
    endloop
  endfacet
  facet normal 0 -0.737273 -0.675595
    outer loop
      vertex 2.94636 0.954594 3.45459
      vertex 5 1.03416 3.36776
      vertex 5 0.954594 3.45459
    endloop
  endfacet
  facet normal -0.0105672 -0.73662 -0.676225
    outer loop
      vertex -10.9482 1.03416 3.36776
      vertex -10.9583 0.954594 3.45459
      vertex -10.9581 0.958713 3.4501
    endloop
  endfacet
  facet normal 0 -0.737273 -0.675595
    outer loop
      vertex -10.9583 0.954594 3.45459
      vertex -10.9482 1.03416 3.36776
      vertex -2.94636 0.954594 3.45459
    endloop
  endfacet
  facet normal 0 -0.737273 -0.675595
    outer loop
      vertex -2.94636 0.954594 3.45459
      vertex -10.9482 1.03416 3.36776
      vertex -2.92128 1.03416 3.36776
    endloop
  endfacet
  facet normal 0 -0.0436436 0.999047
    outer loop
      vertex 5 0.11766 1.15514
      vertex 3.1 0 1.15
      vertex 5 0 1.15
    endloop
  endfacet
  facet normal 0 -0.0436436 0.999047
    outer loop
      vertex 3.1 0 1.15
      vertex 5 0.11766 1.15514
      vertex 3.09486 0.11766 1.15514
    endloop
  endfacet
  facet normal 0 -0.0436436 0.999047
    outer loop
      vertex -10.9949 0.11766 1.15514
      vertex -3.1 0 1.15
      vertex -3.09486 0.11766 1.15514
    endloop
  endfacet
  facet normal 0 -0.0436436 0.999047
    outer loop
      vertex -3.1 0 1.15
      vertex -10.9949 0.11766 1.15514
      vertex -11 0 1.15
    endloop
  endfacet
  facet normal -0 0.999047 0.0436436
    outer loop
      vertex 2.79147 -1.34486 2.38234
      vertex 5 -1.35 2.5
      vertex 5 -1.34486 2.38234
    endloop
  endfacet
  facet normal 0 0.999047 0.0436436
    outer loop
      vertex 5 -1.35 2.5
      vertex 2.79147 -1.34486 2.38234
      vertex 2.78879 -1.35 2.5
    endloop
  endfacet
  facet normal 0 0.999047 0.0436436
    outer loop
      vertex -2.79147 -1.34486 2.38234
      vertex -10.9066 -1.35 2.5
      vertex -2.78879 -1.35 2.5
    endloop
  endfacet
  facet normal 0 0.999047 0.0436436
    outer loop
      vertex -10.9066 -1.35 2.5
      vertex -2.79147 -1.34486 2.38234
      vertex -10.9073 -1.34486 2.38234
    endloop
  endfacet
  facet normal -0 0.991447 0.130512
    outer loop
      vertex 2.79947 -1.32949 2.26558
      vertex 5 -1.34486 2.38234
      vertex 5 -1.32949 2.26558
    endloop
  endfacet
  facet normal 0 0.991447 0.130512
    outer loop
      vertex 5 -1.34486 2.38234
      vertex 2.79947 -1.32949 2.26558
      vertex 2.79147 -1.34486 2.38234
    endloop
  endfacet
  facet normal 0 0.991447 0.130512
    outer loop
      vertex -2.79947 -1.32949 2.26558
      vertex -10.9073 -1.34486 2.38234
      vertex -2.79147 -1.34486 2.38234
    endloop
  endfacet
  facet normal 0 0.991447 0.130512
    outer loop
      vertex -10.9073 -1.34486 2.38234
      vertex -2.79947 -1.32949 2.26558
      vertex -10.9093 -1.32949 2.26558
    endloop
  endfacet
  facet normal -0 0.886989 0.461791
    outer loop
      vertex 2.86795 -1.16913 1.825
      vertex 5 -1.22352 1.92947
      vertex 5 -1.16913 1.825
    endloop
  endfacet
  facet normal 0 0.886989 0.461791
    outer loop
      vertex 5 -1.22352 1.92947
      vertex 2.86795 -1.16913 1.825
      vertex 2.84543 -1.22352 1.92947
    endloop
  endfacet
  facet normal 0 0.886989 0.461791
    outer loop
      vertex -2.86795 -1.16913 1.825
      vertex -10.9233 -1.22352 1.92947
      vertex -2.84543 -1.22352 1.92947
    endloop
  endfacet
  facet normal 0 0.886989 0.461791
    outer loop
      vertex -10.9233 -1.22352 1.92947
      vertex -2.86795 -1.16913 1.825
      vertex -10.9304 -1.16913 1.825
    endloop
  endfacet
  facet normal 0 0.793383 0.608723
    outer loop
      vertex 5 -1.10585 1.72567
      vertex 2.91305 -1.06026 1.66625
      vertex 2.89416 -1.10585 1.72567
    endloop
  endfacet
  facet normal -0 0.793359 0.608754
    outer loop
      vertex 2.92128 -1.03416 1.63224
      vertex 5 -1.10585 1.72567
      vertex 5 -1.03416 1.63224
    endloop
  endfacet
  facet normal -3.84192e-06 0.793318 0.608808
    outer loop
      vertex 5 -1.10585 1.72567
      vertex 2.92128 -1.03416 1.63224
      vertex 2.91305 -1.06026 1.66625
    endloop
  endfacet
  facet normal 0 0.793383 0.608723
    outer loop
      vertex -2.91305 -1.06026 1.66625
      vertex -10.9388 -1.10585 1.72567
      vertex -2.89416 -1.10585 1.72567
    endloop
  endfacet
  facet normal 1.0041e-06 0.793317 0.608808
    outer loop
      vertex -2.92128 -1.03416 1.63224
      vertex -10.9388 -1.10585 1.72567
      vertex -2.91305 -1.06026 1.66625
    endloop
  endfacet
  facet normal 0 0.793359 0.608754
    outer loop
      vertex -10.9388 -1.10585 1.72567
      vertex -2.92128 -1.03416 1.63224
      vertex -10.9482 -1.03416 1.63224
    endloop
  endfacet
  facet normal -0 0.843392 0.537298
    outer loop
      vertex 2.89416 -1.10585 1.72567
      vertex 5 -1.16913 1.825
      vertex 5 -1.10585 1.72567
    endloop
  endfacet
  facet normal 0 0.843392 0.537298
    outer loop
      vertex 5 -1.16913 1.825
      vertex 2.89416 -1.10585 1.72567
      vertex 2.86795 -1.16913 1.825
    endloop
  endfacet
  facet normal 0 0.843392 0.537298
    outer loop
      vertex -2.89416 -1.10585 1.72567
      vertex -10.9304 -1.16913 1.825
      vertex -2.86795 -1.16913 1.825
    endloop
  endfacet
  facet normal 0 0.843392 0.537298
    outer loop
      vertex -10.9304 -1.16913 1.825
      vertex -2.89416 -1.10585 1.72567
      vertex -10.9388 -1.10585 1.72567
    endloop
  endfacet
  facet normal 0 0.976301 -0.216418
    outer loop
      vertex 5 -1.32949 2.73442
      vertex 2.81209 -1.304 2.84941
      vertex 5 -1.304 2.84941
    endloop
  endfacet
  facet normal -3.45603e-06 0.976287 -0.216481
    outer loop
      vertex 2.81209 -1.304 2.84941
      vertex 5 -1.32949 2.73442
      vertex 2.80955 -1.31012 2.82181
    endloop
  endfacet
  facet normal 0 0.976305 -0.216398
    outer loop
      vertex 2.80955 -1.31012 2.82181
      vertex 5 -1.32949 2.73442
      vertex 2.79947 -1.32949 2.73442
    endloop
  endfacet
  facet normal 9.3713e-07 0.976287 -0.216481
    outer loop
      vertex -10.9093 -1.32949 2.73442
      vertex -2.81209 -1.304 2.84941
      vertex -2.80955 -1.31012 2.82181
    endloop
  endfacet
  facet normal 0 0.976305 -0.216398
    outer loop
      vertex -10.9093 -1.32949 2.73442
      vertex -2.80955 -1.31012 2.82181
      vertex -2.79947 -1.32949 2.73442
    endloop
  endfacet
  facet normal 0 0.976301 -0.216418
    outer loop
      vertex -2.81209 -1.304 2.84941
      vertex -10.9093 -1.32949 2.73442
      vertex -10.9127 -1.304 2.84941
    endloop
  endfacet
  facet normal 0 0.923899 -0.382637
    outer loop
      vertex 5 -1.26858 2.96173
      vertex 2.84543 -1.22352 3.07053
      vertex 5 -1.22352 3.07053
    endloop
  endfacet
  facet normal 0 0.923899 -0.382637
    outer loop
      vertex 2.84543 -1.22352 3.07053
      vertex 5 -1.26858 2.96173
      vertex 2.82676 -1.26858 2.96173
    endloop
  endfacet
  facet normal 0 0.923899 -0.382637
    outer loop
      vertex -10.9173 -1.26858 2.96173
      vertex -2.84543 -1.22352 3.07053
      vertex -2.82676 -1.26858 2.96173
    endloop
  endfacet
  facet normal 0 0.923899 -0.382637
    outer loop
      vertex -2.84543 -1.22352 3.07053
      vertex -10.9173 -1.26858 2.96173
      vertex -10.9233 -1.22352 3.07053
    endloop
  endfacet
  facet normal 0 0.991447 -0.130512
    outer loop
      vertex 5 -1.34486 2.61766
      vertex 2.79947 -1.32949 2.73442
      vertex 5 -1.32949 2.73442
    endloop
  endfacet
  facet normal 0 0.991447 -0.130512
    outer loop
      vertex 2.79947 -1.32949 2.73442
      vertex 5 -1.34486 2.61766
      vertex 2.79147 -1.34486 2.61766
    endloop
  endfacet
  facet normal 0 0.991447 -0.130512
    outer loop
      vertex -10.9073 -1.34486 2.61766
      vertex -2.79947 -1.32949 2.73442
      vertex -2.79147 -1.34486 2.61766
    endloop
  endfacet
  facet normal 0 0.991447 -0.130512
    outer loop
      vertex -2.79947 -1.32949 2.73442
      vertex -10.9073 -1.34486 2.61766
      vertex -10.9093 -1.32949 2.73442
    endloop
  endfacet
  facet normal 0 0.886989 -0.461791
    outer loop
      vertex 5 -1.22352 3.07053
      vertex 2.86795 -1.16913 3.175
      vertex 5 -1.16913 3.175
    endloop
  endfacet
  facet normal 0 0.886989 -0.461791
    outer loop
      vertex 2.86795 -1.16913 3.175
      vertex 5 -1.22352 3.07053
      vertex 2.84543 -1.22352 3.07053
    endloop
  endfacet
  facet normal 0 0.886989 -0.461791
    outer loop
      vertex -10.9233 -1.22352 3.07053
      vertex -2.86795 -1.16913 3.175
      vertex -2.84543 -1.22352 3.07053
    endloop
  endfacet
  facet normal 0 0.886989 -0.461791
    outer loop
      vertex -2.86795 -1.16913 3.175
      vertex -10.9233 -1.22352 3.07053
      vertex -10.9304 -1.16913 3.175
    endloop
  endfacet
  facet normal 0 0.737273 -0.675595
    outer loop
      vertex 5 -1.03416 3.36776
      vertex 2.94636 -0.954594 3.45459
      vertex 5 -0.954594 3.45459
    endloop
  endfacet
  facet normal 0 0.737273 -0.675595
    outer loop
      vertex 2.94636 -0.954594 3.45459
      vertex 5 -1.03416 3.36776
      vertex 2.92128 -1.03416 3.36776
    endloop
  endfacet
  facet normal 0 0.737273 -0.675595
    outer loop
      vertex -10.9482 -1.03416 3.36776
      vertex -10.9583 -0.954594 3.45459
      vertex -2.94636 -0.954594 3.45459
    endloop
  endfacet
  facet normal 0 0.737273 -0.675595
    outer loop
      vertex -10.9482 -1.03416 3.36776
      vertex -2.94636 -0.954594 3.45459
      vertex -2.92128 -1.03416 3.36776
    endloop
  endfacet
  facet normal -0.0105672 0.73662 -0.676225
    outer loop
      vertex -10.9583 -0.954594 3.45459
      vertex -10.9482 -1.03416 3.36776
      vertex -10.9581 -0.958713 3.4501
    endloop
  endfacet
  facet normal 0 0.0436436 -0.999047
    outer loop
      vertex 5 -0.11766 3.84486
      vertex 3.1 0 3.85
      vertex 5 0 3.85
    endloop
  endfacet
  facet normal 0 0.0436436 -0.999047
    outer loop
      vertex 3.1 0 3.85
      vertex 5 -0.11766 3.84486
      vertex 3.09486 -0.11766 3.84486
    endloop
  endfacet
  facet normal 0 0.0436436 -0.999047
    outer loop
      vertex -10.9949 -0.11766 3.84486
      vertex -3.1 0 3.85
      vertex -3.09486 -0.11766 3.84486
    endloop
  endfacet
  facet normal 0 0.0436436 -0.999047
    outer loop
      vertex -3.1 0 3.85
      vertex -10.9949 -0.11766 3.84486
      vertex -11 0 3.85
    endloop
  endfacet
  facet normal 0 0.60873 -0.793378
    outer loop
      vertex 5 -0.867763 3.53416
      vertex 3.00058 -0.774327 3.60585
      vertex 5 -0.774327 3.60585
    endloop
  endfacet
  facet normal -3.37398e-06 0.608684 -0.793413
    outer loop
      vertex 5 -0.867763 3.53416
      vertex 2.99437 -0.802339 3.58436
      vertex 3.00058 -0.774327 3.60585
    endloop
  endfacet
  facet normal 0 0.608749 -0.793363
    outer loop
      vertex 2.99437 -0.802339 3.58436
      vertex 5 -0.867763 3.53416
      vertex 2.97374 -0.867763 3.53416
    endloop
  endfacet
  facet normal 0 0.608749 -0.793363
    outer loop
      vertex -10.9621 -0.867763 3.53416
      vertex -2.99437 -0.802339 3.58436
      vertex -2.97374 -0.867763 3.53416
    endloop
  endfacet
  facet normal 8.53883e-07 0.608684 -0.793413
    outer loop
      vertex -10.9621 -0.867763 3.53416
      vertex -3.00058 -0.774327 3.60585
      vertex -2.99437 -0.802339 3.58436
    endloop
  endfacet
  facet normal 0 0.60873 -0.793378
    outer loop
      vertex -3.00058 -0.774327 3.60585
      vertex -10.9621 -0.867763 3.53416
      vertex -10.9662 -0.774327 3.60585
    endloop
  endfacet
  facet normal 0 -0.130506 0.991448
    outer loop
      vertex 5 0.234425 1.17051
      vertex 3.09486 0.11766 1.15514
      vertex 5 0.11766 1.15514
    endloop
  endfacet
  facet normal 0 -0.130506 0.991448
    outer loop
      vertex 3.09486 0.11766 1.15514
      vertex 5 0.234425 1.17051
      vertex 3.08976 0.234425 1.17051
    endloop
  endfacet
  facet normal 0 -0.130506 0.991448
    outer loop
      vertex -10.9898 0.234425 1.17051
      vertex -3.09486 0.11766 1.15514
      vertex -3.08976 0.234425 1.17051
    endloop
  endfacet
  facet normal 0 -0.130506 0.991448
    outer loop
      vertex -3.09486 0.11766 1.15514
      vertex -10.9898 0.234425 1.17051
      vertex -10.9949 0.11766 1.15514
    endloop
  endfacet
  facet normal 0 -0.991447 0.130512
    outer loop
      vertex 2.79947 1.32949 2.26558
      vertex 5 1.34486 2.38234
      vertex 2.79147 1.34486 2.38234
    endloop
  endfacet
  facet normal 0 -0.991447 0.130512
    outer loop
      vertex 5 1.34486 2.38234
      vertex 2.79947 1.32949 2.26558
      vertex 5 1.32949 2.26558
    endloop
  endfacet
  facet normal 0 -0.991447 0.130512
    outer loop
      vertex -2.79947 1.32949 2.26558
      vertex -10.9073 1.34486 2.38234
      vertex -10.9093 1.32949 2.26558
    endloop
  endfacet
  facet normal 0 -0.991447 0.130512
    outer loop
      vertex -10.9073 1.34486 2.38234
      vertex -2.79947 1.32949 2.26558
      vertex -2.79147 1.34486 2.38234
    endloop
  endfacet
  facet normal 0 -0.953703 0.300749
    outer loop
      vertex 2.82676 1.26858 2.03827
      vertex 5 1.304 2.15059
      vertex 2.81209 1.304 2.15059
    endloop
  endfacet
  facet normal 0 -0.953703 0.300749
    outer loop
      vertex 5 1.304 2.15059
      vertex 2.82676 1.26858 2.03827
      vertex 5 1.26858 2.03827
    endloop
  endfacet
  facet normal 0 -0.953703 0.300749
    outer loop
      vertex -2.82676 1.26858 2.03827
      vertex -10.9127 1.304 2.15059
      vertex -10.9173 1.26858 2.03827
    endloop
  endfacet
  facet normal 0 -0.953703 0.300749
    outer loop
      vertex -10.9127 1.304 2.15059
      vertex -2.82676 1.26858 2.03827
      vertex -2.81209 1.304 2.15059
    endloop
  endfacet
  facet normal -1 0 0
    outer loop
      vertex 5 1.34486 2.38234
      vertex 5 1.34486 2.61766
      vertex 5 1.35 2.5
    endloop
  endfacet
  facet normal -1 0 0
    outer loop
      vertex 5 1.32949 2.26558
      vertex 5 1.34486 2.61766
      vertex 5 1.34486 2.38234
    endloop
  endfacet
  facet normal -1 0 0
    outer loop
      vertex 5 1.32949 2.26558
      vertex 5 1.32949 2.73442
      vertex 5 1.34486 2.61766
    endloop
  endfacet
  facet normal -1 0 0
    outer loop
      vertex 5 1.304 2.15059
      vertex 5 1.32949 2.73442
      vertex 5 1.32949 2.26558
    endloop
  endfacet
  facet normal -1 0 0
    outer loop
      vertex 5 1.304 2.15059
      vertex 5 1.304 2.84941
      vertex 5 1.32949 2.73442
    endloop
  endfacet
  facet normal -1 0 0
    outer loop
      vertex 5 1.26858 2.03827
      vertex 5 1.304 2.84941
      vertex 5 1.304 2.15059
    endloop
  endfacet
  facet normal -1 0 0
    outer loop
      vertex 5 1.26858 2.03827
      vertex 5 1.26858 2.96173
      vertex 5 1.304 2.84941
    endloop
  endfacet
  facet normal -1 0 0
    outer loop
      vertex 5 1.22352 1.92947
      vertex 5 1.26858 2.96173
      vertex 5 1.26858 2.03827
    endloop
  endfacet
  facet normal -1 0 0
    outer loop
      vertex 5 1.22352 1.92947
      vertex 5 1.22352 3.07053
      vertex 5 1.26858 2.96173
    endloop
  endfacet
  facet normal -1 0 0
    outer loop
      vertex 5 1.16913 1.825
      vertex 5 1.22352 3.07053
      vertex 5 1.22352 1.92947
    endloop
  endfacet
  facet normal -1 0 0
    outer loop
      vertex 5 1.16913 1.825
      vertex 5 1.16913 3.175
      vertex 5 1.22352 3.07053
    endloop
  endfacet
  facet normal -1 0 0
    outer loop
      vertex 5 1.10585 1.72567
      vertex 5 1.16913 3.175
      vertex 5 1.16913 1.825
    endloop
  endfacet
  facet normal -1 0 0
    outer loop
      vertex 5 1.10585 1.72567
      vertex 5 1.10585 3.27433
      vertex 5 1.16913 3.175
    endloop
  endfacet
  facet normal -1 0 0
    outer loop
      vertex 5 1.03416 1.63224
      vertex 5 1.10585 3.27433
      vertex 5 1.10585 1.72567
    endloop
  endfacet
  facet normal -1 0 0
    outer loop
      vertex 5 1.03416 1.63224
      vertex 5 1.03416 3.36776
      vertex 5 1.10585 3.27433
    endloop
  endfacet
  facet normal -1 0 0
    outer loop
      vertex 5 0.954594 1.54541
      vertex 5 1.03416 3.36776
      vertex 5 1.03416 1.63224
    endloop
  endfacet
  facet normal -1 0 0
    outer loop
      vertex 5 0.954594 1.54541
      vertex 5 0.954594 3.45459
      vertex 5 1.03416 3.36776
    endloop
  endfacet
  facet normal -1 0 0
    outer loop
      vertex 5 0.867763 1.46584
      vertex 5 0.954594 3.45459
      vertex 5 0.954594 1.54541
    endloop
  endfacet
  facet normal -1 0 0
    outer loop
      vertex 5 0.867763 1.46584
      vertex 5 0.867763 3.53416
      vertex 5 0.954594 3.45459
    endloop
  endfacet
  facet normal -1 0 0
    outer loop
      vertex 5 0.774327 1.39415
      vertex 5 0.867763 3.53416
      vertex 5 0.867763 1.46584
    endloop
  endfacet
  facet normal -1 0 0
    outer loop
      vertex 5 0.774327 1.39415
      vertex 5 0.774327 3.60585
      vertex 5 0.867763 3.53416
    endloop
  endfacet
  facet normal -1 0 0
    outer loop
      vertex 5 0.674999 1.33087
      vertex 5 0.774327 3.60585
      vertex 5 0.774327 1.39415
    endloop
  endfacet
  facet normal -1 0 0
    outer loop
      vertex 5 0.674999 1.33087
      vertex 5 0.674999 3.66913
      vertex 5 0.774327 3.60585
    endloop
  endfacet
  facet normal -1 0 0
    outer loop
      vertex 5 0.570534 1.27648
      vertex 5 0.674999 3.66913
      vertex 5 0.674999 1.33087
    endloop
  endfacet
  facet normal -1 0 0
    outer loop
      vertex 5 0.570534 1.27648
      vertex 5 0.570534 3.72352
      vertex 5 0.674999 3.66913
    endloop
  endfacet
  facet normal -1 0 0
    outer loop
      vertex 5 0.461727 1.23142
      vertex 5 0.570534 3.72352
      vertex 5 0.570534 1.27648
    endloop
  endfacet
  facet normal -1 0 0
    outer loop
      vertex 5 0.461727 1.23142
      vertex 5 0.461727 3.76858
      vertex 5 0.570534 3.72352
    endloop
  endfacet
  facet normal -1 0 0
    outer loop
      vertex 5 0.349405 1.196
      vertex 5 0.461727 3.76858
      vertex 5 0.461727 1.23142
    endloop
  endfacet
  facet normal -1 0 0
    outer loop
      vertex 5 0.349405 1.196
      vertex 5 0.349405 3.804
      vertex 5 0.461727 3.76858
    endloop
  endfacet
  facet normal -1 0 0
    outer loop
      vertex 5 0.234425 1.17051
      vertex 5 0.349405 3.804
      vertex 5 0.349405 1.196
    endloop
  endfacet
  facet normal -1 0 0
    outer loop
      vertex 5 0.234425 1.17051
      vertex 5 0.234425 3.82949
      vertex 5 0.349405 3.804
    endloop
  endfacet
  facet normal -1 0 0
    outer loop
      vertex 5 0.11766 1.15514
      vertex 5 0.234425 3.82949
      vertex 5 0.234425 1.17051
    endloop
  endfacet
  facet normal -1 0 0
    outer loop
      vertex 5 0.11766 1.15514
      vertex 5 0.11766 3.84486
      vertex 5 0.234425 3.82949
    endloop
  endfacet
  facet normal -1 0 0
    outer loop
      vertex 5 0 1.15
      vertex 5 0.11766 3.84486
      vertex 5 0.11766 1.15514
    endloop
  endfacet
  facet normal -1 0 0
    outer loop
      vertex 5 0 1.15
      vertex 5 0 3.85
      vertex 5 0.11766 3.84486
    endloop
  endfacet
  facet normal -1 0 0
    outer loop
      vertex 5 -0.11766 1.15514
      vertex 5 0 3.85
      vertex 5 0 1.15
    endloop
  endfacet
  facet normal -1 0 0
    outer loop
      vertex 5 -0.11766 1.15514
      vertex 5 -0.11766 3.84486
      vertex 5 0 3.85
    endloop
  endfacet
  facet normal -1 0 0
    outer loop
      vertex 5 -0.234425 1.17051
      vertex 5 -0.11766 3.84486
      vertex 5 -0.11766 1.15514
    endloop
  endfacet
  facet normal -1 0 0
    outer loop
      vertex 5 -0.234425 1.17051
      vertex 5 -0.234425 3.82949
      vertex 5 -0.11766 3.84486
    endloop
  endfacet
  facet normal -1 0 0
    outer loop
      vertex 5 -0.349405 1.196
      vertex 5 -0.234425 3.82949
      vertex 5 -0.234425 1.17051
    endloop
  endfacet
  facet normal -1 0 0
    outer loop
      vertex 5 -0.349405 1.196
      vertex 5 -0.349405 3.804
      vertex 5 -0.234425 3.82949
    endloop
  endfacet
  facet normal -1 0 0
    outer loop
      vertex 5 -0.461727 1.23142
      vertex 5 -0.349405 3.804
      vertex 5 -0.349405 1.196
    endloop
  endfacet
  facet normal -1 0 0
    outer loop
      vertex 5 -0.461727 1.23142
      vertex 5 -0.461727 3.76858
      vertex 5 -0.349405 3.804
    endloop
  endfacet
  facet normal -1 0 0
    outer loop
      vertex 5 -0.570534 1.27648
      vertex 5 -0.461727 3.76858
      vertex 5 -0.461727 1.23142
    endloop
  endfacet
  facet normal -1 0 0
    outer loop
      vertex 5 -0.570534 1.27648
      vertex 5 -0.570534 3.72352
      vertex 5 -0.461727 3.76858
    endloop
  endfacet
  facet normal -1 0 0
    outer loop
      vertex 5 -0.674999 1.33087
      vertex 5 -0.570534 3.72352
      vertex 5 -0.570534 1.27648
    endloop
  endfacet
  facet normal -1 0 0
    outer loop
      vertex 5 -0.674999 1.33087
      vertex 5 -0.674999 3.66913
      vertex 5 -0.570534 3.72352
    endloop
  endfacet
  facet normal -1 0 0
    outer loop
      vertex 5 -0.774327 1.39415
      vertex 5 -0.674999 3.66913
      vertex 5 -0.674999 1.33087
    endloop
  endfacet
  facet normal -1 0 0
    outer loop
      vertex 5 -0.774327 1.39415
      vertex 5 -0.774327 3.60585
      vertex 5 -0.674999 3.66913
    endloop
  endfacet
  facet normal -1 0 0
    outer loop
      vertex 5 -0.867763 1.46584
      vertex 5 -0.774327 3.60585
      vertex 5 -0.774327 1.39415
    endloop
  endfacet
  facet normal -1 0 0
    outer loop
      vertex 5 -0.867763 1.46584
      vertex 5 -0.867763 3.53416
      vertex 5 -0.774327 3.60585
    endloop
  endfacet
  facet normal -1 0 0
    outer loop
      vertex 5 -0.954594 1.54541
      vertex 5 -0.867763 3.53416
      vertex 5 -0.867763 1.46584
    endloop
  endfacet
  facet normal -1 0 0
    outer loop
      vertex 5 -0.954594 1.54541
      vertex 5 -0.954594 3.45459
      vertex 5 -0.867763 3.53416
    endloop
  endfacet
  facet normal -1 0 0
    outer loop
      vertex 5 -1.03416 1.63224
      vertex 5 -0.954594 3.45459
      vertex 5 -0.954594 1.54541
    endloop
  endfacet
  facet normal -1 0 0
    outer loop
      vertex 5 -1.03416 1.63224
      vertex 5 -1.03416 3.36776
      vertex 5 -0.954594 3.45459
    endloop
  endfacet
  facet normal -1 0 0
    outer loop
      vertex 5 -1.10585 1.72567
      vertex 5 -1.03416 3.36776
      vertex 5 -1.03416 1.63224
    endloop
  endfacet
  facet normal -1 0 0
    outer loop
      vertex 5 -1.10585 1.72567
      vertex 5 -1.10585 3.27433
      vertex 5 -1.03416 3.36776
    endloop
  endfacet
  facet normal -1 0 0
    outer loop
      vertex 5 -1.16913 1.825
      vertex 5 -1.10585 3.27433
      vertex 5 -1.10585 1.72567
    endloop
  endfacet
  facet normal -1 0 0
    outer loop
      vertex 5 -1.16913 1.825
      vertex 5 -1.16913 3.175
      vertex 5 -1.10585 3.27433
    endloop
  endfacet
  facet normal -1 0 0
    outer loop
      vertex 5 -1.22352 1.92947
      vertex 5 -1.16913 3.175
      vertex 5 -1.16913 1.825
    endloop
  endfacet
  facet normal -1 0 0
    outer loop
      vertex 5 -1.22352 1.92947
      vertex 5 -1.22352 3.07053
      vertex 5 -1.16913 3.175
    endloop
  endfacet
  facet normal -1 0 0
    outer loop
      vertex 5 -1.26858 2.03827
      vertex 5 -1.22352 3.07053
      vertex 5 -1.22352 1.92947
    endloop
  endfacet
  facet normal -1 0 0
    outer loop
      vertex 5 -1.26858 2.03827
      vertex 5 -1.26858 2.96173
      vertex 5 -1.22352 3.07053
    endloop
  endfacet
  facet normal -1 0 0
    outer loop
      vertex 5 -1.304 2.15059
      vertex 5 -1.26858 2.96173
      vertex 5 -1.26858 2.03827
    endloop
  endfacet
  facet normal -1 0 0
    outer loop
      vertex 5 -1.304 2.15059
      vertex 5 -1.304 2.84941
      vertex 5 -1.26858 2.96173
    endloop
  endfacet
  facet normal -1 0 0
    outer loop
      vertex 5 -1.32949 2.26558
      vertex 5 -1.304 2.84941
      vertex 5 -1.304 2.15059
    endloop
  endfacet
  facet normal -1 0 0
    outer loop
      vertex 5 -1.32949 2.26558
      vertex 5 -1.32949 2.73442
      vertex 5 -1.304 2.84941
    endloop
  endfacet
  facet normal -1 0 0
    outer loop
      vertex 5 -1.34486 2.38234
      vertex 5 -1.32949 2.73442
      vertex 5 -1.32949 2.26558
    endloop
  endfacet
  facet normal -1 0 0
    outer loop
      vertex 5 -1.34486 2.38234
      vertex 5 -1.34486 2.61766
      vertex 5 -1.32949 2.73442
    endloop
  endfacet
  facet normal -1 0 -0
    outer loop
      vertex 5 -1.34486 2.61766
      vertex 5 -1.34486 2.38234
      vertex 5 -1.35 2.5
    endloop
  endfacet
  facet normal 0 -0.130506 -0.991448
    outer loop
      vertex 3.09486 0.11766 3.84486
      vertex 5 0.234425 3.82949
      vertex 5 0.11766 3.84486
    endloop
  endfacet
  facet normal -0 -0.130506 -0.991448
    outer loop
      vertex 5 0.234425 3.82949
      vertex 3.09486 0.11766 3.84486
      vertex 3.08976 0.234425 3.82949
    endloop
  endfacet
  facet normal 0 -0.130506 -0.991448
    outer loop
      vertex -3.09486 0.11766 3.84486
      vertex -10.9898 0.234425 3.82949
      vertex -3.08976 0.234425 3.82949
    endloop
  endfacet
  facet normal 0 -0.130506 -0.991448
    outer loop
      vertex -10.9898 0.234425 3.82949
      vertex -3.09486 0.11766 3.84486
      vertex -10.9949 0.11766 3.84486
    endloop
  endfacet
  facet normal 0 -0.300744 -0.953705
    outer loop
      vertex 3.07777 0.349405 3.804
      vertex 5 0.461727 3.76858
      vertex 5 0.349405 3.804
    endloop
  endfacet
  facet normal -0 -0.300744 -0.953705
    outer loop
      vertex 5 0.461727 3.76858
      vertex 3.07777 0.349405 3.804
      vertex 3.06299 0.461727 3.76858
    endloop
  endfacet
  facet normal 0 -0.300744 -0.953705
    outer loop
      vertex -3.07777 0.349405 3.804
      vertex -10.9798 0.461727 3.76858
      vertex -3.06299 0.461727 3.76858
    endloop
  endfacet
  facet normal 0 -0.300744 -0.953705
    outer loop
      vertex -10.9798 0.461727 3.76858
      vertex -3.07777 0.349405 3.804
      vertex -10.9847 0.349405 3.804
    endloop
  endfacet
  facet normal 0 -0.537306 -0.843387
    outer loop
      vertex 3.0226 0.674999 3.66913
      vertex 5 0.774327 3.60585
      vertex 5 0.674999 3.66913
    endloop
  endfacet
  facet normal -0 -0.537306 -0.843387
    outer loop
      vertex 5 0.774327 3.60585
      vertex 3.0226 0.674999 3.66913
      vertex 3.00058 0.774327 3.60585
    endloop
  endfacet
  facet normal 0 -0.537306 -0.843387
    outer loop
      vertex -3.0226 0.674999 3.66913
      vertex -10.9662 0.774327 3.60585
      vertex -3.00058 0.774327 3.60585
    endloop
  endfacet
  facet normal 0 -0.537306 -0.843387
    outer loop
      vertex -10.9662 0.774327 3.60585
      vertex -3.0226 0.674999 3.66913
      vertex -10.9705 0.674999 3.66913
    endloop
  endfacet
  facet normal -3.45603e-06 -0.976287 -0.216481
    outer loop
      vertex 5 1.32949 2.73442
      vertex 2.81209 1.304 2.84941
      vertex 2.80955 1.31012 2.82181
    endloop
  endfacet
  facet normal -0 -0.976305 -0.216398
    outer loop
      vertex 5 1.32949 2.73442
      vertex 2.80955 1.31012 2.82181
      vertex 2.79947 1.32949 2.73442
    endloop
  endfacet
  facet normal 0 -0.976301 -0.216418
    outer loop
      vertex 2.81209 1.304 2.84941
      vertex 5 1.32949 2.73442
      vertex 5 1.304 2.84941
    endloop
  endfacet
  facet normal 0 -0.976301 -0.216418
    outer loop
      vertex -10.9093 1.32949 2.73442
      vertex -2.81209 1.304 2.84941
      vertex -10.9127 1.304 2.84941
    endloop
  endfacet
  facet normal 9.3713e-07 -0.976287 -0.216481
    outer loop
      vertex -2.81209 1.304 2.84941
      vertex -10.9093 1.32949 2.73442
      vertex -2.80955 1.31012 2.82181
    endloop
  endfacet
  facet normal 0 -0.976305 -0.216398
    outer loop
      vertex -2.80955 1.31012 2.82181
      vertex -10.9093 1.32949 2.73442
      vertex -2.79947 1.32949 2.73442
    endloop
  endfacet
  facet normal -0 0.130506 0.991448
    outer loop
      vertex 3.09486 -0.11766 1.15514
      vertex 5 -0.234425 1.17051
      vertex 5 -0.11766 1.15514
    endloop
  endfacet
  facet normal 0 0.130506 0.991448
    outer loop
      vertex 5 -0.234425 1.17051
      vertex 3.09486 -0.11766 1.15514
      vertex 3.08976 -0.234425 1.17051
    endloop
  endfacet
  facet normal 0 0.130506 0.991448
    outer loop
      vertex -3.09486 -0.11766 1.15514
      vertex -10.9898 -0.234425 1.17051
      vertex -3.08976 -0.234425 1.17051
    endloop
  endfacet
  facet normal 0 0.130506 0.991448
    outer loop
      vertex -10.9898 -0.234425 1.17051
      vertex -3.09486 -0.11766 1.15514
      vertex -10.9949 -0.11766 1.15514
    endloop
  endfacet
  facet normal -0 0.216436 0.976297
    outer loop
      vertex 3.08976 -0.234425 1.17051
      vertex 5 -0.349405 1.196
      vertex 5 -0.234425 1.17051
    endloop
  endfacet
  facet normal 4.56139e-06 0.216508 0.976281
    outer loop
      vertex 3.0882 -0.270183 1.17844
      vertex 5 -0.349405 1.196
      vertex 3.08976 -0.234425 1.17051
    endloop
  endfacet
  facet normal 0 0.216403 0.976304
    outer loop
      vertex 5 -0.349405 1.196
      vertex 3.0882 -0.270183 1.17844
      vertex 3.07777 -0.349405 1.196
    endloop
  endfacet
  facet normal 0 0.216403 0.976304
    outer loop
      vertex -3.0882 -0.270183 1.17844
      vertex -10.9847 -0.349405 1.196
      vertex -3.07777 -0.349405 1.196
    endloop
  endfacet
  facet normal -1.10586e-06 0.216508 0.976281
    outer loop
      vertex -3.08976 -0.234425 1.17051
      vertex -10.9847 -0.349405 1.196
      vertex -3.0882 -0.270183 1.17844
    endloop
  endfacet
  facet normal 0 0.216436 0.976297
    outer loop
      vertex -10.9847 -0.349405 1.196
      vertex -3.08976 -0.234425 1.17051
      vertex -10.9898 -0.234425 1.17051
    endloop
  endfacet
  facet normal -0 0.300744 0.953705
    outer loop
      vertex 3.07777 -0.349405 1.196
      vertex 5 -0.461727 1.23142
      vertex 5 -0.349405 1.196
    endloop
  endfacet
  facet normal 0 0.300744 0.953705
    outer loop
      vertex 5 -0.461727 1.23142
      vertex 3.07777 -0.349405 1.196
      vertex 3.06299 -0.461727 1.23142
    endloop
  endfacet
  facet normal 0 0.300744 0.953705
    outer loop
      vertex -3.07777 -0.349405 1.196
      vertex -10.9798 -0.461727 1.23142
      vertex -3.06299 -0.461727 1.23142
    endloop
  endfacet
  facet normal 0 0.300744 0.953705
    outer loop
      vertex -10.9798 -0.461727 1.23142
      vertex -3.07777 -0.349405 1.196
      vertex -10.9847 -0.349405 1.196
    endloop
  endfacet
  facet normal -0 0.382616 0.923908
    outer loop
      vertex 3.06299 -0.461727 1.23142
      vertex 5 -0.570534 1.27648
      vertex 5 -0.461727 1.23142
    endloop
  endfacet
  facet normal 3.54326e-06 0.38267 0.923885
    outer loop
      vertex 3.0529 -0.538309 1.26314
      vertex 5 -0.570534 1.27648
      vertex 3.06299 -0.461727 1.23142
    endloop
  endfacet
  facet normal 0 0.382487 0.923961
    outer loop
      vertex 5 -0.570534 1.27648
      vertex 3.0529 -0.538309 1.26314
      vertex 3.04576 -0.570534 1.27648
    endloop
  endfacet
  facet normal 0 0.382487 0.923961
    outer loop
      vertex -3.0529 -0.538309 1.26314
      vertex -10.9751 -0.570534 1.27648
      vertex -3.04576 -0.570534 1.27648
    endloop
  endfacet
  facet normal -8.72285e-07 0.38267 0.923885
    outer loop
      vertex -3.06299 -0.461727 1.23142
      vertex -10.9751 -0.570534 1.27648
      vertex -3.0529 -0.538309 1.26314
    endloop
  endfacet
  facet normal 0 0.382616 0.923908
    outer loop
      vertex -10.9751 -0.570534 1.27648
      vertex -3.06299 -0.461727 1.23142
      vertex -10.9798 -0.461727 1.23142
    endloop
  endfacet
  facet normal -0 0.60873 0.793378
    outer loop
      vertex 3.00058 -0.774327 1.39415
      vertex 5 -0.867763 1.46584
      vertex 5 -0.774327 1.39415
    endloop
  endfacet
  facet normal -3.37398e-06 0.608684 0.793413
    outer loop
      vertex 2.99437 -0.802339 1.41564
      vertex 5 -0.867763 1.46584
      vertex 3.00058 -0.774327 1.39415
    endloop
  endfacet
  facet normal 0 0.608749 0.793363
    outer loop
      vertex 5 -0.867763 1.46584
      vertex 2.99437 -0.802339 1.41564
      vertex 2.97374 -0.867763 1.46584
    endloop
  endfacet
  facet normal 0 0.608749 0.793363
    outer loop
      vertex -2.99437 -0.802339 1.41564
      vertex -10.9621 -0.867763 1.46584
      vertex -2.97374 -0.867763 1.46584
    endloop
  endfacet
  facet normal 8.53883e-07 0.608684 0.793413
    outer loop
      vertex -3.00058 -0.774327 1.39415
      vertex -10.9621 -0.867763 1.46584
      vertex -2.99437 -0.802339 1.41564
    endloop
  endfacet
  facet normal 0 0.60873 0.793378
    outer loop
      vertex -10.9621 -0.867763 1.46584
      vertex -3.00058 -0.774327 1.39415
      vertex -10.9662 -0.774327 1.39415
    endloop
  endfacet
  facet normal -0 0.923899 0.382637
    outer loop
      vertex 2.84543 -1.22352 1.92947
      vertex 5 -1.26858 2.03827
      vertex 5 -1.22352 1.92947
    endloop
  endfacet
  facet normal 0 0.923899 0.382637
    outer loop
      vertex 5 -1.26858 2.03827
      vertex 2.84543 -1.22352 1.92947
      vertex 2.82676 -1.26858 2.03827
    endloop
  endfacet
  facet normal 0 0.923899 0.382637
    outer loop
      vertex -2.84543 -1.22352 1.92947
      vertex -10.9173 -1.26858 2.03827
      vertex -2.82676 -1.26858 2.03827
    endloop
  endfacet
  facet normal 0 0.923899 0.382637
    outer loop
      vertex -10.9173 -1.26858 2.03827
      vertex -2.84543 -1.22352 1.92947
      vertex -10.9233 -1.22352 1.92947
    endloop
  endfacet
  facet normal 0 0.953703 -0.300749
    outer loop
      vertex 5 -1.304 2.84941
      vertex 2.82676 -1.26858 2.96173
      vertex 5 -1.26858 2.96173
    endloop
  endfacet
  facet normal 0 0.953703 -0.300749
    outer loop
      vertex 2.82676 -1.26858 2.96173
      vertex 5 -1.304 2.84941
      vertex 2.81209 -1.304 2.84941
    endloop
  endfacet
  facet normal 0 0.953703 -0.300749
    outer loop
      vertex -10.9127 -1.304 2.84941
      vertex -2.82676 -1.26858 2.96173
      vertex -2.81209 -1.304 2.84941
    endloop
  endfacet
  facet normal 0 0.953703 -0.300749
    outer loop
      vertex -2.82676 -1.26858 2.96173
      vertex -10.9127 -1.304 2.84941
      vertex -10.9173 -1.26858 2.96173
    endloop
  endfacet
  facet normal 0 0.793359 -0.608754
    outer loop
      vertex 5 -1.10585 3.27433
      vertex 2.92128 -1.03416 3.36776
      vertex 5 -1.03416 3.36776
    endloop
  endfacet
  facet normal -3.84192e-06 0.793318 -0.608808
    outer loop
      vertex 2.92128 -1.03416 3.36776
      vertex 5 -1.10585 3.27433
      vertex 2.91305 -1.06026 3.33375
    endloop
  endfacet
  facet normal 0 0.793383 -0.608723
    outer loop
      vertex 2.91305 -1.06026 3.33375
      vertex 5 -1.10585 3.27433
      vertex 2.89416 -1.10585 3.27433
    endloop
  endfacet
  facet normal 1.0041e-06 0.793317 -0.608808
    outer loop
      vertex -10.9388 -1.10585 3.27433
      vertex -2.92128 -1.03416 3.36776
      vertex -2.91305 -1.06026 3.33375
    endloop
  endfacet
  facet normal 0 0.793383 -0.608723
    outer loop
      vertex -10.9388 -1.10585 3.27433
      vertex -2.91305 -1.06026 3.33375
      vertex -2.89416 -1.10585 3.27433
    endloop
  endfacet
  facet normal 0 0.793359 -0.608754
    outer loop
      vertex -2.92128 -1.03416 3.36776
      vertex -10.9388 -1.10585 3.27433
      vertex -10.9482 -1.03416 3.36776
    endloop
  endfacet
  facet normal 0 0.130506 -0.991448
    outer loop
      vertex 5 -0.234425 3.82949
      vertex 3.09486 -0.11766 3.84486
      vertex 5 -0.11766 3.84486
    endloop
  endfacet
  facet normal 0 0.130506 -0.991448
    outer loop
      vertex 3.09486 -0.11766 3.84486
      vertex 5 -0.234425 3.82949
      vertex 3.08976 -0.234425 3.82949
    endloop
  endfacet
  facet normal 0 0.130506 -0.991448
    outer loop
      vertex -10.9898 -0.234425 3.82949
      vertex -3.09486 -0.11766 3.84486
      vertex -3.08976 -0.234425 3.82949
    endloop
  endfacet
  facet normal 0 0.130506 -0.991448
    outer loop
      vertex -3.09486 -0.11766 3.84486
      vertex -10.9898 -0.234425 3.82949
      vertex -10.9949 -0.11766 3.84486
    endloop
  endfacet
  facet normal 0 0.382616 -0.923908
    outer loop
      vertex 5 -0.570534 3.72352
      vertex 3.06299 -0.461727 3.76858
      vertex 5 -0.461727 3.76858
    endloop
  endfacet
  facet normal 3.54326e-06 0.38267 -0.923885
    outer loop
      vertex 5 -0.570534 3.72352
      vertex 3.0529 -0.538309 3.73686
      vertex 3.06299 -0.461727 3.76858
    endloop
  endfacet
  facet normal 0 0.382487 -0.923961
    outer loop
      vertex 3.0529 -0.538309 3.73686
      vertex 5 -0.570534 3.72352
      vertex 3.04576 -0.570534 3.72352
    endloop
  endfacet
  facet normal 0 0.382487 -0.923961
    outer loop
      vertex -10.9751 -0.570534 3.72352
      vertex -3.0529 -0.538309 3.73686
      vertex -3.04576 -0.570534 3.72352
    endloop
  endfacet
  facet normal -8.72285e-07 0.38267 -0.923885
    outer loop
      vertex -10.9751 -0.570534 3.72352
      vertex -3.06299 -0.461727 3.76858
      vertex -3.0529 -0.538309 3.73686
    endloop
  endfacet
  facet normal 0 0.382616 -0.923908
    outer loop
      vertex -3.06299 -0.461727 3.76858
      vertex -10.9751 -0.570534 3.72352
      vertex -10.9798 -0.461727 3.76858
    endloop
  endfacet
  facet normal 0 0.216436 -0.976297
    outer loop
      vertex 5 -0.349405 3.804
      vertex 3.08976 -0.234425 3.82949
      vertex 5 -0.234425 3.82949
    endloop
  endfacet
  facet normal 4.56139e-06 0.216508 -0.976281
    outer loop
      vertex 5 -0.349405 3.804
      vertex 3.0882 -0.270183 3.82156
      vertex 3.08976 -0.234425 3.82949
    endloop
  endfacet
  facet normal 0 0.216403 -0.976304
    outer loop
      vertex 3.0882 -0.270183 3.82156
      vertex 5 -0.349405 3.804
      vertex 3.07777 -0.349405 3.804
    endloop
  endfacet
  facet normal 0 0.216403 -0.976304
    outer loop
      vertex -10.9847 -0.349405 3.804
      vertex -3.0882 -0.270183 3.82156
      vertex -3.07777 -0.349405 3.804
    endloop
  endfacet
  facet normal -1.10586e-06 0.216508 -0.976281
    outer loop
      vertex -10.9847 -0.349405 3.804
      vertex -3.08976 -0.234425 3.82949
      vertex -3.0882 -0.270183 3.82156
    endloop
  endfacet
  facet normal 0 0.216436 -0.976297
    outer loop
      vertex -3.08976 -0.234425 3.82949
      vertex -10.9847 -0.349405 3.804
      vertex -10.9898 -0.234425 3.82949
    endloop
  endfacet
  facet normal 0 0.537306 -0.843387
    outer loop
      vertex 5 -0.774327 3.60585
      vertex 3.0226 -0.674999 3.66913
      vertex 5 -0.674999 3.66913
    endloop
  endfacet
  facet normal 0 0.537306 -0.843387
    outer loop
      vertex 3.0226 -0.674999 3.66913
      vertex 5 -0.774327 3.60585
      vertex 3.00058 -0.774327 3.60585
    endloop
  endfacet
  facet normal 0 0.537306 -0.843387
    outer loop
      vertex -10.9662 -0.774327 3.60585
      vertex -3.0226 -0.674999 3.66913
      vertex -3.00058 -0.774327 3.60585
    endloop
  endfacet
  facet normal 0 0.537306 -0.843387
    outer loop
      vertex -3.0226 -0.674999 3.66913
      vertex -10.9662 -0.774327 3.60585
      vertex -10.9705 -0.674999 3.66913
    endloop
  endfacet
  facet normal 0 0.675609 -0.73726
    outer loop
      vertex 5 -0.954594 3.45459
      vertex 2.97374 -0.867763 3.53416
      vertex 5 -0.867763 3.53416
    endloop
  endfacet
  facet normal 0 0.675609 -0.73726
    outer loop
      vertex 2.97374 -0.867763 3.53416
      vertex 5 -0.954594 3.45459
      vertex 2.94636 -0.954594 3.45459
    endloop
  endfacet
  facet normal 0 0.675609 -0.73726
    outer loop
      vertex -10.9583 -0.954594 3.45459
      vertex -2.97374 -0.867763 3.53416
      vertex -2.94636 -0.954594 3.45459
    endloop
  endfacet
  facet normal 0 0.675609 -0.73726
    outer loop
      vertex -2.97374 -0.867763 3.53416
      vertex -10.9583 -0.954594 3.45459
      vertex -10.9621 -0.867763 3.53416
    endloop
  endfacet
  facet normal -0 0.0436436 0.999047
    outer loop
      vertex 3.1 0 1.15
      vertex 5 -0.11766 1.15514
      vertex 5 0 1.15
    endloop
  endfacet
  facet normal 0 0.0436436 0.999047
    outer loop
      vertex 5 -0.11766 1.15514
      vertex 3.1 0 1.15
      vertex 3.09486 -0.11766 1.15514
    endloop
  endfacet
  facet normal 0 0.0436436 0.999047
    outer loop
      vertex -3.1 0 1.15
      vertex -10.9949 -0.11766 1.15514
      vertex -3.09486 -0.11766 1.15514
    endloop
  endfacet
  facet normal 0 0.0436436 0.999047
    outer loop
      vertex -10.9949 -0.11766 1.15514
      vertex -3.1 0 1.15
      vertex -11 0 1.15
    endloop
  endfacet
  facet normal -0 0.461808 0.88698
    outer loop
      vertex 3.04576 -0.570534 1.27648
      vertex 5 -0.674999 1.33087
      vertex 5 -0.570534 1.27648
    endloop
  endfacet
  facet normal 0 0.461808 0.88698
    outer loop
      vertex 5 -0.674999 1.33087
      vertex 3.04576 -0.570534 1.27648
      vertex 3.0226 -0.674999 1.33087
    endloop
  endfacet
  facet normal 0 0.461808 0.88698
    outer loop
      vertex -3.04576 -0.570534 1.27648
      vertex -10.9705 -0.674999 1.33087
      vertex -3.0226 -0.674999 1.33087
    endloop
  endfacet
  facet normal 0 0.461808 0.88698
    outer loop
      vertex -10.9705 -0.674999 1.33087
      vertex -3.04576 -0.570534 1.27648
      vertex -10.9751 -0.570534 1.27648
    endloop
  endfacet
  facet normal -0 0.953703 0.300749
    outer loop
      vertex 2.82676 -1.26858 2.03827
      vertex 5 -1.304 2.15059
      vertex 5 -1.26858 2.03827
    endloop
  endfacet
  facet normal 0 0.953703 0.300749
    outer loop
      vertex 5 -1.304 2.15059
      vertex 2.82676 -1.26858 2.03827
      vertex 2.81209 -1.304 2.15059
    endloop
  endfacet
  facet normal 0 0.953703 0.300749
    outer loop
      vertex -2.82676 -1.26858 2.03827
      vertex -10.9127 -1.304 2.15059
      vertex -2.81209 -1.304 2.15059
    endloop
  endfacet
  facet normal 0 0.953703 0.300749
    outer loop
      vertex -10.9127 -1.304 2.15059
      vertex -2.82676 -1.26858 2.03827
      vertex -10.9173 -1.26858 2.03827
    endloop
  endfacet
  facet normal 0 0.300744 -0.953705
    outer loop
      vertex 5 -0.461727 3.76858
      vertex 3.07777 -0.349405 3.804
      vertex 5 -0.349405 3.804
    endloop
  endfacet
  facet normal 0 0.300744 -0.953705
    outer loop
      vertex 3.07777 -0.349405 3.804
      vertex 5 -0.461727 3.76858
      vertex 3.06299 -0.461727 3.76858
    endloop
  endfacet
  facet normal 0 0.300744 -0.953705
    outer loop
      vertex -10.9798 -0.461727 3.76858
      vertex -3.07777 -0.349405 3.804
      vertex -3.06299 -0.461727 3.76858
    endloop
  endfacet
  facet normal 0 0.300744 -0.953705
    outer loop
      vertex -3.07777 -0.349405 3.804
      vertex -10.9798 -0.461727 3.76858
      vertex -10.9847 -0.349405 3.804
    endloop
  endfacet
  facet normal -0 0.537306 0.843387
    outer loop
      vertex 3.0226 -0.674999 1.33087
      vertex 5 -0.774327 1.39415
      vertex 5 -0.674999 1.33087
    endloop
  endfacet
  facet normal 0 0.537306 0.843387
    outer loop
      vertex 5 -0.774327 1.39415
      vertex 3.0226 -0.674999 1.33087
      vertex 3.00058 -0.774327 1.39415
    endloop
  endfacet
  facet normal 0 0.537306 0.843387
    outer loop
      vertex -3.0226 -0.674999 1.33087
      vertex -10.9662 -0.774327 1.39415
      vertex -3.00058 -0.774327 1.39415
    endloop
  endfacet
  facet normal 0 0.537306 0.843387
    outer loop
      vertex -10.9662 -0.774327 1.39415
      vertex -3.0226 -0.674999 1.33087
      vertex -10.9705 -0.674999 1.33087
    endloop
  endfacet
endsolid OpenSCAD_Model
