solid OpenSCAD_Model
  facet normal 0 0 -1
    outer loop
      vertex 47 181 -7.62939e-07
      vertex 43.3885 183.39 -7.62939e-07
      vertex 47.7485 189.854 -7.62939e-07
    endloop
  endfacet
  facet normal 0 0 -1
    outer loop
      vertex 43.3885 183.39 -7.62939e-07
      vertex 31.8572 190.757 -7.62939e-07
      vertex 32.2726 190.888 -7.62939e-07
    endloop
  endfacet
  facet normal 0 0 -1
    outer loop
      vertex 9 181 -7.62939e-07
      vertex 43.3885 183.39 -7.62939e-07
      vertex 47 181 -7.62939e-07
    endloop
  endfacet
  facet normal 0 0 -1
    outer loop
      vertex 43.3885 183.39 -7.62939e-07
      vertex 30.5796 190.473 -7.62939e-07
      vertex 31.8572 190.757 -7.62939e-07
    endloop
  endfacet
  facet normal 0 0 -1
    outer loop
      vertex 43.3885 183.39 -7.62939e-07
      vertex 29.2822 190.303 -7.62939e-07
      vertex 30.5796 190.473 -7.62939e-07
    endloop
  endfacet
  facet normal 0 0 -1
    outer loop
      vertex 43.3885 183.39 -7.62939e-07
      vertex 27.9749 190.245 -7.62939e-07
      vertex 29.2822 190.303 -7.62939e-07
    endloop
  endfacet
  facet normal -0 0 -1
    outer loop
      vertex 43.3885 183.39 -7.62939e-07
      vertex 9 181 -7.62939e-07
      vertex 27.9749 190.245 -7.62939e-07
    endloop
  endfacet
  facet normal -0 0 -1
    outer loop
      vertex 27.9749 190.245 -7.62939e-07
      vertex 9 181 -7.62939e-07
      vertex 26.6675 190.303 -7.62939e-07
    endloop
  endfacet
  facet normal 0 -0 -1
    outer loop
      vertex 18.6165 189.563 -7.62939e-07
      vertex 26.6675 190.303 -7.62939e-07
      vertex 9 181 -7.62939e-07
    endloop
  endfacet
  facet normal -0 0 -1
    outer loop
      vertex 26.6675 190.303 -7.62939e-07
      vertex 18.6165 189.563 -7.62939e-07
      vertex 25.3702 190.473 -7.62939e-07
    endloop
  endfacet
  facet normal -0 0 -1
    outer loop
      vertex 25.3702 190.473 -7.62939e-07
      vertex 18.814 189.655 -7.62939e-07
      vertex 24.0926 190.757 -7.62939e-07
    endloop
  endfacet
  facet normal 0 0 -1
    outer loop
      vertex 19.4343 190.846 -7.62939e-07
      vertex 21.6356 191.651 -7.62939e-07
      vertex 19.439 190.737 -7.62939e-07
    endloop
  endfacet
  facet normal -0 0 -1
    outer loop
      vertex 24.0926 190.757 -7.62939e-07
      vertex 19.0729 189.853 -7.62939e-07
      vertex 22.8446 191.15 -7.62939e-07
    endloop
  endfacet
  facet normal 0 0 -1
    outer loop
      vertex 21.6356 191.651 -7.62939e-07
      vertex 19.4343 190.628 -7.62939e-07
      vertex 19.439 190.737 -7.62939e-07
    endloop
  endfacet
  facet normal 0 0 -1
    outer loop
      vertex 21.6356 191.651 -7.62939e-07
      vertex 19.42 190.52 -7.62939e-07
      vertex 19.4343 190.628 -7.62939e-07
    endloop
  endfacet
  facet normal 0 0 -1
    outer loop
      vertex 21.6356 191.651 -7.62939e-07
      vertex 19.3964 190.414 -7.62939e-07
      vertex 19.42 190.52 -7.62939e-07
    endloop
  endfacet
  facet normal 0 0 -1
    outer loop
      vertex 21.6356 191.651 -7.62939e-07
      vertex 19.3636 190.31 -7.62939e-07
      vertex 19.3964 190.414 -7.62939e-07
    endloop
  endfacet
  facet normal 0 0 -1
    outer loop
      vertex 21.6356 191.651 -7.62939e-07
      vertex 19.3219 190.209 -7.62939e-07
      vertex 19.3636 190.31 -7.62939e-07
    endloop
  endfacet
  facet normal -0 0 -1
    outer loop
      vertex 22.8446 191.15 -7.62939e-07
      vertex 19.3219 190.209 -7.62939e-07
      vertex 21.6356 191.651 -7.62939e-07
    endloop
  endfacet
  facet normal 0 -0 -1
    outer loop
      vertex 19.3219 190.209 -7.62939e-07
      vertex 22.8446 191.15 -7.62939e-07
      vertex 19.2715 190.112 -7.62939e-07
    endloop
  endfacet
  facet normal 0 -0 -1
    outer loop
      vertex 19.2715 190.112 -7.62939e-07
      vertex 22.8446 191.15 -7.62939e-07
      vertex 19.2129 190.02 -7.62939e-07
    endloop
  endfacet
  facet normal 0 -0 -1
    outer loop
      vertex 19.2129 190.02 -7.62939e-07
      vertex 22.8446 191.15 -7.62939e-07
      vertex 19.1466 189.934 -7.62939e-07
    endloop
  endfacet
  facet normal 0 -0 -1
    outer loop
      vertex 19.1466 189.934 -7.62939e-07
      vertex 22.8446 191.15 -7.62939e-07
      vertex 19.0729 189.853 -7.62939e-07
    endloop
  endfacet
  facet normal 0 -0 -1
    outer loop
      vertex 19.0729 189.853 -7.62939e-07
      vertex 24.0926 190.757 -7.62939e-07
      vertex 18.9925 189.78 -7.62939e-07
    endloop
  endfacet
  facet normal 0 -0 -1
    outer loop
      vertex 18.9925 189.78 -7.62939e-07
      vertex 24.0926 190.757 -7.62939e-07
      vertex 18.906 189.713 -7.62939e-07
    endloop
  endfacet
  facet normal 0 -0 -1
    outer loop
      vertex 18.906 189.713 -7.62939e-07
      vertex 24.0926 190.757 -7.62939e-07
      vertex 18.814 189.655 -7.62939e-07
    endloop
  endfacet
  facet normal 0 -0 -1
    outer loop
      vertex 18.7173 189.604 -7.62939e-07
      vertex 25.3702 190.473 -7.62939e-07
      vertex 18.6165 189.563 -7.62939e-07
    endloop
  endfacet
  facet normal 0 -0 -1
    outer loop
      vertex 18.814 189.655 -7.62939e-07
      vertex 25.3702 190.473 -7.62939e-07
      vertex 18.7173 189.604 -7.62939e-07
    endloop
  endfacet
  facet normal 0 0 -1
    outer loop
      vertex 18.6165 189.563 -7.62939e-07
      vertex 9 181 -7.62939e-07
      vertex 18.5125 189.53 -7.62939e-07
    endloop
  endfacet
  facet normal 0 0 -1
    outer loop
      vertex 18.5125 189.53 -7.62939e-07
      vertex 9 181 -7.62939e-07
      vertex 18.4061 189.506 -7.62939e-07
    endloop
  endfacet
  facet normal 0 0 -1
    outer loop
      vertex 18.4061 189.506 -7.62939e-07
      vertex 9 181 -7.62939e-07
      vertex 18.298 189.492 -7.62939e-07
    endloop
  endfacet
  facet normal 0 0 -1
    outer loop
      vertex 18.298 189.492 -7.62939e-07
      vertex 9 181 -7.62939e-07
      vertex 18.189 189.487 -7.62939e-07
    endloop
  endfacet
  facet normal -0 0 -1
    outer loop
      vertex 18.189 189.487 -7.62939e-07
      vertex 9 181 -7.62939e-07
      vertex 18.0801 189.492 -7.62939e-07
    endloop
  endfacet
  facet normal -0 0 -1
    outer loop
      vertex 18.0801 189.492 -7.62939e-07
      vertex 9 181 -7.62939e-07
      vertex 17.9719 189.506 -7.62939e-07
    endloop
  endfacet
  facet normal 0 0 -1
    outer loop
      vertex 9 181 -7.62939e-07
      vertex 16.939 190.737 -7.62939e-07
      vertex 16.9438 190.628 -7.62939e-07
    endloop
  endfacet
  facet normal 0 0 -1
    outer loop
      vertex 16.939 190.737 -7.62939e-07
      vertex 15.6876 196.642 -7.62939e-07
      vertex 16.4842 195.604 -7.62939e-07
    endloop
  endfacet
  facet normal 0 0 -1
    outer loop
      vertex 9 181 -7.62939e-07
      vertex 16.9438 190.628 -7.62939e-07
      vertex 16.958 190.52 -7.62939e-07
    endloop
  endfacet
  facet normal 0 0 -1
    outer loop
      vertex 16.939 190.737 -7.62939e-07
      vertex 14.9845 197.745 -7.62939e-07
      vertex 15.6876 196.642 -7.62939e-07
    endloop
  endfacet
  facet normal 0 0 -1
    outer loop
      vertex 9 181 -7.62939e-07
      vertex 16.958 190.52 -7.62939e-07
      vertex 16.9816 190.414 -7.62939e-07
    endloop
  endfacet
  facet normal -0 0 -1
    outer loop
      vertex 16.939 190.737 -7.62939e-07
      vertex 9 181 -7.62939e-07
      vertex 14.9845 197.745 -7.62939e-07
    endloop
  endfacet
  facet normal 0 0 -1
    outer loop
      vertex 7.0548 203.415 -7.62939e-07
      vertex 14.9845 197.745 -7.62939e-07
      vertex 9 181 -7.62939e-07
    endloop
  endfacet
  facet normal 0 0 -1
    outer loop
      vertex 9 181 -7.62939e-07
      vertex 16.9816 190.414 -7.62939e-07
      vertex 17.0144 190.31 -7.62939e-07
    endloop
  endfacet
  facet normal 0 0 -1
    outer loop
      vertex 6.97488 205.245 -7.62939e-07
      vertex 12.9749 205.245 -7.62939e-07
      vertex 13.032 203.938 -7.62939e-07
    endloop
  endfacet
  facet normal 0 0 -1
    outer loop
      vertex 12.9749 205.245 -7.62939e-07
      vertex 10.7727 217.291 -7.62939e-07
      vertex 11.888 218.744 -7.62939e-07
    endloop
  endfacet
  facet normal 0 0 -1
    outer loop
      vertex 7.0548 203.415 -7.62939e-07
      vertex 13.032 203.938 -7.62939e-07
      vertex 13.2028 202.641 -7.62939e-07
    endloop
  endfacet
  facet normal 0 0 -1
    outer loop
      vertex 12.9749 205.245 -7.62939e-07
      vertex 9.78835 215.745 -7.62939e-07
      vertex 10.7727 217.291 -7.62939e-07
    endloop
  endfacet
  facet normal 0 0 -1
    outer loop
      vertex 7.0548 203.415 -7.62939e-07
      vertex 13.2028 202.641 -7.62939e-07
      vertex 13.486 201.363 -7.62939e-07
    endloop
  endfacet
  facet normal -0 0 -1
    outer loop
      vertex 17.9719 189.506 -7.62939e-07
      vertex 9 181 -7.62939e-07
      vertex 17.8655 189.53 -7.62939e-07
    endloop
  endfacet
  facet normal 0 0 -1
    outer loop
      vertex 9 181 -7.62939e-07
      vertex 17.7615 189.563 -7.62939e-07
      vertex 17.8655 189.53 -7.62939e-07
    endloop
  endfacet
  facet normal 0 0 -1
    outer loop
      vertex 9 181 -7.62939e-07
      vertex 17.6607 189.604 -7.62939e-07
      vertex 17.7615 189.563 -7.62939e-07
    endloop
  endfacet
  facet normal 0 0 -1
    outer loop
      vertex 9 181 -7.62939e-07
      vertex 17.564 189.655 -7.62939e-07
      vertex 17.6607 189.604 -7.62939e-07
    endloop
  endfacet
  facet normal 0 0 -1
    outer loop
      vertex 9 181 -7.62939e-07
      vertex 17.472 189.713 -7.62939e-07
      vertex 17.564 189.655 -7.62939e-07
    endloop
  endfacet
  facet normal 0 0 -1
    outer loop
      vertex 9 181 -7.62939e-07
      vertex 17.3855 189.78 -7.62939e-07
      vertex 17.472 189.713 -7.62939e-07
    endloop
  endfacet
  facet normal 0 0 -1
    outer loop
      vertex 9 181 -7.62939e-07
      vertex 17.3051 189.853 -7.62939e-07
      vertex 17.3855 189.78 -7.62939e-07
    endloop
  endfacet
  facet normal 0 0 -1
    outer loop
      vertex 9 181 -7.62939e-07
      vertex 17.2315 189.934 -7.62939e-07
      vertex 17.3051 189.853 -7.62939e-07
    endloop
  endfacet
  facet normal 0 0 -1
    outer loop
      vertex 9 181 -7.62939e-07
      vertex 17.1651 190.02 -7.62939e-07
      vertex 17.2315 189.934 -7.62939e-07
    endloop
  endfacet
  facet normal 0 0 -1
    outer loop
      vertex 9 181 -7.62939e-07
      vertex 17.1065 190.112 -7.62939e-07
      vertex 17.1651 190.02 -7.62939e-07
    endloop
  endfacet
  facet normal 0 0 -1
    outer loop
      vertex 9 181 -7.62939e-07
      vertex 17.0561 190.209 -7.62939e-07
      vertex 17.1065 190.112 -7.62939e-07
    endloop
  endfacet
  facet normal 0 0 -1
    outer loop
      vertex 9 181 -7.62939e-07
      vertex 17.0144 190.31 -7.62939e-07
      vertex 17.0561 190.209 -7.62939e-07
    endloop
  endfacet
  facet normal 0 0 -1
    outer loop
      vertex 14.9845 197.745 -7.62939e-07
      vertex 7.0548 203.415 -7.62939e-07
      vertex 14.3803 198.906 -7.62939e-07
    endloop
  endfacet
  facet normal 0 0 -1
    outer loop
      vertex 14.3803 198.906 -7.62939e-07
      vertex 7.0548 203.415 -7.62939e-07
      vertex 13.8795 200.115 -7.62939e-07
    endloop
  endfacet
  facet normal 0 0 -1
    outer loop
      vertex 13.8795 200.115 -7.62939e-07
      vertex 7.0548 203.415 -7.62939e-07
      vertex 13.486 201.363 -7.62939e-07
    endloop
  endfacet
  facet normal -0 0 -1
    outer loop
      vertex 13.032 203.938 -7.62939e-07
      vertex 7.0548 203.415 -7.62939e-07
      vertex 6.97488 205.245 -7.62939e-07
    endloop
  endfacet
  facet normal 0 0 -1
    outer loop
      vertex 12.9749 205.245 -7.62939e-07
      vertex 8.94242 214.12 -7.62939e-07
      vertex 9.78835 215.745 -7.62939e-07
    endloop
  endfacet
  facet normal 0 0 -1
    outer loop
      vertex 12.9749 205.245 -7.62939e-07
      vertex 8.24134 212.428 -7.62939e-07
      vertex 8.94242 214.12 -7.62939e-07
    endloop
  endfacet
  facet normal 0 0 -1
    outer loop
      vertex 12.9749 205.245 -7.62939e-07
      vertex 7.69044 210.681 -7.62939e-07
      vertex 8.24134 212.428 -7.62939e-07
    endloop
  endfacet
  facet normal 0 0 -1
    outer loop
      vertex 12.9749 205.245 -7.62939e-07
      vertex 7.29392 208.892 -7.62939e-07
      vertex 7.69044 210.681 -7.62939e-07
    endloop
  endfacet
  facet normal 0 0 -1
    outer loop
      vertex 12.9749 205.245 -7.62939e-07
      vertex 7.0548 207.076 -7.62939e-07
      vertex 7.29392 208.892 -7.62939e-07
    endloop
  endfacet
  facet normal 0 0 -1
    outer loop
      vertex 12.9749 205.245 -7.62939e-07
      vertex 6.97488 205.245 -7.62939e-07
      vertex 7.0548 207.076 -7.62939e-07
    endloop
  endfacet
  facet normal 0 0 -1
    outer loop
      vertex 19.42 190.954 -7.62939e-07
      vertex 21.6356 191.651 -7.62939e-07
      vertex 19.4343 190.846 -7.62939e-07
    endloop
  endfacet
  facet normal -0 0 -1
    outer loop
      vertex 21.6356 191.651 -7.62939e-07
      vertex 19.42 190.954 -7.62939e-07
      vertex 20.4749 192.255 -7.62939e-07
    endloop
  endfacet
  facet normal 0 0 -1
    outer loop
      vertex 19.3964 191.061 -7.62939e-07
      vertex 20.4749 192.255 -7.62939e-07
      vertex 19.42 190.954 -7.62939e-07
    endloop
  endfacet
  facet normal 0 0 -1
    outer loop
      vertex 19.3636 191.165 -7.62939e-07
      vertex 20.4749 192.255 -7.62939e-07
      vertex 19.3964 191.061 -7.62939e-07
    endloop
  endfacet
  facet normal 0 0 -1
    outer loop
      vertex 19.3219 191.266 -7.62939e-07
      vertex 20.4749 192.255 -7.62939e-07
      vertex 19.3636 191.165 -7.62939e-07
    endloop
  endfacet
  facet normal 0 0 -1
    outer loop
      vertex 19.2715 191.362 -7.62939e-07
      vertex 20.4749 192.255 -7.62939e-07
      vertex 19.3219 191.266 -7.62939e-07
    endloop
  endfacet
  facet normal 0 0 -1
    outer loop
      vertex 19.2129 191.454 -7.62939e-07
      vertex 20.4749 192.255 -7.62939e-07
      vertex 19.2715 191.362 -7.62939e-07
    endloop
  endfacet
  facet normal 0 0 -1
    outer loop
      vertex 19.1466 191.541 -7.62939e-07
      vertex 20.4749 192.255 -7.62939e-07
      vertex 19.2129 191.454 -7.62939e-07
    endloop
  endfacet
  facet normal 0 0 -1
    outer loop
      vertex 19.0729 191.621 -7.62939e-07
      vertex 20.4749 192.255 -7.62939e-07
      vertex 19.1466 191.541 -7.62939e-07
    endloop
  endfacet
  facet normal -0 0 -1
    outer loop
      vertex 20.4749 192.255 -7.62939e-07
      vertex 19.0729 191.621 -7.62939e-07
      vertex 19.3712 192.958 -7.62939e-07
    endloop
  endfacet
  facet normal 0 0 -1
    outer loop
      vertex 18.9925 191.695 -7.62939e-07
      vertex 19.3712 192.958 -7.62939e-07
      vertex 19.0729 191.621 -7.62939e-07
    endloop
  endfacet
  facet normal 0 0 -1
    outer loop
      vertex 18.906 191.761 -7.62939e-07
      vertex 19.3712 192.958 -7.62939e-07
      vertex 18.9925 191.695 -7.62939e-07
    endloop
  endfacet
  facet normal 0 0 -1
    outer loop
      vertex 18.814 191.82 -7.62939e-07
      vertex 19.3712 192.958 -7.62939e-07
      vertex 18.906 191.761 -7.62939e-07
    endloop
  endfacet
  facet normal 0 0 -1
    outer loop
      vertex 18.7173 191.87 -7.62939e-07
      vertex 19.3712 192.958 -7.62939e-07
      vertex 18.814 191.82 -7.62939e-07
    endloop
  endfacet
  facet normal 0 0 -1
    outer loop
      vertex 18.6165 191.912 -7.62939e-07
      vertex 19.3712 192.958 -7.62939e-07
      vertex 18.7173 191.87 -7.62939e-07
    endloop
  endfacet
  facet normal 0 0 -1
    outer loop
      vertex 18.5125 191.945 -7.62939e-07
      vertex 19.3712 192.958 -7.62939e-07
      vertex 18.6165 191.912 -7.62939e-07
    endloop
  endfacet
  facet normal 0 0 -1
    outer loop
      vertex 18.4061 191.968 -7.62939e-07
      vertex 19.3712 192.958 -7.62939e-07
      vertex 18.5125 191.945 -7.62939e-07
    endloop
  endfacet
  facet normal 0 0 -1
    outer loop
      vertex 18.4061 191.968 -7.62939e-07
      vertex 18.3331 193.755 -7.62939e-07
      vertex 19.3712 192.958 -7.62939e-07
    endloop
  endfacet
  facet normal 0 0 -1
    outer loop
      vertex 18.298 191.983 -7.62939e-07
      vertex 18.3331 193.755 -7.62939e-07
      vertex 18.4061 191.968 -7.62939e-07
    endloop
  endfacet
  facet normal 0 0 -1
    outer loop
      vertex 18.189 191.987 -7.62939e-07
      vertex 18.3331 193.755 -7.62939e-07
      vertex 18.298 191.983 -7.62939e-07
    endloop
  endfacet
  facet normal 0 0 -1
    outer loop
      vertex 18.0801 191.983 -7.62939e-07
      vertex 18.3331 193.755 -7.62939e-07
      vertex 18.189 191.987 -7.62939e-07
    endloop
  endfacet
  facet normal 0 0 -1
    outer loop
      vertex 17.9719 191.968 -7.62939e-07
      vertex 18.3331 193.755 -7.62939e-07
      vertex 18.0801 191.983 -7.62939e-07
    endloop
  endfacet
  facet normal 0 0 -1
    outer loop
      vertex 17.8655 191.945 -7.62939e-07
      vertex 18.3331 193.755 -7.62939e-07
      vertex 17.9719 191.968 -7.62939e-07
    endloop
  endfacet
  facet normal 0 0 -1
    outer loop
      vertex 17.7615 191.912 -7.62939e-07
      vertex 18.3331 193.755 -7.62939e-07
      vertex 17.8655 191.945 -7.62939e-07
    endloop
  endfacet
  facet normal 0 0 -1
    outer loop
      vertex 17.6607 191.87 -7.62939e-07
      vertex 18.3331 193.755 -7.62939e-07
      vertex 17.7615 191.912 -7.62939e-07
    endloop
  endfacet
  facet normal 0 0 -1
    outer loop
      vertex 17.3683 194.639 -7.62939e-07
      vertex 17.6607 191.87 -7.62939e-07
      vertex 17.564 191.82 -7.62939e-07
    endloop
  endfacet
  facet normal 0 0 -1
    outer loop
      vertex 17.3683 194.639 -7.62939e-07
      vertex 17.564 191.82 -7.62939e-07
      vertex 17.472 191.761 -7.62939e-07
    endloop
  endfacet
  facet normal 0 0 -1
    outer loop
      vertex 17.3683 194.639 -7.62939e-07
      vertex 17.472 191.761 -7.62939e-07
      vertex 17.3855 191.695 -7.62939e-07
    endloop
  endfacet
  facet normal 0 0 -1
    outer loop
      vertex 17.6607 191.87 -7.62939e-07
      vertex 17.3683 194.639 -7.62939e-07
      vertex 18.3331 193.755 -7.62939e-07
    endloop
  endfacet
  facet normal 0 0 -1
    outer loop
      vertex 17.3051 191.621 -7.62939e-07
      vertex 17.3683 194.639 -7.62939e-07
      vertex 17.3855 191.695 -7.62939e-07
    endloop
  endfacet
  facet normal 0 0 -1
    outer loop
      vertex 17.2315 191.541 -7.62939e-07
      vertex 17.3683 194.639 -7.62939e-07
      vertex 17.3051 191.621 -7.62939e-07
    endloop
  endfacet
  facet normal 0 0 -1
    outer loop
      vertex 17.1651 191.454 -7.62939e-07
      vertex 17.3683 194.639 -7.62939e-07
      vertex 17.2315 191.541 -7.62939e-07
    endloop
  endfacet
  facet normal 0 0 -1
    outer loop
      vertex 16.4842 195.604 -7.62939e-07
      vertex 17.1651 191.454 -7.62939e-07
      vertex 17.1065 191.362 -7.62939e-07
    endloop
  endfacet
  facet normal 0 0 -1
    outer loop
      vertex 16.4842 195.604 -7.62939e-07
      vertex 17.1065 191.362 -7.62939e-07
      vertex 17.0561 191.266 -7.62939e-07
    endloop
  endfacet
  facet normal 0 0 -1
    outer loop
      vertex 16.4842 195.604 -7.62939e-07
      vertex 17.0561 191.266 -7.62939e-07
      vertex 17.0144 191.165 -7.62939e-07
    endloop
  endfacet
  facet normal 0 0 -1
    outer loop
      vertex 16.4842 195.604 -7.62939e-07
      vertex 17.0144 191.165 -7.62939e-07
      vertex 16.9816 191.061 -7.62939e-07
    endloop
  endfacet
  facet normal 0 0 -1
    outer loop
      vertex 16.4842 195.604 -7.62939e-07
      vertex 16.9816 191.061 -7.62939e-07
      vertex 16.958 190.954 -7.62939e-07
    endloop
  endfacet
  facet normal 0 0 -1
    outer loop
      vertex 16.4842 195.604 -7.62939e-07
      vertex 16.958 190.954 -7.62939e-07
      vertex 16.9438 190.846 -7.62939e-07
    endloop
  endfacet
  facet normal 0 0 -1
    outer loop
      vertex 17.1651 191.454 -7.62939e-07
      vertex 16.4842 195.604 -7.62939e-07
      vertex 17.3683 194.639 -7.62939e-07
    endloop
  endfacet
  facet normal 0 0 -1
    outer loop
      vertex 16.4842 195.604 -7.62939e-07
      vertex 16.9438 190.846 -7.62939e-07
      vertex 16.939 190.737 -7.62939e-07
    endloop
  endfacet
  facet normal 0 0 -1
    outer loop
      vertex 42.9073 206.632 -7.62939e-07
      vertex 48.9749 205.245 -7.62939e-07
      vertex 48.895 203.415 -7.62939e-07
    endloop
  endfacet
  facet normal 0 0 -1
    outer loop
      vertex 42.9073 206.632 -7.62939e-07
      vertex 48.895 203.415 -7.62939e-07
      vertex 48.8293 202.638 -7.62939e-07
    endloop
  endfacet
  facet normal 0 0 -1
    outer loop
      vertex 48.9749 205.245 -7.62939e-07
      vertex 42.9073 206.632 -7.62939e-07
      vertex 48.895 207.076 -7.62939e-07
    endloop
  endfacet
  facet normal -0 0 -1
    outer loop
      vertex 48.895 207.076 -7.62939e-07
      vertex 42.9073 206.632 -7.62939e-07
      vertex 48.6558 208.892 -7.62939e-07
    endloop
  endfacet
  facet normal 0 0 -1
    outer loop
      vertex 42.747 207.85 -7.62939e-07
      vertex 48.6558 208.892 -7.62939e-07
      vertex 42.9073 206.632 -7.62939e-07
    endloop
  endfacet
  facet normal -0 0 -1
    outer loop
      vertex 48.6558 208.892 -7.62939e-07
      vertex 42.747 207.85 -7.62939e-07
      vertex 48.2593 210.681 -7.62939e-07
    endloop
  endfacet
  facet normal -0 0 -1
    outer loop
      vertex 48.2593 210.681 -7.62939e-07
      vertex 42.4638 209.128 -7.62939e-07
      vertex 47.7084 212.428 -7.62939e-07
    endloop
  endfacet
  facet normal 0 0 -1
    outer loop
      vertex 41.5695 211.585 -7.62939e-07
      vertex 47.0073 214.12 -7.62939e-07
      vertex 42.0703 210.376 -7.62939e-07
    endloop
  endfacet
  facet normal 0 0 -1
    outer loop
      vertex 42.4638 209.128 -7.62939e-07
      vertex 48.2593 210.681 -7.62939e-07
      vertex 42.747 207.85 -7.62939e-07
    endloop
  endfacet
  facet normal 0 0 -1
    outer loop
      vertex 42.0703 210.376 -7.62939e-07
      vertex 47.7084 212.428 -7.62939e-07
      vertex 42.4638 209.128 -7.62939e-07
    endloop
  endfacet
  facet normal -0 0 -1
    outer loop
      vertex 47.7084 212.428 -7.62939e-07
      vertex 42.0703 210.376 -7.62939e-07
      vertex 47.0073 214.12 -7.62939e-07
    endloop
  endfacet
  facet normal 0 0 -1
    outer loop
      vertex 40.9653 212.745 -7.62939e-07
      vertex 47.0073 214.12 -7.62939e-07
      vertex 41.5695 211.585 -7.62939e-07
    endloop
  endfacet
  facet normal 0 0 -1
    outer loop
      vertex 40.2622 213.849 -7.62939e-07
      vertex 47.0073 214.12 -7.62939e-07
      vertex 40.9653 212.745 -7.62939e-07
    endloop
  endfacet
  facet normal 0 0 -1
    outer loop
      vertex 39.4655 214.887 -7.62939e-07
      vertex 47.0073 214.12 -7.62939e-07
      vertex 40.2622 213.849 -7.62939e-07
    endloop
  endfacet
  facet normal 0 0 -1
    outer loop
      vertex 47.0073 214.12 -7.62939e-07
      vertex 39.4655 214.887 -7.62939e-07
      vertex 43.1986 222.289 -7.62939e-07
    endloop
  endfacet
  facet normal 0 0 -1
    outer loop
      vertex 38.9354 219.326 -7.62939e-07
      vertex 43.1986 222.289 -7.62939e-07
      vertex 39.4655 214.887 -7.62939e-07
    endloop
  endfacet
  facet normal 0 -0 -1
    outer loop
      vertex 39.006 219.645 -7.62939e-07
      vertex 43.1986 222.289 -7.62939e-07
      vertex 38.9918 219.537 -7.62939e-07
    endloop
  endfacet
  facet normal 0 -0 -1
    outer loop
      vertex 39.0108 219.754 -7.62939e-07
      vertex 43.1986 222.289 -7.62939e-07
      vertex 39.006 219.645 -7.62939e-07
    endloop
  endfacet
  facet normal 0 0 -1
    outer loop
      vertex 38.9918 219.971 -7.62939e-07
      vertex 43.1986 222.289 -7.62939e-07
      vertex 39.006 219.863 -7.62939e-07
    endloop
  endfacet
  facet normal 0 0 -1
    outer loop
      vertex 38.9682 220.077 -7.62939e-07
      vertex 43.1986 222.289 -7.62939e-07
      vertex 38.9918 219.971 -7.62939e-07
    endloop
  endfacet
  facet normal -0 0 -1
    outer loop
      vertex 43.1986 222.289 -7.62939e-07
      vertex 38.8936 220.282 -7.62939e-07
      vertex 42.9569 222.754 -7.62939e-07
    endloop
  endfacet
  facet normal 0 0 -1
    outer loop
      vertex 38.8936 220.282 -7.62939e-07
      vertex 43.1986 222.289 -7.62939e-07
      vertex 38.9354 220.181 -7.62939e-07
    endloop
  endfacet
  facet normal -0 0 -1
    outer loop
      vertex 42.9569 222.754 -7.62939e-07
      vertex 38.8433 220.379 -7.62939e-07
      vertex 42.6757 223.195 -7.62939e-07
    endloop
  endfacet
  facet normal 0 -0 -1
    outer loop
      vertex 38.9682 219.43 -7.62939e-07
      vertex 43.1986 222.289 -7.62939e-07
      vertex 38.9354 219.326 -7.62939e-07
    endloop
  endfacet
  facet normal 0 0 -1
    outer loop
      vertex 38.7847 220.471 -7.62939e-07
      vertex 42.6757 223.195 -7.62939e-07
      vertex 38.8433 220.379 -7.62939e-07
    endloop
  endfacet
  facet normal -0 0 -1
    outer loop
      vertex 42.6757 223.195 -7.62939e-07
      vertex 38.7847 220.471 -7.62939e-07
      vertex 42.357 223.61 -7.62939e-07
    endloop
  endfacet
  facet normal 0 0 -1
    outer loop
      vertex 38.8433 220.379 -7.62939e-07
      vertex 42.9569 222.754 -7.62939e-07
      vertex 38.8936 220.282 -7.62939e-07
    endloop
  endfacet
  facet normal 0 0 -1
    outer loop
      vertex 38.9354 220.181 -7.62939e-07
      vertex 43.1986 222.289 -7.62939e-07
      vertex 38.9682 220.077 -7.62939e-07
    endloop
  endfacet
  facet normal 0 0 -1
    outer loop
      vertex 39.006 219.863 -7.62939e-07
      vertex 43.1986 222.289 -7.62939e-07
      vertex 39.0108 219.754 -7.62939e-07
    endloop
  endfacet
  facet normal 0 -0 -1
    outer loop
      vertex 38.9918 219.537 -7.62939e-07
      vertex 43.1986 222.289 -7.62939e-07
      vertex 38.9682 219.43 -7.62939e-07
    endloop
  endfacet
  facet normal 0 0 -1
    outer loop
      vertex 39.4655 214.887 -7.62939e-07
      vertex 38.8936 219.225 -7.62939e-07
      vertex 38.9354 219.326 -7.62939e-07
    endloop
  endfacet
  facet normal 0 0 -1
    outer loop
      vertex 39.4655 214.887 -7.62939e-07
      vertex 38.8433 219.129 -7.62939e-07
      vertex 38.8936 219.225 -7.62939e-07
    endloop
  endfacet
  facet normal 0 0 -1
    outer loop
      vertex 39.4655 214.887 -7.62939e-07
      vertex 38.7847 219.037 -7.62939e-07
      vertex 38.8433 219.129 -7.62939e-07
    endloop
  endfacet
  facet normal 0 0 -1
    outer loop
      vertex 38.5815 215.852 -7.62939e-07
      vertex 38.7847 219.037 -7.62939e-07
      vertex 39.4655 214.887 -7.62939e-07
    endloop
  endfacet
  facet normal 0 0 -1
    outer loop
      vertex 38.7847 219.037 -7.62939e-07
      vertex 38.5815 215.852 -7.62939e-07
      vertex 38.7183 218.95 -7.62939e-07
    endloop
  endfacet
  facet normal 0 0 -1
    outer loop
      vertex 38.7183 218.95 -7.62939e-07
      vertex 38.5815 215.852 -7.62939e-07
      vertex 38.6446 218.87 -7.62939e-07
    endloop
  endfacet
  facet normal 0 0 -1
    outer loop
      vertex 38.5815 215.852 -7.62939e-07
      vertex 38.5642 218.796 -7.62939e-07
      vertex 38.6446 218.87 -7.62939e-07
    endloop
  endfacet
  facet normal 0 0 -1
    outer loop
      vertex 38.5815 215.852 -7.62939e-07
      vertex 38.4777 218.73 -7.62939e-07
      vertex 38.5642 218.796 -7.62939e-07
    endloop
  endfacet
  facet normal 0 0 -1
    outer loop
      vertex 38.5815 215.852 -7.62939e-07
      vertex 38.3858 218.671 -7.62939e-07
      vertex 38.4777 218.73 -7.62939e-07
    endloop
  endfacet
  facet normal 0 0 -1
    outer loop
      vertex 38.5815 215.852 -7.62939e-07
      vertex 38.289 218.621 -7.62939e-07
      vertex 38.3858 218.671 -7.62939e-07
    endloop
  endfacet
  facet normal 0 0 -1
    outer loop
      vertex 37.6167 216.736 -7.62939e-07
      vertex 38.289 218.621 -7.62939e-07
      vertex 38.5815 215.852 -7.62939e-07
    endloop
  endfacet
  facet normal 0 0 -1
    outer loop
      vertex 38.289 218.621 -7.62939e-07
      vertex 37.6167 216.736 -7.62939e-07
      vertex 38.1883 218.579 -7.62939e-07
    endloop
  endfacet
  facet normal 0 0 -1
    outer loop
      vertex 38.1883 218.579 -7.62939e-07
      vertex 37.6167 216.736 -7.62939e-07
      vertex 38.0843 218.546 -7.62939e-07
    endloop
  endfacet
  facet normal 0 0 -1
    outer loop
      vertex 38.0843 218.546 -7.62939e-07
      vertex 37.6167 216.736 -7.62939e-07
      vertex 37.9778 218.523 -7.62939e-07
    endloop
  endfacet
  facet normal 0 0 -1
    outer loop
      vertex 37.9778 218.523 -7.62939e-07
      vertex 37.6167 216.736 -7.62939e-07
      vertex 37.8697 218.508 -7.62939e-07
    endloop
  endfacet
  facet normal 0 0 -1
    outer loop
      vertex 37.8697 218.508 -7.62939e-07
      vertex 37.6167 216.736 -7.62939e-07
      vertex 37.7608 218.504 -7.62939e-07
    endloop
  endfacet
  facet normal -0 0 -1
    outer loop
      vertex 37.7608 218.504 -7.62939e-07
      vertex 37.6167 216.736 -7.62939e-07
      vertex 37.6518 218.508 -7.62939e-07
    endloop
  endfacet
  facet normal 0 0 -1
    outer loop
      vertex 37.6167 216.736 -7.62939e-07
      vertex 37.5437 218.523 -7.62939e-07
      vertex 37.6518 218.508 -7.62939e-07
    endloop
  endfacet
  facet normal 0 0 -1
    outer loop
      vertex 36.5785 217.533 -7.62939e-07
      vertex 37.5437 218.523 -7.62939e-07
      vertex 37.6167 216.736 -7.62939e-07
    endloop
  endfacet
  facet normal -0 0 -1
    outer loop
      vertex 37.5437 218.523 -7.62939e-07
      vertex 36.5785 217.533 -7.62939e-07
      vertex 37.4372 218.546 -7.62939e-07
    endloop
  endfacet
  facet normal -0 0 -1
    outer loop
      vertex 37.4372 218.546 -7.62939e-07
      vertex 36.5785 217.533 -7.62939e-07
      vertex 37.3332 218.579 -7.62939e-07
    endloop
  endfacet
  facet normal -0 0 -1
    outer loop
      vertex 37.3332 218.579 -7.62939e-07
      vertex 36.5785 217.533 -7.62939e-07
      vertex 37.2325 218.621 -7.62939e-07
    endloop
  endfacet
  facet normal -0 0 -1
    outer loop
      vertex 37.2325 218.621 -7.62939e-07
      vertex 36.5785 217.533 -7.62939e-07
      vertex 37.1358 218.671 -7.62939e-07
    endloop
  endfacet
  facet normal -0 0 -1
    outer loop
      vertex 37.1358 218.671 -7.62939e-07
      vertex 36.5785 217.533 -7.62939e-07
      vertex 37.0438 218.73 -7.62939e-07
    endloop
  endfacet
  facet normal -0 0 -1
    outer loop
      vertex 37.0438 218.73 -7.62939e-07
      vertex 36.5785 217.533 -7.62939e-07
      vertex 36.9573 218.796 -7.62939e-07
    endloop
  endfacet
  facet normal -0 0 -1
    outer loop
      vertex 36.9573 218.796 -7.62939e-07
      vertex 36.5785 217.533 -7.62939e-07
      vertex 36.8769 218.87 -7.62939e-07
    endloop
  endfacet
  facet normal 0 0 -1
    outer loop
      vertex 35.4749 218.236 -7.62939e-07
      vertex 36.8769 218.87 -7.62939e-07
      vertex 36.5785 217.533 -7.62939e-07
    endloop
  endfacet
  facet normal -0 0 -1
    outer loop
      vertex 36.8769 218.87 -7.62939e-07
      vertex 35.4749 218.236 -7.62939e-07
      vertex 36.8032 218.95 -7.62939e-07
    endloop
  endfacet
  facet normal -0 0 -1
    outer loop
      vertex 36.8032 218.95 -7.62939e-07
      vertex 35.4749 218.236 -7.62939e-07
      vertex 36.7368 219.037 -7.62939e-07
    endloop
  endfacet
  facet normal -0 0 -1
    outer loop
      vertex 36.7368 219.037 -7.62939e-07
      vertex 35.4749 218.236 -7.62939e-07
      vertex 36.6782 219.129 -7.62939e-07
    endloop
  endfacet
  facet normal -0 0 -1
    outer loop
      vertex 36.6782 219.129 -7.62939e-07
      vertex 35.4749 218.236 -7.62939e-07
      vertex 36.6279 219.225 -7.62939e-07
    endloop
  endfacet
  facet normal -0 0 -1
    outer loop
      vertex 36.6279 219.225 -7.62939e-07
      vertex 35.4749 218.236 -7.62939e-07
      vertex 36.5861 219.326 -7.62939e-07
    endloop
  endfacet
  facet normal -0 0 -1
    outer loop
      vertex 36.5861 219.326 -7.62939e-07
      vertex 35.4749 218.236 -7.62939e-07
      vertex 36.5534 219.43 -7.62939e-07
    endloop
  endfacet
  facet normal -0 0 -1
    outer loop
      vertex 36.5534 219.43 -7.62939e-07
      vertex 35.4749 218.236 -7.62939e-07
      vertex 36.5298 219.537 -7.62939e-07
    endloop
  endfacet
  facet normal 0 0 -1
    outer loop
      vertex 34.3142 218.84 -7.62939e-07
      vertex 36.5298 219.537 -7.62939e-07
      vertex 35.4749 218.236 -7.62939e-07
    endloop
  endfacet
  facet normal -0 0 -1
    outer loop
      vertex 36.5298 219.537 -7.62939e-07
      vertex 34.3142 218.84 -7.62939e-07
      vertex 36.5155 219.645 -7.62939e-07
    endloop
  endfacet
  facet normal 0 0 -1
    outer loop
      vertex 38.7183 220.557 -7.62939e-07
      vertex 42.357 223.61 -7.62939e-07
      vertex 38.7847 220.471 -7.62939e-07
    endloop
  endfacet
  facet normal -0 0 -1
    outer loop
      vertex 42.357 223.61 -7.62939e-07
      vertex 38.7183 220.557 -7.62939e-07
      vertex 42.0034 223.996 -7.62939e-07
    endloop
  endfacet
  facet normal 0 0 -1
    outer loop
      vertex 38.6446 220.637 -7.62939e-07
      vertex 42.0034 223.996 -7.62939e-07
      vertex 38.7183 220.557 -7.62939e-07
    endloop
  endfacet
  facet normal -0 0 -1
    outer loop
      vertex 42.0034 223.996 -7.62939e-07
      vertex 38.6446 220.637 -7.62939e-07
      vertex 41.6175 224.35 -7.62939e-07
    endloop
  endfacet
  facet normal 0 0 -1
    outer loop
      vertex 38.5642 220.711 -7.62939e-07
      vertex 41.6175 224.35 -7.62939e-07
      vertex 38.6446 220.637 -7.62939e-07
    endloop
  endfacet
  facet normal -0 0 -1
    outer loop
      vertex 41.6175 224.35 -7.62939e-07
      vertex 38.5642 220.711 -7.62939e-07
      vertex 41.2022 224.669 -7.62939e-07
    endloop
  endfacet
  facet normal 0 0 -1
    outer loop
      vertex 38.4777 220.778 -7.62939e-07
      vertex 41.2022 224.669 -7.62939e-07
      vertex 38.5642 220.711 -7.62939e-07
    endloop
  endfacet
  facet normal -0 0 -1
    outer loop
      vertex 41.2022 224.669 -7.62939e-07
      vertex 38.4777 220.778 -7.62939e-07
      vertex 40.7608 224.95 -7.62939e-07
    endloop
  endfacet
  facet normal 0 0 -1
    outer loop
      vertex 38.3858 220.836 -7.62939e-07
      vertex 40.7608 224.95 -7.62939e-07
      vertex 38.4777 220.778 -7.62939e-07
    endloop
  endfacet
  facet normal -0 0 -1
    outer loop
      vertex 40.7608 224.95 -7.62939e-07
      vertex 38.3858 220.836 -7.62939e-07
      vertex 40.2965 225.191 -7.62939e-07
    endloop
  endfacet
  facet normal 0 0 -1
    outer loop
      vertex 38.289 220.887 -7.62939e-07
      vertex 40.2965 225.191 -7.62939e-07
      vertex 38.3858 220.836 -7.62939e-07
    endloop
  endfacet
  facet normal -0 0 -1
    outer loop
      vertex 40.2965 225.191 -7.62939e-07
      vertex 38.289 220.887 -7.62939e-07
      vertex 39.8129 225.392 -7.62939e-07
    endloop
  endfacet
  facet normal 0 0 -1
    outer loop
      vertex 38.1883 220.928 -7.62939e-07
      vertex 39.8129 225.392 -7.62939e-07
      vertex 38.289 220.887 -7.62939e-07
    endloop
  endfacet
  facet normal -0 0 -1
    outer loop
      vertex 39.8129 225.392 -7.62939e-07
      vertex 38.1883 220.928 -7.62939e-07
      vertex 39.3137 225.549 -7.62939e-07
    endloop
  endfacet
  facet normal 0 0 -1
    outer loop
      vertex 38.0843 220.961 -7.62939e-07
      vertex 39.3137 225.549 -7.62939e-07
      vertex 38.1883 220.928 -7.62939e-07
    endloop
  endfacet
  facet normal -0 0 -1
    outer loop
      vertex 39.3137 225.549 -7.62939e-07
      vertex 38.0843 220.961 -7.62939e-07
      vertex 38.8026 225.662 -7.62939e-07
    endloop
  endfacet
  facet normal 0 0 -1
    outer loop
      vertex 37.9778 220.985 -7.62939e-07
      vertex 38.8026 225.662 -7.62939e-07
      vertex 38.0843 220.961 -7.62939e-07
    endloop
  endfacet
  facet normal -0 0 -1
    outer loop
      vertex 38.8026 225.662 -7.62939e-07
      vertex 37.9778 220.985 -7.62939e-07
      vertex 38.2837 225.731 -7.62939e-07
    endloop
  endfacet
  facet normal 0 0 -1
    outer loop
      vertex 37.8697 220.999 -7.62939e-07
      vertex 38.2837 225.731 -7.62939e-07
      vertex 37.9778 220.985 -7.62939e-07
    endloop
  endfacet
  facet normal 0 0 -1
    outer loop
      vertex 37.7608 221.004 -7.62939e-07
      vertex 38.2837 225.731 -7.62939e-07
      vertex 37.8697 220.999 -7.62939e-07
    endloop
  endfacet
  facet normal 0 0 -1
    outer loop
      vertex 37.6518 220.999 -7.62939e-07
      vertex 38.2837 225.731 -7.62939e-07
      vertex 37.7608 221.004 -7.62939e-07
    endloop
  endfacet
  facet normal 0 0 -1
    outer loop
      vertex 37.5437 220.985 -7.62939e-07
      vertex 38.2837 225.731 -7.62939e-07
      vertex 37.6518 220.999 -7.62939e-07
    endloop
  endfacet
  facet normal 0 0 -1
    outer loop
      vertex 37.4372 220.961 -7.62939e-07
      vertex 38.2837 225.731 -7.62939e-07
      vertex 37.5437 220.985 -7.62939e-07
    endloop
  endfacet
  facet normal 0 0 -1
    outer loop
      vertex 37.3332 220.928 -7.62939e-07
      vertex 38.2837 225.731 -7.62939e-07
      vertex 37.4372 220.961 -7.62939e-07
    endloop
  endfacet
  facet normal 0 0 -1
    outer loop
      vertex 37.2325 220.887 -7.62939e-07
      vertex 38.2837 225.731 -7.62939e-07
      vertex 37.3332 220.928 -7.62939e-07
    endloop
  endfacet
  facet normal 0 0 -1
    outer loop
      vertex 37.1358 220.836 -7.62939e-07
      vertex 38.2837 225.731 -7.62939e-07
      vertex 37.2325 220.887 -7.62939e-07
    endloop
  endfacet
  facet normal 0 0 -1
    outer loop
      vertex 37.0438 220.778 -7.62939e-07
      vertex 38.2837 225.731 -7.62939e-07
      vertex 37.1358 220.836 -7.62939e-07
    endloop
  endfacet
  facet normal 0 0 -1
    outer loop
      vertex 36.9573 220.711 -7.62939e-07
      vertex 38.2837 225.731 -7.62939e-07
      vertex 37.0438 220.778 -7.62939e-07
    endloop
  endfacet
  facet normal 0 0 -1
    outer loop
      vertex 29.8052 226.166 -7.62939e-07
      vertex 36.9573 220.711 -7.62939e-07
      vertex 36.8769 220.637 -7.62939e-07
    endloop
  endfacet
  facet normal 0 0 -1
    outer loop
      vertex 33.1052 219.341 -7.62939e-07
      vertex 36.8769 220.637 -7.62939e-07
      vertex 36.8032 220.557 -7.62939e-07
    endloop
  endfacet
  facet normal 0 0 -1
    outer loop
      vertex 33.1052 219.341 -7.62939e-07
      vertex 36.8032 220.557 -7.62939e-07
      vertex 36.7368 220.471 -7.62939e-07
    endloop
  endfacet
  facet normal 0 0 -1
    outer loop
      vertex 33.1052 219.341 -7.62939e-07
      vertex 36.7368 220.471 -7.62939e-07
      vertex 36.6782 220.379 -7.62939e-07
    endloop
  endfacet
  facet normal 0 0 -1
    outer loop
      vertex 33.1052 219.341 -7.62939e-07
      vertex 36.6782 220.379 -7.62939e-07
      vertex 36.6279 220.282 -7.62939e-07
    endloop
  endfacet
  facet normal 0 0 -1
    outer loop
      vertex 33.1052 219.341 -7.62939e-07
      vertex 36.6279 220.282 -7.62939e-07
      vertex 36.5861 220.181 -7.62939e-07
    endloop
  endfacet
  facet normal 0 0 -1
    outer loop
      vertex 34.3142 218.84 -7.62939e-07
      vertex 36.5861 220.181 -7.62939e-07
      vertex 36.5534 220.077 -7.62939e-07
    endloop
  endfacet
  facet normal -0 0 -1
    outer loop
      vertex 36.5155 219.645 -7.62939e-07
      vertex 34.3142 218.84 -7.62939e-07
      vertex 36.5108 219.754 -7.62939e-07
    endloop
  endfacet
  facet normal -0 0 -1
    outer loop
      vertex 36.5108 219.754 -7.62939e-07
      vertex 34.3142 218.84 -7.62939e-07
      vertex 36.5155 219.863 -7.62939e-07
    endloop
  endfacet
  facet normal -0 0 -1
    outer loop
      vertex 36.5155 219.863 -7.62939e-07
      vertex 34.3142 218.84 -7.62939e-07
      vertex 36.5298 219.971 -7.62939e-07
    endloop
  endfacet
  facet normal -0 0 -1
    outer loop
      vertex 36.5298 219.971 -7.62939e-07
      vertex 34.3142 218.84 -7.62939e-07
      vertex 36.5534 220.077 -7.62939e-07
    endloop
  endfacet
  facet normal 0 0 -1
    outer loop
      vertex 36.5861 220.181 -7.62939e-07
      vertex 34.3142 218.84 -7.62939e-07
      vertex 33.1052 219.341 -7.62939e-07
    endloop
  endfacet
  facet normal 0 0 -1
    outer loop
      vertex 36.8769 220.637 -7.62939e-07
      vertex 33.1052 219.341 -7.62939e-07
      vertex 31.8572 219.734 -7.62939e-07
    endloop
  endfacet
  facet normal -0 0 -1
    outer loop
      vertex 36.8769 220.637 -7.62939e-07
      vertex 31.8572 219.734 -7.62939e-07
      vertex 29.8052 226.166 -7.62939e-07
    endloop
  endfacet
  facet normal 0 0 -1
    outer loop
      vertex 29.8052 226.166 -7.62939e-07
      vertex 31.8572 219.734 -7.62939e-07
      vertex 30.5796 220.018 -7.62939e-07
    endloop
  endfacet
  facet normal 0 0 -1
    outer loop
      vertex 36.9573 220.711 -7.62939e-07
      vertex 29.8052 226.166 -7.62939e-07
      vertex 38.2837 225.731 -7.62939e-07
    endloop
  endfacet
  facet normal 0 0 -1
    outer loop
      vertex 29.2822 220.188 -7.62939e-07
      vertex 29.8052 226.166 -7.62939e-07
      vertex 30.5796 220.018 -7.62939e-07
    endloop
  endfacet
  facet normal 0 0 -1
    outer loop
      vertex 27.9749 220.245 -7.62939e-07
      vertex 29.8052 226.166 -7.62939e-07
      vertex 29.2822 220.188 -7.62939e-07
    endloop
  endfacet
  facet normal 0 0 -1
    outer loop
      vertex 27.9749 220.245 -7.62939e-07
      vertex 27.9749 226.245 -7.62939e-07
      vertex 29.8052 226.166 -7.62939e-07
    endloop
  endfacet
  facet normal 0 0 -1
    outer loop
      vertex 26.6675 220.188 -7.62939e-07
      vertex 27.9749 226.245 -7.62939e-07
      vertex 27.9749 220.245 -7.62939e-07
    endloop
  endfacet
  facet normal 0 0 -1
    outer loop
      vertex 26.6675 220.188 -7.62939e-07
      vertex 26.1446 226.166 -7.62939e-07
      vertex 27.9749 226.245 -7.62939e-07
    endloop
  endfacet
  facet normal 0 0 -1
    outer loop
      vertex 25.3702 220.018 -7.62939e-07
      vertex 26.1446 226.166 -7.62939e-07
      vertex 26.6675 220.188 -7.62939e-07
    endloop
  endfacet
  facet normal 0 0 -1
    outer loop
      vertex 25.3702 220.018 -7.62939e-07
      vertex 24.3283 225.926 -7.62939e-07
      vertex 26.1446 226.166 -7.62939e-07
    endloop
  endfacet
  facet normal 0 0 -1
    outer loop
      vertex 24.0926 219.734 -7.62939e-07
      vertex 24.3283 225.926 -7.62939e-07
      vertex 25.3702 220.018 -7.62939e-07
    endloop
  endfacet
  facet normal 0 0 -1
    outer loop
      vertex 22.5397 225.53 -7.62939e-07
      vertex 24.0926 219.734 -7.62939e-07
      vertex 22.8446 219.341 -7.62939e-07
    endloop
  endfacet
  facet normal 0 0 -1
    outer loop
      vertex 24.0926 219.734 -7.62939e-07
      vertex 22.5397 225.53 -7.62939e-07
      vertex 24.3283 225.926 -7.62939e-07
    endloop
  endfacet
  facet normal 0 0 -1
    outer loop
      vertex 20.7925 224.979 -7.62939e-07
      vertex 22.8446 219.341 -7.62939e-07
      vertex 21.6356 218.84 -7.62939e-07
    endloop
  endfacet
  facet normal 0 0 -1
    outer loop
      vertex 22.8446 219.341 -7.62939e-07
      vertex 20.7925 224.979 -7.62939e-07
      vertex 22.5397 225.53 -7.62939e-07
    endloop
  endfacet
  facet normal 0 0 -1
    outer loop
      vertex 19.0999 224.278 -7.62939e-07
      vertex 21.6356 218.84 -7.62939e-07
      vertex 20.4749 218.236 -7.62939e-07
    endloop
  endfacet
  facet normal 0 0 -1
    outer loop
      vertex 17.4749 223.432 -7.62939e-07
      vertex 20.4749 218.236 -7.62939e-07
      vertex 19.3712 217.533 -7.62939e-07
    endloop
  endfacet
  facet normal 0 0 -1
    outer loop
      vertex 21.6356 218.84 -7.62939e-07
      vertex 19.0999 224.278 -7.62939e-07
      vertex 20.7925 224.979 -7.62939e-07
    endloop
  endfacet
  facet normal 0 0 -1
    outer loop
      vertex 15.9298 222.448 -7.62939e-07
      vertex 19.3712 217.533 -7.62939e-07
      vertex 18.3331 216.736 -7.62939e-07
    endloop
  endfacet
  facet normal 0 0 -1
    outer loop
      vertex 20.4749 218.236 -7.62939e-07
      vertex 17.4749 223.432 -7.62939e-07
      vertex 19.0999 224.278 -7.62939e-07
    endloop
  endfacet
  facet normal 0 0 -1
    outer loop
      vertex 14.4763 221.332 -7.62939e-07
      vertex 18.3331 216.736 -7.62939e-07
      vertex 17.3683 215.852 -7.62939e-07
    endloop
  endfacet
  facet normal 0 0 -1
    outer loop
      vertex 13.1256 220.095 -7.62939e-07
      vertex 17.3683 215.852 -7.62939e-07
      vertex 16.4842 214.887 -7.62939e-07
    endloop
  endfacet
  facet normal 0 0 -1
    outer loop
      vertex 19.3712 217.533 -7.62939e-07
      vertex 15.9298 222.448 -7.62939e-07
      vertex 17.4749 223.432 -7.62939e-07
    endloop
  endfacet
  facet normal 0 0 -1
    outer loop
      vertex 11.888 218.744 -7.62939e-07
      vertex 16.4842 214.887 -7.62939e-07
      vertex 15.6876 213.849 -7.62939e-07
    endloop
  endfacet
  facet normal 0 0 -1
    outer loop
      vertex 11.888 218.744 -7.62939e-07
      vertex 15.6876 213.849 -7.62939e-07
      vertex 14.9845 212.745 -7.62939e-07
    endloop
  endfacet
  facet normal 0 0 -1
    outer loop
      vertex 18.3331 216.736 -7.62939e-07
      vertex 14.4763 221.332 -7.62939e-07
      vertex 15.9298 222.448 -7.62939e-07
    endloop
  endfacet
  facet normal 0 0 -1
    outer loop
      vertex 11.888 218.744 -7.62939e-07
      vertex 14.9845 212.745 -7.62939e-07
      vertex 14.3803 211.585 -7.62939e-07
    endloop
  endfacet
  facet normal 0 0 -1
    outer loop
      vertex 11.888 218.744 -7.62939e-07
      vertex 14.3803 211.585 -7.62939e-07
      vertex 13.8795 210.376 -7.62939e-07
    endloop
  endfacet
  facet normal 0 0 -1
    outer loop
      vertex 11.888 218.744 -7.62939e-07
      vertex 13.8795 210.376 -7.62939e-07
      vertex 13.486 209.128 -7.62939e-07
    endloop
  endfacet
  facet normal 0 0 -1
    outer loop
      vertex 11.888 218.744 -7.62939e-07
      vertex 13.486 209.128 -7.62939e-07
      vertex 13.2028 207.85 -7.62939e-07
    endloop
  endfacet
  facet normal 0 0 -1
    outer loop
      vertex 17.3683 215.852 -7.62939e-07
      vertex 13.1256 220.095 -7.62939e-07
      vertex 14.4763 221.332 -7.62939e-07
    endloop
  endfacet
  facet normal 0 0 -1
    outer loop
      vertex 11.888 218.744 -7.62939e-07
      vertex 13.2028 207.85 -7.62939e-07
      vertex 13.032 206.553 -7.62939e-07
    endloop
  endfacet
  facet normal 0 0 -1
    outer loop
      vertex 11.888 218.744 -7.62939e-07
      vertex 13.032 206.553 -7.62939e-07
      vertex 12.9749 205.245 -7.62939e-07
    endloop
  endfacet
  facet normal 0 0 -1
    outer loop
      vertex 16.4842 214.887 -7.62939e-07
      vertex 11.888 218.744 -7.62939e-07
      vertex 13.1256 220.095 -7.62939e-07
    endloop
  endfacet
  facet normal -0.996256 -0.0864562 0
    outer loop
      vertex 9 181 -7.62939e-07
      vertex 7.0548 203.415 6
      vertex 7.0548 203.415 -7.62939e-07
    endloop
  endfacet
  facet normal -0.996256 -0.0864562 0
    outer loop
      vertex 7.0548 203.415 6
      vertex 9 181 -7.62939e-07
      vertex 9 181 6
    endloop
  endfacet
  facet normal 0 -1 0
    outer loop
      vertex 16.5176 181 17.1319
      vertex 9 181 19.7
      vertex 16.3473 181 17.1696
    endloop
  endfacet
  facet normal 0 -1 0
    outer loop
      vertex 47 181 19.7
      vertex 39.8257 181 17.1924
      vertex 40 181 17.2
    endloop
  endfacet
  facet normal 0 -1 0
    outer loop
      vertex 9 181 19.7
      vertex 16.5176 181 17.1319
      vertex 47 181 19.7
    endloop
  endfacet
  facet normal 0 -1 0
    outer loop
      vertex 47 181 19.7
      vertex 39.6527 181 17.1696
      vertex 39.8257 181 17.1924
    endloop
  endfacet
  facet normal 0 -1 0
    outer loop
      vertex 39.4824 181 17.1319
      vertex 47 181 19.7
      vertex 16.5176 181 17.1319
    endloop
  endfacet
  facet normal 0 -1 0
    outer loop
      vertex 47 181 19.7
      vertex 39.4824 181 17.1319
      vertex 39.6527 181 17.1696
    endloop
  endfacet
  facet normal 0 -1 0
    outer loop
      vertex 16.684 181 17.0794
      vertex 39.4824 181 17.1319
      vertex 16.5176 181 17.1319
    endloop
  endfacet
  facet normal 0 -1 0
    outer loop
      vertex 16.684 181 17.0794
      vertex 39.316 181 17.0794
      vertex 39.4824 181 17.1319
    endloop
  endfacet
  facet normal 0 -1 0
    outer loop
      vertex 16.8452 181 17.0126
      vertex 39.316 181 17.0794
      vertex 16.684 181 17.0794
    endloop
  endfacet
  facet normal 0 -1 0
    outer loop
      vertex 16.8452 181 17.0126
      vertex 39.1548 181 17.0126
      vertex 39.316 181 17.0794
    endloop
  endfacet
  facet normal 0 -1 0
    outer loop
      vertex 17 181 16.9321
      vertex 39.1548 181 17.0126
      vertex 16.8452 181 17.0126
    endloop
  endfacet
  facet normal 0 -1 0
    outer loop
      vertex 17 181 16.9321
      vertex 39 181 16.9321
      vertex 39.1548 181 17.0126
    endloop
  endfacet
  facet normal 0 -1 0
    outer loop
      vertex 17.1472 181 16.8383
      vertex 39 181 16.9321
      vertex 17 181 16.9321
    endloop
  endfacet
  facet normal 0 -1 0
    outer loop
      vertex 17.1472 181 16.8383
      vertex 38.8528 181 16.8383
      vertex 39 181 16.9321
    endloop
  endfacet
  facet normal 0 -1 0
    outer loop
      vertex 17.2856 181 16.7321
      vertex 38.8528 181 16.8383
      vertex 17.1472 181 16.8383
    endloop
  endfacet
  facet normal 0 -1 0
    outer loop
      vertex 17.2856 181 16.7321
      vertex 38.7144 181 16.7321
      vertex 38.8528 181 16.8383
    endloop
  endfacet
  facet normal 0 -1 0
    outer loop
      vertex 17.4142 181 16.6142
      vertex 38.7144 181 16.7321
      vertex 17.2856 181 16.7321
    endloop
  endfacet
  facet normal 0 -1 0
    outer loop
      vertex 17.4142 181 16.6142
      vertex 38.5858 181 16.6142
      vertex 38.7144 181 16.7321
    endloop
  endfacet
  facet normal 0 -1 0
    outer loop
      vertex 17.5321 181 16.4856
      vertex 38.5858 181 16.6142
      vertex 17.4142 181 16.6142
    endloop
  endfacet
  facet normal 0 -1 0
    outer loop
      vertex 17.5321 181 16.4856
      vertex 38.4679 181 16.4856
      vertex 38.5858 181 16.6142
    endloop
  endfacet
  facet normal 0 -1 0
    outer loop
      vertex 17.6383 181 16.3472
      vertex 38.4679 181 16.4856
      vertex 17.5321 181 16.4856
    endloop
  endfacet
  facet normal 0 -1 0
    outer loop
      vertex 17.6383 181 16.3472
      vertex 38.3617 181 16.3472
      vertex 38.4679 181 16.4856
    endloop
  endfacet
  facet normal 0 -1 0
    outer loop
      vertex 17.732 181 16.2
      vertex 38.3617 181 16.3472
      vertex 17.6383 181 16.3472
    endloop
  endfacet
  facet normal 0 -1 0
    outer loop
      vertex 17.732 181 16.2
      vertex 38.2679 181 16.2
      vertex 38.3617 181 16.3472
    endloop
  endfacet
  facet normal 0 -1 0
    outer loop
      vertex 17.8126 181 16.0452
      vertex 38.2679 181 16.2
      vertex 17.732 181 16.2
    endloop
  endfacet
  facet normal 0 -1 0
    outer loop
      vertex 17.8126 181 16.0452
      vertex 38.1874 181 16.0452
      vertex 38.2679 181 16.2
    endloop
  endfacet
  facet normal 0 -1 0
    outer loop
      vertex 17.8794 181 15.884
      vertex 38.1874 181 16.0452
      vertex 17.8126 181 16.0452
    endloop
  endfacet
  facet normal 0 -1 0
    outer loop
      vertex 17.8794 181 15.884
      vertex 38.1206 181 15.884
      vertex 38.1874 181 16.0452
    endloop
  endfacet
  facet normal 0 -1 0
    outer loop
      vertex 17.9319 181 15.7176
      vertex 38.1206 181 15.884
      vertex 17.8794 181 15.884
    endloop
  endfacet
  facet normal 0 -1 0
    outer loop
      vertex 17.9319 181 15.7176
      vertex 38.0681 181 15.7176
      vertex 38.1206 181 15.884
    endloop
  endfacet
  facet normal 0 -1 0
    outer loop
      vertex 17.9696 181 15.5473
      vertex 38.0681 181 15.7176
      vertex 17.9319 181 15.7176
    endloop
  endfacet
  facet normal 0 -1 0
    outer loop
      vertex 17.9696 181 15.5473
      vertex 38.0304 181 15.5473
      vertex 38.0681 181 15.7176
    endloop
  endfacet
  facet normal 0 -1 0
    outer loop
      vertex 17.9924 181 15.3743
      vertex 38.0304 181 15.5473
      vertex 17.9696 181 15.5473
    endloop
  endfacet
  facet normal 0 -1 0
    outer loop
      vertex 17.9924 181 15.3743
      vertex 38.0076 181 15.3743
      vertex 38.0304 181 15.5473
    endloop
  endfacet
  facet normal 0 -1 0
    outer loop
      vertex 18 181 15.2
      vertex 38.0076 181 15.3743
      vertex 17.9924 181 15.3743
    endloop
  endfacet
  facet normal 0 -1 0
    outer loop
      vertex 18 181 15.2
      vertex 38 181 15.2
      vertex 38.0076 181 15.3743
    endloop
  endfacet
  facet normal 0 -1 0
    outer loop
      vertex 17.9924 181 15.0257
      vertex 38 181 15.2
      vertex 18 181 15.2
    endloop
  endfacet
  facet normal 0 -1 0
    outer loop
      vertex 17.9924 181 15.0257
      vertex 38.0076 181 15.0257
      vertex 38 181 15.2
    endloop
  endfacet
  facet normal 0 -1 0
    outer loop
      vertex 17.9696 181 14.8527
      vertex 38.0076 181 15.0257
      vertex 17.9924 181 15.0257
    endloop
  endfacet
  facet normal 0 -1 0
    outer loop
      vertex 17.9696 181 14.8527
      vertex 38.0304 181 14.8527
      vertex 38.0076 181 15.0257
    endloop
  endfacet
  facet normal 0 -1 0
    outer loop
      vertex 17.9319 181 14.6824
      vertex 38.0304 181 14.8527
      vertex 17.9696 181 14.8527
    endloop
  endfacet
  facet normal 0 -1 0
    outer loop
      vertex 17.9319 181 14.6824
      vertex 38.0681 181 14.6824
      vertex 38.0304 181 14.8527
    endloop
  endfacet
  facet normal 0 -1 0
    outer loop
      vertex 17.8794 181 14.516
      vertex 38.0681 181 14.6824
      vertex 17.9319 181 14.6824
    endloop
  endfacet
  facet normal 0 -1 0
    outer loop
      vertex 17.8794 181 14.516
      vertex 38.1206 181 14.516
      vertex 38.0681 181 14.6824
    endloop
  endfacet
  facet normal 0 -1 0
    outer loop
      vertex 17.8126 181 14.3548
      vertex 38.1206 181 14.516
      vertex 17.8794 181 14.516
    endloop
  endfacet
  facet normal 0 -1 0
    outer loop
      vertex 17.8126 181 14.3548
      vertex 38.1874 181 14.3548
      vertex 38.1206 181 14.516
    endloop
  endfacet
  facet normal 0 -1 0
    outer loop
      vertex 17.732 181 14.2
      vertex 38.1874 181 14.3548
      vertex 17.8126 181 14.3548
    endloop
  endfacet
  facet normal 0 -1 0
    outer loop
      vertex 17.732 181 14.2
      vertex 38.2679 181 14.2
      vertex 38.1874 181 14.3548
    endloop
  endfacet
  facet normal 0 -1 0
    outer loop
      vertex 17.6383 181 14.0528
      vertex 38.2679 181 14.2
      vertex 17.732 181 14.2
    endloop
  endfacet
  facet normal 0 -1 0
    outer loop
      vertex 17.6383 181 14.0528
      vertex 38.3617 181 14.0528
      vertex 38.2679 181 14.2
    endloop
  endfacet
  facet normal 0 -1 0
    outer loop
      vertex 17.5321 181 13.9144
      vertex 38.3617 181 14.0528
      vertex 17.6383 181 14.0528
    endloop
  endfacet
  facet normal 0 -1 0
    outer loop
      vertex 17.5321 181 13.9144
      vertex 38.4679 181 13.9144
      vertex 38.3617 181 14.0528
    endloop
  endfacet
  facet normal 0 -1 0
    outer loop
      vertex 17.4142 181 13.7858
      vertex 38.4679 181 13.9144
      vertex 17.5321 181 13.9144
    endloop
  endfacet
  facet normal 0 -1 0
    outer loop
      vertex 17.4142 181 13.7858
      vertex 38.5858 181 13.7858
      vertex 38.4679 181 13.9144
    endloop
  endfacet
  facet normal 0 -1 0
    outer loop
      vertex 17.2856 181 13.6679
      vertex 38.5858 181 13.7858
      vertex 17.4142 181 13.7858
    endloop
  endfacet
  facet normal 0 -1 0
    outer loop
      vertex 17.2856 181 13.6679
      vertex 38.7144 181 13.6679
      vertex 38.5858 181 13.7858
    endloop
  endfacet
  facet normal 0 -1 0
    outer loop
      vertex 17.1472 181 13.5617
      vertex 38.7144 181 13.6679
      vertex 17.2856 181 13.6679
    endloop
  endfacet
  facet normal 0 -1 0
    outer loop
      vertex 17.1472 181 13.5617
      vertex 38.8528 181 13.5617
      vertex 38.7144 181 13.6679
    endloop
  endfacet
  facet normal 0 -1 0
    outer loop
      vertex 9 181 -7.62939e-07
      vertex 17.1472 181 13.5617
      vertex 17 181 13.4679
    endloop
  endfacet
  facet normal 0 -1 -0
    outer loop
      vertex 17.1472 181 13.5617
      vertex 9 181 -7.62939e-07
      vertex 38.8528 181 13.5617
    endloop
  endfacet
  facet normal 0 -1 0
    outer loop
      vertex 9 181 -7.62939e-07
      vertex 17 181 13.4679
      vertex 16.8452 181 13.3874
    endloop
  endfacet
  facet normal 0 -1 0
    outer loop
      vertex 47 181 -7.62939e-07
      vertex 38.8528 181 13.5617
      vertex 9 181 -7.62939e-07
    endloop
  endfacet
  facet normal 0 -1 0
    outer loop
      vertex 9 181 -7.62939e-07
      vertex 16.8452 181 13.3874
      vertex 16.684 181 13.3206
    endloop
  endfacet
  facet normal 0 -1 0
    outer loop
      vertex 38.8528 181 13.5617
      vertex 47 181 -7.62939e-07
      vertex 39 181 13.4679
    endloop
  endfacet
  facet normal 0 -1 0
    outer loop
      vertex 9 181 -7.62939e-07
      vertex 16.684 181 13.3206
      vertex 16.5176 181 13.2681
    endloop
  endfacet
  facet normal 0 -1 0
    outer loop
      vertex 39 181 13.4679
      vertex 47 181 -7.62939e-07
      vertex 39.1548 181 13.3874
    endloop
  endfacet
  facet normal 0 -1 0
    outer loop
      vertex 9 181 6
      vertex 16.5176 181 13.2681
      vertex 16.3473 181 13.2304
    endloop
  endfacet
  facet normal 0 -1 0
    outer loop
      vertex 39.1548 181 13.3874
      vertex 47 181 -7.62939e-07
      vertex 39.316 181 13.3206
    endloop
  endfacet
  facet normal 0 -1 0
    outer loop
      vertex 9 181 6
      vertex 16.3473 181 13.2304
      vertex 16.1743 181 13.2076
    endloop
  endfacet
  facet normal 0 -1 0
    outer loop
      vertex 39.316 181 13.3206
      vertex 47 181 -7.62939e-07
      vertex 39.4824 181 13.2681
    endloop
  endfacet
  facet normal 0 -1 0
    outer loop
      vertex 9 181 6
      vertex 16.1743 181 13.2076
      vertex 16 181 13.2
    endloop
  endfacet
  facet normal -0 -1 -0
    outer loop
      vertex 47 181 6
      vertex 39.4824 181 13.2681
      vertex 47 181 -7.62939e-07
    endloop
  endfacet
  facet normal 0 -1 0
    outer loop
      vertex 16.1743 181 17.1924
      vertex 9 181 19.7
      vertex 16 181 17.2
    endloop
  endfacet
  facet normal 0 -1 0
    outer loop
      vertex 9 181 19.7
      vertex 15.8257 181 17.1924
      vertex 16 181 17.2
    endloop
  endfacet
  facet normal 0 -1 0
    outer loop
      vertex 9 181 19.7
      vertex 15.6527 181 17.1696
      vertex 15.8257 181 17.1924
    endloop
  endfacet
  facet normal 0 -1 0
    outer loop
      vertex 9 181 19.7
      vertex 15.4824 181 17.1319
      vertex 15.6527 181 17.1696
    endloop
  endfacet
  facet normal 0 -1 0
    outer loop
      vertex 9 181 19.7
      vertex 15.316 181 17.0794
      vertex 15.4824 181 17.1319
    endloop
  endfacet
  facet normal 0 -1 0
    outer loop
      vertex 9 181 19.7
      vertex 15.1548 181 17.0126
      vertex 15.316 181 17.0794
    endloop
  endfacet
  facet normal 0 -1 0
    outer loop
      vertex 9 181 19.7
      vertex 15 181 16.9321
      vertex 15.1548 181 17.0126
    endloop
  endfacet
  facet normal 0 -1 0
    outer loop
      vertex 9 181 19.7
      vertex 14.8528 181 16.8383
      vertex 15 181 16.9321
    endloop
  endfacet
  facet normal 0 -1 0
    outer loop
      vertex 9 181 19.7
      vertex 14.7144 181 16.7321
      vertex 14.8528 181 16.8383
    endloop
  endfacet
  facet normal 0 -1 0
    outer loop
      vertex 9 181 19.7
      vertex 14.5858 181 16.6142
      vertex 14.7144 181 16.7321
    endloop
  endfacet
  facet normal 0 -1 0
    outer loop
      vertex 9 181 19.7
      vertex 14.4679 181 16.4856
      vertex 14.5858 181 16.6142
    endloop
  endfacet
  facet normal 0 -1 0
    outer loop
      vertex 9 181 19.7
      vertex 14.3617 181 16.3472
      vertex 14.4679 181 16.4856
    endloop
  endfacet
  facet normal 0 -1 0
    outer loop
      vertex 9 181 19.7
      vertex 14.2679 181 16.2
      vertex 14.3617 181 16.3472
    endloop
  endfacet
  facet normal 0 -1 0
    outer loop
      vertex 9 181 19.7
      vertex 14.1874 181 16.0452
      vertex 14.2679 181 16.2
    endloop
  endfacet
  facet normal 0 -1 0
    outer loop
      vertex 9 181 19.7
      vertex 14.1206 181 15.884
      vertex 14.1874 181 16.0452
    endloop
  endfacet
  facet normal 0 -1 0
    outer loop
      vertex 9 181 19.7
      vertex 14.0681 181 15.7176
      vertex 14.1206 181 15.884
    endloop
  endfacet
  facet normal 0 -1 0
    outer loop
      vertex 9 181 19.7
      vertex 14.0304 181 15.5473
      vertex 14.0681 181 15.7176
    endloop
  endfacet
  facet normal 0 -1 0
    outer loop
      vertex 9 181 19.7
      vertex 14.0076 181 15.3743
      vertex 14.0304 181 15.5473
    endloop
  endfacet
  facet normal 0 -1 0
    outer loop
      vertex 9 181 19.7
      vertex 14 181 15.2
      vertex 14.0076 181 15.3743
    endloop
  endfacet
  facet normal 0 -1 0
    outer loop
      vertex 9 181 19.7
      vertex 14.0076 181 15.0257
      vertex 14 181 15.2
    endloop
  endfacet
  facet normal 0 -1 0
    outer loop
      vertex 9 181 19.7
      vertex 14.0304 181 14.8527
      vertex 14.0076 181 15.0257
    endloop
  endfacet
  facet normal 0 -1 0
    outer loop
      vertex 9 181 19.7
      vertex 14.0681 181 14.6824
      vertex 14.0304 181 14.8527
    endloop
  endfacet
  facet normal 0 -1 0
    outer loop
      vertex 9 181 6
      vertex 14.0681 181 14.6824
      vertex 9 181 19.7
    endloop
  endfacet
  facet normal 0 -1 -0
    outer loop
      vertex 14.0681 181 14.6824
      vertex 9 181 6
      vertex 14.1206 181 14.516
    endloop
  endfacet
  facet normal 0 -1 -0
    outer loop
      vertex 14.1206 181 14.516
      vertex 9 181 6
      vertex 14.1874 181 14.3548
    endloop
  endfacet
  facet normal 0 -1 -0
    outer loop
      vertex 14.1874 181 14.3548
      vertex 9 181 6
      vertex 14.2679 181 14.2
    endloop
  endfacet
  facet normal 0 -1 -0
    outer loop
      vertex 14.2679 181 14.2
      vertex 9 181 6
      vertex 14.3617 181 14.0528
    endloop
  endfacet
  facet normal 0 -1 -0
    outer loop
      vertex 14.3617 181 14.0528
      vertex 9 181 6
      vertex 14.4679 181 13.9144
    endloop
  endfacet
  facet normal 0 -1 0
    outer loop
      vertex 16.5176 181 13.2681
      vertex 9 181 6
      vertex 9 181 -7.62939e-07
    endloop
  endfacet
  facet normal 0 -1 -0
    outer loop
      vertex 15.8257 181 13.2076
      vertex 9 181 6
      vertex 16 181 13.2
    endloop
  endfacet
  facet normal 0 -1 -0
    outer loop
      vertex 15.6527 181 13.2304
      vertex 9 181 6
      vertex 15.8257 181 13.2076
    endloop
  endfacet
  facet normal 0 -1 -0
    outer loop
      vertex 15.4824 181 13.2681
      vertex 9 181 6
      vertex 15.6527 181 13.2304
    endloop
  endfacet
  facet normal 0 -1 -0
    outer loop
      vertex 15.316 181 13.3206
      vertex 9 181 6
      vertex 15.4824 181 13.2681
    endloop
  endfacet
  facet normal 0 -1 -0
    outer loop
      vertex 15.1548 181 13.3874
      vertex 9 181 6
      vertex 15.316 181 13.3206
    endloop
  endfacet
  facet normal 0 -1 -0
    outer loop
      vertex 15 181 13.4679
      vertex 9 181 6
      vertex 15.1548 181 13.3874
    endloop
  endfacet
  facet normal 0 -1 -0
    outer loop
      vertex 14.8528 181 13.5617
      vertex 9 181 6
      vertex 15 181 13.4679
    endloop
  endfacet
  facet normal 0 -1 -0
    outer loop
      vertex 14.7144 181 13.6679
      vertex 9 181 6
      vertex 14.8528 181 13.5617
    endloop
  endfacet
  facet normal 0 -1 -0
    outer loop
      vertex 14.5858 181 13.7858
      vertex 9 181 6
      vertex 14.7144 181 13.6679
    endloop
  endfacet
  facet normal 0 -1 -0
    outer loop
      vertex 14.4679 181 13.9144
      vertex 9 181 6
      vertex 14.5858 181 13.7858
    endloop
  endfacet
  facet normal 0 -1 0
    outer loop
      vertex 16.3473 181 17.1696
      vertex 9 181 19.7
      vertex 16.1743 181 17.1924
    endloop
  endfacet
  facet normal 0 -1 0
    outer loop
      vertex 40.1743 181 17.1924
      vertex 47 181 19.7
      vertex 40 181 17.2
    endloop
  endfacet
  facet normal 0 -1 0
    outer loop
      vertex 40.3473 181 17.1696
      vertex 47 181 19.7
      vertex 40.1743 181 17.1924
    endloop
  endfacet
  facet normal 0 -1 0
    outer loop
      vertex 40.5176 181 17.1319
      vertex 47 181 19.7
      vertex 40.3473 181 17.1696
    endloop
  endfacet
  facet normal 0 -1 0
    outer loop
      vertex 40.684 181 17.0794
      vertex 47 181 19.7
      vertex 40.5176 181 17.1319
    endloop
  endfacet
  facet normal 0 -1 0
    outer loop
      vertex 40.8452 181 17.0126
      vertex 47 181 19.7
      vertex 40.684 181 17.0794
    endloop
  endfacet
  facet normal 0 -1 0
    outer loop
      vertex 41 181 16.9321
      vertex 47 181 19.7
      vertex 40.8452 181 17.0126
    endloop
  endfacet
  facet normal 0 -1 0
    outer loop
      vertex 41.1472 181 16.8383
      vertex 47 181 19.7
      vertex 41 181 16.9321
    endloop
  endfacet
  facet normal 0 -1 0
    outer loop
      vertex 41.2856 181 16.7321
      vertex 47 181 19.7
      vertex 41.1472 181 16.8383
    endloop
  endfacet
  facet normal 0 -1 0
    outer loop
      vertex 41.4142 181 16.6142
      vertex 47 181 19.7
      vertex 41.2856 181 16.7321
    endloop
  endfacet
  facet normal 0 -1 0
    outer loop
      vertex 41.5321 181 16.4856
      vertex 47 181 19.7
      vertex 41.4142 181 16.6142
    endloop
  endfacet
  facet normal 0 -1 0
    outer loop
      vertex 41.6383 181 16.3472
      vertex 47 181 19.7
      vertex 41.5321 181 16.4856
    endloop
  endfacet
  facet normal 0 -1 0
    outer loop
      vertex 41.732 181 16.2
      vertex 47 181 19.7
      vertex 41.6383 181 16.3472
    endloop
  endfacet
  facet normal 0 -1 0
    outer loop
      vertex 41.8126 181 16.0452
      vertex 47 181 19.7
      vertex 41.732 181 16.2
    endloop
  endfacet
  facet normal 0 -1 0
    outer loop
      vertex 41.8794 181 15.884
      vertex 47 181 19.7
      vertex 41.8126 181 16.0452
    endloop
  endfacet
  facet normal 0 -1 0
    outer loop
      vertex 41.9319 181 15.7176
      vertex 47 181 19.7
      vertex 41.8794 181 15.884
    endloop
  endfacet
  facet normal 0 -1 0
    outer loop
      vertex 41.9696 181 15.5473
      vertex 47 181 19.7
      vertex 41.9319 181 15.7176
    endloop
  endfacet
  facet normal 0 -1 0
    outer loop
      vertex 41.9924 181 15.3743
      vertex 47 181 19.7
      vertex 41.9696 181 15.5473
    endloop
  endfacet
  facet normal 0 -1 0
    outer loop
      vertex 42 181 15.2
      vertex 47 181 19.7
      vertex 41.9924 181 15.3743
    endloop
  endfacet
  facet normal 0 -1 0
    outer loop
      vertex 41.9924 181 15.0257
      vertex 47 181 19.7
      vertex 42 181 15.2
    endloop
  endfacet
  facet normal 0 -1 0
    outer loop
      vertex 41.9696 181 14.8527
      vertex 47 181 19.7
      vertex 41.9924 181 15.0257
    endloop
  endfacet
  facet normal 0 -1 0
    outer loop
      vertex 41.9319 181 14.6824
      vertex 47 181 19.7
      vertex 41.9696 181 14.8527
    endloop
  endfacet
  facet normal 0 -1 0
    outer loop
      vertex 47 181 6
      vertex 41.9319 181 14.6824
      vertex 41.8794 181 14.516
    endloop
  endfacet
  facet normal 0 -1 0
    outer loop
      vertex 47 181 6
      vertex 41.8794 181 14.516
      vertex 41.8126 181 14.3548
    endloop
  endfacet
  facet normal 0 -1 0
    outer loop
      vertex 47 181 6
      vertex 41.8126 181 14.3548
      vertex 41.732 181 14.2
    endloop
  endfacet
  facet normal 0 -1 0
    outer loop
      vertex 47 181 6
      vertex 41.732 181 14.2
      vertex 41.6383 181 14.0528
    endloop
  endfacet
  facet normal 0 -1 0
    outer loop
      vertex 47 181 6
      vertex 41.6383 181 14.0528
      vertex 41.5321 181 13.9144
    endloop
  endfacet
  facet normal 0 -1 0
    outer loop
      vertex 47 181 6
      vertex 41.5321 181 13.9144
      vertex 41.4142 181 13.7858
    endloop
  endfacet
  facet normal 0 -1 0
    outer loop
      vertex 39.4824 181 13.2681
      vertex 47 181 6
      vertex 39.6527 181 13.2304
    endloop
  endfacet
  facet normal 0 -1 0
    outer loop
      vertex 39.6527 181 13.2304
      vertex 47 181 6
      vertex 39.8257 181 13.2076
    endloop
  endfacet
  facet normal 0 -1 0
    outer loop
      vertex 39.8257 181 13.2076
      vertex 47 181 6
      vertex 40 181 13.2
    endloop
  endfacet
  facet normal 0 -1 0
    outer loop
      vertex 41.9319 181 14.6824
      vertex 47 181 6
      vertex 47 181 19.7
    endloop
  endfacet
  facet normal 0 -1 0
    outer loop
      vertex 41.2856 181 13.6679
      vertex 47 181 6
      vertex 41.4142 181 13.7858
    endloop
  endfacet
  facet normal 0 -1 0
    outer loop
      vertex 41.1472 181 13.5617
      vertex 47 181 6
      vertex 41.2856 181 13.6679
    endloop
  endfacet
  facet normal 0 -1 0
    outer loop
      vertex 41 181 13.4679
      vertex 47 181 6
      vertex 41.1472 181 13.5617
    endloop
  endfacet
  facet normal 0 -1 0
    outer loop
      vertex 40.8452 181 13.3874
      vertex 47 181 6
      vertex 41 181 13.4679
    endloop
  endfacet
  facet normal 0 -1 0
    outer loop
      vertex 40.684 181 13.3206
      vertex 47 181 6
      vertex 40.8452 181 13.3874
    endloop
  endfacet
  facet normal 0 -1 0
    outer loop
      vertex 40.5176 181 13.2681
      vertex 47 181 6
      vertex 40.684 181 13.3206
    endloop
  endfacet
  facet normal 0 -1 0
    outer loop
      vertex 40 181 13.2
      vertex 47 181 6
      vertex 40.1743 181 13.2076
    endloop
  endfacet
  facet normal 0 -1 0
    outer loop
      vertex 40.1743 181 13.2076
      vertex 47 181 6
      vertex 40.3473 181 13.2304
    endloop
  endfacet
  facet normal 0 -1 0
    outer loop
      vertex 40.3473 181 13.2304
      vertex 47 181 6
      vertex 40.5176 181 13.2681
    endloop
  endfacet
  facet normal 0.996446 -0.0842376 0
    outer loop
      vertex 47 181 6
      vertex 47.7485 189.854 -7.62939e-07
      vertex 47.7485 189.854 6
    endloop
  endfacet
  facet normal 0.996446 -0.0842376 0
    outer loop
      vertex 47.7485 189.854 -7.62939e-07
      vertex 47 181 6
      vertex 47 181 -7.62939e-07
    endloop
  endfacet
  facet normal 0.996444 -0.0842553 0
    outer loop
      vertex 48.8293 202.638 6
      vertex 48.895 203.415 -7.62939e-07
      vertex 48.895 203.415 6
    endloop
  endfacet
  facet normal 0.996444 -0.0842553 0
    outer loop
      vertex 48.895 203.415 -7.62939e-07
      vertex 48.8293 202.638 6
      vertex 48.8293 202.638 -7.62939e-07
    endloop
  endfacet
  facet normal 0 0 1
    outer loop
      vertex 47.7485 189.854 6
      vertex 45.1491 186 6
      vertex 47 186 6
    endloop
  endfacet
  facet normal 0 0 1
    outer loop
      vertex 47.7485 189.854 6
      vertex 47 186 6
      vertex 47 181 6
    endloop
  endfacet
  facet normal 0 0 1
    outer loop
      vertex 43.1986 222.289 6
      vertex 39.006 219.863 6
      vertex 39.0108 219.754 6
    endloop
  endfacet
  facet normal 0 0 1
    outer loop
      vertex 39.8129 225.392 6
      vertex 38.9918 219.971 6
      vertex 39.006 219.863 6
    endloop
  endfacet
  facet normal 0 0 1
    outer loop
      vertex 39.8129 225.392 6
      vertex 38.9682 220.077 6
      vertex 38.9918 219.971 6
    endloop
  endfacet
  facet normal 0 0 1
    outer loop
      vertex 39.8129 225.392 6
      vertex 38.9354 220.181 6
      vertex 38.9682 220.077 6
    endloop
  endfacet
  facet normal 0 0 1
    outer loop
      vertex 39.8129 225.392 6
      vertex 38.8936 220.282 6
      vertex 38.9354 220.181 6
    endloop
  endfacet
  facet normal 0 0 1
    outer loop
      vertex 39.8129 225.392 6
      vertex 38.8433 220.379 6
      vertex 38.8936 220.282 6
    endloop
  endfacet
  facet normal 0 0 1
    outer loop
      vertex 38.0843 220.961 6
      vertex 39.3137 225.549 6
      vertex 38.8026 225.662 6
    endloop
  endfacet
  facet normal 0 0 1
    outer loop
      vertex 39.8129 225.392 6
      vertex 38.7847 220.471 6
      vertex 38.8433 220.379 6
    endloop
  endfacet
  facet normal 0 0 1
    outer loop
      vertex 39.8129 225.392 6
      vertex 38.7183 220.557 6
      vertex 38.7847 220.471 6
    endloop
  endfacet
  facet normal 0 0 1
    outer loop
      vertex 39.8129 225.392 6
      vertex 38.6446 220.637 6
      vertex 38.7183 220.557 6
    endloop
  endfacet
  facet normal 0 0 1
    outer loop
      vertex 39.8129 225.392 6
      vertex 38.5642 220.711 6
      vertex 38.6446 220.637 6
    endloop
  endfacet
  facet normal 0 0 1
    outer loop
      vertex 39.8129 225.392 6
      vertex 38.4777 220.778 6
      vertex 38.5642 220.711 6
    endloop
  endfacet
  facet normal 0 0 1
    outer loop
      vertex 39.8129 225.392 6
      vertex 38.3858 220.836 6
      vertex 38.4777 220.778 6
    endloop
  endfacet
  facet normal 0 0 1
    outer loop
      vertex 39.8129 225.392 6
      vertex 38.289 220.887 6
      vertex 38.3858 220.836 6
    endloop
  endfacet
  facet normal 0 0 1
    outer loop
      vertex 37.9778 220.985 6
      vertex 38.8026 225.662 6
      vertex 38.2837 225.731 6
    endloop
  endfacet
  facet normal 0 0 1
    outer loop
      vertex 39.8129 225.392 6
      vertex 38.1883 220.928 6
      vertex 38.289 220.887 6
    endloop
  endfacet
  facet normal 0 0 1
    outer loop
      vertex 39.3137 225.549 6
      vertex 38.0843 220.961 6
      vertex 38.1883 220.928 6
    endloop
  endfacet
  facet normal 0 0 1
    outer loop
      vertex 38.8026 225.662 6
      vertex 37.9778 220.985 6
      vertex 38.0843 220.961 6
    endloop
  endfacet
  facet normal 0 0 1
    outer loop
      vertex 38.2837 225.731 6
      vertex 37.8697 220.999 6
      vertex 37.9778 220.985 6
    endloop
  endfacet
  facet normal 0 0 1
    outer loop
      vertex 38.2837 225.731 6
      vertex 37.7608 221.004 6
      vertex 37.8697 220.999 6
    endloop
  endfacet
  facet normal 0 0 1
    outer loop
      vertex 38.2837 225.731 6
      vertex 37.6518 220.999 6
      vertex 37.7608 221.004 6
    endloop
  endfacet
  facet normal 0 0 1
    outer loop
      vertex 38.2837 225.731 6
      vertex 37.5437 220.985 6
      vertex 37.6518 220.999 6
    endloop
  endfacet
  facet normal 0 0 1
    outer loop
      vertex 38.2837 225.731 6
      vertex 37.4372 220.961 6
      vertex 37.5437 220.985 6
    endloop
  endfacet
  facet normal 0 0 1
    outer loop
      vertex 38.2837 225.731 6
      vertex 37.3332 220.928 6
      vertex 37.4372 220.961 6
    endloop
  endfacet
  facet normal 0 0 1
    outer loop
      vertex 38.2837 225.731 6
      vertex 37.2325 220.887 6
      vertex 37.3332 220.928 6
    endloop
  endfacet
  facet normal 0 0 1
    outer loop
      vertex 38.2837 225.731 6
      vertex 37.1358 220.836 6
      vertex 37.2325 220.887 6
    endloop
  endfacet
  facet normal 0 0 1
    outer loop
      vertex 38.2837 225.731 6
      vertex 37.0438 220.778 6
      vertex 37.1358 220.836 6
    endloop
  endfacet
  facet normal 0 0 1
    outer loop
      vertex 38.2837 225.731 6
      vertex 36.9573 220.711 6
      vertex 37.0438 220.778 6
    endloop
  endfacet
  facet normal 0 0 1
    outer loop
      vertex 29.8052 226.166 6
      vertex 36.9573 220.711 6
      vertex 38.2837 225.731 6
    endloop
  endfacet
  facet normal 0 0 1
    outer loop
      vertex 36.9573 220.711 6
      vertex 29.8052 226.166 6
      vertex 36.8769 220.637 6
    endloop
  endfacet
  facet normal 0 -0 1
    outer loop
      vertex 31.8572 219.734 6
      vertex 36.8769 220.637 6
      vertex 29.8052 226.166 6
    endloop
  endfacet
  facet normal 0 -0 1
    outer loop
      vertex 33.1052 219.341 6
      vertex 36.8769 220.637 6
      vertex 31.8572 219.734 6
    endloop
  endfacet
  facet normal 0 0 1
    outer loop
      vertex 36.8769 220.637 6
      vertex 33.1052 219.341 6
      vertex 36.8032 220.557 6
    endloop
  endfacet
  facet normal 0 0 1
    outer loop
      vertex 36.8032 220.557 6
      vertex 33.1052 219.341 6
      vertex 36.7368 220.471 6
    endloop
  endfacet
  facet normal 0 0 1
    outer loop
      vertex 36.7368 220.471 6
      vertex 33.1052 219.341 6
      vertex 36.6782 220.379 6
    endloop
  endfacet
  facet normal 0 0 1
    outer loop
      vertex 34.3142 218.84 6
      vertex 36.5108 219.754 6
      vertex 36.5155 219.863 6
    endloop
  endfacet
  facet normal 0 0 1
    outer loop
      vertex 34.3142 218.84 6
      vertex 36.5155 219.863 6
      vertex 36.5298 219.971 6
    endloop
  endfacet
  facet normal 0 0 1
    outer loop
      vertex 34.3142 218.84 6
      vertex 36.5298 219.971 6
      vertex 36.5534 220.077 6
    endloop
  endfacet
  facet normal 0 -0 1
    outer loop
      vertex 34.3142 218.84 6
      vertex 36.5861 220.181 6
      vertex 33.1052 219.341 6
    endloop
  endfacet
  facet normal 0 0 1
    outer loop
      vertex 36.5108 219.754 6
      vertex 34.3142 218.84 6
      vertex 35.4749 218.236 6
    endloop
  endfacet
  facet normal 0 0 1
    outer loop
      vertex 36.5861 220.181 6
      vertex 34.3142 218.84 6
      vertex 36.5534 220.077 6
    endloop
  endfacet
  facet normal 0 0 1
    outer loop
      vertex 36.6279 220.282 6
      vertex 33.1052 219.341 6
      vertex 36.5861 220.181 6
    endloop
  endfacet
  facet normal 0 0 1
    outer loop
      vertex 36.6782 220.379 6
      vertex 33.1052 219.341 6
      vertex 36.6279 220.282 6
    endloop
  endfacet
  facet normal 0 0 1
    outer loop
      vertex 31.8572 219.734 6
      vertex 29.8052 226.166 6
      vertex 30.5796 220.018 6
    endloop
  endfacet
  facet normal 0 0 1
    outer loop
      vertex 29.8052 226.166 6
      vertex 29.2822 220.188 6
      vertex 30.5796 220.018 6
    endloop
  endfacet
  facet normal 0 0 1
    outer loop
      vertex 27.9749 226.245 6
      vertex 29.2822 220.188 6
      vertex 29.8052 226.166 6
    endloop
  endfacet
  facet normal 0 0 1
    outer loop
      vertex 27.9749 226.245 6
      vertex 27.9749 220.245 6
      vertex 29.2822 220.188 6
    endloop
  endfacet
  facet normal 0 0 1
    outer loop
      vertex 27.9749 226.245 6
      vertex 26.6675 220.188 6
      vertex 27.9749 220.245 6
    endloop
  endfacet
  facet normal -0 0 1
    outer loop
      vertex 26.1446 226.166 6
      vertex 26.6675 220.188 6
      vertex 27.9749 226.245 6
    endloop
  endfacet
  facet normal 0 0 1
    outer loop
      vertex 26.1446 226.166 6
      vertex 25.3702 220.018 6
      vertex 26.6675 220.188 6
    endloop
  endfacet
  facet normal -0 0 1
    outer loop
      vertex 24.3283 225.926 6
      vertex 25.3702 220.018 6
      vertex 26.1446 226.166 6
    endloop
  endfacet
  facet normal 0 0 1
    outer loop
      vertex 24.3283 225.926 6
      vertex 24.0926 219.734 6
      vertex 25.3702 220.018 6
    endloop
  endfacet
  facet normal -0 0 1
    outer loop
      vertex 22.5397 225.53 6
      vertex 24.0926 219.734 6
      vertex 24.3283 225.926 6
    endloop
  endfacet
  facet normal 0 0 1
    outer loop
      vertex 24.0926 219.734 6
      vertex 22.5397 225.53 6
      vertex 22.8446 219.341 6
    endloop
  endfacet
  facet normal -0 0 1
    outer loop
      vertex 20.7925 224.979 6
      vertex 22.8446 219.341 6
      vertex 22.5397 225.53 6
    endloop
  endfacet
  facet normal 0 0 1
    outer loop
      vertex 22.8446 219.341 6
      vertex 20.7925 224.979 6
      vertex 21.6356 218.84 6
    endloop
  endfacet
  facet normal -0 0 1
    outer loop
      vertex 19.0999 224.278 6
      vertex 21.6356 218.84 6
      vertex 20.7925 224.979 6
    endloop
  endfacet
  facet normal 0 0 1
    outer loop
      vertex 21.6356 218.84 6
      vertex 19.0999 224.278 6
      vertex 20.4749 218.236 6
    endloop
  endfacet
  facet normal -0 0 1
    outer loop
      vertex 17.4749 223.432 6
      vertex 20.4749 218.236 6
      vertex 19.0999 224.278 6
    endloop
  endfacet
  facet normal 0 0 1
    outer loop
      vertex 20.4749 218.236 6
      vertex 17.4749 223.432 6
      vertex 19.3712 217.533 6
    endloop
  endfacet
  facet normal -0 0 1
    outer loop
      vertex 15.9298 222.448 6
      vertex 19.3712 217.533 6
      vertex 17.4749 223.432 6
    endloop
  endfacet
  facet normal 0 0 1
    outer loop
      vertex 19.3712 217.533 6
      vertex 15.9298 222.448 6
      vertex 18.3331 216.736 6
    endloop
  endfacet
  facet normal -0 0 1
    outer loop
      vertex 14.4763 221.332 6
      vertex 18.3331 216.736 6
      vertex 15.9298 222.448 6
    endloop
  endfacet
  facet normal 0 0 1
    outer loop
      vertex 18.3331 216.736 6
      vertex 14.4763 221.332 6
      vertex 17.3683 215.852 6
    endloop
  endfacet
  facet normal -0 0 1
    outer loop
      vertex 13.1256 220.095 6
      vertex 17.3683 215.852 6
      vertex 14.4763 221.332 6
    endloop
  endfacet
  facet normal 0 0 1
    outer loop
      vertex 17.3683 215.852 6
      vertex 13.1256 220.095 6
      vertex 16.4842 214.887 6
    endloop
  endfacet
  facet normal -0 0 1
    outer loop
      vertex 11.888 218.744 6
      vertex 16.4842 214.887 6
      vertex 13.1256 220.095 6
    endloop
  endfacet
  facet normal 0 0 1
    outer loop
      vertex 16.4842 214.887 6
      vertex 11.888 218.744 6
      vertex 15.6876 213.849 6
    endloop
  endfacet
  facet normal -0 0 1
    outer loop
      vertex 10.7727 217.291 6
      vertex 15.6876 213.849 6
      vertex 11.888 218.744 6
    endloop
  endfacet
  facet normal 0 0 1
    outer loop
      vertex 15.6876 213.849 6
      vertex 10.7727 217.291 6
      vertex 14.9845 212.745 6
    endloop
  endfacet
  facet normal -0 0 1
    outer loop
      vertex 9.78835 215.745 6
      vertex 14.9845 212.745 6
      vertex 10.7727 217.291 6
    endloop
  endfacet
  facet normal 0 0 1
    outer loop
      vertex 14.9845 212.745 6
      vertex 9.78835 215.745 6
      vertex 14.3803 211.585 6
    endloop
  endfacet
  facet normal -0 0 1
    outer loop
      vertex 8.94242 214.12 6
      vertex 14.3803 211.585 6
      vertex 9.78835 215.745 6
    endloop
  endfacet
  facet normal 0 0 1
    outer loop
      vertex 14.3803 211.585 6
      vertex 8.94242 214.12 6
      vertex 13.8795 210.376 6
    endloop
  endfacet
  facet normal -0 0 1
    outer loop
      vertex 8.24134 212.428 6
      vertex 13.8795 210.376 6
      vertex 8.94242 214.12 6
    endloop
  endfacet
  facet normal -0 0 1
    outer loop
      vertex 42.9073 206.632 6
      vertex 48.9749 205.245 6
      vertex 48.895 207.076 6
    endloop
  endfacet
  facet normal 0 0 1
    outer loop
      vertex 48.9749 205.245 6
      vertex 42.9073 206.632 6
      vertex 48.895 203.415 6
    endloop
  endfacet
  facet normal 0 0 1
    outer loop
      vertex 42.9073 206.632 6
      vertex 48.895 207.076 6
      vertex 48.6558 208.892 6
    endloop
  endfacet
  facet normal 0 0 1
    outer loop
      vertex 42.747 207.85 6
      vertex 48.6558 208.892 6
      vertex 48.2593 210.681 6
    endloop
  endfacet
  facet normal 0 0 1
    outer loop
      vertex 42.4638 209.128 6
      vertex 48.2593 210.681 6
      vertex 47.7084 212.428 6
    endloop
  endfacet
  facet normal 0 0 1
    outer loop
      vertex 42.0703 210.376 6
      vertex 47.7084 212.428 6
      vertex 47.0073 214.12 6
    endloop
  endfacet
  facet normal -0 0 1
    outer loop
      vertex 39.4655 214.887 6
      vertex 47.0073 214.12 6
      vertex 43.1986 222.289 6
    endloop
  endfacet
  facet normal 0 0 1
    outer loop
      vertex 39.006 219.863 6
      vertex 43.1986 222.289 6
      vertex 42.9569 222.754 6
    endloop
  endfacet
  facet normal 0 0 1
    outer loop
      vertex 47.7084 212.428 6
      vertex 42.0703 210.376 6
      vertex 42.4638 209.128 6
    endloop
  endfacet
  facet normal 0 0 1
    outer loop
      vertex 48.895 203.415 6
      vertex 42.9073 206.632 6
      vertex 48.8293 202.638 6
    endloop
  endfacet
  facet normal 0 0 1
    outer loop
      vertex 39.006 219.863 6
      vertex 42.9569 222.754 6
      vertex 42.6757 223.195 6
    endloop
  endfacet
  facet normal 0 0 1
    outer loop
      vertex 48.6558 208.892 6
      vertex 42.747 207.85 6
      vertex 42.9073 206.632 6
    endloop
  endfacet
  facet normal 0 0 1
    outer loop
      vertex 39.006 219.863 6
      vertex 42.6757 223.195 6
      vertex 42.357 223.61 6
    endloop
  endfacet
  facet normal 0 0 1
    outer loop
      vertex 48.2593 210.681 6
      vertex 42.4638 209.128 6
      vertex 42.747 207.85 6
    endloop
  endfacet
  facet normal 0 0 1
    outer loop
      vertex 39.006 219.863 6
      vertex 42.357 223.61 6
      vertex 42.0034 223.996 6
    endloop
  endfacet
  facet normal 0 0 1
    outer loop
      vertex 39.006 219.863 6
      vertex 42.0034 223.996 6
      vertex 41.6175 224.35 6
    endloop
  endfacet
  facet normal 0 0 1
    outer loop
      vertex 47.0073 214.12 6
      vertex 41.5695 211.585 6
      vertex 42.0703 210.376 6
    endloop
  endfacet
  facet normal 0 0 1
    outer loop
      vertex 39.006 219.863 6
      vertex 41.6175 224.35 6
      vertex 41.2022 224.669 6
    endloop
  endfacet
  facet normal 0 0 1
    outer loop
      vertex 47.0073 214.12 6
      vertex 40.9653 212.745 6
      vertex 41.5695 211.585 6
    endloop
  endfacet
  facet normal 0 0 1
    outer loop
      vertex 39.006 219.863 6
      vertex 41.2022 224.669 6
      vertex 40.7608 224.95 6
    endloop
  endfacet
  facet normal 0 0 1
    outer loop
      vertex 39.006 219.863 6
      vertex 40.7608 224.95 6
      vertex 40.2965 225.191 6
    endloop
  endfacet
  facet normal 0 0 1
    outer loop
      vertex 43.1986 222.289 6
      vertex 39.0108 219.754 6
      vertex 39.006 219.645 6
    endloop
  endfacet
  facet normal 0 0 1
    outer loop
      vertex 39.006 219.863 6
      vertex 40.2965 225.191 6
      vertex 39.8129 225.392 6
    endloop
  endfacet
  facet normal 0 0 1
    outer loop
      vertex 43.1986 222.289 6
      vertex 39.006 219.645 6
      vertex 38.9918 219.537 6
    endloop
  endfacet
  facet normal 0 0 1
    outer loop
      vertex 38.1883 220.928 6
      vertex 39.8129 225.392 6
      vertex 39.3137 225.549 6
    endloop
  endfacet
  facet normal 0 0 1
    outer loop
      vertex 47.0073 214.12 6
      vertex 40.2622 213.849 6
      vertex 40.9653 212.745 6
    endloop
  endfacet
  facet normal 0 0 1
    outer loop
      vertex 43.1986 222.289 6
      vertex 38.9918 219.537 6
      vertex 38.9682 219.43 6
    endloop
  endfacet
  facet normal 0 0 1
    outer loop
      vertex 43.1986 222.289 6
      vertex 38.9682 219.43 6
      vertex 38.9354 219.326 6
    endloop
  endfacet
  facet normal 0 0 1
    outer loop
      vertex 47.0073 214.12 6
      vertex 39.4655 214.887 6
      vertex 40.2622 213.849 6
    endloop
  endfacet
  facet normal 0 0 1
    outer loop
      vertex 43.1986 222.289 6
      vertex 38.9354 219.326 6
      vertex 39.4655 214.887 6
    endloop
  endfacet
  facet normal -0 0 1
    outer loop
      vertex 38.8936 219.225 6
      vertex 39.4655 214.887 6
      vertex 38.9354 219.326 6
    endloop
  endfacet
  facet normal -0 0 1
    outer loop
      vertex 38.8433 219.129 6
      vertex 39.4655 214.887 6
      vertex 38.8936 219.225 6
    endloop
  endfacet
  facet normal -0 0 1
    outer loop
      vertex 38.7847 219.037 6
      vertex 39.4655 214.887 6
      vertex 38.8433 219.129 6
    endloop
  endfacet
  facet normal 0 0 1
    outer loop
      vertex 38.5815 215.852 6
      vertex 38.7847 219.037 6
      vertex 38.7183 218.95 6
    endloop
  endfacet
  facet normal 0 0 1
    outer loop
      vertex 38.5815 215.852 6
      vertex 38.7183 218.95 6
      vertex 38.6446 218.87 6
    endloop
  endfacet
  facet normal 0 0 1
    outer loop
      vertex 38.7847 219.037 6
      vertex 38.5815 215.852 6
      vertex 39.4655 214.887 6
    endloop
  endfacet
  facet normal -0 0 1
    outer loop
      vertex 38.5642 218.796 6
      vertex 38.5815 215.852 6
      vertex 38.6446 218.87 6
    endloop
  endfacet
  facet normal -0 0 1
    outer loop
      vertex 38.4777 218.73 6
      vertex 38.5815 215.852 6
      vertex 38.5642 218.796 6
    endloop
  endfacet
  facet normal -0 0 1
    outer loop
      vertex 38.3858 218.671 6
      vertex 38.5815 215.852 6
      vertex 38.4777 218.73 6
    endloop
  endfacet
  facet normal -0 0 1
    outer loop
      vertex 38.289 218.621 6
      vertex 38.5815 215.852 6
      vertex 38.3858 218.671 6
    endloop
  endfacet
  facet normal 0 0 1
    outer loop
      vertex 37.6167 216.736 6
      vertex 38.289 218.621 6
      vertex 38.1883 218.579 6
    endloop
  endfacet
  facet normal 0 0 1
    outer loop
      vertex 37.6167 216.736 6
      vertex 38.1883 218.579 6
      vertex 38.0843 218.546 6
    endloop
  endfacet
  facet normal 0 0 1
    outer loop
      vertex 37.6167 216.736 6
      vertex 38.0843 218.546 6
      vertex 37.9778 218.523 6
    endloop
  endfacet
  facet normal 0 0 1
    outer loop
      vertex 37.6167 216.736 6
      vertex 37.9778 218.523 6
      vertex 37.8697 218.508 6
    endloop
  endfacet
  facet normal 0 0 1
    outer loop
      vertex 37.6167 216.736 6
      vertex 37.8697 218.508 6
      vertex 37.7608 218.504 6
    endloop
  endfacet
  facet normal 0 0 1
    outer loop
      vertex 37.6167 216.736 6
      vertex 37.7608 218.504 6
      vertex 37.6518 218.508 6
    endloop
  endfacet
  facet normal 0 0 1
    outer loop
      vertex 38.289 218.621 6
      vertex 37.6167 216.736 6
      vertex 38.5815 215.852 6
    endloop
  endfacet
  facet normal 0 0 1
    outer loop
      vertex 37.5437 218.523 6
      vertex 37.6167 216.736 6
      vertex 37.6518 218.508 6
    endloop
  endfacet
  facet normal 0 0 1
    outer loop
      vertex 36.5785 217.533 6
      vertex 37.5437 218.523 6
      vertex 37.4372 218.546 6
    endloop
  endfacet
  facet normal 0 0 1
    outer loop
      vertex 36.5785 217.533 6
      vertex 37.4372 218.546 6
      vertex 37.3332 218.579 6
    endloop
  endfacet
  facet normal 0 0 1
    outer loop
      vertex 36.5785 217.533 6
      vertex 37.3332 218.579 6
      vertex 37.2325 218.621 6
    endloop
  endfacet
  facet normal 0 0 1
    outer loop
      vertex 36.5785 217.533 6
      vertex 37.2325 218.621 6
      vertex 37.1358 218.671 6
    endloop
  endfacet
  facet normal 0 0 1
    outer loop
      vertex 36.5785 217.533 6
      vertex 37.1358 218.671 6
      vertex 37.0438 218.73 6
    endloop
  endfacet
  facet normal 0 0 1
    outer loop
      vertex 36.5785 217.533 6
      vertex 37.0438 218.73 6
      vertex 36.9573 218.796 6
    endloop
  endfacet
  facet normal 0 0 1
    outer loop
      vertex 36.5785 217.533 6
      vertex 36.9573 218.796 6
      vertex 36.8769 218.87 6
    endloop
  endfacet
  facet normal 0 0 1
    outer loop
      vertex 35.4749 218.236 6
      vertex 36.8769 218.87 6
      vertex 36.8032 218.95 6
    endloop
  endfacet
  facet normal 0 0 1
    outer loop
      vertex 35.4749 218.236 6
      vertex 36.8032 218.95 6
      vertex 36.7368 219.037 6
    endloop
  endfacet
  facet normal 0 0 1
    outer loop
      vertex 35.4749 218.236 6
      vertex 36.7368 219.037 6
      vertex 36.6782 219.129 6
    endloop
  endfacet
  facet normal 0 0 1
    outer loop
      vertex 35.4749 218.236 6
      vertex 36.6782 219.129 6
      vertex 36.6279 219.225 6
    endloop
  endfacet
  facet normal 0 0 1
    outer loop
      vertex 35.4749 218.236 6
      vertex 36.6279 219.225 6
      vertex 36.5861 219.326 6
    endloop
  endfacet
  facet normal 0 0 1
    outer loop
      vertex 37.5437 218.523 6
      vertex 36.5785 217.533 6
      vertex 37.6167 216.736 6
    endloop
  endfacet
  facet normal 0 0 1
    outer loop
      vertex 35.4749 218.236 6
      vertex 36.5861 219.326 6
      vertex 36.5534 219.43 6
    endloop
  endfacet
  facet normal 0 0 1
    outer loop
      vertex 35.4749 218.236 6
      vertex 36.5534 219.43 6
      vertex 36.5298 219.537 6
    endloop
  endfacet
  facet normal 0 0 1
    outer loop
      vertex 35.4749 218.236 6
      vertex 36.5298 219.537 6
      vertex 36.5155 219.645 6
    endloop
  endfacet
  facet normal 0 0 1
    outer loop
      vertex 35.4749 218.236 6
      vertex 36.5155 219.645 6
      vertex 36.5108 219.754 6
    endloop
  endfacet
  facet normal 0 0 1
    outer loop
      vertex 36.8769 218.87 6
      vertex 35.4749 218.236 6
      vertex 36.5785 217.533 6
    endloop
  endfacet
  facet normal 0 0 1
    outer loop
      vertex 21.6356 191.651 6
      vertex 19.4343 190.846 6
      vertex 19.439 190.737 6
    endloop
  endfacet
  facet normal 0 0 1
    outer loop
      vertex 21.6356 191.651 6
      vertex 19.42 190.954 6
      vertex 19.4343 190.846 6
    endloop
  endfacet
  facet normal 0 0 1
    outer loop
      vertex 20.4749 192.255 6
      vertex 19.3964 191.061 6
      vertex 19.42 190.954 6
    endloop
  endfacet
  facet normal 0 0 1
    outer loop
      vertex 19.0729 191.621 6
      vertex 20.4749 192.255 6
      vertex 19.3712 192.958 6
    endloop
  endfacet
  facet normal 0 0 1
    outer loop
      vertex 20.4749 192.255 6
      vertex 19.3636 191.165 6
      vertex 19.3964 191.061 6
    endloop
  endfacet
  facet normal 0 0 1
    outer loop
      vertex 20.4749 192.255 6
      vertex 19.3219 191.266 6
      vertex 19.3636 191.165 6
    endloop
  endfacet
  facet normal 0 0 1
    outer loop
      vertex 20.4749 192.255 6
      vertex 19.2715 191.362 6
      vertex 19.3219 191.266 6
    endloop
  endfacet
  facet normal 0 0 1
    outer loop
      vertex 20.4749 192.255 6
      vertex 19.2129 191.454 6
      vertex 19.2715 191.362 6
    endloop
  endfacet
  facet normal 0 0 1
    outer loop
      vertex 20.4749 192.255 6
      vertex 19.1466 191.541 6
      vertex 19.2129 191.454 6
    endloop
  endfacet
  facet normal 0 0 1
    outer loop
      vertex 20.4749 192.255 6
      vertex 19.0729 191.621 6
      vertex 19.1466 191.541 6
    endloop
  endfacet
  facet normal 0 0 1
    outer loop
      vertex 19.3712 192.958 6
      vertex 18.9925 191.695 6
      vertex 19.0729 191.621 6
    endloop
  endfacet
  facet normal 0 0 1
    outer loop
      vertex 19.3712 192.958 6
      vertex 18.906 191.761 6
      vertex 18.9925 191.695 6
    endloop
  endfacet
  facet normal 0 0 1
    outer loop
      vertex 19.3712 192.958 6
      vertex 18.814 191.82 6
      vertex 18.906 191.761 6
    endloop
  endfacet
  facet normal 0 0 1
    outer loop
      vertex 19.3712 192.958 6
      vertex 18.7173 191.87 6
      vertex 18.814 191.82 6
    endloop
  endfacet
  facet normal 0 0 1
    outer loop
      vertex 19.3712 192.958 6
      vertex 18.6165 191.912 6
      vertex 18.7173 191.87 6
    endloop
  endfacet
  facet normal 0 0 1
    outer loop
      vertex 19.3712 192.958 6
      vertex 18.5125 191.945 6
      vertex 18.6165 191.912 6
    endloop
  endfacet
  facet normal 0 0 1
    outer loop
      vertex 19.3712 192.958 6
      vertex 18.4061 191.968 6
      vertex 18.5125 191.945 6
    endloop
  endfacet
  facet normal 0 0 1
    outer loop
      vertex 18.3331 193.755 6
      vertex 18.4061 191.968 6
      vertex 19.3712 192.958 6
    endloop
  endfacet
  facet normal 0 0 1
    outer loop
      vertex 18.3331 193.755 6
      vertex 18.298 191.983 6
      vertex 18.4061 191.968 6
    endloop
  endfacet
  facet normal 0 0 1
    outer loop
      vertex 18.3331 193.755 6
      vertex 18.189 191.987 6
      vertex 18.298 191.983 6
    endloop
  endfacet
  facet normal 0 0 1
    outer loop
      vertex 18.3331 193.755 6
      vertex 18.0801 191.983 6
      vertex 18.189 191.987 6
    endloop
  endfacet
  facet normal 0 0 1
    outer loop
      vertex 18.3331 193.755 6
      vertex 17.9719 191.968 6
      vertex 18.0801 191.983 6
    endloop
  endfacet
  facet normal 0 0 1
    outer loop
      vertex 18.3331 193.755 6
      vertex 17.8655 191.945 6
      vertex 17.9719 191.968 6
    endloop
  endfacet
  facet normal 0 0 1
    outer loop
      vertex 18.3331 193.755 6
      vertex 17.7615 191.912 6
      vertex 17.8655 191.945 6
    endloop
  endfacet
  facet normal 0 0 1
    outer loop
      vertex 18.3331 193.755 6
      vertex 17.6607 191.87 6
      vertex 17.7615 191.912 6
    endloop
  endfacet
  facet normal 0 0 1
    outer loop
      vertex 17.3683 194.639 6
      vertex 17.6607 191.87 6
      vertex 18.3331 193.755 6
    endloop
  endfacet
  facet normal 0 0 1
    outer loop
      vertex 17.6607 191.87 6
      vertex 17.3683 194.639 6
      vertex 17.564 191.82 6
    endloop
  endfacet
  facet normal 0 0 1
    outer loop
      vertex 17.564 191.82 6
      vertex 17.3683 194.639 6
      vertex 17.472 191.761 6
    endloop
  endfacet
  facet normal 0 0 1
    outer loop
      vertex 17.472 191.761 6
      vertex 17.3683 194.639 6
      vertex 17.3855 191.695 6
    endloop
  endfacet
  facet normal 0 0 1
    outer loop
      vertex 17.3683 194.639 6
      vertex 17.3051 191.621 6
      vertex 17.3855 191.695 6
    endloop
  endfacet
  facet normal 0 0 1
    outer loop
      vertex 17.3683 194.639 6
      vertex 17.2315 191.541 6
      vertex 17.3051 191.621 6
    endloop
  endfacet
  facet normal 0 0 1
    outer loop
      vertex 17.3683 194.639 6
      vertex 17.1651 191.454 6
      vertex 17.2315 191.541 6
    endloop
  endfacet
  facet normal 0 0 1
    outer loop
      vertex 16.4842 195.604 6
      vertex 17.1651 191.454 6
      vertex 17.3683 194.639 6
    endloop
  endfacet
  facet normal 0 0 1
    outer loop
      vertex 17.1651 191.454 6
      vertex 16.4842 195.604 6
      vertex 17.1065 191.362 6
    endloop
  endfacet
  facet normal 0 0 1
    outer loop
      vertex 17.1065 191.362 6
      vertex 16.4842 195.604 6
      vertex 17.0561 191.266 6
    endloop
  endfacet
  facet normal 0 0 1
    outer loop
      vertex 17.0561 191.266 6
      vertex 16.4842 195.604 6
      vertex 17.0144 191.165 6
    endloop
  endfacet
  facet normal 0 0 1
    outer loop
      vertex 17.0144 191.165 6
      vertex 16.4842 195.604 6
      vertex 16.9816 191.061 6
    endloop
  endfacet
  facet normal 0 0 1
    outer loop
      vertex 15.6876 196.642 6
      vertex 16.9816 191.061 6
      vertex 16.4842 195.604 6
    endloop
  endfacet
  facet normal 0 0 1
    outer loop
      vertex 9 186 6
      vertex 16.958 190.954 6
      vertex 15.6876 196.642 6
    endloop
  endfacet
  facet normal 0 0 1
    outer loop
      vertex 16.9816 191.061 6
      vertex 15.6876 196.642 6
      vertex 16.958 190.954 6
    endloop
  endfacet
  facet normal -0 0 1
    outer loop
      vertex 31.8572 190.757 6
      vertex 39.5187 186 6
      vertex 32.2726 190.888 6
    endloop
  endfacet
  facet normal -0 0 1
    outer loop
      vertex 30.5796 190.473 6
      vertex 39.5187 186 6
      vertex 31.8572 190.757 6
    endloop
  endfacet
  facet normal -0 0 1
    outer loop
      vertex 29.2822 190.303 6
      vertex 39.5187 186 6
      vertex 30.5796 190.473 6
    endloop
  endfacet
  facet normal -0 0 1
    outer loop
      vertex 27.9749 190.245 6
      vertex 39.5187 186 6
      vertex 29.2822 190.303 6
    endloop
  endfacet
  facet normal 0 0 1
    outer loop
      vertex 26.6675 190.303 6
      vertex 39.5187 186 6
      vertex 27.9749 190.245 6
    endloop
  endfacet
  facet normal 0 0 1
    outer loop
      vertex 18.6165 189.563 6
      vertex 26.6675 190.303 6
      vertex 25.3702 190.473 6
    endloop
  endfacet
  facet normal 0 0 1
    outer loop
      vertex 18.814 189.655 6
      vertex 25.3702 190.473 6
      vertex 24.0926 190.757 6
    endloop
  endfacet
  facet normal 0 0 1
    outer loop
      vertex 19.42 190.954 6
      vertex 21.6356 191.651 6
      vertex 20.4749 192.255 6
    endloop
  endfacet
  facet normal 0 0 1
    outer loop
      vertex 19.4343 190.628 6
      vertex 21.6356 191.651 6
      vertex 19.439 190.737 6
    endloop
  endfacet
  facet normal 0 0 1
    outer loop
      vertex 19.42 190.52 6
      vertex 21.6356 191.651 6
      vertex 19.4343 190.628 6
    endloop
  endfacet
  facet normal 0 0 1
    outer loop
      vertex 19.3964 190.414 6
      vertex 21.6356 191.651 6
      vertex 19.42 190.52 6
    endloop
  endfacet
  facet normal 0 0 1
    outer loop
      vertex 19.3636 190.31 6
      vertex 21.6356 191.651 6
      vertex 19.3964 190.414 6
    endloop
  endfacet
  facet normal 0 0 1
    outer loop
      vertex 21.6356 191.651 6
      vertex 19.3636 190.31 6
      vertex 22.8446 191.15 6
    endloop
  endfacet
  facet normal 0 0 1
    outer loop
      vertex 19.3219 190.209 6
      vertex 22.8446 191.15 6
      vertex 19.3636 190.31 6
    endloop
  endfacet
  facet normal 0 0 1
    outer loop
      vertex 19.2715 190.112 6
      vertex 22.8446 191.15 6
      vertex 19.3219 190.209 6
    endloop
  endfacet
  facet normal 0 0 1
    outer loop
      vertex 19.2129 190.02 6
      vertex 22.8446 191.15 6
      vertex 19.2715 190.112 6
    endloop
  endfacet
  facet normal 0 0 1
    outer loop
      vertex 19.1466 189.934 6
      vertex 22.8446 191.15 6
      vertex 19.2129 190.02 6
    endloop
  endfacet
  facet normal 0 0 1
    outer loop
      vertex 19.0729 189.853 6
      vertex 22.8446 191.15 6
      vertex 19.1466 189.934 6
    endloop
  endfacet
  facet normal 0 0 1
    outer loop
      vertex 22.8446 191.15 6
      vertex 19.0729 189.853 6
      vertex 24.0926 190.757 6
    endloop
  endfacet
  facet normal 0 0 1
    outer loop
      vertex 18.9925 189.78 6
      vertex 24.0926 190.757 6
      vertex 19.0729 189.853 6
    endloop
  endfacet
  facet normal 0 0 1
    outer loop
      vertex 18.906 189.713 6
      vertex 24.0926 190.757 6
      vertex 18.9925 189.78 6
    endloop
  endfacet
  facet normal 0 0 1
    outer loop
      vertex 18.814 189.655 6
      vertex 24.0926 190.757 6
      vertex 18.906 189.713 6
    endloop
  endfacet
  facet normal 0 0 1
    outer loop
      vertex 25.3702 190.473 6
      vertex 18.814 189.655 6
      vertex 18.7173 189.604 6
    endloop
  endfacet
  facet normal 0 0 1
    outer loop
      vertex 25.3702 190.473 6
      vertex 18.7173 189.604 6
      vertex 18.6165 189.563 6
    endloop
  endfacet
  facet normal 0 0 1
    outer loop
      vertex 26.6675 190.303 6
      vertex 18.6165 189.563 6
      vertex 18.5125 189.53 6
    endloop
  endfacet
  facet normal 0 0 1
    outer loop
      vertex 26.6675 190.303 6
      vertex 18.5125 189.53 6
      vertex 39.5187 186 6
    endloop
  endfacet
  facet normal -0 0 1
    outer loop
      vertex 18.4061 189.506 6
      vertex 39.5187 186 6
      vertex 18.5125 189.53 6
    endloop
  endfacet
  facet normal 0 0 1
    outer loop
      vertex 9 186 6
      vertex 18.4061 189.506 6
      vertex 18.298 189.492 6
    endloop
  endfacet
  facet normal 0 0 1
    outer loop
      vertex 9 186 6
      vertex 18.298 189.492 6
      vertex 18.189 189.487 6
    endloop
  endfacet
  facet normal 0 0 1
    outer loop
      vertex 9 186 6
      vertex 18.189 189.487 6
      vertex 18.0801 189.492 6
    endloop
  endfacet
  facet normal 0 0 1
    outer loop
      vertex 9 186 6
      vertex 18.0801 189.492 6
      vertex 17.9719 189.506 6
    endloop
  endfacet
  facet normal 0 0 1
    outer loop
      vertex 16.958 190.954 6
      vertex 9 186 6
      vertex 16.9438 190.846 6
    endloop
  endfacet
  facet normal 0 0 1
    outer loop
      vertex 16.9438 190.846 6
      vertex 9 186 6
      vertex 16.939 190.737 6
    endloop
  endfacet
  facet normal 0 0 1
    outer loop
      vertex 16.939 190.737 6
      vertex 9 186 6
      vertex 16.9438 190.628 6
    endloop
  endfacet
  facet normal 0 0 1
    outer loop
      vertex 9 186 6
      vertex 15.6876 196.642 6
      vertex 14.9845 197.745 6
    endloop
  endfacet
  facet normal 0 0 1
    outer loop
      vertex 16.9438 190.628 6
      vertex 9 186 6
      vertex 16.958 190.52 6
    endloop
  endfacet
  facet normal 0 0 1
    outer loop
      vertex 9 186 6
      vertex 14.9845 197.745 6
      vertex 14.3803 198.906 6
    endloop
  endfacet
  facet normal 0 0 1
    outer loop
      vertex 7.0548 203.415 6
      vertex 14.3803 198.906 6
      vertex 13.8795 200.115 6
    endloop
  endfacet
  facet normal 0 0 1
    outer loop
      vertex 16.958 190.52 6
      vertex 9 186 6
      vertex 16.9816 190.414 6
    endloop
  endfacet
  facet normal 0 0 1
    outer loop
      vertex 13.8795 210.376 6
      vertex 8.24134 212.428 6
      vertex 13.486 209.128 6
    endloop
  endfacet
  facet normal -0 0 1
    outer loop
      vertex 7.69044 210.681 6
      vertex 13.486 209.128 6
      vertex 8.24134 212.428 6
    endloop
  endfacet
  facet normal 0 0 1
    outer loop
      vertex 13.486 209.128 6
      vertex 7.69044 210.681 6
      vertex 13.2028 207.85 6
    endloop
  endfacet
  facet normal -0 0 1
    outer loop
      vertex 7.29392 208.892 6
      vertex 13.2028 207.85 6
      vertex 7.69044 210.681 6
    endloop
  endfacet
  facet normal 0 0 1
    outer loop
      vertex 13.2028 207.85 6
      vertex 7.29392 208.892 6
      vertex 13.032 206.553 6
    endloop
  endfacet
  facet normal 0 0 1
    outer loop
      vertex 18.4061 189.506 6
      vertex 9 186 6
      vertex 39.5187 186 6
    endloop
  endfacet
  facet normal 0 0 1
    outer loop
      vertex 17.8655 189.53 6
      vertex 9 186 6
      vertex 17.9719 189.506 6
    endloop
  endfacet
  facet normal 0 0 1
    outer loop
      vertex 17.7615 189.563 6
      vertex 9 186 6
      vertex 17.8655 189.53 6
    endloop
  endfacet
  facet normal 0 0 1
    outer loop
      vertex 17.6607 189.604 6
      vertex 9 186 6
      vertex 17.7615 189.563 6
    endloop
  endfacet
  facet normal 0 0 1
    outer loop
      vertex 17.564 189.655 6
      vertex 9 186 6
      vertex 17.6607 189.604 6
    endloop
  endfacet
  facet normal 0 0 1
    outer loop
      vertex 17.472 189.713 6
      vertex 9 186 6
      vertex 17.564 189.655 6
    endloop
  endfacet
  facet normal 0 0 1
    outer loop
      vertex 17.3855 189.78 6
      vertex 9 186 6
      vertex 17.472 189.713 6
    endloop
  endfacet
  facet normal 0 0 1
    outer loop
      vertex 17.3051 189.853 6
      vertex 9 186 6
      vertex 17.3855 189.78 6
    endloop
  endfacet
  facet normal 0 0 1
    outer loop
      vertex 17.2315 189.934 6
      vertex 9 186 6
      vertex 17.3051 189.853 6
    endloop
  endfacet
  facet normal 0 0 1
    outer loop
      vertex 17.1651 190.02 6
      vertex 9 186 6
      vertex 17.2315 189.934 6
    endloop
  endfacet
  facet normal 0 0 1
    outer loop
      vertex 17.1065 190.112 6
      vertex 9 186 6
      vertex 17.1651 190.02 6
    endloop
  endfacet
  facet normal 0 0 1
    outer loop
      vertex 17.0561 190.209 6
      vertex 9 186 6
      vertex 17.1065 190.112 6
    endloop
  endfacet
  facet normal 0 0 1
    outer loop
      vertex 17.0144 190.31 6
      vertex 9 186 6
      vertex 17.0561 190.209 6
    endloop
  endfacet
  facet normal 0 0 1
    outer loop
      vertex 16.9816 190.414 6
      vertex 9 186 6
      vertex 17.0144 190.31 6
    endloop
  endfacet
  facet normal 0 0 1
    outer loop
      vertex 7.0548 203.415 6
      vertex 13.8795 200.115 6
      vertex 13.486 201.363 6
    endloop
  endfacet
  facet normal -0 0 1
    outer loop
      vertex 7.0548 207.076 6
      vertex 13.032 206.553 6
      vertex 7.29392 208.892 6
    endloop
  endfacet
  facet normal 0 0 1
    outer loop
      vertex 13.032 206.553 6
      vertex 7.0548 207.076 6
      vertex 12.9749 205.245 6
    endloop
  endfacet
  facet normal 0 0 1
    outer loop
      vertex 14.3803 198.906 6
      vertex 7.0548 203.415 6
      vertex 9 186 6
    endloop
  endfacet
  facet normal 0 0 1
    outer loop
      vertex 6.97488 205.245 6
      vertex 12.9749 205.245 6
      vertex 7.0548 207.076 6
    endloop
  endfacet
  facet normal 0 0 1
    outer loop
      vertex 12.9749 205.245 6
      vertex 6.97488 205.245 6
      vertex 13.032 203.938 6
    endloop
  endfacet
  facet normal 0 -0 1
    outer loop
      vertex 7.0548 203.415 6
      vertex 13.032 203.938 6
      vertex 6.97488 205.245 6
    endloop
  endfacet
  facet normal 0 0 1
    outer loop
      vertex 13.032 203.938 6
      vertex 7.0548 203.415 6
      vertex 13.2028 202.641 6
    endloop
  endfacet
  facet normal 0 0 1
    outer loop
      vertex 9 186 6
      vertex 7.0548 203.415 6
      vertex 9 181 6
    endloop
  endfacet
  facet normal 0 0 1
    outer loop
      vertex 13.2028 202.641 6
      vertex 7.0548 203.415 6
      vertex 13.486 201.363 6
    endloop
  endfacet
  facet normal -0.999049 0.0436068 0
    outer loop
      vertex 6.97488 205.245 -7.62939e-07
      vertex 7.0548 207.076 6
      vertex 7.0548 207.076 -7.62939e-07
    endloop
  endfacet
  facet normal -0.999049 0.0436068 0
    outer loop
      vertex 7.0548 207.076 6
      vertex 6.97488 205.245 -7.62939e-07
      vertex 6.97488 205.245 6
    endloop
  endfacet
  facet normal 0.906332 0.422567 0
    outer loop
      vertex 47.0073 214.12 6
      vertex 43.1986 222.289 -7.62939e-07
      vertex 43.1986 222.289 6
    endloop
  endfacet
  facet normal 0.906332 0.422567 0
    outer loop
      vertex 43.1986 222.289 -7.62939e-07
      vertex 47.0073 214.12 6
      vertex 47.0073 214.12 -7.62939e-07
    endloop
  endfacet
  facet normal -0.461782 0.886993 0
    outer loop
      vertex 19.0999 224.278 -7.62939e-07
      vertex 17.4749 223.432 6
      vertex 19.0999 224.278 6
    endloop
  endfacet
  facet normal -0.461782 0.886993 0
    outer loop
      vertex 17.4749 223.432 6
      vertex 19.0999 224.278 -7.62939e-07
      vertex 17.4749 223.432 -7.62939e-07
    endloop
  endfacet
  facet normal -0.976307 0.216392 0
    outer loop
      vertex 7.29392 208.892 -7.62939e-07
      vertex 7.69044 210.681 6
      vertex 7.69044 210.681 -7.62939e-07
    endloop
  endfacet
  facet normal -0.976307 0.216392 0
    outer loop
      vertex 7.69044 210.681 6
      vertex 7.29392 208.892 -7.62939e-07
      vertex 7.29392 208.892 6
    endloop
  endfacet
  facet normal -0.999048 -0.0436305 0
    outer loop
      vertex 7.0548 203.415 -7.62939e-07
      vertex 6.97488 205.245 6
      vertex 6.97488 205.245 -7.62939e-07
    endloop
  endfacet
  facet normal -0.999048 -0.0436305 0
    outer loop
      vertex 6.97488 205.245 6
      vertex 7.0548 203.415 -7.62939e-07
      vertex 7.0548 203.415 6
    endloop
  endfacet
  facet normal -0.608998 0.793171 0
    outer loop
      vertex 15.9298 222.448 -7.62939e-07
      vertex 14.4763 221.332 6
      vertex 15.9298 222.448 6
    endloop
  endfacet
  facet normal -0.608998 0.793171 0
    outer loop
      vertex 14.4763 221.332 6
      vertex 15.9298 222.448 -7.62939e-07
      vertex 14.4763 221.332 -7.62939e-07
    endloop
  endfacet
  facet normal -0.991442 0.130547 0
    outer loop
      vertex 7.0548 207.076 -7.62939e-07
      vertex 7.29392 208.892 6
      vertex 7.29392 208.892 -7.62939e-07
    endloop
  endfacet
  facet normal -0.991442 0.130547 0
    outer loop
      vertex 7.29392 208.892 6
      vertex 7.0548 207.076 -7.62939e-07
      vertex 7.0548 207.076 6
    endloop
  endfacet
  facet normal -0.0431222 0.99907 0
    outer loop
      vertex 27.9749 226.245 -7.62939e-07
      vertex 26.1446 226.166 6
      vertex 27.9749 226.245 6
    endloop
  endfacet
  facet normal -0.0431222 0.99907 0
    outer loop
      vertex 26.1446 226.166 6
      vertex 27.9749 226.245 -7.62939e-07
      vertex 26.1446 226.166 -7.62939e-07
    endloop
  endfacet
  facet normal 0.923831 0.3828 0
    outer loop
      vertex 47.7084 212.428 6
      vertex 47.0073 214.12 -7.62939e-07
      vertex 47.0073 214.12 6
    endloop
  endfacet
  facet normal 0.923831 0.3828 0
    outer loop
      vertex 47.0073 214.12 -7.62939e-07
      vertex 47.7084 212.428 6
      vertex 47.7084 212.428 -7.62939e-07
    endloop
  endfacet
  facet normal -0.887009 0.461752 0
    outer loop
      vertex 8.94242 214.12 -7.62939e-07
      vertex 9.78835 215.745 6
      vertex 9.78835 215.745 -7.62939e-07
    endloop
  endfacet
  facet normal -0.887009 0.461752 0
    outer loop
      vertex 9.78835 215.745 6
      vertex 8.94242 214.12 -7.62939e-07
      vertex 8.94242 214.12 6
    endloop
  endfacet
  facet normal 0.887295 0.461203 0
    outer loop
      vertex 43.1986 222.289 6
      vertex 42.9569 222.754 -7.62939e-07
      vertex 42.9569 222.754 6
    endloop
  endfacet
  facet normal 0.887295 0.461203 0
    outer loop
      vertex 42.9569 222.754 -7.62939e-07
      vertex 43.1986 222.289 6
      vertex 43.1986 222.289 -7.62939e-07
    endloop
  endfacet
  facet normal 0.460697 0.887558 -0
    outer loop
      vertex 40.7608 224.95 -7.62939e-07
      vertex 40.2965 225.191 6
      vertex 40.7608 224.95 6
    endloop
  endfacet
  facet normal 0.460697 0.887558 0
    outer loop
      vertex 40.2965 225.191 6
      vertex 40.7608 224.95 -7.62939e-07
      vertex 40.2965 225.191 -7.62939e-07
    endloop
  endfacet
  facet normal 0.0512389 0.998686 -0
    outer loop
      vertex 38.2837 225.731 -7.62939e-07
      vertex 29.8052 226.166 6
      vertex 38.2837 225.731 6
    endloop
  endfacet
  facet normal 0.0512389 0.998686 0
    outer loop
      vertex 29.8052 226.166 6
      vertex 38.2837 225.731 -7.62939e-07
      vertex 29.8052 226.166 -7.62939e-07
    endloop
  endfacet
  facet normal 0.953706 0.300742 0
    outer loop
      vertex 48.2593 210.681 6
      vertex 47.7084 212.428 -7.62939e-07
      vertex 47.7084 212.428 6
    endloop
  endfacet
  facet normal 0.953706 0.300742 0
    outer loop
      vertex 47.7084 212.428 -7.62939e-07
      vertex 48.2593 210.681 6
      vertex 48.2593 210.681 -7.62939e-07
    endloop
  endfacet
  facet normal 0.999049 0.0435959 0
    outer loop
      vertex 48.9749 205.245 6
      vertex 48.895 207.076 -7.62939e-07
      vertex 48.895 207.076 6
    endloop
  endfacet
  facet normal 0.999049 0.0435959 0
    outer loop
      vertex 48.895 207.076 -7.62939e-07
      vertex 48.9749 205.245 6
      vertex 48.9749 205.245 -7.62939e-07
    endloop
  endfacet
  facet normal 0.999048 -0.0436196 0
    outer loop
      vertex 48.895 203.415 6
      vertex 48.9749 205.245 -7.62939e-07
      vertex 48.9749 205.245 6
    endloop
  endfacet
  facet normal 0.999048 -0.0436196 0
    outer loop
      vertex 48.9749 205.245 -7.62939e-07
      vertex 48.895 203.415 6
      vertex 48.895 203.415 -7.62939e-07
    endloop
  endfacet
  facet normal -0.537169 0.843475 0
    outer loop
      vertex 17.4749 223.432 -7.62939e-07
      vertex 15.9298 222.448 6
      vertex 17.4749 223.432 6
    endloop
  endfacet
  facet normal -0.537169 0.843475 0
    outer loop
      vertex 15.9298 222.448 6
      vertex 17.4749 223.432 -7.62939e-07
      vertex 15.9298 222.448 -7.62939e-07
    endloop
  endfacet
  facet normal -0.675386 0.737465 0
    outer loop
      vertex 14.4763 221.332 -7.62939e-07
      vertex 13.1256 220.095 6
      vertex 14.4763 221.332 6
    endloop
  endfacet
  facet normal -0.675386 0.737465 0
    outer loop
      vertex 13.1256 220.095 6
      vertex 14.4763 221.332 -7.62939e-07
      vertex 13.1256 220.095 -7.62939e-07
    endloop
  endfacet
  facet normal -0.793255 0.60889 0
    outer loop
      vertex 10.7727 217.291 -7.62939e-07
      vertex 11.888 218.744 6
      vertex 11.888 218.744 -7.62939e-07
    endloop
  endfacet
  facet normal -0.793255 0.60889 0
    outer loop
      vertex 11.888 218.744 6
      vertex 10.7727 217.291 -7.62939e-07
      vertex 10.7727 217.291 6
    endloop
  endfacet
  facet normal -0.382638 0.923898 0
    outer loop
      vertex 20.7925 224.979 -7.62939e-07
      vertex 19.0999 224.278 6
      vertex 20.7925 224.979 6
    endloop
  endfacet
  facet normal -0.382638 0.923898 0
    outer loop
      vertex 19.0999 224.278 6
      vertex 20.7925 224.979 -7.62939e-07
      vertex 19.0999 224.278 -7.62939e-07
    endloop
  endfacet
  facet normal -0.30076 0.9537 0
    outer loop
      vertex 22.5397 225.53 -7.62939e-07
      vertex 20.7925 224.979 6
      vertex 22.5397 225.53 6
    endloop
  endfacet
  facet normal -0.30076 0.9537 0
    outer loop
      vertex 20.7925 224.979 6
      vertex 22.5397 225.53 -7.62939e-07
      vertex 20.7925 224.979 -7.62939e-07
    endloop
  endfacet
  facet normal -0.130998 0.991383 0
    outer loop
      vertex 26.1446 226.166 -7.62939e-07
      vertex 24.3283 225.926 6
      vertex 26.1446 226.166 6
    endloop
  endfacet
  facet normal -0.130998 0.991383 0
    outer loop
      vertex 24.3283 225.926 6
      vertex 26.1446 226.166 -7.62939e-07
      vertex 24.3283 225.926 -7.62939e-07
    endloop
  endfacet
  facet normal -0.953706 0.300742 0
    outer loop
      vertex 7.69044 210.681 -7.62939e-07
      vertex 8.24134 212.428 6
      vertex 8.24134 212.428 -7.62939e-07
    endloop
  endfacet
  facet normal -0.953706 0.300742 0
    outer loop
      vertex 8.24134 212.428 6
      vertex 7.69044 210.681 -7.62939e-07
      vertex 7.69044 210.681 6
    endloop
  endfacet
  facet normal -0.923835 0.382791 0
    outer loop
      vertex 8.24134 212.428 -7.62939e-07
      vertex 8.94242 214.12 6
      vertex 8.94242 214.12 -7.62939e-07
    endloop
  endfacet
  facet normal -0.923835 0.382791 0
    outer loop
      vertex 8.94242 214.12 6
      vertex 8.24134 212.428 -7.62939e-07
      vertex 8.24134 212.428 6
    endloop
  endfacet
  facet normal -0.84353 0.537082 0
    outer loop
      vertex 9.78835 215.745 -7.62939e-07
      vertex 10.7727 217.291 6
      vertex 10.7727 217.291 -7.62939e-07
    endloop
  endfacet
  facet normal -0.84353 0.537082 0
    outer loop
      vertex 10.7727 217.291 6
      vertex 9.78835 215.745 -7.62939e-07
      vertex 9.78835 215.745 6
    endloop
  endfacet
  facet normal 0.675993 0.736908 -0
    outer loop
      vertex 42.0034 223.996 -7.62939e-07
      vertex 41.6175 224.35 6
      vertex 42.0034 223.996 6
    endloop
  endfacet
  facet normal 0.675993 0.736908 0
    outer loop
      vertex 41.6175 224.35 6
      vertex 42.0034 223.996 -7.62939e-07
      vertex 41.6175 224.35 -7.62939e-07
    endloop
  endfacet
  facet normal 0.300015 0.953934 -0
    outer loop
      vertex 39.8129 225.392 -7.62939e-07
      vertex 39.3137 225.549 6
      vertex 39.8129 225.392 6
    endloop
  endfacet
  facet normal 0.300015 0.953934 0
    outer loop
      vertex 39.3137 225.549 6
      vertex 39.8129 225.392 -7.62939e-07
      vertex 39.3137 225.549 -7.62939e-07
    endloop
  endfacet
  facet normal 0.383802 0.923416 -0
    outer loop
      vertex 40.2965 225.191 -7.62939e-07
      vertex 39.8129 225.392 6
      vertex 40.2965 225.191 6
    endloop
  endfacet
  facet normal 0.383802 0.923416 0
    outer loop
      vertex 39.8129 225.392 6
      vertex 40.2965 225.191 -7.62939e-07
      vertex 39.8129 225.392 -7.62939e-07
    endloop
  endfacet
  facet normal 0.0431222 0.99907 -0
    outer loop
      vertex 29.8052 226.166 -7.62939e-07
      vertex 27.9749 226.245 6
      vertex 29.8052 226.166 6
    endloop
  endfacet
  facet normal 0.0431222 0.99907 0
    outer loop
      vertex 27.9749 226.245 6
      vertex 29.8052 226.166 -7.62939e-07
      vertex 27.9749 226.245 -7.62939e-07
    endloop
  endfacet
  facet normal -0.737376 0.675482 0
    outer loop
      vertex 11.888 218.744 -7.62939e-07
      vertex 13.1256 220.095 6
      vertex 13.1256 220.095 -7.62939e-07
    endloop
  endfacet
  facet normal -0.737376 0.675482 0
    outer loop
      vertex 13.1256 220.095 6
      vertex 11.888 218.744 -7.62939e-07
      vertex 11.888 218.744 6
    endloop
  endfacet
  facet normal 0.843173 0.537642 0
    outer loop
      vertex 42.9569 222.754 6
      vertex 42.6757 223.195 -7.62939e-07
      vertex 42.6757 223.195 6
    endloop
  endfacet
  facet normal 0.843173 0.537642 0
    outer loop
      vertex 42.6757 223.195 -7.62939e-07
      vertex 42.9569 222.754 6
      vertex 42.9569 222.754 -7.62939e-07
    endloop
  endfacet
  facet normal 0.737376 0.675482 0
    outer loop
      vertex 42.357 223.61 6
      vertex 42.0034 223.996 -7.62939e-07
      vertex 42.0034 223.996 6
    endloop
  endfacet
  facet normal 0.737376 0.675482 0
    outer loop
      vertex 42.0034 223.996 -7.62939e-07
      vertex 42.357 223.61 6
      vertex 42.357 223.61 -7.62939e-07
    endloop
  endfacet
  facet normal 0.609157 0.79305 -0
    outer loop
      vertex 41.6175 224.35 -7.62939e-07
      vertex 41.2022 224.669 6
      vertex 41.6175 224.35 6
    endloop
  endfacet
  facet normal 0.609157 0.79305 0
    outer loop
      vertex 41.2022 224.669 6
      vertex 41.6175 224.35 -7.62939e-07
      vertex 41.2022 224.669 -7.62939e-07
    endloop
  endfacet
  facet normal 0.131813 0.991275 -0
    outer loop
      vertex 38.8026 225.662 -7.62939e-07
      vertex 38.2837 225.731 6
      vertex 38.8026 225.662 6
    endloop
  endfacet
  facet normal 0.131813 0.991275 0
    outer loop
      vertex 38.2837 225.731 6
      vertex 38.8026 225.662 -7.62939e-07
      vertex 38.2837 225.731 -7.62939e-07
    endloop
  endfacet
  facet normal -0.216167 0.976356 0
    outer loop
      vertex 24.3283 225.926 -7.62939e-07
      vertex 22.5397 225.53 6
      vertex 24.3283 225.926 6
    endloop
  endfacet
  facet normal -0.216167 0.976356 0
    outer loop
      vertex 22.5397 225.53 6
      vertex 24.3283 225.926 -7.62939e-07
      vertex 22.5397 225.53 -7.62939e-07
    endloop
  endfacet
  facet normal 0.793114 0.609073 0
    outer loop
      vertex 42.6757 223.195 6
      vertex 42.357 223.61 -7.62939e-07
      vertex 42.357 223.61 6
    endloop
  endfacet
  facet normal 0.793114 0.609073 0
    outer loop
      vertex 42.357 223.61 -7.62939e-07
      vertex 42.6757 223.195 6
      vertex 42.6757 223.195 -7.62939e-07
    endloop
  endfacet
  facet normal 0.537024 0.843567 -0
    outer loop
      vertex 41.2022 224.669 -7.62939e-07
      vertex 40.7608 224.95 6
      vertex 41.2022 224.669 6
    endloop
  endfacet
  facet normal 0.537024 0.843567 0
    outer loop
      vertex 40.7608 224.95 6
      vertex 41.2022 224.669 -7.62939e-07
      vertex 40.7608 224.95 -7.62939e-07
    endloop
  endfacet
  facet normal 0.215878 0.97642 -0
    outer loop
      vertex 39.3137 225.549 -7.62939e-07
      vertex 38.8026 225.662 6
      vertex 39.3137 225.549 6
    endloop
  endfacet
  facet normal 0.215878 0.97642 0
    outer loop
      vertex 38.8026 225.662 6
      vertex 39.3137 225.549 -7.62939e-07
      vertex 38.8026 225.662 -7.62939e-07
    endloop
  endfacet
  facet normal 0.976309 0.216381 0
    outer loop
      vertex 48.6558 208.892 6
      vertex 48.2593 210.681 -7.62939e-07
      vertex 48.2593 210.681 6
    endloop
  endfacet
  facet normal 0.976309 0.216381 0
    outer loop
      vertex 48.2593 210.681 -7.62939e-07
      vertex 48.6558 208.892 6
      vertex 48.6558 208.892 -7.62939e-07
    endloop
  endfacet
  facet normal 0.991436 0.13059 0
    outer loop
      vertex 48.895 207.076 6
      vertex 48.6558 208.892 -7.62939e-07
      vertex 48.6558 208.892 6
    endloop
  endfacet
  facet normal 0.991436 0.13059 0
    outer loop
      vertex 48.6558 208.892 -7.62939e-07
      vertex 48.895 207.076 6
      vertex 48.895 207.076 -7.62939e-07
    endloop
  endfacet
  facet normal -1 0 0
    outer loop
      vertex 9 186 6
      vertex 9 181 6
      vertex 9 186 10.7
    endloop
  endfacet
  facet normal -1 0 0
    outer loop
      vertex 9 186 10.7
      vertex 9 189 19.7
      vertex 9 189 10.7
    endloop
  endfacet
  facet normal -1 0 0
    outer loop
      vertex 9 181 19.7
      vertex 9 186 10.7
      vertex 9 181 6
    endloop
  endfacet
  facet normal -1 0 0
    outer loop
      vertex 9 186 10.7
      vertex 9 181 19.7
      vertex 9 189 19.7
    endloop
  endfacet
  facet normal -0 0 1
    outer loop
      vertex 9 189 19.7
      vertex 47 181 19.7
      vertex 47 189 19.7
    endloop
  endfacet
  facet normal 0 0 1
    outer loop
      vertex 47 181 19.7
      vertex 9 189 19.7
      vertex 9 181 19.7
    endloop
  endfacet
  facet normal 1 0 0
    outer loop
      vertex 47 189 19.7
      vertex 47 186 10.7
      vertex 47 189 10.7
    endloop
  endfacet
  facet normal 1 -0 0
    outer loop
      vertex 47 181 19.7
      vertex 47 186 10.7
      vertex 47 189 19.7
    endloop
  endfacet
  facet normal 1 0 0
    outer loop
      vertex 47 181 6
      vertex 47 186 10.7
      vertex 47 181 19.7
    endloop
  endfacet
  facet normal 1 0 0
    outer loop
      vertex 47 186 10.7
      vertex 47 181 6
      vertex 47 186 6
    endloop
  endfacet
  facet normal 0 1 0
    outer loop
      vertex 39.5187 186 7
      vertex 47 186 10.7
      vertex 45.1491 186 7
    endloop
  endfacet
  facet normal 0 1 -0
    outer loop
      vertex 47 186 6
      vertex 45.1491 186 7
      vertex 47 186 10.7
    endloop
  endfacet
  facet normal 0 1 0
    outer loop
      vertex 45.1491 186 7
      vertex 47 186 6
      vertex 45.1491 186 6
    endloop
  endfacet
  facet normal 0 1 0
    outer loop
      vertex 47 186 10.7
      vertex 39.5187 186 7
      vertex 9 186 10.7
    endloop
  endfacet
  facet normal 0 1 0
    outer loop
      vertex 9 186 6
      vertex 39.5187 186 7
      vertex 39.5187 186 6
    endloop
  endfacet
  facet normal 0 1 0
    outer loop
      vertex 39.5187 186 7
      vertex 9 186 6
      vertex 9 186 10.7
    endloop
  endfacet
  facet normal 0 0 -1
    outer loop
      vertex 9 186 10.7
      vertex 47 189 10.7
      vertex 47 186 10.7
    endloop
  endfacet
  facet normal -0 0 -1
    outer loop
      vertex 47 189 10.7
      vertex 9 186 10.7
      vertex 9 189 10.7
    endloop
  endfacet
  facet normal 0 1 -0
    outer loop
      vertex 47 189 10.7
      vertex 9 189 19.7
      vertex 47 189 19.7
    endloop
  endfacet
  facet normal 0 1 0
    outer loop
      vertex 9 189 19.7
      vertex 47 189 10.7
      vertex 9 189 10.7
    endloop
  endfacet
  facet normal -0.885398 -0.464834 0
    outer loop
      vertex 19.3219 191.266 -7.62939e-07
      vertex 19.2715 191.362 6
      vertex 19.2715 191.362 -7.62939e-07
    endloop
  endfacet
  facet normal -0.885398 -0.464834 0
    outer loop
      vertex 19.2715 191.362 6
      vertex 19.3219 191.266 -7.62939e-07
      vertex 19.3219 191.266 6
    endloop
  endfacet
  facet normal 0.302447 -0.953166 0
    outer loop
      vertex 17.7615 191.912 -7.62939e-07
      vertex 17.8655 191.945 6
      vertex 17.7615 191.912 6
    endloop
  endfacet
  facet normal 0.302447 -0.953166 0
    outer loop
      vertex 17.8655 191.945 6
      vertex 17.7615 191.912 -7.62939e-07
      vertex 17.8655 191.945 -7.62939e-07
    endloop
  endfacet
  facet normal 0.924318 -0.381624 0
    outer loop
      vertex 17.0144 191.165 6
      vertex 17.0561 191.266 -7.62939e-07
      vertex 17.0561 191.266 6
    endloop
  endfacet
  facet normal 0.924318 -0.381624 0
    outer loop
      vertex 17.0561 191.266 -7.62939e-07
      vertex 17.0144 191.165 6
      vertex 17.0144 191.165 -7.62939e-07
    endloop
  endfacet
  facet normal -0.999072 0.0430792 0
    outer loop
      vertex 19.4343 190.628 -7.62939e-07
      vertex 19.439 190.737 6
      vertex 19.439 190.737 -7.62939e-07
    endloop
  endfacet
  facet normal -0.999072 0.0430792 0
    outer loop
      vertex 19.439 190.737 6
      vertex 19.4343 190.628 -7.62939e-07
      vertex 19.4343 190.628 6
    endloop
  endfacet
  facet normal -0.4665 0.884521 0
    outer loop
      vertex 18.814 189.655 -7.62939e-07
      vertex 18.7173 189.604 6
      vertex 18.814 189.655 6
    endloop
  endfacet
  facet normal -0.4665 0.884521 0
    outer loop
      vertex 18.7173 189.604 6
      vertex 18.814 189.655 -7.62939e-07
      vertex 18.7173 189.604 -7.62939e-07
    endloop
  endfacet
  facet normal -0.0366726 -0.999327 0
    outer loop
      vertex 18.189 191.987 -7.62939e-07
      vertex 18.298 191.983 6
      vertex 18.189 191.987 6
    endloop
  endfacet
  facet normal -0.0366726 -0.999327 -0
    outer loop
      vertex 18.298 191.983 6
      vertex 18.189 191.987 -7.62939e-07
      vertex 18.298 191.983 -7.62939e-07
    endloop
  endfacet
  facet normal -0.384615 -0.923077 0
    outer loop
      vertex 18.6165 191.912 -7.62939e-07
      vertex 18.7173 191.87 6
      vertex 18.6165 191.912 6
    endloop
  endfacet
  facet normal -0.384615 -0.923077 -0
    outer loop
      vertex 18.7173 191.87 6
      vertex 18.6165 191.912 -7.62939e-07
      vertex 18.7173 191.87 -7.62939e-07
    endloop
  endfacet
  facet normal 0.539832 -0.841773 0
    outer loop
      vertex 17.472 191.761 -7.62939e-07
      vertex 17.564 191.82 6
      vertex 17.472 191.761 6
    endloop
  endfacet
  facet normal 0.539832 -0.841773 0
    outer loop
      vertex 17.564 191.82 6
      vertex 17.472 191.761 -7.62939e-07
      vertex 17.564 191.82 -7.62939e-07
    endloop
  endfacet
  facet normal -0.953693 0.30078 0
    outer loop
      vertex 19.3636 190.31 -7.62939e-07
      vertex 19.3964 190.414 6
      vertex 19.3964 190.414 -7.62939e-07
    endloop
  endfacet
  facet normal -0.953693 0.30078 0
    outer loop
      vertex 19.3964 190.414 6
      vertex 19.3636 190.31 -7.62939e-07
      vertex 19.3636 190.31 6
    endloop
  endfacet
  facet normal 0.991467 0.13036 0
    outer loop
      vertex 16.958 190.52 6
      vertex 16.9438 190.628 -7.62939e-07
      vertex 16.9438 190.628 6
    endloop
  endfacet
  facet normal 0.991467 0.13036 0
    outer loop
      vertex 16.9438 190.628 -7.62939e-07
      vertex 16.958 190.52 6
      vertex 16.958 190.52 -7.62939e-07
    endloop
  endfacet
  facet normal -0.533301 0.845926 0
    outer loop
      vertex 18.906 189.713 -7.62939e-07
      vertex 18.814 189.655 6
      vertex 18.906 189.713 6
    endloop
  endfacet
  facet normal -0.533301 0.845926 0
    outer loop
      vertex 18.814 189.655 6
      vertex 18.906 189.713 -7.62939e-07
      vertex 18.814 189.655 -7.62939e-07
    endloop
  endfacet
  facet normal -0.991348 -0.131262 0
    outer loop
      vertex 19.4343 190.846 -7.62939e-07
      vertex 19.42 190.954 6
      vertex 19.42 190.954 -7.62939e-07
    endloop
  endfacet
  facet normal -0.991348 -0.131262 0
    outer loop
      vertex 19.42 190.954 6
      vertex 19.4343 190.846 -7.62939e-07
      vertex 19.4343 190.846 6
    endloop
  endfacet
  facet normal -0.953693 -0.30078 0
    outer loop
      vertex 19.3964 191.061 -7.62939e-07
      vertex 19.3636 191.165 6
      vertex 19.3636 191.165 -7.62939e-07
    endloop
  endfacet
  facet normal -0.953693 -0.30078 0
    outer loop
      vertex 19.3636 191.165 6
      vertex 19.3964 191.061 -7.62939e-07
      vertex 19.3964 191.061 6
    endloop
  endfacet
  facet normal -0.795369 -0.606126 0
    outer loop
      vertex 19.2129 191.454 -7.62939e-07
      vertex 19.1466 191.541 6
      vertex 19.1466 191.541 -7.62939e-07
    endloop
  endfacet
  facet normal -0.795369 -0.606126 0
    outer loop
      vertex 19.1466 191.541 6
      vertex 19.2129 191.454 -7.62939e-07
      vertex 19.2129 191.454 6
    endloop
  endfacet
  facet normal -0.735473 -0.677554 0
    outer loop
      vertex 19.1466 191.541 -7.62939e-07
      vertex 19.0729 191.621 6
      vertex 19.0729 191.621 -7.62939e-07
    endloop
  endfacet
  facet normal -0.735473 -0.677554 0
    outer loop
      vertex 19.0729 191.621 6
      vertex 19.1466 191.541 -7.62939e-07
      vertex 19.1466 191.541 6
    endloop
  endfacet
  facet normal -0.211285 -0.977424 0
    outer loop
      vertex 18.4061 191.968 -7.62939e-07
      vertex 18.5125 191.945 6
      vertex 18.4061 191.968 6
    endloop
  endfacet
  facet normal -0.211285 -0.977424 -0
    outer loop
      vertex 18.5125 191.945 6
      vertex 18.4061 191.968 -7.62939e-07
      vertex 18.5125 191.945 -7.62939e-07
    endloop
  endfacet
  facet normal -0.302447 -0.953166 0
    outer loop
      vertex 18.5125 191.945 -7.62939e-07
      vertex 18.6165 191.912 6
      vertex 18.5125 191.945 6
    endloop
  endfacet
  facet normal -0.302447 -0.953166 -0
    outer loop
      vertex 18.6165 191.912 6
      vertex 18.5125 191.945 -7.62939e-07
      vertex 18.6165 191.912 -7.62939e-07
    endloop
  endfacet
  facet normal -0.137444 -0.99051 0
    outer loop
      vertex 18.298 191.983 -7.62939e-07
      vertex 18.4061 191.968 6
      vertex 18.298 191.983 6
    endloop
  endfacet
  facet normal -0.137444 -0.99051 -0
    outer loop
      vertex 18.4061 191.968 6
      vertex 18.298 191.983 -7.62939e-07
      vertex 18.4061 191.968 -7.62939e-07
    endloop
  endfacet
  facet normal -0.606597 -0.79501 0
    outer loop
      vertex 18.906 191.761 -7.62939e-07
      vertex 18.9925 191.695 6
      vertex 18.906 191.761 6
    endloop
  endfacet
  facet normal -0.606597 -0.79501 -0
    outer loop
      vertex 18.9925 191.695 6
      vertex 18.906 191.761 -7.62939e-07
      vertex 18.9925 191.695 -7.62939e-07
    endloop
  endfacet
  facet normal -0.459298 -0.888282 0
    outer loop
      vertex 18.7173 191.87 -7.62939e-07
      vertex 18.814 191.82 6
      vertex 18.7173 191.87 6
    endloop
  endfacet
  facet normal -0.459298 -0.888282 -0
    outer loop
      vertex 18.814 191.82 6
      vertex 18.7173 191.87 -7.62939e-07
      vertex 18.814 191.82 -7.62939e-07
    endloop
  endfacet
  facet normal -0.539832 -0.841773 0
    outer loop
      vertex 18.814 191.82 -7.62939e-07
      vertex 18.906 191.761 6
      vertex 18.814 191.82 6
    endloop
  endfacet
  facet normal -0.539832 -0.841773 -0
    outer loop
      vertex 18.906 191.761 6
      vertex 18.814 191.82 -7.62939e-07
      vertex 18.906 191.761 -7.62939e-07
    endloop
  endfacet
  facet normal 0.999032 -0.0439941 0
    outer loop
      vertex 16.939 190.737 6
      vertex 16.9438 190.846 -7.62939e-07
      vertex 16.9438 190.846 6
    endloop
  endfacet
  facet normal 0.999032 -0.0439941 0
    outer loop
      vertex 16.9438 190.846 -7.62939e-07
      vertex 16.939 190.737 6
      vertex 16.939 190.737 -7.62939e-07
    endloop
  endfacet
  facet normal 0.976529 -0.215384 0
    outer loop
      vertex 16.958 190.954 6
      vertex 16.9816 191.061 -7.62939e-07
      vertex 16.9816 191.061 6
    endloop
  endfacet
  facet normal 0.976529 -0.215384 0
    outer loop
      vertex 16.9816 191.061 -7.62939e-07
      vertex 16.958 190.954 6
      vertex 16.958 190.954 -7.62939e-07
    endloop
  endfacet
  facet normal 0.794928 -0.606704 0
    outer loop
      vertex 17.1651 191.454 6
      vertex 17.2315 191.541 -7.62939e-07
      vertex 17.2315 191.541 6
    endloop
  endfacet
  facet normal 0.794928 -0.606704 0
    outer loop
      vertex 17.2315 191.541 -7.62939e-07
      vertex 17.1651 191.454 6
      vertex 17.1651 191.454 -7.62939e-07
    endloop
  endfacet
  facet normal 0.843435 -0.537231 0
    outer loop
      vertex 17.1065 191.362 6
      vertex 17.1651 191.454 -7.62939e-07
      vertex 17.1651 191.454 6
    endloop
  endfacet
  facet normal 0.843435 -0.537231 0
    outer loop
      vertex 17.1651 191.454 -7.62939e-07
      vertex 17.1065 191.362 6
      vertex 17.1065 191.362 -7.62939e-07
    endloop
  endfacet
  facet normal 0.0367062 -0.999326 0
    outer loop
      vertex 18.0801 191.983 -7.62939e-07
      vertex 18.189 191.987 6
      vertex 18.0801 191.983 6
    endloop
  endfacet
  facet normal 0.0367062 -0.999326 0
    outer loop
      vertex 18.189 191.987 6
      vertex 18.0801 191.983 -7.62939e-07
      vertex 18.189 191.987 -7.62939e-07
    endloop
  endfacet
  facet normal 0.211285 -0.977424 0
    outer loop
      vertex 17.8655 191.945 -7.62939e-07
      vertex 17.9719 191.968 6
      vertex 17.8655 191.945 6
    endloop
  endfacet
  facet normal 0.211285 -0.977424 0
    outer loop
      vertex 17.9719 191.968 6
      vertex 17.8655 191.945 -7.62939e-07
      vertex 17.9719 191.968 -7.62939e-07
    endloop
  endfacet
  facet normal 0.137319 -0.990527 0
    outer loop
      vertex 17.9719 191.968 -7.62939e-07
      vertex 18.0801 191.983 6
      vertex 17.9719 191.968 6
    endloop
  endfacet
  facet normal 0.137319 -0.990527 0
    outer loop
      vertex 18.0801 191.983 6
      vertex 17.9719 191.968 -7.62939e-07
      vertex 18.0801 191.983 -7.62939e-07
    endloop
  endfacet
  facet normal 0.384615 -0.923077 0
    outer loop
      vertex 17.6607 191.87 -7.62939e-07
      vertex 17.7615 191.912 6
      vertex 17.6607 191.87 6
    endloop
  endfacet
  facet normal 0.384615 -0.923077 0
    outer loop
      vertex 17.7615 191.912 6
      vertex 17.6607 191.87 -7.62939e-07
      vertex 17.7615 191.912 -7.62939e-07
    endloop
  endfacet
  facet normal 0.459298 -0.888282 0
    outer loop
      vertex 17.564 191.82 -7.62939e-07
      vertex 17.6607 191.87 6
      vertex 17.564 191.82 6
    endloop
  endfacet
  facet normal 0.459298 -0.888282 0
    outer loop
      vertex 17.6607 191.87 6
      vertex 17.564 191.82 -7.62939e-07
      vertex 17.6607 191.87 -7.62939e-07
    endloop
  endfacet
  facet normal -0.999072 -0.0430792 0
    outer loop
      vertex 19.439 190.737 -7.62939e-07
      vertex 19.4343 190.846 6
      vertex 19.4343 190.846 -7.62939e-07
    endloop
  endfacet
  facet normal -0.999072 -0.0430792 0
    outer loop
      vertex 19.4343 190.846 6
      vertex 19.439 190.737 -7.62939e-07
      vertex 19.439 190.737 6
    endloop
  endfacet
  facet normal -0.843435 0.537231 0
    outer loop
      vertex 19.2129 190.02 -7.62939e-07
      vertex 19.2715 190.112 6
      vertex 19.2715 190.112 -7.62939e-07
    endloop
  endfacet
  facet normal -0.843435 0.537231 0
    outer loop
      vertex 19.2715 190.112 6
      vertex 19.2129 190.02 -7.62939e-07
      vertex 19.2129 190.02 6
    endloop
  endfacet
  facet normal -0.128437 0.991718 0
    outer loop
      vertex 18.4061 189.506 -7.62939e-07
      vertex 18.298 189.492 6
      vertex 18.4061 189.506 6
    endloop
  endfacet
  facet normal -0.128437 0.991718 0
    outer loop
      vertex 18.298 189.492 6
      vertex 18.4061 189.506 -7.62939e-07
      vertex 18.298 189.492 -7.62939e-07
    endloop
  endfacet
  facet normal -0.924318 -0.381624 0
    outer loop
      vertex 19.3636 191.165 -7.62939e-07
      vertex 19.3219 191.266 6
      vertex 19.3219 191.266 -7.62939e-07
    endloop
  endfacet
  facet normal -0.924318 -0.381624 0
    outer loop
      vertex 19.3219 191.266 6
      vertex 19.3636 191.165 -7.62939e-07
      vertex 19.3636 191.165 6
    endloop
  endfacet
  facet normal -0.976529 -0.215384 0
    outer loop
      vertex 19.42 190.954 -7.62939e-07
      vertex 19.3964 191.061 6
      vertex 19.3964 191.061 -7.62939e-07
    endloop
  endfacet
  facet normal -0.976529 -0.215384 0
    outer loop
      vertex 19.3964 191.061 6
      vertex 19.42 190.954 -7.62939e-07
      vertex 19.42 190.954 6
    endloop
  endfacet
  facet normal -0.843435 -0.537231 0
    outer loop
      vertex 19.2715 191.362 -7.62939e-07
      vertex 19.2129 191.454 6
      vertex 19.2129 191.454 -7.62939e-07
    endloop
  endfacet
  facet normal -0.843435 -0.537231 0
    outer loop
      vertex 19.2129 191.454 6
      vertex 19.2715 191.362 -7.62939e-07
      vertex 19.2715 191.362 6
    endloop
  endfacet
  facet normal -0.677215 -0.735785 0
    outer loop
      vertex 18.9925 191.695 -7.62939e-07
      vertex 19.0729 191.621 6
      vertex 18.9925 191.695 6
    endloop
  endfacet
  facet normal -0.677215 -0.735785 -0
    outer loop
      vertex 19.0729 191.621 6
      vertex 18.9925 191.695 -7.62939e-07
      vertex 19.0729 191.621 -7.62939e-07
    endloop
  endfacet
  facet normal 0.991467 -0.13036 0
    outer loop
      vertex 16.9438 190.846 6
      vertex 16.958 190.954 -7.62939e-07
      vertex 16.958 190.954 6
    endloop
  endfacet
  facet normal 0.991467 -0.13036 0
    outer loop
      vertex 16.958 190.954 -7.62939e-07
      vertex 16.9438 190.846 6
      vertex 16.9438 190.846 -7.62939e-07
    endloop
  endfacet
  facet normal 0.953693 -0.30078 0
    outer loop
      vertex 16.9816 191.061 6
      vertex 17.0144 191.165 -7.62939e-07
      vertex 17.0144 191.165 6
    endloop
  endfacet
  facet normal 0.953693 -0.30078 0
    outer loop
      vertex 17.0144 191.165 -7.62939e-07
      vertex 16.9816 191.061 6
      vertex 16.9816 191.061 -7.62939e-07
    endloop
  endfacet
  facet normal 0.885398 -0.464834 0
    outer loop
      vertex 17.0561 191.266 6
      vertex 17.1065 191.362 -7.62939e-07
      vertex 17.1065 191.362 6
    endloop
  endfacet
  facet normal 0.885398 -0.464834 0
    outer loop
      vertex 17.1065 191.362 -7.62939e-07
      vertex 17.0561 191.266 6
      vertex 17.0561 191.266 -7.62939e-07
    endloop
  endfacet
  facet normal 0.735931 -0.677057 0
    outer loop
      vertex 17.2315 191.541 6
      vertex 17.3051 191.621 -7.62939e-07
      vertex 17.3051 191.621 6
    endloop
  endfacet
  facet normal 0.735931 -0.677057 0
    outer loop
      vertex 17.3051 191.621 -7.62939e-07
      vertex 17.2315 191.541 6
      vertex 17.2315 191.541 -7.62939e-07
    endloop
  endfacet
  facet normal 0.677215 -0.735785 0
    outer loop
      vertex 17.3051 191.621 -7.62939e-07
      vertex 17.3855 191.695 6
      vertex 17.3051 191.621 6
    endloop
  endfacet
  facet normal 0.677215 -0.735785 0
    outer loop
      vertex 17.3855 191.695 6
      vertex 17.3051 191.621 -7.62939e-07
      vertex 17.3855 191.695 -7.62939e-07
    endloop
  endfacet
  facet normal 0.606597 -0.79501 0
    outer loop
      vertex 17.3855 191.695 -7.62939e-07
      vertex 17.472 191.761 6
      vertex 17.3855 191.695 6
    endloop
  endfacet
  facet normal 0.606597 -0.79501 0
    outer loop
      vertex 17.472 191.761 6
      vertex 17.3855 191.695 -7.62939e-07
      vertex 17.472 191.761 -7.62939e-07
    endloop
  endfacet
  facet normal -0.9761 0.21732 0
    outer loop
      vertex 19.3964 190.414 -7.62939e-07
      vertex 19.42 190.52 6
      vertex 19.42 190.52 -7.62939e-07
    endloop
  endfacet
  facet normal -0.9761 0.21732 0
    outer loop
      vertex 19.42 190.52 6
      vertex 19.3964 190.414 -7.62939e-07
      vertex 19.3964 190.414 6
    endloop
  endfacet
  facet normal -0.672214 0.740357 0
    outer loop
      vertex 19.0729 189.853 -7.62939e-07
      vertex 18.9925 189.78 6
      vertex 19.0729 189.853 6
    endloop
  endfacet
  facet normal -0.672214 0.740357 0
    outer loop
      vertex 18.9925 189.78 6
      vertex 19.0729 189.853 -7.62939e-07
      vertex 18.9925 189.78 -7.62939e-07
    endloop
  endfacet
  facet normal -0.887367 0.461065 0
    outer loop
      vertex 19.2715 190.112 -7.62939e-07
      vertex 19.3219 190.209 6
      vertex 19.3219 190.209 -7.62939e-07
    endloop
  endfacet
  facet normal -0.887367 0.461065 0
    outer loop
      vertex 19.3219 190.209 6
      vertex 19.2715 190.112 -7.62939e-07
      vertex 19.2715 190.112 6
    endloop
  endfacet
  facet normal -0.791973 0.610556 0
    outer loop
      vertex 19.1466 189.934 -7.62939e-07
      vertex 19.2129 190.02 6
      vertex 19.2129 190.02 -7.62939e-07
    endloop
  endfacet
  facet normal -0.791973 0.610556 0
    outer loop
      vertex 19.2129 190.02 6
      vertex 19.1466 189.934 -7.62939e-07
      vertex 19.1466 189.934 6
    endloop
  endfacet
  facet normal 0.672214 0.740357 -0
    outer loop
      vertex 17.3855 189.78 -7.62939e-07
      vertex 17.3051 189.853 6
      vertex 17.3855 189.78 6
    endloop
  endfacet
  facet normal 0.672214 0.740357 0
    outer loop
      vertex 17.3051 189.853 6
      vertex 17.3855 189.78 -7.62939e-07
      vertex 17.3051 189.853 -7.62939e-07
    endloop
  endfacet
  facet normal 0.376771 0.926306 -0
    outer loop
      vertex 17.7615 189.563 -7.62939e-07
      vertex 17.6607 189.604 6
      vertex 17.7615 189.563 6
    endloop
  endfacet
  facet normal 0.376771 0.926306 0
    outer loop
      vertex 17.6607 189.604 6
      vertex 17.7615 189.563 -7.62939e-07
      vertex 17.6607 189.604 -7.62939e-07
    endloop
  endfacet
  facet normal 0.999032 0.0439941 0
    outer loop
      vertex 16.9438 190.628 6
      vertex 16.939 190.737 -7.62939e-07
      vertex 16.939 190.737 6
    endloop
  endfacet
  facet normal 0.999032 0.0439941 0
    outer loop
      vertex 16.939 190.737 -7.62939e-07
      vertex 16.9438 190.628 6
      vertex 16.9438 190.628 -7.62939e-07
    endloop
  endfacet
  facet normal 0.953693 0.30078 0
    outer loop
      vertex 17.0144 190.31 6
      vertex 16.9816 190.414 -7.62939e-07
      vertex 16.9816 190.414 6
    endloop
  endfacet
  facet normal 0.953693 0.30078 0
    outer loop
      vertex 16.9816 190.414 -7.62939e-07
      vertex 17.0144 190.31 6
      vertex 17.0144 190.31 -7.62939e-07
    endloop
  endfacet
  facet normal 0.740105 0.672491 0
    outer loop
      vertex 17.3051 189.853 6
      vertex 17.2315 189.934 -7.62939e-07
      vertex 17.2315 189.934 6
    endloop
  endfacet
  facet normal 0.740105 0.672491 0
    outer loop
      vertex 17.2315 189.934 -7.62939e-07
      vertex 17.3051 189.853 6
      vertex 17.3051 189.853 -7.62939e-07
    endloop
  endfacet
  facet normal -0.991348 0.131262 0
    outer loop
      vertex 19.42 190.52 -7.62939e-07
      vertex 19.4343 190.628 6
      vertex 19.4343 190.628 -7.62939e-07
    endloop
  endfacet
  facet normal -0.991348 0.131262 0
    outer loop
      vertex 19.4343 190.628 6
      vertex 19.42 190.52 -7.62939e-07
      vertex 19.42 190.52 6
    endloop
  endfacet
  facet normal -0.924318 0.381624 0
    outer loop
      vertex 19.3219 190.209 -7.62939e-07
      vertex 19.3636 190.31 6
      vertex 19.3636 190.31 -7.62939e-07
    endloop
  endfacet
  facet normal -0.924318 0.381624 0
    outer loop
      vertex 19.3636 190.31 6
      vertex 19.3219 190.209 -7.62939e-07
      vertex 19.3219 190.209 6
    endloop
  endfacet
  facet normal 0.533301 0.845926 -0
    outer loop
      vertex 17.564 189.655 -7.62939e-07
      vertex 17.472 189.713 6
      vertex 17.564 189.655 6
    endloop
  endfacet
  facet normal 0.533301 0.845926 0
    outer loop
      vertex 17.472 189.713 6
      vertex 17.564 189.655 -7.62939e-07
      vertex 17.472 189.713 -7.62939e-07
    endloop
  endfacet
  facet normal -0.0458234 0.99895 0
    outer loop
      vertex 18.298 189.492 -7.62939e-07
      vertex 18.189 189.487 6
      vertex 18.298 189.492 6
    endloop
  endfacet
  facet normal -0.0458234 0.99895 0
    outer loop
      vertex 18.189 189.487 6
      vertex 18.298 189.492 -7.62939e-07
      vertex 18.189 189.487 -7.62939e-07
    endloop
  endfacet
  facet normal 0.0458654 0.998948 -0
    outer loop
      vertex 18.189 189.487 -7.62939e-07
      vertex 18.0801 189.492 6
      vertex 18.189 189.487 6
    endloop
  endfacet
  facet normal 0.0458654 0.998948 0
    outer loop
      vertex 18.0801 189.492 6
      vertex 18.189 189.487 -7.62939e-07
      vertex 18.0801 189.492 -7.62939e-07
    endloop
  endfacet
  facet normal 0.302447 0.953166 -0
    outer loop
      vertex 17.8655 189.53 -7.62939e-07
      vertex 17.7615 189.563 6
      vertex 17.8655 189.53 6
    endloop
  endfacet
  facet normal 0.302447 0.953166 0
    outer loop
      vertex 17.7615 189.563 6
      vertex 17.8655 189.53 -7.62939e-07
      vertex 17.7615 189.563 -7.62939e-07
    endloop
  endfacet
  facet normal 0.12832 0.991733 -0
    outer loop
      vertex 18.0801 189.492 -7.62939e-07
      vertex 17.9719 189.506 6
      vertex 18.0801 189.492 6
    endloop
  endfacet
  facet normal 0.12832 0.991733 0
    outer loop
      vertex 17.9719 189.506 6
      vertex 18.0801 189.492 -7.62939e-07
      vertex 17.9719 189.506 -7.62939e-07
    endloop
  endfacet
  facet normal 0.4665 0.884521 -0
    outer loop
      vertex 17.6607 189.604 -7.62939e-07
      vertex 17.564 189.655 6
      vertex 17.6607 189.604 6
    endloop
  endfacet
  facet normal 0.4665 0.884521 0
    outer loop
      vertex 17.564 189.655 6
      vertex 17.6607 189.604 -7.62939e-07
      vertex 17.564 189.655 -7.62939e-07
    endloop
  endfacet
  facet normal 0.9761 0.21732 0
    outer loop
      vertex 16.9816 190.414 6
      vertex 16.958 190.52 -7.62939e-07
      vertex 16.958 190.52 6
    endloop
  endfacet
  facet normal 0.9761 0.21732 0
    outer loop
      vertex 16.958 190.52 -7.62939e-07
      vertex 16.9816 190.414 6
      vertex 16.9816 190.414 -7.62939e-07
    endloop
  endfacet
  facet normal 0.887367 0.461065 0
    outer loop
      vertex 17.1065 190.112 6
      vertex 17.0561 190.209 -7.62939e-07
      vertex 17.0561 190.209 6
    endloop
  endfacet
  facet normal 0.887367 0.461065 0
    outer loop
      vertex 17.0561 190.209 -7.62939e-07
      vertex 17.1065 190.112 6
      vertex 17.1065 190.112 -7.62939e-07
    endloop
  endfacet
  facet normal 0.924318 0.381624 0
    outer loop
      vertex 17.0561 190.209 6
      vertex 17.0144 190.31 -7.62939e-07
      vertex 17.0144 190.31 6
    endloop
  endfacet
  facet normal 0.924318 0.381624 0
    outer loop
      vertex 17.0144 190.31 -7.62939e-07
      vertex 17.0561 190.209 6
      vertex 17.0561 190.209 -7.62939e-07
    endloop
  endfacet
  facet normal -0.302447 0.953166 0
    outer loop
      vertex 18.6165 189.563 -7.62939e-07
      vertex 18.5125 189.53 6
      vertex 18.6165 189.563 6
    endloop
  endfacet
  facet normal -0.302447 0.953166 0
    outer loop
      vertex 18.5125 189.53 6
      vertex 18.6165 189.563 -7.62939e-07
      vertex 18.5125 189.53 -7.62939e-07
    endloop
  endfacet
  facet normal -0.376771 0.926306 0
    outer loop
      vertex 18.7173 189.604 -7.62939e-07
      vertex 18.6165 189.563 6
      vertex 18.7173 189.604 6
    endloop
  endfacet
  facet normal -0.376771 0.926306 0
    outer loop
      vertex 18.6165 189.563 6
      vertex 18.7173 189.604 -7.62939e-07
      vertex 18.6165 189.563 -7.62939e-07
    endloop
  endfacet
  facet normal -0.220036 0.975492 0
    outer loop
      vertex 18.5125 189.53 -7.62939e-07
      vertex 18.4061 189.506 6
      vertex 18.5125 189.53 6
    endloop
  endfacet
  facet normal -0.220036 0.975492 0
    outer loop
      vertex 18.4061 189.506 6
      vertex 18.5125 189.53 -7.62939e-07
      vertex 18.4061 189.506 -7.62939e-07
    endloop
  endfacet
  facet normal -0.612358 0.790581 0
    outer loop
      vertex 18.9925 189.78 -7.62939e-07
      vertex 18.906 189.713 6
      vertex 18.9925 189.78 6
    endloop
  endfacet
  facet normal -0.612358 0.790581 0
    outer loop
      vertex 18.906 189.713 6
      vertex 18.9925 189.78 -7.62939e-07
      vertex 18.906 189.713 -7.62939e-07
    endloop
  endfacet
  facet normal -0.739651 0.672991 0
    outer loop
      vertex 19.0729 189.853 -7.62939e-07
      vertex 19.1466 189.934 6
      vertex 19.1466 189.934 -7.62939e-07
    endloop
  endfacet
  facet normal -0.739651 0.672991 0
    outer loop
      vertex 19.1466 189.934 6
      vertex 19.0729 189.853 -7.62939e-07
      vertex 19.0729 189.853 6
    endloop
  endfacet
  facet normal 0.612358 0.790581 -0
    outer loop
      vertex 17.472 189.713 -7.62939e-07
      vertex 17.3855 189.78 6
      vertex 17.472 189.713 6
    endloop
  endfacet
  facet normal 0.612358 0.790581 0
    outer loop
      vertex 17.3855 189.78 6
      vertex 17.472 189.713 -7.62939e-07
      vertex 17.3855 189.78 -7.62939e-07
    endloop
  endfacet
  facet normal 0.220036 0.975492 -0
    outer loop
      vertex 17.9719 189.506 -7.62939e-07
      vertex 17.8655 189.53 6
      vertex 17.9719 189.506 6
    endloop
  endfacet
  facet normal 0.220036 0.975492 0
    outer loop
      vertex 17.8655 189.53 6
      vertex 17.9719 189.506 -7.62939e-07
      vertex 17.8655 189.53 -7.62939e-07
    endloop
  endfacet
  facet normal 0.791528 0.611133 0
    outer loop
      vertex 17.2315 189.934 6
      vertex 17.1651 190.02 -7.62939e-07
      vertex 17.1651 190.02 6
    endloop
  endfacet
  facet normal 0.791528 0.611133 0
    outer loop
      vertex 17.1651 190.02 -7.62939e-07
      vertex 17.2315 189.934 6
      vertex 17.2315 189.934 -7.62939e-07
    endloop
  endfacet
  facet normal 0.843435 0.537231 0
    outer loop
      vertex 17.1651 190.02 6
      vertex 17.1065 190.112 -7.62939e-07
      vertex 17.1065 190.112 6
    endloop
  endfacet
  facet normal 0.843435 0.537231 0
    outer loop
      vertex 17.1065 190.112 -7.62939e-07
      vertex 17.1651 190.02 6
      vertex 17.1651 190.02 -7.62939e-07
    endloop
  endfacet
  facet normal -0.999032 -0.0439941 0
    outer loop
      vertex 39.0108 219.754 -7.62939e-07
      vertex 39.006 219.863 6
      vertex 39.006 219.863 -7.62939e-07
    endloop
  endfacet
  facet normal -0.999032 -0.0439941 0
    outer loop
      vertex 39.006 219.863 6
      vertex 39.0108 219.754 -7.62939e-07
      vertex 39.0108 219.754 6
    endloop
  endfacet
  facet normal 0.999072 -0.0430792 0
    outer loop
      vertex 36.5108 219.754 6
      vertex 36.5155 219.863 -7.62939e-07
      vertex 36.5155 219.863 6
    endloop
  endfacet
  facet normal 0.999072 -0.0430792 0
    outer loop
      vertex 36.5155 219.863 -7.62939e-07
      vertex 36.5108 219.754 6
      vertex 36.5108 219.754 -7.62939e-07
    endloop
  endfacet
  facet normal 0.0458234 -0.99895 0
    outer loop
      vertex 37.6518 220.999 -7.62939e-07
      vertex 37.7608 221.004 6
      vertex 37.6518 220.999 6
    endloop
  endfacet
  facet normal 0.0458234 -0.99895 0
    outer loop
      vertex 37.7608 221.004 6
      vertex 37.6518 220.999 -7.62939e-07
      vertex 37.7608 221.004 -7.62939e-07
    endloop
  endfacet
  facet normal 0.0366726 0.999327 -0
    outer loop
      vertex 37.7608 218.504 -7.62939e-07
      vertex 37.6518 218.508 6
      vertex 37.7608 218.504 6
    endloop
  endfacet
  facet normal 0.0366726 0.999327 0
    outer loop
      vertex 37.6518 218.508 6
      vertex 37.7608 218.504 -7.62939e-07
      vertex 37.6518 218.508 -7.62939e-07
    endloop
  endfacet
  facet normal 0.677215 -0.735785 0
    outer loop
      vertex 36.8769 220.637 -7.62939e-07
      vertex 36.9573 220.711 6
      vertex 36.8769 220.637 6
    endloop
  endfacet
  facet normal 0.677215 -0.735785 0
    outer loop
      vertex 36.9573 220.711 6
      vertex 36.8769 220.637 -7.62939e-07
      vertex 36.9573 220.711 -7.62939e-07
    endloop
  endfacet
  facet normal 0.377092 -0.926176 0
    outer loop
      vertex 37.2325 220.887 -7.62939e-07
      vertex 37.3332 220.928 6
      vertex 37.2325 220.887 6
    endloop
  endfacet
  facet normal 0.377092 -0.926176 0
    outer loop
      vertex 37.3332 220.928 6
      vertex 37.2325 220.887 -7.62939e-07
      vertex 37.3332 220.928 -7.62939e-07
    endloop
  endfacet
  facet normal 0.953956 0.299946 0
    outer loop
      vertex 36.5861 219.326 6
      vertex 36.5534 219.43 -7.62939e-07
      vertex 36.5534 219.43 6
    endloop
  endfacet
  facet normal 0.953956 0.299946 0
    outer loop
      vertex 36.5534 219.43 -7.62939e-07
      vertex 36.5861 219.326 6
      vertex 36.5861 219.326 -7.62939e-07
    endloop
  endfacet
  facet normal 0.923995 -0.382406 0
    outer loop
      vertex 36.5861 220.181 6
      vertex 36.6279 220.282 -7.62939e-07
      vertex 36.6279 220.282 6
    endloop
  endfacet
  facet normal 0.923995 -0.382406 0
    outer loop
      vertex 36.6279 220.282 -7.62939e-07
      vertex 36.5861 220.181 6
      vertex 36.5861 220.181 -7.62939e-07
    endloop
  endfacet
  facet normal 0.791528 -0.611133 0
    outer loop
      vertex 36.7368 220.471 6
      vertex 36.8032 220.557 -7.62939e-07
      vertex 36.8032 220.557 6
    endloop
  endfacet
  facet normal 0.791528 -0.611133 0
    outer loop
      vertex 36.8032 220.557 -7.62939e-07
      vertex 36.7368 220.471 6
      vertex 36.7368 220.471 -7.62939e-07
    endloop
  endfacet
  facet normal 0.219839 -0.975536 0
    outer loop
      vertex 37.4372 220.961 -7.62939e-07
      vertex 37.5437 220.985 6
      vertex 37.4372 220.961 6
    endloop
  endfacet
  facet normal 0.219839 -0.975536 0
    outer loop
      vertex 37.5437 220.985 6
      vertex 37.4372 220.961 -7.62939e-07
      vertex 37.5437 220.985 -7.62939e-07
    endloop
  endfacet
  facet normal -0.953693 0.30078 0
    outer loop
      vertex 38.9354 219.326 -7.62939e-07
      vertex 38.9682 219.43 6
      vertex 38.9682 219.43 -7.62939e-07
    endloop
  endfacet
  facet normal -0.953693 0.30078 0
    outer loop
      vertex 38.9682 219.43 6
      vertex 38.9354 219.326 -7.62939e-07
      vertex 38.9354 219.326 6
    endloop
  endfacet
  facet normal 0.384941 0.922941 -0
    outer loop
      vertex 37.3332 218.579 -7.62939e-07
      vertex 37.2325 218.621 6
      vertex 37.3332 218.579 6
    endloop
  endfacet
  facet normal 0.384941 0.922941 0
    outer loop
      vertex 37.2325 218.621 6
      vertex 37.3332 218.579 -7.62939e-07
      vertex 37.2325 218.621 -7.62939e-07
    endloop
  endfacet
  facet normal 0.606597 0.79501 -0
    outer loop
      vertex 37.0438 218.73 -7.62939e-07
      vertex 36.9573 218.796 6
      vertex 37.0438 218.73 6
    endloop
  endfacet
  facet normal 0.606597 0.79501 0
    outer loop
      vertex 36.9573 218.796 6
      vertex 37.0438 218.73 -7.62939e-07
      vertex 36.9573 218.796 -7.62939e-07
    endloop
  endfacet
  facet normal -0.991467 -0.13036 0
    outer loop
      vertex 39.006 219.863 -7.62939e-07
      vertex 38.9918 219.971 6
      vertex 38.9918 219.971 -7.62939e-07
    endloop
  endfacet
  facet normal -0.991467 -0.13036 0
    outer loop
      vertex 38.9918 219.971 6
      vertex 39.006 219.863 -7.62939e-07
      vertex 39.006 219.863 6
    endloop
  endfacet
  facet normal -0.735473 -0.677554 0
    outer loop
      vertex 38.7183 220.557 -7.62939e-07
      vertex 38.6446 220.637 6
      vertex 38.6446 220.637 -7.62939e-07
    endloop
  endfacet
  facet normal -0.735473 -0.677554 0
    outer loop
      vertex 38.6446 220.637 6
      vertex 38.7183 220.557 -7.62939e-07
      vertex 38.7183 220.557 6
    endloop
  endfacet
  facet normal -0.843435 -0.537231 0
    outer loop
      vertex 38.8433 220.379 -7.62939e-07
      vertex 38.7847 220.471 6
      vertex 38.7847 220.471 -7.62939e-07
    endloop
  endfacet
  facet normal -0.843435 -0.537231 0
    outer loop
      vertex 38.7847 220.471 6
      vertex 38.8433 220.379 -7.62939e-07
      vertex 38.8433 220.379 6
    endloop
  endfacet
  facet normal -0.219839 -0.975536 0
    outer loop
      vertex 37.9778 220.985 -7.62939e-07
      vertex 38.0843 220.961 6
      vertex 37.9778 220.985 6
    endloop
  endfacet
  facet normal -0.219839 -0.975536 -0
    outer loop
      vertex 38.0843 220.961 6
      vertex 37.9778 220.985 -7.62939e-07
      vertex 38.0843 220.961 -7.62939e-07
    endloop
  endfacet
  facet normal -0.0458654 -0.998948 0
    outer loop
      vertex 37.7608 221.004 -7.62939e-07
      vertex 37.8697 220.999 6
      vertex 37.7608 221.004 6
    endloop
  endfacet
  facet normal -0.0458654 -0.998948 -0
    outer loop
      vertex 37.8697 220.999 6
      vertex 37.7608 221.004 -7.62939e-07
      vertex 37.8697 220.999 -7.62939e-07
    endloop
  endfacet
  facet normal -0.466123 -0.88472 0
    outer loop
      vertex 38.289 220.887 -7.62939e-07
      vertex 38.3858 220.836 6
      vertex 38.289 220.887 6
    endloop
  endfacet
  facet normal -0.466123 -0.88472 -0
    outer loop
      vertex 38.3858 220.836 6
      vertex 38.289 220.887 -7.62939e-07
      vertex 38.3858 220.836 -7.62939e-07
    endloop
  endfacet
  facet normal -0.302447 -0.953166 0
    outer loop
      vertex 38.0843 220.961 -7.62939e-07
      vertex 38.1883 220.928 6
      vertex 38.0843 220.961 6
    endloop
  endfacet
  facet normal -0.302447 -0.953166 -0
    outer loop
      vertex 38.1883 220.928 6
      vertex 38.0843 220.961 -7.62939e-07
      vertex 38.1883 220.928 -7.62939e-07
    endloop
  endfacet
  facet normal -0.612358 -0.790581 0
    outer loop
      vertex 38.4777 220.778 -7.62939e-07
      vertex 38.5642 220.711 6
      vertex 38.4777 220.778 6
    endloop
  endfacet
  facet normal -0.612358 -0.790581 -0
    outer loop
      vertex 38.5642 220.711 6
      vertex 38.4777 220.778 -7.62939e-07
      vertex 38.5642 220.711 -7.62939e-07
    endloop
  endfacet
  facet normal 0.9761 -0.21732 0
    outer loop
      vertex 36.5298 219.971 6
      vertex 36.5534 220.077 -7.62939e-07
      vertex 36.5534 220.077 6
    endloop
  endfacet
  facet normal 0.9761 -0.21732 0
    outer loop
      vertex 36.5534 220.077 -7.62939e-07
      vertex 36.5298 219.971 6
      vertex 36.5298 219.971 -7.62939e-07
    endloop
  endfacet
  facet normal 0.843435 -0.537231 0
    outer loop
      vertex 36.6782 220.379 6
      vertex 36.7368 220.471 -7.62939e-07
      vertex 36.7368 220.471 6
    endloop
  endfacet
  facet normal 0.843435 -0.537231 0
    outer loop
      vertex 36.7368 220.471 -7.62939e-07
      vertex 36.6782 220.379 6
      vertex 36.6782 220.379 -7.62939e-07
    endloop
  endfacet
  facet normal 0.887741 -0.460344 0
    outer loop
      vertex 36.6279 220.282 6
      vertex 36.6782 220.379 -7.62939e-07
      vertex 36.6782 220.379 6
    endloop
  endfacet
  facet normal 0.887741 -0.460344 0
    outer loop
      vertex 36.6782 220.379 -7.62939e-07
      vertex 36.6279 220.282 6
      vertex 36.6279 220.282 -7.62939e-07
    endloop
  endfacet
  facet normal 0.953956 -0.299946 0
    outer loop
      vertex 36.5534 220.077 6
      vertex 36.5861 220.181 -7.62939e-07
      vertex 36.5861 220.181 6
    endloop
  endfacet
  facet normal 0.953956 -0.299946 0
    outer loop
      vertex 36.5861 220.181 -7.62939e-07
      vertex 36.5534 220.077 6
      vertex 36.5534 220.077 -7.62939e-07
    endloop
  endfacet
  facet normal 0.991348 -0.131262 0
    outer loop
      vertex 36.5155 219.863 6
      vertex 36.5298 219.971 -7.62939e-07
      vertex 36.5298 219.971 6
    endloop
  endfacet
  facet normal 0.991348 -0.131262 0
    outer loop
      vertex 36.5298 219.971 -7.62939e-07
      vertex 36.5155 219.863 6
      vertex 36.5155 219.863 -7.62939e-07
    endloop
  endfacet
  facet normal 0.533301 -0.845926 0
    outer loop
      vertex 37.0438 220.778 -7.62939e-07
      vertex 37.1358 220.836 6
      vertex 37.0438 220.778 6
    endloop
  endfacet
  facet normal 0.533301 -0.845926 0
    outer loop
      vertex 37.1358 220.836 6
      vertex 37.0438 220.778 -7.62939e-07
      vertex 37.1358 220.836 -7.62939e-07
    endloop
  endfacet
  facet normal 0.4665 -0.884521 0
    outer loop
      vertex 37.1358 220.836 -7.62939e-07
      vertex 37.2325 220.887 6
      vertex 37.1358 220.836 6
    endloop
  endfacet
  facet normal 0.4665 -0.884521 0
    outer loop
      vertex 37.2325 220.887 6
      vertex 37.1358 220.836 -7.62939e-07
      vertex 37.2325 220.887 -7.62939e-07
    endloop
  endfacet
  facet normal 0.612358 -0.790581 0
    outer loop
      vertex 36.9573 220.711 -7.62939e-07
      vertex 37.0438 220.778 6
      vertex 36.9573 220.711 6
    endloop
  endfacet
  facet normal 0.612358 -0.790581 0
    outer loop
      vertex 37.0438 220.778 6
      vertex 36.9573 220.711 -7.62939e-07
      vertex 37.0438 220.778 -7.62939e-07
    endloop
  endfacet
  facet normal 0.302447 -0.953166 0
    outer loop
      vertex 37.3332 220.928 -7.62939e-07
      vertex 37.4372 220.961 6
      vertex 37.3332 220.928 6
    endloop
  endfacet
  facet normal 0.302447 -0.953166 0
    outer loop
      vertex 37.4372 220.961 6
      vertex 37.3332 220.928 -7.62939e-07
      vertex 37.4372 220.961 -7.62939e-07
    endloop
  endfacet
  facet normal 0.128437 -0.991718 0
    outer loop
      vertex 37.5437 220.985 -7.62939e-07
      vertex 37.6518 220.999 6
      vertex 37.5437 220.985 6
    endloop
  endfacet
  facet normal 0.128437 -0.991718 0
    outer loop
      vertex 37.6518 220.999 6
      vertex 37.5437 220.985 -7.62939e-07
      vertex 37.6518 220.999 -7.62939e-07
    endloop
  endfacet
  facet normal -0.0367062 0.999326 0
    outer loop
      vertex 37.8697 218.508 -7.62939e-07
      vertex 37.7608 218.504 6
      vertex 37.8697 218.508 6
    endloop
  endfacet
  facet normal -0.0367062 0.999326 0
    outer loop
      vertex 37.7608 218.504 6
      vertex 37.8697 218.508 -7.62939e-07
      vertex 37.7608 218.504 -7.62939e-07
    endloop
  endfacet
  facet normal -0.211096 0.977465 0
    outer loop
      vertex 38.0843 218.546 -7.62939e-07
      vertex 37.9778 218.523 6
      vertex 38.0843 218.546 6
    endloop
  endfacet
  facet normal -0.211096 0.977465 0
    outer loop
      vertex 37.9778 218.523 6
      vertex 38.0843 218.546 -7.62939e-07
      vertex 37.9778 218.523 -7.62939e-07
    endloop
  endfacet
  facet normal -0.540248 0.841506 0
    outer loop
      vertex 38.4777 218.73 -7.62939e-07
      vertex 38.3858 218.671 6
      vertex 38.4777 218.73 6
    endloop
  endfacet
  facet normal -0.540248 0.841506 0
    outer loop
      vertex 38.3858 218.671 6
      vertex 38.4777 218.73 -7.62939e-07
      vertex 38.3858 218.671 -7.62939e-07
    endloop
  endfacet
  facet normal -0.677215 0.735785 0
    outer loop
      vertex 38.6446 218.87 -7.62939e-07
      vertex 38.5642 218.796 6
      vertex 38.6446 218.87 6
    endloop
  endfacet
  facet normal -0.677215 0.735785 0
    outer loop
      vertex 38.5642 218.796 6
      vertex 38.6446 218.87 -7.62939e-07
      vertex 38.5642 218.796 -7.62939e-07
    endloop
  endfacet
  facet normal -0.384941 0.922941 0
    outer loop
      vertex 38.289 218.621 -7.62939e-07
      vertex 38.1883 218.579 6
      vertex 38.289 218.621 6
    endloop
  endfacet
  facet normal -0.384941 0.922941 0
    outer loop
      vertex 38.1883 218.579 6
      vertex 38.289 218.621 -7.62939e-07
      vertex 38.1883 218.579 -7.62939e-07
    endloop
  endfacet
  facet normal -0.885777 0.46411 0
    outer loop
      vertex 38.8433 219.129 -7.62939e-07
      vertex 38.8936 219.225 6
      vertex 38.8936 219.225 -7.62939e-07
    endloop
  endfacet
  facet normal -0.885777 0.46411 0
    outer loop
      vertex 38.8936 219.225 6
      vertex 38.8433 219.129 -7.62939e-07
      vertex 38.8433 219.129 6
    endloop
  endfacet
  facet normal 0.211096 0.977465 -0
    outer loop
      vertex 37.5437 218.523 -7.62939e-07
      vertex 37.4372 218.546 6
      vertex 37.5437 218.523 6
    endloop
  endfacet
  facet normal 0.211096 0.977465 0
    outer loop
      vertex 37.4372 218.546 6
      vertex 37.5437 218.523 -7.62939e-07
      vertex 37.4372 218.546 -7.62939e-07
    endloop
  endfacet
  facet normal 0.539832 0.841773 -0
    outer loop
      vertex 37.1358 218.671 -7.62939e-07
      vertex 37.0438 218.73 6
      vertex 37.1358 218.671 6
    endloop
  endfacet
  facet normal 0.539832 0.841773 0
    outer loop
      vertex 37.0438 218.73 6
      vertex 37.1358 218.671 -7.62939e-07
      vertex 37.0438 218.73 -7.62939e-07
    endloop
  endfacet
  facet normal 0.459298 0.888282 -0
    outer loop
      vertex 37.2325 218.621 -7.62939e-07
      vertex 37.1358 218.671 6
      vertex 37.2325 218.621 6
    endloop
  endfacet
  facet normal 0.459298 0.888282 0
    outer loop
      vertex 37.1358 218.671 6
      vertex 37.2325 218.621 -7.62939e-07
      vertex 37.1358 218.671 -7.62939e-07
    endloop
  endfacet
  facet normal 0.302447 0.953166 -0
    outer loop
      vertex 37.4372 218.546 -7.62939e-07
      vertex 37.3332 218.579 6
      vertex 37.4372 218.546 6
    endloop
  endfacet
  facet normal 0.302447 0.953166 0
    outer loop
      vertex 37.3332 218.579 6
      vertex 37.4372 218.546 -7.62939e-07
      vertex 37.3332 218.579 -7.62939e-07
    endloop
  endfacet
  facet normal 0.137444 0.99051 -0
    outer loop
      vertex 37.6518 218.508 -7.62939e-07
      vertex 37.5437 218.523 6
      vertex 37.6518 218.508 6
    endloop
  endfacet
  facet normal 0.137444 0.99051 0
    outer loop
      vertex 37.5437 218.523 6
      vertex 37.6518 218.508 -7.62939e-07
      vertex 37.5437 218.523 -7.62939e-07
    endloop
  endfacet
  facet normal 0.923995 0.382406 0
    outer loop
      vertex 36.6279 219.225 6
      vertex 36.5861 219.326 -7.62939e-07
      vertex 36.5861 219.326 6
    endloop
  endfacet
  facet normal 0.923995 0.382406 0
    outer loop
      vertex 36.5861 219.326 -7.62939e-07
      vertex 36.6279 219.225 6
      vertex 36.6279 219.225 -7.62939e-07
    endloop
  endfacet
  facet normal 0.885777 0.46411 0
    outer loop
      vertex 36.6782 219.129 6
      vertex 36.6279 219.225 -7.62939e-07
      vertex 36.6279 219.225 6
    endloop
  endfacet
  facet normal 0.885777 0.46411 0
    outer loop
      vertex 36.6279 219.225 -7.62939e-07
      vertex 36.6782 219.129 6
      vertex 36.6782 219.129 -7.62939e-07
    endloop
  endfacet
  facet normal 0.843435 0.537231 0
    outer loop
      vertex 36.7368 219.037 6
      vertex 36.6782 219.129 -7.62939e-07
      vertex 36.6782 219.129 6
    endloop
  endfacet
  facet normal 0.843435 0.537231 0
    outer loop
      vertex 36.6782 219.129 -7.62939e-07
      vertex 36.7368 219.037 6
      vertex 36.7368 219.037 -7.62939e-07
    endloop
  endfacet
  facet normal 0.999072 0.0430792 0
    outer loop
      vertex 36.5155 219.645 6
      vertex 36.5108 219.754 -7.62939e-07
      vertex 36.5108 219.754 6
    endloop
  endfacet
  facet normal 0.999072 0.0430792 0
    outer loop
      vertex 36.5108 219.754 -7.62939e-07
      vertex 36.5155 219.645 6
      vertex 36.5155 219.645 -7.62939e-07
    endloop
  endfacet
  facet normal 0.976529 0.215384 0
    outer loop
      vertex 36.5534 219.43 6
      vertex 36.5298 219.537 -7.62939e-07
      vertex 36.5298 219.537 6
    endloop
  endfacet
  facet normal 0.976529 0.215384 0
    outer loop
      vertex 36.5298 219.537 -7.62939e-07
      vertex 36.5534 219.43 6
      vertex 36.5534 219.43 -7.62939e-07
    endloop
  endfacet
  facet normal 0.991348 0.131262 0
    outer loop
      vertex 36.5298 219.537 6
      vertex 36.5155 219.645 -7.62939e-07
      vertex 36.5155 219.645 6
    endloop
  endfacet
  facet normal 0.991348 0.131262 0
    outer loop
      vertex 36.5155 219.645 -7.62939e-07
      vertex 36.5298 219.537 6
      vertex 36.5298 219.537 -7.62939e-07
    endloop
  endfacet
  facet normal -0.9761 -0.21732 0
    outer loop
      vertex 38.9918 219.971 -7.62939e-07
      vertex 38.9682 220.077 6
      vertex 38.9682 220.077 -7.62939e-07
    endloop
  endfacet
  facet normal -0.9761 -0.21732 0
    outer loop
      vertex 38.9682 220.077 6
      vertex 38.9918 219.971 -7.62939e-07
      vertex 38.9918 219.971 6
    endloop
  endfacet
  facet normal -0.953693 -0.30078 0
    outer loop
      vertex 38.9682 220.077 -7.62939e-07
      vertex 38.9354 220.181 6
      vertex 38.9354 220.181 -7.62939e-07
    endloop
  endfacet
  facet normal -0.953693 -0.30078 0
    outer loop
      vertex 38.9354 220.181 6
      vertex 38.9682 220.077 -7.62939e-07
      vertex 38.9682 220.077 6
    endloop
  endfacet
  facet normal -0.887741 -0.460344 0
    outer loop
      vertex 38.8936 220.282 -7.62939e-07
      vertex 38.8433 220.379 6
      vertex 38.8433 220.379 -7.62939e-07
    endloop
  endfacet
  facet normal -0.887741 -0.460344 0
    outer loop
      vertex 38.8433 220.379 6
      vertex 38.8936 220.282 -7.62939e-07
      vertex 38.8936 220.282 6
    endloop
  endfacet
  facet normal -0.677215 -0.735785 0
    outer loop
      vertex 38.5642 220.711 -7.62939e-07
      vertex 38.6446 220.637 6
      vertex 38.5642 220.711 6
    endloop
  endfacet
  facet normal -0.677215 -0.735785 -0
    outer loop
      vertex 38.6446 220.637 6
      vertex 38.5642 220.711 -7.62939e-07
      vertex 38.6446 220.637 -7.62939e-07
    endloop
  endfacet
  facet normal -0.791528 -0.611133 0
    outer loop
      vertex 38.7847 220.471 -7.62939e-07
      vertex 38.7183 220.557 6
      vertex 38.7183 220.557 -7.62939e-07
    endloop
  endfacet
  facet normal -0.791528 -0.611133 0
    outer loop
      vertex 38.7183 220.557 6
      vertex 38.7847 220.471 -7.62939e-07
      vertex 38.7847 220.471 6
    endloop
  endfacet
  facet normal -0.128437 -0.991718 0
    outer loop
      vertex 37.8697 220.999 -7.62939e-07
      vertex 37.9778 220.985 6
      vertex 37.8697 220.999 6
    endloop
  endfacet
  facet normal -0.128437 -0.991718 -0
    outer loop
      vertex 37.9778 220.985 6
      vertex 37.8697 220.999 -7.62939e-07
      vertex 37.9778 220.985 -7.62939e-07
    endloop
  endfacet
  facet normal -0.377092 -0.926176 0
    outer loop
      vertex 38.1883 220.928 -7.62939e-07
      vertex 38.289 220.887 6
      vertex 38.1883 220.928 6
    endloop
  endfacet
  facet normal -0.377092 -0.926176 -0
    outer loop
      vertex 38.289 220.887 6
      vertex 38.1883 220.928 -7.62939e-07
      vertex 38.289 220.887 -7.62939e-07
    endloop
  endfacet
  facet normal -0.533716 -0.845664 0
    outer loop
      vertex 38.3858 220.836 -7.62939e-07
      vertex 38.4777 220.778 6
      vertex 38.3858 220.836 6
    endloop
  endfacet
  facet normal -0.533716 -0.845664 -0
    outer loop
      vertex 38.4777 220.778 6
      vertex 38.3858 220.836 -7.62939e-07
      vertex 38.4777 220.778 -7.62939e-07
    endloop
  endfacet
  facet normal 0.735473 -0.677554 0
    outer loop
      vertex 36.8032 220.557 6
      vertex 36.8769 220.637 -7.62939e-07
      vertex 36.8769 220.637 6
    endloop
  endfacet
  facet normal 0.735473 -0.677554 0
    outer loop
      vertex 36.8769 220.637 -7.62939e-07
      vertex 36.8032 220.557 6
      vertex 36.8032 220.557 -7.62939e-07
    endloop
  endfacet
  facet normal -0.137444 0.99051 0
    outer loop
      vertex 37.9778 218.523 -7.62939e-07
      vertex 37.8697 218.508 6
      vertex 37.9778 218.523 6
    endloop
  endfacet
  facet normal -0.137444 0.99051 0
    outer loop
      vertex 37.8697 218.508 6
      vertex 37.9778 218.523 -7.62939e-07
      vertex 37.8697 218.508 -7.62939e-07
    endloop
  endfacet
  facet normal -0.302447 0.953166 0
    outer loop
      vertex 38.1883 218.579 -7.62939e-07
      vertex 38.0843 218.546 6
      vertex 38.1883 218.579 6
    endloop
  endfacet
  facet normal -0.302447 0.953166 0
    outer loop
      vertex 38.0843 218.546 6
      vertex 38.1883 218.579 -7.62939e-07
      vertex 38.0843 218.546 -7.62939e-07
    endloop
  endfacet
  facet normal -0.606597 0.79501 0
    outer loop
      vertex 38.5642 218.796 -7.62939e-07
      vertex 38.4777 218.73 6
      vertex 38.5642 218.796 6
    endloop
  endfacet
  facet normal -0.606597 0.79501 0
    outer loop
      vertex 38.4777 218.73 6
      vertex 38.5642 218.796 -7.62939e-07
      vertex 38.4777 218.73 -7.62939e-07
    endloop
  endfacet
  facet normal -0.458923 0.888476 0
    outer loop
      vertex 38.3858 218.671 -7.62939e-07
      vertex 38.289 218.621 6
      vertex 38.3858 218.671 6
    endloop
  endfacet
  facet normal -0.458923 0.888476 0
    outer loop
      vertex 38.289 218.621 6
      vertex 38.3858 218.671 -7.62939e-07
      vertex 38.289 218.621 -7.62939e-07
    endloop
  endfacet
  facet normal -0.843435 0.537231 0
    outer loop
      vertex 38.7847 219.037 -7.62939e-07
      vertex 38.8433 219.129 6
      vertex 38.8433 219.129 -7.62939e-07
    endloop
  endfacet
  facet normal -0.843435 0.537231 0
    outer loop
      vertex 38.8433 219.129 6
      vertex 38.7847 219.037 -7.62939e-07
      vertex 38.7847 219.037 6
    endloop
  endfacet
  facet normal -0.735473 0.677554 0
    outer loop
      vertex 38.6446 218.87 -7.62939e-07
      vertex 38.7183 218.95 6
      vertex 38.7183 218.95 -7.62939e-07
    endloop
  endfacet
  facet normal -0.735473 0.677554 0
    outer loop
      vertex 38.7183 218.95 6
      vertex 38.6446 218.87 -7.62939e-07
      vertex 38.6446 218.87 6
    endloop
  endfacet
  facet normal -0.794928 0.606704 0
    outer loop
      vertex 38.7183 218.95 -7.62939e-07
      vertex 38.7847 219.037 6
      vertex 38.7847 219.037 -7.62939e-07
    endloop
  endfacet
  facet normal -0.794928 0.606704 0
    outer loop
      vertex 38.7847 219.037 6
      vertex 38.7183 218.95 -7.62939e-07
      vertex 38.7183 218.95 6
    endloop
  endfacet
  facet normal -0.923995 0.382406 0
    outer loop
      vertex 38.8936 219.225 -7.62939e-07
      vertex 38.9354 219.326 6
      vertex 38.9354 219.326 -7.62939e-07
    endloop
  endfacet
  facet normal -0.923995 0.382406 0
    outer loop
      vertex 38.9354 219.326 6
      vertex 38.8936 219.225 -7.62939e-07
      vertex 38.8936 219.225 6
    endloop
  endfacet
  facet normal 0.677215 0.735785 -0
    outer loop
      vertex 36.9573 218.796 -7.62939e-07
      vertex 36.8769 218.87 6
      vertex 36.9573 218.796 6
    endloop
  endfacet
  facet normal 0.677215 0.735785 0
    outer loop
      vertex 36.8769 218.87 6
      vertex 36.9573 218.796 -7.62939e-07
      vertex 36.8769 218.87 -7.62939e-07
    endloop
  endfacet
  facet normal 0.735473 0.677554 0
    outer loop
      vertex 36.8769 218.87 6
      vertex 36.8032 218.95 -7.62939e-07
      vertex 36.8032 218.95 6
    endloop
  endfacet
  facet normal 0.735473 0.677554 0
    outer loop
      vertex 36.8032 218.95 -7.62939e-07
      vertex 36.8769 218.87 6
      vertex 36.8769 218.87 -7.62939e-07
    endloop
  endfacet
  facet normal -0.923995 -0.382406 0
    outer loop
      vertex 38.9354 220.181 -7.62939e-07
      vertex 38.8936 220.282 6
      vertex 38.8936 220.282 -7.62939e-07
    endloop
  endfacet
  facet normal -0.923995 -0.382406 0
    outer loop
      vertex 38.8936 220.282 6
      vertex 38.9354 220.181 -7.62939e-07
      vertex 38.9354 220.181 6
    endloop
  endfacet
  facet normal -0.976529 0.215384 0
    outer loop
      vertex 38.9682 219.43 -7.62939e-07
      vertex 38.9918 219.537 6
      vertex 38.9918 219.537 -7.62939e-07
    endloop
  endfacet
  facet normal -0.976529 0.215384 0
    outer loop
      vertex 38.9918 219.537 6
      vertex 38.9682 219.43 -7.62939e-07
      vertex 38.9682 219.43 6
    endloop
  endfacet
  facet normal -0.991467 0.13036 0
    outer loop
      vertex 38.9918 219.537 -7.62939e-07
      vertex 39.006 219.645 6
      vertex 39.006 219.645 -7.62939e-07
    endloop
  endfacet
  facet normal -0.991467 0.13036 0
    outer loop
      vertex 39.006 219.645 6
      vertex 38.9918 219.537 -7.62939e-07
      vertex 38.9918 219.537 6
    endloop
  endfacet
  facet normal -0.999032 0.0439941 0
    outer loop
      vertex 39.006 219.645 -7.62939e-07
      vertex 39.0108 219.754 6
      vertex 39.0108 219.754 -7.62939e-07
    endloop
  endfacet
  facet normal -0.999032 0.0439941 0
    outer loop
      vertex 39.0108 219.754 6
      vertex 39.006 219.645 -7.62939e-07
      vertex 39.006 219.645 6
    endloop
  endfacet
  facet normal 0.794928 0.606704 0
    outer loop
      vertex 36.8032 218.95 6
      vertex 36.7368 219.037 -7.62939e-07
      vertex 36.7368 219.037 6
    endloop
  endfacet
  facet normal 0.794928 0.606704 0
    outer loop
      vertex 36.7368 219.037 -7.62939e-07
      vertex 36.8032 218.95 6
      vertex 36.8032 218.95 -7.62939e-07
    endloop
  endfacet
  facet normal -0.0435616 0 -0.999051
    outer loop
      vertex 40 181 17.2
      vertex 40.1743 187.5 17.1924
      vertex 40.1743 181 17.1924
    endloop
  endfacet
  facet normal -0.0435616 0 -0.999051
    outer loop
      vertex 40.1743 187.5 17.1924
      vertex 40 181 17.2
      vertex 40 187.5 17.2
    endloop
  endfacet
  facet normal 0.0435616 0 0.999051
    outer loop
      vertex 39.8257 187.5 13.2076
      vertex 40 181 13.2
      vertex 40 187.5 13.2
    endloop
  endfacet
  facet normal 0.0435616 0 0.999051
    outer loop
      vertex 40 181 13.2
      vertex 39.8257 187.5 13.2076
      vertex 39.8257 181 13.2076
    endloop
  endfacet
  facet normal -0.999051 0 0.0435616
    outer loop
      vertex 41.9924 181 15.0257
      vertex 42 187.5 15.2
      vertex 41.9924 187.5 15.0257
    endloop
  endfacet
  facet normal -0.999051 0 0.0435616
    outer loop
      vertex 42 187.5 15.2
      vertex 41.9924 181 15.0257
      vertex 42 181 15.2
    endloop
  endfacet
  facet normal 0.999051 0 -0.0435616
    outer loop
      vertex 38.0076 181 15.3743
      vertex 38 187.5 15.2
      vertex 38.0076 187.5 15.3743
    endloop
  endfacet
  facet normal 0.999051 0 -0.0435616
    outer loop
      vertex 38 187.5 15.2
      vertex 38.0076 181 15.3743
      vertex 38 181 15.2
    endloop
  endfacet
  facet normal 0.737107 -0 0.675777
    outer loop
      vertex 38.4679 181 13.9144
      vertex 38.5858 187.5 13.7858
      vertex 38.4679 187.5 13.9144
    endloop
  endfacet
  facet normal 0.737107 0 0.675777
    outer loop
      vertex 38.5858 187.5 13.7858
      vertex 38.4679 181 13.9144
      vertex 38.5858 181 13.7858
    endloop
  endfacet
  facet normal -0.737107 0 -0.675777
    outer loop
      vertex 41.5321 181 16.4856
      vertex 41.4142 187.5 16.6142
      vertex 41.5321 187.5 16.4856
    endloop
  endfacet
  facet normal -0.737107 -0 -0.675777
    outer loop
      vertex 41.4142 187.5 16.6142
      vertex 41.5321 181 16.4856
      vertex 41.4142 181 16.6142
    endloop
  endfacet
  facet normal -0.675777 0 0.737107
    outer loop
      vertex 41.2856 187.5 13.6679
      vertex 41.4142 181 13.7858
      vertex 41.4142 187.5 13.7858
    endloop
  endfacet
  facet normal -0.675777 0 0.737107
    outer loop
      vertex 41.4142 181 13.7858
      vertex 41.2856 187.5 13.6679
      vertex 41.2856 181 13.6679
    endloop
  endfacet
  facet normal -0.923821 0 0.382824
    outer loop
      vertex 41.8126 181 14.3548
      vertex 41.8794 187.5 14.516
      vertex 41.8126 187.5 14.3548
    endloop
  endfacet
  facet normal -0.923821 0 0.382824
    outer loop
      vertex 41.8794 187.5 14.516
      vertex 41.8126 181 14.3548
      vertex 41.8794 181 14.516
    endloop
  endfacet
  facet normal -0.382824 0 -0.923821
    outer loop
      vertex 40.684 181 17.0794
      vertex 40.8452 187.5 17.0126
      vertex 40.8452 181 17.0126
    endloop
  endfacet
  facet normal -0.382824 0 -0.923821
    outer loop
      vertex 40.8452 187.5 17.0126
      vertex 40.684 181 17.0794
      vertex 40.684 187.5 17.0794
    endloop
  endfacet
  facet normal -0.923821 0 -0.382824
    outer loop
      vertex 41.8794 181 15.884
      vertex 41.8126 187.5 16.0452
      vertex 41.8794 187.5 15.884
    endloop
  endfacet
  facet normal -0.923821 -0 -0.382824
    outer loop
      vertex 41.8126 187.5 16.0452
      vertex 41.8794 181 15.884
      vertex 41.8126 181 16.0452
    endloop
  endfacet
  facet normal -0.843591 0 -0.536987
    outer loop
      vertex 41.732 181 16.2
      vertex 41.6383 187.5 16.3472
      vertex 41.732 187.5 16.2
    endloop
  endfacet
  facet normal -0.843591 -0 -0.536987
    outer loop
      vertex 41.6383 187.5 16.3472
      vertex 41.732 181 16.2
      vertex 41.6383 181 16.3472
    endloop
  endfacet
  facet normal -0.382824 0 0.923821
    outer loop
      vertex 40.684 187.5 13.3206
      vertex 40.8452 181 13.3874
      vertex 40.8452 187.5 13.3874
    endloop
  endfacet
  facet normal -0.382824 0 0.923821
    outer loop
      vertex 40.8452 181 13.3874
      vertex 40.684 187.5 13.3206
      vertex 40.684 181 13.3206
    endloop
  endfacet
  facet normal -0.976362 0 0.216141
    outer loop
      vertex 41.9319 181 14.6824
      vertex 41.9696 187.5 14.8527
      vertex 41.9319 187.5 14.6824
    endloop
  endfacet
  facet normal -0.976362 0 0.216141
    outer loop
      vertex 41.9696 187.5 14.8527
      vertex 41.9319 181 14.6824
      vertex 41.9696 181 14.8527
    endloop
  endfacet
  facet normal -0.216141 0 -0.976362
    outer loop
      vertex 40.3473 181 17.1696
      vertex 40.5176 187.5 17.1319
      vertex 40.5176 181 17.1319
    endloop
  endfacet
  facet normal -0.216141 0 -0.976362
    outer loop
      vertex 40.5176 187.5 17.1319
      vertex 40.3473 181 17.1696
      vertex 40.3473 187.5 17.1696
    endloop
  endfacet
  facet normal -0.130662 0 -0.991427
    outer loop
      vertex 40.1743 181 17.1924
      vertex 40.3473 187.5 17.1696
      vertex 40.3473 181 17.1696
    endloop
  endfacet
  facet normal -0.130662 0 -0.991427
    outer loop
      vertex 40.3473 187.5 17.1696
      vertex 40.1743 181 17.1924
      vertex 40.1743 187.5 17.1924
    endloop
  endfacet
  facet normal -0.300885 0 -0.953661
    outer loop
      vertex 40.5176 181 17.1319
      vertex 40.684 187.5 17.0794
      vertex 40.684 181 17.0794
    endloop
  endfacet
  facet normal -0.300885 0 -0.953661
    outer loop
      vertex 40.684 187.5 17.0794
      vertex 40.5176 181 17.1319
      vertex 40.5176 187.5 17.1319
    endloop
  endfacet
  facet normal -0.608768 0 -0.793348
    outer loop
      vertex 41.1472 181 16.8383
      vertex 41.2856 187.5 16.7321
      vertex 41.2856 181 16.7321
    endloop
  endfacet
  facet normal -0.608768 0 -0.793348
    outer loop
      vertex 41.2856 187.5 16.7321
      vertex 41.1472 181 16.8383
      vertex 41.1472 187.5 16.8383
    endloop
  endfacet
  facet normal -0.675777 0 -0.737107
    outer loop
      vertex 41.2856 181 16.7321
      vertex 41.4142 187.5 16.6142
      vertex 41.4142 181 16.6142
    endloop
  endfacet
  facet normal -0.675777 0 -0.737107
    outer loop
      vertex 41.4142 187.5 16.6142
      vertex 41.2856 181 16.7321
      vertex 41.2856 187.5 16.7321
    endloop
  endfacet
  facet normal -0.537394 0 -0.843331
    outer loop
      vertex 41 181 16.9321
      vertex 41.1472 187.5 16.8383
      vertex 41.1472 181 16.8383
    endloop
  endfacet
  facet normal -0.537394 0 -0.843331
    outer loop
      vertex 41.1472 187.5 16.8383
      vertex 41 181 16.9321
      vertex 41 187.5 16.9321
    endloop
  endfacet
  facet normal -0.976362 0 -0.216141
    outer loop
      vertex 41.9696 181 15.5473
      vertex 41.9319 187.5 15.7176
      vertex 41.9696 187.5 15.5473
    endloop
  endfacet
  facet normal -0.976362 -0 -0.216141
    outer loop
      vertex 41.9319 187.5 15.7176
      vertex 41.9696 181 15.5473
      vertex 41.9319 181 15.7176
    endloop
  endfacet
  facet normal -0.953661 0 -0.300885
    outer loop
      vertex 41.9319 181 15.7176
      vertex 41.8794 187.5 15.884
      vertex 41.9319 187.5 15.7176
    endloop
  endfacet
  facet normal -0.953661 -0 -0.300885
    outer loop
      vertex 41.8794 187.5 15.884
      vertex 41.9319 181 15.7176
      vertex 41.8794 181 15.884
    endloop
  endfacet
  facet normal -0.886973 0 -0.461822
    outer loop
      vertex 41.8126 181 16.0452
      vertex 41.732 187.5 16.2
      vertex 41.8126 187.5 16.0452
    endloop
  endfacet
  facet normal -0.886973 -0 -0.461822
    outer loop
      vertex 41.732 187.5 16.2
      vertex 41.8126 181 16.0452
      vertex 41.732 181 16.2
    endloop
  endfacet
  facet normal -0.793348 0 -0.608768
    outer loop
      vertex 41.6383 181 16.3472
      vertex 41.5321 187.5 16.4856
      vertex 41.6383 187.5 16.3472
    endloop
  endfacet
  facet normal -0.793348 -0 -0.608768
    outer loop
      vertex 41.5321 187.5 16.4856
      vertex 41.6383 181 16.3472
      vertex 41.5321 181 16.4856
    endloop
  endfacet
  facet normal -0.216141 0 0.976362
    outer loop
      vertex 40.3473 187.5 13.2304
      vertex 40.5176 181 13.2681
      vertex 40.5176 187.5 13.2681
    endloop
  endfacet
  facet normal -0.216141 0 0.976362
    outer loop
      vertex 40.5176 181 13.2681
      vertex 40.3473 187.5 13.2304
      vertex 40.3473 181 13.2304
    endloop
  endfacet
  facet normal -0.537394 0 0.843331
    outer loop
      vertex 41 187.5 13.4679
      vertex 41.1472 181 13.5617
      vertex 41.1472 187.5 13.5617
    endloop
  endfacet
  facet normal -0.537394 0 0.843331
    outer loop
      vertex 41.1472 181 13.5617
      vertex 41 187.5 13.4679
      vertex 41 181 13.4679
    endloop
  endfacet
  facet normal -0.608768 0 0.793348
    outer loop
      vertex 41.1472 187.5 13.5617
      vertex 41.2856 181 13.6679
      vertex 41.2856 187.5 13.6679
    endloop
  endfacet
  facet normal -0.608768 0 0.793348
    outer loop
      vertex 41.2856 181 13.6679
      vertex 41.1472 187.5 13.5617
      vertex 41.1472 181 13.5617
    endloop
  endfacet
  facet normal -0.461371 0 0.887207
    outer loop
      vertex 40.8452 187.5 13.3874
      vertex 41 181 13.4679
      vertex 41 187.5 13.4679
    endloop
  endfacet
  facet normal -0.461371 0 0.887207
    outer loop
      vertex 41 181 13.4679
      vertex 40.8452 187.5 13.3874
      vertex 40.8452 181 13.3874
    endloop
  endfacet
  facet normal -0.300885 0 0.953661
    outer loop
      vertex 40.5176 187.5 13.2681
      vertex 40.684 181 13.3206
      vertex 40.684 187.5 13.3206
    endloop
  endfacet
  facet normal -0.300885 0 0.953661
    outer loop
      vertex 40.684 181 13.3206
      vertex 40.5176 187.5 13.2681
      vertex 40.5176 181 13.2681
    endloop
  endfacet
  facet normal -0.130662 0 0.991427
    outer loop
      vertex 40.1743 187.5 13.2076
      vertex 40.3473 181 13.2304
      vertex 40.3473 187.5 13.2304
    endloop
  endfacet
  facet normal -0.130662 0 0.991427
    outer loop
      vertex 40.3473 181 13.2304
      vertex 40.1743 187.5 13.2076
      vertex 40.1743 181 13.2076
    endloop
  endfacet
  facet normal -0.793348 0 0.608768
    outer loop
      vertex 41.5321 181 13.9144
      vertex 41.6383 187.5 14.0528
      vertex 41.5321 187.5 13.9144
    endloop
  endfacet
  facet normal -0.793348 0 0.608768
    outer loop
      vertex 41.6383 187.5 14.0528
      vertex 41.5321 181 13.9144
      vertex 41.6383 181 14.0528
    endloop
  endfacet
  facet normal -0.737107 0 0.675777
    outer loop
      vertex 41.4142 181 13.7858
      vertex 41.5321 187.5 13.9144
      vertex 41.4142 187.5 13.7858
    endloop
  endfacet
  facet normal -0.737107 0 0.675777
    outer loop
      vertex 41.5321 187.5 13.9144
      vertex 41.4142 181 13.7858
      vertex 41.5321 181 13.9144
    endloop
  endfacet
  facet normal -0.953661 0 0.300885
    outer loop
      vertex 41.8794 181 14.516
      vertex 41.9319 187.5 14.6824
      vertex 41.8794 187.5 14.516
    endloop
  endfacet
  facet normal -0.953661 0 0.300885
    outer loop
      vertex 41.9319 187.5 14.6824
      vertex 41.8794 181 14.516
      vertex 41.9319 181 14.6824
    endloop
  endfacet
  facet normal -0.991427 0 0.130662
    outer loop
      vertex 41.9696 181 14.8527
      vertex 41.9924 187.5 15.0257
      vertex 41.9696 187.5 14.8527
    endloop
  endfacet
  facet normal -0.991427 0 0.130662
    outer loop
      vertex 41.9924 187.5 15.0257
      vertex 41.9696 181 14.8527
      vertex 41.9924 181 15.0257
    endloop
  endfacet
  facet normal 0.991427 0 -0.130662
    outer loop
      vertex 38.0304 181 15.5473
      vertex 38.0076 187.5 15.3743
      vertex 38.0304 187.5 15.5473
    endloop
  endfacet
  facet normal 0.991427 0 -0.130662
    outer loop
      vertex 38.0076 187.5 15.3743
      vertex 38.0304 181 15.5473
      vertex 38.0076 181 15.3743
    endloop
  endfacet
  facet normal 0.953661 0 -0.300885
    outer loop
      vertex 38.1206 181 15.884
      vertex 38.0681 187.5 15.7176
      vertex 38.1206 187.5 15.884
    endloop
  endfacet
  facet normal 0.953661 0 -0.300885
    outer loop
      vertex 38.0681 187.5 15.7176
      vertex 38.1206 181 15.884
      vertex 38.0681 181 15.7176
    endloop
  endfacet
  facet normal 0.737107 0 -0.675777
    outer loop
      vertex 38.5858 181 16.6142
      vertex 38.4679 187.5 16.4856
      vertex 38.5858 187.5 16.6142
    endloop
  endfacet
  facet normal 0.737107 0 -0.675777
    outer loop
      vertex 38.4679 187.5 16.4856
      vertex 38.5858 181 16.6142
      vertex 38.4679 181 16.4856
    endloop
  endfacet
  facet normal 0.608768 0 -0.793348
    outer loop
      vertex 38.7144 181 16.7321
      vertex 38.8528 187.5 16.8383
      vertex 38.8528 181 16.8383
    endloop
  endfacet
  facet normal 0.608768 0 -0.793348
    outer loop
      vertex 38.8528 187.5 16.8383
      vertex 38.7144 181 16.7321
      vertex 38.7144 187.5 16.7321
    endloop
  endfacet
  facet normal 0.461371 0 -0.887207
    outer loop
      vertex 39 181 16.9321
      vertex 39.1548 187.5 17.0126
      vertex 39.1548 181 17.0126
    endloop
  endfacet
  facet normal 0.461371 0 -0.887207
    outer loop
      vertex 39.1548 187.5 17.0126
      vertex 39 181 16.9321
      vertex 39 187.5 16.9321
    endloop
  endfacet
  facet normal 0.793348 -0 0.608768
    outer loop
      vertex 38.3617 181 14.0528
      vertex 38.4679 187.5 13.9144
      vertex 38.3617 187.5 14.0528
    endloop
  endfacet
  facet normal 0.793348 0 0.608768
    outer loop
      vertex 38.4679 187.5 13.9144
      vertex 38.3617 181 14.0528
      vertex 38.4679 181 13.9144
    endloop
  endfacet
  facet normal 0.887207 -0 0.461371
    outer loop
      vertex 38.1874 181 14.3548
      vertex 38.2679 187.5 14.2
      vertex 38.1874 187.5 14.3548
    endloop
  endfacet
  facet normal 0.887207 0 0.461371
    outer loop
      vertex 38.2679 187.5 14.2
      vertex 38.1874 181 14.3548
      vertex 38.2679 181 14.2
    endloop
  endfacet
  facet normal 0.953661 -0 0.300885
    outer loop
      vertex 38.0681 181 14.6824
      vertex 38.1206 187.5 14.516
      vertex 38.0681 187.5 14.6824
    endloop
  endfacet
  facet normal 0.953661 0 0.300885
    outer loop
      vertex 38.1206 187.5 14.516
      vertex 38.0681 181 14.6824
      vertex 38.1206 181 14.516
    endloop
  endfacet
  facet normal 0.991427 -0 0.130662
    outer loop
      vertex 38.0076 181 15.0257
      vertex 38.0304 187.5 14.8527
      vertex 38.0076 187.5 15.0257
    endloop
  endfacet
  facet normal 0.991427 0 0.130662
    outer loop
      vertex 38.0304 187.5 14.8527
      vertex 38.0076 181 15.0257
      vertex 38.0304 181 14.8527
    endloop
  endfacet
  facet normal 0.675777 0 0.737107
    outer loop
      vertex 38.5858 187.5 13.7858
      vertex 38.7144 181 13.6679
      vertex 38.7144 187.5 13.6679
    endloop
  endfacet
  facet normal 0.675777 0 0.737107
    outer loop
      vertex 38.7144 181 13.6679
      vertex 38.5858 187.5 13.7858
      vertex 38.5858 181 13.7858
    endloop
  endfacet
  facet normal 0.300885 0 0.953661
    outer loop
      vertex 39.316 187.5 13.3206
      vertex 39.4824 181 13.2681
      vertex 39.4824 187.5 13.2681
    endloop
  endfacet
  facet normal 0.300885 0 0.953661
    outer loop
      vertex 39.4824 181 13.2681
      vertex 39.316 187.5 13.3206
      vertex 39.316 181 13.3206
    endloop
  endfacet
  facet normal 0.130662 0 0.991427
    outer loop
      vertex 39.6527 187.5 13.2304
      vertex 39.8257 181 13.2076
      vertex 39.8257 187.5 13.2076
    endloop
  endfacet
  facet normal 0.130662 0 0.991427
    outer loop
      vertex 39.8257 181 13.2076
      vertex 39.6527 187.5 13.2304
      vertex 39.6527 181 13.2304
    endloop
  endfacet
  facet normal -0.461371 0 -0.887207
    outer loop
      vertex 40.8452 181 17.0126
      vertex 41 187.5 16.9321
      vertex 41 181 16.9321
    endloop
  endfacet
  facet normal -0.461371 0 -0.887207
    outer loop
      vertex 41 187.5 16.9321
      vertex 40.8452 181 17.0126
      vertex 40.8452 187.5 17.0126
    endloop
  endfacet
  facet normal -0.991427 0 -0.130662
    outer loop
      vertex 41.9924 181 15.3743
      vertex 41.9696 187.5 15.5473
      vertex 41.9924 187.5 15.3743
    endloop
  endfacet
  facet normal -0.991427 -0 -0.130662
    outer loop
      vertex 41.9696 187.5 15.5473
      vertex 41.9924 181 15.3743
      vertex 41.9696 181 15.5473
    endloop
  endfacet
  facet normal -0.999051 0 -0.0435616
    outer loop
      vertex 42 181 15.2
      vertex 41.9924 187.5 15.3743
      vertex 42 187.5 15.2
    endloop
  endfacet
  facet normal -0.999051 -0 -0.0435616
    outer loop
      vertex 41.9924 187.5 15.3743
      vertex 42 181 15.2
      vertex 41.9924 181 15.3743
    endloop
  endfacet
  facet normal -0.0435616 0 0.999051
    outer loop
      vertex 40 187.5 13.2
      vertex 40.1743 181 13.2076
      vertex 40.1743 187.5 13.2076
    endloop
  endfacet
  facet normal -0.0435616 0 0.999051
    outer loop
      vertex 40.1743 181 13.2076
      vertex 40 187.5 13.2
      vertex 40 181 13.2
    endloop
  endfacet
  facet normal 0 -1 0
    outer loop
      vertex 39.8257 187.5 17.1924
      vertex 40.1743 187.5 17.1924
      vertex 40 187.5 17.2
    endloop
  endfacet
  facet normal 0 -1 0
    outer loop
      vertex 39.6527 187.5 17.1696
      vertex 40.1743 187.5 17.1924
      vertex 39.8257 187.5 17.1924
    endloop
  endfacet
  facet normal 0 -1 0
    outer loop
      vertex 39.6527 187.5 17.1696
      vertex 40.3473 187.5 17.1696
      vertex 40.1743 187.5 17.1924
    endloop
  endfacet
  facet normal 0 -1 0
    outer loop
      vertex 39.4824 187.5 17.1319
      vertex 40.3473 187.5 17.1696
      vertex 39.6527 187.5 17.1696
    endloop
  endfacet
  facet normal 0 -1 0
    outer loop
      vertex 39.4824 187.5 17.1319
      vertex 40.5176 187.5 17.1319
      vertex 40.3473 187.5 17.1696
    endloop
  endfacet
  facet normal 0 -1 0
    outer loop
      vertex 39.316 187.5 17.0794
      vertex 40.5176 187.5 17.1319
      vertex 39.4824 187.5 17.1319
    endloop
  endfacet
  facet normal 0 -1 0
    outer loop
      vertex 39.316 187.5 17.0794
      vertex 40.684 187.5 17.0794
      vertex 40.5176 187.5 17.1319
    endloop
  endfacet
  facet normal 0 -1 0
    outer loop
      vertex 39.1548 187.5 17.0126
      vertex 40.684 187.5 17.0794
      vertex 39.316 187.5 17.0794
    endloop
  endfacet
  facet normal 0 -1 0
    outer loop
      vertex 39.1548 187.5 17.0126
      vertex 40.8452 187.5 17.0126
      vertex 40.684 187.5 17.0794
    endloop
  endfacet
  facet normal 0 -1 0
    outer loop
      vertex 39 187.5 16.9321
      vertex 40.8452 187.5 17.0126
      vertex 39.1548 187.5 17.0126
    endloop
  endfacet
  facet normal 0 -1 0
    outer loop
      vertex 39 187.5 16.9321
      vertex 41 187.5 16.9321
      vertex 40.8452 187.5 17.0126
    endloop
  endfacet
  facet normal 0 -1 0
    outer loop
      vertex 38.8528 187.5 16.8383
      vertex 41 187.5 16.9321
      vertex 39 187.5 16.9321
    endloop
  endfacet
  facet normal 0 -1 0
    outer loop
      vertex 38.8528 187.5 16.8383
      vertex 41.1472 187.5 16.8383
      vertex 41 187.5 16.9321
    endloop
  endfacet
  facet normal 0 -1 0
    outer loop
      vertex 38.7144 187.5 16.7321
      vertex 41.1472 187.5 16.8383
      vertex 38.8528 187.5 16.8383
    endloop
  endfacet
  facet normal 0 -1 0
    outer loop
      vertex 38.7144 187.5 16.7321
      vertex 41.2856 187.5 16.7321
      vertex 41.1472 187.5 16.8383
    endloop
  endfacet
  facet normal 0 -1 0
    outer loop
      vertex 38.5858 187.5 16.6142
      vertex 41.2856 187.5 16.7321
      vertex 38.7144 187.5 16.7321
    endloop
  endfacet
  facet normal 0 -1 0
    outer loop
      vertex 38.5858 187.5 16.6142
      vertex 41.4142 187.5 16.6142
      vertex 41.2856 187.5 16.7321
    endloop
  endfacet
  facet normal 0 -1 0
    outer loop
      vertex 38.4679 187.5 16.4856
      vertex 41.4142 187.5 16.6142
      vertex 38.5858 187.5 16.6142
    endloop
  endfacet
  facet normal 0 -1 0
    outer loop
      vertex 38.4679 187.5 16.4856
      vertex 41.5321 187.5 16.4856
      vertex 41.4142 187.5 16.6142
    endloop
  endfacet
  facet normal 0 -1 0
    outer loop
      vertex 38.3617 187.5 16.3472
      vertex 41.5321 187.5 16.4856
      vertex 38.4679 187.5 16.4856
    endloop
  endfacet
  facet normal 0 -1 0
    outer loop
      vertex 38.3617 187.5 16.3472
      vertex 41.6383 187.5 16.3472
      vertex 41.5321 187.5 16.4856
    endloop
  endfacet
  facet normal 0 -1 0
    outer loop
      vertex 38.2679 187.5 16.2
      vertex 41.6383 187.5 16.3472
      vertex 38.3617 187.5 16.3472
    endloop
  endfacet
  facet normal 0 -1 0
    outer loop
      vertex 38.2679 187.5 16.2
      vertex 41.732 187.5 16.2
      vertex 41.6383 187.5 16.3472
    endloop
  endfacet
  facet normal 0 -1 0
    outer loop
      vertex 38.1874 187.5 16.0452
      vertex 41.732 187.5 16.2
      vertex 38.2679 187.5 16.2
    endloop
  endfacet
  facet normal 0 -1 0
    outer loop
      vertex 38.1874 187.5 16.0452
      vertex 41.8126 187.5 16.0452
      vertex 41.732 187.5 16.2
    endloop
  endfacet
  facet normal 0 -1 0
    outer loop
      vertex 38.1206 187.5 15.884
      vertex 41.8126 187.5 16.0452
      vertex 38.1874 187.5 16.0452
    endloop
  endfacet
  facet normal 0 -1 0
    outer loop
      vertex 38.1206 187.5 15.884
      vertex 41.8794 187.5 15.884
      vertex 41.8126 187.5 16.0452
    endloop
  endfacet
  facet normal 0 -1 0
    outer loop
      vertex 38.0681 187.5 15.7176
      vertex 41.8794 187.5 15.884
      vertex 38.1206 187.5 15.884
    endloop
  endfacet
  facet normal 0 -1 0
    outer loop
      vertex 38.0681 187.5 15.7176
      vertex 41.9319 187.5 15.7176
      vertex 41.8794 187.5 15.884
    endloop
  endfacet
  facet normal 0 -1 0
    outer loop
      vertex 38.0304 187.5 15.5473
      vertex 41.9319 187.5 15.7176
      vertex 38.0681 187.5 15.7176
    endloop
  endfacet
  facet normal 0 -1 0
    outer loop
      vertex 38.0304 187.5 15.5473
      vertex 41.9696 187.5 15.5473
      vertex 41.9319 187.5 15.7176
    endloop
  endfacet
  facet normal 0 -1 0
    outer loop
      vertex 38.0076 187.5 15.3743
      vertex 41.9696 187.5 15.5473
      vertex 38.0304 187.5 15.5473
    endloop
  endfacet
  facet normal 0 -1 0
    outer loop
      vertex 38.0076 187.5 15.3743
      vertex 41.9924 187.5 15.3743
      vertex 41.9696 187.5 15.5473
    endloop
  endfacet
  facet normal 0 -1 0
    outer loop
      vertex 38 187.5 15.2
      vertex 41.9924 187.5 15.3743
      vertex 38.0076 187.5 15.3743
    endloop
  endfacet
  facet normal 0 -1 0
    outer loop
      vertex 38 187.5 15.2
      vertex 42 187.5 15.2
      vertex 41.9924 187.5 15.3743
    endloop
  endfacet
  facet normal 0 -1 0
    outer loop
      vertex 38.0076 187.5 15.0257
      vertex 42 187.5 15.2
      vertex 38 187.5 15.2
    endloop
  endfacet
  facet normal 0 -1 0
    outer loop
      vertex 38.0076 187.5 15.0257
      vertex 41.9924 187.5 15.0257
      vertex 42 187.5 15.2
    endloop
  endfacet
  facet normal 0 -1 0
    outer loop
      vertex 38.0304 187.5 14.8527
      vertex 41.9924 187.5 15.0257
      vertex 38.0076 187.5 15.0257
    endloop
  endfacet
  facet normal 0 -1 0
    outer loop
      vertex 38.0304 187.5 14.8527
      vertex 41.9696 187.5 14.8527
      vertex 41.9924 187.5 15.0257
    endloop
  endfacet
  facet normal 0 -1 0
    outer loop
      vertex 38.0681 187.5 14.6824
      vertex 41.9696 187.5 14.8527
      vertex 38.0304 187.5 14.8527
    endloop
  endfacet
  facet normal 0 -1 0
    outer loop
      vertex 38.0681 187.5 14.6824
      vertex 41.9319 187.5 14.6824
      vertex 41.9696 187.5 14.8527
    endloop
  endfacet
  facet normal 0 -1 0
    outer loop
      vertex 38.1206 187.5 14.516
      vertex 41.9319 187.5 14.6824
      vertex 38.0681 187.5 14.6824
    endloop
  endfacet
  facet normal 0 -1 0
    outer loop
      vertex 38.1206 187.5 14.516
      vertex 41.8794 187.5 14.516
      vertex 41.9319 187.5 14.6824
    endloop
  endfacet
  facet normal 0 -1 0
    outer loop
      vertex 38.1874 187.5 14.3548
      vertex 41.8794 187.5 14.516
      vertex 38.1206 187.5 14.516
    endloop
  endfacet
  facet normal 0 -1 0
    outer loop
      vertex 38.1874 187.5 14.3548
      vertex 41.8126 187.5 14.3548
      vertex 41.8794 187.5 14.516
    endloop
  endfacet
  facet normal 0 -1 0
    outer loop
      vertex 38.2679 187.5 14.2
      vertex 41.8126 187.5 14.3548
      vertex 38.1874 187.5 14.3548
    endloop
  endfacet
  facet normal 0 -1 0
    outer loop
      vertex 38.2679 187.5 14.2
      vertex 41.732 187.5 14.2
      vertex 41.8126 187.5 14.3548
    endloop
  endfacet
  facet normal 0 -1 0
    outer loop
      vertex 38.3617 187.5 14.0528
      vertex 41.732 187.5 14.2
      vertex 38.2679 187.5 14.2
    endloop
  endfacet
  facet normal 0 -1 0
    outer loop
      vertex 38.3617 187.5 14.0528
      vertex 41.6383 187.5 14.0528
      vertex 41.732 187.5 14.2
    endloop
  endfacet
  facet normal 0 -1 0
    outer loop
      vertex 38.4679 187.5 13.9144
      vertex 41.6383 187.5 14.0528
      vertex 38.3617 187.5 14.0528
    endloop
  endfacet
  facet normal 0 -1 0
    outer loop
      vertex 38.4679 187.5 13.9144
      vertex 41.5321 187.5 13.9144
      vertex 41.6383 187.5 14.0528
    endloop
  endfacet
  facet normal 0 -1 0
    outer loop
      vertex 38.5858 187.5 13.7858
      vertex 41.5321 187.5 13.9144
      vertex 38.4679 187.5 13.9144
    endloop
  endfacet
  facet normal 0 -1 0
    outer loop
      vertex 38.5858 187.5 13.7858
      vertex 41.4142 187.5 13.7858
      vertex 41.5321 187.5 13.9144
    endloop
  endfacet
  facet normal 0 -1 0
    outer loop
      vertex 38.7144 187.5 13.6679
      vertex 41.4142 187.5 13.7858
      vertex 38.5858 187.5 13.7858
    endloop
  endfacet
  facet normal 0 -1 0
    outer loop
      vertex 38.7144 187.5 13.6679
      vertex 41.2856 187.5 13.6679
      vertex 41.4142 187.5 13.7858
    endloop
  endfacet
  facet normal 0 -1 0
    outer loop
      vertex 38.8528 187.5 13.5617
      vertex 41.2856 187.5 13.6679
      vertex 38.7144 187.5 13.6679
    endloop
  endfacet
  facet normal 0 -1 0
    outer loop
      vertex 38.8528 187.5 13.5617
      vertex 41.1472 187.5 13.5617
      vertex 41.2856 187.5 13.6679
    endloop
  endfacet
  facet normal 0 -1 0
    outer loop
      vertex 39 187.5 13.4679
      vertex 41.1472 187.5 13.5617
      vertex 38.8528 187.5 13.5617
    endloop
  endfacet
  facet normal 0 -1 0
    outer loop
      vertex 39 187.5 13.4679
      vertex 41 187.5 13.4679
      vertex 41.1472 187.5 13.5617
    endloop
  endfacet
  facet normal 0 -1 0
    outer loop
      vertex 39.1548 187.5 13.3874
      vertex 41 187.5 13.4679
      vertex 39 187.5 13.4679
    endloop
  endfacet
  facet normal 0 -1 0
    outer loop
      vertex 39.1548 187.5 13.3874
      vertex 40.8452 187.5 13.3874
      vertex 41 187.5 13.4679
    endloop
  endfacet
  facet normal 0 -1 0
    outer loop
      vertex 39.316 187.5 13.3206
      vertex 40.8452 187.5 13.3874
      vertex 39.1548 187.5 13.3874
    endloop
  endfacet
  facet normal 0 -1 0
    outer loop
      vertex 39.316 187.5 13.3206
      vertex 40.684 187.5 13.3206
      vertex 40.8452 187.5 13.3874
    endloop
  endfacet
  facet normal 0 -1 0
    outer loop
      vertex 39.4824 187.5 13.2681
      vertex 40.684 187.5 13.3206
      vertex 39.316 187.5 13.3206
    endloop
  endfacet
  facet normal 0 -1 0
    outer loop
      vertex 39.4824 187.5 13.2681
      vertex 40.5176 187.5 13.2681
      vertex 40.684 187.5 13.3206
    endloop
  endfacet
  facet normal 0 -1 0
    outer loop
      vertex 39.6527 187.5 13.2304
      vertex 40.5176 187.5 13.2681
      vertex 39.4824 187.5 13.2681
    endloop
  endfacet
  facet normal 0 -1 0
    outer loop
      vertex 39.6527 187.5 13.2304
      vertex 40.3473 187.5 13.2304
      vertex 40.5176 187.5 13.2681
    endloop
  endfacet
  facet normal 0 -1 0
    outer loop
      vertex 39.8257 187.5 13.2076
      vertex 40.3473 187.5 13.2304
      vertex 39.6527 187.5 13.2304
    endloop
  endfacet
  facet normal 0 -1 0
    outer loop
      vertex 39.8257 187.5 13.2076
      vertex 40.1743 187.5 13.2076
      vertex 40.3473 187.5 13.2304
    endloop
  endfacet
  facet normal -0 -1 0
    outer loop
      vertex 40.1743 187.5 13.2076
      vertex 39.8257 187.5 13.2076
      vertex 40 187.5 13.2
    endloop
  endfacet
  facet normal -0.843591 0 0.536987
    outer loop
      vertex 41.6383 181 14.0528
      vertex 41.732 187.5 14.2
      vertex 41.6383 187.5 14.0528
    endloop
  endfacet
  facet normal -0.843591 0 0.536987
    outer loop
      vertex 41.732 187.5 14.2
      vertex 41.6383 181 14.0528
      vertex 41.732 181 14.2
    endloop
  endfacet
  facet normal -0.886973 0 0.461822
    outer loop
      vertex 41.732 181 14.2
      vertex 41.8126 187.5 14.3548
      vertex 41.732 187.5 14.2
    endloop
  endfacet
  facet normal -0.886973 0 0.461822
    outer loop
      vertex 41.8126 187.5 14.3548
      vertex 41.732 181 14.2
      vertex 41.8126 181 14.3548
    endloop
  endfacet
  facet normal 0.976362 0 -0.216141
    outer loop
      vertex 38.0681 181 15.7176
      vertex 38.0304 187.5 15.5473
      vertex 38.0681 187.5 15.7176
    endloop
  endfacet
  facet normal 0.976362 0 -0.216141
    outer loop
      vertex 38.0304 187.5 15.5473
      vertex 38.0681 181 15.7176
      vertex 38.0304 181 15.5473
    endloop
  endfacet
  facet normal 0.923821 0 -0.382824
    outer loop
      vertex 38.1874 181 16.0452
      vertex 38.1206 187.5 15.884
      vertex 38.1874 187.5 16.0452
    endloop
  endfacet
  facet normal 0.923821 0 -0.382824
    outer loop
      vertex 38.1206 187.5 15.884
      vertex 38.1874 181 16.0452
      vertex 38.1206 181 15.884
    endloop
  endfacet
  facet normal 0.675777 0 -0.737107
    outer loop
      vertex 38.5858 181 16.6142
      vertex 38.7144 187.5 16.7321
      vertex 38.7144 181 16.7321
    endloop
  endfacet
  facet normal 0.675777 0 -0.737107
    outer loop
      vertex 38.7144 187.5 16.7321
      vertex 38.5858 181 16.6142
      vertex 38.5858 187.5 16.6142
    endloop
  endfacet
  facet normal 0.793348 0 -0.608768
    outer loop
      vertex 38.4679 181 16.4856
      vertex 38.3617 187.5 16.3472
      vertex 38.4679 187.5 16.4856
    endloop
  endfacet
  facet normal 0.793348 0 -0.608768
    outer loop
      vertex 38.3617 187.5 16.3472
      vertex 38.4679 181 16.4856
      vertex 38.3617 181 16.3472
    endloop
  endfacet
  facet normal 0.887207 0 -0.461371
    outer loop
      vertex 38.2679 181 16.2
      vertex 38.1874 187.5 16.0452
      vertex 38.2679 187.5 16.2
    endloop
  endfacet
  facet normal 0.887207 0 -0.461371
    outer loop
      vertex 38.1874 187.5 16.0452
      vertex 38.2679 181 16.2
      vertex 38.1874 181 16.0452
    endloop
  endfacet
  facet normal 0.537394 0 -0.843331
    outer loop
      vertex 38.8528 181 16.8383
      vertex 39 187.5 16.9321
      vertex 39 181 16.9321
    endloop
  endfacet
  facet normal 0.537394 0 -0.843331
    outer loop
      vertex 39 187.5 16.9321
      vertex 38.8528 181 16.8383
      vertex 38.8528 187.5 16.8383
    endloop
  endfacet
  facet normal 0.382824 0 -0.923821
    outer loop
      vertex 39.1548 181 17.0126
      vertex 39.316 187.5 17.0794
      vertex 39.316 181 17.0794
    endloop
  endfacet
  facet normal 0.382824 0 -0.923821
    outer loop
      vertex 39.316 187.5 17.0794
      vertex 39.1548 181 17.0126
      vertex 39.1548 187.5 17.0126
    endloop
  endfacet
  facet normal 0.216141 0 -0.976362
    outer loop
      vertex 39.4824 181 17.1319
      vertex 39.6527 187.5 17.1696
      vertex 39.6527 181 17.1696
    endloop
  endfacet
  facet normal 0.216141 0 -0.976362
    outer loop
      vertex 39.6527 187.5 17.1696
      vertex 39.4824 181 17.1319
      vertex 39.4824 187.5 17.1319
    endloop
  endfacet
  facet normal 0.300885 0 -0.953661
    outer loop
      vertex 39.316 181 17.0794
      vertex 39.4824 187.5 17.1319
      vertex 39.4824 181 17.1319
    endloop
  endfacet
  facet normal 0.300885 0 -0.953661
    outer loop
      vertex 39.4824 187.5 17.1319
      vertex 39.316 181 17.0794
      vertex 39.316 187.5 17.0794
    endloop
  endfacet
  facet normal 0.130662 0 -0.991427
    outer loop
      vertex 39.6527 181 17.1696
      vertex 39.8257 187.5 17.1924
      vertex 39.8257 181 17.1924
    endloop
  endfacet
  facet normal 0.130662 0 -0.991427
    outer loop
      vertex 39.8257 187.5 17.1924
      vertex 39.6527 181 17.1696
      vertex 39.6527 187.5 17.1696
    endloop
  endfacet
  facet normal 0.843331 -0 0.537394
    outer loop
      vertex 38.2679 181 14.2
      vertex 38.3617 187.5 14.0528
      vertex 38.2679 187.5 14.2
    endloop
  endfacet
  facet normal 0.843331 0 0.537394
    outer loop
      vertex 38.3617 187.5 14.0528
      vertex 38.2679 181 14.2
      vertex 38.3617 181 14.0528
    endloop
  endfacet
  facet normal 0.923821 -0 0.382824
    outer loop
      vertex 38.1206 181 14.516
      vertex 38.1874 187.5 14.3548
      vertex 38.1206 187.5 14.516
    endloop
  endfacet
  facet normal 0.923821 0 0.382824
    outer loop
      vertex 38.1874 187.5 14.3548
      vertex 38.1206 181 14.516
      vertex 38.1874 181 14.3548
    endloop
  endfacet
  facet normal 0.976362 -0 0.216141
    outer loop
      vertex 38.0304 181 14.8527
      vertex 38.0681 187.5 14.6824
      vertex 38.0304 187.5 14.8527
    endloop
  endfacet
  facet normal 0.976362 0 0.216141
    outer loop
      vertex 38.0681 187.5 14.6824
      vertex 38.0304 181 14.8527
      vertex 38.0681 181 14.6824
    endloop
  endfacet
  facet normal 0.999051 -0 0.0435616
    outer loop
      vertex 38 181 15.2
      vertex 38.0076 187.5 15.0257
      vertex 38 187.5 15.2
    endloop
  endfacet
  facet normal 0.999051 0 0.0435616
    outer loop
      vertex 38.0076 187.5 15.0257
      vertex 38 181 15.2
      vertex 38.0076 181 15.0257
    endloop
  endfacet
  facet normal 0.461371 0 0.887207
    outer loop
      vertex 39 187.5 13.4679
      vertex 39.1548 181 13.3874
      vertex 39.1548 187.5 13.3874
    endloop
  endfacet
  facet normal 0.461371 0 0.887207
    outer loop
      vertex 39.1548 181 13.3874
      vertex 39 187.5 13.4679
      vertex 39 181 13.4679
    endloop
  endfacet
  facet normal 0.608768 0 0.793348
    outer loop
      vertex 38.7144 187.5 13.6679
      vertex 38.8528 181 13.5617
      vertex 38.8528 187.5 13.5617
    endloop
  endfacet
  facet normal 0.608768 0 0.793348
    outer loop
      vertex 38.8528 181 13.5617
      vertex 38.7144 187.5 13.6679
      vertex 38.7144 181 13.6679
    endloop
  endfacet
  facet normal 0.382824 0 0.923821
    outer loop
      vertex 39.1548 187.5 13.3874
      vertex 39.316 181 13.3206
      vertex 39.316 187.5 13.3206
    endloop
  endfacet
  facet normal 0.382824 0 0.923821
    outer loop
      vertex 39.316 181 13.3206
      vertex 39.1548 187.5 13.3874
      vertex 39.1548 181 13.3874
    endloop
  endfacet
  facet normal 0.216141 0 0.976362
    outer loop
      vertex 39.4824 187.5 13.2681
      vertex 39.6527 181 13.2304
      vertex 39.6527 187.5 13.2304
    endloop
  endfacet
  facet normal 0.216141 0 0.976362
    outer loop
      vertex 39.6527 181 13.2304
      vertex 39.4824 187.5 13.2681
      vertex 39.4824 181 13.2681
    endloop
  endfacet
  facet normal 0.843331 0 -0.537394
    outer loop
      vertex 38.3617 181 16.3472
      vertex 38.2679 187.5 16.2
      vertex 38.3617 187.5 16.3472
    endloop
  endfacet
  facet normal 0.843331 0 -0.537394
    outer loop
      vertex 38.2679 187.5 16.2
      vertex 38.3617 181 16.3472
      vertex 38.2679 181 16.2
    endloop
  endfacet
  facet normal 0.0435616 0 -0.999051
    outer loop
      vertex 39.8257 181 17.1924
      vertex 40 187.5 17.2
      vertex 40 181 17.2
    endloop
  endfacet
  facet normal 0.0435616 0 -0.999051
    outer loop
      vertex 40 187.5 17.2
      vertex 39.8257 181 17.1924
      vertex 39.8257 187.5 17.1924
    endloop
  endfacet
  facet normal 0.537394 0 0.843331
    outer loop
      vertex 38.8528 187.5 13.5617
      vertex 39 181 13.4679
      vertex 39 187.5 13.4679
    endloop
  endfacet
  facet normal 0.537394 0 0.843331
    outer loop
      vertex 39 181 13.4679
      vertex 38.8528 187.5 13.5617
      vertex 38.8528 181 13.5617
    endloop
  endfacet
  facet normal -0.216141 0 -0.976362
    outer loop
      vertex 16.3473 181 17.1696
      vertex 16.5176 187.5 17.1319
      vertex 16.5176 181 17.1319
    endloop
  endfacet
  facet normal -0.216141 0 -0.976362
    outer loop
      vertex 16.5176 187.5 17.1319
      vertex 16.3473 181 17.1696
      vertex 16.3473 187.5 17.1696
    endloop
  endfacet
  facet normal -0.0435616 0 -0.999051
    outer loop
      vertex 16 181 17.2
      vertex 16.1743 187.5 17.1924
      vertex 16.1743 181 17.1924
    endloop
  endfacet
  facet normal -0.0435616 0 -0.999051
    outer loop
      vertex 16.1743 187.5 17.1924
      vertex 16 181 17.2
      vertex 16 187.5 17.2
    endloop
  endfacet
  facet normal -0.999051 0 0.0435616
    outer loop
      vertex 17.9924 181 15.0257
      vertex 18 187.5 15.2
      vertex 17.9924 187.5 15.0257
    endloop
  endfacet
  facet normal -0.999051 0 0.0435616
    outer loop
      vertex 18 187.5 15.2
      vertex 17.9924 181 15.0257
      vertex 18 181 15.2
    endloop
  endfacet
  facet normal -0.737107 0 -0.675777
    outer loop
      vertex 17.5321 181 16.4856
      vertex 17.4142 187.5 16.6142
      vertex 17.5321 187.5 16.4856
    endloop
  endfacet
  facet normal -0.737107 -0 -0.675777
    outer loop
      vertex 17.4142 187.5 16.6142
      vertex 17.5321 181 16.4856
      vertex 17.4142 181 16.6142
    endloop
  endfacet
  facet normal -0.675777 0 0.737107
    outer loop
      vertex 17.2856 187.5 13.6679
      vertex 17.4142 181 13.7858
      vertex 17.4142 187.5 13.7858
    endloop
  endfacet
  facet normal -0.675777 0 0.737107
    outer loop
      vertex 17.4142 181 13.7858
      vertex 17.2856 187.5 13.6679
      vertex 17.2856 181 13.6679
    endloop
  endfacet
  facet normal -0.923821 0 0.382824
    outer loop
      vertex 17.8126 181 14.3548
      vertex 17.8794 187.5 14.516
      vertex 17.8126 187.5 14.3548
    endloop
  endfacet
  facet normal -0.923821 0 0.382824
    outer loop
      vertex 17.8794 187.5 14.516
      vertex 17.8126 181 14.3548
      vertex 17.8794 181 14.516
    endloop
  endfacet
  facet normal 0.675777 0 0.737107
    outer loop
      vertex 14.5858 187.5 13.7858
      vertex 14.7144 181 13.6679
      vertex 14.7144 187.5 13.6679
    endloop
  endfacet
  facet normal 0.675777 0 0.737107
    outer loop
      vertex 14.7144 181 13.6679
      vertex 14.5858 187.5 13.7858
      vertex 14.5858 181 13.7858
    endloop
  endfacet
  facet normal -0.300885 0 -0.953661
    outer loop
      vertex 16.5176 181 17.1319
      vertex 16.684 187.5 17.0794
      vertex 16.684 181 17.0794
    endloop
  endfacet
  facet normal -0.300885 0 -0.953661
    outer loop
      vertex 16.684 187.5 17.0794
      vertex 16.5176 181 17.1319
      vertex 16.5176 187.5 17.1319
    endloop
  endfacet
  facet normal -0.923821 0 -0.382824
    outer loop
      vertex 17.8794 181 15.884
      vertex 17.8126 187.5 16.0452
      vertex 17.8794 187.5 15.884
    endloop
  endfacet
  facet normal -0.923821 -0 -0.382824
    outer loop
      vertex 17.8126 187.5 16.0452
      vertex 17.8794 181 15.884
      vertex 17.8126 181 16.0452
    endloop
  endfacet
  facet normal -0.461371 0 0.887207
    outer loop
      vertex 16.8452 187.5 13.3874
      vertex 17 181 13.4679
      vertex 17 187.5 13.4679
    endloop
  endfacet
  facet normal -0.461371 0 0.887207
    outer loop
      vertex 17 181 13.4679
      vertex 16.8452 187.5 13.3874
      vertex 16.8452 181 13.3874
    endloop
  endfacet
  facet normal -0.537394 0 0.843331
    outer loop
      vertex 17 187.5 13.4679
      vertex 17.1472 181 13.5617
      vertex 17.1472 187.5 13.5617
    endloop
  endfacet
  facet normal -0.537394 0 0.843331
    outer loop
      vertex 17.1472 181 13.5617
      vertex 17 187.5 13.4679
      vertex 17 181 13.4679
    endloop
  endfacet
  facet normal -0.0435616 0 0.999051
    outer loop
      vertex 16 187.5 13.2
      vertex 16.1743 181 13.2076
      vertex 16.1743 187.5 13.2076
    endloop
  endfacet
  facet normal -0.0435616 0 0.999051
    outer loop
      vertex 16.1743 181 13.2076
      vertex 16 187.5 13.2
      vertex 16 181 13.2
    endloop
  endfacet
  facet normal 0.461371 0 -0.887207
    outer loop
      vertex 15 181 16.9321
      vertex 15.1548 187.5 17.0126
      vertex 15.1548 181 17.0126
    endloop
  endfacet
  facet normal 0.461371 0 -0.887207
    outer loop
      vertex 15.1548 187.5 17.0126
      vertex 15 181 16.9321
      vertex 15 187.5 16.9321
    endloop
  endfacet
  facet normal 0.953661 0 -0.300885
    outer loop
      vertex 14.1206 181 15.884
      vertex 14.0681 187.5 15.7176
      vertex 14.1206 187.5 15.884
    endloop
  endfacet
  facet normal 0.953661 0 -0.300885
    outer loop
      vertex 14.0681 187.5 15.7176
      vertex 14.1206 181 15.884
      vertex 14.0681 181 15.7176
    endloop
  endfacet
  facet normal 0.675777 0 -0.737107
    outer loop
      vertex 14.5858 181 16.6142
      vertex 14.7144 187.5 16.7321
      vertex 14.7144 181 16.7321
    endloop
  endfacet
  facet normal 0.675777 0 -0.737107
    outer loop
      vertex 14.7144 187.5 16.7321
      vertex 14.5858 181 16.6142
      vertex 14.5858 187.5 16.6142
    endloop
  endfacet
  facet normal 0.300885 0 -0.953661
    outer loop
      vertex 15.316 181 17.0794
      vertex 15.4824 187.5 17.1319
      vertex 15.4824 181 17.1319
    endloop
  endfacet
  facet normal 0.300885 0 -0.953661
    outer loop
      vertex 15.4824 187.5 17.1319
      vertex 15.316 181 17.0794
      vertex 15.316 187.5 17.0794
    endloop
  endfacet
  facet normal 0.953661 -0 0.300885
    outer loop
      vertex 14.0681 181 14.6824
      vertex 14.1206 187.5 14.516
      vertex 14.0681 187.5 14.6824
    endloop
  endfacet
  facet normal 0.953661 0 0.300885
    outer loop
      vertex 14.1206 187.5 14.516
      vertex 14.0681 181 14.6824
      vertex 14.1206 181 14.516
    endloop
  endfacet
  facet normal 0.887207 -0 0.461371
    outer loop
      vertex 14.1874 181 14.3548
      vertex 14.2679 187.5 14.2
      vertex 14.1874 187.5 14.3548
    endloop
  endfacet
  facet normal 0.887207 0 0.461371
    outer loop
      vertex 14.2679 187.5 14.2
      vertex 14.1874 181 14.3548
      vertex 14.2679 181 14.2
    endloop
  endfacet
  facet normal -0.130662 0 -0.991427
    outer loop
      vertex 16.1743 181 17.1924
      vertex 16.3473 187.5 17.1696
      vertex 16.3473 181 17.1696
    endloop
  endfacet
  facet normal -0.130662 0 -0.991427
    outer loop
      vertex 16.3473 187.5 17.1696
      vertex 16.1743 181 17.1924
      vertex 16.1743 187.5 17.1924
    endloop
  endfacet
  facet normal -0.382824 0 -0.923821
    outer loop
      vertex 16.684 181 17.0794
      vertex 16.8452 187.5 17.0126
      vertex 16.8452 181 17.0126
    endloop
  endfacet
  facet normal -0.382824 0 -0.923821
    outer loop
      vertex 16.8452 187.5 17.0126
      vertex 16.684 181 17.0794
      vertex 16.684 187.5 17.0794
    endloop
  endfacet
  facet normal -0.537394 0 -0.843331
    outer loop
      vertex 17 181 16.9321
      vertex 17.1472 187.5 16.8383
      vertex 17.1472 181 16.8383
    endloop
  endfacet
  facet normal -0.537394 0 -0.843331
    outer loop
      vertex 17.1472 187.5 16.8383
      vertex 17 181 16.9321
      vertex 17 187.5 16.9321
    endloop
  endfacet
  facet normal -0.608768 0 -0.793348
    outer loop
      vertex 17.1472 181 16.8383
      vertex 17.2856 187.5 16.7321
      vertex 17.2856 181 16.7321
    endloop
  endfacet
  facet normal -0.608768 0 -0.793348
    outer loop
      vertex 17.2856 187.5 16.7321
      vertex 17.1472 181 16.8383
      vertex 17.1472 187.5 16.8383
    endloop
  endfacet
  facet normal -0.953661 0 -0.300885
    outer loop
      vertex 17.9319 181 15.7176
      vertex 17.8794 187.5 15.884
      vertex 17.9319 187.5 15.7176
    endloop
  endfacet
  facet normal -0.953661 -0 -0.300885
    outer loop
      vertex 17.8794 187.5 15.884
      vertex 17.9319 181 15.7176
      vertex 17.8794 181 15.884
    endloop
  endfacet
  facet normal -0.976362 0 -0.216141
    outer loop
      vertex 17.9696 181 15.5473
      vertex 17.9319 187.5 15.7176
      vertex 17.9696 187.5 15.5473
    endloop
  endfacet
  facet normal -0.976362 -0 -0.216141
    outer loop
      vertex 17.9319 187.5 15.7176
      vertex 17.9696 181 15.5473
      vertex 17.9319 181 15.7176
    endloop
  endfacet
  facet normal -0.999051 0 -0.0435616
    outer loop
      vertex 18 181 15.2
      vertex 17.9924 187.5 15.3743
      vertex 18 187.5 15.2
    endloop
  endfacet
  facet normal -0.999051 -0 -0.0435616
    outer loop
      vertex 17.9924 187.5 15.3743
      vertex 18 181 15.2
      vertex 17.9924 181 15.3743
    endloop
  endfacet
  facet normal -0.793348 0 -0.608768
    outer loop
      vertex 17.6383 181 16.3472
      vertex 17.5321 187.5 16.4856
      vertex 17.6383 187.5 16.3472
    endloop
  endfacet
  facet normal -0.793348 -0 -0.608768
    outer loop
      vertex 17.5321 187.5 16.4856
      vertex 17.6383 181 16.3472
      vertex 17.5321 181 16.4856
    endloop
  endfacet
  facet normal -0.843591 0 -0.536987
    outer loop
      vertex 17.732 181 16.2
      vertex 17.6383 187.5 16.3472
      vertex 17.732 187.5 16.2
    endloop
  endfacet
  facet normal -0.843591 -0 -0.536987
    outer loop
      vertex 17.6383 187.5 16.3472
      vertex 17.732 181 16.2
      vertex 17.6383 181 16.3472
    endloop
  endfacet
  facet normal -0.608768 0 0.793348
    outer loop
      vertex 17.1472 187.5 13.5617
      vertex 17.2856 181 13.6679
      vertex 17.2856 187.5 13.6679
    endloop
  endfacet
  facet normal -0.608768 0 0.793348
    outer loop
      vertex 17.2856 181 13.6679
      vertex 17.1472 187.5 13.5617
      vertex 17.1472 181 13.5617
    endloop
  endfacet
  facet normal -0.382824 0 0.923821
    outer loop
      vertex 16.684 187.5 13.3206
      vertex 16.8452 181 13.3874
      vertex 16.8452 187.5 13.3874
    endloop
  endfacet
  facet normal -0.382824 0 0.923821
    outer loop
      vertex 16.8452 181 13.3874
      vertex 16.684 187.5 13.3206
      vertex 16.684 181 13.3206
    endloop
  endfacet
  facet normal -0.300885 0 0.953661
    outer loop
      vertex 16.5176 187.5 13.2681
      vertex 16.684 181 13.3206
      vertex 16.684 187.5 13.3206
    endloop
  endfacet
  facet normal -0.300885 0 0.953661
    outer loop
      vertex 16.684 181 13.3206
      vertex 16.5176 187.5 13.2681
      vertex 16.5176 181 13.2681
    endloop
  endfacet
  facet normal -0.216141 0 0.976362
    outer loop
      vertex 16.3473 187.5 13.2304
      vertex 16.5176 181 13.2681
      vertex 16.5176 187.5 13.2681
    endloop
  endfacet
  facet normal -0.216141 0 0.976362
    outer loop
      vertex 16.5176 181 13.2681
      vertex 16.3473 187.5 13.2304
      vertex 16.3473 181 13.2304
    endloop
  endfacet
  facet normal -0.130662 0 0.991427
    outer loop
      vertex 16.1743 187.5 13.2076
      vertex 16.3473 181 13.2304
      vertex 16.3473 187.5 13.2304
    endloop
  endfacet
  facet normal -0.130662 0 0.991427
    outer loop
      vertex 16.3473 181 13.2304
      vertex 16.1743 187.5 13.2076
      vertex 16.1743 181 13.2076
    endloop
  endfacet
  facet normal -0.793348 0 0.608768
    outer loop
      vertex 17.5321 181 13.9144
      vertex 17.6383 187.5 14.0528
      vertex 17.5321 187.5 13.9144
    endloop
  endfacet
  facet normal -0.793348 0 0.608768
    outer loop
      vertex 17.6383 187.5 14.0528
      vertex 17.5321 181 13.9144
      vertex 17.6383 181 14.0528
    endloop
  endfacet
  facet normal -0.737107 0 0.675777
    outer loop
      vertex 17.4142 181 13.7858
      vertex 17.5321 187.5 13.9144
      vertex 17.4142 187.5 13.7858
    endloop
  endfacet
  facet normal -0.737107 0 0.675777
    outer loop
      vertex 17.5321 187.5 13.9144
      vertex 17.4142 181 13.7858
      vertex 17.5321 181 13.9144
    endloop
  endfacet
  facet normal -0.991427 0 0.130662
    outer loop
      vertex 17.9696 181 14.8527
      vertex 17.9924 187.5 15.0257
      vertex 17.9696 187.5 14.8527
    endloop
  endfacet
  facet normal -0.991427 0 0.130662
    outer loop
      vertex 17.9924 187.5 15.0257
      vertex 17.9696 181 14.8527
      vertex 17.9924 181 15.0257
    endloop
  endfacet
  facet normal -0.953661 0 0.300885
    outer loop
      vertex 17.8794 181 14.516
      vertex 17.9319 187.5 14.6824
      vertex 17.8794 187.5 14.516
    endloop
  endfacet
  facet normal -0.953661 0 0.300885
    outer loop
      vertex 17.9319 187.5 14.6824
      vertex 17.8794 181 14.516
      vertex 17.9319 181 14.6824
    endloop
  endfacet
  facet normal -0.976362 0 0.216141
    outer loop
      vertex 17.9319 181 14.6824
      vertex 17.9696 187.5 14.8527
      vertex 17.9319 187.5 14.6824
    endloop
  endfacet
  facet normal -0.976362 0 0.216141
    outer loop
      vertex 17.9696 187.5 14.8527
      vertex 17.9319 181 14.6824
      vertex 17.9696 181 14.8527
    endloop
  endfacet
  facet normal 0.991427 0 -0.130662
    outer loop
      vertex 14.0304 181 15.5473
      vertex 14.0076 187.5 15.3743
      vertex 14.0304 187.5 15.5473
    endloop
  endfacet
  facet normal 0.991427 0 -0.130662
    outer loop
      vertex 14.0076 187.5 15.3743
      vertex 14.0304 181 15.5473
      vertex 14.0076 181 15.3743
    endloop
  endfacet
  facet normal 0.976362 0 -0.216141
    outer loop
      vertex 14.0681 181 15.7176
      vertex 14.0304 187.5 15.5473
      vertex 14.0681 187.5 15.7176
    endloop
  endfacet
  facet normal 0.976362 0 -0.216141
    outer loop
      vertex 14.0304 187.5 15.5473
      vertex 14.0681 181 15.7176
      vertex 14.0304 181 15.5473
    endloop
  endfacet
  facet normal 0.737107 0 -0.675777
    outer loop
      vertex 14.5858 181 16.6142
      vertex 14.4679 187.5 16.4856
      vertex 14.5858 187.5 16.6142
    endloop
  endfacet
  facet normal 0.737107 0 -0.675777
    outer loop
      vertex 14.4679 187.5 16.4856
      vertex 14.5858 181 16.6142
      vertex 14.4679 181 16.4856
    endloop
  endfacet
  facet normal 0.793348 0 -0.608768
    outer loop
      vertex 14.4679 181 16.4856
      vertex 14.3617 187.5 16.3472
      vertex 14.4679 187.5 16.4856
    endloop
  endfacet
  facet normal 0.793348 0 -0.608768
    outer loop
      vertex 14.3617 187.5 16.3472
      vertex 14.4679 181 16.4856
      vertex 14.3617 181 16.3472
    endloop
  endfacet
  facet normal 0.608768 0 -0.793348
    outer loop
      vertex 14.7144 181 16.7321
      vertex 14.8528 187.5 16.8383
      vertex 14.8528 181 16.8383
    endloop
  endfacet
  facet normal 0.608768 0 -0.793348
    outer loop
      vertex 14.8528 187.5 16.8383
      vertex 14.7144 181 16.7321
      vertex 14.7144 187.5 16.7321
    endloop
  endfacet
  facet normal 0.537394 0 -0.843331
    outer loop
      vertex 14.8528 181 16.8383
      vertex 15 187.5 16.9321
      vertex 15 181 16.9321
    endloop
  endfacet
  facet normal 0.537394 0 -0.843331
    outer loop
      vertex 15 187.5 16.9321
      vertex 14.8528 181 16.8383
      vertex 14.8528 187.5 16.8383
    endloop
  endfacet
  facet normal 0.991427 -0 0.130662
    outer loop
      vertex 14.0076 181 15.0257
      vertex 14.0304 187.5 14.8527
      vertex 14.0076 187.5 15.0257
    endloop
  endfacet
  facet normal 0.991427 0 0.130662
    outer loop
      vertex 14.0304 187.5 14.8527
      vertex 14.0076 181 15.0257
      vertex 14.0304 181 14.8527
    endloop
  endfacet
  facet normal 0.793348 -0 0.608768
    outer loop
      vertex 14.3617 181 14.0528
      vertex 14.4679 187.5 13.9144
      vertex 14.3617 187.5 14.0528
    endloop
  endfacet
  facet normal 0.793348 0 0.608768
    outer loop
      vertex 14.4679 187.5 13.9144
      vertex 14.3617 181 14.0528
      vertex 14.4679 181 13.9144
    endloop
  endfacet
  facet normal 0.923821 -0 0.382824
    outer loop
      vertex 14.1206 181 14.516
      vertex 14.1874 187.5 14.3548
      vertex 14.1206 187.5 14.516
    endloop
  endfacet
  facet normal 0.923821 0 0.382824
    outer loop
      vertex 14.1874 187.5 14.3548
      vertex 14.1206 181 14.516
      vertex 14.1874 181 14.3548
    endloop
  endfacet
  facet normal 0.999051 -0 0.0435616
    outer loop
      vertex 14 181 15.2
      vertex 14.0076 187.5 15.0257
      vertex 14 187.5 15.2
    endloop
  endfacet
  facet normal 0.999051 0 0.0435616
    outer loop
      vertex 14.0076 187.5 15.0257
      vertex 14 181 15.2
      vertex 14.0076 181 15.0257
    endloop
  endfacet
  facet normal 0.843331 -0 0.537394
    outer loop
      vertex 14.2679 181 14.2
      vertex 14.3617 187.5 14.0528
      vertex 14.2679 187.5 14.2
    endloop
  endfacet
  facet normal 0.843331 0 0.537394
    outer loop
      vertex 14.3617 187.5 14.0528
      vertex 14.2679 181 14.2
      vertex 14.3617 181 14.0528
    endloop
  endfacet
  facet normal 0.461371 0 0.887207
    outer loop
      vertex 15 187.5 13.4679
      vertex 15.1548 181 13.3874
      vertex 15.1548 187.5 13.3874
    endloop
  endfacet
  facet normal 0.461371 0 0.887207
    outer loop
      vertex 15.1548 181 13.3874
      vertex 15 187.5 13.4679
      vertex 15 181 13.4679
    endloop
  endfacet
  facet normal 0.300885 0 0.953661
    outer loop
      vertex 15.316 187.5 13.3206
      vertex 15.4824 181 13.2681
      vertex 15.4824 187.5 13.2681
    endloop
  endfacet
  facet normal 0.300885 0 0.953661
    outer loop
      vertex 15.4824 181 13.2681
      vertex 15.316 187.5 13.3206
      vertex 15.316 181 13.3206
    endloop
  endfacet
  facet normal 0.130662 0 0.991427
    outer loop
      vertex 15.6527 187.5 13.2304
      vertex 15.8257 181 13.2076
      vertex 15.8257 187.5 13.2076
    endloop
  endfacet
  facet normal 0.130662 0 0.991427
    outer loop
      vertex 15.8257 181 13.2076
      vertex 15.6527 187.5 13.2304
      vertex 15.6527 181 13.2304
    endloop
  endfacet
  facet normal -0.675777 0 -0.737107
    outer loop
      vertex 17.2856 181 16.7321
      vertex 17.4142 187.5 16.6142
      vertex 17.4142 181 16.6142
    endloop
  endfacet
  facet normal -0.675777 0 -0.737107
    outer loop
      vertex 17.4142 187.5 16.6142
      vertex 17.2856 181 16.7321
      vertex 17.2856 187.5 16.7321
    endloop
  endfacet
  facet normal -0.461371 0 -0.887207
    outer loop
      vertex 16.8452 181 17.0126
      vertex 17 187.5 16.9321
      vertex 17 181 16.9321
    endloop
  endfacet
  facet normal -0.461371 0 -0.887207
    outer loop
      vertex 17 187.5 16.9321
      vertex 16.8452 181 17.0126
      vertex 16.8452 187.5 17.0126
    endloop
  endfacet
  facet normal -0.991427 0 -0.130662
    outer loop
      vertex 17.9924 181 15.3743
      vertex 17.9696 187.5 15.5473
      vertex 17.9924 187.5 15.3743
    endloop
  endfacet
  facet normal -0.991427 -0 -0.130662
    outer loop
      vertex 17.9696 187.5 15.5473
      vertex 17.9924 181 15.3743
      vertex 17.9696 181 15.5473
    endloop
  endfacet
  facet normal -0.886973 0 -0.461822
    outer loop
      vertex 17.8126 181 16.0452
      vertex 17.732 187.5 16.2
      vertex 17.8126 187.5 16.0452
    endloop
  endfacet
  facet normal -0.886973 -0 -0.461822
    outer loop
      vertex 17.732 187.5 16.2
      vertex 17.8126 181 16.0452
      vertex 17.732 181 16.2
    endloop
  endfacet
  facet normal 0.0435616 0 0.999051
    outer loop
      vertex 15.8257 187.5 13.2076
      vertex 16 181 13.2
      vertex 16 187.5 13.2
    endloop
  endfacet
  facet normal 0.0435616 0 0.999051
    outer loop
      vertex 16 181 13.2
      vertex 15.8257 187.5 13.2076
      vertex 15.8257 181 13.2076
    endloop
  endfacet
  facet normal 0 -1 0
    outer loop
      vertex 15.8257 187.5 17.1924
      vertex 16.1743 187.5 17.1924
      vertex 16 187.5 17.2
    endloop
  endfacet
  facet normal 0 -1 0
    outer loop
      vertex 15.6527 187.5 17.1696
      vertex 16.1743 187.5 17.1924
      vertex 15.8257 187.5 17.1924
    endloop
  endfacet
  facet normal 0 -1 0
    outer loop
      vertex 15.6527 187.5 17.1696
      vertex 16.3473 187.5 17.1696
      vertex 16.1743 187.5 17.1924
    endloop
  endfacet
  facet normal 0 -1 0
    outer loop
      vertex 15.4824 187.5 17.1319
      vertex 16.3473 187.5 17.1696
      vertex 15.6527 187.5 17.1696
    endloop
  endfacet
  facet normal 0 -1 0
    outer loop
      vertex 15.4824 187.5 17.1319
      vertex 16.5176 187.5 17.1319
      vertex 16.3473 187.5 17.1696
    endloop
  endfacet
  facet normal 0 -1 0
    outer loop
      vertex 15.316 187.5 17.0794
      vertex 16.5176 187.5 17.1319
      vertex 15.4824 187.5 17.1319
    endloop
  endfacet
  facet normal 0 -1 0
    outer loop
      vertex 15.316 187.5 17.0794
      vertex 16.684 187.5 17.0794
      vertex 16.5176 187.5 17.1319
    endloop
  endfacet
  facet normal 0 -1 0
    outer loop
      vertex 15.1548 187.5 17.0126
      vertex 16.684 187.5 17.0794
      vertex 15.316 187.5 17.0794
    endloop
  endfacet
  facet normal 0 -1 0
    outer loop
      vertex 15.1548 187.5 17.0126
      vertex 16.8452 187.5 17.0126
      vertex 16.684 187.5 17.0794
    endloop
  endfacet
  facet normal 0 -1 0
    outer loop
      vertex 15 187.5 16.9321
      vertex 16.8452 187.5 17.0126
      vertex 15.1548 187.5 17.0126
    endloop
  endfacet
  facet normal 0 -1 0
    outer loop
      vertex 15 187.5 16.9321
      vertex 17 187.5 16.9321
      vertex 16.8452 187.5 17.0126
    endloop
  endfacet
  facet normal 0 -1 0
    outer loop
      vertex 14.8528 187.5 16.8383
      vertex 17 187.5 16.9321
      vertex 15 187.5 16.9321
    endloop
  endfacet
  facet normal 0 -1 0
    outer loop
      vertex 14.8528 187.5 16.8383
      vertex 17.1472 187.5 16.8383
      vertex 17 187.5 16.9321
    endloop
  endfacet
  facet normal 0 -1 0
    outer loop
      vertex 14.7144 187.5 16.7321
      vertex 17.1472 187.5 16.8383
      vertex 14.8528 187.5 16.8383
    endloop
  endfacet
  facet normal 0 -1 0
    outer loop
      vertex 14.7144 187.5 16.7321
      vertex 17.2856 187.5 16.7321
      vertex 17.1472 187.5 16.8383
    endloop
  endfacet
  facet normal 0 -1 0
    outer loop
      vertex 14.5858 187.5 16.6142
      vertex 17.2856 187.5 16.7321
      vertex 14.7144 187.5 16.7321
    endloop
  endfacet
  facet normal 0 -1 0
    outer loop
      vertex 14.5858 187.5 16.6142
      vertex 17.4142 187.5 16.6142
      vertex 17.2856 187.5 16.7321
    endloop
  endfacet
  facet normal 0 -1 0
    outer loop
      vertex 14.4679 187.5 16.4856
      vertex 17.4142 187.5 16.6142
      vertex 14.5858 187.5 16.6142
    endloop
  endfacet
  facet normal 0 -1 0
    outer loop
      vertex 14.4679 187.5 16.4856
      vertex 17.5321 187.5 16.4856
      vertex 17.4142 187.5 16.6142
    endloop
  endfacet
  facet normal 0 -1 0
    outer loop
      vertex 14.3617 187.5 16.3472
      vertex 17.5321 187.5 16.4856
      vertex 14.4679 187.5 16.4856
    endloop
  endfacet
  facet normal 0 -1 0
    outer loop
      vertex 14.3617 187.5 16.3472
      vertex 17.6383 187.5 16.3472
      vertex 17.5321 187.5 16.4856
    endloop
  endfacet
  facet normal 0 -1 0
    outer loop
      vertex 14.2679 187.5 16.2
      vertex 17.6383 187.5 16.3472
      vertex 14.3617 187.5 16.3472
    endloop
  endfacet
  facet normal 0 -1 0
    outer loop
      vertex 14.2679 187.5 16.2
      vertex 17.732 187.5 16.2
      vertex 17.6383 187.5 16.3472
    endloop
  endfacet
  facet normal 0 -1 0
    outer loop
      vertex 14.1874 187.5 16.0452
      vertex 17.732 187.5 16.2
      vertex 14.2679 187.5 16.2
    endloop
  endfacet
  facet normal 0 -1 0
    outer loop
      vertex 14.1874 187.5 16.0452
      vertex 17.8126 187.5 16.0452
      vertex 17.732 187.5 16.2
    endloop
  endfacet
  facet normal 0 -1 0
    outer loop
      vertex 14.1206 187.5 15.884
      vertex 17.8126 187.5 16.0452
      vertex 14.1874 187.5 16.0452
    endloop
  endfacet
  facet normal 0 -1 0
    outer loop
      vertex 14.1206 187.5 15.884
      vertex 17.8794 187.5 15.884
      vertex 17.8126 187.5 16.0452
    endloop
  endfacet
  facet normal 0 -1 0
    outer loop
      vertex 14.0681 187.5 15.7176
      vertex 17.8794 187.5 15.884
      vertex 14.1206 187.5 15.884
    endloop
  endfacet
  facet normal 0 -1 0
    outer loop
      vertex 14.0681 187.5 15.7176
      vertex 17.9319 187.5 15.7176
      vertex 17.8794 187.5 15.884
    endloop
  endfacet
  facet normal 0 -1 0
    outer loop
      vertex 14.0304 187.5 15.5473
      vertex 17.9319 187.5 15.7176
      vertex 14.0681 187.5 15.7176
    endloop
  endfacet
  facet normal 0 -1 0
    outer loop
      vertex 14.0304 187.5 15.5473
      vertex 17.9696 187.5 15.5473
      vertex 17.9319 187.5 15.7176
    endloop
  endfacet
  facet normal 0 -1 0
    outer loop
      vertex 14.0076 187.5 15.3743
      vertex 17.9696 187.5 15.5473
      vertex 14.0304 187.5 15.5473
    endloop
  endfacet
  facet normal 0 -1 0
    outer loop
      vertex 14.0076 187.5 15.3743
      vertex 17.9924 187.5 15.3743
      vertex 17.9696 187.5 15.5473
    endloop
  endfacet
  facet normal 0 -1 0
    outer loop
      vertex 14 187.5 15.2
      vertex 17.9924 187.5 15.3743
      vertex 14.0076 187.5 15.3743
    endloop
  endfacet
  facet normal 0 -1 0
    outer loop
      vertex 14 187.5 15.2
      vertex 18 187.5 15.2
      vertex 17.9924 187.5 15.3743
    endloop
  endfacet
  facet normal 0 -1 0
    outer loop
      vertex 14.0076 187.5 15.0257
      vertex 18 187.5 15.2
      vertex 14 187.5 15.2
    endloop
  endfacet
  facet normal 0 -1 0
    outer loop
      vertex 14.0076 187.5 15.0257
      vertex 17.9924 187.5 15.0257
      vertex 18 187.5 15.2
    endloop
  endfacet
  facet normal 0 -1 0
    outer loop
      vertex 14.0304 187.5 14.8527
      vertex 17.9924 187.5 15.0257
      vertex 14.0076 187.5 15.0257
    endloop
  endfacet
  facet normal 0 -1 0
    outer loop
      vertex 14.0304 187.5 14.8527
      vertex 17.9696 187.5 14.8527
      vertex 17.9924 187.5 15.0257
    endloop
  endfacet
  facet normal 0 -1 0
    outer loop
      vertex 14.0681 187.5 14.6824
      vertex 17.9696 187.5 14.8527
      vertex 14.0304 187.5 14.8527
    endloop
  endfacet
  facet normal 0 -1 0
    outer loop
      vertex 14.0681 187.5 14.6824
      vertex 17.9319 187.5 14.6824
      vertex 17.9696 187.5 14.8527
    endloop
  endfacet
  facet normal 0 -1 0
    outer loop
      vertex 14.1206 187.5 14.516
      vertex 17.9319 187.5 14.6824
      vertex 14.0681 187.5 14.6824
    endloop
  endfacet
  facet normal 0 -1 0
    outer loop
      vertex 14.1206 187.5 14.516
      vertex 17.8794 187.5 14.516
      vertex 17.9319 187.5 14.6824
    endloop
  endfacet
  facet normal 0 -1 0
    outer loop
      vertex 14.1874 187.5 14.3548
      vertex 17.8794 187.5 14.516
      vertex 14.1206 187.5 14.516
    endloop
  endfacet
  facet normal 0 -1 0
    outer loop
      vertex 14.1874 187.5 14.3548
      vertex 17.8126 187.5 14.3548
      vertex 17.8794 187.5 14.516
    endloop
  endfacet
  facet normal 0 -1 0
    outer loop
      vertex 14.2679 187.5 14.2
      vertex 17.8126 187.5 14.3548
      vertex 14.1874 187.5 14.3548
    endloop
  endfacet
  facet normal 0 -1 0
    outer loop
      vertex 14.2679 187.5 14.2
      vertex 17.732 187.5 14.2
      vertex 17.8126 187.5 14.3548
    endloop
  endfacet
  facet normal 0 -1 0
    outer loop
      vertex 14.3617 187.5 14.0528
      vertex 17.732 187.5 14.2
      vertex 14.2679 187.5 14.2
    endloop
  endfacet
  facet normal 0 -1 0
    outer loop
      vertex 14.3617 187.5 14.0528
      vertex 17.6383 187.5 14.0528
      vertex 17.732 187.5 14.2
    endloop
  endfacet
  facet normal 0 -1 0
    outer loop
      vertex 14.4679 187.5 13.9144
      vertex 17.6383 187.5 14.0528
      vertex 14.3617 187.5 14.0528
    endloop
  endfacet
  facet normal 0 -1 0
    outer loop
      vertex 14.4679 187.5 13.9144
      vertex 17.5321 187.5 13.9144
      vertex 17.6383 187.5 14.0528
    endloop
  endfacet
  facet normal 0 -1 0
    outer loop
      vertex 14.5858 187.5 13.7858
      vertex 17.5321 187.5 13.9144
      vertex 14.4679 187.5 13.9144
    endloop
  endfacet
  facet normal 0 -1 0
    outer loop
      vertex 14.5858 187.5 13.7858
      vertex 17.4142 187.5 13.7858
      vertex 17.5321 187.5 13.9144
    endloop
  endfacet
  facet normal 0 -1 0
    outer loop
      vertex 14.7144 187.5 13.6679
      vertex 17.4142 187.5 13.7858
      vertex 14.5858 187.5 13.7858
    endloop
  endfacet
  facet normal 0 -1 0
    outer loop
      vertex 14.7144 187.5 13.6679
      vertex 17.2856 187.5 13.6679
      vertex 17.4142 187.5 13.7858
    endloop
  endfacet
  facet normal 0 -1 0
    outer loop
      vertex 14.8528 187.5 13.5617
      vertex 17.2856 187.5 13.6679
      vertex 14.7144 187.5 13.6679
    endloop
  endfacet
  facet normal 0 -1 0
    outer loop
      vertex 14.8528 187.5 13.5617
      vertex 17.1472 187.5 13.5617
      vertex 17.2856 187.5 13.6679
    endloop
  endfacet
  facet normal 0 -1 0
    outer loop
      vertex 15 187.5 13.4679
      vertex 17.1472 187.5 13.5617
      vertex 14.8528 187.5 13.5617
    endloop
  endfacet
  facet normal 0 -1 0
    outer loop
      vertex 15 187.5 13.4679
      vertex 17 187.5 13.4679
      vertex 17.1472 187.5 13.5617
    endloop
  endfacet
  facet normal 0 -1 0
    outer loop
      vertex 15.1548 187.5 13.3874
      vertex 17 187.5 13.4679
      vertex 15 187.5 13.4679
    endloop
  endfacet
  facet normal 0 -1 0
    outer loop
      vertex 15.1548 187.5 13.3874
      vertex 16.8452 187.5 13.3874
      vertex 17 187.5 13.4679
    endloop
  endfacet
  facet normal 0 -1 0
    outer loop
      vertex 15.316 187.5 13.3206
      vertex 16.8452 187.5 13.3874
      vertex 15.1548 187.5 13.3874
    endloop
  endfacet
  facet normal 0 -1 0
    outer loop
      vertex 15.316 187.5 13.3206
      vertex 16.684 187.5 13.3206
      vertex 16.8452 187.5 13.3874
    endloop
  endfacet
  facet normal 0 -1 0
    outer loop
      vertex 15.4824 187.5 13.2681
      vertex 16.684 187.5 13.3206
      vertex 15.316 187.5 13.3206
    endloop
  endfacet
  facet normal 0 -1 0
    outer loop
      vertex 15.4824 187.5 13.2681
      vertex 16.5176 187.5 13.2681
      vertex 16.684 187.5 13.3206
    endloop
  endfacet
  facet normal 0 -1 0
    outer loop
      vertex 15.6527 187.5 13.2304
      vertex 16.5176 187.5 13.2681
      vertex 15.4824 187.5 13.2681
    endloop
  endfacet
  facet normal 0 -1 0
    outer loop
      vertex 15.6527 187.5 13.2304
      vertex 16.3473 187.5 13.2304
      vertex 16.5176 187.5 13.2681
    endloop
  endfacet
  facet normal 0 -1 0
    outer loop
      vertex 15.8257 187.5 13.2076
      vertex 16.3473 187.5 13.2304
      vertex 15.6527 187.5 13.2304
    endloop
  endfacet
  facet normal 0 -1 0
    outer loop
      vertex 15.8257 187.5 13.2076
      vertex 16.1743 187.5 13.2076
      vertex 16.3473 187.5 13.2304
    endloop
  endfacet
  facet normal -0 -1 0
    outer loop
      vertex 16.1743 187.5 13.2076
      vertex 15.8257 187.5 13.2076
      vertex 16 187.5 13.2
    endloop
  endfacet
  facet normal -0.886973 0 0.461822
    outer loop
      vertex 17.732 181 14.2
      vertex 17.8126 187.5 14.3548
      vertex 17.732 187.5 14.2
    endloop
  endfacet
  facet normal -0.886973 0 0.461822
    outer loop
      vertex 17.8126 187.5 14.3548
      vertex 17.732 181 14.2
      vertex 17.8126 181 14.3548
    endloop
  endfacet
  facet normal -0.843591 0 0.536987
    outer loop
      vertex 17.6383 181 14.0528
      vertex 17.732 187.5 14.2
      vertex 17.6383 187.5 14.0528
    endloop
  endfacet
  facet normal -0.843591 0 0.536987
    outer loop
      vertex 17.732 187.5 14.2
      vertex 17.6383 181 14.0528
      vertex 17.732 181 14.2
    endloop
  endfacet
  facet normal 0.130662 0 -0.991427
    outer loop
      vertex 15.6527 181 17.1696
      vertex 15.8257 187.5 17.1924
      vertex 15.8257 181 17.1924
    endloop
  endfacet
  facet normal 0.130662 0 -0.991427
    outer loop
      vertex 15.8257 187.5 17.1924
      vertex 15.6527 181 17.1696
      vertex 15.6527 187.5 17.1696
    endloop
  endfacet
  facet normal 0.923821 0 -0.382824
    outer loop
      vertex 14.1874 181 16.0452
      vertex 14.1206 187.5 15.884
      vertex 14.1874 187.5 16.0452
    endloop
  endfacet
  facet normal 0.923821 0 -0.382824
    outer loop
      vertex 14.1206 187.5 15.884
      vertex 14.1874 181 16.0452
      vertex 14.1206 181 15.884
    endloop
  endfacet
  facet normal 0.887207 0 -0.461371
    outer loop
      vertex 14.2679 181 16.2
      vertex 14.1874 187.5 16.0452
      vertex 14.2679 187.5 16.2
    endloop
  endfacet
  facet normal 0.887207 0 -0.461371
    outer loop
      vertex 14.1874 187.5 16.0452
      vertex 14.2679 181 16.2
      vertex 14.1874 181 16.0452
    endloop
  endfacet
  facet normal 0.382824 0 -0.923821
    outer loop
      vertex 15.1548 181 17.0126
      vertex 15.316 187.5 17.0794
      vertex 15.316 181 17.0794
    endloop
  endfacet
  facet normal 0.382824 0 -0.923821
    outer loop
      vertex 15.316 187.5 17.0794
      vertex 15.1548 181 17.0126
      vertex 15.1548 187.5 17.0126
    endloop
  endfacet
  facet normal 0.216141 0 -0.976362
    outer loop
      vertex 15.4824 181 17.1319
      vertex 15.6527 187.5 17.1696
      vertex 15.6527 181 17.1696
    endloop
  endfacet
  facet normal 0.216141 0 -0.976362
    outer loop
      vertex 15.6527 187.5 17.1696
      vertex 15.4824 181 17.1319
      vertex 15.4824 187.5 17.1319
    endloop
  endfacet
  facet normal 0.999051 0 -0.0435616
    outer loop
      vertex 14.0076 181 15.3743
      vertex 14 187.5 15.2
      vertex 14.0076 187.5 15.3743
    endloop
  endfacet
  facet normal 0.999051 0 -0.0435616
    outer loop
      vertex 14 187.5 15.2
      vertex 14.0076 181 15.3743
      vertex 14 181 15.2
    endloop
  endfacet
  facet normal 0.976362 -0 0.216141
    outer loop
      vertex 14.0304 181 14.8527
      vertex 14.0681 187.5 14.6824
      vertex 14.0304 187.5 14.8527
    endloop
  endfacet
  facet normal 0.976362 0 0.216141
    outer loop
      vertex 14.0681 187.5 14.6824
      vertex 14.0304 181 14.8527
      vertex 14.0681 181 14.6824
    endloop
  endfacet
  facet normal 0.737107 -0 0.675777
    outer loop
      vertex 14.4679 181 13.9144
      vertex 14.5858 187.5 13.7858
      vertex 14.4679 187.5 13.9144
    endloop
  endfacet
  facet normal 0.737107 0 0.675777
    outer loop
      vertex 14.5858 187.5 13.7858
      vertex 14.4679 181 13.9144
      vertex 14.5858 181 13.7858
    endloop
  endfacet
  facet normal 0.608768 0 0.793348
    outer loop
      vertex 14.7144 187.5 13.6679
      vertex 14.8528 181 13.5617
      vertex 14.8528 187.5 13.5617
    endloop
  endfacet
  facet normal 0.608768 0 0.793348
    outer loop
      vertex 14.8528 181 13.5617
      vertex 14.7144 187.5 13.6679
      vertex 14.7144 181 13.6679
    endloop
  endfacet
  facet normal 0.216141 0 0.976362
    outer loop
      vertex 15.4824 187.5 13.2681
      vertex 15.6527 181 13.2304
      vertex 15.6527 187.5 13.2304
    endloop
  endfacet
  facet normal 0.216141 0 0.976362
    outer loop
      vertex 15.6527 181 13.2304
      vertex 15.4824 187.5 13.2681
      vertex 15.4824 181 13.2681
    endloop
  endfacet
  facet normal 0.382824 0 0.923821
    outer loop
      vertex 15.1548 187.5 13.3874
      vertex 15.316 181 13.3206
      vertex 15.316 187.5 13.3206
    endloop
  endfacet
  facet normal 0.382824 0 0.923821
    outer loop
      vertex 15.316 181 13.3206
      vertex 15.1548 187.5 13.3874
      vertex 15.1548 181 13.3874
    endloop
  endfacet
  facet normal 0.843331 0 -0.537394
    outer loop
      vertex 14.3617 181 16.3472
      vertex 14.2679 187.5 16.2
      vertex 14.3617 187.5 16.3472
    endloop
  endfacet
  facet normal 0.843331 0 -0.537394
    outer loop
      vertex 14.2679 187.5 16.2
      vertex 14.3617 181 16.3472
      vertex 14.2679 181 16.2
    endloop
  endfacet
  facet normal 0.0435616 0 -0.999051
    outer loop
      vertex 15.8257 181 17.1924
      vertex 16 187.5 17.2
      vertex 16 181 17.2
    endloop
  endfacet
  facet normal 0.0435616 0 -0.999051
    outer loop
      vertex 16 187.5 17.2
      vertex 15.8257 181 17.1924
      vertex 15.8257 187.5 17.1924
    endloop
  endfacet
  facet normal 0.537394 0 0.843331
    outer loop
      vertex 14.8528 187.5 13.5617
      vertex 15 181 13.4679
      vertex 15 187.5 13.4679
    endloop
  endfacet
  facet normal 0.537394 0 0.843331
    outer loop
      vertex 15 181 13.4679
      vertex 14.8528 187.5 13.5617
      vertex 14.8528 181 13.5617
    endloop
  endfacet
  facet normal 0.999047 0.0436462 0
    outer loop
      vertex 13.032 203.938 6
      vertex 12.9749 205.245 -7.62939e-07
      vertex 12.9749 205.245 6
    endloop
  endfacet
  facet normal 0.999047 0.0436462 0
    outer loop
      vertex 12.9749 205.245 -7.62939e-07
      vertex 13.032 203.938 6
      vertex 13.032 203.938 -7.62939e-07
    endloop
  endfacet
  facet normal 0.0435566 -0.999051 0
    outer loop
      vertex 26.6675 220.188 -7.62939e-07
      vertex 27.9749 220.245 6
      vertex 26.6675 220.188 6
    endloop
  endfacet
  facet normal 0.0435566 -0.999051 0
    outer loop
      vertex 27.9749 220.245 6
      vertex 26.6675 220.188 -7.62939e-07
      vertex 27.9749 220.245 -7.62939e-07
    endloop
  endfacet
  facet normal 0.737338 -0.675524 0
    outer loop
      vertex 16.4842 214.887 6
      vertex 17.3683 215.852 -7.62939e-07
      vertex 17.3683 215.852 6
    endloop
  endfacet
  facet normal 0.737338 -0.675524 0
    outer loop
      vertex 17.3683 215.852 -7.62939e-07
      vertex 16.4842 214.887 6
      vertex 16.4842 214.887 -7.62939e-07
    endloop
  endfacet
  facet normal 0.382824 -0.923821 0
    outer loop
      vertex 21.6356 218.84 -7.62939e-07
      vertex 22.8446 219.341 6
      vertex 21.6356 218.84 6
    endloop
  endfacet
  facet normal 0.382824 -0.923821 0
    outer loop
      vertex 22.8446 219.341 6
      vertex 21.6356 218.84 -7.62939e-07
      vertex 22.8446 219.341 -7.62939e-07
    endloop
  endfacet
  facet normal -0.923875 -0.382694 0
    outer loop
      vertex 42.0703 210.376 -7.62939e-07
      vertex 41.5695 211.585 6
      vertex 41.5695 211.585 -7.62939e-07
    endloop
  endfacet
  facet normal -0.923875 -0.382694 0
    outer loop
      vertex 41.5695 211.585 6
      vertex 42.0703 210.376 -7.62939e-07
      vertex 42.0703 210.376 6
    endloop
  endfacet
  facet normal -0.675559 -0.737306 0
    outer loop
      vertex 37.6167 216.736 -7.62939e-07
      vertex 38.5815 215.852 6
      vertex 37.6167 216.736 6
    endloop
  endfacet
  facet normal -0.675559 -0.737306 -0
    outer loop
      vertex 38.5815 215.852 6
      vertex 37.6167 216.736 -7.62939e-07
      vertex 38.5815 215.852 -7.62939e-07
    endloop
  endfacet
  facet normal -0.382824 -0.923821 0
    outer loop
      vertex 33.1052 219.341 -7.62939e-07
      vertex 34.3142 218.84 6
      vertex 33.1052 219.341 6
    endloop
  endfacet
  facet normal -0.382824 -0.923821 -0
    outer loop
      vertex 34.3142 218.84 6
      vertex 33.1052 219.341 -7.62939e-07
      vertex 34.3142 218.84 -7.62939e-07
    endloop
  endfacet
  facet normal 0.886904 -0.461954 0
    outer loop
      vertex 14.3803 211.585 6
      vertex 14.9845 212.745 -7.62939e-07
      vertex 14.9845 212.745 6
    endloop
  endfacet
  facet normal 0.886904 -0.461954 0
    outer loop
      vertex 14.9845 212.745 -7.62939e-07
      vertex 14.3803 211.585 6
      vertex 14.3803 211.585 -7.62939e-07
    endloop
  endfacet
  facet normal 0.84347 -0.537177 0
    outer loop
      vertex 14.9845 212.745 6
      vertex 15.6876 213.849 -7.62939e-07
      vertex 15.6876 213.849 6
    endloop
  endfacet
  facet normal 0.84347 -0.537177 0
    outer loop
      vertex 15.6876 213.849 -7.62939e-07
      vertex 14.9845 212.745 6
      vertex 14.9845 212.745 -7.62939e-07
    endloop
  endfacet
  facet normal -0.300758 0.953701 0
    outer loop
      vertex 32.2726 190.888 -7.62939e-07
      vertex 31.8572 190.757 6
      vertex 32.2726 190.888 6
    endloop
  endfacet
  facet normal -0.300758 0.953701 0
    outer loop
      vertex 31.8572 190.757 6
      vertex 32.2726 190.888 -7.62939e-07
      vertex 31.8572 190.757 -7.62939e-07
    endloop
  endfacet
  facet normal 0.216995 0.976173 -0
    outer loop
      vertex 25.3702 190.473 -7.62939e-07
      vertex 24.0926 190.757 6
      vertex 25.3702 190.473 6
    endloop
  endfacet
  facet normal 0.216995 0.976173 0
    outer loop
      vertex 24.0926 190.757 6
      vertex 25.3702 190.473 -7.62939e-07
      vertex 24.0926 190.757 -7.62939e-07
    endloop
  endfacet
  facet normal 0.382824 0.923821 -0
    outer loop
      vertex 22.8446 191.15 -7.62939e-07
      vertex 21.6356 191.651 6
      vertex 22.8446 191.15 6
    endloop
  endfacet
  facet normal 0.382824 0.923821 0
    outer loop
      vertex 21.6356 191.651 6
      vertex 22.8446 191.15 -7.62939e-07
      vertex 21.6356 191.651 -7.62939e-07
    endloop
  endfacet
  facet normal 0.976316 0.216348 0
    outer loop
      vertex 13.486 201.363 6
      vertex 13.2028 202.641 -7.62939e-07
      vertex 13.2028 202.641 6
    endloop
  endfacet
  facet normal 0.976316 0.216348 0
    outer loop
      vertex 13.2028 202.641 -7.62939e-07
      vertex 13.486 201.363 6
      vertex 13.486 201.363 -7.62939e-07
    endloop
  endfacet
  facet normal 0.843249 0.537523 0
    outer loop
      vertex 15.6876 196.642 6
      vertex 14.9845 197.745 -7.62939e-07
      vertex 14.9845 197.745 6
    endloop
  endfacet
  facet normal 0.843249 0.537523 0
    outer loop
      vertex 14.9845 197.745 -7.62939e-07
      vertex 15.6876 196.642 6
      vertex 15.6876 196.642 -7.62939e-07
    endloop
  endfacet
  facet normal -0.953715 -0.300711 0
    outer loop
      vertex 42.4638 209.128 -7.62939e-07
      vertex 42.0703 210.376 6
      vertex 42.0703 210.376 -7.62939e-07
    endloop
  endfacet
  facet normal -0.953715 -0.300711 0
    outer loop
      vertex 42.0703 210.376 6
      vertex 42.4638 209.128 -7.62939e-07
      vertex 42.4638 209.128 6
    endloop
  endfacet
  facet normal -0.84347 -0.537177 0
    outer loop
      vertex 40.9653 212.745 -7.62939e-07
      vertex 40.2622 213.849 6
      vertex 40.2622 213.849 -7.62939e-07
    endloop
  endfacet
  facet normal -0.84347 -0.537177 0
    outer loop
      vertex 40.2622 213.849 6
      vertex 40.9653 212.745 -7.62939e-07
      vertex 40.9653 212.745 6
    endloop
  endfacet
  facet normal -0.737376 -0.675482 0
    outer loop
      vertex 39.4655 214.887 -7.62939e-07
      vertex 38.5815 215.852 6
      vertex 38.5815 215.852 -7.62939e-07
    endloop
  endfacet
  facet normal -0.737376 -0.675482 0
    outer loop
      vertex 38.5815 215.852 6
      vertex 39.4655 214.887 -7.62939e-07
      vertex 39.4655 214.887 6
    endloop
  endfacet
  facet normal -0.793274 -0.608865 0
    outer loop
      vertex 40.2622 213.849 -7.62939e-07
      vertex 39.4655 214.887 6
      vertex 39.4655 214.887 -7.62939e-07
    endloop
  endfacet
  facet normal -0.793274 -0.608865 0
    outer loop
      vertex 39.4655 214.887 6
      vertex 40.2622 213.849 -7.62939e-07
      vertex 40.2622 213.849 6
    endloop
  endfacet
  facet normal -0.129921 -0.991524 0
    outer loop
      vertex 29.2822 220.188 -7.62939e-07
      vertex 30.5796 220.018 6
      vertex 29.2822 220.188 6
    endloop
  endfacet
  facet normal -0.129921 -0.991524 -0
    outer loop
      vertex 30.5796 220.018 6
      vertex 29.2822 220.188 -7.62939e-07
      vertex 30.5796 220.018 -7.62939e-07
    endloop
  endfacet
  facet normal -0.216995 -0.976173 0
    outer loop
      vertex 30.5796 220.018 -7.62939e-07
      vertex 31.8572 219.734 6
      vertex 30.5796 220.018 6
    endloop
  endfacet
  facet normal -0.216995 -0.976173 -0
    outer loop
      vertex 31.8572 219.734 6
      vertex 30.5796 220.018 -7.62939e-07
      vertex 31.8572 219.734 -7.62939e-07
    endloop
  endfacet
  facet normal -0.0435599 -0.999051 0
    outer loop
      vertex 27.9749 220.245 -7.62939e-07
      vertex 29.2822 220.188 6
      vertex 27.9749 220.245 6
    endloop
  endfacet
  facet normal -0.0435599 -0.999051 -0
    outer loop
      vertex 29.2822 220.188 6
      vertex 27.9749 220.245 -7.62939e-07
      vertex 29.2822 220.188 -7.62939e-07
    endloop
  endfacet
  facet normal -0.608935 -0.79322 0
    outer loop
      vertex 36.5785 217.533 -7.62939e-07
      vertex 37.6167 216.736 6
      vertex 36.5785 217.533 6
    endloop
  endfacet
  facet normal -0.608935 -0.79322 -0
    outer loop
      vertex 37.6167 216.736 6
      vertex 36.5785 217.533 -7.62939e-07
      vertex 37.6167 216.736 -7.62939e-07
    endloop
  endfacet
  facet normal -0.461615 -0.88708 0
    outer loop
      vertex 34.3142 218.84 -7.62939e-07
      vertex 35.4749 218.236 6
      vertex 34.3142 218.84 6
    endloop
  endfacet
  facet normal -0.461615 -0.88708 -0
    outer loop
      vertex 35.4749 218.236 6
      vertex 34.3142 218.84 -7.62939e-07
      vertex 35.4749 218.236 -7.62939e-07
    endloop
  endfacet
  facet normal -0.537261 -0.843416 0
    outer loop
      vertex 35.4749 218.236 -7.62939e-07
      vertex 36.5785 217.533 6
      vertex 35.4749 218.236 6
    endloop
  endfacet
  facet normal -0.537261 -0.843416 -0
    outer loop
      vertex 36.5785 217.533 6
      vertex 35.4749 218.236 -7.62939e-07
      vertex 36.5785 217.533 -7.62939e-07
    endloop
  endfacet
  facet normal 0.99144 -0.130561 0
    outer loop
      vertex 13.032 206.553 6
      vertex 13.2028 207.85 -7.62939e-07
      vertex 13.2028 207.85 6
    endloop
  endfacet
  facet normal 0.99144 -0.130561 0
    outer loop
      vertex 13.2028 207.85 -7.62939e-07
      vertex 13.032 206.553 6
      vertex 13.032 206.553 -7.62939e-07
    endloop
  endfacet
  facet normal 0.537227 -0.843438 0
    outer loop
      vertex 19.3712 217.533 -7.62939e-07
      vertex 20.4749 218.236 6
      vertex 19.3712 217.533 6
    endloop
  endfacet
  facet normal 0.537227 -0.843438 0
    outer loop
      vertex 20.4749 218.236 6
      vertex 19.3712 217.533 -7.62939e-07
      vertex 20.4749 218.236 -7.62939e-07
    endloop
  endfacet
  facet normal 0.675559 -0.737306 0
    outer loop
      vertex 17.3683 215.852 -7.62939e-07
      vertex 18.3331 216.736 6
      vertex 17.3683 215.852 6
    endloop
  endfacet
  facet normal 0.675559 -0.737306 0
    outer loop
      vertex 18.3331 216.736 6
      vertex 17.3683 215.852 -7.62939e-07
      vertex 18.3331 216.736 -7.62939e-07
    endloop
  endfacet
  facet normal 0.129931 -0.991523 0
    outer loop
      vertex 25.3702 220.018 -7.62939e-07
      vertex 26.6675 220.188 6
      vertex 25.3702 220.018 6
    endloop
  endfacet
  facet normal 0.129931 -0.991523 0
    outer loop
      vertex 26.6675 220.188 6
      vertex 25.3702 220.018 -7.62939e-07
      vertex 26.6675 220.188 -7.62939e-07
    endloop
  endfacet
  facet normal 0.300363 -0.953825 0
    outer loop
      vertex 22.8446 219.341 -7.62939e-07
      vertex 24.0926 219.734 6
      vertex 22.8446 219.341 6
    endloop
  endfacet
  facet normal 0.300363 -0.953825 0
    outer loop
      vertex 24.0926 219.734 6
      vertex 22.8446 219.341 -7.62939e-07
      vertex 24.0926 219.734 -7.62939e-07
    endloop
  endfacet
  facet normal 0.216995 -0.976173 0
    outer loop
      vertex 24.0926 219.734 -7.62939e-07
      vertex 25.3702 220.018 6
      vertex 24.0926 219.734 6
    endloop
  endfacet
  facet normal 0.216995 -0.976173 0
    outer loop
      vertex 25.3702 220.018 6
      vertex 24.0926 219.734 -7.62939e-07
      vertex 25.3702 220.018 -7.62939e-07
    endloop
  endfacet
  facet normal -0.129921 0.991524 0
    outer loop
      vertex 30.5796 190.473 -7.62939e-07
      vertex 29.2822 190.303 6
      vertex 30.5796 190.473 6
    endloop
  endfacet
  facet normal -0.129921 0.991524 0
    outer loop
      vertex 29.2822 190.303 6
      vertex 30.5796 190.473 -7.62939e-07
      vertex 29.2822 190.303 -7.62939e-07
    endloop
  endfacet
  facet normal -0.216995 0.976173 0
    outer loop
      vertex 31.8572 190.757 -7.62939e-07
      vertex 30.5796 190.473 6
      vertex 31.8572 190.757 6
    endloop
  endfacet
  facet normal -0.216995 0.976173 0
    outer loop
      vertex 30.5796 190.473 6
      vertex 31.8572 190.757 -7.62939e-07
      vertex 30.5796 190.473 -7.62939e-07
    endloop
  endfacet
  facet normal 0.0443193 0.999017 -0
    outer loop
      vertex 27.9749 190.245 -7.62939e-07
      vertex 26.6675 190.303 6
      vertex 27.9749 190.245 6
    endloop
  endfacet
  facet normal 0.0443193 0.999017 0
    outer loop
      vertex 26.6675 190.303 6
      vertex 27.9749 190.245 -7.62939e-07
      vertex 26.6675 190.303 -7.62939e-07
    endloop
  endfacet
  facet normal 0.608972 0.793192 -0
    outer loop
      vertex 19.3712 192.958 -7.62939e-07
      vertex 18.3331 193.755 6
      vertex 19.3712 192.958 6
    endloop
  endfacet
  facet normal 0.608972 0.793192 0
    outer loop
      vertex 18.3331 193.755 6
      vertex 19.3712 192.958 -7.62939e-07
      vertex 18.3331 193.755 -7.62939e-07
    endloop
  endfacet
  facet normal 0.300363 0.953825 -0
    outer loop
      vertex 24.0926 190.757 -7.62939e-07
      vertex 22.8446 191.15 6
      vertex 24.0926 190.757 6
    endloop
  endfacet
  facet normal 0.300363 0.953825 0
    outer loop
      vertex 22.8446 191.15 6
      vertex 24.0926 190.757 -7.62939e-07
      vertex 22.8446 191.15 -7.62939e-07
    endloop
  endfacet
  facet normal 0.129931 0.991523 -0
    outer loop
      vertex 26.6675 190.303 -7.62939e-07
      vertex 25.3702 190.473 6
      vertex 26.6675 190.303 6
    endloop
  endfacet
  facet normal 0.129931 0.991523 0
    outer loop
      vertex 25.3702 190.473 6
      vertex 26.6675 190.303 -7.62939e-07
      vertex 25.3702 190.473 -7.62939e-07
    endloop
  endfacet
  facet normal -0.0443227 0.999017 0
    outer loop
      vertex 29.2822 190.303 -7.62939e-07
      vertex 27.9749 190.245 6
      vertex 29.2822 190.303 6
    endloop
  endfacet
  facet normal -0.0443227 0.999017 0
    outer loop
      vertex 27.9749 190.245 6
      vertex 29.2822 190.303 -7.62939e-07
      vertex 27.9749 190.245 -7.62939e-07
    endloop
  endfacet
  facet normal 0.461615 0.88708 -0
    outer loop
      vertex 21.6356 191.651 -7.62939e-07
      vertex 20.4749 192.255 6
      vertex 21.6356 191.651 6
    endloop
  endfacet
  facet normal 0.461615 0.88708 0
    outer loop
      vertex 20.4749 192.255 6
      vertex 21.6356 191.651 -7.62939e-07
      vertex 20.4749 192.255 -7.62939e-07
    endloop
  endfacet
  facet normal 0.675559 0.737306 -0
    outer loop
      vertex 18.3331 193.755 -7.62939e-07
      vertex 17.3683 194.639 6
      vertex 18.3331 193.755 6
    endloop
  endfacet
  facet normal 0.675559 0.737306 0
    outer loop
      vertex 17.3683 194.639 6
      vertex 18.3331 193.755 -7.62939e-07
      vertex 17.3683 194.639 -7.62939e-07
    endloop
  endfacet
  facet normal 0.887067 0.461641 0
    outer loop
      vertex 14.9845 197.745 6
      vertex 14.3803 198.906 -7.62939e-07
      vertex 14.3803 198.906 6
    endloop
  endfacet
  facet normal 0.887067 0.461641 0
    outer loop
      vertex 14.3803 198.906 -7.62939e-07
      vertex 14.9845 197.745 6
      vertex 14.9845 197.745 -7.62939e-07
    endloop
  endfacet
  facet normal 0.953715 0.300711 0
    outer loop
      vertex 13.8795 200.115 6
      vertex 13.486 201.363 -7.62939e-07
      vertex 13.486 201.363 6
    endloop
  endfacet
  facet normal 0.953715 0.300711 0
    outer loop
      vertex 13.486 201.363 -7.62939e-07
      vertex 13.8795 200.115 6
      vertex 13.8795 200.115 -7.62939e-07
    endloop
  endfacet
  facet normal 0.99144 0.130561 0
    outer loop
      vertex 13.2028 202.641 6
      vertex 13.032 203.938 -7.62939e-07
      vertex 13.032 203.938 6
    endloop
  endfacet
  facet normal 0.99144 0.130561 0
    outer loop
      vertex 13.032 203.938 -7.62939e-07
      vertex 13.2028 202.641 6
      vertex 13.2028 202.641 -7.62939e-07
    endloop
  endfacet
  facet normal 0.923875 0.382694 0
    outer loop
      vertex 14.3803 198.906 6
      vertex 13.8795 200.115 -7.62939e-07
      vertex 13.8795 200.115 6
    endloop
  endfacet
  facet normal 0.923875 0.382694 0
    outer loop
      vertex 13.8795 200.115 -7.62939e-07
      vertex 14.3803 198.906 6
      vertex 14.3803 198.906 -7.62939e-07
    endloop
  endfacet
  facet normal -0.99145 -0.130484 0
    outer loop
      vertex 42.9073 206.632 -7.62939e-07
      vertex 42.747 207.85 6
      vertex 42.747 207.85 -7.62939e-07
    endloop
  endfacet
  facet normal -0.99145 -0.130484 0
    outer loop
      vertex 42.747 207.85 6
      vertex 42.9073 206.632 -7.62939e-07
      vertex 42.9073 206.632 6
    endloop
  endfacet
  facet normal -0.886904 -0.461954 0
    outer loop
      vertex 41.5695 211.585 -7.62939e-07
      vertex 40.9653 212.745 6
      vertex 40.9653 212.745 -7.62939e-07
    endloop
  endfacet
  facet normal -0.886904 -0.461954 0
    outer loop
      vertex 40.9653 212.745 6
      vertex 41.5695 211.585 -7.62939e-07
      vertex 41.5695 211.585 6
    endloop
  endfacet
  facet normal -0.300363 -0.953825 0
    outer loop
      vertex 31.8572 219.734 -7.62939e-07
      vertex 33.1052 219.341 6
      vertex 31.8572 219.734 6
    endloop
  endfacet
  facet normal -0.300363 -0.953825 -0
    outer loop
      vertex 33.1052 219.341 6
      vertex 31.8572 219.734 -7.62939e-07
      vertex 33.1052 219.341 -7.62939e-07
    endloop
  endfacet
  facet normal 0.793311 -0.608817 0
    outer loop
      vertex 15.6876 213.849 6
      vertex 16.4842 214.887 -7.62939e-07
      vertex 16.4842 214.887 6
    endloop
  endfacet
  facet normal 0.793311 -0.608817 0
    outer loop
      vertex 16.4842 214.887 -7.62939e-07
      vertex 15.6876 213.849 6
      vertex 15.6876 213.849 -7.62939e-07
    endloop
  endfacet
  facet normal 0.953715 -0.300711 0
    outer loop
      vertex 13.486 209.128 6
      vertex 13.8795 210.376 -7.62939e-07
      vertex 13.8795 210.376 6
    endloop
  endfacet
  facet normal 0.953715 -0.300711 0
    outer loop
      vertex 13.8795 210.376 -7.62939e-07
      vertex 13.486 209.128 6
      vertex 13.486 209.128 -7.62939e-07
    endloop
  endfacet
  facet normal 0.999049 -0.0436129 0
    outer loop
      vertex 12.9749 205.245 6
      vertex 13.032 206.553 -7.62939e-07
      vertex 13.032 206.553 6
    endloop
  endfacet
  facet normal 0.999049 -0.0436129 0
    outer loop
      vertex 13.032 206.553 -7.62939e-07
      vertex 12.9749 205.245 6
      vertex 12.9749 205.245 -7.62939e-07
    endloop
  endfacet
  facet normal 0.976316 -0.216348 0
    outer loop
      vertex 13.2028 207.85 6
      vertex 13.486 209.128 -7.62939e-07
      vertex 13.486 209.128 6
    endloop
  endfacet
  facet normal 0.976316 -0.216348 0
    outer loop
      vertex 13.486 209.128 -7.62939e-07
      vertex 13.2028 207.85 6
      vertex 13.2028 207.85 -7.62939e-07
    endloop
  endfacet
  facet normal 0.461615 -0.88708 0
    outer loop
      vertex 20.4749 218.236 -7.62939e-07
      vertex 21.6356 218.84 6
      vertex 20.4749 218.236 6
    endloop
  endfacet
  facet normal 0.461615 -0.88708 0
    outer loop
      vertex 21.6356 218.84 6
      vertex 20.4749 218.236 -7.62939e-07
      vertex 21.6356 218.84 -7.62939e-07
    endloop
  endfacet
  facet normal 0.608972 -0.793192 0
    outer loop
      vertex 18.3331 216.736 -7.62939e-07
      vertex 19.3712 217.533 6
      vertex 18.3331 216.736 6
    endloop
  endfacet
  facet normal 0.608972 -0.793192 0
    outer loop
      vertex 19.3712 217.533 6
      vertex 18.3331 216.736 -7.62939e-07
      vertex 19.3712 217.533 -7.62939e-07
    endloop
  endfacet
  facet normal 0.537227 0.843438 -0
    outer loop
      vertex 20.4749 192.255 -7.62939e-07
      vertex 19.3712 192.958 6
      vertex 20.4749 192.255 6
    endloop
  endfacet
  facet normal 0.537227 0.843438 0
    outer loop
      vertex 19.3712 192.958 6
      vertex 20.4749 192.255 -7.62939e-07
      vertex 19.3712 192.958 -7.62939e-07
    endloop
  endfacet
  facet normal 0.793311 0.608817 0
    outer loop
      vertex 16.4842 195.604 6
      vertex 15.6876 196.642 -7.62939e-07
      vertex 15.6876 196.642 6
    endloop
  endfacet
  facet normal 0.793311 0.608817 0
    outer loop
      vertex 15.6876 196.642 -7.62939e-07
      vertex 16.4842 195.604 6
      vertex 16.4842 195.604 -7.62939e-07
    endloop
  endfacet
  facet normal 0.737338 0.675524 0
    outer loop
      vertex 17.3683 194.639 6
      vertex 16.4842 195.604 -7.62939e-07
      vertex 16.4842 195.604 6
    endloop
  endfacet
  facet normal 0.737338 0.675524 0
    outer loop
      vertex 16.4842 195.604 -7.62939e-07
      vertex 17.3683 194.639 6
      vertex 17.3683 194.639 -7.62939e-07
    endloop
  endfacet
  facet normal -0.976316 -0.216348 0
    outer loop
      vertex 42.747 207.85 -7.62939e-07
      vertex 42.4638 209.128 6
      vertex 42.4638 209.128 -7.62939e-07
    endloop
  endfacet
  facet normal -0.976316 -0.216348 0
    outer loop
      vertex 42.4638 209.128 6
      vertex 42.747 207.85 -7.62939e-07
      vertex 42.747 207.85 6
    endloop
  endfacet
  facet normal 0.923875 -0.382694 0
    outer loop
      vertex 13.8795 210.376 6
      vertex 14.3803 211.585 -7.62939e-07
      vertex 14.3803 211.585 6
    endloop
  endfacet
  facet normal 0.923875 -0.382694 0
    outer loop
      vertex 14.3803 211.585 -7.62939e-07
      vertex 13.8795 210.376 6
      vertex 13.8795 210.376 -7.62939e-07
    endloop
  endfacet
  facet normal 0 0 -1
    outer loop
      vertex 39.5187 186 7
      vertex 45.1491 186 7
      vertex 43.3885 183.39 7
    endloop
  endfacet
  facet normal -0.559151 -0.829066 0
    outer loop
      vertex 42.9073 206.632 -7.62939e-07
      vertex 48.8293 202.638 6
      vertex 42.9073 206.632 6
    endloop
  endfacet
  facet normal -0.559151 -0.829066 -0
    outer loop
      vertex 48.8293 202.638 6
      vertex 42.9073 206.632 -7.62939e-07
      vertex 48.8293 202.638 -7.62939e-07
    endloop
  endfacet
  facet normal 0.559162 0.829059 0
    outer loop
      vertex 43.3885 183.39 7
      vertex 39.5187 186 6
      vertex 39.5187 186 7
    endloop
  endfacet
  facet normal 0.559162 0.829059 -0
    outer loop
      vertex 43.3885 183.39 -7.62939e-07
      vertex 39.5187 186 6
      vertex 43.3885 183.39 7
    endloop
  endfacet
  facet normal 0.559205 0.82903 4.05395e-05
    outer loop
      vertex 32.2726 190.888 -7.62939e-07
      vertex 39.5187 186 6
      vertex 43.3885 183.39 -7.62939e-07
    endloop
  endfacet
  facet normal 0.559228 0.829014 0
    outer loop
      vertex 39.5187 186 6
      vertex 32.2726 190.888 -7.62939e-07
      vertex 32.2726 190.888 6
    endloop
  endfacet
  facet normal -0.829053 0.55917 0
    outer loop
      vertex 47.7485 189.854 -7.62939e-07
      vertex 45.1491 186 6
      vertex 47.7485 189.854 6
    endloop
  endfacet
  facet normal -0.829039 0.559191 1.96315e-05
    outer loop
      vertex 43.3885 183.39 -7.62939e-07
      vertex 45.1491 186 6
      vertex 47.7485 189.854 -7.62939e-07
    endloop
  endfacet
  facet normal -0.829018 0.559222 0
    outer loop
      vertex 43.3885 183.39 7
      vertex 45.1491 186 6
      vertex 43.3885 183.39 -7.62939e-07
    endloop
  endfacet
  facet normal -0.829018 0.559222 0
    outer loop
      vertex 45.1491 186 6
      vertex 43.3885 183.39 7
      vertex 45.1491 186 7
    endloop
  endfacet
endsolid OpenSCAD_Model
