solid OpenSCAD_Model
  facet normal -0.970083 -0.242775 0
    outer loop
      vertex -32.8278 -20.1611 0
      vertex -32.9231 -19.7803 30
      vertex -32.9231 -19.7803 0
    endloop
  endfacet
  facet normal -0.970083 -0.242775 0
    outer loop
      vertex -32.9231 -19.7803 30
      vertex -32.8278 -20.1611 0
      vertex -32.8278 -20.1611 30
    endloop
  endfacet
  facet normal 0.904044 0.42744 0
    outer loop
      vertex 32.6955 20.5307 30
      vertex 32.5277 20.8856 0
      vertex 32.5277 20.8856 30
    endloop
  endfacet
  facet normal 0.904044 0.42744 0
    outer loop
      vertex 32.5277 20.8856 0
      vertex 32.6955 20.5307 30
      vertex 32.6955 20.5307 0
    endloop
  endfacet
  facet normal 1 0 0
    outer loop
      vertex 33 19 30
      vertex 33 15.25 16
      vertex 33 19 0
    endloop
  endfacet
  facet normal 1 0 0
    outer loop
      vertex 33 19 30
      vertex 33 15.2295 16.4166
      vertex 33 15.25 16
    endloop
  endfacet
  facet normal 1 0 0
    outer loop
      vertex 33 19 30
      vertex 33 15.1683 16.8291
      vertex 33 15.2295 16.4166
    endloop
  endfacet
  facet normal 1 0 0
    outer loop
      vertex 33 19 30
      vertex 33 15.067 17.2337
      vertex 33 15.1683 16.8291
    endloop
  endfacet
  facet normal 1 0 0
    outer loop
      vertex 33 19 30
      vertex 33 14.9265 17.6264
      vertex 33 15.067 17.2337
    endloop
  endfacet
  facet normal 1 0 0
    outer loop
      vertex 33 19 30
      vertex 33 14.7482 18.0034
      vertex 33 14.9265 17.6264
    endloop
  endfacet
  facet normal 1 0 0
    outer loop
      vertex 33 19 30
      vertex 33 14.5337 18.3612
      vertex 33 14.7482 18.0034
    endloop
  endfacet
  facet normal 1 0 0
    outer loop
      vertex 33 19 30
      vertex 33 14.2853 18.6962
      vertex 33 14.5337 18.3612
    endloop
  endfacet
  facet normal 1 0 0
    outer loop
      vertex 33 19 30
      vertex 33 14.0052 19.0052
      vertex 33 14.2853 18.6962
    endloop
  endfacet
  facet normal 1 0 0
    outer loop
      vertex 33 19 30
      vertex 33 13.6962 19.2853
      vertex 33 14.0052 19.0052
    endloop
  endfacet
  facet normal 1 0 0
    outer loop
      vertex 33 19 30
      vertex 33 13.3612 19.5337
      vertex 33 13.6962 19.2853
    endloop
  endfacet
  facet normal 1 0 0
    outer loop
      vertex 33 19 30
      vertex 33 13.0034 19.7482
      vertex 33 13.3612 19.5337
    endloop
  endfacet
  facet normal 1 0 0
    outer loop
      vertex 33 19 30
      vertex 33 12.6264 19.9265
      vertex 33 13.0034 19.7482
    endloop
  endfacet
  facet normal 1 0 0
    outer loop
      vertex 33 19 30
      vertex 33 12.2337 20.067
      vertex 33 12.6264 19.9265
    endloop
  endfacet
  facet normal 1 0 0
    outer loop
      vertex 33 19 30
      vertex 33 11.8291 20.1683
      vertex 33 12.2337 20.067
    endloop
  endfacet
  facet normal 1 0 0
    outer loop
      vertex 33 19 30
      vertex 33 11.4166 20.2295
      vertex 33 11.8291 20.1683
    endloop
  endfacet
  facet normal 1 0 0
    outer loop
      vertex 33 19 30
      vertex 33 11 20.25
      vertex 33 11.4166 20.2295
    endloop
  endfacet
  facet normal 1 0 0
    outer loop
      vertex 33 19 30
      vertex 33 10.5834 20.2295
      vertex 33 11 20.25
    endloop
  endfacet
  facet normal 1 0 0
    outer loop
      vertex 33 19 30
      vertex 33 10.1709 20.1683
      vertex 33 10.5834 20.2295
    endloop
  endfacet
  facet normal 1 0 0
    outer loop
      vertex 33 19 30
      vertex 33 9.76629 20.067
      vertex 33 10.1709 20.1683
    endloop
  endfacet
  facet normal 1 -0 0
    outer loop
      vertex 33 -7 25
      vertex 33 9.76629 20.067
      vertex 33 19 30
    endloop
  endfacet
  facet normal 1 0 0
    outer loop
      vertex 33 9.76629 20.067
      vertex 33 -7 25
      vertex 33 9.3736 19.9265
    endloop
  endfacet
  facet normal 1 0 0
    outer loop
      vertex 33 9.3736 19.9265
      vertex 33 -7 25
      vertex 33 8.99656 19.7482
    endloop
  endfacet
  facet normal 1 0 0
    outer loop
      vertex 33 8.99656 19.7482
      vertex 33 -7 25
      vertex 33 8.63883 19.5337
    endloop
  endfacet
  facet normal 1 0 0
    outer loop
      vertex 33 8.63883 19.5337
      vertex 33 -7 25
      vertex 33 8.30383 19.2853
    endloop
  endfacet
  facet normal 1 0 0
    outer loop
      vertex 33 6.77046 16.4166
      vertex 33 -7 25
      vertex 33 6.75 16
    endloop
  endfacet
  facet normal 1 0 0
    outer loop
      vertex 33 6.83166 16.8291
      vertex 33 -7 25
      vertex 33 6.77046 16.4166
    endloop
  endfacet
  facet normal 1 0 0
    outer loop
      vertex 33 6.933 17.2337
      vertex 33 -7 25
      vertex 33 6.83166 16.8291
    endloop
  endfacet
  facet normal 1 0 0
    outer loop
      vertex 33 7.07351 17.6264
      vertex 33 -7 25
      vertex 33 6.933 17.2337
    endloop
  endfacet
  facet normal 1 0 0
    outer loop
      vertex 33 7.25183 18.0034
      vertex 33 -7 25
      vertex 33 7.07351 17.6264
    endloop
  endfacet
  facet normal 1 0 0
    outer loop
      vertex 33 7.46625 18.3612
      vertex 33 -7 25
      vertex 33 7.25183 18.0034
    endloop
  endfacet
  facet normal 1 0 0
    outer loop
      vertex 33 7.71471 18.6962
      vertex 33 -7 25
      vertex 33 7.46625 18.3612
    endloop
  endfacet
  facet normal 1 0 0
    outer loop
      vertex 33 7.9948 19.0052
      vertex 33 -7 25
      vertex 33 7.71471 18.6962
    endloop
  endfacet
  facet normal 1 0 0
    outer loop
      vertex 33 8.30383 19.2853
      vertex 33 -7 25
      vertex 33 7.9948 19.0052
    endloop
  endfacet
  facet normal 1 -0 0
    outer loop
      vertex 33 -19 30
      vertex 33 -7 25
      vertex 33 19 30
    endloop
  endfacet
  facet normal 1 0 0
    outer loop
      vertex 33 -17 25
      vertex 33 -19 30
      vertex 33 -17 7
    endloop
  endfacet
  facet normal 1 0 0
    outer loop
      vertex 33 -7 25
      vertex 33 -19 30
      vertex 33 -17 25
    endloop
  endfacet
  facet normal 1 -0 0
    outer loop
      vertex 33 15.2295 15.5834
      vertex 33 19 0
      vertex 33 15.25 16
    endloop
  endfacet
  facet normal 1 -0 0
    outer loop
      vertex 33 15.1683 15.1709
      vertex 33 19 0
      vertex 33 15.2295 15.5834
    endloop
  endfacet
  facet normal 1 -0 0
    outer loop
      vertex 33 15.067 14.7663
      vertex 33 19 0
      vertex 33 15.1683 15.1709
    endloop
  endfacet
  facet normal 1 -0 0
    outer loop
      vertex 33 14.9265 14.3736
      vertex 33 19 0
      vertex 33 15.067 14.7663
    endloop
  endfacet
  facet normal 1 -0 0
    outer loop
      vertex 33 14.7482 13.9966
      vertex 33 19 0
      vertex 33 14.9265 14.3736
    endloop
  endfacet
  facet normal 1 -0 0
    outer loop
      vertex 33 14.5337 13.6388
      vertex 33 19 0
      vertex 33 14.7482 13.9966
    endloop
  endfacet
  facet normal 1 -0 0
    outer loop
      vertex 33 14.2853 13.3038
      vertex 33 19 0
      vertex 33 14.5337 13.6388
    endloop
  endfacet
  facet normal 1 -0 0
    outer loop
      vertex 33 14.0052 12.9948
      vertex 33 19 0
      vertex 33 14.2853 13.3038
    endloop
  endfacet
  facet normal 1 -0 0
    outer loop
      vertex 33 13.6962 12.7147
      vertex 33 19 0
      vertex 33 14.0052 12.9948
    endloop
  endfacet
  facet normal 1 -0 0
    outer loop
      vertex 33 13.3612 12.4663
      vertex 33 19 0
      vertex 33 13.6962 12.7147
    endloop
  endfacet
  facet normal 1 -0 0
    outer loop
      vertex 33 13.0034 12.2518
      vertex 33 19 0
      vertex 33 13.3612 12.4663
    endloop
  endfacet
  facet normal 1 -0 0
    outer loop
      vertex 33 12.6264 12.0735
      vertex 33 19 0
      vertex 33 13.0034 12.2518
    endloop
  endfacet
  facet normal 1 -0 0
    outer loop
      vertex 33 12.2337 11.933
      vertex 33 19 0
      vertex 33 12.6264 12.0735
    endloop
  endfacet
  facet normal 1 -0 0
    outer loop
      vertex 33 11.8291 11.8317
      vertex 33 19 0
      vertex 33 12.2337 11.933
    endloop
  endfacet
  facet normal 1 -0 0
    outer loop
      vertex 33 11.4166 11.7705
      vertex 33 19 0
      vertex 33 11.8291 11.8317
    endloop
  endfacet
  facet normal 1 -0 0
    outer loop
      vertex 33 11 11.75
      vertex 33 19 0
      vertex 33 11.4166 11.7705
    endloop
  endfacet
  facet normal 1 0 0
    outer loop
      vertex 33 10.5834 11.7705
      vertex 33 19 0
      vertex 33 11 11.75
    endloop
  endfacet
  facet normal 1 0 0
    outer loop
      vertex 33 10.1709 11.8317
      vertex 33 19 0
      vertex 33 10.5834 11.7705
    endloop
  endfacet
  facet normal 1 0 0
    outer loop
      vertex 33 9.76629 11.933
      vertex 33 19 0
      vertex 33 10.1709 11.8317
    endloop
  endfacet
  facet normal 1 0 0
    outer loop
      vertex 33 9.3736 12.0735
      vertex 33 19 0
      vertex 33 9.76629 11.933
    endloop
  endfacet
  facet normal 1 0 0
    outer loop
      vertex 33 -7 7
      vertex 33 9.3736 12.0735
      vertex 33 8.99656 12.2518
    endloop
  endfacet
  facet normal 1 0 0
    outer loop
      vertex 33 -7 7
      vertex 33 8.99656 12.2518
      vertex 33 8.63883 12.4663
    endloop
  endfacet
  facet normal 1 0 0
    outer loop
      vertex 33 -7 7
      vertex 33 8.63883 12.4663
      vertex 33 8.30383 12.7147
    endloop
  endfacet
  facet normal 1 0 0
    outer loop
      vertex 33 -7 7
      vertex 33 8.30383 12.7147
      vertex 33 7.9948 12.9948
    endloop
  endfacet
  facet normal 1 0 0
    outer loop
      vertex 33 -7 7
      vertex 33 7.9948 12.9948
      vertex 33 7.71471 13.3038
    endloop
  endfacet
  facet normal 1 0 0
    outer loop
      vertex 33 -7 7
      vertex 33 6.75 16
      vertex 33 -7 25
    endloop
  endfacet
  facet normal 1 0 0
    outer loop
      vertex 33 6.75 16
      vertex 33 -7 7
      vertex 33 6.77046 15.5834
    endloop
  endfacet
  facet normal 1 0 0
    outer loop
      vertex 33 6.77046 15.5834
      vertex 33 -7 7
      vertex 33 6.83166 15.1709
    endloop
  endfacet
  facet normal 1 0 0
    outer loop
      vertex 33 6.83166 15.1709
      vertex 33 -7 7
      vertex 33 6.933 14.7663
    endloop
  endfacet
  facet normal 1 0 0
    outer loop
      vertex 33 6.933 14.7663
      vertex 33 -7 7
      vertex 33 7.07351 14.3736
    endloop
  endfacet
  facet normal 1 0 0
    outer loop
      vertex 33 7.07351 14.3736
      vertex 33 -7 7
      vertex 33 7.25183 13.9966
    endloop
  endfacet
  facet normal 1 0 0
    outer loop
      vertex 33 7.25183 13.9966
      vertex 33 -7 7
      vertex 33 7.46625 13.6388
    endloop
  endfacet
  facet normal 1 0 0
    outer loop
      vertex 33 7.46625 13.6388
      vertex 33 -7 7
      vertex 33 7.71471 13.3038
    endloop
  endfacet
  facet normal 1 0 0
    outer loop
      vertex 33 9.3736 12.0735
      vertex 33 -7 7
      vertex 33 19 0
    endloop
  endfacet
  facet normal 1 0 0
    outer loop
      vertex 33 -19 0
      vertex 33 -7 7
      vertex 33 -17 7
    endloop
  endfacet
  facet normal 1 0 0
    outer loop
      vertex 33 -7 7
      vertex 33 -19 0
      vertex 33 19 0
    endloop
  endfacet
  facet normal 1 0 0
    outer loop
      vertex 33 -19 0
      vertex 33 -17 7
      vertex 33 -19 30
    endloop
  endfacet
  facet normal -0.970083 0.242775 0
    outer loop
      vertex -32.9231 19.7803 0
      vertex -32.8278 20.1611 30
      vertex -32.8278 20.1611 0
    endloop
  endfacet
  facet normal -0.970083 0.242775 0
    outer loop
      vertex -32.8278 20.1611 30
      vertex -32.9231 19.7803 0
      vertex -32.9231 19.7803 30
    endloop
  endfacet
  facet normal 0.989171 -0.14677 0
    outer loop
      vertex 32.9231 -19.7803 30
      vertex 32.9807 -19.3921 0
      vertex 32.9807 -19.3921 30
    endloop
  endfacet
  facet normal 0.989171 -0.14677 0
    outer loop
      vertex 32.9807 -19.3921 0
      vertex 32.9231 -19.7803 30
      vertex 32.9231 -19.7803 0
    endloop
  endfacet
  facet normal -0.904044 -0.42744 0
    outer loop
      vertex -32.5277 -20.8856 0
      vertex -32.6955 -20.5307 30
      vertex -32.6955 -20.5307 0
    endloop
  endfacet
  facet normal -0.904044 -0.42744 0
    outer loop
      vertex -32.6955 -20.5307 30
      vertex -32.5277 -20.8856 0
      vertex -32.5277 -20.8856 30
    endloop
  endfacet
  facet normal -0.9415 -0.337014 0
    outer loop
      vertex -32.6955 -20.5307 0
      vertex -32.8278 -20.1611 30
      vertex -32.8278 -20.1611 0
    endloop
  endfacet
  facet normal -0.9415 -0.337014 0
    outer loop
      vertex -32.8278 -20.1611 30
      vertex -32.6955 -20.5307 0
      vertex -32.6955 -20.5307 30
    endloop
  endfacet
  facet normal 0 1 -0
    outer loop
      vertex 29 23 0
      vertex -29 23 30
      vertex 29 23 30
    endloop
  endfacet
  facet normal 0 1 0
    outer loop
      vertex -29 23 30
      vertex 29 23 0
      vertex -29 23 0
    endloop
  endfacet
  facet normal 0.989171 0.14677 0
    outer loop
      vertex 32.9807 19.3921 30
      vertex 32.9231 19.7803 0
      vertex 32.9231 19.7803 30
    endloop
  endfacet
  facet normal 0.989171 0.14677 0
    outer loop
      vertex 32.9231 19.7803 0
      vertex 32.9807 19.3921 30
      vertex 32.9807 19.3921 0
    endloop
  endfacet
  facet normal 0.595794 -0.803137 0
    outer loop
      vertex 31.2223 -22.3259 0
      vertex 31.5376 -22.092 30
      vertex 31.2223 -22.3259 30
    endloop
  endfacet
  facet normal 0.595794 -0.803137 0
    outer loop
      vertex 31.5376 -22.092 30
      vertex 31.2223 -22.3259 0
      vertex 31.5376 -22.092 0
    endloop
  endfacet
  facet normal -0.9415 0.337014 0
    outer loop
      vertex -32.8278 20.1611 0
      vertex -32.6955 20.5307 30
      vertex -32.6955 20.5307 0
    endloop
  endfacet
  facet normal -0.9415 0.337014 0
    outer loop
      vertex -32.6955 20.5307 30
      vertex -32.8278 20.1611 0
      vertex -32.8278 20.1611 30
    endloop
  endfacet
  facet normal -0.989171 -0.14677 0
    outer loop
      vertex -32.9231 -19.7803 0
      vertex -32.9807 -19.3921 30
      vertex -32.9807 -19.3921 0
    endloop
  endfacet
  facet normal -0.989171 -0.14677 0
    outer loop
      vertex -32.9807 -19.3921 30
      vertex -32.9231 -19.7803 0
      vertex -32.9231 -19.7803 30
    endloop
  endfacet
  facet normal -0.595794 0.803137 0
    outer loop
      vertex -31.2223 22.3259 0
      vertex -31.5376 22.092 30
      vertex -31.2223 22.3259 30
    endloop
  endfacet
  facet normal -0.595794 0.803137 0
    outer loop
      vertex -31.5376 22.092 30
      vertex -31.2223 22.3259 0
      vertex -31.5376 22.092 0
    endloop
  endfacet
  facet normal -0.989171 0.14677 0
    outer loop
      vertex -32.9807 19.3921 0
      vertex -32.9231 19.7803 30
      vertex -32.9231 19.7803 0
    endloop
  endfacet
  facet normal -0.989171 0.14677 0
    outer loop
      vertex -32.9231 19.7803 30
      vertex -32.9807 19.3921 0
      vertex -32.9807 19.3921 30
    endloop
  endfacet
  facet normal -0.337014 0.9415 0
    outer loop
      vertex -30.1611 22.8278 0
      vertex -30.5307 22.6955 30
      vertex -30.1611 22.8278 30
    endloop
  endfacet
  facet normal -0.337014 0.9415 0
    outer loop
      vertex -30.5307 22.6955 30
      vertex -30.1611 22.8278 0
      vertex -30.5307 22.6955 0
    endloop
  endfacet
  facet normal -0.803137 0.595794 0
    outer loop
      vertex -32.3259 21.2223 0
      vertex -32.092 21.5376 30
      vertex -32.092 21.5376 0
    endloop
  endfacet
  facet normal -0.803137 0.595794 0
    outer loop
      vertex -32.092 21.5376 30
      vertex -32.3259 21.2223 0
      vertex -32.3259 21.2223 30
    endloop
  endfacet
  facet normal 0.337014 -0.9415 0
    outer loop
      vertex 30.1611 -22.8278 0
      vertex 30.5307 -22.6955 30
      vertex 30.1611 -22.8278 30
    endloop
  endfacet
  facet normal 0.337014 -0.9415 0
    outer loop
      vertex 30.5307 -22.6955 30
      vertex 30.1611 -22.8278 0
      vertex 30.5307 -22.6955 0
    endloop
  endfacet
  facet normal -0.998791 -0.0491626 0
    outer loop
      vertex -32.9807 -19.3921 0
      vertex -33 -19 30
      vertex -33 -19 0
    endloop
  endfacet
  facet normal -0.998791 -0.0491626 0
    outer loop
      vertex -33 -19 30
      vertex -32.9807 -19.3921 0
      vertex -32.9807 -19.3921 30
    endloop
  endfacet
  facet normal -1 0 0
    outer loop
      vertex -33 19 0
      vertex -33 -2.5 12
      vertex -33 19 30
    endloop
  endfacet
  facet normal -1 0 0
    outer loop
      vertex -33 -19 0
      vertex -33 -2.5 12
      vertex -33 19 0
    endloop
  endfacet
  facet normal -1 0 0
    outer loop
      vertex -33 -19 30
      vertex -33 -17.5 12
      vertex -33 -19 0
    endloop
  endfacet
  facet normal -1 -0 0
    outer loop
      vertex -33 -2.5 12
      vertex -33 -19 0
      vertex -33 -17.5 12
    endloop
  endfacet
  facet normal -1 0 0
    outer loop
      vertex -33 -2.5 22
      vertex -33 19 30
      vertex -33 -2.5 12
    endloop
  endfacet
  facet normal -1 0 0
    outer loop
      vertex -33 -19 30
      vertex -33 -2.5 22
      vertex -33 -17.5 22
    endloop
  endfacet
  facet normal -1 0 0
    outer loop
      vertex -33 -2.5 22
      vertex -33 -19 30
      vertex -33 19 30
    endloop
  endfacet
  facet normal -1 0 0
    outer loop
      vertex -33 -17.5 12
      vertex -33 -19 30
      vertex -33 -17.5 22
    endloop
  endfacet
  facet normal 0.671607 -0.740908 0
    outer loop
      vertex 31.5376 -22.092 0
      vertex 31.8284 -21.8284 30
      vertex 31.5376 -22.092 30
    endloop
  endfacet
  facet normal 0.671607 -0.740908 0
    outer loop
      vertex 31.8284 -21.8284 30
      vertex 31.5376 -22.092 0
      vertex 31.8284 -21.8284 0
    endloop
  endfacet
  facet normal -0.740908 -0.671607 0
    outer loop
      vertex -31.8284 -21.8284 0
      vertex -32.092 -21.5376 30
      vertex -32.092 -21.5376 0
    endloop
  endfacet
  facet normal -0.740908 -0.671607 0
    outer loop
      vertex -32.092 -21.5376 30
      vertex -31.8284 -21.8284 0
      vertex -31.8284 -21.8284 30
    endloop
  endfacet
  facet normal 0.9415 0.337014 0
    outer loop
      vertex 32.8278 20.1611 30
      vertex 32.6955 20.5307 0
      vertex 32.6955 20.5307 30
    endloop
  endfacet
  facet normal 0.9415 0.337014 0
    outer loop
      vertex 32.6955 20.5307 0
      vertex 32.8278 20.1611 30
      vertex 32.8278 20.1611 0
    endloop
  endfacet
  facet normal -0.514084 -0.85774 0
    outer loop
      vertex -31.2223 -22.3259 0
      vertex -30.8856 -22.5277 30
      vertex -31.2223 -22.3259 30
    endloop
  endfacet
  facet normal -0.514084 -0.85774 -0
    outer loop
      vertex -30.8856 -22.5277 30
      vertex -31.2223 -22.3259 0
      vertex -30.8856 -22.5277 0
    endloop
  endfacet
  facet normal 0.740908 -0.671607 0
    outer loop
      vertex 31.8284 -21.8284 30
      vertex 32.092 -21.5376 0
      vertex 32.092 -21.5376 30
    endloop
  endfacet
  facet normal 0.740908 -0.671607 0
    outer loop
      vertex 32.092 -21.5376 0
      vertex 31.8284 -21.8284 30
      vertex 31.8284 -21.8284 0
    endloop
  endfacet
  facet normal 0.337014 0.9415 -0
    outer loop
      vertex 30.5307 22.6955 0
      vertex 30.1611 22.8278 30
      vertex 30.5307 22.6955 30
    endloop
  endfacet
  facet normal 0.337014 0.9415 0
    outer loop
      vertex 30.1611 22.8278 30
      vertex 30.5307 22.6955 0
      vertex 30.1611 22.8278 0
    endloop
  endfacet
  facet normal -0.85774 -0.514084 0
    outer loop
      vertex -32.3259 -21.2223 0
      vertex -32.5277 -20.8856 30
      vertex -32.5277 -20.8856 0
    endloop
  endfacet
  facet normal -0.85774 -0.514084 0
    outer loop
      vertex -32.5277 -20.8856 30
      vertex -32.3259 -21.2223 0
      vertex -32.3259 -21.2223 30
    endloop
  endfacet
  facet normal -0.337014 -0.9415 0
    outer loop
      vertex -30.5307 -22.6955 0
      vertex -30.1611 -22.8278 30
      vertex -30.5307 -22.6955 30
    endloop
  endfacet
  facet normal -0.337014 -0.9415 -0
    outer loop
      vertex -30.1611 -22.8278 30
      vertex -30.5307 -22.6955 0
      vertex -30.1611 -22.8278 0
    endloop
  endfacet
  facet normal 0.998791 0.0491626 0
    outer loop
      vertex 33 19 30
      vertex 32.9807 19.3921 0
      vertex 32.9807 19.3921 30
    endloop
  endfacet
  facet normal 0.998791 0.0491626 0
    outer loop
      vertex 32.9807 19.3921 0
      vertex 33 19 30
      vertex 33 19 0
    endloop
  endfacet
  facet normal 0.0491626 0.998791 -0
    outer loop
      vertex 29.3921 22.9807 0
      vertex 29 23 30
      vertex 29.3921 22.9807 30
    endloop
  endfacet
  facet normal 0.0491626 0.998791 0
    outer loop
      vertex 29 23 30
      vertex 29.3921 22.9807 0
      vertex 29 23 0
    endloop
  endfacet
  facet normal -0.0491626 0.998791 0
    outer loop
      vertex -29 23 0
      vertex -29.3921 22.9807 30
      vertex -29 23 30
    endloop
  endfacet
  facet normal -0.0491626 0.998791 0
    outer loop
      vertex -29.3921 22.9807 30
      vertex -29 23 0
      vertex -29.3921 22.9807 0
    endloop
  endfacet
  facet normal -0.14677 -0.989171 0
    outer loop
      vertex -29.7803 -22.9231 0
      vertex -29.3921 -22.9807 30
      vertex -29.7803 -22.9231 30
    endloop
  endfacet
  facet normal -0.14677 -0.989171 -0
    outer loop
      vertex -29.3921 -22.9807 30
      vertex -29.7803 -22.9231 0
      vertex -29.3921 -22.9807 0
    endloop
  endfacet
  facet normal 0.14677 0.989171 -0
    outer loop
      vertex 29.7803 22.9231 0
      vertex 29.3921 22.9807 30
      vertex 29.7803 22.9231 30
    endloop
  endfacet
  facet normal 0.14677 0.989171 0
    outer loop
      vertex 29.3921 22.9807 30
      vertex 29.7803 22.9231 0
      vertex 29.3921 22.9807 0
    endloop
  endfacet
  facet normal -0.998791 0.0491626 0
    outer loop
      vertex -33 19 0
      vertex -32.9807 19.3921 30
      vertex -32.9807 19.3921 0
    endloop
  endfacet
  facet normal -0.998791 0.0491626 0
    outer loop
      vertex -32.9807 19.3921 30
      vertex -33 19 0
      vertex -33 19 30
    endloop
  endfacet
  facet normal 0.970083 0.242775 0
    outer loop
      vertex 32.9231 19.7803 30
      vertex 32.8278 20.1611 0
      vertex 32.8278 20.1611 30
    endloop
  endfacet
  facet normal 0.970083 0.242775 0
    outer loop
      vertex 32.8278 20.1611 0
      vertex 32.9231 19.7803 30
      vertex 32.9231 19.7803 0
    endloop
  endfacet
  facet normal -0.671607 -0.740908 0
    outer loop
      vertex -31.8284 -21.8284 0
      vertex -31.5376 -22.092 30
      vertex -31.8284 -21.8284 30
    endloop
  endfacet
  facet normal -0.671607 -0.740908 -0
    outer loop
      vertex -31.5376 -22.092 30
      vertex -31.8284 -21.8284 0
      vertex -31.5376 -22.092 0
    endloop
  endfacet
  facet normal -0.740908 0.671607 0
    outer loop
      vertex -32.092 21.5376 0
      vertex -31.8284 21.8284 30
      vertex -31.8284 21.8284 0
    endloop
  endfacet
  facet normal -0.740908 0.671607 0
    outer loop
      vertex -31.8284 21.8284 30
      vertex -32.092 21.5376 0
      vertex -32.092 21.5376 30
    endloop
  endfacet
  facet normal 0.803137 0.595794 0
    outer loop
      vertex 32.3259 21.2223 30
      vertex 32.092 21.5376 0
      vertex 32.092 21.5376 30
    endloop
  endfacet
  facet normal 0.803137 0.595794 0
    outer loop
      vertex 32.092 21.5376 0
      vertex 32.3259 21.2223 30
      vertex 32.3259 21.2223 0
    endloop
  endfacet
  facet normal -0.671607 0.740908 0
    outer loop
      vertex -31.5376 22.092 0
      vertex -31.8284 21.8284 30
      vertex -31.5376 22.092 30
    endloop
  endfacet
  facet normal -0.671607 0.740908 0
    outer loop
      vertex -31.8284 21.8284 30
      vertex -31.5376 22.092 0
      vertex -31.8284 21.8284 0
    endloop
  endfacet
  facet normal -0.803137 -0.595794 0
    outer loop
      vertex -32.092 -21.5376 0
      vertex -32.3259 -21.2223 30
      vertex -32.3259 -21.2223 0
    endloop
  endfacet
  facet normal -0.803137 -0.595794 0
    outer loop
      vertex -32.3259 -21.2223 30
      vertex -32.092 -21.5376 0
      vertex -32.092 -21.5376 30
    endloop
  endfacet
  facet normal -0.904044 0.42744 0
    outer loop
      vertex -32.6955 20.5307 0
      vertex -32.5277 20.8856 30
      vertex -32.5277 20.8856 0
    endloop
  endfacet
  facet normal -0.904044 0.42744 0
    outer loop
      vertex -32.5277 20.8856 30
      vertex -32.6955 20.5307 0
      vertex -32.6955 20.5307 30
    endloop
  endfacet
  facet normal 0 0 1
    outer loop
      vertex 30.5616 18.9902 30
      vertex 33 19 30
      vertex 32.9807 19.3921 30
    endloop
  endfacet
  facet normal 0 0 1
    outer loop
      vertex 33 19 30
      vertex 30.6 18.6 30
      vertex 33 -19 30
    endloop
  endfacet
  facet normal 0 0 1
    outer loop
      vertex 30.5139 19.1806 30
      vertex 32.9807 19.3921 30
      vertex 32.9231 19.7803 30
    endloop
  endfacet
  facet normal -0 0 1
    outer loop
      vertex 30.6 -18.6 30
      vertex 33 -19 30
      vertex 30.6 18.6 30
    endloop
  endfacet
  facet normal 0 0 1
    outer loop
      vertex 30.5139 19.1806 30
      vertex 32.9231 19.7803 30
      vertex 32.8278 20.1611 30
    endloop
  endfacet
  facet normal -0 0 1
    outer loop
      vertex 30.5904 -18.796 30
      vertex 33 -19 30
      vertex 30.6 -18.6 30
    endloop
  endfacet
  facet normal 0 0 1
    outer loop
      vertex 30.4478 19.3654 30
      vertex 32.8278 20.1611 30
      vertex 32.6955 20.5307 30
    endloop
  endfacet
  facet normal -0 0 1
    outer loop
      vertex 30.5616 -18.9902 30
      vertex 33 -19 30
      vertex 30.5904 -18.796 30
    endloop
  endfacet
  facet normal 0 0 1
    outer loop
      vertex 30.3638 19.5428 30
      vertex 32.6955 20.5307 30
      vertex 32.5277 20.8856 30
    endloop
  endfacet
  facet normal 0 0 1
    outer loop
      vertex 33 -19 30
      vertex 30.5616 -18.9902 30
      vertex 32.9807 -19.3921 30
    endloop
  endfacet
  facet normal 0 0 1
    outer loop
      vertex 30.2629 19.7111 30
      vertex 32.5277 20.8856 30
      vertex 32.3259 21.2223 30
    endloop
  endfacet
  facet normal -0 0 1
    outer loop
      vertex 30.5139 -19.1806 30
      vertex 32.9807 -19.3921 30
      vertex 30.5616 -18.9902 30
    endloop
  endfacet
  facet normal 0 0 1
    outer loop
      vertex 30.146 19.8688 30
      vertex 32.3259 21.2223 30
      vertex 32.092 21.5376 30
    endloop
  endfacet
  facet normal 0 0 1
    outer loop
      vertex 32.9807 -19.3921 30
      vertex 30.5139 -19.1806 30
      vertex 32.9231 -19.7803 30
    endloop
  endfacet
  facet normal 0 0 1
    outer loop
      vertex 30.0142 20.0142 30
      vertex 32.092 21.5376 30
      vertex 31.8284 21.8284 30
    endloop
  endfacet
  facet normal 0 0 1
    outer loop
      vertex 32.9231 -19.7803 30
      vertex 30.5139 -19.1806 30
      vertex 32.8278 -20.1611 30
    endloop
  endfacet
  facet normal 0 0 1
    outer loop
      vertex 30.0142 20.0142 30
      vertex 31.8284 21.8284 30
      vertex 31.5376 22.092 30
    endloop
  endfacet
  facet normal -0 0 1
    outer loop
      vertex 30.4478 -19.3654 30
      vertex 32.8278 -20.1611 30
      vertex 30.5139 -19.1806 30
    endloop
  endfacet
  facet normal 0 0 1
    outer loop
      vertex 29.8688 20.146 30
      vertex 31.5376 22.092 30
      vertex 31.2223 22.3259 30
    endloop
  endfacet
  facet normal 0 0 1
    outer loop
      vertex 32.8278 -20.1611 30
      vertex 30.4478 -19.3654 30
      vertex 32.6955 -20.5307 30
    endloop
  endfacet
  facet normal 0 0 1
    outer loop
      vertex 29.7111 20.2629 30
      vertex 31.2223 22.3259 30
      vertex 30.8856 22.5277 30
    endloop
  endfacet
  facet normal -0 0 1
    outer loop
      vertex 30.3638 -19.5428 30
      vertex 32.6955 -20.5307 30
      vertex 30.4478 -19.3654 30
    endloop
  endfacet
  facet normal 0 0 1
    outer loop
      vertex 32.6955 -20.5307 30
      vertex 30.3638 -19.5428 30
      vertex 32.5277 -20.8856 30
    endloop
  endfacet
  facet normal 0 0 1
    outer loop
      vertex 33 19 30
      vertex 30.5904 18.796 30
      vertex 30.6 18.6 30
    endloop
  endfacet
  facet normal 0 0 1
    outer loop
      vertex 33 19 30
      vertex 30.5616 18.9902 30
      vertex 30.5904 18.796 30
    endloop
  endfacet
  facet normal 0 0 1
    outer loop
      vertex 29.5428 20.3638 30
      vertex 30.8856 22.5277 30
      vertex 30.5307 22.6955 30
    endloop
  endfacet
  facet normal 0 0 1
    outer loop
      vertex 32.9807 19.3921 30
      vertex 30.5139 19.1806 30
      vertex 30.5616 18.9902 30
    endloop
  endfacet
  facet normal 0 0 1
    outer loop
      vertex 32.8278 20.1611 30
      vertex 30.4478 19.3654 30
      vertex 30.5139 19.1806 30
    endloop
  endfacet
  facet normal 0 0 1
    outer loop
      vertex 32.6955 20.5307 30
      vertex 30.3638 19.5428 30
      vertex 30.4478 19.3654 30
    endloop
  endfacet
  facet normal 0 0 1
    outer loop
      vertex 32.5277 20.8856 30
      vertex 30.2629 19.7111 30
      vertex 30.3638 19.5428 30
    endloop
  endfacet
  facet normal 0 0 1
    outer loop
      vertex 29.3654 20.4478 30
      vertex 30.5307 22.6955 30
      vertex 30.1611 22.8278 30
    endloop
  endfacet
  facet normal 0 0 1
    outer loop
      vertex 32.3259 21.2223 30
      vertex 30.146 19.8688 30
      vertex 30.2629 19.7111 30
    endloop
  endfacet
  facet normal 0 0 1
    outer loop
      vertex 32.092 21.5376 30
      vertex 30.0142 20.0142 30
      vertex 30.146 19.8688 30
    endloop
  endfacet
  facet normal 0 0 1
    outer loop
      vertex 31.5376 22.092 30
      vertex 29.8688 20.146 30
      vertex 30.0142 20.0142 30
    endloop
  endfacet
  facet normal 0 0 1
    outer loop
      vertex 29.1806 20.5139 30
      vertex 30.1611 22.8278 30
      vertex 29.7803 22.9231 30
    endloop
  endfacet
  facet normal 0 0 1
    outer loop
      vertex 31.2223 22.3259 30
      vertex 29.7111 20.2629 30
      vertex 29.8688 20.146 30
    endloop
  endfacet
  facet normal 0 0 1
    outer loop
      vertex 30.8856 22.5277 30
      vertex 29.5428 20.3638 30
      vertex 29.7111 20.2629 30
    endloop
  endfacet
  facet normal 0 0 1
    outer loop
      vertex 29.1806 20.5139 30
      vertex 29.7803 22.9231 30
      vertex 29.3921 22.9807 30
    endloop
  endfacet
  facet normal 0 0 1
    outer loop
      vertex 30.5307 22.6955 30
      vertex 29.3654 20.4478 30
      vertex 29.5428 20.3638 30
    endloop
  endfacet
  facet normal 0 0 1
    outer loop
      vertex 30.1611 22.8278 30
      vertex 29.1806 20.5139 30
      vertex 29.3654 20.4478 30
    endloop
  endfacet
  facet normal 0 0 1
    outer loop
      vertex 28.9902 20.5616 30
      vertex 29.3921 22.9807 30
      vertex 29 23 30
    endloop
  endfacet
  facet normal 0 0 1
    outer loop
      vertex 29.3921 22.9807 30
      vertex 28.9902 20.5616 30
      vertex 29.1806 20.5139 30
    endloop
  endfacet
  facet normal 0 0 1
    outer loop
      vertex 29 23 30
      vertex 28.796 20.5904 30
      vertex 28.9902 20.5616 30
    endloop
  endfacet
  facet normal 0 0 1
    outer loop
      vertex 29 23 30
      vertex 28.6 20.6 30
      vertex 28.796 20.5904 30
    endloop
  endfacet
  facet normal 0 0 1
    outer loop
      vertex 29 23 30
      vertex -28.6 20.6 30
      vertex 28.6 20.6 30
    endloop
  endfacet
  facet normal -0 0 1
    outer loop
      vertex -29 23 30
      vertex -28.6 20.6 30
      vertex 29 23 30
    endloop
  endfacet
  facet normal 0 0 1
    outer loop
      vertex -29 23 30
      vertex -28.796 20.5904 30
      vertex -28.6 20.6 30
    endloop
  endfacet
  facet normal 0 0 1
    outer loop
      vertex -29 23 30
      vertex -28.9902 20.5616 30
      vertex -28.796 20.5904 30
    endloop
  endfacet
  facet normal -0 0 1
    outer loop
      vertex -29.3921 22.9807 30
      vertex -28.9902 20.5616 30
      vertex -29 23 30
    endloop
  endfacet
  facet normal 0 0 1
    outer loop
      vertex -28.9902 20.5616 30
      vertex -29.3921 22.9807 30
      vertex -29.1806 20.5139 30
    endloop
  endfacet
  facet normal -0 0 1
    outer loop
      vertex -29.7803 22.9231 30
      vertex -29.1806 20.5139 30
      vertex -29.3921 22.9807 30
    endloop
  endfacet
  facet normal -0 0 1
    outer loop
      vertex -30.1611 22.8278 30
      vertex -29.1806 20.5139 30
      vertex -29.7803 22.9231 30
    endloop
  endfacet
  facet normal 0 0 1
    outer loop
      vertex -29.1806 20.5139 30
      vertex -30.1611 22.8278 30
      vertex -29.3654 20.4478 30
    endloop
  endfacet
  facet normal -0 0 1
    outer loop
      vertex -30.5307 22.6955 30
      vertex -29.3654 20.4478 30
      vertex -30.1611 22.8278 30
    endloop
  endfacet
  facet normal 0 0 1
    outer loop
      vertex -29.3654 20.4478 30
      vertex -30.5307 22.6955 30
      vertex -29.5428 20.3638 30
    endloop
  endfacet
  facet normal -0 0 1
    outer loop
      vertex -30.8856 22.5277 30
      vertex -29.5428 20.3638 30
      vertex -30.5307 22.6955 30
    endloop
  endfacet
  facet normal 0 0 1
    outer loop
      vertex -29.5428 20.3638 30
      vertex -30.8856 22.5277 30
      vertex -29.7111 20.2629 30
    endloop
  endfacet
  facet normal -0 0 1
    outer loop
      vertex -31.2223 22.3259 30
      vertex -29.7111 20.2629 30
      vertex -30.8856 22.5277 30
    endloop
  endfacet
  facet normal 0 0 1
    outer loop
      vertex -29.7111 20.2629 30
      vertex -31.2223 22.3259 30
      vertex -29.8688 20.146 30
    endloop
  endfacet
  facet normal -0 0 1
    outer loop
      vertex -31.5376 22.092 30
      vertex -29.8688 20.146 30
      vertex -31.2223 22.3259 30
    endloop
  endfacet
  facet normal 0 0 1
    outer loop
      vertex -29.8688 20.146 30
      vertex -31.5376 22.092 30
      vertex -30.0142 20.0142 30
    endloop
  endfacet
  facet normal -0 0 1
    outer loop
      vertex -31.8284 21.8284 30
      vertex -30.0142 20.0142 30
      vertex -31.5376 22.092 30
    endloop
  endfacet
  facet normal -0 0 1
    outer loop
      vertex -32.092 21.5376 30
      vertex -30.0142 20.0142 30
      vertex -31.8284 21.8284 30
    endloop
  endfacet
  facet normal 0 0 1
    outer loop
      vertex -30.0142 20.0142 30
      vertex -32.092 21.5376 30
      vertex -30.146 19.8688 30
    endloop
  endfacet
  facet normal -0 0 1
    outer loop
      vertex -32.3259 21.2223 30
      vertex -30.146 19.8688 30
      vertex -32.092 21.5376 30
    endloop
  endfacet
  facet normal 0 0 1
    outer loop
      vertex -30.146 19.8688 30
      vertex -32.3259 21.2223 30
      vertex -30.2629 19.7111 30
    endloop
  endfacet
  facet normal 0 0 1
    outer loop
      vertex -30.2629 19.7111 30
      vertex -32.5277 20.8856 30
      vertex -30.3638 19.5428 30
    endloop
  endfacet
  facet normal -0 0 1
    outer loop
      vertex -32.5277 20.8856 30
      vertex -30.2629 19.7111 30
      vertex -32.3259 21.2223 30
    endloop
  endfacet
  facet normal -0 0 1
    outer loop
      vertex 30.2629 -19.7111 30
      vertex 32.5277 -20.8856 30
      vertex 30.3638 -19.5428 30
    endloop
  endfacet
  facet normal 0 0 1
    outer loop
      vertex 32.5277 -20.8856 30
      vertex 30.2629 -19.7111 30
      vertex 32.3259 -21.2223 30
    endloop
  endfacet
  facet normal -0 0 1
    outer loop
      vertex 30.146 -19.8688 30
      vertex 32.3259 -21.2223 30
      vertex 30.2629 -19.7111 30
    endloop
  endfacet
  facet normal 0 0 1
    outer loop
      vertex 32.3259 -21.2223 30
      vertex 30.146 -19.8688 30
      vertex 32.092 -21.5376 30
    endloop
  endfacet
  facet normal -0 0 1
    outer loop
      vertex 30.0142 -20.0142 30
      vertex 32.092 -21.5376 30
      vertex 30.146 -19.8688 30
    endloop
  endfacet
  facet normal 0 0 1
    outer loop
      vertex 32.092 -21.5376 30
      vertex 30.0142 -20.0142 30
      vertex 31.8284 -21.8284 30
    endloop
  endfacet
  facet normal 0 0 1
    outer loop
      vertex 31.8284 -21.8284 30
      vertex 30.0142 -20.0142 30
      vertex 31.5376 -22.092 30
    endloop
  endfacet
  facet normal -0 0 1
    outer loop
      vertex 29.8688 -20.146 30
      vertex 31.5376 -22.092 30
      vertex 30.0142 -20.0142 30
    endloop
  endfacet
  facet normal 0 0 1
    outer loop
      vertex 31.5376 -22.092 30
      vertex 29.8688 -20.146 30
      vertex 31.2223 -22.3259 30
    endloop
  endfacet
  facet normal -0 0 1
    outer loop
      vertex 29.7111 -20.2629 30
      vertex 31.2223 -22.3259 30
      vertex 29.8688 -20.146 30
    endloop
  endfacet
  facet normal 0 0 1
    outer loop
      vertex 31.2223 -22.3259 30
      vertex 29.7111 -20.2629 30
      vertex 30.8856 -22.5277 30
    endloop
  endfacet
  facet normal -0 0 1
    outer loop
      vertex 29.5428 -20.3638 30
      vertex 30.8856 -22.5277 30
      vertex 29.7111 -20.2629 30
    endloop
  endfacet
  facet normal 0 0 1
    outer loop
      vertex 30.8856 -22.5277 30
      vertex 29.5428 -20.3638 30
      vertex 30.5307 -22.6955 30
    endloop
  endfacet
  facet normal -0 0 1
    outer loop
      vertex 29.3654 -20.4478 30
      vertex 30.5307 -22.6955 30
      vertex 29.5428 -20.3638 30
    endloop
  endfacet
  facet normal 0 0 1
    outer loop
      vertex 30.5307 -22.6955 30
      vertex 29.3654 -20.4478 30
      vertex 30.1611 -22.8278 30
    endloop
  endfacet
  facet normal -0 0 1
    outer loop
      vertex 29.1806 -20.5139 30
      vertex 30.1611 -22.8278 30
      vertex 29.3654 -20.4478 30
    endloop
  endfacet
  facet normal 0 0 1
    outer loop
      vertex 30.1611 -22.8278 30
      vertex 29.1806 -20.5139 30
      vertex 29.7803 -22.9231 30
    endloop
  endfacet
  facet normal 0 0 1
    outer loop
      vertex 29.7803 -22.9231 30
      vertex 29.1806 -20.5139 30
      vertex 29.3921 -22.9807 30
    endloop
  endfacet
  facet normal -0 0 1
    outer loop
      vertex 28.9902 -20.5616 30
      vertex 29.3921 -22.9807 30
      vertex 29.1806 -20.5139 30
    endloop
  endfacet
  facet normal 0 0 1
    outer loop
      vertex 29.3921 -22.9807 30
      vertex 28.9902 -20.5616 30
      vertex 29 -23 30
    endloop
  endfacet
  facet normal -0 0 1
    outer loop
      vertex 28.796 -20.5904 30
      vertex 29 -23 30
      vertex 28.9902 -20.5616 30
    endloop
  endfacet
  facet normal -0 0 1
    outer loop
      vertex 28.6 -20.6 30
      vertex 29 -23 30
      vertex 28.796 -20.5904 30
    endloop
  endfacet
  facet normal -0 0 1
    outer loop
      vertex -28.6 -20.6 30
      vertex 29 -23 30
      vertex 28.6 -20.6 30
    endloop
  endfacet
  facet normal 0 0 1
    outer loop
      vertex -28.6 -20.6 30
      vertex -29 -23 30
      vertex 29 -23 30
    endloop
  endfacet
  facet normal 0 0 1
    outer loop
      vertex -28.796 -20.5904 30
      vertex -29 -23 30
      vertex -28.6 -20.6 30
    endloop
  endfacet
  facet normal 0 0 1
    outer loop
      vertex -28.9902 -20.5616 30
      vertex -29 -23 30
      vertex -28.796 -20.5904 30
    endloop
  endfacet
  facet normal 0 0 1
    outer loop
      vertex -29.3921 -22.9807 30
      vertex -28.9902 -20.5616 30
      vertex -29.1806 -20.5139 30
    endloop
  endfacet
  facet normal 0 0 1
    outer loop
      vertex -30.1611 -22.8278 30
      vertex -29.1806 -20.5139 30
      vertex -29.3654 -20.4478 30
    endloop
  endfacet
  facet normal 0 0 1
    outer loop
      vertex -28.9902 -20.5616 30
      vertex -29.3921 -22.9807 30
      vertex -29 -23 30
    endloop
  endfacet
  facet normal 0 0 1
    outer loop
      vertex -30.5307 -22.6955 30
      vertex -29.3654 -20.4478 30
      vertex -29.5428 -20.3638 30
    endloop
  endfacet
  facet normal 0 0 1
    outer loop
      vertex -30.8856 -22.5277 30
      vertex -29.5428 -20.3638 30
      vertex -29.7111 -20.2629 30
    endloop
  endfacet
  facet normal 0 0 1
    outer loop
      vertex -29.1806 -20.5139 30
      vertex -29.7803 -22.9231 30
      vertex -29.3921 -22.9807 30
    endloop
  endfacet
  facet normal 0 0 1
    outer loop
      vertex -31.2223 -22.3259 30
      vertex -29.7111 -20.2629 30
      vertex -29.8688 -20.146 30
    endloop
  endfacet
  facet normal 0 0 1
    outer loop
      vertex -31.5376 -22.092 30
      vertex -29.8688 -20.146 30
      vertex -30.0142 -20.0142 30
    endloop
  endfacet
  facet normal 0 0 1
    outer loop
      vertex -32.092 -21.5376 30
      vertex -30.0142 -20.0142 30
      vertex -30.146 -19.8688 30
    endloop
  endfacet
  facet normal 0 0 1
    outer loop
      vertex -29.1806 -20.5139 30
      vertex -30.1611 -22.8278 30
      vertex -29.7803 -22.9231 30
    endloop
  endfacet
  facet normal 0 0 1
    outer loop
      vertex -32.3259 -21.2223 30
      vertex -30.146 -19.8688 30
      vertex -30.2629 -19.7111 30
    endloop
  endfacet
  facet normal 0 0 1
    outer loop
      vertex -32.5277 -20.8856 30
      vertex -30.2629 -19.7111 30
      vertex -30.3638 -19.5428 30
    endloop
  endfacet
  facet normal 0 0 1
    outer loop
      vertex -32.6955 -20.5307 30
      vertex -30.3638 -19.5428 30
      vertex -30.4478 -19.3654 30
    endloop
  endfacet
  facet normal 0 0 1
    outer loop
      vertex -32.8278 -20.1611 30
      vertex -30.4478 -19.3654 30
      vertex -30.5139 -19.1806 30
    endloop
  endfacet
  facet normal 0 0 1
    outer loop
      vertex -29.3654 -20.4478 30
      vertex -30.5307 -22.6955 30
      vertex -30.1611 -22.8278 30
    endloop
  endfacet
  facet normal 0 0 1
    outer loop
      vertex -32.9807 -19.3921 30
      vertex -30.5139 -19.1806 30
      vertex -30.5616 -18.9902 30
    endloop
  endfacet
  facet normal 0 0 1
    outer loop
      vertex -33 -19 30
      vertex -30.5616 -18.9902 30
      vertex -30.5904 -18.796 30
    endloop
  endfacet
  facet normal 0 0 1
    outer loop
      vertex -33 -19 30
      vertex -30.5904 -18.796 30
      vertex -30.6 -18.6 30
    endloop
  endfacet
  facet normal 0 0 1
    outer loop
      vertex -29.5428 -20.3638 30
      vertex -30.8856 -22.5277 30
      vertex -30.5307 -22.6955 30
    endloop
  endfacet
  facet normal 0 0 1
    outer loop
      vertex -30.6 18.6 30
      vertex -33 19 30
      vertex -30.6 -18.6 30
    endloop
  endfacet
  facet normal -0 0 1
    outer loop
      vertex -32.6955 20.5307 30
      vertex -30.3638 19.5428 30
      vertex -32.5277 20.8856 30
    endloop
  endfacet
  facet normal 0 0 1
    outer loop
      vertex -33 -19 30
      vertex -30.6 -18.6 30
      vertex -33 19 30
    endloop
  endfacet
  facet normal 0 0 1
    outer loop
      vertex -30.3638 19.5428 30
      vertex -32.6955 20.5307 30
      vertex -30.4478 19.3654 30
    endloop
  endfacet
  facet normal 0 0 1
    outer loop
      vertex -30.5616 -18.9902 30
      vertex -33 -19 30
      vertex -32.9807 -19.3921 30
    endloop
  endfacet
  facet normal -0 0 1
    outer loop
      vertex -32.8278 20.1611 30
      vertex -30.4478 19.3654 30
      vertex -32.6955 20.5307 30
    endloop
  endfacet
  facet normal 0 0 1
    outer loop
      vertex -29.7111 -20.2629 30
      vertex -31.2223 -22.3259 30
      vertex -30.8856 -22.5277 30
    endloop
  endfacet
  facet normal 0 0 1
    outer loop
      vertex -30.4478 19.3654 30
      vertex -32.8278 20.1611 30
      vertex -30.5139 19.1806 30
    endloop
  endfacet
  facet normal 0 0 1
    outer loop
      vertex -29.8688 -20.146 30
      vertex -31.5376 -22.092 30
      vertex -31.2223 -22.3259 30
    endloop
  endfacet
  facet normal -0 0 1
    outer loop
      vertex -32.9231 19.7803 30
      vertex -30.5139 19.1806 30
      vertex -32.8278 20.1611 30
    endloop
  endfacet
  facet normal 0 0 1
    outer loop
      vertex -30.0142 -20.0142 30
      vertex -31.8284 -21.8284 30
      vertex -31.5376 -22.092 30
    endloop
  endfacet
  facet normal -0 0 1
    outer loop
      vertex -32.9807 19.3921 30
      vertex -30.5139 19.1806 30
      vertex -32.9231 19.7803 30
    endloop
  endfacet
  facet normal 0 0 1
    outer loop
      vertex -30.0142 -20.0142 30
      vertex -32.092 -21.5376 30
      vertex -31.8284 -21.8284 30
    endloop
  endfacet
  facet normal 0 0 1
    outer loop
      vertex -30.5139 19.1806 30
      vertex -32.9807 19.3921 30
      vertex -30.5616 18.9902 30
    endloop
  endfacet
  facet normal 0 0 1
    outer loop
      vertex -30.146 -19.8688 30
      vertex -32.3259 -21.2223 30
      vertex -32.092 -21.5376 30
    endloop
  endfacet
  facet normal -0 0 1
    outer loop
      vertex -33 19 30
      vertex -30.5616 18.9902 30
      vertex -32.9807 19.3921 30
    endloop
  endfacet
  facet normal 0 0 1
    outer loop
      vertex -30.2629 -19.7111 30
      vertex -32.5277 -20.8856 30
      vertex -32.3259 -21.2223 30
    endloop
  endfacet
  facet normal 0 0 1
    outer loop
      vertex -30.5616 18.9902 30
      vertex -33 19 30
      vertex -30.5904 18.796 30
    endloop
  endfacet
  facet normal 0 0 1
    outer loop
      vertex -30.3638 -19.5428 30
      vertex -32.6955 -20.5307 30
      vertex -32.5277 -20.8856 30
    endloop
  endfacet
  facet normal 0 0 1
    outer loop
      vertex -30.5904 18.796 30
      vertex -33 19 30
      vertex -30.6 18.6 30
    endloop
  endfacet
  facet normal 0 0 1
    outer loop
      vertex -30.4478 -19.3654 30
      vertex -32.8278 -20.1611 30
      vertex -32.6955 -20.5307 30
    endloop
  endfacet
  facet normal 0 0 1
    outer loop
      vertex -30.5139 -19.1806 30
      vertex -32.9231 -19.7803 30
      vertex -32.8278 -20.1611 30
    endloop
  endfacet
  facet normal 0 0 1
    outer loop
      vertex -30.5139 -19.1806 30
      vertex -32.9807 -19.3921 30
      vertex -32.9231 -19.7803 30
    endloop
  endfacet
  facet normal 0.803137 -0.595794 0
    outer loop
      vertex 32.092 -21.5376 30
      vertex 32.3259 -21.2223 0
      vertex 32.3259 -21.2223 30
    endloop
  endfacet
  facet normal 0.803137 -0.595794 0
    outer loop
      vertex 32.3259 -21.2223 0
      vertex 32.092 -21.5376 30
      vertex 32.092 -21.5376 0
    endloop
  endfacet
  facet normal -0.85774 0.514084 0
    outer loop
      vertex -32.5277 20.8856 0
      vertex -32.3259 21.2223 30
      vertex -32.3259 21.2223 0
    endloop
  endfacet
  facet normal -0.85774 0.514084 0
    outer loop
      vertex -32.3259 21.2223 30
      vertex -32.5277 20.8856 0
      vertex -32.5277 20.8856 30
    endloop
  endfacet
  facet normal 0 -1 0
    outer loop
      vertex -29 -23 0
      vertex 29 -23 30
      vertex -29 -23 30
    endloop
  endfacet
  facet normal 0 -1 -0
    outer loop
      vertex 29 -23 30
      vertex -29 -23 0
      vertex 29 -23 0
    endloop
  endfacet
  facet normal 0.85774 -0.514084 0
    outer loop
      vertex 32.3259 -21.2223 30
      vertex 32.5277 -20.8856 0
      vertex 32.5277 -20.8856 30
    endloop
  endfacet
  facet normal 0.85774 -0.514084 0
    outer loop
      vertex 32.5277 -20.8856 0
      vertex 32.3259 -21.2223 30
      vertex 32.3259 -21.2223 0
    endloop
  endfacet
  facet normal 0.0491626 -0.998791 0
    outer loop
      vertex 29 -23 0
      vertex 29.3921 -22.9807 30
      vertex 29 -23 30
    endloop
  endfacet
  facet normal 0.0491626 -0.998791 0
    outer loop
      vertex 29.3921 -22.9807 30
      vertex 29 -23 0
      vertex 29.3921 -22.9807 0
    endloop
  endfacet
  facet normal 0.242775 0.970083 -0
    outer loop
      vertex 30.1611 22.8278 0
      vertex 29.7803 22.9231 30
      vertex 30.1611 22.8278 30
    endloop
  endfacet
  facet normal 0.242775 0.970083 0
    outer loop
      vertex 29.7803 22.9231 30
      vertex 30.1611 22.8278 0
      vertex 29.7803 22.9231 0
    endloop
  endfacet
  facet normal 0.242775 -0.970083 0
    outer loop
      vertex 29.7803 -22.9231 0
      vertex 30.1611 -22.8278 30
      vertex 29.7803 -22.9231 30
    endloop
  endfacet
  facet normal 0.242775 -0.970083 0
    outer loop
      vertex 30.1611 -22.8278 30
      vertex 29.7803 -22.9231 0
      vertex 30.1611 -22.8278 0
    endloop
  endfacet
  facet normal 0.514084 -0.85774 0
    outer loop
      vertex 30.8856 -22.5277 0
      vertex 31.2223 -22.3259 30
      vertex 30.8856 -22.5277 30
    endloop
  endfacet
  facet normal 0.514084 -0.85774 0
    outer loop
      vertex 31.2223 -22.3259 30
      vertex 30.8856 -22.5277 0
      vertex 31.2223 -22.3259 0
    endloop
  endfacet
  facet normal 0.42744 0.904044 -0
    outer loop
      vertex 30.8856 22.5277 0
      vertex 30.5307 22.6955 30
      vertex 30.8856 22.5277 30
    endloop
  endfacet
  facet normal 0.42744 0.904044 0
    outer loop
      vertex 30.5307 22.6955 30
      vertex 30.8856 22.5277 0
      vertex 30.5307 22.6955 0
    endloop
  endfacet
  facet normal 0.514084 0.85774 -0
    outer loop
      vertex 31.2223 22.3259 0
      vertex 30.8856 22.5277 30
      vertex 31.2223 22.3259 30
    endloop
  endfacet
  facet normal 0.514084 0.85774 0
    outer loop
      vertex 30.8856 22.5277 30
      vertex 31.2223 22.3259 0
      vertex 30.8856 22.5277 0
    endloop
  endfacet
  facet normal 0.671607 0.740908 -0
    outer loop
      vertex 31.8284 21.8284 0
      vertex 31.5376 22.092 30
      vertex 31.8284 21.8284 30
    endloop
  endfacet
  facet normal 0.671607 0.740908 0
    outer loop
      vertex 31.5376 22.092 30
      vertex 31.8284 21.8284 0
      vertex 31.5376 22.092 0
    endloop
  endfacet
  facet normal 0.85774 0.514084 0
    outer loop
      vertex 32.5277 20.8856 30
      vertex 32.3259 21.2223 0
      vertex 32.3259 21.2223 30
    endloop
  endfacet
  facet normal 0.85774 0.514084 0
    outer loop
      vertex 32.3259 21.2223 0
      vertex 32.5277 20.8856 30
      vertex 32.5277 20.8856 0
    endloop
  endfacet
  facet normal -0.42744 -0.904044 0
    outer loop
      vertex -30.8856 -22.5277 0
      vertex -30.5307 -22.6955 30
      vertex -30.8856 -22.5277 30
    endloop
  endfacet
  facet normal -0.42744 -0.904044 -0
    outer loop
      vertex -30.5307 -22.6955 30
      vertex -30.8856 -22.5277 0
      vertex -30.5307 -22.6955 0
    endloop
  endfacet
  facet normal -0.242775 0.970083 0
    outer loop
      vertex -29.7803 22.9231 0
      vertex -30.1611 22.8278 30
      vertex -29.7803 22.9231 30
    endloop
  endfacet
  facet normal -0.242775 0.970083 0
    outer loop
      vertex -30.1611 22.8278 30
      vertex -29.7803 22.9231 0
      vertex -30.1611 22.8278 0
    endloop
  endfacet
  facet normal 0.9415 -0.337014 0
    outer loop
      vertex 32.6955 -20.5307 30
      vertex 32.8278 -20.1611 0
      vertex 32.8278 -20.1611 30
    endloop
  endfacet
  facet normal 0.9415 -0.337014 0
    outer loop
      vertex 32.8278 -20.1611 0
      vertex 32.6955 -20.5307 30
      vertex 32.6955 -20.5307 0
    endloop
  endfacet
  facet normal -0.514084 0.85774 0
    outer loop
      vertex -30.8856 22.5277 0
      vertex -31.2223 22.3259 30
      vertex -30.8856 22.5277 30
    endloop
  endfacet
  facet normal -0.514084 0.85774 0
    outer loop
      vertex -31.2223 22.3259 30
      vertex -30.8856 22.5277 0
      vertex -31.2223 22.3259 0
    endloop
  endfacet
  facet normal -0.0491626 -0.998791 0
    outer loop
      vertex -29.3921 -22.9807 0
      vertex -29 -23 30
      vertex -29.3921 -22.9807 30
    endloop
  endfacet
  facet normal -0.0491626 -0.998791 -0
    outer loop
      vertex -29 -23 30
      vertex -29.3921 -22.9807 0
      vertex -29 -23 0
    endloop
  endfacet
  facet normal 0.595794 0.803137 -0
    outer loop
      vertex 31.5376 22.092 0
      vertex 31.2223 22.3259 30
      vertex 31.5376 22.092 30
    endloop
  endfacet
  facet normal 0.595794 0.803137 0
    outer loop
      vertex 31.2223 22.3259 30
      vertex 31.5376 22.092 0
      vertex 31.2223 22.3259 0
    endloop
  endfacet
  facet normal -0.14677 0.989171 0
    outer loop
      vertex -29.3921 22.9807 0
      vertex -29.7803 22.9231 30
      vertex -29.3921 22.9807 30
    endloop
  endfacet
  facet normal -0.14677 0.989171 0
    outer loop
      vertex -29.7803 22.9231 30
      vertex -29.3921 22.9807 0
      vertex -29.7803 22.9231 0
    endloop
  endfacet
  facet normal 0.904044 -0.42744 0
    outer loop
      vertex 32.5277 -20.8856 30
      vertex 32.6955 -20.5307 0
      vertex 32.6955 -20.5307 30
    endloop
  endfacet
  facet normal 0.904044 -0.42744 0
    outer loop
      vertex 32.6955 -20.5307 0
      vertex 32.5277 -20.8856 30
      vertex 32.5277 -20.8856 0
    endloop
  endfacet
  facet normal 0 0 -1
    outer loop
      vertex 29 -23 0
      vertex 33 -19 0
      vertex 32.9807 -19.3921 0
    endloop
  endfacet
  facet normal 0 0 -1
    outer loop
      vertex 33 -19 0
      vertex 7 -4 0
      vertex 33 19 0
    endloop
  endfacet
  facet normal 0 0 -1
    outer loop
      vertex 29 -23 0
      vertex 32.9807 -19.3921 0
      vertex 32.9231 -19.7803 0
    endloop
  endfacet
  facet normal 0 0 -1
    outer loop
      vertex 7 4 0
      vertex 33 19 0
      vertex 7 -4 0
    endloop
  endfacet
  facet normal 0 0 -1
    outer loop
      vertex 29 -23 0
      vertex 32.9231 -19.7803 0
      vertex 32.8278 -20.1611 0
    endloop
  endfacet
  facet normal 0 -0 -1
    outer loop
      vertex 29 23 0
      vertex 33 19 0
      vertex 7 4 0
    endloop
  endfacet
  facet normal 0 0 -1
    outer loop
      vertex 29 -23 0
      vertex 32.8278 -20.1611 0
      vertex 32.6955 -20.5307 0
    endloop
  endfacet
  facet normal 0 0 -1
    outer loop
      vertex 33 19 0
      vertex 29 23 0
      vertex 32.9807 19.3921 0
    endloop
  endfacet
  facet normal 0 0 -1
    outer loop
      vertex 29 -23 0
      vertex 32.6955 -20.5307 0
      vertex 32.5277 -20.8856 0
    endloop
  endfacet
  facet normal 0 0 -1
    outer loop
      vertex 32.9807 19.3921 0
      vertex 29 23 0
      vertex 32.9231 19.7803 0
    endloop
  endfacet
  facet normal 0 0 -1
    outer loop
      vertex 29 -23 0
      vertex 32.5277 -20.8856 0
      vertex 32.3259 -21.2223 0
    endloop
  endfacet
  facet normal 0 0 -1
    outer loop
      vertex 32.9231 19.7803 0
      vertex 29 23 0
      vertex 32.8278 20.1611 0
    endloop
  endfacet
  facet normal 0 0 -1
    outer loop
      vertex 29 -23 0
      vertex 32.3259 -21.2223 0
      vertex 32.092 -21.5376 0
    endloop
  endfacet
  facet normal 0 0 -1
    outer loop
      vertex 32.8278 20.1611 0
      vertex 29 23 0
      vertex 32.6955 20.5307 0
    endloop
  endfacet
  facet normal 0 0 -1
    outer loop
      vertex 29 -23 0
      vertex 32.092 -21.5376 0
      vertex 31.8284 -21.8284 0
    endloop
  endfacet
  facet normal 0 0 -1
    outer loop
      vertex 32.6955 20.5307 0
      vertex 29 23 0
      vertex 32.5277 20.8856 0
    endloop
  endfacet
  facet normal 0 0 -1
    outer loop
      vertex 29 -23 0
      vertex 31.8284 -21.8284 0
      vertex 31.5376 -22.092 0
    endloop
  endfacet
  facet normal 0 0 -1
    outer loop
      vertex 32.5277 20.8856 0
      vertex 29 23 0
      vertex 32.3259 21.2223 0
    endloop
  endfacet
  facet normal 0 0 -1
    outer loop
      vertex 29 -23 0
      vertex 31.5376 -22.092 0
      vertex 31.2223 -22.3259 0
    endloop
  endfacet
  facet normal 0 0 -1
    outer loop
      vertex 32.3259 21.2223 0
      vertex 29 23 0
      vertex 32.092 21.5376 0
    endloop
  endfacet
  facet normal 0 0 -1
    outer loop
      vertex 29 -23 0
      vertex 31.2223 -22.3259 0
      vertex 30.8856 -22.5277 0
    endloop
  endfacet
  facet normal 0 0 -1
    outer loop
      vertex 32.092 21.5376 0
      vertex 29 23 0
      vertex 31.8284 21.8284 0
    endloop
  endfacet
  facet normal 0 0 -1
    outer loop
      vertex 29 -23 0
      vertex 30.8856 -22.5277 0
      vertex 30.5307 -22.6955 0
    endloop
  endfacet
  facet normal 0 0 -1
    outer loop
      vertex 31.8284 21.8284 0
      vertex 29 23 0
      vertex 31.5376 22.092 0
    endloop
  endfacet
  facet normal 0 0 -1
    outer loop
      vertex 29 -23 0
      vertex 30.5307 -22.6955 0
      vertex 30.1611 -22.8278 0
    endloop
  endfacet
  facet normal 0 0 -1
    outer loop
      vertex 31.5376 22.092 0
      vertex 29 23 0
      vertex 31.2223 22.3259 0
    endloop
  endfacet
  facet normal 0 0 -1
    outer loop
      vertex 29 -23 0
      vertex 30.1611 -22.8278 0
      vertex 29.7803 -22.9231 0
    endloop
  endfacet
  facet normal 0 0 -1
    outer loop
      vertex 31.2223 22.3259 0
      vertex 29 23 0
      vertex 30.8856 22.5277 0
    endloop
  endfacet
  facet normal 0 0 -1
    outer loop
      vertex 29 -23 0
      vertex 29.7803 -22.9231 0
      vertex 29.3921 -22.9807 0
    endloop
  endfacet
  facet normal 0 0 -1
    outer loop
      vertex 30.8856 22.5277 0
      vertex 29 23 0
      vertex 30.5307 22.6955 0
    endloop
  endfacet
  facet normal -0 0 -1
    outer loop
      vertex 33 -19 0
      vertex 29 -23 0
      vertex 7 -4 0
    endloop
  endfacet
  facet normal 0 0 -1
    outer loop
      vertex 30.5307 22.6955 0
      vertex 29 23 0
      vertex 30.1611 22.8278 0
    endloop
  endfacet
  facet normal 0 0 -1
    outer loop
      vertex 30.1611 22.8278 0
      vertex 29 23 0
      vertex 29.7803 22.9231 0
    endloop
  endfacet
  facet normal 0 0 -1
    outer loop
      vertex 29 -23 0
      vertex -7 -4 0
      vertex 7 -4 0
    endloop
  endfacet
  facet normal 0 0 -1
    outer loop
      vertex -33 -19 0
      vertex -7 -4 0
      vertex -29 -23 0
    endloop
  endfacet
  facet normal 0 0 -1
    outer loop
      vertex -29 -23 0
      vertex -7 -4 0
      vertex 29 -23 0
    endloop
  endfacet
  facet normal 0 0 -1
    outer loop
      vertex 29.7803 22.9231 0
      vertex 29 23 0
      vertex 29.3921 22.9807 0
    endloop
  endfacet
  facet normal 0 0 -1
    outer loop
      vertex -7 4 0
      vertex 29 23 0
      vertex 7 4 0
    endloop
  endfacet
  facet normal 0 0 -1
    outer loop
      vertex -7 4 0
      vertex -29 23 0
      vertex 29 23 0
    endloop
  endfacet
  facet normal -0 0 -1
    outer loop
      vertex -7 -4 0
      vertex -33 -19 0
      vertex -7 4 0
    endloop
  endfacet
  facet normal 0 0 -1
    outer loop
      vertex -33 -19 0
      vertex -29 -23 0
      vertex -29.3921 -22.9807 0
    endloop
  endfacet
  facet normal 0 0 -1
    outer loop
      vertex -33 19 0
      vertex -7 4 0
      vertex -33 -19 0
    endloop
  endfacet
  facet normal 0 0 -1
    outer loop
      vertex -33 -19 0
      vertex -29.3921 -22.9807 0
      vertex -29.7803 -22.9231 0
    endloop
  endfacet
  facet normal 0 0 -1
    outer loop
      vertex -7 4 0
      vertex -33 19 0
      vertex -29 23 0
    endloop
  endfacet
  facet normal 0 0 -1
    outer loop
      vertex -33 -19 0
      vertex -29.7803 -22.9231 0
      vertex -30.1611 -22.8278 0
    endloop
  endfacet
  facet normal 0 0 -1
    outer loop
      vertex -29 23 0
      vertex -33 19 0
      vertex -29.3921 22.9807 0
    endloop
  endfacet
  facet normal 0 0 -1
    outer loop
      vertex -33 -19 0
      vertex -30.1611 -22.8278 0
      vertex -30.5307 -22.6955 0
    endloop
  endfacet
  facet normal 0 0 -1
    outer loop
      vertex -29.3921 22.9807 0
      vertex -33 19 0
      vertex -29.7803 22.9231 0
    endloop
  endfacet
  facet normal 0 0 -1
    outer loop
      vertex -33 -19 0
      vertex -30.5307 -22.6955 0
      vertex -30.8856 -22.5277 0
    endloop
  endfacet
  facet normal 0 0 -1
    outer loop
      vertex -29.7803 22.9231 0
      vertex -33 19 0
      vertex -30.1611 22.8278 0
    endloop
  endfacet
  facet normal 0 0 -1
    outer loop
      vertex -33 -19 0
      vertex -30.8856 -22.5277 0
      vertex -31.2223 -22.3259 0
    endloop
  endfacet
  facet normal 0 0 -1
    outer loop
      vertex -30.1611 22.8278 0
      vertex -33 19 0
      vertex -30.5307 22.6955 0
    endloop
  endfacet
  facet normal 0 0 -1
    outer loop
      vertex -33 -19 0
      vertex -31.2223 -22.3259 0
      vertex -31.5376 -22.092 0
    endloop
  endfacet
  facet normal 0 0 -1
    outer loop
      vertex -30.5307 22.6955 0
      vertex -33 19 0
      vertex -30.8856 22.5277 0
    endloop
  endfacet
  facet normal 0 0 -1
    outer loop
      vertex -33 -19 0
      vertex -31.5376 -22.092 0
      vertex -31.8284 -21.8284 0
    endloop
  endfacet
  facet normal 0 0 -1
    outer loop
      vertex -30.8856 22.5277 0
      vertex -33 19 0
      vertex -31.2223 22.3259 0
    endloop
  endfacet
  facet normal 0 0 -1
    outer loop
      vertex -33 -19 0
      vertex -31.8284 -21.8284 0
      vertex -32.092 -21.5376 0
    endloop
  endfacet
  facet normal 0 0 -1
    outer loop
      vertex -31.2223 22.3259 0
      vertex -33 19 0
      vertex -31.5376 22.092 0
    endloop
  endfacet
  facet normal 0 0 -1
    outer loop
      vertex -33 -19 0
      vertex -32.092 -21.5376 0
      vertex -32.3259 -21.2223 0
    endloop
  endfacet
  facet normal 0 0 -1
    outer loop
      vertex -31.5376 22.092 0
      vertex -33 19 0
      vertex -31.8284 21.8284 0
    endloop
  endfacet
  facet normal 0 0 -1
    outer loop
      vertex -33 -19 0
      vertex -32.3259 -21.2223 0
      vertex -32.5277 -20.8856 0
    endloop
  endfacet
  facet normal 0 0 -1
    outer loop
      vertex -31.8284 21.8284 0
      vertex -33 19 0
      vertex -32.092 21.5376 0
    endloop
  endfacet
  facet normal 0 0 -1
    outer loop
      vertex -33 -19 0
      vertex -32.5277 -20.8856 0
      vertex -32.6955 -20.5307 0
    endloop
  endfacet
  facet normal 0 0 -1
    outer loop
      vertex -32.092 21.5376 0
      vertex -33 19 0
      vertex -32.3259 21.2223 0
    endloop
  endfacet
  facet normal 0 0 -1
    outer loop
      vertex -33 -19 0
      vertex -32.6955 -20.5307 0
      vertex -32.8278 -20.1611 0
    endloop
  endfacet
  facet normal 0 0 -1
    outer loop
      vertex -32.3259 21.2223 0
      vertex -33 19 0
      vertex -32.5277 20.8856 0
    endloop
  endfacet
  facet normal 0 0 -1
    outer loop
      vertex -33 -19 0
      vertex -32.8278 -20.1611 0
      vertex -32.9231 -19.7803 0
    endloop
  endfacet
  facet normal 0 0 -1
    outer loop
      vertex -32.5277 20.8856 0
      vertex -33 19 0
      vertex -32.6955 20.5307 0
    endloop
  endfacet
  facet normal 0 0 -1
    outer loop
      vertex -33 -19 0
      vertex -32.9231 -19.7803 0
      vertex -32.9807 -19.3921 0
    endloop
  endfacet
  facet normal 0 0 -1
    outer loop
      vertex -32.6955 20.5307 0
      vertex -33 19 0
      vertex -32.8278 20.1611 0
    endloop
  endfacet
  facet normal 0 0 -1
    outer loop
      vertex -32.8278 20.1611 0
      vertex -33 19 0
      vertex -32.9231 19.7803 0
    endloop
  endfacet
  facet normal 0 0 -1
    outer loop
      vertex -32.9231 19.7803 0
      vertex -33 19 0
      vertex -32.9807 19.3921 0
    endloop
  endfacet
  facet normal 0.42744 -0.904044 0
    outer loop
      vertex 30.5307 -22.6955 0
      vertex 30.8856 -22.5277 30
      vertex 30.5307 -22.6955 30
    endloop
  endfacet
  facet normal 0.42744 -0.904044 0
    outer loop
      vertex 30.8856 -22.5277 30
      vertex 30.5307 -22.6955 0
      vertex 30.8856 -22.5277 0
    endloop
  endfacet
  facet normal -0.595794 -0.803137 0
    outer loop
      vertex -31.5376 -22.092 0
      vertex -31.2223 -22.3259 30
      vertex -31.5376 -22.092 30
    endloop
  endfacet
  facet normal -0.595794 -0.803137 -0
    outer loop
      vertex -31.2223 -22.3259 30
      vertex -31.5376 -22.092 0
      vertex -31.2223 -22.3259 0
    endloop
  endfacet
  facet normal 0.970083 -0.242775 0
    outer loop
      vertex 32.8278 -20.1611 30
      vertex 32.9231 -19.7803 0
      vertex 32.9231 -19.7803 30
    endloop
  endfacet
  facet normal 0.970083 -0.242775 0
    outer loop
      vertex 32.9231 -19.7803 0
      vertex 32.8278 -20.1611 30
      vertex 32.8278 -20.1611 0
    endloop
  endfacet
  facet normal 0.740908 0.671607 0
    outer loop
      vertex 32.092 21.5376 30
      vertex 31.8284 21.8284 0
      vertex 31.8284 21.8284 30
    endloop
  endfacet
  facet normal 0.740908 0.671607 0
    outer loop
      vertex 31.8284 21.8284 0
      vertex 32.092 21.5376 30
      vertex 32.092 21.5376 0
    endloop
  endfacet
  facet normal -0.242775 -0.970083 0
    outer loop
      vertex -30.1611 -22.8278 0
      vertex -29.7803 -22.9231 30
      vertex -30.1611 -22.8278 30
    endloop
  endfacet
  facet normal -0.242775 -0.970083 -0
    outer loop
      vertex -29.7803 -22.9231 30
      vertex -30.1611 -22.8278 0
      vertex -29.7803 -22.9231 0
    endloop
  endfacet
  facet normal 0.14677 -0.989171 0
    outer loop
      vertex 29.3921 -22.9807 0
      vertex 29.7803 -22.9231 30
      vertex 29.3921 -22.9807 30
    endloop
  endfacet
  facet normal 0.14677 -0.989171 0
    outer loop
      vertex 29.7803 -22.9231 30
      vertex 29.3921 -22.9807 0
      vertex 29.7803 -22.9231 0
    endloop
  endfacet
  facet normal 0.998791 -0.0491626 0
    outer loop
      vertex 32.9807 -19.3921 30
      vertex 33 -19 0
      vertex 33 -19 30
    endloop
  endfacet
  facet normal 0.998791 -0.0491626 0
    outer loop
      vertex 33 -19 0
      vertex 32.9807 -19.3921 30
      vertex 32.9807 -19.3921 0
    endloop
  endfacet
  facet normal -0.42744 0.904044 0
    outer loop
      vertex -30.5307 22.6955 0
      vertex -30.8856 22.5277 30
      vertex -30.5307 22.6955 30
    endloop
  endfacet
  facet normal -0.42744 0.904044 0
    outer loop
      vertex -30.8856 22.5277 30
      vertex -30.5307 22.6955 0
      vertex -30.8856 22.5277 0
    endloop
  endfacet
  facet normal 0.989182 0.146696 0
    outer loop
      vertex -30.5616 -18.9902 30
      vertex -30.5904 -18.796 2.6
      vertex -30.5904 -18.796 30
    endloop
  endfacet
  facet normal 0.989182 0.146696 0
    outer loop
      vertex -30.5904 -18.796 2.6
      vertex -30.5616 -18.9902 30
      vertex -30.5616 -18.9902 2.6
    endloop
  endfacet
  facet normal 0.80335 -0.595508 0
    outer loop
      vertex -30.2629 19.7111 30
      vertex -30.146 19.8688 2.6
      vertex -30.146 19.8688 30
    endloop
  endfacet
  facet normal 0.80335 -0.595508 0
    outer loop
      vertex -30.146 19.8688 2.6
      vertex -30.2629 19.7111 30
      vertex -30.2629 19.7111 2.6
    endloop
  endfacet
  facet normal 0.998803 0.0489209 0
    outer loop
      vertex -30.5904 -18.796 30
      vertex -30.6 -18.6 2.6
      vertex -30.6 -18.6 30
    endloop
  endfacet
  facet normal 0.998803 0.0489209 0
    outer loop
      vertex -30.6 -18.6 2.6
      vertex -30.5904 -18.796 30
      vertex -30.5904 -18.796 2.6
    endloop
  endfacet
  facet normal -0.80335 0.595508 0
    outer loop
      vertex 30.146 -19.8688 2.6
      vertex 30.2629 -19.7111 30
      vertex 30.2629 -19.7111 2.6
    endloop
  endfacet
  facet normal -0.80335 0.595508 0
    outer loop
      vertex 30.2629 -19.7111 30
      vertex 30.146 -19.8688 2.6
      vertex 30.146 -19.8688 30
    endloop
  endfacet
  facet normal -0.989182 -0.146696 0
    outer loop
      vertex 30.5904 18.796 2.6
      vertex 30.5616 18.9902 30
      vertex 30.5616 18.9902 2.6
    endloop
  endfacet
  facet normal -0.989182 -0.146696 0
    outer loop
      vertex 30.5616 18.9902 30
      vertex 30.5904 18.796 2.6
      vertex 30.5904 18.796 30
    endloop
  endfacet
  facet normal -0.998803 -0.0489209 0
    outer loop
      vertex 30.6 18.6 2.6
      vertex 30.5904 18.796 30
      vertex 30.5904 18.796 2.6
    endloop
  endfacet
  facet normal -0.998803 -0.0489209 0
    outer loop
      vertex 30.5904 18.796 30
      vertex 30.6 18.6 2.6
      vertex 30.6 18.6 30
    endloop
  endfacet
  facet normal 0.857673 -0.514196 0
    outer loop
      vertex -30.3638 19.5428 30
      vertex -30.2629 19.7111 2.6
      vertex -30.2629 19.7111 30
    endloop
  endfacet
  facet normal 0.857673 -0.514196 0
    outer loop
      vertex -30.2629 19.7111 2.6
      vertex -30.3638 19.5428 30
      vertex -30.3638 19.5428 2.6
    endloop
  endfacet
  facet normal -0.9038 -0.427955 0
    outer loop
      vertex 30.4478 19.3654 2.6
      vertex 30.3638 19.5428 30
      vertex 30.3638 19.5428 2.6
    endloop
  endfacet
  facet normal -0.9038 -0.427955 0
    outer loop
      vertex 30.3638 19.5428 30
      vertex 30.4478 19.3654 2.6
      vertex 30.4478 19.3654 30
    endloop
  endfacet
  facet normal -0.427955 -0.9038 0
    outer loop
      vertex 29.3654 20.4478 2.6
      vertex 29.5428 20.3638 30
      vertex 29.3654 20.4478 30
    endloop
  endfacet
  facet normal -0.427955 -0.9038 -0
    outer loop
      vertex 29.5428 20.3638 30
      vertex 29.3654 20.4478 2.6
      vertex 29.5428 20.3638 2.6
    endloop
  endfacet
  facet normal -0.146696 -0.989182 0
    outer loop
      vertex 28.796 20.5904 2.6
      vertex 28.9902 20.5616 30
      vertex 28.796 20.5904 30
    endloop
  endfacet
  facet normal -0.146696 -0.989182 -0
    outer loop
      vertex 28.9902 20.5616 30
      vertex 28.796 20.5904 2.6
      vertex 28.9902 20.5616 2.6
    endloop
  endfacet
  facet normal 0.740908 0.671607 0
    outer loop
      vertex -30.0142 -20.0142 30
      vertex -30.146 -19.8688 2.6
      vertex -30.146 -19.8688 30
    endloop
  endfacet
  facet normal 0.740908 0.671607 0
    outer loop
      vertex -30.146 -19.8688 2.6
      vertex -30.0142 -20.0142 30
      vertex -30.0142 -20.0142 2.6
    endloop
  endfacet
  facet normal 1 0 0
    outer loop
      vertex -30.6 -2.5 12
      vertex -30.6 18.6 30
      vertex -30.6 -2.5 22
    endloop
  endfacet
  facet normal 1 -0 0
    outer loop
      vertex -30.6 -18.6 30
      vertex -30.6 -2.5 22
      vertex -30.6 18.6 30
    endloop
  endfacet
  facet normal 1 0 0
    outer loop
      vertex -30.6 -17.5 22
      vertex -30.6 -18.6 30
      vertex -30.6 -17.5 12
    endloop
  endfacet
  facet normal 1 0 0
    outer loop
      vertex -30.6 -2.5 22
      vertex -30.6 -18.6 30
      vertex -30.6 -17.5 22
    endloop
  endfacet
  facet normal 1 0 0
    outer loop
      vertex -30.6 18.6 30
      vertex -30.6 -2.5 12
      vertex -30.6 18.6 2.6
    endloop
  endfacet
  facet normal 1 0 0
    outer loop
      vertex -30.6 -18.6 2.6
      vertex -30.6 -2.5 12
      vertex -30.6 -17.5 12
    endloop
  endfacet
  facet normal 1 0 0
    outer loop
      vertex -30.6 -2.5 12
      vertex -30.6 -18.6 2.6
      vertex -30.6 18.6 2.6
    endloop
  endfacet
  facet normal 1 0 0
    outer loop
      vertex -30.6 -18.6 2.6
      vertex -30.6 -17.5 12
      vertex -30.6 -18.6 30
    endloop
  endfacet
  facet normal 0.970023 -0.243015 0
    outer loop
      vertex -30.5616 18.9902 30
      vertex -30.5139 19.1806 2.6
      vertex -30.5139 19.1806 30
    endloop
  endfacet
  facet normal 0.970023 -0.243015 0
    outer loop
      vertex -30.5139 19.1806 2.6
      vertex -30.5616 18.9902 30
      vertex -30.5616 18.9902 2.6
    endloop
  endfacet
  facet normal -0.514196 0.857673 0
    outer loop
      vertex 29.7111 -20.2629 2.6
      vertex 29.5428 -20.3638 30
      vertex 29.7111 -20.2629 30
    endloop
  endfacet
  facet normal -0.514196 0.857673 0
    outer loop
      vertex 29.5428 -20.3638 30
      vertex 29.7111 -20.2629 2.6
      vertex 29.5428 -20.3638 2.6
    endloop
  endfacet
  facet normal -0.427955 0.9038 0
    outer loop
      vertex 29.5428 -20.3638 2.6
      vertex 29.3654 -20.4478 30
      vertex 29.5428 -20.3638 30
    endloop
  endfacet
  facet normal -0.427955 0.9038 0
    outer loop
      vertex 29.3654 -20.4478 30
      vertex 29.5428 -20.3638 2.6
      vertex 29.3654 -20.4478 2.6
    endloop
  endfacet
  facet normal 0 -1 0
    outer loop
      vertex -28.6 20.6 2.6
      vertex 28.6 20.6 30
      vertex -28.6 20.6 30
    endloop
  endfacet
  facet normal 0 -1 -0
    outer loop
      vertex 28.6 20.6 30
      vertex -28.6 20.6 2.6
      vertex 28.6 20.6 2.6
    endloop
  endfacet
  facet normal 0 1 -0
    outer loop
      vertex 28.6 -20.6 2.6
      vertex -28.6 -20.6 30
      vertex 28.6 -20.6 30
    endloop
  endfacet
  facet normal 0 1 0
    outer loop
      vertex -28.6 -20.6 30
      vertex 28.6 -20.6 2.6
      vertex -28.6 -20.6 2.6
    endloop
  endfacet
  facet normal -1 0 0
    outer loop
      vertex 30.6 18.6 2.6
      vertex 30.6 15.25 16
      vertex 30.6 18.6 30
    endloop
  endfacet
  facet normal -1 0 0
    outer loop
      vertex 30.6 18.6 2.6
      vertex 30.6 15.2295 15.5834
      vertex 30.6 15.25 16
    endloop
  endfacet
  facet normal -1 0 0
    outer loop
      vertex 30.6 18.6 2.6
      vertex 30.6 15.1683 15.1709
      vertex 30.6 15.2295 15.5834
    endloop
  endfacet
  facet normal -1 0 0
    outer loop
      vertex 30.6 18.6 2.6
      vertex 30.6 15.067 14.7663
      vertex 30.6 15.1683 15.1709
    endloop
  endfacet
  facet normal -1 0 0
    outer loop
      vertex 30.6 18.6 2.6
      vertex 30.6 14.9265 14.3736
      vertex 30.6 15.067 14.7663
    endloop
  endfacet
  facet normal -1 0 0
    outer loop
      vertex 30.6 18.6 2.6
      vertex 30.6 14.7482 13.9966
      vertex 30.6 14.9265 14.3736
    endloop
  endfacet
  facet normal -1 0 0
    outer loop
      vertex 30.6 18.6 2.6
      vertex 30.6 14.5337 13.6388
      vertex 30.6 14.7482 13.9966
    endloop
  endfacet
  facet normal -1 0 0
    outer loop
      vertex 30.6 18.6 2.6
      vertex 30.6 14.2853 13.3038
      vertex 30.6 14.5337 13.6388
    endloop
  endfacet
  facet normal -1 0 0
    outer loop
      vertex 30.6 18.6 2.6
      vertex 30.6 14.0052 12.9948
      vertex 30.6 14.2853 13.3038
    endloop
  endfacet
  facet normal -1 0 0
    outer loop
      vertex 30.6 18.6 2.6
      vertex 30.6 13.6962 12.7147
      vertex 30.6 14.0052 12.9948
    endloop
  endfacet
  facet normal -1 0 0
    outer loop
      vertex 30.6 18.6 2.6
      vertex 30.6 13.3612 12.4663
      vertex 30.6 13.6962 12.7147
    endloop
  endfacet
  facet normal -1 0 0
    outer loop
      vertex 30.6 18.6 2.6
      vertex 30.6 13.0034 12.2518
      vertex 30.6 13.3612 12.4663
    endloop
  endfacet
  facet normal -1 0 0
    outer loop
      vertex 30.6 18.6 2.6
      vertex 30.6 12.6264 12.0735
      vertex 30.6 13.0034 12.2518
    endloop
  endfacet
  facet normal -1 0 0
    outer loop
      vertex 30.6 18.6 2.6
      vertex 30.6 12.2337 11.933
      vertex 30.6 12.6264 12.0735
    endloop
  endfacet
  facet normal -1 0 0
    outer loop
      vertex 30.6 18.6 2.6
      vertex 30.6 11.8291 11.8317
      vertex 30.6 12.2337 11.933
    endloop
  endfacet
  facet normal -1 0 0
    outer loop
      vertex 30.6 18.6 2.6
      vertex 30.6 11.4166 11.7705
      vertex 30.6 11.8291 11.8317
    endloop
  endfacet
  facet normal -1 0 0
    outer loop
      vertex 30.6 18.6 2.6
      vertex 30.6 11 11.75
      vertex 30.6 11.4166 11.7705
    endloop
  endfacet
  facet normal -1 0 0
    outer loop
      vertex 30.6 18.6 2.6
      vertex 30.6 10.5834 11.7705
      vertex 30.6 11 11.75
    endloop
  endfacet
  facet normal -1 0 0
    outer loop
      vertex 30.6 18.6 2.6
      vertex 30.6 10.1709 11.8317
      vertex 30.6 10.5834 11.7705
    endloop
  endfacet
  facet normal -1 0 0
    outer loop
      vertex 30.6 18.6 2.6
      vertex 30.6 9.76629 11.933
      vertex 30.6 10.1709 11.8317
    endloop
  endfacet
  facet normal -1 0 0
    outer loop
      vertex 30.6 18.6 2.6
      vertex 30.6 9.3736 12.0735
      vertex 30.6 9.76629 11.933
    endloop
  endfacet
  facet normal -1 0 0
    outer loop
      vertex 30.6 18.6 2.6
      vertex 30.6 8.99656 12.2518
      vertex 30.6 9.3736 12.0735
    endloop
  endfacet
  facet normal -1 0 0
    outer loop
      vertex 30.6 -18.6 2.6
      vertex 30.6 8.99656 12.2518
      vertex 30.6 18.6 2.6
    endloop
  endfacet
  facet normal -1 -0 0
    outer loop
      vertex 30.6 8.99656 12.2518
      vertex 30.6 -18.6 2.6
      vertex 30.6 8.63883 12.4663
    endloop
  endfacet
  facet normal -1 -0 0
    outer loop
      vertex 30.6 8.63883 12.4663
      vertex 30.6 -18.6 2.6
      vertex 30.6 8.30383 12.7147
    endloop
  endfacet
  facet normal -1 -0 0
    outer loop
      vertex 30.6 6.77046 15.5834
      vertex 30.6 -18.6 2.6
      vertex 30.6 6.75 16
    endloop
  endfacet
  facet normal -1 -0 0
    outer loop
      vertex 30.6 6.83166 15.1709
      vertex 30.6 -18.6 2.6
      vertex 30.6 6.77046 15.5834
    endloop
  endfacet
  facet normal -1 -0 0
    outer loop
      vertex 30.6 6.933 14.7663
      vertex 30.6 -18.6 2.6
      vertex 30.6 6.83166 15.1709
    endloop
  endfacet
  facet normal -1 -0 0
    outer loop
      vertex 30.6 7.07351 14.3736
      vertex 30.6 -18.6 2.6
      vertex 30.6 6.933 14.7663
    endloop
  endfacet
  facet normal -1 -0 0
    outer loop
      vertex 30.6 7.25183 13.9966
      vertex 30.6 -18.6 2.6
      vertex 30.6 7.07351 14.3736
    endloop
  endfacet
  facet normal -1 -0 0
    outer loop
      vertex 30.6 7.46625 13.6388
      vertex 30.6 -18.6 2.6
      vertex 30.6 7.25183 13.9966
    endloop
  endfacet
  facet normal -1 -0 0
    outer loop
      vertex 30.6 7.71471 13.3038
      vertex 30.6 -18.6 2.6
      vertex 30.6 7.46625 13.6388
    endloop
  endfacet
  facet normal -1 -0 0
    outer loop
      vertex 30.6 7.9948 12.9948
      vertex 30.6 -18.6 2.6
      vertex 30.6 7.71471 13.3038
    endloop
  endfacet
  facet normal -1 -0 0
    outer loop
      vertex 30.6 8.30383 12.7147
      vertex 30.6 -18.6 2.6
      vertex 30.6 7.9948 12.9948
    endloop
  endfacet
  facet normal -1 0 0
    outer loop
      vertex 30.6 15.2295 16.4166
      vertex 30.6 18.6 30
      vertex 30.6 15.25 16
    endloop
  endfacet
  facet normal -1 0 0
    outer loop
      vertex 30.6 15.1683 16.8291
      vertex 30.6 18.6 30
      vertex 30.6 15.2295 16.4166
    endloop
  endfacet
  facet normal -1 0 0
    outer loop
      vertex 30.6 15.067 17.2337
      vertex 30.6 18.6 30
      vertex 30.6 15.1683 16.8291
    endloop
  endfacet
  facet normal -1 0 0
    outer loop
      vertex 30.6 14.9265 17.6264
      vertex 30.6 18.6 30
      vertex 30.6 15.067 17.2337
    endloop
  endfacet
  facet normal -1 0 0
    outer loop
      vertex 30.6 14.7482 18.0034
      vertex 30.6 18.6 30
      vertex 30.6 14.9265 17.6264
    endloop
  endfacet
  facet normal -1 0 0
    outer loop
      vertex 30.6 14.5337 18.3612
      vertex 30.6 18.6 30
      vertex 30.6 14.7482 18.0034
    endloop
  endfacet
  facet normal -1 0 0
    outer loop
      vertex 30.6 14.2853 18.6962
      vertex 30.6 18.6 30
      vertex 30.6 14.5337 18.3612
    endloop
  endfacet
  facet normal -1 0 0
    outer loop
      vertex 30.6 14.0052 19.0052
      vertex 30.6 18.6 30
      vertex 30.6 14.2853 18.6962
    endloop
  endfacet
  facet normal -1 0 0
    outer loop
      vertex 30.6 13.6962 19.2853
      vertex 30.6 18.6 30
      vertex 30.6 14.0052 19.0052
    endloop
  endfacet
  facet normal -1 0 0
    outer loop
      vertex 30.6 13.3612 19.5337
      vertex 30.6 18.6 30
      vertex 30.6 13.6962 19.2853
    endloop
  endfacet
  facet normal -1 0 0
    outer loop
      vertex 30.6 13.0034 19.7482
      vertex 30.6 18.6 30
      vertex 30.6 13.3612 19.5337
    endloop
  endfacet
  facet normal -1 0 0
    outer loop
      vertex 30.6 12.6264 19.9265
      vertex 30.6 18.6 30
      vertex 30.6 13.0034 19.7482
    endloop
  endfacet
  facet normal -1 0 0
    outer loop
      vertex 30.6 12.2337 20.067
      vertex 30.6 18.6 30
      vertex 30.6 12.6264 19.9265
    endloop
  endfacet
  facet normal -1 0 0
    outer loop
      vertex 30.6 11.8291 20.1683
      vertex 30.6 18.6 30
      vertex 30.6 12.2337 20.067
    endloop
  endfacet
  facet normal -1 0 0
    outer loop
      vertex 30.6 11.4166 20.2295
      vertex 30.6 18.6 30
      vertex 30.6 11.8291 20.1683
    endloop
  endfacet
  facet normal -1 0 0
    outer loop
      vertex 30.6 11 20.25
      vertex 30.6 18.6 30
      vertex 30.6 11.4166 20.2295
    endloop
  endfacet
  facet normal -1 0 0
    outer loop
      vertex 30.6 10.5834 20.2295
      vertex 30.6 18.6 30
      vertex 30.6 11 20.25
    endloop
  endfacet
  facet normal -1 0 0
    outer loop
      vertex 30.6 10.1709 20.1683
      vertex 30.6 18.6 30
      vertex 30.6 10.5834 20.2295
    endloop
  endfacet
  facet normal -1 0 0
    outer loop
      vertex 30.6 9.76629 20.067
      vertex 30.6 18.6 30
      vertex 30.6 10.1709 20.1683
    endloop
  endfacet
  facet normal -1 0 0
    outer loop
      vertex 30.6 9.3736 19.9265
      vertex 30.6 18.6 30
      vertex 30.6 9.76629 20.067
    endloop
  endfacet
  facet normal -1 0 0
    outer loop
      vertex 30.6 8.99656 19.7482
      vertex 30.6 18.6 30
      vertex 30.6 9.3736 19.9265
    endloop
  endfacet
  facet normal -1 0 0
    outer loop
      vertex 30.6 -18.6 30
      vertex 30.6 8.99656 19.7482
      vertex 30.6 8.63883 19.5337
    endloop
  endfacet
  facet normal -1 0 0
    outer loop
      vertex 30.6 -18.6 30
      vertex 30.6 8.63883 19.5337
      vertex 30.6 8.30383 19.2853
    endloop
  endfacet
  facet normal -1 0 0
    outer loop
      vertex 30.6 -18.6 30
      vertex 30.6 8.30383 19.2853
      vertex 30.6 7.9948 19.0052
    endloop
  endfacet
  facet normal -1 0 0
    outer loop
      vertex 30.6 -18.6 30
      vertex 30.6 6.75 16
      vertex 30.6 -18.6 2.6
    endloop
  endfacet
  facet normal -1 0 0
    outer loop
      vertex 30.6 6.75 16
      vertex 30.6 -18.6 30
      vertex 30.6 6.77046 16.4166
    endloop
  endfacet
  facet normal -1 0 0
    outer loop
      vertex 30.6 6.77046 16.4166
      vertex 30.6 -18.6 30
      vertex 30.6 6.83166 16.8291
    endloop
  endfacet
  facet normal -1 0 0
    outer loop
      vertex 30.6 6.83166 16.8291
      vertex 30.6 -18.6 30
      vertex 30.6 6.933 17.2337
    endloop
  endfacet
  facet normal -1 0 0
    outer loop
      vertex 30.6 6.933 17.2337
      vertex 30.6 -18.6 30
      vertex 30.6 7.07351 17.6264
    endloop
  endfacet
  facet normal -1 0 0
    outer loop
      vertex 30.6 7.07351 17.6264
      vertex 30.6 -18.6 30
      vertex 30.6 7.25183 18.0034
    endloop
  endfacet
  facet normal -1 0 0
    outer loop
      vertex 30.6 7.25183 18.0034
      vertex 30.6 -18.6 30
      vertex 30.6 7.46625 18.3612
    endloop
  endfacet
  facet normal -1 0 0
    outer loop
      vertex 30.6 7.46625 18.3612
      vertex 30.6 -18.6 30
      vertex 30.6 7.71471 18.6962
    endloop
  endfacet
  facet normal -1 0 0
    outer loop
      vertex 30.6 7.71471 18.6962
      vertex 30.6 -18.6 30
      vertex 30.6 7.9948 19.0052
    endloop
  endfacet
  facet normal -1 0 0
    outer loop
      vertex 30.6 8.99656 19.7482
      vertex 30.6 -18.6 30
      vertex 30.6 18.6 30
    endloop
  endfacet
  facet normal -0.740908 -0.671607 0
    outer loop
      vertex 30.146 19.8688 2.6
      vertex 30.0142 20.0142 30
      vertex 30.0142 20.0142 2.6
    endloop
  endfacet
  facet normal -0.740908 -0.671607 0
    outer loop
      vertex 30.0142 20.0142 30
      vertex 30.146 19.8688 2.6
      vertex 30.146 19.8688 30
    endloop
  endfacet
  facet normal 0 0 1
    outer loop
      vertex 28.6 20.6 2.6
      vertex 30.6 18.6 2.6
      vertex 30.5904 18.796 2.6
    endloop
  endfacet
  facet normal 0 0 1
    outer loop
      vertex 30.6 18.6 2.6
      vertex 28.6 20.6 2.6
      vertex 30.6 -18.6 2.6
    endloop
  endfacet
  facet normal 0 0 1
    outer loop
      vertex 28.6 20.6 2.6
      vertex 30.5904 18.796 2.6
      vertex 30.5616 18.9902 2.6
    endloop
  endfacet
  facet normal 0 0 1
    outer loop
      vertex 28.6 -20.6 2.6
      vertex 30.6 -18.6 2.6
      vertex 28.6 20.6 2.6
    endloop
  endfacet
  facet normal 0 0 1
    outer loop
      vertex 28.6 20.6 2.6
      vertex 30.5616 18.9902 2.6
      vertex 30.5139 19.1806 2.6
    endloop
  endfacet
  facet normal 0 0 1
    outer loop
      vertex 30.6 -18.6 2.6
      vertex 28.6 -20.6 2.6
      vertex 30.5904 -18.796 2.6
    endloop
  endfacet
  facet normal 0 0 1
    outer loop
      vertex 28.6 20.6 2.6
      vertex 30.5139 19.1806 2.6
      vertex 30.4478 19.3654 2.6
    endloop
  endfacet
  facet normal 0 0 1
    outer loop
      vertex 30.5904 -18.796 2.6
      vertex 28.6 -20.6 2.6
      vertex 30.5616 -18.9902 2.6
    endloop
  endfacet
  facet normal 0 0 1
    outer loop
      vertex 28.6 20.6 2.6
      vertex 30.4478 19.3654 2.6
      vertex 30.3638 19.5428 2.6
    endloop
  endfacet
  facet normal 0 0 1
    outer loop
      vertex 30.5616 -18.9902 2.6
      vertex 28.6 -20.6 2.6
      vertex 30.5139 -19.1806 2.6
    endloop
  endfacet
  facet normal 0 0 1
    outer loop
      vertex 28.6 20.6 2.6
      vertex 30.3638 19.5428 2.6
      vertex 30.2629 19.7111 2.6
    endloop
  endfacet
  facet normal 0 0 1
    outer loop
      vertex 30.5139 -19.1806 2.6
      vertex 28.6 -20.6 2.6
      vertex 30.4478 -19.3654 2.6
    endloop
  endfacet
  facet normal 0 0 1
    outer loop
      vertex 28.6 20.6 2.6
      vertex 30.2629 19.7111 2.6
      vertex 30.146 19.8688 2.6
    endloop
  endfacet
  facet normal 0 0 1
    outer loop
      vertex 30.4478 -19.3654 2.6
      vertex 28.6 -20.6 2.6
      vertex 30.3638 -19.5428 2.6
    endloop
  endfacet
  facet normal 0 0 1
    outer loop
      vertex 28.6 20.6 2.6
      vertex 30.146 19.8688 2.6
      vertex 30.0142 20.0142 2.6
    endloop
  endfacet
  facet normal 0 0 1
    outer loop
      vertex 30.3638 -19.5428 2.6
      vertex 28.6 -20.6 2.6
      vertex 30.2629 -19.7111 2.6
    endloop
  endfacet
  facet normal 0 0 1
    outer loop
      vertex 28.6 20.6 2.6
      vertex 30.0142 20.0142 2.6
      vertex 29.8688 20.146 2.6
    endloop
  endfacet
  facet normal 0 0 1
    outer loop
      vertex 30.2629 -19.7111 2.6
      vertex 28.6 -20.6 2.6
      vertex 30.146 -19.8688 2.6
    endloop
  endfacet
  facet normal 0 0 1
    outer loop
      vertex 28.6 20.6 2.6
      vertex 29.8688 20.146 2.6
      vertex 29.7111 20.2629 2.6
    endloop
  endfacet
  facet normal 0 0 1
    outer loop
      vertex 30.146 -19.8688 2.6
      vertex 28.6 -20.6 2.6
      vertex 30.0142 -20.0142 2.6
    endloop
  endfacet
  facet normal 0 0 1
    outer loop
      vertex 28.6 20.6 2.6
      vertex 29.7111 20.2629 2.6
      vertex 29.5428 20.3638 2.6
    endloop
  endfacet
  facet normal 0 0 1
    outer loop
      vertex 30.0142 -20.0142 2.6
      vertex 28.6 -20.6 2.6
      vertex 29.8688 -20.146 2.6
    endloop
  endfacet
  facet normal 0 0 1
    outer loop
      vertex 28.6 20.6 2.6
      vertex 29.5428 20.3638 2.6
      vertex 29.3654 20.4478 2.6
    endloop
  endfacet
  facet normal 0 0 1
    outer loop
      vertex 29.8688 -20.146 2.6
      vertex 28.6 -20.6 2.6
      vertex 29.7111 -20.2629 2.6
    endloop
  endfacet
  facet normal 0 0 1
    outer loop
      vertex 28.6 20.6 2.6
      vertex 29.3654 20.4478 2.6
      vertex 29.1806 20.5139 2.6
    endloop
  endfacet
  facet normal 0 0 1
    outer loop
      vertex 29.7111 -20.2629 2.6
      vertex 28.6 -20.6 2.6
      vertex 29.5428 -20.3638 2.6
    endloop
  endfacet
  facet normal 0 0 1
    outer loop
      vertex 28.6 20.6 2.6
      vertex 29.1806 20.5139 2.6
      vertex 28.9902 20.5616 2.6
    endloop
  endfacet
  facet normal 0 0 1
    outer loop
      vertex 29.5428 -20.3638 2.6
      vertex 28.6 -20.6 2.6
      vertex 29.3654 -20.4478 2.6
    endloop
  endfacet
  facet normal 0 0 1
    outer loop
      vertex 28.6 20.6 2.6
      vertex 28.9902 20.5616 2.6
      vertex 28.796 20.5904 2.6
    endloop
  endfacet
  facet normal 0 0 1
    outer loop
      vertex 29.3654 -20.4478 2.6
      vertex 28.6 -20.6 2.6
      vertex 29.1806 -20.5139 2.6
    endloop
  endfacet
  facet normal 0 0 1
    outer loop
      vertex 29.1806 -20.5139 2.6
      vertex 28.6 -20.6 2.6
      vertex 28.9902 -20.5616 2.6
    endloop
  endfacet
  facet normal 0 0 1
    outer loop
      vertex 28.9902 -20.5616 2.6
      vertex 28.6 -20.6 2.6
      vertex 28.796 -20.5904 2.6
    endloop
  endfacet
  facet normal -0 0 1
    outer loop
      vertex -28.6 20.6 2.6
      vertex 28.6 -20.6 2.6
      vertex 28.6 20.6 2.6
    endloop
  endfacet
  facet normal 0 0 1
    outer loop
      vertex -28.6 20.6 2.6
      vertex -28.6 -20.6 2.6
      vertex 28.6 -20.6 2.6
    endloop
  endfacet
  facet normal 0 0 1
    outer loop
      vertex -30.6 18.6 2.6
      vertex -28.6 20.6 2.6
      vertex -28.796 20.5904 2.6
    endloop
  endfacet
  facet normal 0 0 1
    outer loop
      vertex -28.6 20.6 2.6
      vertex -30.6 18.6 2.6
      vertex -28.6 -20.6 2.6
    endloop
  endfacet
  facet normal 0 0 1
    outer loop
      vertex -30.6 18.6 2.6
      vertex -28.796 20.5904 2.6
      vertex -28.9902 20.5616 2.6
    endloop
  endfacet
  facet normal -0 0 1
    outer loop
      vertex -30.6 -18.6 2.6
      vertex -28.6 -20.6 2.6
      vertex -30.6 18.6 2.6
    endloop
  endfacet
  facet normal 0 0 1
    outer loop
      vertex -30.6 18.6 2.6
      vertex -28.9902 20.5616 2.6
      vertex -29.1806 20.5139 2.6
    endloop
  endfacet
  facet normal 0 0 1
    outer loop
      vertex -28.6 -20.6 2.6
      vertex -30.6 -18.6 2.6
      vertex -28.796 -20.5904 2.6
    endloop
  endfacet
  facet normal 0 0 1
    outer loop
      vertex -30.6 18.6 2.6
      vertex -29.1806 20.5139 2.6
      vertex -29.3654 20.4478 2.6
    endloop
  endfacet
  facet normal 0 0 1
    outer loop
      vertex -28.796 -20.5904 2.6
      vertex -30.6 -18.6 2.6
      vertex -28.9902 -20.5616 2.6
    endloop
  endfacet
  facet normal 0 0 1
    outer loop
      vertex -30.6 18.6 2.6
      vertex -29.3654 20.4478 2.6
      vertex -29.5428 20.3638 2.6
    endloop
  endfacet
  facet normal 0 0 1
    outer loop
      vertex -28.9902 -20.5616 2.6
      vertex -30.6 -18.6 2.6
      vertex -29.1806 -20.5139 2.6
    endloop
  endfacet
  facet normal 0 0 1
    outer loop
      vertex -30.6 18.6 2.6
      vertex -29.5428 20.3638 2.6
      vertex -29.7111 20.2629 2.6
    endloop
  endfacet
  facet normal 0 0 1
    outer loop
      vertex -29.1806 -20.5139 2.6
      vertex -30.6 -18.6 2.6
      vertex -29.3654 -20.4478 2.6
    endloop
  endfacet
  facet normal 0 0 1
    outer loop
      vertex -30.6 18.6 2.6
      vertex -29.7111 20.2629 2.6
      vertex -29.8688 20.146 2.6
    endloop
  endfacet
  facet normal 0 0 1
    outer loop
      vertex -29.3654 -20.4478 2.6
      vertex -30.6 -18.6 2.6
      vertex -29.5428 -20.3638 2.6
    endloop
  endfacet
  facet normal 0 0 1
    outer loop
      vertex -30.6 18.6 2.6
      vertex -29.8688 20.146 2.6
      vertex -30.0142 20.0142 2.6
    endloop
  endfacet
  facet normal 0 0 1
    outer loop
      vertex -29.5428 -20.3638 2.6
      vertex -30.6 -18.6 2.6
      vertex -29.7111 -20.2629 2.6
    endloop
  endfacet
  facet normal 0 0 1
    outer loop
      vertex -30.6 18.6 2.6
      vertex -30.0142 20.0142 2.6
      vertex -30.146 19.8688 2.6
    endloop
  endfacet
  facet normal 0 0 1
    outer loop
      vertex -29.7111 -20.2629 2.6
      vertex -30.6 -18.6 2.6
      vertex -29.8688 -20.146 2.6
    endloop
  endfacet
  facet normal 0 0 1
    outer loop
      vertex -30.6 18.6 2.6
      vertex -30.146 19.8688 2.6
      vertex -30.2629 19.7111 2.6
    endloop
  endfacet
  facet normal 0 0 1
    outer loop
      vertex -29.8688 -20.146 2.6
      vertex -30.6 -18.6 2.6
      vertex -30.0142 -20.0142 2.6
    endloop
  endfacet
  facet normal 0 0 1
    outer loop
      vertex -30.6 18.6 2.6
      vertex -30.2629 19.7111 2.6
      vertex -30.3638 19.5428 2.6
    endloop
  endfacet
  facet normal 0 0 1
    outer loop
      vertex -30.0142 -20.0142 2.6
      vertex -30.6 -18.6 2.6
      vertex -30.146 -19.8688 2.6
    endloop
  endfacet
  facet normal 0 0 1
    outer loop
      vertex -30.6 18.6 2.6
      vertex -30.3638 19.5428 2.6
      vertex -30.4478 19.3654 2.6
    endloop
  endfacet
  facet normal 0 0 1
    outer loop
      vertex -30.146 -19.8688 2.6
      vertex -30.6 -18.6 2.6
      vertex -30.2629 -19.7111 2.6
    endloop
  endfacet
  facet normal 0 0 1
    outer loop
      vertex -30.6 18.6 2.6
      vertex -30.4478 19.3654 2.6
      vertex -30.5139 19.1806 2.6
    endloop
  endfacet
  facet normal 0 0 1
    outer loop
      vertex -30.2629 -19.7111 2.6
      vertex -30.6 -18.6 2.6
      vertex -30.3638 -19.5428 2.6
    endloop
  endfacet
  facet normal 0 0 1
    outer loop
      vertex -30.6 18.6 2.6
      vertex -30.5139 19.1806 2.6
      vertex -30.5616 18.9902 2.6
    endloop
  endfacet
  facet normal 0 0 1
    outer loop
      vertex -30.3638 -19.5428 2.6
      vertex -30.6 -18.6 2.6
      vertex -30.4478 -19.3654 2.6
    endloop
  endfacet
  facet normal 0 0 1
    outer loop
      vertex -30.6 18.6 2.6
      vertex -30.5616 18.9902 2.6
      vertex -30.5904 18.796 2.6
    endloop
  endfacet
  facet normal 0 0 1
    outer loop
      vertex -30.4478 -19.3654 2.6
      vertex -30.6 -18.6 2.6
      vertex -30.5139 -19.1806 2.6
    endloop
  endfacet
  facet normal 0 0 1
    outer loop
      vertex -30.5139 -19.1806 2.6
      vertex -30.6 -18.6 2.6
      vertex -30.5616 -18.9902 2.6
    endloop
  endfacet
  facet normal 0 0 1
    outer loop
      vertex -30.5616 -18.9902 2.6
      vertex -30.6 -18.6 2.6
      vertex -30.5904 -18.796 2.6
    endloop
  endfacet
  facet normal -0.243015 0.970023 0
    outer loop
      vertex 29.1806 -20.5139 2.6
      vertex 28.9902 -20.5616 30
      vertex 29.1806 -20.5139 30
    endloop
  endfacet
  facet normal -0.243015 0.970023 0
    outer loop
      vertex 28.9902 -20.5616 30
      vertex 29.1806 -20.5139 2.6
      vertex 28.9902 -20.5616 2.6
    endloop
  endfacet
  facet normal -0.243015 -0.970023 0
    outer loop
      vertex 28.9902 20.5616 2.6
      vertex 29.1806 20.5139 30
      vertex 28.9902 20.5616 30
    endloop
  endfacet
  facet normal -0.243015 -0.970023 -0
    outer loop
      vertex 29.1806 20.5139 30
      vertex 28.9902 20.5616 2.6
      vertex 29.1806 20.5139 2.6
    endloop
  endfacet
  facet normal -0.857673 0.514196 0
    outer loop
      vertex 30.2629 -19.7111 2.6
      vertex 30.3638 -19.5428 30
      vertex 30.3638 -19.5428 2.6
    endloop
  endfacet
  facet normal -0.857673 0.514196 0
    outer loop
      vertex 30.3638 -19.5428 30
      vertex 30.2629 -19.7111 2.6
      vertex 30.2629 -19.7111 30
    endloop
  endfacet
  facet normal -0.94158 -0.336788 0
    outer loop
      vertex 30.5139 19.1806 2.6
      vertex 30.4478 19.3654 30
      vertex 30.4478 19.3654 2.6
    endloop
  endfacet
  facet normal -0.94158 -0.336788 0
    outer loop
      vertex 30.4478 19.3654 30
      vertex 30.5139 19.1806 2.6
      vertex 30.5139 19.1806 30
    endloop
  endfacet
  facet normal 0.998803 -0.0489209 0
    outer loop
      vertex -30.6 18.6 30
      vertex -30.5904 18.796 2.6
      vertex -30.5904 18.796 30
    endloop
  endfacet
  facet normal 0.998803 -0.0489209 0
    outer loop
      vertex -30.5904 18.796 2.6
      vertex -30.6 18.6 30
      vertex -30.6 18.6 2.6
    endloop
  endfacet
  facet normal 0.514196 -0.857673 0
    outer loop
      vertex -29.7111 20.2629 2.6
      vertex -29.5428 20.3638 30
      vertex -29.7111 20.2629 30
    endloop
  endfacet
  facet normal 0.514196 -0.857673 0
    outer loop
      vertex -29.5428 20.3638 30
      vertex -29.7111 20.2629 2.6
      vertex -29.5428 20.3638 2.6
    endloop
  endfacet
  facet normal -0.514196 -0.857673 0
    outer loop
      vertex 29.5428 20.3638 2.6
      vertex 29.7111 20.2629 30
      vertex 29.5428 20.3638 30
    endloop
  endfacet
  facet normal -0.514196 -0.857673 -0
    outer loop
      vertex 29.7111 20.2629 30
      vertex 29.5428 20.3638 2.6
      vertex 29.7111 20.2629 2.6
    endloop
  endfacet
  facet normal -0.857673 -0.514196 0
    outer loop
      vertex 30.3638 19.5428 2.6
      vertex 30.2629 19.7111 30
      vertex 30.2629 19.7111 2.6
    endloop
  endfacet
  facet normal -0.857673 -0.514196 0
    outer loop
      vertex 30.2629 19.7111 30
      vertex 30.3638 19.5428 2.6
      vertex 30.3638 19.5428 30
    endloop
  endfacet
  facet normal -0.0489209 0.998803 0
    outer loop
      vertex 28.796 -20.5904 2.6
      vertex 28.6 -20.6 30
      vertex 28.796 -20.5904 30
    endloop
  endfacet
  facet normal -0.0489209 0.998803 0
    outer loop
      vertex 28.6 -20.6 30
      vertex 28.796 -20.5904 2.6
      vertex 28.6 -20.6 2.6
    endloop
  endfacet
  facet normal 0.740908 -0.671607 0
    outer loop
      vertex -30.146 19.8688 30
      vertex -30.0142 20.0142 2.6
      vertex -30.0142 20.0142 30
    endloop
  endfacet
  facet normal 0.740908 -0.671607 0
    outer loop
      vertex -30.0142 20.0142 2.6
      vertex -30.146 19.8688 30
      vertex -30.146 19.8688 2.6
    endloop
  endfacet
  facet normal 0.970023 0.243015 0
    outer loop
      vertex -30.5139 -19.1806 30
      vertex -30.5616 -18.9902 2.6
      vertex -30.5616 -18.9902 30
    endloop
  endfacet
  facet normal 0.970023 0.243015 0
    outer loop
      vertex -30.5616 -18.9902 2.6
      vertex -30.5139 -19.1806 30
      vertex -30.5139 -19.1806 2.6
    endloop
  endfacet
  facet normal -0.336788 0.94158 0
    outer loop
      vertex 29.3654 -20.4478 2.6
      vertex 29.1806 -20.5139 30
      vertex 29.3654 -20.4478 30
    endloop
  endfacet
  facet normal -0.336788 0.94158 0
    outer loop
      vertex 29.1806 -20.5139 30
      vertex 29.3654 -20.4478 2.6
      vertex 29.1806 -20.5139 2.6
    endloop
  endfacet
  facet normal -0.671607 -0.740908 0
    outer loop
      vertex 29.8688 20.146 2.6
      vertex 30.0142 20.0142 30
      vertex 29.8688 20.146 30
    endloop
  endfacet
  facet normal -0.671607 -0.740908 -0
    outer loop
      vertex 30.0142 20.0142 30
      vertex 29.8688 20.146 2.6
      vertex 30.0142 20.0142 2.6
    endloop
  endfacet
  facet normal 0.9038 -0.427955 0
    outer loop
      vertex -30.4478 19.3654 30
      vertex -30.3638 19.5428 2.6
      vertex -30.3638 19.5428 30
    endloop
  endfacet
  facet normal 0.9038 -0.427955 0
    outer loop
      vertex -30.3638 19.5428 2.6
      vertex -30.4478 19.3654 30
      vertex -30.4478 19.3654 2.6
    endloop
  endfacet
  facet normal 0.427955 -0.9038 0
    outer loop
      vertex -29.5428 20.3638 2.6
      vertex -29.3654 20.4478 30
      vertex -29.5428 20.3638 30
    endloop
  endfacet
  facet normal 0.427955 -0.9038 0
    outer loop
      vertex -29.3654 20.4478 30
      vertex -29.5428 20.3638 2.6
      vertex -29.3654 20.4478 2.6
    endloop
  endfacet
  facet normal 0.595508 -0.80335 0
    outer loop
      vertex -29.8688 20.146 2.6
      vertex -29.7111 20.2629 30
      vertex -29.8688 20.146 30
    endloop
  endfacet
  facet normal 0.595508 -0.80335 0
    outer loop
      vertex -29.7111 20.2629 30
      vertex -29.8688 20.146 2.6
      vertex -29.7111 20.2629 2.6
    endloop
  endfacet
  facet normal -0.970023 0.243015 0
    outer loop
      vertex 30.5139 -19.1806 2.6
      vertex 30.5616 -18.9902 30
      vertex 30.5616 -18.9902 2.6
    endloop
  endfacet
  facet normal -0.970023 0.243015 0
    outer loop
      vertex 30.5616 -18.9902 30
      vertex 30.5139 -19.1806 2.6
      vertex 30.5139 -19.1806 30
    endloop
  endfacet
  facet normal -0.9038 0.427955 0
    outer loop
      vertex 30.3638 -19.5428 2.6
      vertex 30.4478 -19.3654 30
      vertex 30.4478 -19.3654 2.6
    endloop
  endfacet
  facet normal -0.9038 0.427955 0
    outer loop
      vertex 30.4478 -19.3654 30
      vertex 30.3638 -19.5428 2.6
      vertex 30.3638 -19.5428 30
    endloop
  endfacet
  facet normal 0.989182 -0.146696 0
    outer loop
      vertex -30.5904 18.796 30
      vertex -30.5616 18.9902 2.6
      vertex -30.5616 18.9902 30
    endloop
  endfacet
  facet normal 0.989182 -0.146696 0
    outer loop
      vertex -30.5616 18.9902 2.6
      vertex -30.5904 18.796 30
      vertex -30.5904 18.796 2.6
    endloop
  endfacet
  facet normal -0.595508 0.80335 0
    outer loop
      vertex 29.8688 -20.146 2.6
      vertex 29.7111 -20.2629 30
      vertex 29.8688 -20.146 30
    endloop
  endfacet
  facet normal -0.595508 0.80335 0
    outer loop
      vertex 29.7111 -20.2629 30
      vertex 29.8688 -20.146 2.6
      vertex 29.7111 -20.2629 2.6
    endloop
  endfacet
  facet normal 0.671607 -0.740908 0
    outer loop
      vertex -30.0142 20.0142 2.6
      vertex -29.8688 20.146 30
      vertex -30.0142 20.0142 30
    endloop
  endfacet
  facet normal 0.671607 -0.740908 0
    outer loop
      vertex -29.8688 20.146 30
      vertex -30.0142 20.0142 2.6
      vertex -29.8688 20.146 2.6
    endloop
  endfacet
  facet normal -0.94158 0.336788 0
    outer loop
      vertex 30.4478 -19.3654 2.6
      vertex 30.5139 -19.1806 30
      vertex 30.5139 -19.1806 2.6
    endloop
  endfacet
  facet normal -0.94158 0.336788 0
    outer loop
      vertex 30.5139 -19.1806 30
      vertex 30.4478 -19.3654 2.6
      vertex 30.4478 -19.3654 30
    endloop
  endfacet
  facet normal 0.671607 0.740908 -0
    outer loop
      vertex -29.8688 -20.146 2.6
      vertex -30.0142 -20.0142 30
      vertex -29.8688 -20.146 30
    endloop
  endfacet
  facet normal 0.671607 0.740908 0
    outer loop
      vertex -30.0142 -20.0142 30
      vertex -29.8688 -20.146 2.6
      vertex -30.0142 -20.0142 2.6
    endloop
  endfacet
  facet normal 0.243015 -0.970023 0
    outer loop
      vertex -29.1806 20.5139 2.6
      vertex -28.9902 20.5616 30
      vertex -29.1806 20.5139 30
    endloop
  endfacet
  facet normal 0.243015 -0.970023 0
    outer loop
      vertex -28.9902 20.5616 30
      vertex -29.1806 20.5139 2.6
      vertex -28.9902 20.5616 2.6
    endloop
  endfacet
  facet normal -0.671607 0.740908 0
    outer loop
      vertex 30.0142 -20.0142 2.6
      vertex 29.8688 -20.146 30
      vertex 30.0142 -20.0142 30
    endloop
  endfacet
  facet normal -0.671607 0.740908 0
    outer loop
      vertex 29.8688 -20.146 30
      vertex 30.0142 -20.0142 2.6
      vertex 29.8688 -20.146 2.6
    endloop
  endfacet
  facet normal -0.336788 -0.94158 0
    outer loop
      vertex 29.1806 20.5139 2.6
      vertex 29.3654 20.4478 30
      vertex 29.1806 20.5139 30
    endloop
  endfacet
  facet normal -0.336788 -0.94158 -0
    outer loop
      vertex 29.3654 20.4478 30
      vertex 29.1806 20.5139 2.6
      vertex 29.3654 20.4478 2.6
    endloop
  endfacet
  facet normal 0.336788 -0.94158 0
    outer loop
      vertex -29.3654 20.4478 2.6
      vertex -29.1806 20.5139 30
      vertex -29.3654 20.4478 30
    endloop
  endfacet
  facet normal 0.336788 -0.94158 0
    outer loop
      vertex -29.1806 20.5139 30
      vertex -29.3654 20.4478 2.6
      vertex -29.1806 20.5139 2.6
    endloop
  endfacet
  facet normal 0.857673 0.514196 0
    outer loop
      vertex -30.2629 -19.7111 30
      vertex -30.3638 -19.5428 2.6
      vertex -30.3638 -19.5428 30
    endloop
  endfacet
  facet normal 0.857673 0.514196 0
    outer loop
      vertex -30.3638 -19.5428 2.6
      vertex -30.2629 -19.7111 30
      vertex -30.2629 -19.7111 2.6
    endloop
  endfacet
  facet normal 0.427955 0.9038 -0
    outer loop
      vertex -29.3654 -20.4478 2.6
      vertex -29.5428 -20.3638 30
      vertex -29.3654 -20.4478 30
    endloop
  endfacet
  facet normal 0.427955 0.9038 0
    outer loop
      vertex -29.5428 -20.3638 30
      vertex -29.3654 -20.4478 2.6
      vertex -29.5428 -20.3638 2.6
    endloop
  endfacet
  facet normal 0.80335 0.595508 0
    outer loop
      vertex -30.146 -19.8688 30
      vertex -30.2629 -19.7111 2.6
      vertex -30.2629 -19.7111 30
    endloop
  endfacet
  facet normal 0.80335 0.595508 0
    outer loop
      vertex -30.2629 -19.7111 2.6
      vertex -30.146 -19.8688 30
      vertex -30.146 -19.8688 2.6
    endloop
  endfacet
  facet normal -0.998803 0.0489209 0
    outer loop
      vertex 30.5904 -18.796 2.6
      vertex 30.6 -18.6 30
      vertex 30.6 -18.6 2.6
    endloop
  endfacet
  facet normal -0.998803 0.0489209 0
    outer loop
      vertex 30.6 -18.6 30
      vertex 30.5904 -18.796 2.6
      vertex 30.5904 -18.796 30
    endloop
  endfacet
  facet normal -0.989182 0.146696 0
    outer loop
      vertex 30.5616 -18.9902 2.6
      vertex 30.5904 -18.796 30
      vertex 30.5904 -18.796 2.6
    endloop
  endfacet
  facet normal -0.989182 0.146696 0
    outer loop
      vertex 30.5904 -18.796 30
      vertex 30.5616 -18.9902 2.6
      vertex 30.5616 -18.9902 30
    endloop
  endfacet
  facet normal 0.0489209 -0.998803 0
    outer loop
      vertex -28.796 20.5904 2.6
      vertex -28.6 20.6 30
      vertex -28.796 20.5904 30
    endloop
  endfacet
  facet normal 0.0489209 -0.998803 0
    outer loop
      vertex -28.6 20.6 30
      vertex -28.796 20.5904 2.6
      vertex -28.6 20.6 2.6
    endloop
  endfacet
  facet normal 0.514196 0.857673 -0
    outer loop
      vertex -29.5428 -20.3638 2.6
      vertex -29.7111 -20.2629 30
      vertex -29.5428 -20.3638 30
    endloop
  endfacet
  facet normal 0.514196 0.857673 0
    outer loop
      vertex -29.7111 -20.2629 30
      vertex -29.5428 -20.3638 2.6
      vertex -29.7111 -20.2629 2.6
    endloop
  endfacet
  facet normal 0.243015 0.970023 -0
    outer loop
      vertex -28.9902 -20.5616 2.6
      vertex -29.1806 -20.5139 30
      vertex -28.9902 -20.5616 30
    endloop
  endfacet
  facet normal 0.243015 0.970023 0
    outer loop
      vertex -29.1806 -20.5139 30
      vertex -28.9902 -20.5616 2.6
      vertex -29.1806 -20.5139 2.6
    endloop
  endfacet
  facet normal 0.0489209 0.998803 -0
    outer loop
      vertex -28.6 -20.6 2.6
      vertex -28.796 -20.5904 30
      vertex -28.6 -20.6 30
    endloop
  endfacet
  facet normal 0.0489209 0.998803 0
    outer loop
      vertex -28.796 -20.5904 30
      vertex -28.6 -20.6 2.6
      vertex -28.796 -20.5904 2.6
    endloop
  endfacet
  facet normal 0.94158 -0.336788 0
    outer loop
      vertex -30.5139 19.1806 30
      vertex -30.4478 19.3654 2.6
      vertex -30.4478 19.3654 30
    endloop
  endfacet
  facet normal 0.94158 -0.336788 0
    outer loop
      vertex -30.4478 19.3654 2.6
      vertex -30.5139 19.1806 30
      vertex -30.5139 19.1806 2.6
    endloop
  endfacet
  facet normal 0.595508 0.80335 -0
    outer loop
      vertex -29.7111 -20.2629 2.6
      vertex -29.8688 -20.146 30
      vertex -29.7111 -20.2629 30
    endloop
  endfacet
  facet normal 0.595508 0.80335 0
    outer loop
      vertex -29.8688 -20.146 30
      vertex -29.7111 -20.2629 2.6
      vertex -29.8688 -20.146 2.6
    endloop
  endfacet
  facet normal 0.336788 0.94158 -0
    outer loop
      vertex -29.1806 -20.5139 2.6
      vertex -29.3654 -20.4478 30
      vertex -29.1806 -20.5139 30
    endloop
  endfacet
  facet normal 0.336788 0.94158 0
    outer loop
      vertex -29.3654 -20.4478 30
      vertex -29.1806 -20.5139 2.6
      vertex -29.3654 -20.4478 2.6
    endloop
  endfacet
  facet normal 0.146696 0.989182 -0
    outer loop
      vertex -28.796 -20.5904 2.6
      vertex -28.9902 -20.5616 30
      vertex -28.796 -20.5904 30
    endloop
  endfacet
  facet normal 0.146696 0.989182 0
    outer loop
      vertex -28.9902 -20.5616 30
      vertex -28.796 -20.5904 2.6
      vertex -28.9902 -20.5616 2.6
    endloop
  endfacet
  facet normal -0.0489209 -0.998803 0
    outer loop
      vertex 28.6 20.6 2.6
      vertex 28.796 20.5904 30
      vertex 28.6 20.6 30
    endloop
  endfacet
  facet normal -0.0489209 -0.998803 -0
    outer loop
      vertex 28.796 20.5904 30
      vertex 28.6 20.6 2.6
      vertex 28.796 20.5904 2.6
    endloop
  endfacet
  facet normal -0.146696 0.989182 0
    outer loop
      vertex 28.9902 -20.5616 2.6
      vertex 28.796 -20.5904 30
      vertex 28.9902 -20.5616 30
    endloop
  endfacet
  facet normal -0.146696 0.989182 0
    outer loop
      vertex 28.796 -20.5904 30
      vertex 28.9902 -20.5616 2.6
      vertex 28.796 -20.5904 2.6
    endloop
  endfacet
  facet normal 0.146696 -0.989182 0
    outer loop
      vertex -28.9902 20.5616 2.6
      vertex -28.796 20.5904 30
      vertex -28.9902 20.5616 30
    endloop
  endfacet
  facet normal 0.146696 -0.989182 0
    outer loop
      vertex -28.796 20.5904 30
      vertex -28.9902 20.5616 2.6
      vertex -28.796 20.5904 2.6
    endloop
  endfacet
  facet normal -0.595508 -0.80335 0
    outer loop
      vertex 29.7111 20.2629 2.6
      vertex 29.8688 20.146 30
      vertex 29.7111 20.2629 30
    endloop
  endfacet
  facet normal -0.595508 -0.80335 -0
    outer loop
      vertex 29.8688 20.146 30
      vertex 29.7111 20.2629 2.6
      vertex 29.8688 20.146 2.6
    endloop
  endfacet
  facet normal 0.94158 0.336788 0
    outer loop
      vertex -30.4478 -19.3654 30
      vertex -30.5139 -19.1806 2.6
      vertex -30.5139 -19.1806 30
    endloop
  endfacet
  facet normal 0.94158 0.336788 0
    outer loop
      vertex -30.5139 -19.1806 2.6
      vertex -30.4478 -19.3654 30
      vertex -30.4478 -19.3654 2.6
    endloop
  endfacet
  facet normal -0.740908 0.671607 0
    outer loop
      vertex 30.0142 -20.0142 2.6
      vertex 30.146 -19.8688 30
      vertex 30.146 -19.8688 2.6
    endloop
  endfacet
  facet normal -0.740908 0.671607 0
    outer loop
      vertex 30.146 -19.8688 30
      vertex 30.0142 -20.0142 2.6
      vertex 30.0142 -20.0142 30
    endloop
  endfacet
  facet normal -0.80335 -0.595508 0
    outer loop
      vertex 30.2629 19.7111 2.6
      vertex 30.146 19.8688 30
      vertex 30.146 19.8688 2.6
    endloop
  endfacet
  facet normal -0.80335 -0.595508 0
    outer loop
      vertex 30.146 19.8688 30
      vertex 30.2629 19.7111 2.6
      vertex 30.2629 19.7111 30
    endloop
  endfacet
  facet normal 0.9038 0.427955 0
    outer loop
      vertex -30.3638 -19.5428 30
      vertex -30.4478 -19.3654 2.6
      vertex -30.4478 -19.3654 30
    endloop
  endfacet
  facet normal 0.9038 0.427955 0
    outer loop
      vertex -30.4478 -19.3654 2.6
      vertex -30.3638 -19.5428 30
      vertex -30.3638 -19.5428 2.6
    endloop
  endfacet
  facet normal -0.970023 -0.243015 0
    outer loop
      vertex 30.5616 18.9902 2.6
      vertex 30.5139 19.1806 30
      vertex 30.5139 19.1806 2.6
    endloop
  endfacet
  facet normal -0.970023 -0.243015 0
    outer loop
      vertex 30.5139 19.1806 30
      vertex 30.5616 18.9902 2.6
      vertex 30.5616 18.9902 30
    endloop
  endfacet
  facet normal 0.740908 0.671607 0
    outer loop
      vertex -24.681 -15.0968 28
      vertex -24.8787 -14.8787 2.6
      vertex -24.8787 -14.8787 28
    endloop
  endfacet
  facet normal 0.740908 0.671607 0
    outer loop
      vertex -24.8787 -14.8787 2.6
      vertex -24.681 -15.0968 28
      vertex -24.681 -15.0968 2.6
    endloop
  endfacet
  facet normal 0.989174 0.146746 0
    outer loop
      vertex -24.0144 -16.7059 28
      vertex -24.0576 -16.4147 2.6
      vertex -24.0576 -16.4147 28
    endloop
  endfacet
  facet normal 0.989174 0.146746 0
    outer loop
      vertex -24.0576 -16.4147 2.6
      vertex -24.0144 -16.7059 28
      vertex -24.0144 -16.7059 2.6
    endloop
  endfacet
  facet normal 0.998803 0.0489044 0
    outer loop
      vertex -24 -17 28
      vertex -24.0144 -16.7059 2.6
      vertex -24.0144 -16.7059 28
    endloop
  endfacet
  facet normal 0.998803 0.0489044 0
    outer loop
      vertex -24.0144 -16.7059 2.6
      vertex -24 -17 28
      vertex -24 -17 2.6
    endloop
  endfacet
  facet normal 0.969982 0.243175 0
    outer loop
      vertex -24.0576 -16.4147 28
      vertex -24.1292 -16.1291 2.6
      vertex -24.1292 -16.1291 28
    endloop
  endfacet
  facet normal 0.969982 0.243175 0
    outer loop
      vertex -24.1292 -16.1291 2.6
      vertex -24.0576 -16.4147 28
      vertex -24.0576 -16.4147 2.6
    endloop
  endfacet
  facet normal 0.337047 -0.941488 0
    outer loop
      vertex -26.1291 -19.8708 2.6
      vertex -25.852 -19.7716 28
      vertex -26.1291 -19.8708 28
    endloop
  endfacet
  facet normal 0.337047 -0.941488 0
    outer loop
      vertex -25.852 -19.7716 28
      vertex -26.1291 -19.8708 2.6
      vertex -25.852 -19.7716 2.6
    endloop
  endfacet
  facet normal 0.857643 0.514246 0
    outer loop
      vertex -24.3542 -15.5858 28
      vertex -24.5056 -15.3333 2.6
      vertex -24.5056 -15.3333 28
    endloop
  endfacet
  facet normal 0.857643 0.514246 0
    outer loop
      vertex -24.5056 -15.3333 2.6
      vertex -24.3542 -15.5858 28
      vertex -24.3542 -15.5858 2.6
    endloop
  endfacet
  facet normal 0.243175 0.969982 -0
    outer loop
      vertex -26.1291 -14.1292 2.6
      vertex -26.4147 -14.0576 28
      vertex -26.1291 -14.1292 28
    endloop
  endfacet
  facet normal 0.243175 0.969982 0
    outer loop
      vertex -26.4147 -14.0576 28
      vertex -26.1291 -14.1292 2.6
      vertex -26.4147 -14.0576 2.6
    endloop
  endfacet
  facet normal -0.740908 0.671607 0
    outer loop
      vertex -29.319 -15.0968 22
      vertex -29.1213 -14.8787 28
      vertex -29.1213 -14.8787 22
    endloop
  endfacet
  facet normal -0.740908 0.671607 0
    outer loop
      vertex -29.1213 -14.8787 28
      vertex -29.319 -15.0968 22
      vertex -29.319 -15.0968 28
    endloop
  endfacet
  facet normal -0.740908 0.671607 0
    outer loop
      vertex -29.319 -15.0968 2.6
      vertex -29.1213 -14.8787 12
      vertex -29.1213 -14.8787 2.6
    endloop
  endfacet
  facet normal -0.740908 0.671607 0
    outer loop
      vertex -29.1213 -14.8787 12
      vertex -29.319 -15.0968 2.6
      vertex -29.319 -15.0968 12
    endloop
  endfacet
  facet normal 0.0489044 -0.998803 0
    outer loop
      vertex -27 -20 2.6
      vertex -26.7059 -19.9856 28
      vertex -27 -20 28
    endloop
  endfacet
  facet normal 0.0489044 -0.998803 0
    outer loop
      vertex -26.7059 -19.9856 28
      vertex -27 -20 2.6
      vertex -26.7059 -19.9856 2.6
    endloop
  endfacet
  facet normal 0.427269 0.904125 -0
    outer loop
      vertex -25.5858 -14.3542 2.6
      vertex -25.852 -14.2284 28
      vertex -25.5858 -14.3542 28
    endloop
  endfacet
  facet normal 0.427269 0.904125 0
    outer loop
      vertex -25.852 -14.2284 28
      vertex -25.5858 -14.3542 2.6
      vertex -25.852 -14.2284 2.6
    endloop
  endfacet
  facet normal 0.671607 0.740908 -0
    outer loop
      vertex -24.8787 -14.8787 2.6
      vertex -25.0968 -14.681 28
      vertex -24.8787 -14.8787 28
    endloop
  endfacet
  facet normal 0.671607 0.740908 0
    outer loop
      vertex -25.0968 -14.681 28
      vertex -24.8787 -14.8787 2.6
      vertex -25.0968 -14.681 2.6
    endloop
  endfacet
  facet normal -0.595699 -0.803208 0
    outer loop
      vertex -28.9032 -19.319 2.6
      vertex -28.6667 -19.4944 28
      vertex -28.9032 -19.319 28
    endloop
  endfacet
  facet normal -0.595699 -0.803208 -0
    outer loop
      vertex -28.6667 -19.4944 28
      vertex -28.9032 -19.319 2.6
      vertex -28.6667 -19.4944 2.6
    endloop
  endfacet
  facet normal 0.243175 -0.969982 0
    outer loop
      vertex -26.4147 -19.9424 2.6
      vertex -26.1291 -19.8708 28
      vertex -26.4147 -19.9424 28
    endloop
  endfacet
  facet normal 0.243175 -0.969982 0
    outer loop
      vertex -26.1291 -19.8708 28
      vertex -26.4147 -19.9424 2.6
      vertex -26.1291 -19.8708 2.6
    endloop
  endfacet
  facet normal 0.989174 -0.146746 0
    outer loop
      vertex -24.0576 -17.5853 28
      vertex -24.0144 -17.2941 2.6
      vertex -24.0144 -17.2941 28
    endloop
  endfacet
  facet normal 0.989174 -0.146746 0
    outer loop
      vertex -24.0144 -17.2941 2.6
      vertex -24.0576 -17.5853 28
      vertex -24.0576 -17.5853 2.6
    endloop
  endfacet
  facet normal -0.243175 -0.969982 0
    outer loop
      vertex -27.8709 -19.8708 2.6
      vertex -27.5853 -19.9424 28
      vertex -27.8709 -19.8708 28
    endloop
  endfacet
  facet normal -0.243175 -0.969982 -0
    outer loop
      vertex -27.5853 -19.9424 28
      vertex -27.8709 -19.8708 2.6
      vertex -27.5853 -19.9424 2.6
    endloop
  endfacet
  facet normal -0.595699 0.803208 -4.13208e-07
    outer loop
      vertex -28.6667 -14.5056 28
      vertex -28.7 -14.5303 22
      vertex -28.9032 -14.681 28
    endloop
  endfacet
  facet normal -0.595747 0.803172 0
    outer loop
      vertex -28.6667 -14.5056 28
      vertex -28.7 -14.5303 12
      vertex -28.7 -14.5303 22
    endloop
  endfacet
  facet normal -0.595747 0.803172 0
    outer loop
      vertex -28.6667 -14.5056 2.6
      vertex -28.7 -14.5303 12
      vertex -28.6667 -14.5056 28
    endloop
  endfacet
  facet normal -0.595691 0.803214 3.06975e-07
    outer loop
      vertex -28.6667 -14.5056 2.6
      vertex -28.9032 -14.681 12
      vertex -28.7 -14.5303 12
    endloop
  endfacet
  facet normal -0.595699 0.803208 0
    outer loop
      vertex -28.9032 -14.681 12
      vertex -28.6667 -14.5056 2.6
      vertex -28.9032 -14.681 2.6
    endloop
  endfacet
  facet normal -0.595691 0.803214 0
    outer loop
      vertex -28.9032 -14.681 28
      vertex -28.7 -14.5303 22
      vertex -28.9032 -14.681 22
    endloop
  endfacet
  facet normal -0.998803 -0.0489044 0
    outer loop
      vertex -29.9856 -17.2941 2.6
      vertex -30 -17 12
      vertex -30 -17 2.6
    endloop
  endfacet
  facet normal -0.998803 -0.0489044 0
    outer loop
      vertex -30 -17 12
      vertex -29.9856 -17.2941 2.6
      vertex -29.9856 -17.2941 12
    endloop
  endfacet
  facet normal -0.998803 -0.0489044 0
    outer loop
      vertex -29.9856 -17.2941 22
      vertex -30 -17 28
      vertex -30 -17 22
    endloop
  endfacet
  facet normal -0.998803 -0.0489044 0
    outer loop
      vertex -30 -17 28
      vertex -29.9856 -17.2941 22
      vertex -29.9856 -17.2941 28
    endloop
  endfacet
  facet normal -0.969982 -0.243175 0
    outer loop
      vertex -29.8708 -17.8709 2.6
      vertex -29.9424 -17.5853 28
      vertex -29.9424 -17.5853 2.6
    endloop
  endfacet
  facet normal -0.969982 -0.243175 0
    outer loop
      vertex -29.9424 -17.5853 28
      vertex -29.8708 -17.8709 2.6
      vertex -29.8708 -17.8709 28
    endloop
  endfacet
  facet normal 0.969982 -0.243175 0
    outer loop
      vertex -24.1292 -17.8709 28
      vertex -24.0576 -17.5853 2.6
      vertex -24.0576 -17.5853 28
    endloop
  endfacet
  facet normal 0.969982 -0.243175 0
    outer loop
      vertex -24.0576 -17.5853 2.6
      vertex -24.1292 -17.8709 28
      vertex -24.1292 -17.8709 2.6
    endloop
  endfacet
  facet normal -0.514246 0.857643 0
    outer loop
      vertex -28.4142 -14.3542 2.6
      vertex -28.6667 -14.5056 28
      vertex -28.4142 -14.3542 28
    endloop
  endfacet
  facet normal -0.514246 0.857643 0
    outer loop
      vertex -28.6667 -14.5056 28
      vertex -28.4142 -14.3542 2.6
      vertex -28.6667 -14.5056 2.6
    endloop
  endfacet
  facet normal 0.595699 0.803208 -0
    outer loop
      vertex -25.0968 -14.681 2.6
      vertex -25.3333 -14.5056 28
      vertex -25.0968 -14.681 28
    endloop
  endfacet
  facet normal 0.595699 0.803208 0
    outer loop
      vertex -25.3333 -14.5056 28
      vertex -25.0968 -14.681 2.6
      vertex -25.3333 -14.5056 2.6
    endloop
  endfacet
  facet normal -0.904125 -0.427269 0
    outer loop
      vertex -29.6458 -18.4142 2.6
      vertex -29.7716 -18.148 28
      vertex -29.7716 -18.148 2.6
    endloop
  endfacet
  facet normal -0.904125 -0.427269 0
    outer loop
      vertex -29.7716 -18.148 28
      vertex -29.6458 -18.4142 2.6
      vertex -29.6458 -18.4142 28
    endloop
  endfacet
  facet normal 0.941488 -0.337047 0
    outer loop
      vertex -24.2284 -18.148 28
      vertex -24.1292 -17.8709 2.6
      vertex -24.1292 -17.8709 28
    endloop
  endfacet
  facet normal 0.941488 -0.337047 0
    outer loop
      vertex -24.1292 -17.8709 2.6
      vertex -24.2284 -18.148 28
      vertex -24.2284 -18.148 2.6
    endloop
  endfacet
  facet normal 0.146746 0.989174 -0
    outer loop
      vertex -26.4147 -14.0576 2.6
      vertex -26.7059 -14.0144 28
      vertex -26.4147 -14.0576 28
    endloop
  endfacet
  facet normal 0.146746 0.989174 0
    outer loop
      vertex -26.7059 -14.0144 28
      vertex -26.4147 -14.0576 2.6
      vertex -26.7059 -14.0144 2.6
    endloop
  endfacet
  facet normal -0.427269 0.904125 0
    outer loop
      vertex -28.148 -14.2284 2.6
      vertex -28.4142 -14.3542 28
      vertex -28.148 -14.2284 28
    endloop
  endfacet
  facet normal -0.427269 0.904125 0
    outer loop
      vertex -28.4142 -14.3542 28
      vertex -28.148 -14.2284 2.6
      vertex -28.4142 -14.3542 2.6
    endloop
  endfacet
  facet normal 0.514246 0.857643 -0
    outer loop
      vertex -25.3333 -14.5056 2.6
      vertex -25.5858 -14.3542 28
      vertex -25.3333 -14.5056 28
    endloop
  endfacet
  facet normal 0.514246 0.857643 0
    outer loop
      vertex -25.5858 -14.3542 28
      vertex -25.3333 -14.5056 2.6
      vertex -25.5858 -14.3542 2.6
    endloop
  endfacet
  facet normal 0.427269 -0.904125 0
    outer loop
      vertex -25.852 -19.7716 2.6
      vertex -25.5858 -19.6458 28
      vertex -25.852 -19.7716 28
    endloop
  endfacet
  facet normal 0.427269 -0.904125 0
    outer loop
      vertex -25.5858 -19.6458 28
      vertex -25.852 -19.7716 2.6
      vertex -25.5858 -19.6458 2.6
    endloop
  endfacet
  facet normal -0.941488 -0.337047 0
    outer loop
      vertex -29.7716 -18.148 2.6
      vertex -29.8708 -17.8709 28
      vertex -29.8708 -17.8709 2.6
    endloop
  endfacet
  facet normal -0.941488 -0.337047 0
    outer loop
      vertex -29.8708 -17.8709 28
      vertex -29.7716 -18.148 2.6
      vertex -29.7716 -18.148 28
    endloop
  endfacet
  facet normal 0.857643 -0.514246 0
    outer loop
      vertex -24.5056 -18.6667 28
      vertex -24.3542 -18.4142 2.6
      vertex -24.3542 -18.4142 28
    endloop
  endfacet
  facet normal 0.857643 -0.514246 0
    outer loop
      vertex -24.3542 -18.4142 2.6
      vertex -24.5056 -18.6667 28
      vertex -24.5056 -18.6667 2.6
    endloop
  endfacet
  facet normal 0.904125 -0.427269 0
    outer loop
      vertex -24.3542 -18.4142 28
      vertex -24.2284 -18.148 2.6
      vertex -24.2284 -18.148 28
    endloop
  endfacet
  facet normal 0.904125 -0.427269 0
    outer loop
      vertex -24.2284 -18.148 2.6
      vertex -24.3542 -18.4142 28
      vertex -24.3542 -18.4142 2.6
    endloop
  endfacet
  facet normal 0.998803 -0.0489044 0
    outer loop
      vertex -24.0144 -17.2941 28
      vertex -24 -17 2.6
      vertex -24 -17 28
    endloop
  endfacet
  facet normal 0.998803 -0.0489044 0
    outer loop
      vertex -24 -17 2.6
      vertex -24.0144 -17.2941 28
      vertex -24.0144 -17.2941 2.6
    endloop
  endfacet
  facet normal -0.146746 0.989174 0
    outer loop
      vertex -27.2941 -14.0144 2.6
      vertex -27.5853 -14.0576 28
      vertex -27.2941 -14.0144 28
    endloop
  endfacet
  facet normal -0.146746 0.989174 0
    outer loop
      vertex -27.5853 -14.0576 28
      vertex -27.2941 -14.0144 2.6
      vertex -27.5853 -14.0576 2.6
    endloop
  endfacet
  facet normal 0.146746 -0.989174 0
    outer loop
      vertex -26.7059 -19.9856 2.6
      vertex -26.4147 -19.9424 28
      vertex -26.7059 -19.9856 28
    endloop
  endfacet
  facet normal 0.146746 -0.989174 0
    outer loop
      vertex -26.4147 -19.9424 28
      vertex -26.7059 -19.9856 2.6
      vertex -26.4147 -19.9424 2.6
    endloop
  endfacet
  facet normal 0.941488 0.337047 0
    outer loop
      vertex -24.1292 -16.1291 28
      vertex -24.2284 -15.852 2.6
      vertex -24.2284 -15.852 28
    endloop
  endfacet
  facet normal 0.941488 0.337047 0
    outer loop
      vertex -24.2284 -15.852 2.6
      vertex -24.1292 -16.1291 28
      vertex -24.1292 -16.1291 2.6
    endloop
  endfacet
  facet normal 0.740908 -0.671607 0
    outer loop
      vertex -24.8787 -19.1213 28
      vertex -24.681 -18.9032 2.6
      vertex -24.681 -18.9032 28
    endloop
  endfacet
  facet normal 0.740908 -0.671607 0
    outer loop
      vertex -24.681 -18.9032 2.6
      vertex -24.8787 -19.1213 28
      vertex -24.8787 -19.1213 2.6
    endloop
  endfacet
  facet normal 0.803208 -0.595699 0
    outer loop
      vertex -24.681 -18.9032 28
      vertex -24.5056 -18.6667 2.6
      vertex -24.5056 -18.6667 28
    endloop
  endfacet
  facet normal 0.803208 -0.595699 0
    outer loop
      vertex -24.5056 -18.6667 2.6
      vertex -24.681 -18.9032 28
      vertex -24.681 -18.9032 2.6
    endloop
  endfacet
  facet normal -0.243175 0.969982 0
    outer loop
      vertex -27.5853 -14.0576 2.6
      vertex -27.8709 -14.1292 28
      vertex -27.5853 -14.0576 28
    endloop
  endfacet
  facet normal -0.243175 0.969982 0
    outer loop
      vertex -27.8709 -14.1292 28
      vertex -27.5853 -14.0576 2.6
      vertex -27.8709 -14.1292 2.6
    endloop
  endfacet
  facet normal 0.803208 0.595699 0
    outer loop
      vertex -24.5056 -15.3333 28
      vertex -24.681 -15.0968 2.6
      vertex -24.681 -15.0968 28
    endloop
  endfacet
  facet normal 0.803208 0.595699 0
    outer loop
      vertex -24.681 -15.0968 2.6
      vertex -24.5056 -15.3333 28
      vertex -24.5056 -15.3333 2.6
    endloop
  endfacet
  facet normal 0.0489044 0.998803 -0
    outer loop
      vertex -26.7059 -14.0144 2.6
      vertex -27 -14 28
      vertex -26.7059 -14.0144 28
    endloop
  endfacet
  facet normal 0.0489044 0.998803 0
    outer loop
      vertex -27 -14 28
      vertex -26.7059 -14.0144 2.6
      vertex -27 -14 2.6
    endloop
  endfacet
  facet normal 0.904125 0.427269 0
    outer loop
      vertex -24.2284 -15.852 28
      vertex -24.3542 -15.5858 2.6
      vertex -24.3542 -15.5858 28
    endloop
  endfacet
  facet normal 0.904125 0.427269 0
    outer loop
      vertex -24.3542 -15.5858 2.6
      vertex -24.2284 -15.852 28
      vertex -24.2284 -15.852 2.6
    endloop
  endfacet
  facet normal -0.857643 0.514246 0
    outer loop
      vertex -29.6458 -15.5858 22
      vertex -29.4944 -15.3333 28
      vertex -29.4944 -15.3333 22
    endloop
  endfacet
  facet normal -0.857643 0.514246 0
    outer loop
      vertex -29.4944 -15.3333 28
      vertex -29.6458 -15.5858 22
      vertex -29.6458 -15.5858 28
    endloop
  endfacet
  facet normal -0.857643 0.514246 0
    outer loop
      vertex -29.6458 -15.5858 2.6
      vertex -29.4944 -15.3333 12
      vertex -29.4944 -15.3333 2.6
    endloop
  endfacet
  facet normal -0.857643 0.514246 0
    outer loop
      vertex -29.4944 -15.3333 12
      vertex -29.6458 -15.5858 2.6
      vertex -29.6458 -15.5858 12
    endloop
  endfacet
  facet normal -0.671607 0.740908 0
    outer loop
      vertex -28.9032 -14.681 22
      vertex -29.1213 -14.8787 28
      vertex -28.9032 -14.681 28
    endloop
  endfacet
  facet normal -0.671607 0.740908 0
    outer loop
      vertex -29.1213 -14.8787 28
      vertex -28.9032 -14.681 22
      vertex -29.1213 -14.8787 22
    endloop
  endfacet
  facet normal -0.671607 0.740908 0
    outer loop
      vertex -28.9032 -14.681 2.6
      vertex -29.1213 -14.8787 12
      vertex -28.9032 -14.681 12
    endloop
  endfacet
  facet normal -0.671607 0.740908 0
    outer loop
      vertex -29.1213 -14.8787 12
      vertex -28.9032 -14.681 2.6
      vertex -29.1213 -14.8787 2.6
    endloop
  endfacet
  facet normal -0.857643 -0.514246 0
    outer loop
      vertex -29.4944 -18.6667 2.6
      vertex -29.6458 -18.4142 28
      vertex -29.6458 -18.4142 2.6
    endloop
  endfacet
  facet normal -0.857643 -0.514246 0
    outer loop
      vertex -29.6458 -18.4142 28
      vertex -29.4944 -18.6667 2.6
      vertex -29.4944 -18.6667 28
    endloop
  endfacet
  facet normal -0.427269 -0.904125 0
    outer loop
      vertex -28.4142 -19.6458 2.6
      vertex -28.148 -19.7716 28
      vertex -28.4142 -19.6458 28
    endloop
  endfacet
  facet normal -0.427269 -0.904125 -0
    outer loop
      vertex -28.148 -19.7716 28
      vertex -28.4142 -19.6458 2.6
      vertex -28.148 -19.7716 2.6
    endloop
  endfacet
  facet normal -0.740908 -0.671607 0
    outer loop
      vertex -29.1213 -19.1213 2.6
      vertex -29.319 -18.9032 28
      vertex -29.319 -18.9032 2.6
    endloop
  endfacet
  facet normal -0.740908 -0.671607 0
    outer loop
      vertex -29.319 -18.9032 28
      vertex -29.1213 -19.1213 2.6
      vertex -29.1213 -19.1213 28
    endloop
  endfacet
  facet normal -0.337047 0.941488 0
    outer loop
      vertex -27.8709 -14.1292 2.6
      vertex -28.148 -14.2284 28
      vertex -27.8709 -14.1292 28
    endloop
  endfacet
  facet normal -0.337047 0.941488 0
    outer loop
      vertex -28.148 -14.2284 28
      vertex -27.8709 -14.1292 2.6
      vertex -28.148 -14.2284 2.6
    endloop
  endfacet
  facet normal -0.514246 -0.857643 0
    outer loop
      vertex -28.6667 -19.4944 2.6
      vertex -28.4142 -19.6458 28
      vertex -28.6667 -19.4944 28
    endloop
  endfacet
  facet normal -0.514246 -0.857643 -0
    outer loop
      vertex -28.4142 -19.6458 28
      vertex -28.6667 -19.4944 2.6
      vertex -28.4142 -19.6458 2.6
    endloop
  endfacet
  facet normal 0.595699 -0.803208 0
    outer loop
      vertex -25.3333 -19.4944 2.6
      vertex -25.0968 -19.319 28
      vertex -25.3333 -19.4944 28
    endloop
  endfacet
  facet normal 0.595699 -0.803208 0
    outer loop
      vertex -25.0968 -19.319 28
      vertex -25.3333 -19.4944 2.6
      vertex -25.0968 -19.319 2.6
    endloop
  endfacet
  facet normal -0.0489044 0.998803 0
    outer loop
      vertex -27 -14 2.6
      vertex -27.2941 -14.0144 28
      vertex -27 -14 28
    endloop
  endfacet
  facet normal -0.0489044 0.998803 0
    outer loop
      vertex -27.2941 -14.0144 28
      vertex -27 -14 2.6
      vertex -27.2941 -14.0144 2.6
    endloop
  endfacet
  facet normal -0.969982 0.243175 0
    outer loop
      vertex -29.9424 -16.4147 22
      vertex -29.8708 -16.1291 28
      vertex -29.8708 -16.1291 22
    endloop
  endfacet
  facet normal -0.969982 0.243175 0
    outer loop
      vertex -29.8708 -16.1291 28
      vertex -29.9424 -16.4147 22
      vertex -29.9424 -16.4147 28
    endloop
  endfacet
  facet normal -0.969982 0.243175 0
    outer loop
      vertex -29.9424 -16.4147 2.6
      vertex -29.8708 -16.1291 12
      vertex -29.8708 -16.1291 2.6
    endloop
  endfacet
  facet normal -0.969982 0.243175 0
    outer loop
      vertex -29.8708 -16.1291 12
      vertex -29.9424 -16.4147 2.6
      vertex -29.9424 -16.4147 12
    endloop
  endfacet
  facet normal -0.941488 0.337047 0
    outer loop
      vertex -29.8708 -16.1291 22
      vertex -29.7716 -15.852 28
      vertex -29.7716 -15.852 22
    endloop
  endfacet
  facet normal -0.941488 0.337047 0
    outer loop
      vertex -29.7716 -15.852 28
      vertex -29.8708 -16.1291 22
      vertex -29.8708 -16.1291 28
    endloop
  endfacet
  facet normal -0.941488 0.337047 0
    outer loop
      vertex -29.8708 -16.1291 2.6
      vertex -29.7716 -15.852 12
      vertex -29.7716 -15.852 2.6
    endloop
  endfacet
  facet normal -0.941488 0.337047 0
    outer loop
      vertex -29.7716 -15.852 12
      vertex -29.8708 -16.1291 2.6
      vertex -29.8708 -16.1291 12
    endloop
  endfacet
  facet normal 0.337047 0.941488 -0
    outer loop
      vertex -25.852 -14.2284 2.6
      vertex -26.1291 -14.1292 28
      vertex -25.852 -14.2284 28
    endloop
  endfacet
  facet normal 0.337047 0.941488 0
    outer loop
      vertex -26.1291 -14.1292 28
      vertex -25.852 -14.2284 2.6
      vertex -26.1291 -14.1292 2.6
    endloop
  endfacet
  facet normal -0.803208 -0.595699 0
    outer loop
      vertex -29.319 -18.9032 2.6
      vertex -29.4944 -18.6667 28
      vertex -29.4944 -18.6667 2.6
    endloop
  endfacet
  facet normal -0.803208 -0.595699 0
    outer loop
      vertex -29.4944 -18.6667 28
      vertex -29.319 -18.9032 2.6
      vertex -29.319 -18.9032 28
    endloop
  endfacet
  facet normal -0.989136 -0.147001 0
    outer loop
      vertex -29.9856 -17.2941 2.6
      vertex -29.955 -17.5 12
      vertex -29.9856 -17.2941 12
    endloop
  endfacet
  facet normal -0.989266 -0.146128 0
    outer loop
      vertex -29.955 -17.5 12
      vertex -29.9424 -17.5853 2.6
      vertex -29.955 -17.5 22
    endloop
  endfacet
  facet normal -0.989174 -0.146746 5.72412e-06
    outer loop
      vertex -29.9424 -17.5853 2.6
      vertex -29.955 -17.5 12
      vertex -29.9856 -17.2941 2.6
    endloop
  endfacet
  facet normal -0.989136 -0.147001 0
    outer loop
      vertex -29.955 -17.5 22
      vertex -29.9856 -17.2941 28
      vertex -29.9856 -17.2941 22
    endloop
  endfacet
  facet normal -0.989174 -0.146746 -8.96779e-06
    outer loop
      vertex -29.955 -17.5 22
      vertex -29.9424 -17.5853 28
      vertex -29.9856 -17.2941 28
    endloop
  endfacet
  facet normal -0.989266 -0.146128 -0
    outer loop
      vertex -29.9424 -17.5853 28
      vertex -29.955 -17.5 22
      vertex -29.9424 -17.5853 2.6
    endloop
  endfacet
  facet normal -0.904125 0.427269 0
    outer loop
      vertex -29.7716 -15.852 22
      vertex -29.6458 -15.5858 28
      vertex -29.6458 -15.5858 22
    endloop
  endfacet
  facet normal -0.904125 0.427269 0
    outer loop
      vertex -29.6458 -15.5858 28
      vertex -29.7716 -15.852 22
      vertex -29.7716 -15.852 28
    endloop
  endfacet
  facet normal -0.904125 0.427269 0
    outer loop
      vertex -29.7716 -15.852 2.6
      vertex -29.6458 -15.5858 12
      vertex -29.6458 -15.5858 2.6
    endloop
  endfacet
  facet normal -0.904125 0.427269 0
    outer loop
      vertex -29.6458 -15.5858 12
      vertex -29.7716 -15.852 2.6
      vertex -29.7716 -15.852 12
    endloop
  endfacet
  facet normal 0.514246 -0.857643 0
    outer loop
      vertex -25.5858 -19.6458 2.6
      vertex -25.3333 -19.4944 28
      vertex -25.5858 -19.6458 28
    endloop
  endfacet
  facet normal 0.514246 -0.857643 0
    outer loop
      vertex -25.3333 -19.4944 28
      vertex -25.5858 -19.6458 2.6
      vertex -25.3333 -19.4944 2.6
    endloop
  endfacet
  facet normal 0 0 -1
    outer loop
      vertex -25.9 -17 2.6
      vertex -24 -17 2.6
      vertex -24.0144 -17.2941 2.6
    endloop
  endfacet
  facet normal 0 0 -1
    outer loop
      vertex -25.9053 -17.1078 2.6
      vertex -24.0144 -17.2941 2.6
      vertex -24.0576 -17.5853 2.6
    endloop
  endfacet
  facet normal 0 0 -1
    outer loop
      vertex -24 -17 2.6
      vertex -25.9 -17 2.6
      vertex -24.0144 -16.7059 2.6
    endloop
  endfacet
  facet normal 0 0 -1
    outer loop
      vertex -25.9211 -17.2146 2.6
      vertex -24.0576 -17.5853 2.6
      vertex -24.1292 -17.8709 2.6
    endloop
  endfacet
  facet normal 0 0 -1
    outer loop
      vertex -25.9053 -16.8922 2.6
      vertex -24.0144 -16.7059 2.6
      vertex -25.9 -17 2.6
    endloop
  endfacet
  facet normal 0 0 -1
    outer loop
      vertex -25.9474 -17.3193 2.6
      vertex -24.1292 -17.8709 2.6
      vertex -24.2284 -18.148 2.6
    endloop
  endfacet
  facet normal -0 0 -1
    outer loop
      vertex -24.0144 -16.7059 2.6
      vertex -25.9053 -16.8922 2.6
      vertex -24.0576 -16.4147 2.6
    endloop
  endfacet
  facet normal 0 0 -1
    outer loop
      vertex -25.9837 -17.421 2.6
      vertex -24.2284 -18.148 2.6
      vertex -24.3542 -18.4142 2.6
    endloop
  endfacet
  facet normal 0 0 -1
    outer loop
      vertex -25.9211 -16.7854 2.6
      vertex -24.0576 -16.4147 2.6
      vertex -25.9053 -16.8922 2.6
    endloop
  endfacet
  facet normal 0 0 -1
    outer loop
      vertex -26.0299 -17.5185 2.6
      vertex -24.3542 -18.4142 2.6
      vertex -24.5056 -18.6667 2.6
    endloop
  endfacet
  facet normal -0 0 -1
    outer loop
      vertex -24.0576 -16.4147 2.6
      vertex -25.9211 -16.7854 2.6
      vertex -24.1292 -16.1291 2.6
    endloop
  endfacet
  facet normal 0 0 -1
    outer loop
      vertex -26.0854 -17.6111 2.6
      vertex -24.5056 -18.6667 2.6
      vertex -24.681 -18.9032 2.6
    endloop
  endfacet
  facet normal 0 0 -1
    outer loop
      vertex -25.9474 -16.6807 2.6
      vertex -24.1292 -16.1291 2.6
      vertex -25.9211 -16.7854 2.6
    endloop
  endfacet
  facet normal 0 0 -1
    outer loop
      vertex -26.1497 -17.6978 2.6
      vertex -24.681 -18.9032 2.6
      vertex -24.8787 -19.1213 2.6
    endloop
  endfacet
  facet normal -0 0 -1
    outer loop
      vertex -24.1292 -16.1291 2.6
      vertex -25.9474 -16.6807 2.6
      vertex -24.2284 -15.852 2.6
    endloop
  endfacet
  facet normal 0 0 -1
    outer loop
      vertex -26.2222 -17.7778 2.6
      vertex -24.8787 -19.1213 2.6
      vertex -25.0968 -19.319 2.6
    endloop
  endfacet
  facet normal 0 0 -1
    outer loop
      vertex -25.9837 -16.579 2.6
      vertex -24.2284 -15.852 2.6
      vertex -25.9474 -16.6807 2.6
    endloop
  endfacet
  facet normal 0 0 -1
    outer loop
      vertex -26.3022 -17.8503 2.6
      vertex -25.0968 -19.319 2.6
      vertex -25.3333 -19.4944 2.6
    endloop
  endfacet
  facet normal -0 0 -1
    outer loop
      vertex -24.2284 -15.852 2.6
      vertex -25.9837 -16.579 2.6
      vertex -24.3542 -15.5858 2.6
    endloop
  endfacet
  facet normal 0 0 -1
    outer loop
      vertex -26.3889 -17.9146 2.6
      vertex -25.3333 -19.4944 2.6
      vertex -25.5858 -19.6458 2.6
    endloop
  endfacet
  facet normal 0 0 -1
    outer loop
      vertex -26.0299 -16.4815 2.6
      vertex -24.3542 -15.5858 2.6
      vertex -25.9837 -16.579 2.6
    endloop
  endfacet
  facet normal 0 0 -1
    outer loop
      vertex -26.4815 -17.9701 2.6
      vertex -25.5858 -19.6458 2.6
      vertex -25.852 -19.7716 2.6
    endloop
  endfacet
  facet normal -0 0 -1
    outer loop
      vertex -24.3542 -15.5858 2.6
      vertex -26.0299 -16.4815 2.6
      vertex -24.5056 -15.3333 2.6
    endloop
  endfacet
  facet normal 0 0 -1
    outer loop
      vertex -26.0854 -16.3889 2.6
      vertex -24.5056 -15.3333 2.6
      vertex -26.0299 -16.4815 2.6
    endloop
  endfacet
  facet normal 0 0 -1
    outer loop
      vertex -24.0144 -17.2941 2.6
      vertex -25.9053 -17.1078 2.6
      vertex -25.9 -17 2.6
    endloop
  endfacet
  facet normal 0 0 -1
    outer loop
      vertex -24.0576 -17.5853 2.6
      vertex -25.9211 -17.2146 2.6
      vertex -25.9053 -17.1078 2.6
    endloop
  endfacet
  facet normal 0 0 -1
    outer loop
      vertex -24.1292 -17.8709 2.6
      vertex -25.9474 -17.3193 2.6
      vertex -25.9211 -17.2146 2.6
    endloop
  endfacet
  facet normal 0 0 -1
    outer loop
      vertex -24.2284 -18.148 2.6
      vertex -25.9837 -17.421 2.6
      vertex -25.9474 -17.3193 2.6
    endloop
  endfacet
  facet normal 0 0 -1
    outer loop
      vertex -24.3542 -18.4142 2.6
      vertex -26.0299 -17.5185 2.6
      vertex -25.9837 -17.421 2.6
    endloop
  endfacet
  facet normal 0 0 -1
    outer loop
      vertex -24.5056 -18.6667 2.6
      vertex -26.0854 -17.6111 2.6
      vertex -26.0299 -17.5185 2.6
    endloop
  endfacet
  facet normal 0 0 -1
    outer loop
      vertex -26.579 -18.0163 2.6
      vertex -25.852 -19.7716 2.6
      vertex -26.1291 -19.8708 2.6
    endloop
  endfacet
  facet normal 0 0 -1
    outer loop
      vertex -24.681 -18.9032 2.6
      vertex -26.1497 -17.6978 2.6
      vertex -26.0854 -17.6111 2.6
    endloop
  endfacet
  facet normal 0 0 -1
    outer loop
      vertex -24.8787 -19.1213 2.6
      vertex -26.2222 -17.7778 2.6
      vertex -26.1497 -17.6978 2.6
    endloop
  endfacet
  facet normal 0 0 -1
    outer loop
      vertex -25.0968 -19.319 2.6
      vertex -26.3022 -17.8503 2.6
      vertex -26.2222 -17.7778 2.6
    endloop
  endfacet
  facet normal 0 0 -1
    outer loop
      vertex -25.3333 -19.4944 2.6
      vertex -26.3889 -17.9146 2.6
      vertex -26.3022 -17.8503 2.6
    endloop
  endfacet
  facet normal 0 0 -1
    outer loop
      vertex -26.6807 -18.0526 2.6
      vertex -26.1291 -19.8708 2.6
      vertex -26.4147 -19.9424 2.6
    endloop
  endfacet
  facet normal 0 0 -1
    outer loop
      vertex -25.5858 -19.6458 2.6
      vertex -26.4815 -17.9701 2.6
      vertex -26.3889 -17.9146 2.6
    endloop
  endfacet
  facet normal 0 0 -1
    outer loop
      vertex -25.852 -19.7716 2.6
      vertex -26.579 -18.0163 2.6
      vertex -26.4815 -17.9701 2.6
    endloop
  endfacet
  facet normal 0 0 -1
    outer loop
      vertex -26.1291 -19.8708 2.6
      vertex -26.6807 -18.0526 2.6
      vertex -26.579 -18.0163 2.6
    endloop
  endfacet
  facet normal 0 0 -1
    outer loop
      vertex -26.7854 -18.0789 2.6
      vertex -26.4147 -19.9424 2.6
      vertex -26.7059 -19.9856 2.6
    endloop
  endfacet
  facet normal 0 0 -1
    outer loop
      vertex -26.4147 -19.9424 2.6
      vertex -26.7854 -18.0789 2.6
      vertex -26.6807 -18.0526 2.6
    endloop
  endfacet
  facet normal 0 0 -1
    outer loop
      vertex -26.7059 -19.9856 2.6
      vertex -26.8922 -18.0947 2.6
      vertex -26.7854 -18.0789 2.6
    endloop
  endfacet
  facet normal 0 0 -1
    outer loop
      vertex -27 -20 2.6
      vertex -26.8922 -18.0947 2.6
      vertex -26.7059 -19.9856 2.6
    endloop
  endfacet
  facet normal 0 0 -1
    outer loop
      vertex -27 -20 2.6
      vertex -27 -18.1 2.6
      vertex -26.8922 -18.0947 2.6
    endloop
  endfacet
  facet normal 0 0 -1
    outer loop
      vertex -27 -20 2.6
      vertex -27.1078 -18.0947 2.6
      vertex -27 -18.1 2.6
    endloop
  endfacet
  facet normal 0 0 -1
    outer loop
      vertex -27.2941 -19.9856 2.6
      vertex -27.1078 -18.0947 2.6
      vertex -27 -20 2.6
    endloop
  endfacet
  facet normal -0 0 -1
    outer loop
      vertex -27.1078 -18.0947 2.6
      vertex -27.2941 -19.9856 2.6
      vertex -27.2146 -18.0789 2.6
    endloop
  endfacet
  facet normal 0 0 -1
    outer loop
      vertex -27.5853 -19.9424 2.6
      vertex -27.2146 -18.0789 2.6
      vertex -27.2941 -19.9856 2.6
    endloop
  endfacet
  facet normal -0 0 -1
    outer loop
      vertex -27.2146 -18.0789 2.6
      vertex -27.5853 -19.9424 2.6
      vertex -27.3193 -18.0526 2.6
    endloop
  endfacet
  facet normal 0 0 -1
    outer loop
      vertex -27.8709 -19.8708 2.6
      vertex -27.3193 -18.0526 2.6
      vertex -27.5853 -19.9424 2.6
    endloop
  endfacet
  facet normal -0 0 -1
    outer loop
      vertex -27.3193 -18.0526 2.6
      vertex -27.8709 -19.8708 2.6
      vertex -27.421 -18.0163 2.6
    endloop
  endfacet
  facet normal 0 0 -1
    outer loop
      vertex -28.148 -19.7716 2.6
      vertex -27.421 -18.0163 2.6
      vertex -27.8709 -19.8708 2.6
    endloop
  endfacet
  facet normal -0 0 -1
    outer loop
      vertex -27.421 -18.0163 2.6
      vertex -28.148 -19.7716 2.6
      vertex -27.5185 -17.9701 2.6
    endloop
  endfacet
  facet normal 0 0 -1
    outer loop
      vertex -28.4142 -19.6458 2.6
      vertex -27.5185 -17.9701 2.6
      vertex -28.148 -19.7716 2.6
    endloop
  endfacet
  facet normal -0 0 -1
    outer loop
      vertex -27.5185 -17.9701 2.6
      vertex -28.4142 -19.6458 2.6
      vertex -27.6111 -17.9146 2.6
    endloop
  endfacet
  facet normal 0 0 -1
    outer loop
      vertex -28.6667 -19.4944 2.6
      vertex -27.6111 -17.9146 2.6
      vertex -28.4142 -19.6458 2.6
    endloop
  endfacet
  facet normal -0 0 -1
    outer loop
      vertex -27.6111 -17.9146 2.6
      vertex -28.6667 -19.4944 2.6
      vertex -27.6978 -17.8503 2.6
    endloop
  endfacet
  facet normal 0 0 -1
    outer loop
      vertex -28.9032 -19.319 2.6
      vertex -27.6978 -17.8503 2.6
      vertex -28.6667 -19.4944 2.6
    endloop
  endfacet
  facet normal -0 0 -1
    outer loop
      vertex -27.6978 -17.8503 2.6
      vertex -28.9032 -19.319 2.6
      vertex -27.7778 -17.7778 2.6
    endloop
  endfacet
  facet normal 0 0 -1
    outer loop
      vertex -29.1213 -19.1213 2.6
      vertex -27.7778 -17.7778 2.6
      vertex -28.9032 -19.319 2.6
    endloop
  endfacet
  facet normal -0 0 -1
    outer loop
      vertex -27.7778 -17.7778 2.6
      vertex -29.1213 -19.1213 2.6
      vertex -27.8503 -17.6978 2.6
    endloop
  endfacet
  facet normal 0 0 -1
    outer loop
      vertex -29.319 -18.9032 2.6
      vertex -27.8503 -17.6978 2.6
      vertex -29.1213 -19.1213 2.6
    endloop
  endfacet
  facet normal 0 0 -1
    outer loop
      vertex -29.4944 -18.6667 2.6
      vertex -27.9146 -17.6111 2.6
      vertex -29.319 -18.9032 2.6
    endloop
  endfacet
  facet normal -0 0 -1
    outer loop
      vertex -27.8503 -17.6978 2.6
      vertex -29.319 -18.9032 2.6
      vertex -27.9146 -17.6111 2.6
    endloop
  endfacet
  facet normal -0 0 -1
    outer loop
      vertex -24.5056 -15.3333 2.6
      vertex -26.0854 -16.3889 2.6
      vertex -24.681 -15.0968 2.6
    endloop
  endfacet
  facet normal 0 0 -1
    outer loop
      vertex -26.1497 -16.3022 2.6
      vertex -24.681 -15.0968 2.6
      vertex -26.0854 -16.3889 2.6
    endloop
  endfacet
  facet normal -0 0 -1
    outer loop
      vertex -24.681 -15.0968 2.6
      vertex -26.1497 -16.3022 2.6
      vertex -24.8787 -14.8787 2.6
    endloop
  endfacet
  facet normal 0 0 -1
    outer loop
      vertex -26.2222 -16.2222 2.6
      vertex -24.8787 -14.8787 2.6
      vertex -26.1497 -16.3022 2.6
    endloop
  endfacet
  facet normal -0 0 -1
    outer loop
      vertex -24.8787 -14.8787 2.6
      vertex -26.2222 -16.2222 2.6
      vertex -25.0968 -14.681 2.6
    endloop
  endfacet
  facet normal 0 0 -1
    outer loop
      vertex -26.3022 -16.1497 2.6
      vertex -25.0968 -14.681 2.6
      vertex -26.2222 -16.2222 2.6
    endloop
  endfacet
  facet normal -0 0 -1
    outer loop
      vertex -25.0968 -14.681 2.6
      vertex -26.3022 -16.1497 2.6
      vertex -25.3333 -14.5056 2.6
    endloop
  endfacet
  facet normal 0 0 -1
    outer loop
      vertex -26.3889 -16.0854 2.6
      vertex -25.3333 -14.5056 2.6
      vertex -26.3022 -16.1497 2.6
    endloop
  endfacet
  facet normal -0 0 -1
    outer loop
      vertex -25.3333 -14.5056 2.6
      vertex -26.3889 -16.0854 2.6
      vertex -25.5858 -14.3542 2.6
    endloop
  endfacet
  facet normal 0 0 -1
    outer loop
      vertex -26.4815 -16.0299 2.6
      vertex -25.5858 -14.3542 2.6
      vertex -26.3889 -16.0854 2.6
    endloop
  endfacet
  facet normal -0 0 -1
    outer loop
      vertex -25.5858 -14.3542 2.6
      vertex -26.4815 -16.0299 2.6
      vertex -25.852 -14.2284 2.6
    endloop
  endfacet
  facet normal 0 0 -1
    outer loop
      vertex -26.579 -15.9837 2.6
      vertex -25.852 -14.2284 2.6
      vertex -26.4815 -16.0299 2.6
    endloop
  endfacet
  facet normal -0 0 -1
    outer loop
      vertex -25.852 -14.2284 2.6
      vertex -26.579 -15.9837 2.6
      vertex -26.1291 -14.1292 2.6
    endloop
  endfacet
  facet normal 0 0 -1
    outer loop
      vertex -26.6807 -15.9474 2.6
      vertex -26.1291 -14.1292 2.6
      vertex -26.579 -15.9837 2.6
    endloop
  endfacet
  facet normal -0 0 -1
    outer loop
      vertex -26.1291 -14.1292 2.6
      vertex -26.6807 -15.9474 2.6
      vertex -26.4147 -14.0576 2.6
    endloop
  endfacet
  facet normal 0 0 -1
    outer loop
      vertex -26.7854 -15.9211 2.6
      vertex -26.4147 -14.0576 2.6
      vertex -26.6807 -15.9474 2.6
    endloop
  endfacet
  facet normal -0 0 -1
    outer loop
      vertex -26.4147 -14.0576 2.6
      vertex -26.7854 -15.9211 2.6
      vertex -26.7059 -14.0144 2.6
    endloop
  endfacet
  facet normal 0 0 -1
    outer loop
      vertex -26.8922 -15.9053 2.6
      vertex -26.7059 -14.0144 2.6
      vertex -26.7854 -15.9211 2.6
    endloop
  endfacet
  facet normal 0 0 -1
    outer loop
      vertex -27 -15.9 2.6
      vertex -26.7059 -14.0144 2.6
      vertex -26.8922 -15.9053 2.6
    endloop
  endfacet
  facet normal 0 0 -1
    outer loop
      vertex -27 -15.9 2.6
      vertex -27 -14 2.6
      vertex -26.7059 -14.0144 2.6
    endloop
  endfacet
  facet normal 0 0 -1
    outer loop
      vertex -27.1078 -15.9053 2.6
      vertex -27 -14 2.6
      vertex -27 -15.9 2.6
    endloop
  endfacet
  facet normal 0 0 -1
    outer loop
      vertex -27.2941 -14.0144 2.6
      vertex -27.1078 -15.9053 2.6
      vertex -27.2146 -15.9211 2.6
    endloop
  endfacet
  facet normal 0 0 -1
    outer loop
      vertex -27.1078 -15.9053 2.6
      vertex -27.2941 -14.0144 2.6
      vertex -27 -14 2.6
    endloop
  endfacet
  facet normal 0 0 -1
    outer loop
      vertex -27.5853 -14.0576 2.6
      vertex -27.2146 -15.9211 2.6
      vertex -27.3193 -15.9474 2.6
    endloop
  endfacet
  facet normal 0 0 -1
    outer loop
      vertex -27.8709 -14.1292 2.6
      vertex -27.3193 -15.9474 2.6
      vertex -27.421 -15.9837 2.6
    endloop
  endfacet
  facet normal 0 0 -1
    outer loop
      vertex -28.148 -14.2284 2.6
      vertex -27.421 -15.9837 2.6
      vertex -27.5185 -16.0299 2.6
    endloop
  endfacet
  facet normal 0 0 -1
    outer loop
      vertex -27.2146 -15.9211 2.6
      vertex -27.5853 -14.0576 2.6
      vertex -27.2941 -14.0144 2.6
    endloop
  endfacet
  facet normal 0 0 -1
    outer loop
      vertex -28.4142 -14.3542 2.6
      vertex -27.5185 -16.0299 2.6
      vertex -27.6111 -16.0854 2.6
    endloop
  endfacet
  facet normal 0 0 -1
    outer loop
      vertex -28.6667 -14.5056 2.6
      vertex -27.6111 -16.0854 2.6
      vertex -27.6978 -16.1497 2.6
    endloop
  endfacet
  facet normal 0 0 -1
    outer loop
      vertex -28.9032 -14.681 2.6
      vertex -27.6978 -16.1497 2.6
      vertex -27.7778 -16.2222 2.6
    endloop
  endfacet
  facet normal 0 0 -1
    outer loop
      vertex -29.1213 -14.8787 2.6
      vertex -27.7778 -16.2222 2.6
      vertex -27.8503 -16.3022 2.6
    endloop
  endfacet
  facet normal 0 0 -1
    outer loop
      vertex -27.3193 -15.9474 2.6
      vertex -27.8709 -14.1292 2.6
      vertex -27.5853 -14.0576 2.6
    endloop
  endfacet
  facet normal 0 0 -1
    outer loop
      vertex -29.319 -15.0968 2.6
      vertex -27.8503 -16.3022 2.6
      vertex -27.9146 -16.3889 2.6
    endloop
  endfacet
  facet normal 0 0 -1
    outer loop
      vertex -29.4944 -15.3333 2.6
      vertex -27.9146 -16.3889 2.6
      vertex -27.9701 -16.4815 2.6
    endloop
  endfacet
  facet normal 0 0 -1
    outer loop
      vertex -29.6458 -15.5858 2.6
      vertex -27.9701 -16.4815 2.6
      vertex -28.0163 -16.579 2.6
    endloop
  endfacet
  facet normal 0 0 -1
    outer loop
      vertex -29.7716 -15.852 2.6
      vertex -28.0163 -16.579 2.6
      vertex -28.0526 -16.6807 2.6
    endloop
  endfacet
  facet normal 0 0 -1
    outer loop
      vertex -29.8708 -16.1291 2.6
      vertex -28.0526 -16.6807 2.6
      vertex -28.0789 -16.7854 2.6
    endloop
  endfacet
  facet normal 0 0 -1
    outer loop
      vertex -29.9424 -16.4147 2.6
      vertex -28.0789 -16.7854 2.6
      vertex -28.0947 -16.8922 2.6
    endloop
  endfacet
  facet normal 0 0 -1
    outer loop
      vertex -27.421 -15.9837 2.6
      vertex -28.148 -14.2284 2.6
      vertex -27.8709 -14.1292 2.6
    endloop
  endfacet
  facet normal 0 0 -1
    outer loop
      vertex -29.9856 -16.7059 2.6
      vertex -28.0947 -16.8922 2.6
      vertex -28.1 -17 2.6
    endloop
  endfacet
  facet normal -0 0 -1
    outer loop
      vertex -27.9146 -17.6111 2.6
      vertex -29.4944 -18.6667 2.6
      vertex -27.9701 -17.5185 2.6
    endloop
  endfacet
  facet normal 0 0 -1
    outer loop
      vertex -29.6458 -18.4142 2.6
      vertex -27.9701 -17.5185 2.6
      vertex -29.4944 -18.6667 2.6
    endloop
  endfacet
  facet normal 0 0 -1
    outer loop
      vertex -27.5185 -16.0299 2.6
      vertex -28.4142 -14.3542 2.6
      vertex -28.148 -14.2284 2.6
    endloop
  endfacet
  facet normal -0 0 -1
    outer loop
      vertex -27.9701 -17.5185 2.6
      vertex -29.6458 -18.4142 2.6
      vertex -28.0163 -17.421 2.6
    endloop
  endfacet
  facet normal 0 0 -1
    outer loop
      vertex -27.6111 -16.0854 2.6
      vertex -28.6667 -14.5056 2.6
      vertex -28.4142 -14.3542 2.6
    endloop
  endfacet
  facet normal 0 0 -1
    outer loop
      vertex -29.7716 -18.148 2.6
      vertex -28.0163 -17.421 2.6
      vertex -29.6458 -18.4142 2.6
    endloop
  endfacet
  facet normal 0 0 -1
    outer loop
      vertex -27.6978 -16.1497 2.6
      vertex -28.9032 -14.681 2.6
      vertex -28.6667 -14.5056 2.6
    endloop
  endfacet
  facet normal -0 0 -1
    outer loop
      vertex -28.0163 -17.421 2.6
      vertex -29.7716 -18.148 2.6
      vertex -28.0526 -17.3193 2.6
    endloop
  endfacet
  facet normal 0 0 -1
    outer loop
      vertex -27.7778 -16.2222 2.6
      vertex -29.1213 -14.8787 2.6
      vertex -28.9032 -14.681 2.6
    endloop
  endfacet
  facet normal 0 0 -1
    outer loop
      vertex -29.8708 -17.8709 2.6
      vertex -28.0526 -17.3193 2.6
      vertex -29.7716 -18.148 2.6
    endloop
  endfacet
  facet normal 0 0 -1
    outer loop
      vertex -27.8503 -16.3022 2.6
      vertex -29.319 -15.0968 2.6
      vertex -29.1213 -14.8787 2.6
    endloop
  endfacet
  facet normal -0 0 -1
    outer loop
      vertex -28.0526 -17.3193 2.6
      vertex -29.8708 -17.8709 2.6
      vertex -28.0789 -17.2146 2.6
    endloop
  endfacet
  facet normal 0 0 -1
    outer loop
      vertex -27.9146 -16.3889 2.6
      vertex -29.4944 -15.3333 2.6
      vertex -29.319 -15.0968 2.6
    endloop
  endfacet
  facet normal 0 0 -1
    outer loop
      vertex -29.9424 -17.5853 2.6
      vertex -28.0789 -17.2146 2.6
      vertex -29.8708 -17.8709 2.6
    endloop
  endfacet
  facet normal 0 0 -1
    outer loop
      vertex -27.9701 -16.4815 2.6
      vertex -29.6458 -15.5858 2.6
      vertex -29.4944 -15.3333 2.6
    endloop
  endfacet
  facet normal -0 0 -1
    outer loop
      vertex -28.0789 -17.2146 2.6
      vertex -29.9424 -17.5853 2.6
      vertex -28.0947 -17.1078 2.6
    endloop
  endfacet
  facet normal 0 0 -1
    outer loop
      vertex -28.0163 -16.579 2.6
      vertex -29.7716 -15.852 2.6
      vertex -29.6458 -15.5858 2.6
    endloop
  endfacet
  facet normal 0 0 -1
    outer loop
      vertex -29.9856 -17.2941 2.6
      vertex -28.0947 -17.1078 2.6
      vertex -29.9424 -17.5853 2.6
    endloop
  endfacet
  facet normal 0 0 -1
    outer loop
      vertex -28.0526 -16.6807 2.6
      vertex -29.8708 -16.1291 2.6
      vertex -29.7716 -15.852 2.6
    endloop
  endfacet
  facet normal -0 0 -1
    outer loop
      vertex -28.0947 -17.1078 2.6
      vertex -29.9856 -17.2941 2.6
      vertex -28.1 -17 2.6
    endloop
  endfacet
  facet normal 0 0 -1
    outer loop
      vertex -28.0789 -16.7854 2.6
      vertex -29.9424 -16.4147 2.6
      vertex -29.8708 -16.1291 2.6
    endloop
  endfacet
  facet normal 0 0 -1
    outer loop
      vertex -30 -17 2.6
      vertex -28.1 -17 2.6
      vertex -29.9856 -17.2941 2.6
    endloop
  endfacet
  facet normal 0 0 -1
    outer loop
      vertex -28.0947 -16.8922 2.6
      vertex -29.9856 -16.7059 2.6
      vertex -29.9424 -16.4147 2.6
    endloop
  endfacet
  facet normal 0 0 -1
    outer loop
      vertex -28.1 -17 2.6
      vertex -30 -17 2.6
      vertex -29.9856 -16.7059 2.6
    endloop
  endfacet
  facet normal -0.671607 -0.740908 0
    outer loop
      vertex -29.1213 -19.1213 2.6
      vertex -28.9032 -19.319 28
      vertex -29.1213 -19.1213 28
    endloop
  endfacet
  facet normal -0.671607 -0.740908 -0
    outer loop
      vertex -28.9032 -19.319 28
      vertex -29.1213 -19.1213 2.6
      vertex -28.9032 -19.319 2.6
    endloop
  endfacet
  facet normal -0.803208 0.595699 0
    outer loop
      vertex -29.4944 -15.3333 22
      vertex -29.319 -15.0968 28
      vertex -29.319 -15.0968 22
    endloop
  endfacet
  facet normal -0.803208 0.595699 0
    outer loop
      vertex -29.319 -15.0968 28
      vertex -29.4944 -15.3333 22
      vertex -29.4944 -15.3333 28
    endloop
  endfacet
  facet normal -0.803208 0.595699 0
    outer loop
      vertex -29.4944 -15.3333 2.6
      vertex -29.319 -15.0968 12
      vertex -29.319 -15.0968 2.6
    endloop
  endfacet
  facet normal -0.803208 0.595699 0
    outer loop
      vertex -29.319 -15.0968 12
      vertex -29.4944 -15.3333 2.6
      vertex -29.4944 -15.3333 12
    endloop
  endfacet
  facet normal -0.0489044 -0.998803 0
    outer loop
      vertex -27.2941 -19.9856 2.6
      vertex -27 -20 28
      vertex -27.2941 -19.9856 28
    endloop
  endfacet
  facet normal -0.0489044 -0.998803 -0
    outer loop
      vertex -27 -20 28
      vertex -27.2941 -19.9856 2.6
      vertex -27 -20 2.6
    endloop
  endfacet
  facet normal -0.146746 -0.989174 0
    outer loop
      vertex -27.5853 -19.9424 2.6
      vertex -27.2941 -19.9856 28
      vertex -27.5853 -19.9424 28
    endloop
  endfacet
  facet normal -0.146746 -0.989174 -0
    outer loop
      vertex -27.2941 -19.9856 28
      vertex -27.5853 -19.9424 2.6
      vertex -27.2941 -19.9856 2.6
    endloop
  endfacet
  facet normal -0.989174 0.146746 0
    outer loop
      vertex -29.9856 -16.7059 22
      vertex -29.9424 -16.4147 28
      vertex -29.9424 -16.4147 22
    endloop
  endfacet
  facet normal -0.989174 0.146746 0
    outer loop
      vertex -29.9424 -16.4147 28
      vertex -29.9856 -16.7059 22
      vertex -29.9856 -16.7059 28
    endloop
  endfacet
  facet normal -0.989174 0.146746 0
    outer loop
      vertex -29.9856 -16.7059 2.6
      vertex -29.9424 -16.4147 12
      vertex -29.9424 -16.4147 2.6
    endloop
  endfacet
  facet normal -0.989174 0.146746 0
    outer loop
      vertex -29.9424 -16.4147 12
      vertex -29.9856 -16.7059 2.6
      vertex -29.9856 -16.7059 12
    endloop
  endfacet
  facet normal -0.998803 0.0489044 0
    outer loop
      vertex -30 -17 2.6
      vertex -29.9856 -16.7059 12
      vertex -29.9856 -16.7059 2.6
    endloop
  endfacet
  facet normal -0.998803 0.0489044 0
    outer loop
      vertex -29.9856 -16.7059 12
      vertex -30 -17 2.6
      vertex -30 -17 12
    endloop
  endfacet
  facet normal -0.998803 0.0489044 0
    outer loop
      vertex -30 -17 22
      vertex -29.9856 -16.7059 28
      vertex -29.9856 -16.7059 22
    endloop
  endfacet
  facet normal -0.998803 0.0489044 0
    outer loop
      vertex -29.9856 -16.7059 28
      vertex -30 -17 22
      vertex -30 -17 28
    endloop
  endfacet
  facet normal -0.337047 -0.941488 0
    outer loop
      vertex -28.148 -19.7716 2.6
      vertex -27.8709 -19.8708 28
      vertex -28.148 -19.7716 28
    endloop
  endfacet
  facet normal -0.337047 -0.941488 -0
    outer loop
      vertex -27.8709 -19.8708 28
      vertex -28.148 -19.7716 2.6
      vertex -27.8709 -19.8708 2.6
    endloop
  endfacet
  facet normal 0.671607 -0.740908 0
    outer loop
      vertex -25.0968 -19.319 2.6
      vertex -24.8787 -19.1213 28
      vertex -25.0968 -19.319 28
    endloop
  endfacet
  facet normal 0.671607 -0.740908 0
    outer loop
      vertex -24.8787 -19.1213 28
      vertex -25.0968 -19.319 2.6
      vertex -24.8787 -19.1213 2.6
    endloop
  endfacet
  facet normal 0 0 1
    outer loop
      vertex -25.9 -17 28
      vertex -24 -17 28
      vertex -24.0144 -16.7059 28
    endloop
  endfacet
  facet normal 0 0 1
    outer loop
      vertex -25.9053 -16.8922 28
      vertex -24.0144 -16.7059 28
      vertex -24.0576 -16.4147 28
    endloop
  endfacet
  facet normal 0 0 1
    outer loop
      vertex -24 -17 28
      vertex -25.9 -17 28
      vertex -24.0144 -17.2941 28
    endloop
  endfacet
  facet normal 0 0 1
    outer loop
      vertex -25.9211 -16.7854 28
      vertex -24.0576 -16.4147 28
      vertex -24.1292 -16.1291 28
    endloop
  endfacet
  facet normal -0 0 1
    outer loop
      vertex -25.9053 -17.1078 28
      vertex -24.0144 -17.2941 28
      vertex -25.9 -17 28
    endloop
  endfacet
  facet normal 0 0 1
    outer loop
      vertex -25.9474 -16.6807 28
      vertex -24.1292 -16.1291 28
      vertex -24.2284 -15.852 28
    endloop
  endfacet
  facet normal 0 0 1
    outer loop
      vertex -24.0144 -17.2941 28
      vertex -25.9053 -17.1078 28
      vertex -24.0576 -17.5853 28
    endloop
  endfacet
  facet normal 0 0 1
    outer loop
      vertex -25.9837 -16.579 28
      vertex -24.2284 -15.852 28
      vertex -24.3542 -15.5858 28
    endloop
  endfacet
  facet normal -0 0 1
    outer loop
      vertex -25.9211 -17.2146 28
      vertex -24.0576 -17.5853 28
      vertex -25.9053 -17.1078 28
    endloop
  endfacet
  facet normal 0 0 1
    outer loop
      vertex -26.0299 -16.4815 28
      vertex -24.3542 -15.5858 28
      vertex -24.5056 -15.3333 28
    endloop
  endfacet
  facet normal 0 0 1
    outer loop
      vertex -24.0576 -17.5853 28
      vertex -25.9211 -17.2146 28
      vertex -24.1292 -17.8709 28
    endloop
  endfacet
  facet normal 0 0 1
    outer loop
      vertex -26.0854 -16.3889 28
      vertex -24.5056 -15.3333 28
      vertex -24.681 -15.0968 28
    endloop
  endfacet
  facet normal -0 0 1
    outer loop
      vertex -25.9474 -17.3193 28
      vertex -24.1292 -17.8709 28
      vertex -25.9211 -17.2146 28
    endloop
  endfacet
  facet normal 0 0 1
    outer loop
      vertex -26.1497 -16.3022 28
      vertex -24.681 -15.0968 28
      vertex -24.8787 -14.8787 28
    endloop
  endfacet
  facet normal 0 0 1
    outer loop
      vertex -24.1292 -17.8709 28
      vertex -25.9474 -17.3193 28
      vertex -24.2284 -18.148 28
    endloop
  endfacet
  facet normal 0 0 1
    outer loop
      vertex -26.2222 -16.2222 28
      vertex -24.8787 -14.8787 28
      vertex -25.0968 -14.681 28
    endloop
  endfacet
  facet normal -0 0 1
    outer loop
      vertex -25.9837 -17.421 28
      vertex -24.2284 -18.148 28
      vertex -25.9474 -17.3193 28
    endloop
  endfacet
  facet normal 0 0 1
    outer loop
      vertex -26.3022 -16.1497 28
      vertex -25.0968 -14.681 28
      vertex -25.3333 -14.5056 28
    endloop
  endfacet
  facet normal 0 0 1
    outer loop
      vertex -24.2284 -18.148 28
      vertex -25.9837 -17.421 28
      vertex -24.3542 -18.4142 28
    endloop
  endfacet
  facet normal 0 0 1
    outer loop
      vertex -26.3889 -16.0854 28
      vertex -25.3333 -14.5056 28
      vertex -25.5858 -14.3542 28
    endloop
  endfacet
  facet normal -0 0 1
    outer loop
      vertex -26.0299 -17.5185 28
      vertex -24.3542 -18.4142 28
      vertex -25.9837 -17.421 28
    endloop
  endfacet
  facet normal 0 0 1
    outer loop
      vertex -26.4815 -16.0299 28
      vertex -25.5858 -14.3542 28
      vertex -25.852 -14.2284 28
    endloop
  endfacet
  facet normal 0 0 1
    outer loop
      vertex -24.3542 -18.4142 28
      vertex -26.0299 -17.5185 28
      vertex -24.5056 -18.6667 28
    endloop
  endfacet
  facet normal -0 0 1
    outer loop
      vertex -26.0854 -17.6111 28
      vertex -24.5056 -18.6667 28
      vertex -26.0299 -17.5185 28
    endloop
  endfacet
  facet normal 0 0 1
    outer loop
      vertex -24.0144 -16.7059 28
      vertex -25.9053 -16.8922 28
      vertex -25.9 -17 28
    endloop
  endfacet
  facet normal 0 0 1
    outer loop
      vertex -24.0576 -16.4147 28
      vertex -25.9211 -16.7854 28
      vertex -25.9053 -16.8922 28
    endloop
  endfacet
  facet normal 0 0 1
    outer loop
      vertex -24.1292 -16.1291 28
      vertex -25.9474 -16.6807 28
      vertex -25.9211 -16.7854 28
    endloop
  endfacet
  facet normal 0 0 1
    outer loop
      vertex -24.2284 -15.852 28
      vertex -25.9837 -16.579 28
      vertex -25.9474 -16.6807 28
    endloop
  endfacet
  facet normal 0 0 1
    outer loop
      vertex -24.3542 -15.5858 28
      vertex -26.0299 -16.4815 28
      vertex -25.9837 -16.579 28
    endloop
  endfacet
  facet normal 0 0 1
    outer loop
      vertex -24.5056 -15.3333 28
      vertex -26.0854 -16.3889 28
      vertex -26.0299 -16.4815 28
    endloop
  endfacet
  facet normal 0 0 1
    outer loop
      vertex -26.579 -15.9837 28
      vertex -25.852 -14.2284 28
      vertex -26.1291 -14.1292 28
    endloop
  endfacet
  facet normal 0 0 1
    outer loop
      vertex -24.681 -15.0968 28
      vertex -26.1497 -16.3022 28
      vertex -26.0854 -16.3889 28
    endloop
  endfacet
  facet normal 0 0 1
    outer loop
      vertex -24.8787 -14.8787 28
      vertex -26.2222 -16.2222 28
      vertex -26.1497 -16.3022 28
    endloop
  endfacet
  facet normal 0 0 1
    outer loop
      vertex -25.0968 -14.681 28
      vertex -26.3022 -16.1497 28
      vertex -26.2222 -16.2222 28
    endloop
  endfacet
  facet normal 0 0 1
    outer loop
      vertex -25.3333 -14.5056 28
      vertex -26.3889 -16.0854 28
      vertex -26.3022 -16.1497 28
    endloop
  endfacet
  facet normal 0 0 1
    outer loop
      vertex -26.6807 -15.9474 28
      vertex -26.1291 -14.1292 28
      vertex -26.4147 -14.0576 28
    endloop
  endfacet
  facet normal 0 0 1
    outer loop
      vertex -25.5858 -14.3542 28
      vertex -26.4815 -16.0299 28
      vertex -26.3889 -16.0854 28
    endloop
  endfacet
  facet normal 0 0 1
    outer loop
      vertex -25.852 -14.2284 28
      vertex -26.579 -15.9837 28
      vertex -26.4815 -16.0299 28
    endloop
  endfacet
  facet normal 0 0 1
    outer loop
      vertex -26.1291 -14.1292 28
      vertex -26.6807 -15.9474 28
      vertex -26.579 -15.9837 28
    endloop
  endfacet
  facet normal 0 0 1
    outer loop
      vertex -26.7854 -15.9211 28
      vertex -26.4147 -14.0576 28
      vertex -26.7059 -14.0144 28
    endloop
  endfacet
  facet normal 0 0 1
    outer loop
      vertex -26.4147 -14.0576 28
      vertex -26.7854 -15.9211 28
      vertex -26.6807 -15.9474 28
    endloop
  endfacet
  facet normal 0 0 1
    outer loop
      vertex -26.7059 -14.0144 28
      vertex -26.8922 -15.9053 28
      vertex -26.7854 -15.9211 28
    endloop
  endfacet
  facet normal 0 0 1
    outer loop
      vertex -27 -14 28
      vertex -26.8922 -15.9053 28
      vertex -26.7059 -14.0144 28
    endloop
  endfacet
  facet normal 0 0 1
    outer loop
      vertex -27 -14 28
      vertex -27 -15.9 28
      vertex -26.8922 -15.9053 28
    endloop
  endfacet
  facet normal 0 0 1
    outer loop
      vertex -27 -14 28
      vertex -27.1078 -15.9053 28
      vertex -27 -15.9 28
    endloop
  endfacet
  facet normal -0 0 1
    outer loop
      vertex -27.2941 -14.0144 28
      vertex -27.1078 -15.9053 28
      vertex -27 -14 28
    endloop
  endfacet
  facet normal 0 0 1
    outer loop
      vertex -27.1078 -15.9053 28
      vertex -27.2941 -14.0144 28
      vertex -27.2146 -15.9211 28
    endloop
  endfacet
  facet normal -0 0 1
    outer loop
      vertex -27.5853 -14.0576 28
      vertex -27.2146 -15.9211 28
      vertex -27.2941 -14.0144 28
    endloop
  endfacet
  facet normal 0 0 1
    outer loop
      vertex -27.2146 -15.9211 28
      vertex -27.5853 -14.0576 28
      vertex -27.3193 -15.9474 28
    endloop
  endfacet
  facet normal -0 0 1
    outer loop
      vertex -27.8709 -14.1292 28
      vertex -27.3193 -15.9474 28
      vertex -27.5853 -14.0576 28
    endloop
  endfacet
  facet normal 0 0 1
    outer loop
      vertex -27.3193 -15.9474 28
      vertex -27.8709 -14.1292 28
      vertex -27.421 -15.9837 28
    endloop
  endfacet
  facet normal -0 0 1
    outer loop
      vertex -28.148 -14.2284 28
      vertex -27.421 -15.9837 28
      vertex -27.8709 -14.1292 28
    endloop
  endfacet
  facet normal 0 0 1
    outer loop
      vertex -27.421 -15.9837 28
      vertex -28.148 -14.2284 28
      vertex -27.5185 -16.0299 28
    endloop
  endfacet
  facet normal -0 0 1
    outer loop
      vertex -28.4142 -14.3542 28
      vertex -27.5185 -16.0299 28
      vertex -28.148 -14.2284 28
    endloop
  endfacet
  facet normal 0 0 1
    outer loop
      vertex -27.5185 -16.0299 28
      vertex -28.4142 -14.3542 28
      vertex -27.6111 -16.0854 28
    endloop
  endfacet
  facet normal -0 0 1
    outer loop
      vertex -28.6667 -14.5056 28
      vertex -27.6111 -16.0854 28
      vertex -28.4142 -14.3542 28
    endloop
  endfacet
  facet normal 0 0 1
    outer loop
      vertex -27.6111 -16.0854 28
      vertex -28.6667 -14.5056 28
      vertex -27.6978 -16.1497 28
    endloop
  endfacet
  facet normal -0 0 1
    outer loop
      vertex -28.9032 -14.681 28
      vertex -27.6978 -16.1497 28
      vertex -28.6667 -14.5056 28
    endloop
  endfacet
  facet normal 0 0 1
    outer loop
      vertex -27.6978 -16.1497 28
      vertex -28.9032 -14.681 28
      vertex -27.7778 -16.2222 28
    endloop
  endfacet
  facet normal -0 0 1
    outer loop
      vertex -29.1213 -14.8787 28
      vertex -27.7778 -16.2222 28
      vertex -28.9032 -14.681 28
    endloop
  endfacet
  facet normal 0 0 1
    outer loop
      vertex -27.7778 -16.2222 28
      vertex -29.1213 -14.8787 28
      vertex -27.8503 -16.3022 28
    endloop
  endfacet
  facet normal -0 0 1
    outer loop
      vertex -29.319 -15.0968 28
      vertex -27.8503 -16.3022 28
      vertex -29.1213 -14.8787 28
    endloop
  endfacet
  facet normal -0 0 1
    outer loop
      vertex -29.4944 -15.3333 28
      vertex -27.9146 -16.3889 28
      vertex -29.319 -15.0968 28
    endloop
  endfacet
  facet normal 0 0 1
    outer loop
      vertex -27.8503 -16.3022 28
      vertex -29.319 -15.0968 28
      vertex -27.9146 -16.3889 28
    endloop
  endfacet
  facet normal 0 0 1
    outer loop
      vertex -24.5056 -18.6667 28
      vertex -26.0854 -17.6111 28
      vertex -24.681 -18.9032 28
    endloop
  endfacet
  facet normal -0 0 1
    outer loop
      vertex -26.1497 -17.6978 28
      vertex -24.681 -18.9032 28
      vertex -26.0854 -17.6111 28
    endloop
  endfacet
  facet normal 0 0 1
    outer loop
      vertex -24.681 -18.9032 28
      vertex -26.1497 -17.6978 28
      vertex -24.8787 -19.1213 28
    endloop
  endfacet
  facet normal -0 0 1
    outer loop
      vertex -26.2222 -17.7778 28
      vertex -24.8787 -19.1213 28
      vertex -26.1497 -17.6978 28
    endloop
  endfacet
  facet normal 0 0 1
    outer loop
      vertex -24.8787 -19.1213 28
      vertex -26.2222 -17.7778 28
      vertex -25.0968 -19.319 28
    endloop
  endfacet
  facet normal -0 0 1
    outer loop
      vertex -26.3022 -17.8503 28
      vertex -25.0968 -19.319 28
      vertex -26.2222 -17.7778 28
    endloop
  endfacet
  facet normal 0 0 1
    outer loop
      vertex -25.0968 -19.319 28
      vertex -26.3022 -17.8503 28
      vertex -25.3333 -19.4944 28
    endloop
  endfacet
  facet normal -0 0 1
    outer loop
      vertex -26.3889 -17.9146 28
      vertex -25.3333 -19.4944 28
      vertex -26.3022 -17.8503 28
    endloop
  endfacet
  facet normal 0 0 1
    outer loop
      vertex -25.3333 -19.4944 28
      vertex -26.3889 -17.9146 28
      vertex -25.5858 -19.6458 28
    endloop
  endfacet
  facet normal -0 0 1
    outer loop
      vertex -26.4815 -17.9701 28
      vertex -25.5858 -19.6458 28
      vertex -26.3889 -17.9146 28
    endloop
  endfacet
  facet normal 0 0 1
    outer loop
      vertex -25.5858 -19.6458 28
      vertex -26.4815 -17.9701 28
      vertex -25.852 -19.7716 28
    endloop
  endfacet
  facet normal -0 0 1
    outer loop
      vertex -26.579 -18.0163 28
      vertex -25.852 -19.7716 28
      vertex -26.4815 -17.9701 28
    endloop
  endfacet
  facet normal 0 0 1
    outer loop
      vertex -25.852 -19.7716 28
      vertex -26.579 -18.0163 28
      vertex -26.1291 -19.8708 28
    endloop
  endfacet
  facet normal -0 0 1
    outer loop
      vertex -26.6807 -18.0526 28
      vertex -26.1291 -19.8708 28
      vertex -26.579 -18.0163 28
    endloop
  endfacet
  facet normal 0 0 1
    outer loop
      vertex -26.1291 -19.8708 28
      vertex -26.6807 -18.0526 28
      vertex -26.4147 -19.9424 28
    endloop
  endfacet
  facet normal -0 0 1
    outer loop
      vertex -26.7854 -18.0789 28
      vertex -26.4147 -19.9424 28
      vertex -26.6807 -18.0526 28
    endloop
  endfacet
  facet normal 0 0 1
    outer loop
      vertex -26.4147 -19.9424 28
      vertex -26.7854 -18.0789 28
      vertex -26.7059 -19.9856 28
    endloop
  endfacet
  facet normal -0 0 1
    outer loop
      vertex -26.8922 -18.0947 28
      vertex -26.7059 -19.9856 28
      vertex -26.7854 -18.0789 28
    endloop
  endfacet
  facet normal -0 0 1
    outer loop
      vertex -27 -18.1 28
      vertex -26.7059 -19.9856 28
      vertex -26.8922 -18.0947 28
    endloop
  endfacet
  facet normal 0 0 1
    outer loop
      vertex -27 -18.1 28
      vertex -27 -20 28
      vertex -26.7059 -19.9856 28
    endloop
  endfacet
  facet normal 0 0 1
    outer loop
      vertex -27.1078 -18.0947 28
      vertex -27 -20 28
      vertex -27 -18.1 28
    endloop
  endfacet
  facet normal 0 0 1
    outer loop
      vertex -27.2941 -19.9856 28
      vertex -27.1078 -18.0947 28
      vertex -27.2146 -18.0789 28
    endloop
  endfacet
  facet normal 0 0 1
    outer loop
      vertex -27.1078 -18.0947 28
      vertex -27.2941 -19.9856 28
      vertex -27 -20 28
    endloop
  endfacet
  facet normal 0 0 1
    outer loop
      vertex -27.5853 -19.9424 28
      vertex -27.2146 -18.0789 28
      vertex -27.3193 -18.0526 28
    endloop
  endfacet
  facet normal 0 0 1
    outer loop
      vertex -27.8709 -19.8708 28
      vertex -27.3193 -18.0526 28
      vertex -27.421 -18.0163 28
    endloop
  endfacet
  facet normal 0 0 1
    outer loop
      vertex -28.148 -19.7716 28
      vertex -27.421 -18.0163 28
      vertex -27.5185 -17.9701 28
    endloop
  endfacet
  facet normal 0 0 1
    outer loop
      vertex -27.2146 -18.0789 28
      vertex -27.5853 -19.9424 28
      vertex -27.2941 -19.9856 28
    endloop
  endfacet
  facet normal 0 0 1
    outer loop
      vertex -28.4142 -19.6458 28
      vertex -27.5185 -17.9701 28
      vertex -27.6111 -17.9146 28
    endloop
  endfacet
  facet normal 0 0 1
    outer loop
      vertex -28.6667 -19.4944 28
      vertex -27.6111 -17.9146 28
      vertex -27.6978 -17.8503 28
    endloop
  endfacet
  facet normal 0 0 1
    outer loop
      vertex -28.9032 -19.319 28
      vertex -27.6978 -17.8503 28
      vertex -27.7778 -17.7778 28
    endloop
  endfacet
  facet normal 0 0 1
    outer loop
      vertex -29.1213 -19.1213 28
      vertex -27.7778 -17.7778 28
      vertex -27.8503 -17.6978 28
    endloop
  endfacet
  facet normal 0 0 1
    outer loop
      vertex -27.3193 -18.0526 28
      vertex -27.8709 -19.8708 28
      vertex -27.5853 -19.9424 28
    endloop
  endfacet
  facet normal 0 0 1
    outer loop
      vertex -29.319 -18.9032 28
      vertex -27.8503 -17.6978 28
      vertex -27.9146 -17.6111 28
    endloop
  endfacet
  facet normal 0 0 1
    outer loop
      vertex -29.4944 -18.6667 28
      vertex -27.9146 -17.6111 28
      vertex -27.9701 -17.5185 28
    endloop
  endfacet
  facet normal 0 0 1
    outer loop
      vertex -29.6458 -18.4142 28
      vertex -27.9701 -17.5185 28
      vertex -28.0163 -17.421 28
    endloop
  endfacet
  facet normal 0 0 1
    outer loop
      vertex -29.7716 -18.148 28
      vertex -28.0163 -17.421 28
      vertex -28.0526 -17.3193 28
    endloop
  endfacet
  facet normal 0 0 1
    outer loop
      vertex -29.8708 -17.8709 28
      vertex -28.0526 -17.3193 28
      vertex -28.0789 -17.2146 28
    endloop
  endfacet
  facet normal 0 0 1
    outer loop
      vertex -29.9424 -17.5853 28
      vertex -28.0789 -17.2146 28
      vertex -28.0947 -17.1078 28
    endloop
  endfacet
  facet normal 0 0 1
    outer loop
      vertex -27.421 -18.0163 28
      vertex -28.148 -19.7716 28
      vertex -27.8709 -19.8708 28
    endloop
  endfacet
  facet normal 0 0 1
    outer loop
      vertex -29.9856 -17.2941 28
      vertex -28.0947 -17.1078 28
      vertex -28.1 -17 28
    endloop
  endfacet
  facet normal 0 0 1
    outer loop
      vertex -27.9146 -16.3889 28
      vertex -29.4944 -15.3333 28
      vertex -27.9701 -16.4815 28
    endloop
  endfacet
  facet normal -0 0 1
    outer loop
      vertex -29.6458 -15.5858 28
      vertex -27.9701 -16.4815 28
      vertex -29.4944 -15.3333 28
    endloop
  endfacet
  facet normal 0 0 1
    outer loop
      vertex -27.5185 -17.9701 28
      vertex -28.4142 -19.6458 28
      vertex -28.148 -19.7716 28
    endloop
  endfacet
  facet normal 0 0 1
    outer loop
      vertex -27.9701 -16.4815 28
      vertex -29.6458 -15.5858 28
      vertex -28.0163 -16.579 28
    endloop
  endfacet
  facet normal 0 0 1
    outer loop
      vertex -27.6111 -17.9146 28
      vertex -28.6667 -19.4944 28
      vertex -28.4142 -19.6458 28
    endloop
  endfacet
  facet normal -0 0 1
    outer loop
      vertex -29.7716 -15.852 28
      vertex -28.0163 -16.579 28
      vertex -29.6458 -15.5858 28
    endloop
  endfacet
  facet normal 0 0 1
    outer loop
      vertex -27.6978 -17.8503 28
      vertex -28.9032 -19.319 28
      vertex -28.6667 -19.4944 28
    endloop
  endfacet
  facet normal 0 0 1
    outer loop
      vertex -28.0163 -16.579 28
      vertex -29.7716 -15.852 28
      vertex -28.0526 -16.6807 28
    endloop
  endfacet
  facet normal 0 0 1
    outer loop
      vertex -27.7778 -17.7778 28
      vertex -29.1213 -19.1213 28
      vertex -28.9032 -19.319 28
    endloop
  endfacet
  facet normal -0 0 1
    outer loop
      vertex -29.8708 -16.1291 28
      vertex -28.0526 -16.6807 28
      vertex -29.7716 -15.852 28
    endloop
  endfacet
  facet normal 0 0 1
    outer loop
      vertex -27.8503 -17.6978 28
      vertex -29.319 -18.9032 28
      vertex -29.1213 -19.1213 28
    endloop
  endfacet
  facet normal 0 0 1
    outer loop
      vertex -28.0526 -16.6807 28
      vertex -29.8708 -16.1291 28
      vertex -28.0789 -16.7854 28
    endloop
  endfacet
  facet normal 0 0 1
    outer loop
      vertex -27.9146 -17.6111 28
      vertex -29.4944 -18.6667 28
      vertex -29.319 -18.9032 28
    endloop
  endfacet
  facet normal -0 0 1
    outer loop
      vertex -29.9424 -16.4147 28
      vertex -28.0789 -16.7854 28
      vertex -29.8708 -16.1291 28
    endloop
  endfacet
  facet normal 0 0 1
    outer loop
      vertex -27.9701 -17.5185 28
      vertex -29.6458 -18.4142 28
      vertex -29.4944 -18.6667 28
    endloop
  endfacet
  facet normal 0 0 1
    outer loop
      vertex -28.0789 -16.7854 28
      vertex -29.9424 -16.4147 28
      vertex -28.0947 -16.8922 28
    endloop
  endfacet
  facet normal 0 0 1
    outer loop
      vertex -28.0163 -17.421 28
      vertex -29.7716 -18.148 28
      vertex -29.6458 -18.4142 28
    endloop
  endfacet
  facet normal -0 0 1
    outer loop
      vertex -29.9856 -16.7059 28
      vertex -28.0947 -16.8922 28
      vertex -29.9424 -16.4147 28
    endloop
  endfacet
  facet normal 0 0 1
    outer loop
      vertex -28.0526 -17.3193 28
      vertex -29.8708 -17.8709 28
      vertex -29.7716 -18.148 28
    endloop
  endfacet
  facet normal 0 0 1
    outer loop
      vertex -28.0947 -16.8922 28
      vertex -29.9856 -16.7059 28
      vertex -28.1 -17 28
    endloop
  endfacet
  facet normal 0 0 1
    outer loop
      vertex -28.0789 -17.2146 28
      vertex -29.9424 -17.5853 28
      vertex -29.8708 -17.8709 28
    endloop
  endfacet
  facet normal 0 0 1
    outer loop
      vertex -30 -17 28
      vertex -28.1 -17 28
      vertex -29.9856 -16.7059 28
    endloop
  endfacet
  facet normal 0 0 1
    outer loop
      vertex -28.0947 -17.1078 28
      vertex -29.9856 -17.2941 28
      vertex -29.9424 -17.5853 28
    endloop
  endfacet
  facet normal 0 0 1
    outer loop
      vertex -28.1 -17 28
      vertex -30 -17 28
      vertex -29.9856 -17.2941 28
    endloop
  endfacet
  facet normal -0.989233 -0.146347 0
    outer loop
      vertex -25.9053 -16.8922 2.6
      vertex -25.9211 -16.7854 28
      vertex -25.9211 -16.7854 2.6
    endloop
  endfacet
  facet normal -0.989233 -0.146347 0
    outer loop
      vertex -25.9211 -16.7854 28
      vertex -25.9053 -16.8922 2.6
      vertex -25.9053 -16.8922 28
    endloop
  endfacet
  facet normal -0.998794 -0.0491058 0
    outer loop
      vertex -25.9 -17 2.6
      vertex -25.9053 -16.8922 28
      vertex -25.9053 -16.8922 2.6
    endloop
  endfacet
  facet normal -0.998794 -0.0491058 0
    outer loop
      vertex -25.9053 -16.8922 28
      vertex -25.9 -17 2.6
      vertex -25.9 -17 28
    endloop
  endfacet
  facet normal -0.969869 -0.243625 0
    outer loop
      vertex -25.9211 -16.7854 2.6
      vertex -25.9474 -16.6807 28
      vertex -25.9474 -16.6807 2.6
    endloop
  endfacet
  facet normal -0.969869 -0.243625 0
    outer loop
      vertex -25.9474 -16.6807 28
      vertex -25.9211 -16.7854 2.6
      vertex -25.9211 -16.7854 28
    endloop
  endfacet
  facet normal 0.428206 -0.903681 0
    outer loop
      vertex -27.5185 -16.0299 2.6
      vertex -27.421 -15.9837 28
      vertex -27.5185 -16.0299 28
    endloop
  endfacet
  facet normal 0.428206 -0.903681 0
    outer loop
      vertex -27.421 -15.9837 28
      vertex -27.5185 -16.0299 2.6
      vertex -27.421 -15.9837 2.6
    endloop
  endfacet
  facet normal -0.33616 -0.941805 0
    outer loop
      vertex -26.6807 -15.9474 2.6
      vertex -26.579 -15.9837 28
      vertex -26.6807 -15.9474 28
    endloop
  endfacet
  facet normal -0.33616 -0.941805 -0
    outer loop
      vertex -26.579 -15.9837 28
      vertex -26.6807 -15.9474 2.6
      vertex -26.579 -15.9837 2.6
    endloop
  endfacet
  facet normal -0.146347 -0.989233 0
    outer loop
      vertex -26.8922 -15.9053 2.6
      vertex -26.7854 -15.9211 28
      vertex -26.8922 -15.9053 28
    endloop
  endfacet
  facet normal -0.146347 -0.989233 -0
    outer loop
      vertex -26.7854 -15.9211 28
      vertex -26.8922 -15.9053 2.6
      vertex -26.7854 -15.9211 2.6
    endloop
  endfacet
  facet normal -0.998794 0.0491058 0
    outer loop
      vertex -25.9053 -17.1078 2.6
      vertex -25.9 -17 28
      vertex -25.9 -17 2.6
    endloop
  endfacet
  facet normal -0.998794 0.0491058 0
    outer loop
      vertex -25.9 -17 28
      vertex -25.9053 -17.1078 2.6
      vertex -25.9053 -17.1078 28
    endloop
  endfacet
  facet normal 0.33616 -0.941805 0
    outer loop
      vertex -27.421 -15.9837 2.6
      vertex -27.3193 -15.9474 28
      vertex -27.421 -15.9837 28
    endloop
  endfacet
  facet normal 0.33616 -0.941805 0
    outer loop
      vertex -27.3193 -15.9474 28
      vertex -27.421 -15.9837 2.6
      vertex -27.3193 -15.9474 2.6
    endloop
  endfacet
  facet normal -0.243625 0.969869 0
    outer loop
      vertex -26.6807 -18.0526 2.6
      vertex -26.7854 -18.0789 28
      vertex -26.6807 -18.0526 28
    endloop
  endfacet
  facet normal -0.243625 0.969869 0
    outer loop
      vertex -26.7854 -18.0789 28
      vertex -26.6807 -18.0526 2.6
      vertex -26.7854 -18.0789 2.6
    endloop
  endfacet
  facet normal -0.803212 0.595693 0
    outer loop
      vertex -26.1497 -17.6978 2.6
      vertex -26.0854 -17.6111 28
      vertex -26.0854 -17.6111 2.6
    endloop
  endfacet
  facet normal -0.803212 0.595693 0
    outer loop
      vertex -26.0854 -17.6111 28
      vertex -26.1497 -17.6978 2.6
      vertex -26.1497 -17.6978 28
    endloop
  endfacet
  facet normal 0.514087 -0.857738 0
    outer loop
      vertex -27.6111 -16.0854 2.6
      vertex -27.5185 -16.0299 28
      vertex -27.6111 -16.0854 28
    endloop
  endfacet
  facet normal 0.514087 -0.857738 0
    outer loop
      vertex -27.5185 -16.0299 28
      vertex -27.6111 -16.0854 2.6
      vertex -27.5185 -16.0299 2.6
    endloop
  endfacet
  facet normal 0.989233 0.146347 0
    outer loop
      vertex -28.0789 -17.2146 28
      vertex -28.0947 -17.1078 2.6
      vertex -28.0947 -17.1078 28
    endloop
  endfacet
  facet normal 0.989233 0.146347 0
    outer loop
      vertex -28.0947 -17.1078 2.6
      vertex -28.0789 -17.2146 28
      vertex -28.0789 -17.2146 2.6
    endloop
  endfacet
  facet normal 0.740987 -0.671519 0
    outer loop
      vertex -27.8503 -16.3022 28
      vertex -27.7778 -16.2222 2.6
      vertex -27.7778 -16.2222 28
    endloop
  endfacet
  facet normal 0.740987 -0.671519 0
    outer loop
      vertex -27.7778 -16.2222 2.6
      vertex -27.8503 -16.3022 28
      vertex -27.8503 -16.3022 2.6
    endloop
  endfacet
  facet normal 0.969869 -0.243625 0
    outer loop
      vertex -28.0789 -16.7854 28
      vertex -28.0526 -16.6807 2.6
      vertex -28.0526 -16.6807 28
    endloop
  endfacet
  facet normal 0.969869 -0.243625 0
    outer loop
      vertex -28.0526 -16.6807 2.6
      vertex -28.0789 -16.7854 28
      vertex -28.0789 -16.7854 2.6
    endloop
  endfacet
  facet normal -0.428206 0.903681 0
    outer loop
      vertex -26.4815 -17.9701 2.6
      vertex -26.579 -18.0163 28
      vertex -26.4815 -17.9701 28
    endloop
  endfacet
  facet normal -0.428206 0.903681 0
    outer loop
      vertex -26.579 -18.0163 28
      vertex -26.4815 -17.9701 2.6
      vertex -26.579 -18.0163 2.6
    endloop
  endfacet
  facet normal 0.0491058 -0.998794 0
    outer loop
      vertex -27.1078 -15.9053 2.6
      vertex -27 -15.9 28
      vertex -27.1078 -15.9053 28
    endloop
  endfacet
  facet normal 0.0491058 -0.998794 0
    outer loop
      vertex -27 -15.9 28
      vertex -27.1078 -15.9053 2.6
      vertex -27 -15.9 2.6
    endloop
  endfacet
  facet normal 0.595693 0.803212 -0
    outer loop
      vertex -27.6111 -17.9146 2.6
      vertex -27.6978 -17.8503 28
      vertex -27.6111 -17.9146 28
    endloop
  endfacet
  facet normal 0.595693 0.803212 0
    outer loop
      vertex -27.6978 -17.8503 28
      vertex -27.6111 -17.9146 2.6
      vertex -27.6978 -17.8503 2.6
    endloop
  endfacet
  facet normal -0.146347 0.989233 0
    outer loop
      vertex -26.7854 -18.0789 2.6
      vertex -26.8922 -18.0947 28
      vertex -26.7854 -18.0789 28
    endloop
  endfacet
  facet normal -0.146347 0.989233 0
    outer loop
      vertex -26.8922 -18.0947 28
      vertex -26.7854 -18.0789 2.6
      vertex -26.8922 -18.0947 2.6
    endloop
  endfacet
  facet normal 0.146347 -0.989233 0
    outer loop
      vertex -27.2146 -15.9211 2.6
      vertex -27.1078 -15.9053 28
      vertex -27.2146 -15.9211 28
    endloop
  endfacet
  facet normal 0.146347 -0.989233 0
    outer loop
      vertex -27.1078 -15.9053 28
      vertex -27.2146 -15.9211 2.6
      vertex -27.1078 -15.9053 2.6
    endloop
  endfacet
  facet normal 0.989233 -0.146347 0
    outer loop
      vertex -28.0947 -16.8922 28
      vertex -28.0789 -16.7854 2.6
      vertex -28.0789 -16.7854 28
    endloop
  endfacet
  facet normal 0.989233 -0.146347 0
    outer loop
      vertex -28.0789 -16.7854 2.6
      vertex -28.0947 -16.8922 28
      vertex -28.0947 -16.8922 2.6
    endloop
  endfacet
  facet normal 0.803212 0.595693 0
    outer loop
      vertex -27.8503 -17.6978 28
      vertex -27.9146 -17.6111 2.6
      vertex -27.9146 -17.6111 28
    endloop
  endfacet
  facet normal 0.803212 0.595693 0
    outer loop
      vertex -27.9146 -17.6111 2.6
      vertex -27.8503 -17.6978 28
      vertex -27.8503 -17.6978 2.6
    endloop
  endfacet
  facet normal -0.903681 0.428206 0
    outer loop
      vertex -26.0299 -17.5185 2.6
      vertex -25.9837 -17.421 28
      vertex -25.9837 -17.421 2.6
    endloop
  endfacet
  facet normal -0.903681 0.428206 0
    outer loop
      vertex -25.9837 -17.421 28
      vertex -26.0299 -17.5185 2.6
      vertex -26.0299 -17.5185 28
    endloop
  endfacet
  facet normal -0.671519 -0.740987 0
    outer loop
      vertex -26.3022 -16.1497 2.6
      vertex -26.2222 -16.2222 28
      vertex -26.3022 -16.1497 28
    endloop
  endfacet
  facet normal -0.671519 -0.740987 -0
    outer loop
      vertex -26.2222 -16.2222 28
      vertex -26.3022 -16.1497 2.6
      vertex -26.2222 -16.2222 2.6
    endloop
  endfacet
  facet normal 0.243625 -0.969869 0
    outer loop
      vertex -27.3193 -15.9474 2.6
      vertex -27.2146 -15.9211 28
      vertex -27.3193 -15.9474 28
    endloop
  endfacet
  facet normal 0.243625 -0.969869 0
    outer loop
      vertex -27.2146 -15.9211 28
      vertex -27.3193 -15.9474 2.6
      vertex -27.2146 -15.9211 2.6
    endloop
  endfacet
  facet normal -0.428206 -0.903681 0
    outer loop
      vertex -26.579 -15.9837 2.6
      vertex -26.4815 -16.0299 28
      vertex -26.579 -15.9837 28
    endloop
  endfacet
  facet normal -0.428206 -0.903681 -0
    outer loop
      vertex -26.4815 -16.0299 28
      vertex -26.579 -15.9837 2.6
      vertex -26.4815 -16.0299 2.6
    endloop
  endfacet
  facet normal -0.0491058 0.998794 0
    outer loop
      vertex -26.8922 -18.0947 2.6
      vertex -27 -18.1 28
      vertex -26.8922 -18.0947 28
    endloop
  endfacet
  facet normal -0.0491058 0.998794 0
    outer loop
      vertex -27 -18.1 28
      vertex -26.8922 -18.0947 2.6
      vertex -27 -18.1 2.6
    endloop
  endfacet
  facet normal -0.803212 -0.595693 0
    outer loop
      vertex -26.0854 -16.3889 2.6
      vertex -26.1497 -16.3022 28
      vertex -26.1497 -16.3022 2.6
    endloop
  endfacet
  facet normal -0.803212 -0.595693 0
    outer loop
      vertex -26.1497 -16.3022 28
      vertex -26.0854 -16.3889 2.6
      vertex -26.0854 -16.3889 28
    endloop
  endfacet
  facet normal 0.903681 0.428206 0
    outer loop
      vertex -27.9701 -17.5185 28
      vertex -28.0163 -17.421 2.6
      vertex -28.0163 -17.421 28
    endloop
  endfacet
  facet normal 0.903681 0.428206 0
    outer loop
      vertex -28.0163 -17.421 2.6
      vertex -27.9701 -17.5185 28
      vertex -27.9701 -17.5185 2.6
    endloop
  endfacet
  facet normal 0.740987 0.671519 0
    outer loop
      vertex -27.7778 -17.7778 28
      vertex -27.8503 -17.6978 2.6
      vertex -27.8503 -17.6978 28
    endloop
  endfacet
  facet normal 0.740987 0.671519 0
    outer loop
      vertex -27.8503 -17.6978 2.6
      vertex -27.7778 -17.7778 28
      vertex -27.7778 -17.7778 2.6
    endloop
  endfacet
  facet normal 0.33616 0.941805 -0
    outer loop
      vertex -27.3193 -18.0526 2.6
      vertex -27.421 -18.0163 28
      vertex -27.3193 -18.0526 28
    endloop
  endfacet
  facet normal 0.33616 0.941805 0
    outer loop
      vertex -27.421 -18.0163 28
      vertex -27.3193 -18.0526 2.6
      vertex -27.421 -18.0163 2.6
    endloop
  endfacet
  facet normal 0.0491058 0.998794 -0
    outer loop
      vertex -27 -18.1 2.6
      vertex -27.1078 -18.0947 28
      vertex -27 -18.1 28
    endloop
  endfacet
  facet normal 0.0491058 0.998794 0
    outer loop
      vertex -27.1078 -18.0947 28
      vertex -27 -18.1 2.6
      vertex -27.1078 -18.0947 2.6
    endloop
  endfacet
  facet normal 0.998794 -0.0491058 0
    outer loop
      vertex -28.1 -17 28
      vertex -28.0947 -16.8922 2.6
      vertex -28.0947 -16.8922 28
    endloop
  endfacet
  facet normal 0.998794 -0.0491058 0
    outer loop
      vertex -28.0947 -16.8922 2.6
      vertex -28.1 -17 28
      vertex -28.1 -17 2.6
    endloop
  endfacet
  facet normal -0.33616 0.941805 0
    outer loop
      vertex -26.579 -18.0163 2.6
      vertex -26.6807 -18.0526 28
      vertex -26.579 -18.0163 28
    endloop
  endfacet
  facet normal -0.33616 0.941805 0
    outer loop
      vertex -26.6807 -18.0526 28
      vertex -26.579 -18.0163 2.6
      vertex -26.6807 -18.0526 2.6
    endloop
  endfacet
  facet normal -0.969869 0.243625 0
    outer loop
      vertex -25.9474 -17.3193 2.6
      vertex -25.9211 -17.2146 28
      vertex -25.9211 -17.2146 2.6
    endloop
  endfacet
  facet normal -0.969869 0.243625 0
    outer loop
      vertex -25.9211 -17.2146 28
      vertex -25.9474 -17.3193 2.6
      vertex -25.9474 -17.3193 28
    endloop
  endfacet
  facet normal -0.941805 0.33616 0
    outer loop
      vertex -25.9837 -17.421 2.6
      vertex -25.9474 -17.3193 28
      vertex -25.9474 -17.3193 2.6
    endloop
  endfacet
  facet normal -0.941805 0.33616 0
    outer loop
      vertex -25.9474 -17.3193 28
      vertex -25.9837 -17.421 2.6
      vertex -25.9837 -17.421 28
    endloop
  endfacet
  facet normal -0.740987 0.671519 0
    outer loop
      vertex -26.2222 -17.7778 2.6
      vertex -26.1497 -17.6978 28
      vertex -26.1497 -17.6978 2.6
    endloop
  endfacet
  facet normal -0.740987 0.671519 0
    outer loop
      vertex -26.1497 -17.6978 28
      vertex -26.2222 -17.7778 2.6
      vertex -26.2222 -17.7778 28
    endloop
  endfacet
  facet normal -0.514087 -0.857738 0
    outer loop
      vertex -26.4815 -16.0299 2.6
      vertex -26.3889 -16.0854 28
      vertex -26.4815 -16.0299 28
    endloop
  endfacet
  facet normal -0.514087 -0.857738 -0
    outer loop
      vertex -26.3889 -16.0854 28
      vertex -26.4815 -16.0299 2.6
      vertex -26.3889 -16.0854 2.6
    endloop
  endfacet
  facet normal -0.243625 -0.969869 0
    outer loop
      vertex -26.7854 -15.9211 2.6
      vertex -26.6807 -15.9474 28
      vertex -26.7854 -15.9211 28
    endloop
  endfacet
  facet normal -0.243625 -0.969869 -0
    outer loop
      vertex -26.6807 -15.9474 28
      vertex -26.7854 -15.9211 2.6
      vertex -26.6807 -15.9474 2.6
    endloop
  endfacet
  facet normal -0.941805 -0.33616 0
    outer loop
      vertex -25.9474 -16.6807 2.6
      vertex -25.9837 -16.579 28
      vertex -25.9837 -16.579 2.6
    endloop
  endfacet
  facet normal -0.941805 -0.33616 0
    outer loop
      vertex -25.9837 -16.579 28
      vertex -25.9474 -16.6807 2.6
      vertex -25.9474 -16.6807 28
    endloop
  endfacet
  facet normal -0.595693 -0.803212 0
    outer loop
      vertex -26.3889 -16.0854 2.6
      vertex -26.3022 -16.1497 28
      vertex -26.3889 -16.0854 28
    endloop
  endfacet
  facet normal -0.595693 -0.803212 -0
    outer loop
      vertex -26.3022 -16.1497 28
      vertex -26.3889 -16.0854 2.6
      vertex -26.3022 -16.1497 2.6
    endloop
  endfacet
  facet normal 0.969869 0.243625 0
    outer loop
      vertex -28.0526 -17.3193 28
      vertex -28.0789 -17.2146 2.6
      vertex -28.0789 -17.2146 28
    endloop
  endfacet
  facet normal 0.969869 0.243625 0
    outer loop
      vertex -28.0789 -17.2146 2.6
      vertex -28.0526 -17.3193 28
      vertex -28.0526 -17.3193 2.6
    endloop
  endfacet
  facet normal -0.903681 -0.428206 0
    outer loop
      vertex -25.9837 -16.579 2.6
      vertex -26.0299 -16.4815 28
      vertex -26.0299 -16.4815 2.6
    endloop
  endfacet
  facet normal -0.903681 -0.428206 0
    outer loop
      vertex -26.0299 -16.4815 28
      vertex -25.9837 -16.579 2.6
      vertex -25.9837 -16.579 28
    endloop
  endfacet
  facet normal -0.0491058 -0.998794 0
    outer loop
      vertex -27 -15.9 2.6
      vertex -26.8922 -15.9053 28
      vertex -27 -15.9 28
    endloop
  endfacet
  facet normal -0.0491058 -0.998794 -0
    outer loop
      vertex -26.8922 -15.9053 28
      vertex -27 -15.9 2.6
      vertex -26.8922 -15.9053 2.6
    endloop
  endfacet
  facet normal -0.989233 0.146347 0
    outer loop
      vertex -25.9211 -17.2146 2.6
      vertex -25.9053 -17.1078 28
      vertex -25.9053 -17.1078 2.6
    endloop
  endfacet
  facet normal -0.989233 0.146347 0
    outer loop
      vertex -25.9053 -17.1078 28
      vertex -25.9211 -17.2146 2.6
      vertex -25.9211 -17.2146 28
    endloop
  endfacet
  facet normal -0.857738 -0.514087 0
    outer loop
      vertex -26.0299 -16.4815 2.6
      vertex -26.0854 -16.3889 28
      vertex -26.0854 -16.3889 2.6
    endloop
  endfacet
  facet normal -0.857738 -0.514087 0
    outer loop
      vertex -26.0854 -16.3889 28
      vertex -26.0299 -16.4815 2.6
      vertex -26.0299 -16.4815 28
    endloop
  endfacet
  facet normal 0.671519 0.740987 -0
    outer loop
      vertex -27.6978 -17.8503 2.6
      vertex -27.7778 -17.7778 28
      vertex -27.6978 -17.8503 28
    endloop
  endfacet
  facet normal 0.671519 0.740987 0
    outer loop
      vertex -27.7778 -17.7778 28
      vertex -27.6978 -17.8503 2.6
      vertex -27.7778 -17.7778 2.6
    endloop
  endfacet
  facet normal 0.671519 -0.740987 0
    outer loop
      vertex -27.7778 -16.2222 2.6
      vertex -27.6978 -16.1497 28
      vertex -27.7778 -16.2222 28
    endloop
  endfacet
  facet normal 0.671519 -0.740987 0
    outer loop
      vertex -27.6978 -16.1497 28
      vertex -27.7778 -16.2222 2.6
      vertex -27.6978 -16.1497 2.6
    endloop
  endfacet
  facet normal 0.857738 0.514087 0
    outer loop
      vertex -27.9146 -17.6111 28
      vertex -27.9701 -17.5185 2.6
      vertex -27.9701 -17.5185 28
    endloop
  endfacet
  facet normal 0.857738 0.514087 0
    outer loop
      vertex -27.9701 -17.5185 2.6
      vertex -27.9146 -17.6111 28
      vertex -27.9146 -17.6111 2.6
    endloop
  endfacet
  facet normal -0.671519 0.740987 0
    outer loop
      vertex -26.2222 -17.7778 2.6
      vertex -26.3022 -17.8503 28
      vertex -26.2222 -17.7778 28
    endloop
  endfacet
  facet normal -0.671519 0.740987 0
    outer loop
      vertex -26.3022 -17.8503 28
      vertex -26.2222 -17.7778 2.6
      vertex -26.3022 -17.8503 2.6
    endloop
  endfacet
  facet normal -0.595693 0.803212 0
    outer loop
      vertex -26.3022 -17.8503 2.6
      vertex -26.3889 -17.9146 28
      vertex -26.3022 -17.8503 28
    endloop
  endfacet
  facet normal -0.595693 0.803212 0
    outer loop
      vertex -26.3889 -17.9146 28
      vertex -26.3022 -17.8503 2.6
      vertex -26.3889 -17.9146 2.6
    endloop
  endfacet
  facet normal 0.857738 -0.514087 0
    outer loop
      vertex -27.9701 -16.4815 28
      vertex -27.9146 -16.3889 2.6
      vertex -27.9146 -16.3889 28
    endloop
  endfacet
  facet normal 0.857738 -0.514087 0
    outer loop
      vertex -27.9146 -16.3889 2.6
      vertex -27.9701 -16.4815 28
      vertex -27.9701 -16.4815 2.6
    endloop
  endfacet
  facet normal 0.146347 0.989233 -0
    outer loop
      vertex -27.1078 -18.0947 2.6
      vertex -27.2146 -18.0789 28
      vertex -27.1078 -18.0947 28
    endloop
  endfacet
  facet normal 0.146347 0.989233 0
    outer loop
      vertex -27.2146 -18.0789 28
      vertex -27.1078 -18.0947 2.6
      vertex -27.2146 -18.0789 2.6
    endloop
  endfacet
  facet normal 0.941805 0.33616 0
    outer loop
      vertex -28.0163 -17.421 28
      vertex -28.0526 -17.3193 2.6
      vertex -28.0526 -17.3193 28
    endloop
  endfacet
  facet normal 0.941805 0.33616 0
    outer loop
      vertex -28.0526 -17.3193 2.6
      vertex -28.0163 -17.421 28
      vertex -28.0163 -17.421 2.6
    endloop
  endfacet
  facet normal -0.857738 0.514087 0
    outer loop
      vertex -26.0854 -17.6111 2.6
      vertex -26.0299 -17.5185 28
      vertex -26.0299 -17.5185 2.6
    endloop
  endfacet
  facet normal -0.857738 0.514087 0
    outer loop
      vertex -26.0299 -17.5185 28
      vertex -26.0854 -17.6111 2.6
      vertex -26.0854 -17.6111 28
    endloop
  endfacet
  facet normal -0.740987 -0.671519 0
    outer loop
      vertex -26.1497 -16.3022 2.6
      vertex -26.2222 -16.2222 28
      vertex -26.2222 -16.2222 2.6
    endloop
  endfacet
  facet normal -0.740987 -0.671519 0
    outer loop
      vertex -26.2222 -16.2222 28
      vertex -26.1497 -16.3022 2.6
      vertex -26.1497 -16.3022 28
    endloop
  endfacet
  facet normal 0.903681 -0.428206 0
    outer loop
      vertex -28.0163 -16.579 28
      vertex -27.9701 -16.4815 2.6
      vertex -27.9701 -16.4815 28
    endloop
  endfacet
  facet normal 0.903681 -0.428206 0
    outer loop
      vertex -27.9701 -16.4815 2.6
      vertex -28.0163 -16.579 28
      vertex -28.0163 -16.579 2.6
    endloop
  endfacet
  facet normal 0.998794 0.0491058 0
    outer loop
      vertex -28.0947 -17.1078 28
      vertex -28.1 -17 2.6
      vertex -28.1 -17 28
    endloop
  endfacet
  facet normal 0.998794 0.0491058 0
    outer loop
      vertex -28.1 -17 2.6
      vertex -28.0947 -17.1078 28
      vertex -28.0947 -17.1078 2.6
    endloop
  endfacet
  facet normal -0.514087 0.857738 0
    outer loop
      vertex -26.3889 -17.9146 2.6
      vertex -26.4815 -17.9701 28
      vertex -26.3889 -17.9146 28
    endloop
  endfacet
  facet normal -0.514087 0.857738 0
    outer loop
      vertex -26.4815 -17.9701 28
      vertex -26.3889 -17.9146 2.6
      vertex -26.4815 -17.9701 2.6
    endloop
  endfacet
  facet normal 0.595693 -0.803212 0
    outer loop
      vertex -27.6978 -16.1497 2.6
      vertex -27.6111 -16.0854 28
      vertex -27.6978 -16.1497 28
    endloop
  endfacet
  facet normal 0.595693 -0.803212 0
    outer loop
      vertex -27.6111 -16.0854 28
      vertex -27.6978 -16.1497 2.6
      vertex -27.6111 -16.0854 2.6
    endloop
  endfacet
  facet normal 0.243625 0.969869 -0
    outer loop
      vertex -27.2146 -18.0789 2.6
      vertex -27.3193 -18.0526 28
      vertex -27.2146 -18.0789 28
    endloop
  endfacet
  facet normal 0.243625 0.969869 0
    outer loop
      vertex -27.3193 -18.0526 28
      vertex -27.2146 -18.0789 2.6
      vertex -27.3193 -18.0526 2.6
    endloop
  endfacet
  facet normal 0.514087 0.857738 -0
    outer loop
      vertex -27.5185 -17.9701 2.6
      vertex -27.6111 -17.9146 28
      vertex -27.5185 -17.9701 28
    endloop
  endfacet
  facet normal 0.514087 0.857738 0
    outer loop
      vertex -27.6111 -17.9146 28
      vertex -27.5185 -17.9701 2.6
      vertex -27.6111 -17.9146 2.6
    endloop
  endfacet
  facet normal 0.803212 -0.595693 0
    outer loop
      vertex -27.9146 -16.3889 28
      vertex -27.8503 -16.3022 2.6
      vertex -27.8503 -16.3022 28
    endloop
  endfacet
  facet normal 0.803212 -0.595693 0
    outer loop
      vertex -27.8503 -16.3022 2.6
      vertex -27.9146 -16.3889 28
      vertex -27.9146 -16.3889 2.6
    endloop
  endfacet
  facet normal 0.428206 0.903681 -0
    outer loop
      vertex -27.421 -18.0163 2.6
      vertex -27.5185 -17.9701 28
      vertex -27.421 -18.0163 28
    endloop
  endfacet
  facet normal 0.428206 0.903681 0
    outer loop
      vertex -27.5185 -17.9701 28
      vertex -27.421 -18.0163 2.6
      vertex -27.5185 -17.9701 2.6
    endloop
  endfacet
  facet normal 0.941805 -0.33616 0
    outer loop
      vertex -28.0526 -16.6807 28
      vertex -28.0163 -16.579 2.6
      vertex -28.0163 -16.579 28
    endloop
  endfacet
  facet normal 0.941805 -0.33616 0
    outer loop
      vertex -28.0163 -16.579 2.6
      vertex -28.0526 -16.6807 28
      vertex -28.0526 -16.6807 2.6
    endloop
  endfacet
  facet normal 0.740908 0.671607 0
    outer loop
      vertex -24.681 18.9032 28
      vertex -24.8787 19.1213 2.6
      vertex -24.8787 19.1213 28
    endloop
  endfacet
  facet normal 0.740908 0.671607 0
    outer loop
      vertex -24.8787 19.1213 2.6
      vertex -24.681 18.9032 28
      vertex -24.681 18.9032 2.6
    endloop
  endfacet
  facet normal 0.989174 0.146746 0
    outer loop
      vertex -24.0144 17.2941 28
      vertex -24.0576 17.5853 2.6
      vertex -24.0576 17.5853 28
    endloop
  endfacet
  facet normal 0.989174 0.146746 0
    outer loop
      vertex -24.0576 17.5853 2.6
      vertex -24.0144 17.2941 28
      vertex -24.0144 17.2941 2.6
    endloop
  endfacet
  facet normal 0.998803 0.0489044 0
    outer loop
      vertex -24 17 28
      vertex -24.0144 17.2941 2.6
      vertex -24.0144 17.2941 28
    endloop
  endfacet
  facet normal 0.998803 0.0489044 0
    outer loop
      vertex -24.0144 17.2941 2.6
      vertex -24 17 28
      vertex -24 17 2.6
    endloop
  endfacet
  facet normal 0.969982 0.243175 0
    outer loop
      vertex -24.0576 17.5853 28
      vertex -24.1292 17.8709 2.6
      vertex -24.1292 17.8709 28
    endloop
  endfacet
  facet normal 0.969982 0.243175 0
    outer loop
      vertex -24.1292 17.8709 2.6
      vertex -24.0576 17.5853 28
      vertex -24.0576 17.5853 2.6
    endloop
  endfacet
  facet normal 0.337047 -0.941488 0
    outer loop
      vertex -26.1291 14.1292 2.6
      vertex -25.852 14.2284 28
      vertex -26.1291 14.1292 28
    endloop
  endfacet
  facet normal 0.337047 -0.941488 0
    outer loop
      vertex -25.852 14.2284 28
      vertex -26.1291 14.1292 2.6
      vertex -25.852 14.2284 2.6
    endloop
  endfacet
  facet normal 0.857643 0.514246 0
    outer loop
      vertex -24.3542 18.4142 28
      vertex -24.5056 18.6667 2.6
      vertex -24.5056 18.6667 28
    endloop
  endfacet
  facet normal 0.857643 0.514246 0
    outer loop
      vertex -24.5056 18.6667 2.6
      vertex -24.3542 18.4142 28
      vertex -24.3542 18.4142 2.6
    endloop
  endfacet
  facet normal 0.243175 0.969982 -0
    outer loop
      vertex -26.1291 19.8708 2.6
      vertex -26.4147 19.9424 28
      vertex -26.1291 19.8708 28
    endloop
  endfacet
  facet normal 0.243175 0.969982 0
    outer loop
      vertex -26.4147 19.9424 28
      vertex -26.1291 19.8708 2.6
      vertex -26.4147 19.9424 2.6
    endloop
  endfacet
  facet normal -0.740908 0.671607 0
    outer loop
      vertex -29.319 18.9032 2.6
      vertex -29.1213 19.1213 28
      vertex -29.1213 19.1213 2.6
    endloop
  endfacet
  facet normal -0.740908 0.671607 0
    outer loop
      vertex -29.1213 19.1213 28
      vertex -29.319 18.9032 2.6
      vertex -29.319 18.9032 28
    endloop
  endfacet
  facet normal 0.0489044 -0.998803 0
    outer loop
      vertex -27 14 2.6
      vertex -26.7059 14.0144 28
      vertex -27 14 28
    endloop
  endfacet
  facet normal 0.0489044 -0.998803 0
    outer loop
      vertex -26.7059 14.0144 28
      vertex -27 14 2.6
      vertex -26.7059 14.0144 2.6
    endloop
  endfacet
  facet normal 0.427269 0.904125 -0
    outer loop
      vertex -25.5858 19.6458 2.6
      vertex -25.852 19.7716 28
      vertex -25.5858 19.6458 28
    endloop
  endfacet
  facet normal 0.427269 0.904125 0
    outer loop
      vertex -25.852 19.7716 28
      vertex -25.5858 19.6458 2.6
      vertex -25.852 19.7716 2.6
    endloop
  endfacet
  facet normal 0.671607 0.740908 -0
    outer loop
      vertex -24.8787 19.1213 2.6
      vertex -25.0968 19.319 28
      vertex -24.8787 19.1213 28
    endloop
  endfacet
  facet normal 0.671607 0.740908 0
    outer loop
      vertex -25.0968 19.319 28
      vertex -24.8787 19.1213 2.6
      vertex -25.0968 19.319 2.6
    endloop
  endfacet
  facet normal -0.595699 -0.803208 0
    outer loop
      vertex -28.9032 14.681 2.6
      vertex -28.6667 14.5056 28
      vertex -28.9032 14.681 28
    endloop
  endfacet
  facet normal -0.595699 -0.803208 -0
    outer loop
      vertex -28.6667 14.5056 28
      vertex -28.9032 14.681 2.6
      vertex -28.6667 14.5056 2.6
    endloop
  endfacet
  facet normal 0.243175 -0.969982 0
    outer loop
      vertex -26.4147 14.0576 2.6
      vertex -26.1291 14.1292 28
      vertex -26.4147 14.0576 28
    endloop
  endfacet
  facet normal 0.243175 -0.969982 0
    outer loop
      vertex -26.1291 14.1292 28
      vertex -26.4147 14.0576 2.6
      vertex -26.1291 14.1292 2.6
    endloop
  endfacet
  facet normal 0.989174 -0.146746 0
    outer loop
      vertex -24.0576 16.4147 28
      vertex -24.0144 16.7059 2.6
      vertex -24.0144 16.7059 28
    endloop
  endfacet
  facet normal 0.989174 -0.146746 0
    outer loop
      vertex -24.0144 16.7059 2.6
      vertex -24.0576 16.4147 28
      vertex -24.0576 16.4147 2.6
    endloop
  endfacet
  facet normal -0.243175 -0.969982 0
    outer loop
      vertex -27.8709 14.1292 2.6
      vertex -27.5853 14.0576 28
      vertex -27.8709 14.1292 28
    endloop
  endfacet
  facet normal -0.243175 -0.969982 -0
    outer loop
      vertex -27.5853 14.0576 28
      vertex -27.8709 14.1292 2.6
      vertex -27.5853 14.0576 2.6
    endloop
  endfacet
  facet normal -0.595699 0.803208 0
    outer loop
      vertex -28.6667 19.4944 2.6
      vertex -28.9032 19.319 28
      vertex -28.6667 19.4944 28
    endloop
  endfacet
  facet normal -0.595699 0.803208 0
    outer loop
      vertex -28.9032 19.319 28
      vertex -28.6667 19.4944 2.6
      vertex -28.9032 19.319 2.6
    endloop
  endfacet
  facet normal -0.998803 -0.0489044 0
    outer loop
      vertex -29.9856 16.7059 2.6
      vertex -30 17 28
      vertex -30 17 2.6
    endloop
  endfacet
  facet normal -0.998803 -0.0489044 0
    outer loop
      vertex -30 17 28
      vertex -29.9856 16.7059 2.6
      vertex -29.9856 16.7059 28
    endloop
  endfacet
  facet normal -0.969982 -0.243175 0
    outer loop
      vertex -29.8708 16.1291 2.6
      vertex -29.9424 16.4147 28
      vertex -29.9424 16.4147 2.6
    endloop
  endfacet
  facet normal -0.969982 -0.243175 0
    outer loop
      vertex -29.9424 16.4147 28
      vertex -29.8708 16.1291 2.6
      vertex -29.8708 16.1291 28
    endloop
  endfacet
  facet normal 0.969982 -0.243175 0
    outer loop
      vertex -24.1292 16.1291 28
      vertex -24.0576 16.4147 2.6
      vertex -24.0576 16.4147 28
    endloop
  endfacet
  facet normal 0.969982 -0.243175 0
    outer loop
      vertex -24.0576 16.4147 2.6
      vertex -24.1292 16.1291 28
      vertex -24.1292 16.1291 2.6
    endloop
  endfacet
  facet normal -0.514246 0.857643 0
    outer loop
      vertex -28.4142 19.6458 2.6
      vertex -28.6667 19.4944 28
      vertex -28.4142 19.6458 28
    endloop
  endfacet
  facet normal -0.514246 0.857643 0
    outer loop
      vertex -28.6667 19.4944 28
      vertex -28.4142 19.6458 2.6
      vertex -28.6667 19.4944 2.6
    endloop
  endfacet
  facet normal 0.595699 0.803208 -0
    outer loop
      vertex -25.0968 19.319 2.6
      vertex -25.3333 19.4944 28
      vertex -25.0968 19.319 28
    endloop
  endfacet
  facet normal 0.595699 0.803208 0
    outer loop
      vertex -25.3333 19.4944 28
      vertex -25.0968 19.319 2.6
      vertex -25.3333 19.4944 2.6
    endloop
  endfacet
  facet normal -0.904125 -0.427269 0
    outer loop
      vertex -29.6458 15.5858 2.6
      vertex -29.7716 15.852 28
      vertex -29.7716 15.852 2.6
    endloop
  endfacet
  facet normal -0.904125 -0.427269 0
    outer loop
      vertex -29.7716 15.852 28
      vertex -29.6458 15.5858 2.6
      vertex -29.6458 15.5858 28
    endloop
  endfacet
  facet normal 0.941488 -0.337047 0
    outer loop
      vertex -24.2284 15.852 28
      vertex -24.1292 16.1291 2.6
      vertex -24.1292 16.1291 28
    endloop
  endfacet
  facet normal 0.941488 -0.337047 0
    outer loop
      vertex -24.1292 16.1291 2.6
      vertex -24.2284 15.852 28
      vertex -24.2284 15.852 2.6
    endloop
  endfacet
  facet normal 0.146746 0.989174 -0
    outer loop
      vertex -26.4147 19.9424 2.6
      vertex -26.7059 19.9856 28
      vertex -26.4147 19.9424 28
    endloop
  endfacet
  facet normal 0.146746 0.989174 0
    outer loop
      vertex -26.7059 19.9856 28
      vertex -26.4147 19.9424 2.6
      vertex -26.7059 19.9856 2.6
    endloop
  endfacet
  facet normal -0.427269 0.904125 0
    outer loop
      vertex -28.148 19.7716 2.6
      vertex -28.4142 19.6458 28
      vertex -28.148 19.7716 28
    endloop
  endfacet
  facet normal -0.427269 0.904125 0
    outer loop
      vertex -28.4142 19.6458 28
      vertex -28.148 19.7716 2.6
      vertex -28.4142 19.6458 2.6
    endloop
  endfacet
  facet normal 0.514246 0.857643 -0
    outer loop
      vertex -25.3333 19.4944 2.6
      vertex -25.5858 19.6458 28
      vertex -25.3333 19.4944 28
    endloop
  endfacet
  facet normal 0.514246 0.857643 0
    outer loop
      vertex -25.5858 19.6458 28
      vertex -25.3333 19.4944 2.6
      vertex -25.5858 19.6458 2.6
    endloop
  endfacet
  facet normal 0.427269 -0.904125 0
    outer loop
      vertex -25.852 14.2284 2.6
      vertex -25.5858 14.3542 28
      vertex -25.852 14.2284 28
    endloop
  endfacet
  facet normal 0.427269 -0.904125 0
    outer loop
      vertex -25.5858 14.3542 28
      vertex -25.852 14.2284 2.6
      vertex -25.5858 14.3542 2.6
    endloop
  endfacet
  facet normal -0.941488 -0.337047 0
    outer loop
      vertex -29.7716 15.852 2.6
      vertex -29.8708 16.1291 28
      vertex -29.8708 16.1291 2.6
    endloop
  endfacet
  facet normal -0.941488 -0.337047 0
    outer loop
      vertex -29.8708 16.1291 28
      vertex -29.7716 15.852 2.6
      vertex -29.7716 15.852 28
    endloop
  endfacet
  facet normal 0.857643 -0.514246 0
    outer loop
      vertex -24.5056 15.3333 28
      vertex -24.3542 15.5858 2.6
      vertex -24.3542 15.5858 28
    endloop
  endfacet
  facet normal 0.857643 -0.514246 0
    outer loop
      vertex -24.3542 15.5858 2.6
      vertex -24.5056 15.3333 28
      vertex -24.5056 15.3333 2.6
    endloop
  endfacet
  facet normal 0.904125 -0.427269 0
    outer loop
      vertex -24.3542 15.5858 28
      vertex -24.2284 15.852 2.6
      vertex -24.2284 15.852 28
    endloop
  endfacet
  facet normal 0.904125 -0.427269 0
    outer loop
      vertex -24.2284 15.852 2.6
      vertex -24.3542 15.5858 28
      vertex -24.3542 15.5858 2.6
    endloop
  endfacet
  facet normal 0.998803 -0.0489044 0
    outer loop
      vertex -24.0144 16.7059 28
      vertex -24 17 2.6
      vertex -24 17 28
    endloop
  endfacet
  facet normal 0.998803 -0.0489044 0
    outer loop
      vertex -24 17 2.6
      vertex -24.0144 16.7059 28
      vertex -24.0144 16.7059 2.6
    endloop
  endfacet
  facet normal -0.146746 0.989174 0
    outer loop
      vertex -27.2941 19.9856 2.6
      vertex -27.5853 19.9424 28
      vertex -27.2941 19.9856 28
    endloop
  endfacet
  facet normal -0.146746 0.989174 0
    outer loop
      vertex -27.5853 19.9424 28
      vertex -27.2941 19.9856 2.6
      vertex -27.5853 19.9424 2.6
    endloop
  endfacet
  facet normal 0.146746 -0.989174 0
    outer loop
      vertex -26.7059 14.0144 2.6
      vertex -26.4147 14.0576 28
      vertex -26.7059 14.0144 28
    endloop
  endfacet
  facet normal 0.146746 -0.989174 0
    outer loop
      vertex -26.4147 14.0576 28
      vertex -26.7059 14.0144 2.6
      vertex -26.4147 14.0576 2.6
    endloop
  endfacet
  facet normal 0.941488 0.337047 0
    outer loop
      vertex -24.1292 17.8709 28
      vertex -24.2284 18.148 2.6
      vertex -24.2284 18.148 28
    endloop
  endfacet
  facet normal 0.941488 0.337047 0
    outer loop
      vertex -24.2284 18.148 2.6
      vertex -24.1292 17.8709 28
      vertex -24.1292 17.8709 2.6
    endloop
  endfacet
  facet normal 0.740908 -0.671607 0
    outer loop
      vertex -24.8787 14.8787 28
      vertex -24.681 15.0968 2.6
      vertex -24.681 15.0968 28
    endloop
  endfacet
  facet normal 0.740908 -0.671607 0
    outer loop
      vertex -24.681 15.0968 2.6
      vertex -24.8787 14.8787 28
      vertex -24.8787 14.8787 2.6
    endloop
  endfacet
  facet normal 0.803208 -0.595699 0
    outer loop
      vertex -24.681 15.0968 28
      vertex -24.5056 15.3333 2.6
      vertex -24.5056 15.3333 28
    endloop
  endfacet
  facet normal 0.803208 -0.595699 0
    outer loop
      vertex -24.5056 15.3333 2.6
      vertex -24.681 15.0968 28
      vertex -24.681 15.0968 2.6
    endloop
  endfacet
  facet normal -0.243175 0.969982 0
    outer loop
      vertex -27.5853 19.9424 2.6
      vertex -27.8709 19.8708 28
      vertex -27.5853 19.9424 28
    endloop
  endfacet
  facet normal -0.243175 0.969982 0
    outer loop
      vertex -27.8709 19.8708 28
      vertex -27.5853 19.9424 2.6
      vertex -27.8709 19.8708 2.6
    endloop
  endfacet
  facet normal 0.803208 0.595699 0
    outer loop
      vertex -24.5056 18.6667 28
      vertex -24.681 18.9032 2.6
      vertex -24.681 18.9032 28
    endloop
  endfacet
  facet normal 0.803208 0.595699 0
    outer loop
      vertex -24.681 18.9032 2.6
      vertex -24.5056 18.6667 28
      vertex -24.5056 18.6667 2.6
    endloop
  endfacet
  facet normal 0.0489044 0.998803 -0
    outer loop
      vertex -26.7059 19.9856 2.6
      vertex -27 20 28
      vertex -26.7059 19.9856 28
    endloop
  endfacet
  facet normal 0.0489044 0.998803 0
    outer loop
      vertex -27 20 28
      vertex -26.7059 19.9856 2.6
      vertex -27 20 2.6
    endloop
  endfacet
  facet normal 0.904125 0.427269 0
    outer loop
      vertex -24.2284 18.148 28
      vertex -24.3542 18.4142 2.6
      vertex -24.3542 18.4142 28
    endloop
  endfacet
  facet normal 0.904125 0.427269 0
    outer loop
      vertex -24.3542 18.4142 2.6
      vertex -24.2284 18.148 28
      vertex -24.2284 18.148 2.6
    endloop
  endfacet
  facet normal -0.857643 0.514246 0
    outer loop
      vertex -29.6458 18.4142 2.6
      vertex -29.4944 18.6667 28
      vertex -29.4944 18.6667 2.6
    endloop
  endfacet
  facet normal -0.857643 0.514246 0
    outer loop
      vertex -29.4944 18.6667 28
      vertex -29.6458 18.4142 2.6
      vertex -29.6458 18.4142 28
    endloop
  endfacet
  facet normal -0.671607 0.740908 0
    outer loop
      vertex -28.9032 19.319 2.6
      vertex -29.1213 19.1213 28
      vertex -28.9032 19.319 28
    endloop
  endfacet
  facet normal -0.671607 0.740908 0
    outer loop
      vertex -29.1213 19.1213 28
      vertex -28.9032 19.319 2.6
      vertex -29.1213 19.1213 2.6
    endloop
  endfacet
  facet normal -0.857643 -0.514246 0
    outer loop
      vertex -29.4944 15.3333 2.6
      vertex -29.6458 15.5858 28
      vertex -29.6458 15.5858 2.6
    endloop
  endfacet
  facet normal -0.857643 -0.514246 0
    outer loop
      vertex -29.6458 15.5858 28
      vertex -29.4944 15.3333 2.6
      vertex -29.4944 15.3333 28
    endloop
  endfacet
  facet normal -0.427269 -0.904125 0
    outer loop
      vertex -28.4142 14.3542 2.6
      vertex -28.148 14.2284 28
      vertex -28.4142 14.3542 28
    endloop
  endfacet
  facet normal -0.427269 -0.904125 -0
    outer loop
      vertex -28.148 14.2284 28
      vertex -28.4142 14.3542 2.6
      vertex -28.148 14.2284 2.6
    endloop
  endfacet
  facet normal -0.740908 -0.671607 0
    outer loop
      vertex -29.1213 14.8787 2.6
      vertex -29.319 15.0968 28
      vertex -29.319 15.0968 2.6
    endloop
  endfacet
  facet normal -0.740908 -0.671607 0
    outer loop
      vertex -29.319 15.0968 28
      vertex -29.1213 14.8787 2.6
      vertex -29.1213 14.8787 28
    endloop
  endfacet
  facet normal -0.337047 0.941488 0
    outer loop
      vertex -27.8709 19.8708 2.6
      vertex -28.148 19.7716 28
      vertex -27.8709 19.8708 28
    endloop
  endfacet
  facet normal -0.337047 0.941488 0
    outer loop
      vertex -28.148 19.7716 28
      vertex -27.8709 19.8708 2.6
      vertex -28.148 19.7716 2.6
    endloop
  endfacet
  facet normal -0.514246 -0.857643 0
    outer loop
      vertex -28.6667 14.5056 2.6
      vertex -28.4142 14.3542 28
      vertex -28.6667 14.5056 28
    endloop
  endfacet
  facet normal -0.514246 -0.857643 -0
    outer loop
      vertex -28.4142 14.3542 28
      vertex -28.6667 14.5056 2.6
      vertex -28.4142 14.3542 2.6
    endloop
  endfacet
  facet normal 0.595699 -0.803208 0
    outer loop
      vertex -25.3333 14.5056 2.6
      vertex -25.0968 14.681 28
      vertex -25.3333 14.5056 28
    endloop
  endfacet
  facet normal 0.595699 -0.803208 0
    outer loop
      vertex -25.0968 14.681 28
      vertex -25.3333 14.5056 2.6
      vertex -25.0968 14.681 2.6
    endloop
  endfacet
  facet normal -0.0489044 0.998803 0
    outer loop
      vertex -27 20 2.6
      vertex -27.2941 19.9856 28
      vertex -27 20 28
    endloop
  endfacet
  facet normal -0.0489044 0.998803 0
    outer loop
      vertex -27.2941 19.9856 28
      vertex -27 20 2.6
      vertex -27.2941 19.9856 2.6
    endloop
  endfacet
  facet normal -0.969982 0.243175 0
    outer loop
      vertex -29.9424 17.5853 2.6
      vertex -29.8708 17.8709 28
      vertex -29.8708 17.8709 2.6
    endloop
  endfacet
  facet normal -0.969982 0.243175 0
    outer loop
      vertex -29.8708 17.8709 28
      vertex -29.9424 17.5853 2.6
      vertex -29.9424 17.5853 28
    endloop
  endfacet
  facet normal -0.941488 0.337047 0
    outer loop
      vertex -29.8708 17.8709 2.6
      vertex -29.7716 18.148 28
      vertex -29.7716 18.148 2.6
    endloop
  endfacet
  facet normal -0.941488 0.337047 0
    outer loop
      vertex -29.7716 18.148 28
      vertex -29.8708 17.8709 2.6
      vertex -29.8708 17.8709 28
    endloop
  endfacet
  facet normal 0.337047 0.941488 -0
    outer loop
      vertex -25.852 19.7716 2.6
      vertex -26.1291 19.8708 28
      vertex -25.852 19.7716 28
    endloop
  endfacet
  facet normal 0.337047 0.941488 0
    outer loop
      vertex -26.1291 19.8708 28
      vertex -25.852 19.7716 2.6
      vertex -26.1291 19.8708 2.6
    endloop
  endfacet
  facet normal -0.803208 -0.595699 0
    outer loop
      vertex -29.319 15.0968 2.6
      vertex -29.4944 15.3333 28
      vertex -29.4944 15.3333 2.6
    endloop
  endfacet
  facet normal -0.803208 -0.595699 0
    outer loop
      vertex -29.4944 15.3333 28
      vertex -29.319 15.0968 2.6
      vertex -29.319 15.0968 28
    endloop
  endfacet
  facet normal -0.989174 -0.146746 0
    outer loop
      vertex -29.9424 16.4147 2.6
      vertex -29.9856 16.7059 28
      vertex -29.9856 16.7059 2.6
    endloop
  endfacet
  facet normal -0.989174 -0.146746 0
    outer loop
      vertex -29.9856 16.7059 28
      vertex -29.9424 16.4147 2.6
      vertex -29.9424 16.4147 28
    endloop
  endfacet
  facet normal -0.904125 0.427269 0
    outer loop
      vertex -29.7716 18.148 2.6
      vertex -29.6458 18.4142 28
      vertex -29.6458 18.4142 2.6
    endloop
  endfacet
  facet normal -0.904125 0.427269 0
    outer loop
      vertex -29.6458 18.4142 28
      vertex -29.7716 18.148 2.6
      vertex -29.7716 18.148 28
    endloop
  endfacet
  facet normal 0.514246 -0.857643 0
    outer loop
      vertex -25.5858 14.3542 2.6
      vertex -25.3333 14.5056 28
      vertex -25.5858 14.3542 28
    endloop
  endfacet
  facet normal 0.514246 -0.857643 0
    outer loop
      vertex -25.3333 14.5056 28
      vertex -25.5858 14.3542 2.6
      vertex -25.3333 14.5056 2.6
    endloop
  endfacet
  facet normal 0 0 -1
    outer loop
      vertex -25.9 17 2.6
      vertex -24 17 2.6
      vertex -24.0144 16.7059 2.6
    endloop
  endfacet
  facet normal 0 0 -1
    outer loop
      vertex -25.9053 16.8922 2.6
      vertex -24.0144 16.7059 2.6
      vertex -24.0576 16.4147 2.6
    endloop
  endfacet
  facet normal 0 0 -1
    outer loop
      vertex -24 17 2.6
      vertex -25.9 17 2.6
      vertex -24.0144 17.2941 2.6
    endloop
  endfacet
  facet normal 0 0 -1
    outer loop
      vertex -25.9211 16.7854 2.6
      vertex -24.0576 16.4147 2.6
      vertex -24.1292 16.1291 2.6
    endloop
  endfacet
  facet normal 0 0 -1
    outer loop
      vertex -25.9053 17.1078 2.6
      vertex -24.0144 17.2941 2.6
      vertex -25.9 17 2.6
    endloop
  endfacet
  facet normal 0 0 -1
    outer loop
      vertex -25.9474 16.6807 2.6
      vertex -24.1292 16.1291 2.6
      vertex -24.2284 15.852 2.6
    endloop
  endfacet
  facet normal -0 0 -1
    outer loop
      vertex -24.0144 17.2941 2.6
      vertex -25.9053 17.1078 2.6
      vertex -24.0576 17.5853 2.6
    endloop
  endfacet
  facet normal 0 0 -1
    outer loop
      vertex -25.9837 16.579 2.6
      vertex -24.2284 15.852 2.6
      vertex -24.3542 15.5858 2.6
    endloop
  endfacet
  facet normal 0 0 -1
    outer loop
      vertex -25.9211 17.2146 2.6
      vertex -24.0576 17.5853 2.6
      vertex -25.9053 17.1078 2.6
    endloop
  endfacet
  facet normal 0 0 -1
    outer loop
      vertex -26.0299 16.4815 2.6
      vertex -24.3542 15.5858 2.6
      vertex -24.5056 15.3333 2.6
    endloop
  endfacet
  facet normal -0 0 -1
    outer loop
      vertex -24.0576 17.5853 2.6
      vertex -25.9211 17.2146 2.6
      vertex -24.1292 17.8709 2.6
    endloop
  endfacet
  facet normal 0 0 -1
    outer loop
      vertex -26.0854 16.3889 2.6
      vertex -24.5056 15.3333 2.6
      vertex -24.681 15.0968 2.6
    endloop
  endfacet
  facet normal 0 0 -1
    outer loop
      vertex -25.9474 17.3193 2.6
      vertex -24.1292 17.8709 2.6
      vertex -25.9211 17.2146 2.6
    endloop
  endfacet
  facet normal 0 0 -1
    outer loop
      vertex -26.1497 16.3022 2.6
      vertex -24.681 15.0968 2.6
      vertex -24.8787 14.8787 2.6
    endloop
  endfacet
  facet normal -0 0 -1
    outer loop
      vertex -24.1292 17.8709 2.6
      vertex -25.9474 17.3193 2.6
      vertex -24.2284 18.148 2.6
    endloop
  endfacet
  facet normal 0 0 -1
    outer loop
      vertex -26.2222 16.2222 2.6
      vertex -24.8787 14.8787 2.6
      vertex -25.0968 14.681 2.6
    endloop
  endfacet
  facet normal 0 0 -1
    outer loop
      vertex -25.9837 17.421 2.6
      vertex -24.2284 18.148 2.6
      vertex -25.9474 17.3193 2.6
    endloop
  endfacet
  facet normal 0 0 -1
    outer loop
      vertex -26.3022 16.1497 2.6
      vertex -25.0968 14.681 2.6
      vertex -25.3333 14.5056 2.6
    endloop
  endfacet
  facet normal -0 0 -1
    outer loop
      vertex -24.2284 18.148 2.6
      vertex -25.9837 17.421 2.6
      vertex -24.3542 18.4142 2.6
    endloop
  endfacet
  facet normal 0 0 -1
    outer loop
      vertex -26.3889 16.0854 2.6
      vertex -25.3333 14.5056 2.6
      vertex -25.5858 14.3542 2.6
    endloop
  endfacet
  facet normal 0 0 -1
    outer loop
      vertex -26.0299 17.5185 2.6
      vertex -24.3542 18.4142 2.6
      vertex -25.9837 17.421 2.6
    endloop
  endfacet
  facet normal 0 0 -1
    outer loop
      vertex -26.4815 16.0299 2.6
      vertex -25.5858 14.3542 2.6
      vertex -25.852 14.2284 2.6
    endloop
  endfacet
  facet normal -0 0 -1
    outer loop
      vertex -24.3542 18.4142 2.6
      vertex -26.0299 17.5185 2.6
      vertex -24.5056 18.6667 2.6
    endloop
  endfacet
  facet normal 0 0 -1
    outer loop
      vertex -26.0854 17.6111 2.6
      vertex -24.5056 18.6667 2.6
      vertex -26.0299 17.5185 2.6
    endloop
  endfacet
  facet normal 0 0 -1
    outer loop
      vertex -24.0144 16.7059 2.6
      vertex -25.9053 16.8922 2.6
      vertex -25.9 17 2.6
    endloop
  endfacet
  facet normal 0 0 -1
    outer loop
      vertex -24.0576 16.4147 2.6
      vertex -25.9211 16.7854 2.6
      vertex -25.9053 16.8922 2.6
    endloop
  endfacet
  facet normal 0 0 -1
    outer loop
      vertex -24.1292 16.1291 2.6
      vertex -25.9474 16.6807 2.6
      vertex -25.9211 16.7854 2.6
    endloop
  endfacet
  facet normal 0 0 -1
    outer loop
      vertex -24.2284 15.852 2.6
      vertex -25.9837 16.579 2.6
      vertex -25.9474 16.6807 2.6
    endloop
  endfacet
  facet normal 0 0 -1
    outer loop
      vertex -24.3542 15.5858 2.6
      vertex -26.0299 16.4815 2.6
      vertex -25.9837 16.579 2.6
    endloop
  endfacet
  facet normal 0 0 -1
    outer loop
      vertex -24.5056 15.3333 2.6
      vertex -26.0854 16.3889 2.6
      vertex -26.0299 16.4815 2.6
    endloop
  endfacet
  facet normal 0 0 -1
    outer loop
      vertex -26.579 15.9837 2.6
      vertex -25.852 14.2284 2.6
      vertex -26.1291 14.1292 2.6
    endloop
  endfacet
  facet normal 0 0 -1
    outer loop
      vertex -24.681 15.0968 2.6
      vertex -26.1497 16.3022 2.6
      vertex -26.0854 16.3889 2.6
    endloop
  endfacet
  facet normal 0 0 -1
    outer loop
      vertex -24.8787 14.8787 2.6
      vertex -26.2222 16.2222 2.6
      vertex -26.1497 16.3022 2.6
    endloop
  endfacet
  facet normal 0 0 -1
    outer loop
      vertex -25.0968 14.681 2.6
      vertex -26.3022 16.1497 2.6
      vertex -26.2222 16.2222 2.6
    endloop
  endfacet
  facet normal 0 0 -1
    outer loop
      vertex -25.3333 14.5056 2.6
      vertex -26.3889 16.0854 2.6
      vertex -26.3022 16.1497 2.6
    endloop
  endfacet
  facet normal 0 0 -1
    outer loop
      vertex -26.6807 15.9474 2.6
      vertex -26.1291 14.1292 2.6
      vertex -26.4147 14.0576 2.6
    endloop
  endfacet
  facet normal 0 0 -1
    outer loop
      vertex -25.5858 14.3542 2.6
      vertex -26.4815 16.0299 2.6
      vertex -26.3889 16.0854 2.6
    endloop
  endfacet
  facet normal 0 0 -1
    outer loop
      vertex -25.852 14.2284 2.6
      vertex -26.579 15.9837 2.6
      vertex -26.4815 16.0299 2.6
    endloop
  endfacet
  facet normal 0 0 -1
    outer loop
      vertex -26.1291 14.1292 2.6
      vertex -26.6807 15.9474 2.6
      vertex -26.579 15.9837 2.6
    endloop
  endfacet
  facet normal 0 0 -1
    outer loop
      vertex -26.7854 15.9211 2.6
      vertex -26.4147 14.0576 2.6
      vertex -26.7059 14.0144 2.6
    endloop
  endfacet
  facet normal 0 0 -1
    outer loop
      vertex -26.4147 14.0576 2.6
      vertex -26.7854 15.9211 2.6
      vertex -26.6807 15.9474 2.6
    endloop
  endfacet
  facet normal 0 0 -1
    outer loop
      vertex -26.7059 14.0144 2.6
      vertex -26.8922 15.9053 2.6
      vertex -26.7854 15.9211 2.6
    endloop
  endfacet
  facet normal 0 0 -1
    outer loop
      vertex -27 14 2.6
      vertex -26.8922 15.9053 2.6
      vertex -26.7059 14.0144 2.6
    endloop
  endfacet
  facet normal 0 0 -1
    outer loop
      vertex -27 14 2.6
      vertex -27 15.9 2.6
      vertex -26.8922 15.9053 2.6
    endloop
  endfacet
  facet normal 0 0 -1
    outer loop
      vertex -27 14 2.6
      vertex -27.1078 15.9053 2.6
      vertex -27 15.9 2.6
    endloop
  endfacet
  facet normal 0 0 -1
    outer loop
      vertex -27.2941 14.0144 2.6
      vertex -27.1078 15.9053 2.6
      vertex -27 14 2.6
    endloop
  endfacet
  facet normal -0 0 -1
    outer loop
      vertex -27.1078 15.9053 2.6
      vertex -27.2941 14.0144 2.6
      vertex -27.2146 15.9211 2.6
    endloop
  endfacet
  facet normal 0 0 -1
    outer loop
      vertex -27.5853 14.0576 2.6
      vertex -27.2146 15.9211 2.6
      vertex -27.2941 14.0144 2.6
    endloop
  endfacet
  facet normal -0 0 -1
    outer loop
      vertex -27.2146 15.9211 2.6
      vertex -27.5853 14.0576 2.6
      vertex -27.3193 15.9474 2.6
    endloop
  endfacet
  facet normal 0 0 -1
    outer loop
      vertex -27.8709 14.1292 2.6
      vertex -27.3193 15.9474 2.6
      vertex -27.5853 14.0576 2.6
    endloop
  endfacet
  facet normal -0 0 -1
    outer loop
      vertex -27.3193 15.9474 2.6
      vertex -27.8709 14.1292 2.6
      vertex -27.421 15.9837 2.6
    endloop
  endfacet
  facet normal 0 0 -1
    outer loop
      vertex -28.148 14.2284 2.6
      vertex -27.421 15.9837 2.6
      vertex -27.8709 14.1292 2.6
    endloop
  endfacet
  facet normal -0 0 -1
    outer loop
      vertex -27.421 15.9837 2.6
      vertex -28.148 14.2284 2.6
      vertex -27.5185 16.0299 2.6
    endloop
  endfacet
  facet normal 0 0 -1
    outer loop
      vertex -28.4142 14.3542 2.6
      vertex -27.5185 16.0299 2.6
      vertex -28.148 14.2284 2.6
    endloop
  endfacet
  facet normal -0 0 -1
    outer loop
      vertex -27.5185 16.0299 2.6
      vertex -28.4142 14.3542 2.6
      vertex -27.6111 16.0854 2.6
    endloop
  endfacet
  facet normal 0 0 -1
    outer loop
      vertex -28.6667 14.5056 2.6
      vertex -27.6111 16.0854 2.6
      vertex -28.4142 14.3542 2.6
    endloop
  endfacet
  facet normal -0 0 -1
    outer loop
      vertex -27.6111 16.0854 2.6
      vertex -28.6667 14.5056 2.6
      vertex -27.6978 16.1497 2.6
    endloop
  endfacet
  facet normal 0 0 -1
    outer loop
      vertex -28.9032 14.681 2.6
      vertex -27.6978 16.1497 2.6
      vertex -28.6667 14.5056 2.6
    endloop
  endfacet
  facet normal -0 0 -1
    outer loop
      vertex -27.6978 16.1497 2.6
      vertex -28.9032 14.681 2.6
      vertex -27.7778 16.2222 2.6
    endloop
  endfacet
  facet normal 0 0 -1
    outer loop
      vertex -29.1213 14.8787 2.6
      vertex -27.7778 16.2222 2.6
      vertex -28.9032 14.681 2.6
    endloop
  endfacet
  facet normal -0 0 -1
    outer loop
      vertex -27.7778 16.2222 2.6
      vertex -29.1213 14.8787 2.6
      vertex -27.8503 16.3022 2.6
    endloop
  endfacet
  facet normal 0 0 -1
    outer loop
      vertex -29.319 15.0968 2.6
      vertex -27.8503 16.3022 2.6
      vertex -29.1213 14.8787 2.6
    endloop
  endfacet
  facet normal 0 0 -1
    outer loop
      vertex -29.4944 15.3333 2.6
      vertex -27.9146 16.3889 2.6
      vertex -29.319 15.0968 2.6
    endloop
  endfacet
  facet normal -0 0 -1
    outer loop
      vertex -27.8503 16.3022 2.6
      vertex -29.319 15.0968 2.6
      vertex -27.9146 16.3889 2.6
    endloop
  endfacet
  facet normal -0 0 -1
    outer loop
      vertex -24.5056 18.6667 2.6
      vertex -26.0854 17.6111 2.6
      vertex -24.681 18.9032 2.6
    endloop
  endfacet
  facet normal 0 0 -1
    outer loop
      vertex -26.1497 17.6978 2.6
      vertex -24.681 18.9032 2.6
      vertex -26.0854 17.6111 2.6
    endloop
  endfacet
  facet normal -0 0 -1
    outer loop
      vertex -24.681 18.9032 2.6
      vertex -26.1497 17.6978 2.6
      vertex -24.8787 19.1213 2.6
    endloop
  endfacet
  facet normal 0 0 -1
    outer loop
      vertex -26.2222 17.7778 2.6
      vertex -24.8787 19.1213 2.6
      vertex -26.1497 17.6978 2.6
    endloop
  endfacet
  facet normal -0 0 -1
    outer loop
      vertex -24.8787 19.1213 2.6
      vertex -26.2222 17.7778 2.6
      vertex -25.0968 19.319 2.6
    endloop
  endfacet
  facet normal 0 0 -1
    outer loop
      vertex -26.3022 17.8503 2.6
      vertex -25.0968 19.319 2.6
      vertex -26.2222 17.7778 2.6
    endloop
  endfacet
  facet normal -0 0 -1
    outer loop
      vertex -25.0968 19.319 2.6
      vertex -26.3022 17.8503 2.6
      vertex -25.3333 19.4944 2.6
    endloop
  endfacet
  facet normal 0 0 -1
    outer loop
      vertex -26.3889 17.9146 2.6
      vertex -25.3333 19.4944 2.6
      vertex -26.3022 17.8503 2.6
    endloop
  endfacet
  facet normal -0 0 -1
    outer loop
      vertex -25.3333 19.4944 2.6
      vertex -26.3889 17.9146 2.6
      vertex -25.5858 19.6458 2.6
    endloop
  endfacet
  facet normal 0 0 -1
    outer loop
      vertex -26.4815 17.9701 2.6
      vertex -25.5858 19.6458 2.6
      vertex -26.3889 17.9146 2.6
    endloop
  endfacet
  facet normal -0 0 -1
    outer loop
      vertex -25.5858 19.6458 2.6
      vertex -26.4815 17.9701 2.6
      vertex -25.852 19.7716 2.6
    endloop
  endfacet
  facet normal 0 0 -1
    outer loop
      vertex -26.579 18.0163 2.6
      vertex -25.852 19.7716 2.6
      vertex -26.4815 17.9701 2.6
    endloop
  endfacet
  facet normal -0 0 -1
    outer loop
      vertex -25.852 19.7716 2.6
      vertex -26.579 18.0163 2.6
      vertex -26.1291 19.8708 2.6
    endloop
  endfacet
  facet normal 0 0 -1
    outer loop
      vertex -26.6807 18.0526 2.6
      vertex -26.1291 19.8708 2.6
      vertex -26.579 18.0163 2.6
    endloop
  endfacet
  facet normal -0 0 -1
    outer loop
      vertex -26.1291 19.8708 2.6
      vertex -26.6807 18.0526 2.6
      vertex -26.4147 19.9424 2.6
    endloop
  endfacet
  facet normal 0 0 -1
    outer loop
      vertex -26.7854 18.0789 2.6
      vertex -26.4147 19.9424 2.6
      vertex -26.6807 18.0526 2.6
    endloop
  endfacet
  facet normal -0 0 -1
    outer loop
      vertex -26.4147 19.9424 2.6
      vertex -26.7854 18.0789 2.6
      vertex -26.7059 19.9856 2.6
    endloop
  endfacet
  facet normal 0 0 -1
    outer loop
      vertex -26.8922 18.0947 2.6
      vertex -26.7059 19.9856 2.6
      vertex -26.7854 18.0789 2.6
    endloop
  endfacet
  facet normal 0 0 -1
    outer loop
      vertex -27 18.1 2.6
      vertex -26.7059 19.9856 2.6
      vertex -26.8922 18.0947 2.6
    endloop
  endfacet
  facet normal 0 0 -1
    outer loop
      vertex -27 18.1 2.6
      vertex -27 20 2.6
      vertex -26.7059 19.9856 2.6
    endloop
  endfacet
  facet normal 0 0 -1
    outer loop
      vertex -27.1078 18.0947 2.6
      vertex -27 20 2.6
      vertex -27 18.1 2.6
    endloop
  endfacet
  facet normal 0 0 -1
    outer loop
      vertex -27.2941 19.9856 2.6
      vertex -27.1078 18.0947 2.6
      vertex -27.2146 18.0789 2.6
    endloop
  endfacet
  facet normal 0 0 -1
    outer loop
      vertex -27.1078 18.0947 2.6
      vertex -27.2941 19.9856 2.6
      vertex -27 20 2.6
    endloop
  endfacet
  facet normal 0 0 -1
    outer loop
      vertex -27.5853 19.9424 2.6
      vertex -27.2146 18.0789 2.6
      vertex -27.3193 18.0526 2.6
    endloop
  endfacet
  facet normal 0 0 -1
    outer loop
      vertex -27.8709 19.8708 2.6
      vertex -27.3193 18.0526 2.6
      vertex -27.421 18.0163 2.6
    endloop
  endfacet
  facet normal 0 0 -1
    outer loop
      vertex -28.148 19.7716 2.6
      vertex -27.421 18.0163 2.6
      vertex -27.5185 17.9701 2.6
    endloop
  endfacet
  facet normal 0 0 -1
    outer loop
      vertex -27.2146 18.0789 2.6
      vertex -27.5853 19.9424 2.6
      vertex -27.2941 19.9856 2.6
    endloop
  endfacet
  facet normal 0 0 -1
    outer loop
      vertex -28.4142 19.6458 2.6
      vertex -27.5185 17.9701 2.6
      vertex -27.6111 17.9146 2.6
    endloop
  endfacet
  facet normal 0 0 -1
    outer loop
      vertex -28.6667 19.4944 2.6
      vertex -27.6111 17.9146 2.6
      vertex -27.6978 17.8503 2.6
    endloop
  endfacet
  facet normal 0 0 -1
    outer loop
      vertex -28.9032 19.319 2.6
      vertex -27.6978 17.8503 2.6
      vertex -27.7778 17.7778 2.6
    endloop
  endfacet
  facet normal 0 0 -1
    outer loop
      vertex -29.1213 19.1213 2.6
      vertex -27.7778 17.7778 2.6
      vertex -27.8503 17.6978 2.6
    endloop
  endfacet
  facet normal 0 0 -1
    outer loop
      vertex -27.3193 18.0526 2.6
      vertex -27.8709 19.8708 2.6
      vertex -27.5853 19.9424 2.6
    endloop
  endfacet
  facet normal 0 0 -1
    outer loop
      vertex -29.319 18.9032 2.6
      vertex -27.8503 17.6978 2.6
      vertex -27.9146 17.6111 2.6
    endloop
  endfacet
  facet normal 0 0 -1
    outer loop
      vertex -29.4944 18.6667 2.6
      vertex -27.9146 17.6111 2.6
      vertex -27.9701 17.5185 2.6
    endloop
  endfacet
  facet normal 0 0 -1
    outer loop
      vertex -29.6458 18.4142 2.6
      vertex -27.9701 17.5185 2.6
      vertex -28.0163 17.421 2.6
    endloop
  endfacet
  facet normal 0 0 -1
    outer loop
      vertex -29.7716 18.148 2.6
      vertex -28.0163 17.421 2.6
      vertex -28.0526 17.3193 2.6
    endloop
  endfacet
  facet normal 0 0 -1
    outer loop
      vertex -29.8708 17.8709 2.6
      vertex -28.0526 17.3193 2.6
      vertex -28.0789 17.2146 2.6
    endloop
  endfacet
  facet normal 0 0 -1
    outer loop
      vertex -29.9424 17.5853 2.6
      vertex -28.0789 17.2146 2.6
      vertex -28.0947 17.1078 2.6
    endloop
  endfacet
  facet normal 0 0 -1
    outer loop
      vertex -27.421 18.0163 2.6
      vertex -28.148 19.7716 2.6
      vertex -27.8709 19.8708 2.6
    endloop
  endfacet
  facet normal 0 0 -1
    outer loop
      vertex -29.9856 17.2941 2.6
      vertex -28.0947 17.1078 2.6
      vertex -28.1 17 2.6
    endloop
  endfacet
  facet normal -0 0 -1
    outer loop
      vertex -27.9146 16.3889 2.6
      vertex -29.4944 15.3333 2.6
      vertex -27.9701 16.4815 2.6
    endloop
  endfacet
  facet normal 0 0 -1
    outer loop
      vertex -29.6458 15.5858 2.6
      vertex -27.9701 16.4815 2.6
      vertex -29.4944 15.3333 2.6
    endloop
  endfacet
  facet normal 0 0 -1
    outer loop
      vertex -27.5185 17.9701 2.6
      vertex -28.4142 19.6458 2.6
      vertex -28.148 19.7716 2.6
    endloop
  endfacet
  facet normal -0 0 -1
    outer loop
      vertex -27.9701 16.4815 2.6
      vertex -29.6458 15.5858 2.6
      vertex -28.0163 16.579 2.6
    endloop
  endfacet
  facet normal 0 0 -1
    outer loop
      vertex -27.6111 17.9146 2.6
      vertex -28.6667 19.4944 2.6
      vertex -28.4142 19.6458 2.6
    endloop
  endfacet
  facet normal 0 0 -1
    outer loop
      vertex -29.7716 15.852 2.6
      vertex -28.0163 16.579 2.6
      vertex -29.6458 15.5858 2.6
    endloop
  endfacet
  facet normal 0 0 -1
    outer loop
      vertex -27.6978 17.8503 2.6
      vertex -28.9032 19.319 2.6
      vertex -28.6667 19.4944 2.6
    endloop
  endfacet
  facet normal -0 0 -1
    outer loop
      vertex -28.0163 16.579 2.6
      vertex -29.7716 15.852 2.6
      vertex -28.0526 16.6807 2.6
    endloop
  endfacet
  facet normal 0 0 -1
    outer loop
      vertex -27.7778 17.7778 2.6
      vertex -29.1213 19.1213 2.6
      vertex -28.9032 19.319 2.6
    endloop
  endfacet
  facet normal 0 0 -1
    outer loop
      vertex -29.8708 16.1291 2.6
      vertex -28.0526 16.6807 2.6
      vertex -29.7716 15.852 2.6
    endloop
  endfacet
  facet normal 0 0 -1
    outer loop
      vertex -27.8503 17.6978 2.6
      vertex -29.319 18.9032 2.6
      vertex -29.1213 19.1213 2.6
    endloop
  endfacet
  facet normal -0 0 -1
    outer loop
      vertex -28.0526 16.6807 2.6
      vertex -29.8708 16.1291 2.6
      vertex -28.0789 16.7854 2.6
    endloop
  endfacet
  facet normal 0 0 -1
    outer loop
      vertex -27.9146 17.6111 2.6
      vertex -29.4944 18.6667 2.6
      vertex -29.319 18.9032 2.6
    endloop
  endfacet
  facet normal 0 0 -1
    outer loop
      vertex -29.9424 16.4147 2.6
      vertex -28.0789 16.7854 2.6
      vertex -29.8708 16.1291 2.6
    endloop
  endfacet
  facet normal 0 0 -1
    outer loop
      vertex -27.9701 17.5185 2.6
      vertex -29.6458 18.4142 2.6
      vertex -29.4944 18.6667 2.6
    endloop
  endfacet
  facet normal -0 0 -1
    outer loop
      vertex -28.0789 16.7854 2.6
      vertex -29.9424 16.4147 2.6
      vertex -28.0947 16.8922 2.6
    endloop
  endfacet
  facet normal 0 0 -1
    outer loop
      vertex -28.0163 17.421 2.6
      vertex -29.7716 18.148 2.6
      vertex -29.6458 18.4142 2.6
    endloop
  endfacet
  facet normal 0 0 -1
    outer loop
      vertex -29.9856 16.7059 2.6
      vertex -28.0947 16.8922 2.6
      vertex -29.9424 16.4147 2.6
    endloop
  endfacet
  facet normal 0 0 -1
    outer loop
      vertex -28.0526 17.3193 2.6
      vertex -29.8708 17.8709 2.6
      vertex -29.7716 18.148 2.6
    endloop
  endfacet
  facet normal -0 0 -1
    outer loop
      vertex -28.0947 16.8922 2.6
      vertex -29.9856 16.7059 2.6
      vertex -28.1 17 2.6
    endloop
  endfacet
  facet normal 0 0 -1
    outer loop
      vertex -28.0789 17.2146 2.6
      vertex -29.9424 17.5853 2.6
      vertex -29.8708 17.8709 2.6
    endloop
  endfacet
  facet normal 0 0 -1
    outer loop
      vertex -30 17 2.6
      vertex -28.1 17 2.6
      vertex -29.9856 16.7059 2.6
    endloop
  endfacet
  facet normal 0 0 -1
    outer loop
      vertex -28.0947 17.1078 2.6
      vertex -29.9856 17.2941 2.6
      vertex -29.9424 17.5853 2.6
    endloop
  endfacet
  facet normal 0 0 -1
    outer loop
      vertex -28.1 17 2.6
      vertex -30 17 2.6
      vertex -29.9856 17.2941 2.6
    endloop
  endfacet
  facet normal -0.671607 -0.740908 0
    outer loop
      vertex -29.1213 14.8787 2.6
      vertex -28.9032 14.681 28
      vertex -29.1213 14.8787 28
    endloop
  endfacet
  facet normal -0.671607 -0.740908 -0
    outer loop
      vertex -28.9032 14.681 28
      vertex -29.1213 14.8787 2.6
      vertex -28.9032 14.681 2.6
    endloop
  endfacet
  facet normal -0.803208 0.595699 0
    outer loop
      vertex -29.4944 18.6667 2.6
      vertex -29.319 18.9032 28
      vertex -29.319 18.9032 2.6
    endloop
  endfacet
  facet normal -0.803208 0.595699 0
    outer loop
      vertex -29.319 18.9032 28
      vertex -29.4944 18.6667 2.6
      vertex -29.4944 18.6667 28
    endloop
  endfacet
  facet normal -0.0489044 -0.998803 0
    outer loop
      vertex -27.2941 14.0144 2.6
      vertex -27 14 28
      vertex -27.2941 14.0144 28
    endloop
  endfacet
  facet normal -0.0489044 -0.998803 -0
    outer loop
      vertex -27 14 28
      vertex -27.2941 14.0144 2.6
      vertex -27 14 2.6
    endloop
  endfacet
  facet normal -0.146746 -0.989174 0
    outer loop
      vertex -27.5853 14.0576 2.6
      vertex -27.2941 14.0144 28
      vertex -27.5853 14.0576 28
    endloop
  endfacet
  facet normal -0.146746 -0.989174 -0
    outer loop
      vertex -27.2941 14.0144 28
      vertex -27.5853 14.0576 2.6
      vertex -27.2941 14.0144 2.6
    endloop
  endfacet
  facet normal -0.989174 0.146746 0
    outer loop
      vertex -29.9856 17.2941 2.6
      vertex -29.9424 17.5853 28
      vertex -29.9424 17.5853 2.6
    endloop
  endfacet
  facet normal -0.989174 0.146746 0
    outer loop
      vertex -29.9424 17.5853 28
      vertex -29.9856 17.2941 2.6
      vertex -29.9856 17.2941 28
    endloop
  endfacet
  facet normal -0.998803 0.0489044 0
    outer loop
      vertex -30 17 2.6
      vertex -29.9856 17.2941 28
      vertex -29.9856 17.2941 2.6
    endloop
  endfacet
  facet normal -0.998803 0.0489044 0
    outer loop
      vertex -29.9856 17.2941 28
      vertex -30 17 2.6
      vertex -30 17 28
    endloop
  endfacet
  facet normal -0.337047 -0.941488 0
    outer loop
      vertex -28.148 14.2284 2.6
      vertex -27.8709 14.1292 28
      vertex -28.148 14.2284 28
    endloop
  endfacet
  facet normal -0.337047 -0.941488 -0
    outer loop
      vertex -27.8709 14.1292 28
      vertex -28.148 14.2284 2.6
      vertex -27.8709 14.1292 2.6
    endloop
  endfacet
  facet normal 0.671607 -0.740908 0
    outer loop
      vertex -25.0968 14.681 2.6
      vertex -24.8787 14.8787 28
      vertex -25.0968 14.681 28
    endloop
  endfacet
  facet normal 0.671607 -0.740908 0
    outer loop
      vertex -24.8787 14.8787 28
      vertex -25.0968 14.681 2.6
      vertex -24.8787 14.8787 2.6
    endloop
  endfacet
  facet normal 0 0 1
    outer loop
      vertex -25.9 17 28
      vertex -24 17 28
      vertex -24.0144 17.2941 28
    endloop
  endfacet
  facet normal 0 0 1
    outer loop
      vertex -25.9053 17.1078 28
      vertex -24.0144 17.2941 28
      vertex -24.0576 17.5853 28
    endloop
  endfacet
  facet normal 0 0 1
    outer loop
      vertex -24 17 28
      vertex -25.9 17 28
      vertex -24.0144 16.7059 28
    endloop
  endfacet
  facet normal 0 0 1
    outer loop
      vertex -25.9211 17.2146 28
      vertex -24.0576 17.5853 28
      vertex -24.1292 17.8709 28
    endloop
  endfacet
  facet normal -0 0 1
    outer loop
      vertex -25.9053 16.8922 28
      vertex -24.0144 16.7059 28
      vertex -25.9 17 28
    endloop
  endfacet
  facet normal 0 0 1
    outer loop
      vertex -25.9474 17.3193 28
      vertex -24.1292 17.8709 28
      vertex -24.2284 18.148 28
    endloop
  endfacet
  facet normal 0 0 1
    outer loop
      vertex -24.0144 16.7059 28
      vertex -25.9053 16.8922 28
      vertex -24.0576 16.4147 28
    endloop
  endfacet
  facet normal 0 0 1
    outer loop
      vertex -25.9837 17.421 28
      vertex -24.2284 18.148 28
      vertex -24.3542 18.4142 28
    endloop
  endfacet
  facet normal -0 0 1
    outer loop
      vertex -25.9211 16.7854 28
      vertex -24.0576 16.4147 28
      vertex -25.9053 16.8922 28
    endloop
  endfacet
  facet normal 0 0 1
    outer loop
      vertex -26.0299 17.5185 28
      vertex -24.3542 18.4142 28
      vertex -24.5056 18.6667 28
    endloop
  endfacet
  facet normal 0 0 1
    outer loop
      vertex -24.0576 16.4147 28
      vertex -25.9211 16.7854 28
      vertex -24.1292 16.1291 28
    endloop
  endfacet
  facet normal 0 0 1
    outer loop
      vertex -26.0854 17.6111 28
      vertex -24.5056 18.6667 28
      vertex -24.681 18.9032 28
    endloop
  endfacet
  facet normal -0 0 1
    outer loop
      vertex -25.9474 16.6807 28
      vertex -24.1292 16.1291 28
      vertex -25.9211 16.7854 28
    endloop
  endfacet
  facet normal 0 0 1
    outer loop
      vertex -26.1497 17.6978 28
      vertex -24.681 18.9032 28
      vertex -24.8787 19.1213 28
    endloop
  endfacet
  facet normal 0 0 1
    outer loop
      vertex -24.1292 16.1291 28
      vertex -25.9474 16.6807 28
      vertex -24.2284 15.852 28
    endloop
  endfacet
  facet normal 0 0 1
    outer loop
      vertex -26.2222 17.7778 28
      vertex -24.8787 19.1213 28
      vertex -25.0968 19.319 28
    endloop
  endfacet
  facet normal -0 0 1
    outer loop
      vertex -25.9837 16.579 28
      vertex -24.2284 15.852 28
      vertex -25.9474 16.6807 28
    endloop
  endfacet
  facet normal 0 0 1
    outer loop
      vertex -26.3022 17.8503 28
      vertex -25.0968 19.319 28
      vertex -25.3333 19.4944 28
    endloop
  endfacet
  facet normal 0 0 1
    outer loop
      vertex -24.2284 15.852 28
      vertex -25.9837 16.579 28
      vertex -24.3542 15.5858 28
    endloop
  endfacet
  facet normal 0 0 1
    outer loop
      vertex -26.3889 17.9146 28
      vertex -25.3333 19.4944 28
      vertex -25.5858 19.6458 28
    endloop
  endfacet
  facet normal -0 0 1
    outer loop
      vertex -26.0299 16.4815 28
      vertex -24.3542 15.5858 28
      vertex -25.9837 16.579 28
    endloop
  endfacet
  facet normal 0 0 1
    outer loop
      vertex -26.4815 17.9701 28
      vertex -25.5858 19.6458 28
      vertex -25.852 19.7716 28
    endloop
  endfacet
  facet normal 0 0 1
    outer loop
      vertex -24.3542 15.5858 28
      vertex -26.0299 16.4815 28
      vertex -24.5056 15.3333 28
    endloop
  endfacet
  facet normal -0 0 1
    outer loop
      vertex -26.0854 16.3889 28
      vertex -24.5056 15.3333 28
      vertex -26.0299 16.4815 28
    endloop
  endfacet
  facet normal 0 0 1
    outer loop
      vertex -24.0144 17.2941 28
      vertex -25.9053 17.1078 28
      vertex -25.9 17 28
    endloop
  endfacet
  facet normal 0 0 1
    outer loop
      vertex -24.0576 17.5853 28
      vertex -25.9211 17.2146 28
      vertex -25.9053 17.1078 28
    endloop
  endfacet
  facet normal 0 0 1
    outer loop
      vertex -24.1292 17.8709 28
      vertex -25.9474 17.3193 28
      vertex -25.9211 17.2146 28
    endloop
  endfacet
  facet normal 0 0 1
    outer loop
      vertex -24.2284 18.148 28
      vertex -25.9837 17.421 28
      vertex -25.9474 17.3193 28
    endloop
  endfacet
  facet normal 0 0 1
    outer loop
      vertex -24.3542 18.4142 28
      vertex -26.0299 17.5185 28
      vertex -25.9837 17.421 28
    endloop
  endfacet
  facet normal 0 0 1
    outer loop
      vertex -24.5056 18.6667 28
      vertex -26.0854 17.6111 28
      vertex -26.0299 17.5185 28
    endloop
  endfacet
  facet normal 0 0 1
    outer loop
      vertex -26.579 18.0163 28
      vertex -25.852 19.7716 28
      vertex -26.1291 19.8708 28
    endloop
  endfacet
  facet normal 0 0 1
    outer loop
      vertex -24.681 18.9032 28
      vertex -26.1497 17.6978 28
      vertex -26.0854 17.6111 28
    endloop
  endfacet
  facet normal 0 0 1
    outer loop
      vertex -24.8787 19.1213 28
      vertex -26.2222 17.7778 28
      vertex -26.1497 17.6978 28
    endloop
  endfacet
  facet normal 0 0 1
    outer loop
      vertex -25.0968 19.319 28
      vertex -26.3022 17.8503 28
      vertex -26.2222 17.7778 28
    endloop
  endfacet
  facet normal 0 0 1
    outer loop
      vertex -25.3333 19.4944 28
      vertex -26.3889 17.9146 28
      vertex -26.3022 17.8503 28
    endloop
  endfacet
  facet normal 0 0 1
    outer loop
      vertex -26.6807 18.0526 28
      vertex -26.1291 19.8708 28
      vertex -26.4147 19.9424 28
    endloop
  endfacet
  facet normal 0 0 1
    outer loop
      vertex -25.5858 19.6458 28
      vertex -26.4815 17.9701 28
      vertex -26.3889 17.9146 28
    endloop
  endfacet
  facet normal 0 0 1
    outer loop
      vertex -25.852 19.7716 28
      vertex -26.579 18.0163 28
      vertex -26.4815 17.9701 28
    endloop
  endfacet
  facet normal 0 0 1
    outer loop
      vertex -26.1291 19.8708 28
      vertex -26.6807 18.0526 28
      vertex -26.579 18.0163 28
    endloop
  endfacet
  facet normal 0 0 1
    outer loop
      vertex -26.7854 18.0789 28
      vertex -26.4147 19.9424 28
      vertex -26.7059 19.9856 28
    endloop
  endfacet
  facet normal 0 0 1
    outer loop
      vertex -26.4147 19.9424 28
      vertex -26.7854 18.0789 28
      vertex -26.6807 18.0526 28
    endloop
  endfacet
  facet normal 0 0 1
    outer loop
      vertex -26.7059 19.9856 28
      vertex -26.8922 18.0947 28
      vertex -26.7854 18.0789 28
    endloop
  endfacet
  facet normal 0 0 1
    outer loop
      vertex -27 20 28
      vertex -26.8922 18.0947 28
      vertex -26.7059 19.9856 28
    endloop
  endfacet
  facet normal 0 0 1
    outer loop
      vertex -27 20 28
      vertex -27 18.1 28
      vertex -26.8922 18.0947 28
    endloop
  endfacet
  facet normal 0 0 1
    outer loop
      vertex -27 20 28
      vertex -27.1078 18.0947 28
      vertex -27 18.1 28
    endloop
  endfacet
  facet normal -0 0 1
    outer loop
      vertex -27.2941 19.9856 28
      vertex -27.1078 18.0947 28
      vertex -27 20 28
    endloop
  endfacet
  facet normal 0 0 1
    outer loop
      vertex -27.1078 18.0947 28
      vertex -27.2941 19.9856 28
      vertex -27.2146 18.0789 28
    endloop
  endfacet
  facet normal -0 0 1
    outer loop
      vertex -27.5853 19.9424 28
      vertex -27.2146 18.0789 28
      vertex -27.2941 19.9856 28
    endloop
  endfacet
  facet normal 0 0 1
    outer loop
      vertex -27.2146 18.0789 28
      vertex -27.5853 19.9424 28
      vertex -27.3193 18.0526 28
    endloop
  endfacet
  facet normal -0 0 1
    outer loop
      vertex -27.8709 19.8708 28
      vertex -27.3193 18.0526 28
      vertex -27.5853 19.9424 28
    endloop
  endfacet
  facet normal 0 0 1
    outer loop
      vertex -27.3193 18.0526 28
      vertex -27.8709 19.8708 28
      vertex -27.421 18.0163 28
    endloop
  endfacet
  facet normal -0 0 1
    outer loop
      vertex -28.148 19.7716 28
      vertex -27.421 18.0163 28
      vertex -27.8709 19.8708 28
    endloop
  endfacet
  facet normal 0 0 1
    outer loop
      vertex -27.421 18.0163 28
      vertex -28.148 19.7716 28
      vertex -27.5185 17.9701 28
    endloop
  endfacet
  facet normal -0 0 1
    outer loop
      vertex -28.4142 19.6458 28
      vertex -27.5185 17.9701 28
      vertex -28.148 19.7716 28
    endloop
  endfacet
  facet normal 0 0 1
    outer loop
      vertex -27.5185 17.9701 28
      vertex -28.4142 19.6458 28
      vertex -27.6111 17.9146 28
    endloop
  endfacet
  facet normal -0 0 1
    outer loop
      vertex -28.6667 19.4944 28
      vertex -27.6111 17.9146 28
      vertex -28.4142 19.6458 28
    endloop
  endfacet
  facet normal 0 0 1
    outer loop
      vertex -27.6111 17.9146 28
      vertex -28.6667 19.4944 28
      vertex -27.6978 17.8503 28
    endloop
  endfacet
  facet normal -0 0 1
    outer loop
      vertex -28.9032 19.319 28
      vertex -27.6978 17.8503 28
      vertex -28.6667 19.4944 28
    endloop
  endfacet
  facet normal 0 0 1
    outer loop
      vertex -27.6978 17.8503 28
      vertex -28.9032 19.319 28
      vertex -27.7778 17.7778 28
    endloop
  endfacet
  facet normal -0 0 1
    outer loop
      vertex -29.1213 19.1213 28
      vertex -27.7778 17.7778 28
      vertex -28.9032 19.319 28
    endloop
  endfacet
  facet normal 0 0 1
    outer loop
      vertex -27.7778 17.7778 28
      vertex -29.1213 19.1213 28
      vertex -27.8503 17.6978 28
    endloop
  endfacet
  facet normal -0 0 1
    outer loop
      vertex -29.319 18.9032 28
      vertex -27.8503 17.6978 28
      vertex -29.1213 19.1213 28
    endloop
  endfacet
  facet normal -0 0 1
    outer loop
      vertex -29.4944 18.6667 28
      vertex -27.9146 17.6111 28
      vertex -29.319 18.9032 28
    endloop
  endfacet
  facet normal 0 0 1
    outer loop
      vertex -27.8503 17.6978 28
      vertex -29.319 18.9032 28
      vertex -27.9146 17.6111 28
    endloop
  endfacet
  facet normal 0 0 1
    outer loop
      vertex -24.5056 15.3333 28
      vertex -26.0854 16.3889 28
      vertex -24.681 15.0968 28
    endloop
  endfacet
  facet normal -0 0 1
    outer loop
      vertex -26.1497 16.3022 28
      vertex -24.681 15.0968 28
      vertex -26.0854 16.3889 28
    endloop
  endfacet
  facet normal 0 0 1
    outer loop
      vertex -24.681 15.0968 28
      vertex -26.1497 16.3022 28
      vertex -24.8787 14.8787 28
    endloop
  endfacet
  facet normal -0 0 1
    outer loop
      vertex -26.2222 16.2222 28
      vertex -24.8787 14.8787 28
      vertex -26.1497 16.3022 28
    endloop
  endfacet
  facet normal 0 0 1
    outer loop
      vertex -24.8787 14.8787 28
      vertex -26.2222 16.2222 28
      vertex -25.0968 14.681 28
    endloop
  endfacet
  facet normal -0 0 1
    outer loop
      vertex -26.3022 16.1497 28
      vertex -25.0968 14.681 28
      vertex -26.2222 16.2222 28
    endloop
  endfacet
  facet normal 0 0 1
    outer loop
      vertex -25.0968 14.681 28
      vertex -26.3022 16.1497 28
      vertex -25.3333 14.5056 28
    endloop
  endfacet
  facet normal -0 0 1
    outer loop
      vertex -26.3889 16.0854 28
      vertex -25.3333 14.5056 28
      vertex -26.3022 16.1497 28
    endloop
  endfacet
  facet normal 0 0 1
    outer loop
      vertex -25.3333 14.5056 28
      vertex -26.3889 16.0854 28
      vertex -25.5858 14.3542 28
    endloop
  endfacet
  facet normal -0 0 1
    outer loop
      vertex -26.4815 16.0299 28
      vertex -25.5858 14.3542 28
      vertex -26.3889 16.0854 28
    endloop
  endfacet
  facet normal 0 0 1
    outer loop
      vertex -25.5858 14.3542 28
      vertex -26.4815 16.0299 28
      vertex -25.852 14.2284 28
    endloop
  endfacet
  facet normal -0 0 1
    outer loop
      vertex -26.579 15.9837 28
      vertex -25.852 14.2284 28
      vertex -26.4815 16.0299 28
    endloop
  endfacet
  facet normal 0 0 1
    outer loop
      vertex -25.852 14.2284 28
      vertex -26.579 15.9837 28
      vertex -26.1291 14.1292 28
    endloop
  endfacet
  facet normal -0 0 1
    outer loop
      vertex -26.6807 15.9474 28
      vertex -26.1291 14.1292 28
      vertex -26.579 15.9837 28
    endloop
  endfacet
  facet normal 0 0 1
    outer loop
      vertex -26.1291 14.1292 28
      vertex -26.6807 15.9474 28
      vertex -26.4147 14.0576 28
    endloop
  endfacet
  facet normal -0 0 1
    outer loop
      vertex -26.7854 15.9211 28
      vertex -26.4147 14.0576 28
      vertex -26.6807 15.9474 28
    endloop
  endfacet
  facet normal 0 0 1
    outer loop
      vertex -26.4147 14.0576 28
      vertex -26.7854 15.9211 28
      vertex -26.7059 14.0144 28
    endloop
  endfacet
  facet normal -0 0 1
    outer loop
      vertex -26.8922 15.9053 28
      vertex -26.7059 14.0144 28
      vertex -26.7854 15.9211 28
    endloop
  endfacet
  facet normal -0 0 1
    outer loop
      vertex -27 15.9 28
      vertex -26.7059 14.0144 28
      vertex -26.8922 15.9053 28
    endloop
  endfacet
  facet normal 0 0 1
    outer loop
      vertex -27 15.9 28
      vertex -27 14 28
      vertex -26.7059 14.0144 28
    endloop
  endfacet
  facet normal 0 0 1
    outer loop
      vertex -27.1078 15.9053 28
      vertex -27 14 28
      vertex -27 15.9 28
    endloop
  endfacet
  facet normal 0 0 1
    outer loop
      vertex -27.2941 14.0144 28
      vertex -27.1078 15.9053 28
      vertex -27.2146 15.9211 28
    endloop
  endfacet
  facet normal 0 0 1
    outer loop
      vertex -27.1078 15.9053 28
      vertex -27.2941 14.0144 28
      vertex -27 14 28
    endloop
  endfacet
  facet normal 0 0 1
    outer loop
      vertex -27.5853 14.0576 28
      vertex -27.2146 15.9211 28
      vertex -27.3193 15.9474 28
    endloop
  endfacet
  facet normal 0 0 1
    outer loop
      vertex -27.8709 14.1292 28
      vertex -27.3193 15.9474 28
      vertex -27.421 15.9837 28
    endloop
  endfacet
  facet normal 0 0 1
    outer loop
      vertex -28.148 14.2284 28
      vertex -27.421 15.9837 28
      vertex -27.5185 16.0299 28
    endloop
  endfacet
  facet normal 0 0 1
    outer loop
      vertex -27.2146 15.9211 28
      vertex -27.5853 14.0576 28
      vertex -27.2941 14.0144 28
    endloop
  endfacet
  facet normal 0 0 1
    outer loop
      vertex -28.4142 14.3542 28
      vertex -27.5185 16.0299 28
      vertex -27.6111 16.0854 28
    endloop
  endfacet
  facet normal 0 0 1
    outer loop
      vertex -28.6667 14.5056 28
      vertex -27.6111 16.0854 28
      vertex -27.6978 16.1497 28
    endloop
  endfacet
  facet normal 0 0 1
    outer loop
      vertex -28.9032 14.681 28
      vertex -27.6978 16.1497 28
      vertex -27.7778 16.2222 28
    endloop
  endfacet
  facet normal 0 0 1
    outer loop
      vertex -29.1213 14.8787 28
      vertex -27.7778 16.2222 28
      vertex -27.8503 16.3022 28
    endloop
  endfacet
  facet normal 0 0 1
    outer loop
      vertex -27.3193 15.9474 28
      vertex -27.8709 14.1292 28
      vertex -27.5853 14.0576 28
    endloop
  endfacet
  facet normal 0 0 1
    outer loop
      vertex -29.319 15.0968 28
      vertex -27.8503 16.3022 28
      vertex -27.9146 16.3889 28
    endloop
  endfacet
  facet normal 0 0 1
    outer loop
      vertex -29.4944 15.3333 28
      vertex -27.9146 16.3889 28
      vertex -27.9701 16.4815 28
    endloop
  endfacet
  facet normal 0 0 1
    outer loop
      vertex -29.6458 15.5858 28
      vertex -27.9701 16.4815 28
      vertex -28.0163 16.579 28
    endloop
  endfacet
  facet normal 0 0 1
    outer loop
      vertex -29.7716 15.852 28
      vertex -28.0163 16.579 28
      vertex -28.0526 16.6807 28
    endloop
  endfacet
  facet normal 0 0 1
    outer loop
      vertex -29.8708 16.1291 28
      vertex -28.0526 16.6807 28
      vertex -28.0789 16.7854 28
    endloop
  endfacet
  facet normal 0 0 1
    outer loop
      vertex -29.9424 16.4147 28
      vertex -28.0789 16.7854 28
      vertex -28.0947 16.8922 28
    endloop
  endfacet
  facet normal 0 0 1
    outer loop
      vertex -27.421 15.9837 28
      vertex -28.148 14.2284 28
      vertex -27.8709 14.1292 28
    endloop
  endfacet
  facet normal 0 0 1
    outer loop
      vertex -29.9856 16.7059 28
      vertex -28.0947 16.8922 28
      vertex -28.1 17 28
    endloop
  endfacet
  facet normal 0 0 1
    outer loop
      vertex -27.9146 17.6111 28
      vertex -29.4944 18.6667 28
      vertex -27.9701 17.5185 28
    endloop
  endfacet
  facet normal -0 0 1
    outer loop
      vertex -29.6458 18.4142 28
      vertex -27.9701 17.5185 28
      vertex -29.4944 18.6667 28
    endloop
  endfacet
  facet normal 0 0 1
    outer loop
      vertex -27.5185 16.0299 28
      vertex -28.4142 14.3542 28
      vertex -28.148 14.2284 28
    endloop
  endfacet
  facet normal 0 0 1
    outer loop
      vertex -27.9701 17.5185 28
      vertex -29.6458 18.4142 28
      vertex -28.0163 17.421 28
    endloop
  endfacet
  facet normal 0 0 1
    outer loop
      vertex -27.6111 16.0854 28
      vertex -28.6667 14.5056 28
      vertex -28.4142 14.3542 28
    endloop
  endfacet
  facet normal -0 0 1
    outer loop
      vertex -29.7716 18.148 28
      vertex -28.0163 17.421 28
      vertex -29.6458 18.4142 28
    endloop
  endfacet
  facet normal 0 0 1
    outer loop
      vertex -27.6978 16.1497 28
      vertex -28.9032 14.681 28
      vertex -28.6667 14.5056 28
    endloop
  endfacet
  facet normal 0 0 1
    outer loop
      vertex -28.0163 17.421 28
      vertex -29.7716 18.148 28
      vertex -28.0526 17.3193 28
    endloop
  endfacet
  facet normal 0 0 1
    outer loop
      vertex -27.7778 16.2222 28
      vertex -29.1213 14.8787 28
      vertex -28.9032 14.681 28
    endloop
  endfacet
  facet normal -0 0 1
    outer loop
      vertex -29.8708 17.8709 28
      vertex -28.0526 17.3193 28
      vertex -29.7716 18.148 28
    endloop
  endfacet
  facet normal 0 0 1
    outer loop
      vertex -27.8503 16.3022 28
      vertex -29.319 15.0968 28
      vertex -29.1213 14.8787 28
    endloop
  endfacet
  facet normal 0 0 1
    outer loop
      vertex -28.0526 17.3193 28
      vertex -29.8708 17.8709 28
      vertex -28.0789 17.2146 28
    endloop
  endfacet
  facet normal 0 0 1
    outer loop
      vertex -27.9146 16.3889 28
      vertex -29.4944 15.3333 28
      vertex -29.319 15.0968 28
    endloop
  endfacet
  facet normal -0 0 1
    outer loop
      vertex -29.9424 17.5853 28
      vertex -28.0789 17.2146 28
      vertex -29.8708 17.8709 28
    endloop
  endfacet
  facet normal 0 0 1
    outer loop
      vertex -27.9701 16.4815 28
      vertex -29.6458 15.5858 28
      vertex -29.4944 15.3333 28
    endloop
  endfacet
  facet normal 0 0 1
    outer loop
      vertex -28.0789 17.2146 28
      vertex -29.9424 17.5853 28
      vertex -28.0947 17.1078 28
    endloop
  endfacet
  facet normal 0 0 1
    outer loop
      vertex -28.0163 16.579 28
      vertex -29.7716 15.852 28
      vertex -29.6458 15.5858 28
    endloop
  endfacet
  facet normal -0 0 1
    outer loop
      vertex -29.9856 17.2941 28
      vertex -28.0947 17.1078 28
      vertex -29.9424 17.5853 28
    endloop
  endfacet
  facet normal 0 0 1
    outer loop
      vertex -28.0526 16.6807 28
      vertex -29.8708 16.1291 28
      vertex -29.7716 15.852 28
    endloop
  endfacet
  facet normal 0 0 1
    outer loop
      vertex -28.0947 17.1078 28
      vertex -29.9856 17.2941 28
      vertex -28.1 17 28
    endloop
  endfacet
  facet normal 0 0 1
    outer loop
      vertex -28.0789 16.7854 28
      vertex -29.9424 16.4147 28
      vertex -29.8708 16.1291 28
    endloop
  endfacet
  facet normal 0 0 1
    outer loop
      vertex -30 17 28
      vertex -28.1 17 28
      vertex -29.9856 17.2941 28
    endloop
  endfacet
  facet normal 0 0 1
    outer loop
      vertex -28.0947 16.8922 28
      vertex -29.9856 16.7059 28
      vertex -29.9424 16.4147 28
    endloop
  endfacet
  facet normal 0 0 1
    outer loop
      vertex -28.1 17 28
      vertex -30 17 28
      vertex -29.9856 16.7059 28
    endloop
  endfacet
  facet normal -0.989233 -0.146347 0
    outer loop
      vertex -25.9053 17.1078 2.6
      vertex -25.9211 17.2146 28
      vertex -25.9211 17.2146 2.6
    endloop
  endfacet
  facet normal -0.989233 -0.146347 0
    outer loop
      vertex -25.9211 17.2146 28
      vertex -25.9053 17.1078 2.6
      vertex -25.9053 17.1078 28
    endloop
  endfacet
  facet normal -0.998794 -0.0491058 0
    outer loop
      vertex -25.9 17 2.6
      vertex -25.9053 17.1078 28
      vertex -25.9053 17.1078 2.6
    endloop
  endfacet
  facet normal -0.998794 -0.0491058 0
    outer loop
      vertex -25.9053 17.1078 28
      vertex -25.9 17 2.6
      vertex -25.9 17 28
    endloop
  endfacet
  facet normal -0.969869 -0.243625 0
    outer loop
      vertex -25.9211 17.2146 2.6
      vertex -25.9474 17.3193 28
      vertex -25.9474 17.3193 2.6
    endloop
  endfacet
  facet normal -0.969869 -0.243625 0
    outer loop
      vertex -25.9474 17.3193 28
      vertex -25.9211 17.2146 2.6
      vertex -25.9211 17.2146 28
    endloop
  endfacet
  facet normal 0.428206 -0.903681 0
    outer loop
      vertex -27.5185 17.9701 2.6
      vertex -27.421 18.0163 28
      vertex -27.5185 17.9701 28
    endloop
  endfacet
  facet normal 0.428206 -0.903681 0
    outer loop
      vertex -27.421 18.0163 28
      vertex -27.5185 17.9701 2.6
      vertex -27.421 18.0163 2.6
    endloop
  endfacet
  facet normal -0.33616 -0.941805 0
    outer loop
      vertex -26.6807 18.0526 2.6
      vertex -26.579 18.0163 28
      vertex -26.6807 18.0526 28
    endloop
  endfacet
  facet normal -0.33616 -0.941805 -0
    outer loop
      vertex -26.579 18.0163 28
      vertex -26.6807 18.0526 2.6
      vertex -26.579 18.0163 2.6
    endloop
  endfacet
  facet normal -0.146347 -0.989233 0
    outer loop
      vertex -26.8922 18.0947 2.6
      vertex -26.7854 18.0789 28
      vertex -26.8922 18.0947 28
    endloop
  endfacet
  facet normal -0.146347 -0.989233 -0
    outer loop
      vertex -26.7854 18.0789 28
      vertex -26.8922 18.0947 2.6
      vertex -26.7854 18.0789 2.6
    endloop
  endfacet
  facet normal -0.998794 0.0491058 0
    outer loop
      vertex -25.9053 16.8922 2.6
      vertex -25.9 17 28
      vertex -25.9 17 2.6
    endloop
  endfacet
  facet normal -0.998794 0.0491058 0
    outer loop
      vertex -25.9 17 28
      vertex -25.9053 16.8922 2.6
      vertex -25.9053 16.8922 28
    endloop
  endfacet
  facet normal 0.33616 -0.941805 0
    outer loop
      vertex -27.421 18.0163 2.6
      vertex -27.3193 18.0526 28
      vertex -27.421 18.0163 28
    endloop
  endfacet
  facet normal 0.33616 -0.941805 0
    outer loop
      vertex -27.3193 18.0526 28
      vertex -27.421 18.0163 2.6
      vertex -27.3193 18.0526 2.6
    endloop
  endfacet
  facet normal -0.243625 0.969869 0
    outer loop
      vertex -26.6807 15.9474 2.6
      vertex -26.7854 15.9211 28
      vertex -26.6807 15.9474 28
    endloop
  endfacet
  facet normal -0.243625 0.969869 0
    outer loop
      vertex -26.7854 15.9211 28
      vertex -26.6807 15.9474 2.6
      vertex -26.7854 15.9211 2.6
    endloop
  endfacet
  facet normal -0.803212 0.595693 0
    outer loop
      vertex -26.1497 16.3022 2.6
      vertex -26.0854 16.3889 28
      vertex -26.0854 16.3889 2.6
    endloop
  endfacet
  facet normal -0.803212 0.595693 0
    outer loop
      vertex -26.0854 16.3889 28
      vertex -26.1497 16.3022 2.6
      vertex -26.1497 16.3022 28
    endloop
  endfacet
  facet normal 0.514087 -0.857738 0
    outer loop
      vertex -27.6111 17.9146 2.6
      vertex -27.5185 17.9701 28
      vertex -27.6111 17.9146 28
    endloop
  endfacet
  facet normal 0.514087 -0.857738 0
    outer loop
      vertex -27.5185 17.9701 28
      vertex -27.6111 17.9146 2.6
      vertex -27.5185 17.9701 2.6
    endloop
  endfacet
  facet normal 0.989233 0.146347 0
    outer loop
      vertex -28.0789 16.7854 28
      vertex -28.0947 16.8922 2.6
      vertex -28.0947 16.8922 28
    endloop
  endfacet
  facet normal 0.989233 0.146347 0
    outer loop
      vertex -28.0947 16.8922 2.6
      vertex -28.0789 16.7854 28
      vertex -28.0789 16.7854 2.6
    endloop
  endfacet
  facet normal 0.740987 -0.671519 0
    outer loop
      vertex -27.8503 17.6978 28
      vertex -27.7778 17.7778 2.6
      vertex -27.7778 17.7778 28
    endloop
  endfacet
  facet normal 0.740987 -0.671519 0
    outer loop
      vertex -27.7778 17.7778 2.6
      vertex -27.8503 17.6978 28
      vertex -27.8503 17.6978 2.6
    endloop
  endfacet
  facet normal 0.969869 -0.243625 0
    outer loop
      vertex -28.0789 17.2146 28
      vertex -28.0526 17.3193 2.6
      vertex -28.0526 17.3193 28
    endloop
  endfacet
  facet normal 0.969869 -0.243625 0
    outer loop
      vertex -28.0526 17.3193 2.6
      vertex -28.0789 17.2146 28
      vertex -28.0789 17.2146 2.6
    endloop
  endfacet
  facet normal -0.428206 0.903681 0
    outer loop
      vertex -26.4815 16.0299 2.6
      vertex -26.579 15.9837 28
      vertex -26.4815 16.0299 28
    endloop
  endfacet
  facet normal -0.428206 0.903681 0
    outer loop
      vertex -26.579 15.9837 28
      vertex -26.4815 16.0299 2.6
      vertex -26.579 15.9837 2.6
    endloop
  endfacet
  facet normal 0.0491058 -0.998794 0
    outer loop
      vertex -27.1078 18.0947 2.6
      vertex -27 18.1 28
      vertex -27.1078 18.0947 28
    endloop
  endfacet
  facet normal 0.0491058 -0.998794 0
    outer loop
      vertex -27 18.1 28
      vertex -27.1078 18.0947 2.6
      vertex -27 18.1 2.6
    endloop
  endfacet
  facet normal 0.595693 0.803212 -0
    outer loop
      vertex -27.6111 16.0854 2.6
      vertex -27.6978 16.1497 28
      vertex -27.6111 16.0854 28
    endloop
  endfacet
  facet normal 0.595693 0.803212 0
    outer loop
      vertex -27.6978 16.1497 28
      vertex -27.6111 16.0854 2.6
      vertex -27.6978 16.1497 2.6
    endloop
  endfacet
  facet normal -0.146347 0.989233 0
    outer loop
      vertex -26.7854 15.9211 2.6
      vertex -26.8922 15.9053 28
      vertex -26.7854 15.9211 28
    endloop
  endfacet
  facet normal -0.146347 0.989233 0
    outer loop
      vertex -26.8922 15.9053 28
      vertex -26.7854 15.9211 2.6
      vertex -26.8922 15.9053 2.6
    endloop
  endfacet
  facet normal 0.146347 -0.989233 0
    outer loop
      vertex -27.2146 18.0789 2.6
      vertex -27.1078 18.0947 28
      vertex -27.2146 18.0789 28
    endloop
  endfacet
  facet normal 0.146347 -0.989233 0
    outer loop
      vertex -27.1078 18.0947 28
      vertex -27.2146 18.0789 2.6
      vertex -27.1078 18.0947 2.6
    endloop
  endfacet
  facet normal 0.989233 -0.146347 0
    outer loop
      vertex -28.0947 17.1078 28
      vertex -28.0789 17.2146 2.6
      vertex -28.0789 17.2146 28
    endloop
  endfacet
  facet normal 0.989233 -0.146347 0
    outer loop
      vertex -28.0789 17.2146 2.6
      vertex -28.0947 17.1078 28
      vertex -28.0947 17.1078 2.6
    endloop
  endfacet
  facet normal 0.803212 0.595693 0
    outer loop
      vertex -27.8503 16.3022 28
      vertex -27.9146 16.3889 2.6
      vertex -27.9146 16.3889 28
    endloop
  endfacet
  facet normal 0.803212 0.595693 0
    outer loop
      vertex -27.9146 16.3889 2.6
      vertex -27.8503 16.3022 28
      vertex -27.8503 16.3022 2.6
    endloop
  endfacet
  facet normal -0.903681 0.428206 0
    outer loop
      vertex -26.0299 16.4815 2.6
      vertex -25.9837 16.579 28
      vertex -25.9837 16.579 2.6
    endloop
  endfacet
  facet normal -0.903681 0.428206 0
    outer loop
      vertex -25.9837 16.579 28
      vertex -26.0299 16.4815 2.6
      vertex -26.0299 16.4815 28
    endloop
  endfacet
  facet normal -0.671519 -0.740987 0
    outer loop
      vertex -26.3022 17.8503 2.6
      vertex -26.2222 17.7778 28
      vertex -26.3022 17.8503 28
    endloop
  endfacet
  facet normal -0.671519 -0.740987 -0
    outer loop
      vertex -26.2222 17.7778 28
      vertex -26.3022 17.8503 2.6
      vertex -26.2222 17.7778 2.6
    endloop
  endfacet
  facet normal 0.243625 -0.969869 0
    outer loop
      vertex -27.3193 18.0526 2.6
      vertex -27.2146 18.0789 28
      vertex -27.3193 18.0526 28
    endloop
  endfacet
  facet normal 0.243625 -0.969869 0
    outer loop
      vertex -27.2146 18.0789 28
      vertex -27.3193 18.0526 2.6
      vertex -27.2146 18.0789 2.6
    endloop
  endfacet
  facet normal -0.428206 -0.903681 0
    outer loop
      vertex -26.579 18.0163 2.6
      vertex -26.4815 17.9701 28
      vertex -26.579 18.0163 28
    endloop
  endfacet
  facet normal -0.428206 -0.903681 -0
    outer loop
      vertex -26.4815 17.9701 28
      vertex -26.579 18.0163 2.6
      vertex -26.4815 17.9701 2.6
    endloop
  endfacet
  facet normal -0.0491058 0.998794 0
    outer loop
      vertex -26.8922 15.9053 2.6
      vertex -27 15.9 28
      vertex -26.8922 15.9053 28
    endloop
  endfacet
  facet normal -0.0491058 0.998794 0
    outer loop
      vertex -27 15.9 28
      vertex -26.8922 15.9053 2.6
      vertex -27 15.9 2.6
    endloop
  endfacet
  facet normal -0.803212 -0.595693 0
    outer loop
      vertex -26.0854 17.6111 2.6
      vertex -26.1497 17.6978 28
      vertex -26.1497 17.6978 2.6
    endloop
  endfacet
  facet normal -0.803212 -0.595693 0
    outer loop
      vertex -26.1497 17.6978 28
      vertex -26.0854 17.6111 2.6
      vertex -26.0854 17.6111 28
    endloop
  endfacet
  facet normal 0.903681 0.428206 0
    outer loop
      vertex -27.9701 16.4815 28
      vertex -28.0163 16.579 2.6
      vertex -28.0163 16.579 28
    endloop
  endfacet
  facet normal 0.903681 0.428206 0
    outer loop
      vertex -28.0163 16.579 2.6
      vertex -27.9701 16.4815 28
      vertex -27.9701 16.4815 2.6
    endloop
  endfacet
  facet normal 0.740987 0.671519 0
    outer loop
      vertex -27.7778 16.2222 28
      vertex -27.8503 16.3022 2.6
      vertex -27.8503 16.3022 28
    endloop
  endfacet
  facet normal 0.740987 0.671519 0
    outer loop
      vertex -27.8503 16.3022 2.6
      vertex -27.7778 16.2222 28
      vertex -27.7778 16.2222 2.6
    endloop
  endfacet
  facet normal 0.33616 0.941805 -0
    outer loop
      vertex -27.3193 15.9474 2.6
      vertex -27.421 15.9837 28
      vertex -27.3193 15.9474 28
    endloop
  endfacet
  facet normal 0.33616 0.941805 0
    outer loop
      vertex -27.421 15.9837 28
      vertex -27.3193 15.9474 2.6
      vertex -27.421 15.9837 2.6
    endloop
  endfacet
  facet normal 0.0491058 0.998794 -0
    outer loop
      vertex -27 15.9 2.6
      vertex -27.1078 15.9053 28
      vertex -27 15.9 28
    endloop
  endfacet
  facet normal 0.0491058 0.998794 0
    outer loop
      vertex -27.1078 15.9053 28
      vertex -27 15.9 2.6
      vertex -27.1078 15.9053 2.6
    endloop
  endfacet
  facet normal 0.998794 -0.0491058 0
    outer loop
      vertex -28.1 17 28
      vertex -28.0947 17.1078 2.6
      vertex -28.0947 17.1078 28
    endloop
  endfacet
  facet normal 0.998794 -0.0491058 0
    outer loop
      vertex -28.0947 17.1078 2.6
      vertex -28.1 17 28
      vertex -28.1 17 2.6
    endloop
  endfacet
  facet normal -0.33616 0.941805 0
    outer loop
      vertex -26.579 15.9837 2.6
      vertex -26.6807 15.9474 28
      vertex -26.579 15.9837 28
    endloop
  endfacet
  facet normal -0.33616 0.941805 0
    outer loop
      vertex -26.6807 15.9474 28
      vertex -26.579 15.9837 2.6
      vertex -26.6807 15.9474 2.6
    endloop
  endfacet
  facet normal -0.969869 0.243625 0
    outer loop
      vertex -25.9474 16.6807 2.6
      vertex -25.9211 16.7854 28
      vertex -25.9211 16.7854 2.6
    endloop
  endfacet
  facet normal -0.969869 0.243625 0
    outer loop
      vertex -25.9211 16.7854 28
      vertex -25.9474 16.6807 2.6
      vertex -25.9474 16.6807 28
    endloop
  endfacet
  facet normal -0.941805 0.33616 0
    outer loop
      vertex -25.9837 16.579 2.6
      vertex -25.9474 16.6807 28
      vertex -25.9474 16.6807 2.6
    endloop
  endfacet
  facet normal -0.941805 0.33616 0
    outer loop
      vertex -25.9474 16.6807 28
      vertex -25.9837 16.579 2.6
      vertex -25.9837 16.579 28
    endloop
  endfacet
  facet normal -0.740987 0.671519 0
    outer loop
      vertex -26.2222 16.2222 2.6
      vertex -26.1497 16.3022 28
      vertex -26.1497 16.3022 2.6
    endloop
  endfacet
  facet normal -0.740987 0.671519 0
    outer loop
      vertex -26.1497 16.3022 28
      vertex -26.2222 16.2222 2.6
      vertex -26.2222 16.2222 28
    endloop
  endfacet
  facet normal -0.514087 -0.857738 0
    outer loop
      vertex -26.4815 17.9701 2.6
      vertex -26.3889 17.9146 28
      vertex -26.4815 17.9701 28
    endloop
  endfacet
  facet normal -0.514087 -0.857738 -0
    outer loop
      vertex -26.3889 17.9146 28
      vertex -26.4815 17.9701 2.6
      vertex -26.3889 17.9146 2.6
    endloop
  endfacet
  facet normal -0.243625 -0.969869 0
    outer loop
      vertex -26.7854 18.0789 2.6
      vertex -26.6807 18.0526 28
      vertex -26.7854 18.0789 28
    endloop
  endfacet
  facet normal -0.243625 -0.969869 -0
    outer loop
      vertex -26.6807 18.0526 28
      vertex -26.7854 18.0789 2.6
      vertex -26.6807 18.0526 2.6
    endloop
  endfacet
  facet normal -0.941805 -0.33616 0
    outer loop
      vertex -25.9474 17.3193 2.6
      vertex -25.9837 17.421 28
      vertex -25.9837 17.421 2.6
    endloop
  endfacet
  facet normal -0.941805 -0.33616 0
    outer loop
      vertex -25.9837 17.421 28
      vertex -25.9474 17.3193 2.6
      vertex -25.9474 17.3193 28
    endloop
  endfacet
  facet normal -0.595693 -0.803212 0
    outer loop
      vertex -26.3889 17.9146 2.6
      vertex -26.3022 17.8503 28
      vertex -26.3889 17.9146 28
    endloop
  endfacet
  facet normal -0.595693 -0.803212 -0
    outer loop
      vertex -26.3022 17.8503 28
      vertex -26.3889 17.9146 2.6
      vertex -26.3022 17.8503 2.6
    endloop
  endfacet
  facet normal 0.969869 0.243625 0
    outer loop
      vertex -28.0526 16.6807 28
      vertex -28.0789 16.7854 2.6
      vertex -28.0789 16.7854 28
    endloop
  endfacet
  facet normal 0.969869 0.243625 0
    outer loop
      vertex -28.0789 16.7854 2.6
      vertex -28.0526 16.6807 28
      vertex -28.0526 16.6807 2.6
    endloop
  endfacet
  facet normal -0.903681 -0.428206 0
    outer loop
      vertex -25.9837 17.421 2.6
      vertex -26.0299 17.5185 28
      vertex -26.0299 17.5185 2.6
    endloop
  endfacet
  facet normal -0.903681 -0.428206 0
    outer loop
      vertex -26.0299 17.5185 28
      vertex -25.9837 17.421 2.6
      vertex -25.9837 17.421 28
    endloop
  endfacet
  facet normal -0.0491058 -0.998794 0
    outer loop
      vertex -27 18.1 2.6
      vertex -26.8922 18.0947 28
      vertex -27 18.1 28
    endloop
  endfacet
  facet normal -0.0491058 -0.998794 -0
    outer loop
      vertex -26.8922 18.0947 28
      vertex -27 18.1 2.6
      vertex -26.8922 18.0947 2.6
    endloop
  endfacet
  facet normal -0.989233 0.146347 0
    outer loop
      vertex -25.9211 16.7854 2.6
      vertex -25.9053 16.8922 28
      vertex -25.9053 16.8922 2.6
    endloop
  endfacet
  facet normal -0.989233 0.146347 0
    outer loop
      vertex -25.9053 16.8922 28
      vertex -25.9211 16.7854 2.6
      vertex -25.9211 16.7854 28
    endloop
  endfacet
  facet normal -0.857738 -0.514087 0
    outer loop
      vertex -26.0299 17.5185 2.6
      vertex -26.0854 17.6111 28
      vertex -26.0854 17.6111 2.6
    endloop
  endfacet
  facet normal -0.857738 -0.514087 0
    outer loop
      vertex -26.0854 17.6111 28
      vertex -26.0299 17.5185 2.6
      vertex -26.0299 17.5185 28
    endloop
  endfacet
  facet normal 0.671519 0.740987 -0
    outer loop
      vertex -27.6978 16.1497 2.6
      vertex -27.7778 16.2222 28
      vertex -27.6978 16.1497 28
    endloop
  endfacet
  facet normal 0.671519 0.740987 0
    outer loop
      vertex -27.7778 16.2222 28
      vertex -27.6978 16.1497 2.6
      vertex -27.7778 16.2222 2.6
    endloop
  endfacet
  facet normal 0.671519 -0.740987 0
    outer loop
      vertex -27.7778 17.7778 2.6
      vertex -27.6978 17.8503 28
      vertex -27.7778 17.7778 28
    endloop
  endfacet
  facet normal 0.671519 -0.740987 0
    outer loop
      vertex -27.6978 17.8503 28
      vertex -27.7778 17.7778 2.6
      vertex -27.6978 17.8503 2.6
    endloop
  endfacet
  facet normal 0.857738 0.514087 0
    outer loop
      vertex -27.9146 16.3889 28
      vertex -27.9701 16.4815 2.6
      vertex -27.9701 16.4815 28
    endloop
  endfacet
  facet normal 0.857738 0.514087 0
    outer loop
      vertex -27.9701 16.4815 2.6
      vertex -27.9146 16.3889 28
      vertex -27.9146 16.3889 2.6
    endloop
  endfacet
  facet normal -0.671519 0.740987 0
    outer loop
      vertex -26.2222 16.2222 2.6
      vertex -26.3022 16.1497 28
      vertex -26.2222 16.2222 28
    endloop
  endfacet
  facet normal -0.671519 0.740987 0
    outer loop
      vertex -26.3022 16.1497 28
      vertex -26.2222 16.2222 2.6
      vertex -26.3022 16.1497 2.6
    endloop
  endfacet
  facet normal -0.595693 0.803212 0
    outer loop
      vertex -26.3022 16.1497 2.6
      vertex -26.3889 16.0854 28
      vertex -26.3022 16.1497 28
    endloop
  endfacet
  facet normal -0.595693 0.803212 0
    outer loop
      vertex -26.3889 16.0854 28
      vertex -26.3022 16.1497 2.6
      vertex -26.3889 16.0854 2.6
    endloop
  endfacet
  facet normal 0.857738 -0.514087 0
    outer loop
      vertex -27.9701 17.5185 28
      vertex -27.9146 17.6111 2.6
      vertex -27.9146 17.6111 28
    endloop
  endfacet
  facet normal 0.857738 -0.514087 0
    outer loop
      vertex -27.9146 17.6111 2.6
      vertex -27.9701 17.5185 28
      vertex -27.9701 17.5185 2.6
    endloop
  endfacet
  facet normal 0.146347 0.989233 -0
    outer loop
      vertex -27.1078 15.9053 2.6
      vertex -27.2146 15.9211 28
      vertex -27.1078 15.9053 28
    endloop
  endfacet
  facet normal 0.146347 0.989233 0
    outer loop
      vertex -27.2146 15.9211 28
      vertex -27.1078 15.9053 2.6
      vertex -27.2146 15.9211 2.6
    endloop
  endfacet
  facet normal 0.941805 0.33616 0
    outer loop
      vertex -28.0163 16.579 28
      vertex -28.0526 16.6807 2.6
      vertex -28.0526 16.6807 28
    endloop
  endfacet
  facet normal 0.941805 0.33616 0
    outer loop
      vertex -28.0526 16.6807 2.6
      vertex -28.0163 16.579 28
      vertex -28.0163 16.579 2.6
    endloop
  endfacet
  facet normal -0.857738 0.514087 0
    outer loop
      vertex -26.0854 16.3889 2.6
      vertex -26.0299 16.4815 28
      vertex -26.0299 16.4815 2.6
    endloop
  endfacet
  facet normal -0.857738 0.514087 0
    outer loop
      vertex -26.0299 16.4815 28
      vertex -26.0854 16.3889 2.6
      vertex -26.0854 16.3889 28
    endloop
  endfacet
  facet normal -0.740987 -0.671519 0
    outer loop
      vertex -26.1497 17.6978 2.6
      vertex -26.2222 17.7778 28
      vertex -26.2222 17.7778 2.6
    endloop
  endfacet
  facet normal -0.740987 -0.671519 0
    outer loop
      vertex -26.2222 17.7778 28
      vertex -26.1497 17.6978 2.6
      vertex -26.1497 17.6978 28
    endloop
  endfacet
  facet normal 0.903681 -0.428206 0
    outer loop
      vertex -28.0163 17.421 28
      vertex -27.9701 17.5185 2.6
      vertex -27.9701 17.5185 28
    endloop
  endfacet
  facet normal 0.903681 -0.428206 0
    outer loop
      vertex -27.9701 17.5185 2.6
      vertex -28.0163 17.421 28
      vertex -28.0163 17.421 2.6
    endloop
  endfacet
  facet normal 0.998794 0.0491058 0
    outer loop
      vertex -28.0947 16.8922 28
      vertex -28.1 17 2.6
      vertex -28.1 17 28
    endloop
  endfacet
  facet normal 0.998794 0.0491058 0
    outer loop
      vertex -28.1 17 2.6
      vertex -28.0947 16.8922 28
      vertex -28.0947 16.8922 2.6
    endloop
  endfacet
  facet normal -0.514087 0.857738 0
    outer loop
      vertex -26.3889 16.0854 2.6
      vertex -26.4815 16.0299 28
      vertex -26.3889 16.0854 28
    endloop
  endfacet
  facet normal -0.514087 0.857738 0
    outer loop
      vertex -26.4815 16.0299 28
      vertex -26.3889 16.0854 2.6
      vertex -26.4815 16.0299 2.6
    endloop
  endfacet
  facet normal 0.595693 -0.803212 0
    outer loop
      vertex -27.6978 17.8503 2.6
      vertex -27.6111 17.9146 28
      vertex -27.6978 17.8503 28
    endloop
  endfacet
  facet normal 0.595693 -0.803212 0
    outer loop
      vertex -27.6111 17.9146 28
      vertex -27.6978 17.8503 2.6
      vertex -27.6111 17.9146 2.6
    endloop
  endfacet
  facet normal 0.243625 0.969869 -0
    outer loop
      vertex -27.2146 15.9211 2.6
      vertex -27.3193 15.9474 28
      vertex -27.2146 15.9211 28
    endloop
  endfacet
  facet normal 0.243625 0.969869 0
    outer loop
      vertex -27.3193 15.9474 28
      vertex -27.2146 15.9211 2.6
      vertex -27.3193 15.9474 2.6
    endloop
  endfacet
  facet normal 0.514087 0.857738 -0
    outer loop
      vertex -27.5185 16.0299 2.6
      vertex -27.6111 16.0854 28
      vertex -27.5185 16.0299 28
    endloop
  endfacet
  facet normal 0.514087 0.857738 0
    outer loop
      vertex -27.6111 16.0854 28
      vertex -27.5185 16.0299 2.6
      vertex -27.6111 16.0854 2.6
    endloop
  endfacet
  facet normal 0.803212 -0.595693 0
    outer loop
      vertex -27.9146 17.6111 28
      vertex -27.8503 17.6978 2.6
      vertex -27.8503 17.6978 28
    endloop
  endfacet
  facet normal 0.803212 -0.595693 0
    outer loop
      vertex -27.8503 17.6978 2.6
      vertex -27.9146 17.6111 28
      vertex -27.9146 17.6111 2.6
    endloop
  endfacet
  facet normal 0.428206 0.903681 -0
    outer loop
      vertex -27.421 15.9837 2.6
      vertex -27.5185 16.0299 28
      vertex -27.421 15.9837 28
    endloop
  endfacet
  facet normal 0.428206 0.903681 0
    outer loop
      vertex -27.5185 16.0299 28
      vertex -27.421 15.9837 2.6
      vertex -27.5185 16.0299 2.6
    endloop
  endfacet
  facet normal 0.941805 -0.33616 0
    outer loop
      vertex -28.0526 17.3193 28
      vertex -28.0163 17.421 2.6
      vertex -28.0163 17.421 28
    endloop
  endfacet
  facet normal 0.941805 -0.33616 0
    outer loop
      vertex -28.0163 17.421 2.6
      vertex -28.0526 17.3193 28
      vertex -28.0526 17.3193 2.6
    endloop
  endfacet
  facet normal 0.740908 0.671607 0
    outer loop
      vertex 29.319 -15.0968 28
      vertex 29.1213 -14.8787 2.6
      vertex 29.1213 -14.8787 28
    endloop
  endfacet
  facet normal 0.740908 0.671607 0
    outer loop
      vertex 29.1213 -14.8787 2.6
      vertex 29.319 -15.0968 28
      vertex 29.319 -15.0968 2.6
    endloop
  endfacet
  facet normal 0.989174 0.146746 0
    outer loop
      vertex 29.9856 -16.7059 28
      vertex 29.9424 -16.4147 2.6
      vertex 29.9424 -16.4147 28
    endloop
  endfacet
  facet normal 0.989174 0.146746 0
    outer loop
      vertex 29.9424 -16.4147 2.6
      vertex 29.9856 -16.7059 28
      vertex 29.9856 -16.7059 2.6
    endloop
  endfacet
  facet normal 0.998803 0.0489044 0
    outer loop
      vertex 30 -17 28
      vertex 29.9856 -16.7059 2.6
      vertex 29.9856 -16.7059 28
    endloop
  endfacet
  facet normal 0.998803 0.0489044 0
    outer loop
      vertex 29.9856 -16.7059 2.6
      vertex 30 -17 28
      vertex 30 -17 2.6
    endloop
  endfacet
  facet normal 0.969982 0.243175 0
    outer loop
      vertex 29.9424 -16.4147 28
      vertex 29.8708 -16.1291 2.6
      vertex 29.8708 -16.1291 28
    endloop
  endfacet
  facet normal 0.969982 0.243175 0
    outer loop
      vertex 29.8708 -16.1291 2.6
      vertex 29.9424 -16.4147 28
      vertex 29.9424 -16.4147 2.6
    endloop
  endfacet
  facet normal 0.337047 -0.941488 0
    outer loop
      vertex 27.8709 -19.8708 2.6
      vertex 28.148 -19.7716 28
      vertex 27.8709 -19.8708 28
    endloop
  endfacet
  facet normal 0.337047 -0.941488 0
    outer loop
      vertex 28.148 -19.7716 28
      vertex 27.8709 -19.8708 2.6
      vertex 28.148 -19.7716 2.6
    endloop
  endfacet
  facet normal 0.857643 0.514246 0
    outer loop
      vertex 29.6458 -15.5858 28
      vertex 29.4944 -15.3333 2.6
      vertex 29.4944 -15.3333 28
    endloop
  endfacet
  facet normal 0.857643 0.514246 0
    outer loop
      vertex 29.4944 -15.3333 2.6
      vertex 29.6458 -15.5858 28
      vertex 29.6458 -15.5858 2.6
    endloop
  endfacet
  facet normal 0.243175 0.969982 -0
    outer loop
      vertex 27.8709 -14.1292 2.6
      vertex 27.5853 -14.0576 28
      vertex 27.8709 -14.1292 28
    endloop
  endfacet
  facet normal 0.243175 0.969982 0
    outer loop
      vertex 27.5853 -14.0576 28
      vertex 27.8709 -14.1292 2.6
      vertex 27.5853 -14.0576 2.6
    endloop
  endfacet
  facet normal -0.740908 0.671607 0
    outer loop
      vertex 24.681 -15.0968 2.6
      vertex 24.8787 -14.8787 28
      vertex 24.8787 -14.8787 2.6
    endloop
  endfacet
  facet normal -0.740908 0.671607 0
    outer loop
      vertex 24.8787 -14.8787 28
      vertex 24.681 -15.0968 2.6
      vertex 24.681 -15.0968 28
    endloop
  endfacet
  facet normal 0.0489044 -0.998803 0
    outer loop
      vertex 27 -20 2.6
      vertex 27.2941 -19.9856 28
      vertex 27 -20 28
    endloop
  endfacet
  facet normal 0.0489044 -0.998803 0
    outer loop
      vertex 27.2941 -19.9856 28
      vertex 27 -20 2.6
      vertex 27.2941 -19.9856 2.6
    endloop
  endfacet
  facet normal 0.427269 0.904125 -0
    outer loop
      vertex 28.4142 -14.3542 2.6
      vertex 28.148 -14.2284 28
      vertex 28.4142 -14.3542 28
    endloop
  endfacet
  facet normal 0.427269 0.904125 0
    outer loop
      vertex 28.148 -14.2284 28
      vertex 28.4142 -14.3542 2.6
      vertex 28.148 -14.2284 2.6
    endloop
  endfacet
  facet normal 0.671607 0.740908 -0
    outer loop
      vertex 29.1213 -14.8787 2.6
      vertex 28.9032 -14.681 28
      vertex 29.1213 -14.8787 28
    endloop
  endfacet
  facet normal 0.671607 0.740908 0
    outer loop
      vertex 28.9032 -14.681 28
      vertex 29.1213 -14.8787 2.6
      vertex 28.9032 -14.681 2.6
    endloop
  endfacet
  facet normal -0.595699 -0.803208 0
    outer loop
      vertex 25.0968 -19.319 2.6
      vertex 25.3333 -19.4944 28
      vertex 25.0968 -19.319 28
    endloop
  endfacet
  facet normal -0.595699 -0.803208 -0
    outer loop
      vertex 25.3333 -19.4944 28
      vertex 25.0968 -19.319 2.6
      vertex 25.3333 -19.4944 2.6
    endloop
  endfacet
  facet normal 0.243175 -0.969982 0
    outer loop
      vertex 27.5853 -19.9424 2.6
      vertex 27.8709 -19.8708 28
      vertex 27.5853 -19.9424 28
    endloop
  endfacet
  facet normal 0.243175 -0.969982 0
    outer loop
      vertex 27.8709 -19.8708 28
      vertex 27.5853 -19.9424 2.6
      vertex 27.8709 -19.8708 2.6
    endloop
  endfacet
  facet normal 0.989174 -0.146746 0
    outer loop
      vertex 29.9424 -17.5853 28
      vertex 29.9856 -17.2941 2.6
      vertex 29.9856 -17.2941 28
    endloop
  endfacet
  facet normal 0.989174 -0.146746 0
    outer loop
      vertex 29.9856 -17.2941 2.6
      vertex 29.9424 -17.5853 28
      vertex 29.9424 -17.5853 2.6
    endloop
  endfacet
  facet normal -0.243175 -0.969982 0
    outer loop
      vertex 26.1291 -19.8708 2.6
      vertex 26.4147 -19.9424 28
      vertex 26.1291 -19.8708 28
    endloop
  endfacet
  facet normal -0.243175 -0.969982 -0
    outer loop
      vertex 26.4147 -19.9424 28
      vertex 26.1291 -19.8708 2.6
      vertex 26.4147 -19.9424 2.6
    endloop
  endfacet
  facet normal -0.595699 0.803208 0
    outer loop
      vertex 25.3333 -14.5056 2.6
      vertex 25.0968 -14.681 28
      vertex 25.3333 -14.5056 28
    endloop
  endfacet
  facet normal -0.595699 0.803208 0
    outer loop
      vertex 25.0968 -14.681 28
      vertex 25.3333 -14.5056 2.6
      vertex 25.0968 -14.681 2.6
    endloop
  endfacet
  facet normal -0.998803 -0.0489044 0
    outer loop
      vertex 24.0144 -17.2941 2.6
      vertex 24 -17 28
      vertex 24 -17 2.6
    endloop
  endfacet
  facet normal -0.998803 -0.0489044 0
    outer loop
      vertex 24 -17 28
      vertex 24.0144 -17.2941 2.6
      vertex 24.0144 -17.2941 28
    endloop
  endfacet
  facet normal -0.969982 -0.243175 0
    outer loop
      vertex 24.1292 -17.8709 2.6
      vertex 24.0576 -17.5853 28
      vertex 24.0576 -17.5853 2.6
    endloop
  endfacet
  facet normal -0.969982 -0.243175 0
    outer loop
      vertex 24.0576 -17.5853 28
      vertex 24.1292 -17.8709 2.6
      vertex 24.1292 -17.8709 28
    endloop
  endfacet
  facet normal 0.969982 -0.243175 0
    outer loop
      vertex 29.8708 -17.8709 28
      vertex 29.9424 -17.5853 2.6
      vertex 29.9424 -17.5853 28
    endloop
  endfacet
  facet normal 0.969982 -0.243175 0
    outer loop
      vertex 29.9424 -17.5853 2.6
      vertex 29.8708 -17.8709 28
      vertex 29.8708 -17.8709 2.6
    endloop
  endfacet
  facet normal -0.514246 0.857643 0
    outer loop
      vertex 25.5858 -14.3542 2.6
      vertex 25.3333 -14.5056 28
      vertex 25.5858 -14.3542 28
    endloop
  endfacet
  facet normal -0.514246 0.857643 0
    outer loop
      vertex 25.3333 -14.5056 28
      vertex 25.5858 -14.3542 2.6
      vertex 25.3333 -14.5056 2.6
    endloop
  endfacet
  facet normal 0.595699 0.803208 -0
    outer loop
      vertex 28.9032 -14.681 2.6
      vertex 28.6667 -14.5056 28
      vertex 28.9032 -14.681 28
    endloop
  endfacet
  facet normal 0.595699 0.803208 0
    outer loop
      vertex 28.6667 -14.5056 28
      vertex 28.9032 -14.681 2.6
      vertex 28.6667 -14.5056 2.6
    endloop
  endfacet
  facet normal -0.904125 -0.427269 0
    outer loop
      vertex 24.3542 -18.4142 2.6
      vertex 24.2284 -18.148 28
      vertex 24.2284 -18.148 2.6
    endloop
  endfacet
  facet normal -0.904125 -0.427269 0
    outer loop
      vertex 24.2284 -18.148 28
      vertex 24.3542 -18.4142 2.6
      vertex 24.3542 -18.4142 28
    endloop
  endfacet
  facet normal 0.941488 -0.337047 0
    outer loop
      vertex 29.7716 -18.148 28
      vertex 29.8708 -17.8709 2.6
      vertex 29.8708 -17.8709 28
    endloop
  endfacet
  facet normal 0.941488 -0.337047 0
    outer loop
      vertex 29.8708 -17.8709 2.6
      vertex 29.7716 -18.148 28
      vertex 29.7716 -18.148 2.6
    endloop
  endfacet
  facet normal 0.146746 0.989174 -0
    outer loop
      vertex 27.5853 -14.0576 2.6
      vertex 27.2941 -14.0144 28
      vertex 27.5853 -14.0576 28
    endloop
  endfacet
  facet normal 0.146746 0.989174 0
    outer loop
      vertex 27.2941 -14.0144 28
      vertex 27.5853 -14.0576 2.6
      vertex 27.2941 -14.0144 2.6
    endloop
  endfacet
  facet normal -0.427269 0.904125 0
    outer loop
      vertex 25.852 -14.2284 2.6
      vertex 25.5858 -14.3542 28
      vertex 25.852 -14.2284 28
    endloop
  endfacet
  facet normal -0.427269 0.904125 0
    outer loop
      vertex 25.5858 -14.3542 28
      vertex 25.852 -14.2284 2.6
      vertex 25.5858 -14.3542 2.6
    endloop
  endfacet
  facet normal 0.514246 0.857643 -0
    outer loop
      vertex 28.6667 -14.5056 2.6
      vertex 28.4142 -14.3542 28
      vertex 28.6667 -14.5056 28
    endloop
  endfacet
  facet normal 0.514246 0.857643 0
    outer loop
      vertex 28.4142 -14.3542 28
      vertex 28.6667 -14.5056 2.6
      vertex 28.4142 -14.3542 2.6
    endloop
  endfacet
  facet normal 0.427269 -0.904125 0
    outer loop
      vertex 28.148 -19.7716 2.6
      vertex 28.4142 -19.6458 28
      vertex 28.148 -19.7716 28
    endloop
  endfacet
  facet normal 0.427269 -0.904125 0
    outer loop
      vertex 28.4142 -19.6458 28
      vertex 28.148 -19.7716 2.6
      vertex 28.4142 -19.6458 2.6
    endloop
  endfacet
  facet normal -0.941488 -0.337047 0
    outer loop
      vertex 24.2284 -18.148 2.6
      vertex 24.1292 -17.8709 28
      vertex 24.1292 -17.8709 2.6
    endloop
  endfacet
  facet normal -0.941488 -0.337047 0
    outer loop
      vertex 24.1292 -17.8709 28
      vertex 24.2284 -18.148 2.6
      vertex 24.2284 -18.148 28
    endloop
  endfacet
  facet normal 0.857643 -0.514246 0
    outer loop
      vertex 29.4944 -18.6667 28
      vertex 29.6458 -18.4142 2.6
      vertex 29.6458 -18.4142 28
    endloop
  endfacet
  facet normal 0.857643 -0.514246 0
    outer loop
      vertex 29.6458 -18.4142 2.6
      vertex 29.4944 -18.6667 28
      vertex 29.4944 -18.6667 2.6
    endloop
  endfacet
  facet normal 0.904125 -0.427269 0
    outer loop
      vertex 29.6458 -18.4142 28
      vertex 29.7716 -18.148 2.6
      vertex 29.7716 -18.148 28
    endloop
  endfacet
  facet normal 0.904125 -0.427269 0
    outer loop
      vertex 29.7716 -18.148 2.6
      vertex 29.6458 -18.4142 28
      vertex 29.6458 -18.4142 2.6
    endloop
  endfacet
  facet normal 0.998803 -0.0489044 0
    outer loop
      vertex 29.9856 -17.2941 28
      vertex 30 -17 2.6
      vertex 30 -17 28
    endloop
  endfacet
  facet normal 0.998803 -0.0489044 0
    outer loop
      vertex 30 -17 2.6
      vertex 29.9856 -17.2941 28
      vertex 29.9856 -17.2941 2.6
    endloop
  endfacet
  facet normal -0.146746 0.989174 0
    outer loop
      vertex 26.7059 -14.0144 2.6
      vertex 26.4147 -14.0576 28
      vertex 26.7059 -14.0144 28
    endloop
  endfacet
  facet normal -0.146746 0.989174 0
    outer loop
      vertex 26.4147 -14.0576 28
      vertex 26.7059 -14.0144 2.6
      vertex 26.4147 -14.0576 2.6
    endloop
  endfacet
  facet normal 0.146746 -0.989174 0
    outer loop
      vertex 27.2941 -19.9856 2.6
      vertex 27.5853 -19.9424 28
      vertex 27.2941 -19.9856 28
    endloop
  endfacet
  facet normal 0.146746 -0.989174 0
    outer loop
      vertex 27.5853 -19.9424 28
      vertex 27.2941 -19.9856 2.6
      vertex 27.5853 -19.9424 2.6
    endloop
  endfacet
  facet normal 0.941488 0.337047 0
    outer loop
      vertex 29.8708 -16.1291 28
      vertex 29.7716 -15.852 2.6
      vertex 29.7716 -15.852 28
    endloop
  endfacet
  facet normal 0.941488 0.337047 0
    outer loop
      vertex 29.7716 -15.852 2.6
      vertex 29.8708 -16.1291 28
      vertex 29.8708 -16.1291 2.6
    endloop
  endfacet
  facet normal 0.740908 -0.671607 0
    outer loop
      vertex 29.1213 -19.1213 28
      vertex 29.319 -18.9032 2.6
      vertex 29.319 -18.9032 28
    endloop
  endfacet
  facet normal 0.740908 -0.671607 0
    outer loop
      vertex 29.319 -18.9032 2.6
      vertex 29.1213 -19.1213 28
      vertex 29.1213 -19.1213 2.6
    endloop
  endfacet
  facet normal 0.803208 -0.595699 0
    outer loop
      vertex 29.319 -18.9032 28
      vertex 29.4944 -18.6667 2.6
      vertex 29.4944 -18.6667 28
    endloop
  endfacet
  facet normal 0.803208 -0.595699 0
    outer loop
      vertex 29.4944 -18.6667 2.6
      vertex 29.319 -18.9032 28
      vertex 29.319 -18.9032 2.6
    endloop
  endfacet
  facet normal -0.243175 0.969982 0
    outer loop
      vertex 26.4147 -14.0576 2.6
      vertex 26.1291 -14.1292 28
      vertex 26.4147 -14.0576 28
    endloop
  endfacet
  facet normal -0.243175 0.969982 0
    outer loop
      vertex 26.1291 -14.1292 28
      vertex 26.4147 -14.0576 2.6
      vertex 26.1291 -14.1292 2.6
    endloop
  endfacet
  facet normal 0.803208 0.595699 0
    outer loop
      vertex 29.4944 -15.3333 28
      vertex 29.319 -15.0968 2.6
      vertex 29.319 -15.0968 28
    endloop
  endfacet
  facet normal 0.803208 0.595699 0
    outer loop
      vertex 29.319 -15.0968 2.6
      vertex 29.4944 -15.3333 28
      vertex 29.4944 -15.3333 2.6
    endloop
  endfacet
  facet normal 0.0489044 0.998803 -0
    outer loop
      vertex 27.2941 -14.0144 2.6
      vertex 27 -14 28
      vertex 27.2941 -14.0144 28
    endloop
  endfacet
  facet normal 0.0489044 0.998803 0
    outer loop
      vertex 27 -14 28
      vertex 27.2941 -14.0144 2.6
      vertex 27 -14 2.6
    endloop
  endfacet
  facet normal 0.904125 0.427269 0
    outer loop
      vertex 29.7716 -15.852 28
      vertex 29.6458 -15.5858 2.6
      vertex 29.6458 -15.5858 28
    endloop
  endfacet
  facet normal 0.904125 0.427269 0
    outer loop
      vertex 29.6458 -15.5858 2.6
      vertex 29.7716 -15.852 28
      vertex 29.7716 -15.852 2.6
    endloop
  endfacet
  facet normal -0.857643 0.514246 0
    outer loop
      vertex 24.3542 -15.5858 2.6
      vertex 24.5056 -15.3333 28
      vertex 24.5056 -15.3333 2.6
    endloop
  endfacet
  facet normal -0.857643 0.514246 0
    outer loop
      vertex 24.5056 -15.3333 28
      vertex 24.3542 -15.5858 2.6
      vertex 24.3542 -15.5858 28
    endloop
  endfacet
  facet normal -0.671607 0.740908 0
    outer loop
      vertex 25.0968 -14.681 2.6
      vertex 24.8787 -14.8787 28
      vertex 25.0968 -14.681 28
    endloop
  endfacet
  facet normal -0.671607 0.740908 0
    outer loop
      vertex 24.8787 -14.8787 28
      vertex 25.0968 -14.681 2.6
      vertex 24.8787 -14.8787 2.6
    endloop
  endfacet
  facet normal -0.857643 -0.514246 0
    outer loop
      vertex 24.5056 -18.6667 2.6
      vertex 24.3542 -18.4142 28
      vertex 24.3542 -18.4142 2.6
    endloop
  endfacet
  facet normal -0.857643 -0.514246 0
    outer loop
      vertex 24.3542 -18.4142 28
      vertex 24.5056 -18.6667 2.6
      vertex 24.5056 -18.6667 28
    endloop
  endfacet
  facet normal -0.427269 -0.904125 0
    outer loop
      vertex 25.5858 -19.6458 2.6
      vertex 25.852 -19.7716 28
      vertex 25.5858 -19.6458 28
    endloop
  endfacet
  facet normal -0.427269 -0.904125 -0
    outer loop
      vertex 25.852 -19.7716 28
      vertex 25.5858 -19.6458 2.6
      vertex 25.852 -19.7716 2.6
    endloop
  endfacet
  facet normal -0.740908 -0.671607 0
    outer loop
      vertex 24.8787 -19.1213 2.6
      vertex 24.681 -18.9032 28
      vertex 24.681 -18.9032 2.6
    endloop
  endfacet
  facet normal -0.740908 -0.671607 0
    outer loop
      vertex 24.681 -18.9032 28
      vertex 24.8787 -19.1213 2.6
      vertex 24.8787 -19.1213 28
    endloop
  endfacet
  facet normal -0.337047 0.941488 0
    outer loop
      vertex 26.1291 -14.1292 2.6
      vertex 25.852 -14.2284 28
      vertex 26.1291 -14.1292 28
    endloop
  endfacet
  facet normal -0.337047 0.941488 0
    outer loop
      vertex 25.852 -14.2284 28
      vertex 26.1291 -14.1292 2.6
      vertex 25.852 -14.2284 2.6
    endloop
  endfacet
  facet normal -0.514246 -0.857643 0
    outer loop
      vertex 25.3333 -19.4944 2.6
      vertex 25.5858 -19.6458 28
      vertex 25.3333 -19.4944 28
    endloop
  endfacet
  facet normal -0.514246 -0.857643 -0
    outer loop
      vertex 25.5858 -19.6458 28
      vertex 25.3333 -19.4944 2.6
      vertex 25.5858 -19.6458 2.6
    endloop
  endfacet
  facet normal 0.595699 -0.803208 0
    outer loop
      vertex 28.6667 -19.4944 2.6
      vertex 28.9032 -19.319 28
      vertex 28.6667 -19.4944 28
    endloop
  endfacet
  facet normal 0.595699 -0.803208 0
    outer loop
      vertex 28.9032 -19.319 28
      vertex 28.6667 -19.4944 2.6
      vertex 28.9032 -19.319 2.6
    endloop
  endfacet
  facet normal -0.0489044 0.998803 0
    outer loop
      vertex 27 -14 2.6
      vertex 26.7059 -14.0144 28
      vertex 27 -14 28
    endloop
  endfacet
  facet normal -0.0489044 0.998803 0
    outer loop
      vertex 26.7059 -14.0144 28
      vertex 27 -14 2.6
      vertex 26.7059 -14.0144 2.6
    endloop
  endfacet
  facet normal -0.969982 0.243175 0
    outer loop
      vertex 24.0576 -16.4147 2.6
      vertex 24.1292 -16.1291 28
      vertex 24.1292 -16.1291 2.6
    endloop
  endfacet
  facet normal -0.969982 0.243175 0
    outer loop
      vertex 24.1292 -16.1291 28
      vertex 24.0576 -16.4147 2.6
      vertex 24.0576 -16.4147 28
    endloop
  endfacet
  facet normal -0.941488 0.337047 0
    outer loop
      vertex 24.1292 -16.1291 2.6
      vertex 24.2284 -15.852 28
      vertex 24.2284 -15.852 2.6
    endloop
  endfacet
  facet normal -0.941488 0.337047 0
    outer loop
      vertex 24.2284 -15.852 28
      vertex 24.1292 -16.1291 2.6
      vertex 24.1292 -16.1291 28
    endloop
  endfacet
  facet normal 0.337047 0.941488 -0
    outer loop
      vertex 28.148 -14.2284 2.6
      vertex 27.8709 -14.1292 28
      vertex 28.148 -14.2284 28
    endloop
  endfacet
  facet normal 0.337047 0.941488 0
    outer loop
      vertex 27.8709 -14.1292 28
      vertex 28.148 -14.2284 2.6
      vertex 27.8709 -14.1292 2.6
    endloop
  endfacet
  facet normal -0.803208 -0.595699 0
    outer loop
      vertex 24.681 -18.9032 2.6
      vertex 24.5056 -18.6667 28
      vertex 24.5056 -18.6667 2.6
    endloop
  endfacet
  facet normal -0.803208 -0.595699 0
    outer loop
      vertex 24.5056 -18.6667 28
      vertex 24.681 -18.9032 2.6
      vertex 24.681 -18.9032 28
    endloop
  endfacet
  facet normal -0.989174 -0.146746 0
    outer loop
      vertex 24.0576 -17.5853 2.6
      vertex 24.0144 -17.2941 28
      vertex 24.0144 -17.2941 2.6
    endloop
  endfacet
  facet normal -0.989174 -0.146746 0
    outer loop
      vertex 24.0144 -17.2941 28
      vertex 24.0576 -17.5853 2.6
      vertex 24.0576 -17.5853 28
    endloop
  endfacet
  facet normal -0.904125 0.427269 0
    outer loop
      vertex 24.2284 -15.852 2.6
      vertex 24.3542 -15.5858 28
      vertex 24.3542 -15.5858 2.6
    endloop
  endfacet
  facet normal -0.904125 0.427269 0
    outer loop
      vertex 24.3542 -15.5858 28
      vertex 24.2284 -15.852 2.6
      vertex 24.2284 -15.852 28
    endloop
  endfacet
  facet normal 0.514246 -0.857643 0
    outer loop
      vertex 28.4142 -19.6458 2.6
      vertex 28.6667 -19.4944 28
      vertex 28.4142 -19.6458 28
    endloop
  endfacet
  facet normal 0.514246 -0.857643 0
    outer loop
      vertex 28.6667 -19.4944 28
      vertex 28.4142 -19.6458 2.6
      vertex 28.6667 -19.4944 2.6
    endloop
  endfacet
  facet normal 0 0 -1
    outer loop
      vertex 28.1 -17 2.6
      vertex 30 -17 2.6
      vertex 29.9856 -17.2941 2.6
    endloop
  endfacet
  facet normal 0 0 -1
    outer loop
      vertex 28.0947 -17.1078 2.6
      vertex 29.9856 -17.2941 2.6
      vertex 29.9424 -17.5853 2.6
    endloop
  endfacet
  facet normal 0 0 -1
    outer loop
      vertex 30 -17 2.6
      vertex 28.1 -17 2.6
      vertex 29.9856 -16.7059 2.6
    endloop
  endfacet
  facet normal 0 0 -1
    outer loop
      vertex 28.0789 -17.2146 2.6
      vertex 29.9424 -17.5853 2.6
      vertex 29.8708 -17.8709 2.6
    endloop
  endfacet
  facet normal 0 0 -1
    outer loop
      vertex 28.0947 -16.8922 2.6
      vertex 29.9856 -16.7059 2.6
      vertex 28.1 -17 2.6
    endloop
  endfacet
  facet normal 0 0 -1
    outer loop
      vertex 28.0526 -17.3193 2.6
      vertex 29.8708 -17.8709 2.6
      vertex 29.7716 -18.148 2.6
    endloop
  endfacet
  facet normal -0 0 -1
    outer loop
      vertex 29.9856 -16.7059 2.6
      vertex 28.0947 -16.8922 2.6
      vertex 29.9424 -16.4147 2.6
    endloop
  endfacet
  facet normal 0 0 -1
    outer loop
      vertex 28.0163 -17.421 2.6
      vertex 29.7716 -18.148 2.6
      vertex 29.6458 -18.4142 2.6
    endloop
  endfacet
  facet normal 0 0 -1
    outer loop
      vertex 28.0789 -16.7854 2.6
      vertex 29.9424 -16.4147 2.6
      vertex 28.0947 -16.8922 2.6
    endloop
  endfacet
  facet normal 0 0 -1
    outer loop
      vertex 27.9701 -17.5185 2.6
      vertex 29.6458 -18.4142 2.6
      vertex 29.4944 -18.6667 2.6
    endloop
  endfacet
  facet normal -0 0 -1
    outer loop
      vertex 29.9424 -16.4147 2.6
      vertex 28.0789 -16.7854 2.6
      vertex 29.8708 -16.1291 2.6
    endloop
  endfacet
  facet normal 0 0 -1
    outer loop
      vertex 27.9146 -17.6111 2.6
      vertex 29.4944 -18.6667 2.6
      vertex 29.319 -18.9032 2.6
    endloop
  endfacet
  facet normal 0 0 -1
    outer loop
      vertex 28.0526 -16.6807 2.6
      vertex 29.8708 -16.1291 2.6
      vertex 28.0789 -16.7854 2.6
    endloop
  endfacet
  facet normal 0 0 -1
    outer loop
      vertex 27.8503 -17.6978 2.6
      vertex 29.319 -18.9032 2.6
      vertex 29.1213 -19.1213 2.6
    endloop
  endfacet
  facet normal -0 0 -1
    outer loop
      vertex 29.8708 -16.1291 2.6
      vertex 28.0526 -16.6807 2.6
      vertex 29.7716 -15.852 2.6
    endloop
  endfacet
  facet normal 0 0 -1
    outer loop
      vertex 27.7778 -17.7778 2.6
      vertex 29.1213 -19.1213 2.6
      vertex 28.9032 -19.319 2.6
    endloop
  endfacet
  facet normal 0 0 -1
    outer loop
      vertex 28.0163 -16.579 2.6
      vertex 29.7716 -15.852 2.6
      vertex 28.0526 -16.6807 2.6
    endloop
  endfacet
  facet normal 0 0 -1
    outer loop
      vertex 27.6978 -17.8503 2.6
      vertex 28.9032 -19.319 2.6
      vertex 28.6667 -19.4944 2.6
    endloop
  endfacet
  facet normal -0 0 -1
    outer loop
      vertex 29.7716 -15.852 2.6
      vertex 28.0163 -16.579 2.6
      vertex 29.6458 -15.5858 2.6
    endloop
  endfacet
  facet normal 0 0 -1
    outer loop
      vertex 27.6111 -17.9146 2.6
      vertex 28.6667 -19.4944 2.6
      vertex 28.4142 -19.6458 2.6
    endloop
  endfacet
  facet normal 0 0 -1
    outer loop
      vertex 27.9701 -16.4815 2.6
      vertex 29.6458 -15.5858 2.6
      vertex 28.0163 -16.579 2.6
    endloop
  endfacet
  facet normal 0 0 -1
    outer loop
      vertex 27.5185 -17.9701 2.6
      vertex 28.4142 -19.6458 2.6
      vertex 28.148 -19.7716 2.6
    endloop
  endfacet
  facet normal -0 0 -1
    outer loop
      vertex 29.6458 -15.5858 2.6
      vertex 27.9701 -16.4815 2.6
      vertex 29.4944 -15.3333 2.6
    endloop
  endfacet
  facet normal 0 0 -1
    outer loop
      vertex 27.9146 -16.3889 2.6
      vertex 29.4944 -15.3333 2.6
      vertex 27.9701 -16.4815 2.6
    endloop
  endfacet
  facet normal 0 0 -1
    outer loop
      vertex 29.9856 -17.2941 2.6
      vertex 28.0947 -17.1078 2.6
      vertex 28.1 -17 2.6
    endloop
  endfacet
  facet normal 0 0 -1
    outer loop
      vertex 29.9424 -17.5853 2.6
      vertex 28.0789 -17.2146 2.6
      vertex 28.0947 -17.1078 2.6
    endloop
  endfacet
  facet normal 0 0 -1
    outer loop
      vertex 29.8708 -17.8709 2.6
      vertex 28.0526 -17.3193 2.6
      vertex 28.0789 -17.2146 2.6
    endloop
  endfacet
  facet normal 0 0 -1
    outer loop
      vertex 29.7716 -18.148 2.6
      vertex 28.0163 -17.421 2.6
      vertex 28.0526 -17.3193 2.6
    endloop
  endfacet
  facet normal 0 0 -1
    outer loop
      vertex 29.6458 -18.4142 2.6
      vertex 27.9701 -17.5185 2.6
      vertex 28.0163 -17.421 2.6
    endloop
  endfacet
  facet normal 0 0 -1
    outer loop
      vertex 29.4944 -18.6667 2.6
      vertex 27.9146 -17.6111 2.6
      vertex 27.9701 -17.5185 2.6
    endloop
  endfacet
  facet normal 0 0 -1
    outer loop
      vertex 27.421 -18.0163 2.6
      vertex 28.148 -19.7716 2.6
      vertex 27.8709 -19.8708 2.6
    endloop
  endfacet
  facet normal 0 0 -1
    outer loop
      vertex 29.319 -18.9032 2.6
      vertex 27.8503 -17.6978 2.6
      vertex 27.9146 -17.6111 2.6
    endloop
  endfacet
  facet normal 0 0 -1
    outer loop
      vertex 29.1213 -19.1213 2.6
      vertex 27.7778 -17.7778 2.6
      vertex 27.8503 -17.6978 2.6
    endloop
  endfacet
  facet normal 0 0 -1
    outer loop
      vertex 28.9032 -19.319 2.6
      vertex 27.6978 -17.8503 2.6
      vertex 27.7778 -17.7778 2.6
    endloop
  endfacet
  facet normal 0 0 -1
    outer loop
      vertex 28.6667 -19.4944 2.6
      vertex 27.6111 -17.9146 2.6
      vertex 27.6978 -17.8503 2.6
    endloop
  endfacet
  facet normal 0 0 -1
    outer loop
      vertex 27.3193 -18.0526 2.6
      vertex 27.8709 -19.8708 2.6
      vertex 27.5853 -19.9424 2.6
    endloop
  endfacet
  facet normal 0 0 -1
    outer loop
      vertex 28.4142 -19.6458 2.6
      vertex 27.5185 -17.9701 2.6
      vertex 27.6111 -17.9146 2.6
    endloop
  endfacet
  facet normal 0 0 -1
    outer loop
      vertex 28.148 -19.7716 2.6
      vertex 27.421 -18.0163 2.6
      vertex 27.5185 -17.9701 2.6
    endloop
  endfacet
  facet normal 0 0 -1
    outer loop
      vertex 27.8709 -19.8708 2.6
      vertex 27.3193 -18.0526 2.6
      vertex 27.421 -18.0163 2.6
    endloop
  endfacet
  facet normal 0 0 -1
    outer loop
      vertex 27.2146 -18.0789 2.6
      vertex 27.5853 -19.9424 2.6
      vertex 27.2941 -19.9856 2.6
    endloop
  endfacet
  facet normal 0 0 -1
    outer loop
      vertex 27.5853 -19.9424 2.6
      vertex 27.2146 -18.0789 2.6
      vertex 27.3193 -18.0526 2.6
    endloop
  endfacet
  facet normal 0 0 -1
    outer loop
      vertex 27.2941 -19.9856 2.6
      vertex 27.1078 -18.0947 2.6
      vertex 27.2146 -18.0789 2.6
    endloop
  endfacet
  facet normal 0 0 -1
    outer loop
      vertex 27 -20 2.6
      vertex 27.1078 -18.0947 2.6
      vertex 27.2941 -19.9856 2.6
    endloop
  endfacet
  facet normal 0 0 -1
    outer loop
      vertex 27 -20 2.6
      vertex 27 -18.1 2.6
      vertex 27.1078 -18.0947 2.6
    endloop
  endfacet
  facet normal 0 0 -1
    outer loop
      vertex 27 -20 2.6
      vertex 26.8922 -18.0947 2.6
      vertex 27 -18.1 2.6
    endloop
  endfacet
  facet normal 0 0 -1
    outer loop
      vertex 26.7059 -19.9856 2.6
      vertex 26.8922 -18.0947 2.6
      vertex 27 -20 2.6
    endloop
  endfacet
  facet normal -0 0 -1
    outer loop
      vertex 26.8922 -18.0947 2.6
      vertex 26.7059 -19.9856 2.6
      vertex 26.7854 -18.0789 2.6
    endloop
  endfacet
  facet normal 0 0 -1
    outer loop
      vertex 26.4147 -19.9424 2.6
      vertex 26.7854 -18.0789 2.6
      vertex 26.7059 -19.9856 2.6
    endloop
  endfacet
  facet normal -0 0 -1
    outer loop
      vertex 26.7854 -18.0789 2.6
      vertex 26.4147 -19.9424 2.6
      vertex 26.6807 -18.0526 2.6
    endloop
  endfacet
  facet normal 0 0 -1
    outer loop
      vertex 26.1291 -19.8708 2.6
      vertex 26.6807 -18.0526 2.6
      vertex 26.4147 -19.9424 2.6
    endloop
  endfacet
  facet normal -0 0 -1
    outer loop
      vertex 26.6807 -18.0526 2.6
      vertex 26.1291 -19.8708 2.6
      vertex 26.579 -18.0163 2.6
    endloop
  endfacet
  facet normal 0 0 -1
    outer loop
      vertex 25.852 -19.7716 2.6
      vertex 26.579 -18.0163 2.6
      vertex 26.1291 -19.8708 2.6
    endloop
  endfacet
  facet normal -0 0 -1
    outer loop
      vertex 26.579 -18.0163 2.6
      vertex 25.852 -19.7716 2.6
      vertex 26.4815 -17.9701 2.6
    endloop
  endfacet
  facet normal 0 0 -1
    outer loop
      vertex 25.5858 -19.6458 2.6
      vertex 26.4815 -17.9701 2.6
      vertex 25.852 -19.7716 2.6
    endloop
  endfacet
  facet normal -0 0 -1
    outer loop
      vertex 26.4815 -17.9701 2.6
      vertex 25.5858 -19.6458 2.6
      vertex 26.3889 -17.9146 2.6
    endloop
  endfacet
  facet normal 0 0 -1
    outer loop
      vertex 25.3333 -19.4944 2.6
      vertex 26.3889 -17.9146 2.6
      vertex 25.5858 -19.6458 2.6
    endloop
  endfacet
  facet normal -0 0 -1
    outer loop
      vertex 26.3889 -17.9146 2.6
      vertex 25.3333 -19.4944 2.6
      vertex 26.3022 -17.8503 2.6
    endloop
  endfacet
  facet normal 0 0 -1
    outer loop
      vertex 25.0968 -19.319 2.6
      vertex 26.3022 -17.8503 2.6
      vertex 25.3333 -19.4944 2.6
    endloop
  endfacet
  facet normal -0 0 -1
    outer loop
      vertex 26.3022 -17.8503 2.6
      vertex 25.0968 -19.319 2.6
      vertex 26.2222 -17.7778 2.6
    endloop
  endfacet
  facet normal 0 0 -1
    outer loop
      vertex 24.8787 -19.1213 2.6
      vertex 26.2222 -17.7778 2.6
      vertex 25.0968 -19.319 2.6
    endloop
  endfacet
  facet normal -0 0 -1
    outer loop
      vertex 26.2222 -17.7778 2.6
      vertex 24.8787 -19.1213 2.6
      vertex 26.1497 -17.6978 2.6
    endloop
  endfacet
  facet normal 0 0 -1
    outer loop
      vertex 24.681 -18.9032 2.6
      vertex 26.1497 -17.6978 2.6
      vertex 24.8787 -19.1213 2.6
    endloop
  endfacet
  facet normal 0 0 -1
    outer loop
      vertex 24.5056 -18.6667 2.6
      vertex 26.0854 -17.6111 2.6
      vertex 24.681 -18.9032 2.6
    endloop
  endfacet
  facet normal -0 0 -1
    outer loop
      vertex 26.1497 -17.6978 2.6
      vertex 24.681 -18.9032 2.6
      vertex 26.0854 -17.6111 2.6
    endloop
  endfacet
  facet normal -0 0 -1
    outer loop
      vertex 29.4944 -15.3333 2.6
      vertex 27.9146 -16.3889 2.6
      vertex 29.319 -15.0968 2.6
    endloop
  endfacet
  facet normal 0 0 -1
    outer loop
      vertex 27.8503 -16.3022 2.6
      vertex 29.319 -15.0968 2.6
      vertex 27.9146 -16.3889 2.6
    endloop
  endfacet
  facet normal -0 0 -1
    outer loop
      vertex 29.319 -15.0968 2.6
      vertex 27.8503 -16.3022 2.6
      vertex 29.1213 -14.8787 2.6
    endloop
  endfacet
  facet normal 0 0 -1
    outer loop
      vertex 27.7778 -16.2222 2.6
      vertex 29.1213 -14.8787 2.6
      vertex 27.8503 -16.3022 2.6
    endloop
  endfacet
  facet normal -0 0 -1
    outer loop
      vertex 29.1213 -14.8787 2.6
      vertex 27.7778 -16.2222 2.6
      vertex 28.9032 -14.681 2.6
    endloop
  endfacet
  facet normal 0 0 -1
    outer loop
      vertex 27.6978 -16.1497 2.6
      vertex 28.9032 -14.681 2.6
      vertex 27.7778 -16.2222 2.6
    endloop
  endfacet
  facet normal -0 0 -1
    outer loop
      vertex 28.9032 -14.681 2.6
      vertex 27.6978 -16.1497 2.6
      vertex 28.6667 -14.5056 2.6
    endloop
  endfacet
  facet normal 0 0 -1
    outer loop
      vertex 27.6111 -16.0854 2.6
      vertex 28.6667 -14.5056 2.6
      vertex 27.6978 -16.1497 2.6
    endloop
  endfacet
  facet normal -0 0 -1
    outer loop
      vertex 28.6667 -14.5056 2.6
      vertex 27.6111 -16.0854 2.6
      vertex 28.4142 -14.3542 2.6
    endloop
  endfacet
  facet normal 0 0 -1
    outer loop
      vertex 27.5185 -16.0299 2.6
      vertex 28.4142 -14.3542 2.6
      vertex 27.6111 -16.0854 2.6
    endloop
  endfacet
  facet normal -0 0 -1
    outer loop
      vertex 28.4142 -14.3542 2.6
      vertex 27.5185 -16.0299 2.6
      vertex 28.148 -14.2284 2.6
    endloop
  endfacet
  facet normal 0 0 -1
    outer loop
      vertex 27.421 -15.9837 2.6
      vertex 28.148 -14.2284 2.6
      vertex 27.5185 -16.0299 2.6
    endloop
  endfacet
  facet normal -0 0 -1
    outer loop
      vertex 28.148 -14.2284 2.6
      vertex 27.421 -15.9837 2.6
      vertex 27.8709 -14.1292 2.6
    endloop
  endfacet
  facet normal 0 0 -1
    outer loop
      vertex 27.3193 -15.9474 2.6
      vertex 27.8709 -14.1292 2.6
      vertex 27.421 -15.9837 2.6
    endloop
  endfacet
  facet normal -0 0 -1
    outer loop
      vertex 27.8709 -14.1292 2.6
      vertex 27.3193 -15.9474 2.6
      vertex 27.5853 -14.0576 2.6
    endloop
  endfacet
  facet normal 0 0 -1
    outer loop
      vertex 27.2146 -15.9211 2.6
      vertex 27.5853 -14.0576 2.6
      vertex 27.3193 -15.9474 2.6
    endloop
  endfacet
  facet normal -0 0 -1
    outer loop
      vertex 27.5853 -14.0576 2.6
      vertex 27.2146 -15.9211 2.6
      vertex 27.2941 -14.0144 2.6
    endloop
  endfacet
  facet normal 0 0 -1
    outer loop
      vertex 27.1078 -15.9053 2.6
      vertex 27.2941 -14.0144 2.6
      vertex 27.2146 -15.9211 2.6
    endloop
  endfacet
  facet normal 0 0 -1
    outer loop
      vertex 27 -15.9 2.6
      vertex 27.2941 -14.0144 2.6
      vertex 27.1078 -15.9053 2.6
    endloop
  endfacet
  facet normal 0 0 -1
    outer loop
      vertex 27 -15.9 2.6
      vertex 27 -14 2.6
      vertex 27.2941 -14.0144 2.6
    endloop
  endfacet
  facet normal 0 0 -1
    outer loop
      vertex 26.8922 -15.9053 2.6
      vertex 27 -14 2.6
      vertex 27 -15.9 2.6
    endloop
  endfacet
  facet normal 0 0 -1
    outer loop
      vertex 26.7059 -14.0144 2.6
      vertex 26.8922 -15.9053 2.6
      vertex 26.7854 -15.9211 2.6
    endloop
  endfacet
  facet normal 0 0 -1
    outer loop
      vertex 26.8922 -15.9053 2.6
      vertex 26.7059 -14.0144 2.6
      vertex 27 -14 2.6
    endloop
  endfacet
  facet normal 0 0 -1
    outer loop
      vertex 26.4147 -14.0576 2.6
      vertex 26.7854 -15.9211 2.6
      vertex 26.6807 -15.9474 2.6
    endloop
  endfacet
  facet normal 0 0 -1
    outer loop
      vertex 26.1291 -14.1292 2.6
      vertex 26.6807 -15.9474 2.6
      vertex 26.579 -15.9837 2.6
    endloop
  endfacet
  facet normal 0 0 -1
    outer loop
      vertex 25.852 -14.2284 2.6
      vertex 26.579 -15.9837 2.6
      vertex 26.4815 -16.0299 2.6
    endloop
  endfacet
  facet normal 0 0 -1
    outer loop
      vertex 26.7854 -15.9211 2.6
      vertex 26.4147 -14.0576 2.6
      vertex 26.7059 -14.0144 2.6
    endloop
  endfacet
  facet normal 0 0 -1
    outer loop
      vertex 25.5858 -14.3542 2.6
      vertex 26.4815 -16.0299 2.6
      vertex 26.3889 -16.0854 2.6
    endloop
  endfacet
  facet normal 0 0 -1
    outer loop
      vertex 25.3333 -14.5056 2.6
      vertex 26.3889 -16.0854 2.6
      vertex 26.3022 -16.1497 2.6
    endloop
  endfacet
  facet normal 0 0 -1
    outer loop
      vertex 25.0968 -14.681 2.6
      vertex 26.3022 -16.1497 2.6
      vertex 26.2222 -16.2222 2.6
    endloop
  endfacet
  facet normal 0 0 -1
    outer loop
      vertex 24.8787 -14.8787 2.6
      vertex 26.2222 -16.2222 2.6
      vertex 26.1497 -16.3022 2.6
    endloop
  endfacet
  facet normal 0 0 -1
    outer loop
      vertex 26.6807 -15.9474 2.6
      vertex 26.1291 -14.1292 2.6
      vertex 26.4147 -14.0576 2.6
    endloop
  endfacet
  facet normal 0 0 -1
    outer loop
      vertex 24.681 -15.0968 2.6
      vertex 26.1497 -16.3022 2.6
      vertex 26.0854 -16.3889 2.6
    endloop
  endfacet
  facet normal 0 0 -1
    outer loop
      vertex 24.5056 -15.3333 2.6
      vertex 26.0854 -16.3889 2.6
      vertex 26.0299 -16.4815 2.6
    endloop
  endfacet
  facet normal 0 0 -1
    outer loop
      vertex 24.3542 -15.5858 2.6
      vertex 26.0299 -16.4815 2.6
      vertex 25.9837 -16.579 2.6
    endloop
  endfacet
  facet normal 0 0 -1
    outer loop
      vertex 24.2284 -15.852 2.6
      vertex 25.9837 -16.579 2.6
      vertex 25.9474 -16.6807 2.6
    endloop
  endfacet
  facet normal 0 0 -1
    outer loop
      vertex 24.1292 -16.1291 2.6
      vertex 25.9474 -16.6807 2.6
      vertex 25.9211 -16.7854 2.6
    endloop
  endfacet
  facet normal 0 0 -1
    outer loop
      vertex 24.0576 -16.4147 2.6
      vertex 25.9211 -16.7854 2.6
      vertex 25.9053 -16.8922 2.6
    endloop
  endfacet
  facet normal 0 0 -1
    outer loop
      vertex 26.579 -15.9837 2.6
      vertex 25.852 -14.2284 2.6
      vertex 26.1291 -14.1292 2.6
    endloop
  endfacet
  facet normal 0 0 -1
    outer loop
      vertex 24.0144 -16.7059 2.6
      vertex 25.9053 -16.8922 2.6
      vertex 25.9 -17 2.6
    endloop
  endfacet
  facet normal -0 0 -1
    outer loop
      vertex 26.0854 -17.6111 2.6
      vertex 24.5056 -18.6667 2.6
      vertex 26.0299 -17.5185 2.6
    endloop
  endfacet
  facet normal 0 0 -1
    outer loop
      vertex 24.3542 -18.4142 2.6
      vertex 26.0299 -17.5185 2.6
      vertex 24.5056 -18.6667 2.6
    endloop
  endfacet
  facet normal 0 0 -1
    outer loop
      vertex 26.4815 -16.0299 2.6
      vertex 25.5858 -14.3542 2.6
      vertex 25.852 -14.2284 2.6
    endloop
  endfacet
  facet normal -0 0 -1
    outer loop
      vertex 26.0299 -17.5185 2.6
      vertex 24.3542 -18.4142 2.6
      vertex 25.9837 -17.421 2.6
    endloop
  endfacet
  facet normal 0 0 -1
    outer loop
      vertex 26.3889 -16.0854 2.6
      vertex 25.3333 -14.5056 2.6
      vertex 25.5858 -14.3542 2.6
    endloop
  endfacet
  facet normal 0 0 -1
    outer loop
      vertex 24.2284 -18.148 2.6
      vertex 25.9837 -17.421 2.6
      vertex 24.3542 -18.4142 2.6
    endloop
  endfacet
  facet normal 0 0 -1
    outer loop
      vertex 26.3022 -16.1497 2.6
      vertex 25.0968 -14.681 2.6
      vertex 25.3333 -14.5056 2.6
    endloop
  endfacet
  facet normal -0 0 -1
    outer loop
      vertex 25.9837 -17.421 2.6
      vertex 24.2284 -18.148 2.6
      vertex 25.9474 -17.3193 2.6
    endloop
  endfacet
  facet normal 0 0 -1
    outer loop
      vertex 26.2222 -16.2222 2.6
      vertex 24.8787 -14.8787 2.6
      vertex 25.0968 -14.681 2.6
    endloop
  endfacet
  facet normal 0 0 -1
    outer loop
      vertex 24.1292 -17.8709 2.6
      vertex 25.9474 -17.3193 2.6
      vertex 24.2284 -18.148 2.6
    endloop
  endfacet
  facet normal 0 0 -1
    outer loop
      vertex 26.1497 -16.3022 2.6
      vertex 24.681 -15.0968 2.6
      vertex 24.8787 -14.8787 2.6
    endloop
  endfacet
  facet normal -0 0 -1
    outer loop
      vertex 25.9474 -17.3193 2.6
      vertex 24.1292 -17.8709 2.6
      vertex 25.9211 -17.2146 2.6
    endloop
  endfacet
  facet normal 0 0 -1
    outer loop
      vertex 26.0854 -16.3889 2.6
      vertex 24.5056 -15.3333 2.6
      vertex 24.681 -15.0968 2.6
    endloop
  endfacet
  facet normal 0 0 -1
    outer loop
      vertex 24.0576 -17.5853 2.6
      vertex 25.9211 -17.2146 2.6
      vertex 24.1292 -17.8709 2.6
    endloop
  endfacet
  facet normal 0 0 -1
    outer loop
      vertex 26.0299 -16.4815 2.6
      vertex 24.3542 -15.5858 2.6
      vertex 24.5056 -15.3333 2.6
    endloop
  endfacet
  facet normal -0 0 -1
    outer loop
      vertex 25.9211 -17.2146 2.6
      vertex 24.0576 -17.5853 2.6
      vertex 25.9053 -17.1078 2.6
    endloop
  endfacet
  facet normal 0 0 -1
    outer loop
      vertex 25.9837 -16.579 2.6
      vertex 24.2284 -15.852 2.6
      vertex 24.3542 -15.5858 2.6
    endloop
  endfacet
  facet normal 0 0 -1
    outer loop
      vertex 24.0144 -17.2941 2.6
      vertex 25.9053 -17.1078 2.6
      vertex 24.0576 -17.5853 2.6
    endloop
  endfacet
  facet normal 0 0 -1
    outer loop
      vertex 25.9474 -16.6807 2.6
      vertex 24.1292 -16.1291 2.6
      vertex 24.2284 -15.852 2.6
    endloop
  endfacet
  facet normal -0 0 -1
    outer loop
      vertex 25.9053 -17.1078 2.6
      vertex 24.0144 -17.2941 2.6
      vertex 25.9 -17 2.6
    endloop
  endfacet
  facet normal 0 0 -1
    outer loop
      vertex 25.9211 -16.7854 2.6
      vertex 24.0576 -16.4147 2.6
      vertex 24.1292 -16.1291 2.6
    endloop
  endfacet
  facet normal 0 0 -1
    outer loop
      vertex 24 -17 2.6
      vertex 25.9 -17 2.6
      vertex 24.0144 -17.2941 2.6
    endloop
  endfacet
  facet normal 0 0 -1
    outer loop
      vertex 25.9053 -16.8922 2.6
      vertex 24.0144 -16.7059 2.6
      vertex 24.0576 -16.4147 2.6
    endloop
  endfacet
  facet normal 0 0 -1
    outer loop
      vertex 25.9 -17 2.6
      vertex 24 -17 2.6
      vertex 24.0144 -16.7059 2.6
    endloop
  endfacet
  facet normal -0.671607 -0.740908 0
    outer loop
      vertex 24.8787 -19.1213 2.6
      vertex 25.0968 -19.319 28
      vertex 24.8787 -19.1213 28
    endloop
  endfacet
  facet normal -0.671607 -0.740908 -0
    outer loop
      vertex 25.0968 -19.319 28
      vertex 24.8787 -19.1213 2.6
      vertex 25.0968 -19.319 2.6
    endloop
  endfacet
  facet normal -0.803208 0.595699 0
    outer loop
      vertex 24.5056 -15.3333 2.6
      vertex 24.681 -15.0968 28
      vertex 24.681 -15.0968 2.6
    endloop
  endfacet
  facet normal -0.803208 0.595699 0
    outer loop
      vertex 24.681 -15.0968 28
      vertex 24.5056 -15.3333 2.6
      vertex 24.5056 -15.3333 28
    endloop
  endfacet
  facet normal -0.0489044 -0.998803 0
    outer loop
      vertex 26.7059 -19.9856 2.6
      vertex 27 -20 28
      vertex 26.7059 -19.9856 28
    endloop
  endfacet
  facet normal -0.0489044 -0.998803 -0
    outer loop
      vertex 27 -20 28
      vertex 26.7059 -19.9856 2.6
      vertex 27 -20 2.6
    endloop
  endfacet
  facet normal -0.146746 -0.989174 0
    outer loop
      vertex 26.4147 -19.9424 2.6
      vertex 26.7059 -19.9856 28
      vertex 26.4147 -19.9424 28
    endloop
  endfacet
  facet normal -0.146746 -0.989174 -0
    outer loop
      vertex 26.7059 -19.9856 28
      vertex 26.4147 -19.9424 2.6
      vertex 26.7059 -19.9856 2.6
    endloop
  endfacet
  facet normal -0.989174 0.146746 0
    outer loop
      vertex 24.0144 -16.7059 2.6
      vertex 24.0576 -16.4147 28
      vertex 24.0576 -16.4147 2.6
    endloop
  endfacet
  facet normal -0.989174 0.146746 0
    outer loop
      vertex 24.0576 -16.4147 28
      vertex 24.0144 -16.7059 2.6
      vertex 24.0144 -16.7059 28
    endloop
  endfacet
  facet normal -0.998803 0.0489044 0
    outer loop
      vertex 24 -17 2.6
      vertex 24.0144 -16.7059 28
      vertex 24.0144 -16.7059 2.6
    endloop
  endfacet
  facet normal -0.998803 0.0489044 0
    outer loop
      vertex 24.0144 -16.7059 28
      vertex 24 -17 2.6
      vertex 24 -17 28
    endloop
  endfacet
  facet normal -0.337047 -0.941488 0
    outer loop
      vertex 25.852 -19.7716 2.6
      vertex 26.1291 -19.8708 28
      vertex 25.852 -19.7716 28
    endloop
  endfacet
  facet normal -0.337047 -0.941488 -0
    outer loop
      vertex 26.1291 -19.8708 28
      vertex 25.852 -19.7716 2.6
      vertex 26.1291 -19.8708 2.6
    endloop
  endfacet
  facet normal 0.671607 -0.740908 0
    outer loop
      vertex 28.9032 -19.319 2.6
      vertex 29.1213 -19.1213 28
      vertex 28.9032 -19.319 28
    endloop
  endfacet
  facet normal 0.671607 -0.740908 0
    outer loop
      vertex 29.1213 -19.1213 28
      vertex 28.9032 -19.319 2.6
      vertex 29.1213 -19.1213 2.6
    endloop
  endfacet
  facet normal 0 0 1
    outer loop
      vertex 28.1 -17 28
      vertex 30 -17 28
      vertex 29.9856 -16.7059 28
    endloop
  endfacet
  facet normal 0 0 1
    outer loop
      vertex 28.0947 -16.8922 28
      vertex 29.9856 -16.7059 28
      vertex 29.9424 -16.4147 28
    endloop
  endfacet
  facet normal 0 0 1
    outer loop
      vertex 30 -17 28
      vertex 28.1 -17 28
      vertex 29.9856 -17.2941 28
    endloop
  endfacet
  facet normal 0 0 1
    outer loop
      vertex 28.0789 -16.7854 28
      vertex 29.9424 -16.4147 28
      vertex 29.8708 -16.1291 28
    endloop
  endfacet
  facet normal -0 0 1
    outer loop
      vertex 28.0947 -17.1078 28
      vertex 29.9856 -17.2941 28
      vertex 28.1 -17 28
    endloop
  endfacet
  facet normal 0 0 1
    outer loop
      vertex 28.0526 -16.6807 28
      vertex 29.8708 -16.1291 28
      vertex 29.7716 -15.852 28
    endloop
  endfacet
  facet normal 0 0 1
    outer loop
      vertex 29.9856 -17.2941 28
      vertex 28.0947 -17.1078 28
      vertex 29.9424 -17.5853 28
    endloop
  endfacet
  facet normal 0 0 1
    outer loop
      vertex 28.0163 -16.579 28
      vertex 29.7716 -15.852 28
      vertex 29.6458 -15.5858 28
    endloop
  endfacet
  facet normal -0 0 1
    outer loop
      vertex 28.0789 -17.2146 28
      vertex 29.9424 -17.5853 28
      vertex 28.0947 -17.1078 28
    endloop
  endfacet
  facet normal 0 0 1
    outer loop
      vertex 27.9701 -16.4815 28
      vertex 29.6458 -15.5858 28
      vertex 29.4944 -15.3333 28
    endloop
  endfacet
  facet normal 0 0 1
    outer loop
      vertex 29.9424 -17.5853 28
      vertex 28.0789 -17.2146 28
      vertex 29.8708 -17.8709 28
    endloop
  endfacet
  facet normal 0 0 1
    outer loop
      vertex 27.9146 -16.3889 28
      vertex 29.4944 -15.3333 28
      vertex 29.319 -15.0968 28
    endloop
  endfacet
  facet normal -0 0 1
    outer loop
      vertex 28.0526 -17.3193 28
      vertex 29.8708 -17.8709 28
      vertex 28.0789 -17.2146 28
    endloop
  endfacet
  facet normal 0 0 1
    outer loop
      vertex 27.8503 -16.3022 28
      vertex 29.319 -15.0968 28
      vertex 29.1213 -14.8787 28
    endloop
  endfacet
  facet normal 0 0 1
    outer loop
      vertex 29.8708 -17.8709 28
      vertex 28.0526 -17.3193 28
      vertex 29.7716 -18.148 28
    endloop
  endfacet
  facet normal 0 0 1
    outer loop
      vertex 27.7778 -16.2222 28
      vertex 29.1213 -14.8787 28
      vertex 28.9032 -14.681 28
    endloop
  endfacet
  facet normal -0 0 1
    outer loop
      vertex 28.0163 -17.421 28
      vertex 29.7716 -18.148 28
      vertex 28.0526 -17.3193 28
    endloop
  endfacet
  facet normal 0 0 1
    outer loop
      vertex 27.6978 -16.1497 28
      vertex 28.9032 -14.681 28
      vertex 28.6667 -14.5056 28
    endloop
  endfacet
  facet normal 0 0 1
    outer loop
      vertex 29.7716 -18.148 28
      vertex 28.0163 -17.421 28
      vertex 29.6458 -18.4142 28
    endloop
  endfacet
  facet normal 0 0 1
    outer loop
      vertex 27.6111 -16.0854 28
      vertex 28.6667 -14.5056 28
      vertex 28.4142 -14.3542 28
    endloop
  endfacet
  facet normal -0 0 1
    outer loop
      vertex 27.9701 -17.5185 28
      vertex 29.6458 -18.4142 28
      vertex 28.0163 -17.421 28
    endloop
  endfacet
  facet normal 0 0 1
    outer loop
      vertex 27.5185 -16.0299 28
      vertex 28.4142 -14.3542 28
      vertex 28.148 -14.2284 28
    endloop
  endfacet
  facet normal 0 0 1
    outer loop
      vertex 29.6458 -18.4142 28
      vertex 27.9701 -17.5185 28
      vertex 29.4944 -18.6667 28
    endloop
  endfacet
  facet normal -0 0 1
    outer loop
      vertex 27.9146 -17.6111 28
      vertex 29.4944 -18.6667 28
      vertex 27.9701 -17.5185 28
    endloop
  endfacet
  facet normal 0 0 1
    outer loop
      vertex 29.9856 -16.7059 28
      vertex 28.0947 -16.8922 28
      vertex 28.1 -17 28
    endloop
  endfacet
  facet normal 0 0 1
    outer loop
      vertex 29.9424 -16.4147 28
      vertex 28.0789 -16.7854 28
      vertex 28.0947 -16.8922 28
    endloop
  endfacet
  facet normal 0 0 1
    outer loop
      vertex 29.8708 -16.1291 28
      vertex 28.0526 -16.6807 28
      vertex 28.0789 -16.7854 28
    endloop
  endfacet
  facet normal 0 0 1
    outer loop
      vertex 29.7716 -15.852 28
      vertex 28.0163 -16.579 28
      vertex 28.0526 -16.6807 28
    endloop
  endfacet
  facet normal 0 0 1
    outer loop
      vertex 29.6458 -15.5858 28
      vertex 27.9701 -16.4815 28
      vertex 28.0163 -16.579 28
    endloop
  endfacet
  facet normal 0 0 1
    outer loop
      vertex 29.4944 -15.3333 28
      vertex 27.9146 -16.3889 28
      vertex 27.9701 -16.4815 28
    endloop
  endfacet
  facet normal 0 0 1
    outer loop
      vertex 27.421 -15.9837 28
      vertex 28.148 -14.2284 28
      vertex 27.8709 -14.1292 28
    endloop
  endfacet
  facet normal 0 0 1
    outer loop
      vertex 29.319 -15.0968 28
      vertex 27.8503 -16.3022 28
      vertex 27.9146 -16.3889 28
    endloop
  endfacet
  facet normal 0 0 1
    outer loop
      vertex 29.1213 -14.8787 28
      vertex 27.7778 -16.2222 28
      vertex 27.8503 -16.3022 28
    endloop
  endfacet
  facet normal 0 0 1
    outer loop
      vertex 28.9032 -14.681 28
      vertex 27.6978 -16.1497 28
      vertex 27.7778 -16.2222 28
    endloop
  endfacet
  facet normal 0 0 1
    outer loop
      vertex 28.6667 -14.5056 28
      vertex 27.6111 -16.0854 28
      vertex 27.6978 -16.1497 28
    endloop
  endfacet
  facet normal 0 0 1
    outer loop
      vertex 27.3193 -15.9474 28
      vertex 27.8709 -14.1292 28
      vertex 27.5853 -14.0576 28
    endloop
  endfacet
  facet normal 0 0 1
    outer loop
      vertex 28.4142 -14.3542 28
      vertex 27.5185 -16.0299 28
      vertex 27.6111 -16.0854 28
    endloop
  endfacet
  facet normal 0 0 1
    outer loop
      vertex 28.148 -14.2284 28
      vertex 27.421 -15.9837 28
      vertex 27.5185 -16.0299 28
    endloop
  endfacet
  facet normal 0 0 1
    outer loop
      vertex 27.8709 -14.1292 28
      vertex 27.3193 -15.9474 28
      vertex 27.421 -15.9837 28
    endloop
  endfacet
  facet normal 0 0 1
    outer loop
      vertex 27.2146 -15.9211 28
      vertex 27.5853 -14.0576 28
      vertex 27.2941 -14.0144 28
    endloop
  endfacet
  facet normal 0 0 1
    outer loop
      vertex 27.5853 -14.0576 28
      vertex 27.2146 -15.9211 28
      vertex 27.3193 -15.9474 28
    endloop
  endfacet
  facet normal 0 0 1
    outer loop
      vertex 27.2941 -14.0144 28
      vertex 27.1078 -15.9053 28
      vertex 27.2146 -15.9211 28
    endloop
  endfacet
  facet normal 0 0 1
    outer loop
      vertex 27 -14 28
      vertex 27.1078 -15.9053 28
      vertex 27.2941 -14.0144 28
    endloop
  endfacet
  facet normal 0 0 1
    outer loop
      vertex 27 -14 28
      vertex 27 -15.9 28
      vertex 27.1078 -15.9053 28
    endloop
  endfacet
  facet normal 0 0 1
    outer loop
      vertex 27 -14 28
      vertex 26.8922 -15.9053 28
      vertex 27 -15.9 28
    endloop
  endfacet
  facet normal -0 0 1
    outer loop
      vertex 26.7059 -14.0144 28
      vertex 26.8922 -15.9053 28
      vertex 27 -14 28
    endloop
  endfacet
  facet normal 0 0 1
    outer loop
      vertex 26.8922 -15.9053 28
      vertex 26.7059 -14.0144 28
      vertex 26.7854 -15.9211 28
    endloop
  endfacet
  facet normal -0 0 1
    outer loop
      vertex 26.4147 -14.0576 28
      vertex 26.7854 -15.9211 28
      vertex 26.7059 -14.0144 28
    endloop
  endfacet
  facet normal 0 0 1
    outer loop
      vertex 26.7854 -15.9211 28
      vertex 26.4147 -14.0576 28
      vertex 26.6807 -15.9474 28
    endloop
  endfacet
  facet normal -0 0 1
    outer loop
      vertex 26.1291 -14.1292 28
      vertex 26.6807 -15.9474 28
      vertex 26.4147 -14.0576 28
    endloop
  endfacet
  facet normal 0 0 1
    outer loop
      vertex 26.6807 -15.9474 28
      vertex 26.1291 -14.1292 28
      vertex 26.579 -15.9837 28
    endloop
  endfacet
  facet normal -0 0 1
    outer loop
      vertex 25.852 -14.2284 28
      vertex 26.579 -15.9837 28
      vertex 26.1291 -14.1292 28
    endloop
  endfacet
  facet normal 0 0 1
    outer loop
      vertex 26.579 -15.9837 28
      vertex 25.852 -14.2284 28
      vertex 26.4815 -16.0299 28
    endloop
  endfacet
  facet normal -0 0 1
    outer loop
      vertex 25.5858 -14.3542 28
      vertex 26.4815 -16.0299 28
      vertex 25.852 -14.2284 28
    endloop
  endfacet
  facet normal 0 0 1
    outer loop
      vertex 26.4815 -16.0299 28
      vertex 25.5858 -14.3542 28
      vertex 26.3889 -16.0854 28
    endloop
  endfacet
  facet normal -0 0 1
    outer loop
      vertex 25.3333 -14.5056 28
      vertex 26.3889 -16.0854 28
      vertex 25.5858 -14.3542 28
    endloop
  endfacet
  facet normal 0 0 1
    outer loop
      vertex 26.3889 -16.0854 28
      vertex 25.3333 -14.5056 28
      vertex 26.3022 -16.1497 28
    endloop
  endfacet
  facet normal -0 0 1
    outer loop
      vertex 25.0968 -14.681 28
      vertex 26.3022 -16.1497 28
      vertex 25.3333 -14.5056 28
    endloop
  endfacet
  facet normal 0 0 1
    outer loop
      vertex 26.3022 -16.1497 28
      vertex 25.0968 -14.681 28
      vertex 26.2222 -16.2222 28
    endloop
  endfacet
  facet normal -0 0 1
    outer loop
      vertex 24.8787 -14.8787 28
      vertex 26.2222 -16.2222 28
      vertex 25.0968 -14.681 28
    endloop
  endfacet
  facet normal 0 0 1
    outer loop
      vertex 26.2222 -16.2222 28
      vertex 24.8787 -14.8787 28
      vertex 26.1497 -16.3022 28
    endloop
  endfacet
  facet normal -0 0 1
    outer loop
      vertex 24.681 -15.0968 28
      vertex 26.1497 -16.3022 28
      vertex 24.8787 -14.8787 28
    endloop
  endfacet
  facet normal -0 0 1
    outer loop
      vertex 24.5056 -15.3333 28
      vertex 26.0854 -16.3889 28
      vertex 24.681 -15.0968 28
    endloop
  endfacet
  facet normal 0 0 1
    outer loop
      vertex 26.1497 -16.3022 28
      vertex 24.681 -15.0968 28
      vertex 26.0854 -16.3889 28
    endloop
  endfacet
  facet normal 0 0 1
    outer loop
      vertex 29.4944 -18.6667 28
      vertex 27.9146 -17.6111 28
      vertex 29.319 -18.9032 28
    endloop
  endfacet
  facet normal -0 0 1
    outer loop
      vertex 27.8503 -17.6978 28
      vertex 29.319 -18.9032 28
      vertex 27.9146 -17.6111 28
    endloop
  endfacet
  facet normal 0 0 1
    outer loop
      vertex 29.319 -18.9032 28
      vertex 27.8503 -17.6978 28
      vertex 29.1213 -19.1213 28
    endloop
  endfacet
  facet normal -0 0 1
    outer loop
      vertex 27.7778 -17.7778 28
      vertex 29.1213 -19.1213 28
      vertex 27.8503 -17.6978 28
    endloop
  endfacet
  facet normal 0 0 1
    outer loop
      vertex 29.1213 -19.1213 28
      vertex 27.7778 -17.7778 28
      vertex 28.9032 -19.319 28
    endloop
  endfacet
  facet normal -0 0 1
    outer loop
      vertex 27.6978 -17.8503 28
      vertex 28.9032 -19.319 28
      vertex 27.7778 -17.7778 28
    endloop
  endfacet
  facet normal 0 0 1
    outer loop
      vertex 28.9032 -19.319 28
      vertex 27.6978 -17.8503 28
      vertex 28.6667 -19.4944 28
    endloop
  endfacet
  facet normal -0 0 1
    outer loop
      vertex 27.6111 -17.9146 28
      vertex 28.6667 -19.4944 28
      vertex 27.6978 -17.8503 28
    endloop
  endfacet
  facet normal 0 0 1
    outer loop
      vertex 28.6667 -19.4944 28
      vertex 27.6111 -17.9146 28
      vertex 28.4142 -19.6458 28
    endloop
  endfacet
  facet normal -0 0 1
    outer loop
      vertex 27.5185 -17.9701 28
      vertex 28.4142 -19.6458 28
      vertex 27.6111 -17.9146 28
    endloop
  endfacet
  facet normal 0 0 1
    outer loop
      vertex 28.4142 -19.6458 28
      vertex 27.5185 -17.9701 28
      vertex 28.148 -19.7716 28
    endloop
  endfacet
  facet normal -0 0 1
    outer loop
      vertex 27.421 -18.0163 28
      vertex 28.148 -19.7716 28
      vertex 27.5185 -17.9701 28
    endloop
  endfacet
  facet normal 0 0 1
    outer loop
      vertex 28.148 -19.7716 28
      vertex 27.421 -18.0163 28
      vertex 27.8709 -19.8708 28
    endloop
  endfacet
  facet normal -0 0 1
    outer loop
      vertex 27.3193 -18.0526 28
      vertex 27.8709 -19.8708 28
      vertex 27.421 -18.0163 28
    endloop
  endfacet
  facet normal 0 0 1
    outer loop
      vertex 27.8709 -19.8708 28
      vertex 27.3193 -18.0526 28
      vertex 27.5853 -19.9424 28
    endloop
  endfacet
  facet normal -0 0 1
    outer loop
      vertex 27.2146 -18.0789 28
      vertex 27.5853 -19.9424 28
      vertex 27.3193 -18.0526 28
    endloop
  endfacet
  facet normal 0 0 1
    outer loop
      vertex 27.5853 -19.9424 28
      vertex 27.2146 -18.0789 28
      vertex 27.2941 -19.9856 28
    endloop
  endfacet
  facet normal -0 0 1
    outer loop
      vertex 27.1078 -18.0947 28
      vertex 27.2941 -19.9856 28
      vertex 27.2146 -18.0789 28
    endloop
  endfacet
  facet normal -0 0 1
    outer loop
      vertex 27 -18.1 28
      vertex 27.2941 -19.9856 28
      vertex 27.1078 -18.0947 28
    endloop
  endfacet
  facet normal 0 0 1
    outer loop
      vertex 27 -18.1 28
      vertex 27 -20 28
      vertex 27.2941 -19.9856 28
    endloop
  endfacet
  facet normal 0 0 1
    outer loop
      vertex 26.8922 -18.0947 28
      vertex 27 -20 28
      vertex 27 -18.1 28
    endloop
  endfacet
  facet normal 0 0 1
    outer loop
      vertex 26.7059 -19.9856 28
      vertex 26.8922 -18.0947 28
      vertex 26.7854 -18.0789 28
    endloop
  endfacet
  facet normal 0 0 1
    outer loop
      vertex 26.8922 -18.0947 28
      vertex 26.7059 -19.9856 28
      vertex 27 -20 28
    endloop
  endfacet
  facet normal 0 0 1
    outer loop
      vertex 26.4147 -19.9424 28
      vertex 26.7854 -18.0789 28
      vertex 26.6807 -18.0526 28
    endloop
  endfacet
  facet normal 0 0 1
    outer loop
      vertex 26.1291 -19.8708 28
      vertex 26.6807 -18.0526 28
      vertex 26.579 -18.0163 28
    endloop
  endfacet
  facet normal 0 0 1
    outer loop
      vertex 25.852 -19.7716 28
      vertex 26.579 -18.0163 28
      vertex 26.4815 -17.9701 28
    endloop
  endfacet
  facet normal 0 0 1
    outer loop
      vertex 26.7854 -18.0789 28
      vertex 26.4147 -19.9424 28
      vertex 26.7059 -19.9856 28
    endloop
  endfacet
  facet normal 0 0 1
    outer loop
      vertex 25.5858 -19.6458 28
      vertex 26.4815 -17.9701 28
      vertex 26.3889 -17.9146 28
    endloop
  endfacet
  facet normal 0 0 1
    outer loop
      vertex 25.3333 -19.4944 28
      vertex 26.3889 -17.9146 28
      vertex 26.3022 -17.8503 28
    endloop
  endfacet
  facet normal 0 0 1
    outer loop
      vertex 25.0968 -19.319 28
      vertex 26.3022 -17.8503 28
      vertex 26.2222 -17.7778 28
    endloop
  endfacet
  facet normal 0 0 1
    outer loop
      vertex 24.8787 -19.1213 28
      vertex 26.2222 -17.7778 28
      vertex 26.1497 -17.6978 28
    endloop
  endfacet
  facet normal 0 0 1
    outer loop
      vertex 26.6807 -18.0526 28
      vertex 26.1291 -19.8708 28
      vertex 26.4147 -19.9424 28
    endloop
  endfacet
  facet normal 0 0 1
    outer loop
      vertex 24.681 -18.9032 28
      vertex 26.1497 -17.6978 28
      vertex 26.0854 -17.6111 28
    endloop
  endfacet
  facet normal 0 0 1
    outer loop
      vertex 24.5056 -18.6667 28
      vertex 26.0854 -17.6111 28
      vertex 26.0299 -17.5185 28
    endloop
  endfacet
  facet normal 0 0 1
    outer loop
      vertex 24.3542 -18.4142 28
      vertex 26.0299 -17.5185 28
      vertex 25.9837 -17.421 28
    endloop
  endfacet
  facet normal 0 0 1
    outer loop
      vertex 24.2284 -18.148 28
      vertex 25.9837 -17.421 28
      vertex 25.9474 -17.3193 28
    endloop
  endfacet
  facet normal 0 0 1
    outer loop
      vertex 24.1292 -17.8709 28
      vertex 25.9474 -17.3193 28
      vertex 25.9211 -17.2146 28
    endloop
  endfacet
  facet normal 0 0 1
    outer loop
      vertex 24.0576 -17.5853 28
      vertex 25.9211 -17.2146 28
      vertex 25.9053 -17.1078 28
    endloop
  endfacet
  facet normal 0 0 1
    outer loop
      vertex 26.579 -18.0163 28
      vertex 25.852 -19.7716 28
      vertex 26.1291 -19.8708 28
    endloop
  endfacet
  facet normal 0 0 1
    outer loop
      vertex 24.0144 -17.2941 28
      vertex 25.9053 -17.1078 28
      vertex 25.9 -17 28
    endloop
  endfacet
  facet normal 0 0 1
    outer loop
      vertex 26.0854 -16.3889 28
      vertex 24.5056 -15.3333 28
      vertex 26.0299 -16.4815 28
    endloop
  endfacet
  facet normal -0 0 1
    outer loop
      vertex 24.3542 -15.5858 28
      vertex 26.0299 -16.4815 28
      vertex 24.5056 -15.3333 28
    endloop
  endfacet
  facet normal 0 0 1
    outer loop
      vertex 26.4815 -17.9701 28
      vertex 25.5858 -19.6458 28
      vertex 25.852 -19.7716 28
    endloop
  endfacet
  facet normal 0 0 1
    outer loop
      vertex 26.0299 -16.4815 28
      vertex 24.3542 -15.5858 28
      vertex 25.9837 -16.579 28
    endloop
  endfacet
  facet normal 0 0 1
    outer loop
      vertex 26.3889 -17.9146 28
      vertex 25.3333 -19.4944 28
      vertex 25.5858 -19.6458 28
    endloop
  endfacet
  facet normal -0 0 1
    outer loop
      vertex 24.2284 -15.852 28
      vertex 25.9837 -16.579 28
      vertex 24.3542 -15.5858 28
    endloop
  endfacet
  facet normal 0 0 1
    outer loop
      vertex 26.3022 -17.8503 28
      vertex 25.0968 -19.319 28
      vertex 25.3333 -19.4944 28
    endloop
  endfacet
  facet normal 0 0 1
    outer loop
      vertex 25.9837 -16.579 28
      vertex 24.2284 -15.852 28
      vertex 25.9474 -16.6807 28
    endloop
  endfacet
  facet normal 0 0 1
    outer loop
      vertex 26.2222 -17.7778 28
      vertex 24.8787 -19.1213 28
      vertex 25.0968 -19.319 28
    endloop
  endfacet
  facet normal -0 0 1
    outer loop
      vertex 24.1292 -16.1291 28
      vertex 25.9474 -16.6807 28
      vertex 24.2284 -15.852 28
    endloop
  endfacet
  facet normal 0 0 1
    outer loop
      vertex 26.1497 -17.6978 28
      vertex 24.681 -18.9032 28
      vertex 24.8787 -19.1213 28
    endloop
  endfacet
  facet normal 0 0 1
    outer loop
      vertex 25.9474 -16.6807 28
      vertex 24.1292 -16.1291 28
      vertex 25.9211 -16.7854 28
    endloop
  endfacet
  facet normal 0 0 1
    outer loop
      vertex 26.0854 -17.6111 28
      vertex 24.5056 -18.6667 28
      vertex 24.681 -18.9032 28
    endloop
  endfacet
  facet normal -0 0 1
    outer loop
      vertex 24.0576 -16.4147 28
      vertex 25.9211 -16.7854 28
      vertex 24.1292 -16.1291 28
    endloop
  endfacet
  facet normal 0 0 1
    outer loop
      vertex 26.0299 -17.5185 28
      vertex 24.3542 -18.4142 28
      vertex 24.5056 -18.6667 28
    endloop
  endfacet
  facet normal 0 0 1
    outer loop
      vertex 25.9211 -16.7854 28
      vertex 24.0576 -16.4147 28
      vertex 25.9053 -16.8922 28
    endloop
  endfacet
  facet normal 0 0 1
    outer loop
      vertex 25.9837 -17.421 28
      vertex 24.2284 -18.148 28
      vertex 24.3542 -18.4142 28
    endloop
  endfacet
  facet normal -0 0 1
    outer loop
      vertex 24.0144 -16.7059 28
      vertex 25.9053 -16.8922 28
      vertex 24.0576 -16.4147 28
    endloop
  endfacet
  facet normal 0 0 1
    outer loop
      vertex 25.9474 -17.3193 28
      vertex 24.1292 -17.8709 28
      vertex 24.2284 -18.148 28
    endloop
  endfacet
  facet normal 0 0 1
    outer loop
      vertex 25.9053 -16.8922 28
      vertex 24.0144 -16.7059 28
      vertex 25.9 -17 28
    endloop
  endfacet
  facet normal 0 0 1
    outer loop
      vertex 25.9211 -17.2146 28
      vertex 24.0576 -17.5853 28
      vertex 24.1292 -17.8709 28
    endloop
  endfacet
  facet normal 0 0 1
    outer loop
      vertex 24 -17 28
      vertex 25.9 -17 28
      vertex 24.0144 -16.7059 28
    endloop
  endfacet
  facet normal 0 0 1
    outer loop
      vertex 25.9053 -17.1078 28
      vertex 24.0144 -17.2941 28
      vertex 24.0576 -17.5853 28
    endloop
  endfacet
  facet normal 0 0 1
    outer loop
      vertex 25.9 -17 28
      vertex 24 -17 28
      vertex 24.0144 -17.2941 28
    endloop
  endfacet
  facet normal -0.989233 -0.146347 0
    outer loop
      vertex 28.0947 -16.8922 2.6
      vertex 28.0789 -16.7854 28
      vertex 28.0789 -16.7854 2.6
    endloop
  endfacet
  facet normal -0.989233 -0.146347 0
    outer loop
      vertex 28.0789 -16.7854 28
      vertex 28.0947 -16.8922 2.6
      vertex 28.0947 -16.8922 28
    endloop
  endfacet
  facet normal -0.998794 -0.0491058 0
    outer loop
      vertex 28.1 -17 2.6
      vertex 28.0947 -16.8922 28
      vertex 28.0947 -16.8922 2.6
    endloop
  endfacet
  facet normal -0.998794 -0.0491058 0
    outer loop
      vertex 28.0947 -16.8922 28
      vertex 28.1 -17 2.6
      vertex 28.1 -17 28
    endloop
  endfacet
  facet normal -0.969869 -0.243625 0
    outer loop
      vertex 28.0789 -16.7854 2.6
      vertex 28.0526 -16.6807 28
      vertex 28.0526 -16.6807 2.6
    endloop
  endfacet
  facet normal -0.969869 -0.243625 0
    outer loop
      vertex 28.0526 -16.6807 28
      vertex 28.0789 -16.7854 2.6
      vertex 28.0789 -16.7854 28
    endloop
  endfacet
  facet normal 0.428206 -0.903681 0
    outer loop
      vertex 26.4815 -16.0299 2.6
      vertex 26.579 -15.9837 28
      vertex 26.4815 -16.0299 28
    endloop
  endfacet
  facet normal 0.428206 -0.903681 0
    outer loop
      vertex 26.579 -15.9837 28
      vertex 26.4815 -16.0299 2.6
      vertex 26.579 -15.9837 2.6
    endloop
  endfacet
  facet normal -0.33616 -0.941805 0
    outer loop
      vertex 27.3193 -15.9474 2.6
      vertex 27.421 -15.9837 28
      vertex 27.3193 -15.9474 28
    endloop
  endfacet
  facet normal -0.33616 -0.941805 -0
    outer loop
      vertex 27.421 -15.9837 28
      vertex 27.3193 -15.9474 2.6
      vertex 27.421 -15.9837 2.6
    endloop
  endfacet
  facet normal -0.146347 -0.989233 0
    outer loop
      vertex 27.1078 -15.9053 2.6
      vertex 27.2146 -15.9211 28
      vertex 27.1078 -15.9053 28
    endloop
  endfacet
  facet normal -0.146347 -0.989233 -0
    outer loop
      vertex 27.2146 -15.9211 28
      vertex 27.1078 -15.9053 2.6
      vertex 27.2146 -15.9211 2.6
    endloop
  endfacet
  facet normal -0.998794 0.0491058 0
    outer loop
      vertex 28.0947 -17.1078 2.6
      vertex 28.1 -17 28
      vertex 28.1 -17 2.6
    endloop
  endfacet
  facet normal -0.998794 0.0491058 0
    outer loop
      vertex 28.1 -17 28
      vertex 28.0947 -17.1078 2.6
      vertex 28.0947 -17.1078 28
    endloop
  endfacet
  facet normal 0.33616 -0.941805 0
    outer loop
      vertex 26.579 -15.9837 2.6
      vertex 26.6807 -15.9474 28
      vertex 26.579 -15.9837 28
    endloop
  endfacet
  facet normal 0.33616 -0.941805 0
    outer loop
      vertex 26.6807 -15.9474 28
      vertex 26.579 -15.9837 2.6
      vertex 26.6807 -15.9474 2.6
    endloop
  endfacet
  facet normal -0.243625 0.969869 0
    outer loop
      vertex 27.3193 -18.0526 2.6
      vertex 27.2146 -18.0789 28
      vertex 27.3193 -18.0526 28
    endloop
  endfacet
  facet normal -0.243625 0.969869 0
    outer loop
      vertex 27.2146 -18.0789 28
      vertex 27.3193 -18.0526 2.6
      vertex 27.2146 -18.0789 2.6
    endloop
  endfacet
  facet normal -0.803212 0.595693 0
    outer loop
      vertex 27.8503 -17.6978 2.6
      vertex 27.9146 -17.6111 28
      vertex 27.9146 -17.6111 2.6
    endloop
  endfacet
  facet normal -0.803212 0.595693 0
    outer loop
      vertex 27.9146 -17.6111 28
      vertex 27.8503 -17.6978 2.6
      vertex 27.8503 -17.6978 28
    endloop
  endfacet
  facet normal 0.514087 -0.857738 0
    outer loop
      vertex 26.3889 -16.0854 2.6
      vertex 26.4815 -16.0299 28
      vertex 26.3889 -16.0854 28
    endloop
  endfacet
  facet normal 0.514087 -0.857738 0
    outer loop
      vertex 26.4815 -16.0299 28
      vertex 26.3889 -16.0854 2.6
      vertex 26.4815 -16.0299 2.6
    endloop
  endfacet
  facet normal 0.989233 0.146347 0
    outer loop
      vertex 25.9211 -17.2146 28
      vertex 25.9053 -17.1078 2.6
      vertex 25.9053 -17.1078 28
    endloop
  endfacet
  facet normal 0.989233 0.146347 0
    outer loop
      vertex 25.9053 -17.1078 2.6
      vertex 25.9211 -17.2146 28
      vertex 25.9211 -17.2146 2.6
    endloop
  endfacet
  facet normal 0.740987 -0.671519 0
    outer loop
      vertex 26.1497 -16.3022 28
      vertex 26.2222 -16.2222 2.6
      vertex 26.2222 -16.2222 28
    endloop
  endfacet
  facet normal 0.740987 -0.671519 0
    outer loop
      vertex 26.2222 -16.2222 2.6
      vertex 26.1497 -16.3022 28
      vertex 26.1497 -16.3022 2.6
    endloop
  endfacet
  facet normal 0.969869 -0.243625 0
    outer loop
      vertex 25.9211 -16.7854 28
      vertex 25.9474 -16.6807 2.6
      vertex 25.9474 -16.6807 28
    endloop
  endfacet
  facet normal 0.969869 -0.243625 0
    outer loop
      vertex 25.9474 -16.6807 2.6
      vertex 25.9211 -16.7854 28
      vertex 25.9211 -16.7854 2.6
    endloop
  endfacet
  facet normal -0.428206 0.903681 0
    outer loop
      vertex 27.5185 -17.9701 2.6
      vertex 27.421 -18.0163 28
      vertex 27.5185 -17.9701 28
    endloop
  endfacet
  facet normal -0.428206 0.903681 0
    outer loop
      vertex 27.421 -18.0163 28
      vertex 27.5185 -17.9701 2.6
      vertex 27.421 -18.0163 2.6
    endloop
  endfacet
  facet normal 0.0491058 -0.998794 0
    outer loop
      vertex 26.8922 -15.9053 2.6
      vertex 27 -15.9 28
      vertex 26.8922 -15.9053 28
    endloop
  endfacet
  facet normal 0.0491058 -0.998794 0
    outer loop
      vertex 27 -15.9 28
      vertex 26.8922 -15.9053 2.6
      vertex 27 -15.9 2.6
    endloop
  endfacet
  facet normal 0.595693 0.803212 -0
    outer loop
      vertex 26.3889 -17.9146 2.6
      vertex 26.3022 -17.8503 28
      vertex 26.3889 -17.9146 28
    endloop
  endfacet
  facet normal 0.595693 0.803212 0
    outer loop
      vertex 26.3022 -17.8503 28
      vertex 26.3889 -17.9146 2.6
      vertex 26.3022 -17.8503 2.6
    endloop
  endfacet
  facet normal -0.146347 0.989233 0
    outer loop
      vertex 27.2146 -18.0789 2.6
      vertex 27.1078 -18.0947 28
      vertex 27.2146 -18.0789 28
    endloop
  endfacet
  facet normal -0.146347 0.989233 0
    outer loop
      vertex 27.1078 -18.0947 28
      vertex 27.2146 -18.0789 2.6
      vertex 27.1078 -18.0947 2.6
    endloop
  endfacet
  facet normal 0.146347 -0.989233 0
    outer loop
      vertex 26.7854 -15.9211 2.6
      vertex 26.8922 -15.9053 28
      vertex 26.7854 -15.9211 28
    endloop
  endfacet
  facet normal 0.146347 -0.989233 0
    outer loop
      vertex 26.8922 -15.9053 28
      vertex 26.7854 -15.9211 2.6
      vertex 26.8922 -15.9053 2.6
    endloop
  endfacet
  facet normal 0.989233 -0.146347 0
    outer loop
      vertex 25.9053 -16.8922 28
      vertex 25.9211 -16.7854 2.6
      vertex 25.9211 -16.7854 28
    endloop
  endfacet
  facet normal 0.989233 -0.146347 0
    outer loop
      vertex 25.9211 -16.7854 2.6
      vertex 25.9053 -16.8922 28
      vertex 25.9053 -16.8922 2.6
    endloop
  endfacet
  facet normal 0.803212 0.595693 0
    outer loop
      vertex 26.1497 -17.6978 28
      vertex 26.0854 -17.6111 2.6
      vertex 26.0854 -17.6111 28
    endloop
  endfacet
  facet normal 0.803212 0.595693 0
    outer loop
      vertex 26.0854 -17.6111 2.6
      vertex 26.1497 -17.6978 28
      vertex 26.1497 -17.6978 2.6
    endloop
  endfacet
  facet normal -0.903681 0.428206 0
    outer loop
      vertex 27.9701 -17.5185 2.6
      vertex 28.0163 -17.421 28
      vertex 28.0163 -17.421 2.6
    endloop
  endfacet
  facet normal -0.903681 0.428206 0
    outer loop
      vertex 28.0163 -17.421 28
      vertex 27.9701 -17.5185 2.6
      vertex 27.9701 -17.5185 28
    endloop
  endfacet
  facet normal -0.671519 -0.740987 0
    outer loop
      vertex 27.6978 -16.1497 2.6
      vertex 27.7778 -16.2222 28
      vertex 27.6978 -16.1497 28
    endloop
  endfacet
  facet normal -0.671519 -0.740987 -0
    outer loop
      vertex 27.7778 -16.2222 28
      vertex 27.6978 -16.1497 2.6
      vertex 27.7778 -16.2222 2.6
    endloop
  endfacet
  facet normal 0.243625 -0.969869 0
    outer loop
      vertex 26.6807 -15.9474 2.6
      vertex 26.7854 -15.9211 28
      vertex 26.6807 -15.9474 28
    endloop
  endfacet
  facet normal 0.243625 -0.969869 0
    outer loop
      vertex 26.7854 -15.9211 28
      vertex 26.6807 -15.9474 2.6
      vertex 26.7854 -15.9211 2.6
    endloop
  endfacet
  facet normal -0.428206 -0.903681 0
    outer loop
      vertex 27.421 -15.9837 2.6
      vertex 27.5185 -16.0299 28
      vertex 27.421 -15.9837 28
    endloop
  endfacet
  facet normal -0.428206 -0.903681 -0
    outer loop
      vertex 27.5185 -16.0299 28
      vertex 27.421 -15.9837 2.6
      vertex 27.5185 -16.0299 2.6
    endloop
  endfacet
  facet normal -0.0491058 0.998794 0
    outer loop
      vertex 27.1078 -18.0947 2.6
      vertex 27 -18.1 28
      vertex 27.1078 -18.0947 28
    endloop
  endfacet
  facet normal -0.0491058 0.998794 0
    outer loop
      vertex 27 -18.1 28
      vertex 27.1078 -18.0947 2.6
      vertex 27 -18.1 2.6
    endloop
  endfacet
  facet normal -0.803212 -0.595693 0
    outer loop
      vertex 27.9146 -16.3889 2.6
      vertex 27.8503 -16.3022 28
      vertex 27.8503 -16.3022 2.6
    endloop
  endfacet
  facet normal -0.803212 -0.595693 0
    outer loop
      vertex 27.8503 -16.3022 28
      vertex 27.9146 -16.3889 2.6
      vertex 27.9146 -16.3889 28
    endloop
  endfacet
  facet normal 0.903681 0.428206 0
    outer loop
      vertex 26.0299 -17.5185 28
      vertex 25.9837 -17.421 2.6
      vertex 25.9837 -17.421 28
    endloop
  endfacet
  facet normal 0.903681 0.428206 0
    outer loop
      vertex 25.9837 -17.421 2.6
      vertex 26.0299 -17.5185 28
      vertex 26.0299 -17.5185 2.6
    endloop
  endfacet
  facet normal 0.740987 0.671519 0
    outer loop
      vertex 26.2222 -17.7778 28
      vertex 26.1497 -17.6978 2.6
      vertex 26.1497 -17.6978 28
    endloop
  endfacet
  facet normal 0.740987 0.671519 0
    outer loop
      vertex 26.1497 -17.6978 2.6
      vertex 26.2222 -17.7778 28
      vertex 26.2222 -17.7778 2.6
    endloop
  endfacet
  facet normal 0.33616 0.941805 -0
    outer loop
      vertex 26.6807 -18.0526 2.6
      vertex 26.579 -18.0163 28
      vertex 26.6807 -18.0526 28
    endloop
  endfacet
  facet normal 0.33616 0.941805 0
    outer loop
      vertex 26.579 -18.0163 28
      vertex 26.6807 -18.0526 2.6
      vertex 26.579 -18.0163 2.6
    endloop
  endfacet
  facet normal 0.0491058 0.998794 -0
    outer loop
      vertex 27 -18.1 2.6
      vertex 26.8922 -18.0947 28
      vertex 27 -18.1 28
    endloop
  endfacet
  facet normal 0.0491058 0.998794 0
    outer loop
      vertex 26.8922 -18.0947 28
      vertex 27 -18.1 2.6
      vertex 26.8922 -18.0947 2.6
    endloop
  endfacet
  facet normal 0.998794 -0.0491058 0
    outer loop
      vertex 25.9 -17 28
      vertex 25.9053 -16.8922 2.6
      vertex 25.9053 -16.8922 28
    endloop
  endfacet
  facet normal 0.998794 -0.0491058 0
    outer loop
      vertex 25.9053 -16.8922 2.6
      vertex 25.9 -17 28
      vertex 25.9 -17 2.6
    endloop
  endfacet
  facet normal -0.33616 0.941805 0
    outer loop
      vertex 27.421 -18.0163 2.6
      vertex 27.3193 -18.0526 28
      vertex 27.421 -18.0163 28
    endloop
  endfacet
  facet normal -0.33616 0.941805 0
    outer loop
      vertex 27.3193 -18.0526 28
      vertex 27.421 -18.0163 2.6
      vertex 27.3193 -18.0526 2.6
    endloop
  endfacet
  facet normal -0.969869 0.243625 0
    outer loop
      vertex 28.0526 -17.3193 2.6
      vertex 28.0789 -17.2146 28
      vertex 28.0789 -17.2146 2.6
    endloop
  endfacet
  facet normal -0.969869 0.243625 0
    outer loop
      vertex 28.0789 -17.2146 28
      vertex 28.0526 -17.3193 2.6
      vertex 28.0526 -17.3193 28
    endloop
  endfacet
  facet normal -0.941805 0.33616 0
    outer loop
      vertex 28.0163 -17.421 2.6
      vertex 28.0526 -17.3193 28
      vertex 28.0526 -17.3193 2.6
    endloop
  endfacet
  facet normal -0.941805 0.33616 0
    outer loop
      vertex 28.0526 -17.3193 28
      vertex 28.0163 -17.421 2.6
      vertex 28.0163 -17.421 28
    endloop
  endfacet
  facet normal -0.740987 0.671519 0
    outer loop
      vertex 27.7778 -17.7778 2.6
      vertex 27.8503 -17.6978 28
      vertex 27.8503 -17.6978 2.6
    endloop
  endfacet
  facet normal -0.740987 0.671519 0
    outer loop
      vertex 27.8503 -17.6978 28
      vertex 27.7778 -17.7778 2.6
      vertex 27.7778 -17.7778 28
    endloop
  endfacet
  facet normal -0.514087 -0.857738 0
    outer loop
      vertex 27.5185 -16.0299 2.6
      vertex 27.6111 -16.0854 28
      vertex 27.5185 -16.0299 28
    endloop
  endfacet
  facet normal -0.514087 -0.857738 -0
    outer loop
      vertex 27.6111 -16.0854 28
      vertex 27.5185 -16.0299 2.6
      vertex 27.6111 -16.0854 2.6
    endloop
  endfacet
  facet normal -0.243625 -0.969869 0
    outer loop
      vertex 27.2146 -15.9211 2.6
      vertex 27.3193 -15.9474 28
      vertex 27.2146 -15.9211 28
    endloop
  endfacet
  facet normal -0.243625 -0.969869 -0
    outer loop
      vertex 27.3193 -15.9474 28
      vertex 27.2146 -15.9211 2.6
      vertex 27.3193 -15.9474 2.6
    endloop
  endfacet
  facet normal -0.941805 -0.33616 0
    outer loop
      vertex 28.0526 -16.6807 2.6
      vertex 28.0163 -16.579 28
      vertex 28.0163 -16.579 2.6
    endloop
  endfacet
  facet normal -0.941805 -0.33616 0
    outer loop
      vertex 28.0163 -16.579 28
      vertex 28.0526 -16.6807 2.6
      vertex 28.0526 -16.6807 28
    endloop
  endfacet
  facet normal -0.595693 -0.803212 0
    outer loop
      vertex 27.6111 -16.0854 2.6
      vertex 27.6978 -16.1497 28
      vertex 27.6111 -16.0854 28
    endloop
  endfacet
  facet normal -0.595693 -0.803212 -0
    outer loop
      vertex 27.6978 -16.1497 28
      vertex 27.6111 -16.0854 2.6
      vertex 27.6978 -16.1497 2.6
    endloop
  endfacet
  facet normal 0.969869 0.243625 0
    outer loop
      vertex 25.9474 -17.3193 28
      vertex 25.9211 -17.2146 2.6
      vertex 25.9211 -17.2146 28
    endloop
  endfacet
  facet normal 0.969869 0.243625 0
    outer loop
      vertex 25.9211 -17.2146 2.6
      vertex 25.9474 -17.3193 28
      vertex 25.9474 -17.3193 2.6
    endloop
  endfacet
  facet normal -0.903681 -0.428206 0
    outer loop
      vertex 28.0163 -16.579 2.6
      vertex 27.9701 -16.4815 28
      vertex 27.9701 -16.4815 2.6
    endloop
  endfacet
  facet normal -0.903681 -0.428206 0
    outer loop
      vertex 27.9701 -16.4815 28
      vertex 28.0163 -16.579 2.6
      vertex 28.0163 -16.579 28
    endloop
  endfacet
  facet normal -0.0491058 -0.998794 0
    outer loop
      vertex 27 -15.9 2.6
      vertex 27.1078 -15.9053 28
      vertex 27 -15.9 28
    endloop
  endfacet
  facet normal -0.0491058 -0.998794 -0
    outer loop
      vertex 27.1078 -15.9053 28
      vertex 27 -15.9 2.6
      vertex 27.1078 -15.9053 2.6
    endloop
  endfacet
  facet normal -0.989233 0.146347 0
    outer loop
      vertex 28.0789 -17.2146 2.6
      vertex 28.0947 -17.1078 28
      vertex 28.0947 -17.1078 2.6
    endloop
  endfacet
  facet normal -0.989233 0.146347 0
    outer loop
      vertex 28.0947 -17.1078 28
      vertex 28.0789 -17.2146 2.6
      vertex 28.0789 -17.2146 28
    endloop
  endfacet
  facet normal -0.857738 -0.514087 0
    outer loop
      vertex 27.9701 -16.4815 2.6
      vertex 27.9146 -16.3889 28
      vertex 27.9146 -16.3889 2.6
    endloop
  endfacet
  facet normal -0.857738 -0.514087 0
    outer loop
      vertex 27.9146 -16.3889 28
      vertex 27.9701 -16.4815 2.6
      vertex 27.9701 -16.4815 28
    endloop
  endfacet
  facet normal 0.671519 0.740987 -0
    outer loop
      vertex 26.3022 -17.8503 2.6
      vertex 26.2222 -17.7778 28
      vertex 26.3022 -17.8503 28
    endloop
  endfacet
  facet normal 0.671519 0.740987 0
    outer loop
      vertex 26.2222 -17.7778 28
      vertex 26.3022 -17.8503 2.6
      vertex 26.2222 -17.7778 2.6
    endloop
  endfacet
  facet normal 0.671519 -0.740987 0
    outer loop
      vertex 26.2222 -16.2222 2.6
      vertex 26.3022 -16.1497 28
      vertex 26.2222 -16.2222 28
    endloop
  endfacet
  facet normal 0.671519 -0.740987 0
    outer loop
      vertex 26.3022 -16.1497 28
      vertex 26.2222 -16.2222 2.6
      vertex 26.3022 -16.1497 2.6
    endloop
  endfacet
  facet normal 0.857738 0.514087 0
    outer loop
      vertex 26.0854 -17.6111 28
      vertex 26.0299 -17.5185 2.6
      vertex 26.0299 -17.5185 28
    endloop
  endfacet
  facet normal 0.857738 0.514087 0
    outer loop
      vertex 26.0299 -17.5185 2.6
      vertex 26.0854 -17.6111 28
      vertex 26.0854 -17.6111 2.6
    endloop
  endfacet
  facet normal -0.671519 0.740987 0
    outer loop
      vertex 27.7778 -17.7778 2.6
      vertex 27.6978 -17.8503 28
      vertex 27.7778 -17.7778 28
    endloop
  endfacet
  facet normal -0.671519 0.740987 0
    outer loop
      vertex 27.6978 -17.8503 28
      vertex 27.7778 -17.7778 2.6
      vertex 27.6978 -17.8503 2.6
    endloop
  endfacet
  facet normal -0.595693 0.803212 0
    outer loop
      vertex 27.6978 -17.8503 2.6
      vertex 27.6111 -17.9146 28
      vertex 27.6978 -17.8503 28
    endloop
  endfacet
  facet normal -0.595693 0.803212 0
    outer loop
      vertex 27.6111 -17.9146 28
      vertex 27.6978 -17.8503 2.6
      vertex 27.6111 -17.9146 2.6
    endloop
  endfacet
  facet normal 0.857738 -0.514087 0
    outer loop
      vertex 26.0299 -16.4815 28
      vertex 26.0854 -16.3889 2.6
      vertex 26.0854 -16.3889 28
    endloop
  endfacet
  facet normal 0.857738 -0.514087 0
    outer loop
      vertex 26.0854 -16.3889 2.6
      vertex 26.0299 -16.4815 28
      vertex 26.0299 -16.4815 2.6
    endloop
  endfacet
  facet normal 0.146347 0.989233 -0
    outer loop
      vertex 26.8922 -18.0947 2.6
      vertex 26.7854 -18.0789 28
      vertex 26.8922 -18.0947 28
    endloop
  endfacet
  facet normal 0.146347 0.989233 0
    outer loop
      vertex 26.7854 -18.0789 28
      vertex 26.8922 -18.0947 2.6
      vertex 26.7854 -18.0789 2.6
    endloop
  endfacet
  facet normal 0.941805 0.33616 0
    outer loop
      vertex 25.9837 -17.421 28
      vertex 25.9474 -17.3193 2.6
      vertex 25.9474 -17.3193 28
    endloop
  endfacet
  facet normal 0.941805 0.33616 0
    outer loop
      vertex 25.9474 -17.3193 2.6
      vertex 25.9837 -17.421 28
      vertex 25.9837 -17.421 2.6
    endloop
  endfacet
  facet normal -0.857738 0.514087 0
    outer loop
      vertex 27.9146 -17.6111 2.6
      vertex 27.9701 -17.5185 28
      vertex 27.9701 -17.5185 2.6
    endloop
  endfacet
  facet normal -0.857738 0.514087 0
    outer loop
      vertex 27.9701 -17.5185 28
      vertex 27.9146 -17.6111 2.6
      vertex 27.9146 -17.6111 28
    endloop
  endfacet
  facet normal -0.740987 -0.671519 0
    outer loop
      vertex 27.8503 -16.3022 2.6
      vertex 27.7778 -16.2222 28
      vertex 27.7778 -16.2222 2.6
    endloop
  endfacet
  facet normal -0.740987 -0.671519 0
    outer loop
      vertex 27.7778 -16.2222 28
      vertex 27.8503 -16.3022 2.6
      vertex 27.8503 -16.3022 28
    endloop
  endfacet
  facet normal 0.903681 -0.428206 0
    outer loop
      vertex 25.9837 -16.579 28
      vertex 26.0299 -16.4815 2.6
      vertex 26.0299 -16.4815 28
    endloop
  endfacet
  facet normal 0.903681 -0.428206 0
    outer loop
      vertex 26.0299 -16.4815 2.6
      vertex 25.9837 -16.579 28
      vertex 25.9837 -16.579 2.6
    endloop
  endfacet
  facet normal 0.998794 0.0491058 0
    outer loop
      vertex 25.9053 -17.1078 28
      vertex 25.9 -17 2.6
      vertex 25.9 -17 28
    endloop
  endfacet
  facet normal 0.998794 0.0491058 0
    outer loop
      vertex 25.9 -17 2.6
      vertex 25.9053 -17.1078 28
      vertex 25.9053 -17.1078 2.6
    endloop
  endfacet
  facet normal -0.514087 0.857738 0
    outer loop
      vertex 27.6111 -17.9146 2.6
      vertex 27.5185 -17.9701 28
      vertex 27.6111 -17.9146 28
    endloop
  endfacet
  facet normal -0.514087 0.857738 0
    outer loop
      vertex 27.5185 -17.9701 28
      vertex 27.6111 -17.9146 2.6
      vertex 27.5185 -17.9701 2.6
    endloop
  endfacet
  facet normal 0.595693 -0.803212 0
    outer loop
      vertex 26.3022 -16.1497 2.6
      vertex 26.3889 -16.0854 28
      vertex 26.3022 -16.1497 28
    endloop
  endfacet
  facet normal 0.595693 -0.803212 0
    outer loop
      vertex 26.3889 -16.0854 28
      vertex 26.3022 -16.1497 2.6
      vertex 26.3889 -16.0854 2.6
    endloop
  endfacet
  facet normal 0.243625 0.969869 -0
    outer loop
      vertex 26.7854 -18.0789 2.6
      vertex 26.6807 -18.0526 28
      vertex 26.7854 -18.0789 28
    endloop
  endfacet
  facet normal 0.243625 0.969869 0
    outer loop
      vertex 26.6807 -18.0526 28
      vertex 26.7854 -18.0789 2.6
      vertex 26.6807 -18.0526 2.6
    endloop
  endfacet
  facet normal 0.514087 0.857738 -0
    outer loop
      vertex 26.4815 -17.9701 2.6
      vertex 26.3889 -17.9146 28
      vertex 26.4815 -17.9701 28
    endloop
  endfacet
  facet normal 0.514087 0.857738 0
    outer loop
      vertex 26.3889 -17.9146 28
      vertex 26.4815 -17.9701 2.6
      vertex 26.3889 -17.9146 2.6
    endloop
  endfacet
  facet normal 0.803212 -0.595693 0
    outer loop
      vertex 26.0854 -16.3889 28
      vertex 26.1497 -16.3022 2.6
      vertex 26.1497 -16.3022 28
    endloop
  endfacet
  facet normal 0.803212 -0.595693 0
    outer loop
      vertex 26.1497 -16.3022 2.6
      vertex 26.0854 -16.3889 28
      vertex 26.0854 -16.3889 2.6
    endloop
  endfacet
  facet normal 0.428206 0.903681 -0
    outer loop
      vertex 26.579 -18.0163 2.6
      vertex 26.4815 -17.9701 28
      vertex 26.579 -18.0163 28
    endloop
  endfacet
  facet normal 0.428206 0.903681 0
    outer loop
      vertex 26.4815 -17.9701 28
      vertex 26.579 -18.0163 2.6
      vertex 26.4815 -17.9701 2.6
    endloop
  endfacet
  facet normal 0.941805 -0.33616 0
    outer loop
      vertex 25.9474 -16.6807 28
      vertex 25.9837 -16.579 2.6
      vertex 25.9837 -16.579 28
    endloop
  endfacet
  facet normal 0.941805 -0.33616 0
    outer loop
      vertex 25.9837 -16.579 2.6
      vertex 25.9474 -16.6807 28
      vertex 25.9474 -16.6807 2.6
    endloop
  endfacet
  facet normal 0.740908 0.671607 0
    outer loop
      vertex 29.319 18.9032 28
      vertex 29.1213 19.1213 2.6
      vertex 29.1213 19.1213 28
    endloop
  endfacet
  facet normal 0.740908 0.671607 0
    outer loop
      vertex 29.1213 19.1213 2.6
      vertex 29.319 18.9032 28
      vertex 29.319 18.9032 2.6
    endloop
  endfacet
  facet normal 0.989174 0.146746 0
    outer loop
      vertex 29.9856 17.2941 28
      vertex 29.9424 17.5853 2.6
      vertex 29.9424 17.5853 28
    endloop
  endfacet
  facet normal 0.989174 0.146746 0
    outer loop
      vertex 29.9424 17.5853 2.6
      vertex 29.9856 17.2941 28
      vertex 29.9856 17.2941 2.6
    endloop
  endfacet
  facet normal 0.998803 0.0489044 0
    outer loop
      vertex 30 17 28
      vertex 29.9856 17.2941 2.6
      vertex 29.9856 17.2941 28
    endloop
  endfacet
  facet normal 0.998803 0.0489044 0
    outer loop
      vertex 29.9856 17.2941 2.6
      vertex 30 17 28
      vertex 30 17 2.6
    endloop
  endfacet
  facet normal 0.969982 0.243175 0
    outer loop
      vertex 29.9424 17.5853 28
      vertex 29.8708 17.8709 2.6
      vertex 29.8708 17.8709 28
    endloop
  endfacet
  facet normal 0.969982 0.243175 0
    outer loop
      vertex 29.8708 17.8709 2.6
      vertex 29.9424 17.5853 28
      vertex 29.9424 17.5853 2.6
    endloop
  endfacet
  facet normal 0.337047 -0.941488 0
    outer loop
      vertex 27.8709 14.1292 2.6
      vertex 28.148 14.2284 28
      vertex 27.8709 14.1292 28
    endloop
  endfacet
  facet normal 0.337047 -0.941488 0
    outer loop
      vertex 28.148 14.2284 28
      vertex 27.8709 14.1292 2.6
      vertex 28.148 14.2284 2.6
    endloop
  endfacet
  facet normal 0.857643 0.514246 0
    outer loop
      vertex 29.6458 18.4142 28
      vertex 29.4944 18.6667 2.6
      vertex 29.4944 18.6667 28
    endloop
  endfacet
  facet normal 0.857643 0.514246 0
    outer loop
      vertex 29.4944 18.6667 2.6
      vertex 29.6458 18.4142 28
      vertex 29.6458 18.4142 2.6
    endloop
  endfacet
  facet normal 0.243175 0.969982 -0
    outer loop
      vertex 27.8709 19.8708 2.6
      vertex 27.5853 19.9424 28
      vertex 27.8709 19.8708 28
    endloop
  endfacet
  facet normal 0.243175 0.969982 0
    outer loop
      vertex 27.5853 19.9424 28
      vertex 27.8709 19.8708 2.6
      vertex 27.5853 19.9424 2.6
    endloop
  endfacet
  facet normal -0.740908 0.671607 0
    outer loop
      vertex 24.681 18.9032 2.6
      vertex 24.8787 19.1213 28
      vertex 24.8787 19.1213 2.6
    endloop
  endfacet
  facet normal -0.740908 0.671607 0
    outer loop
      vertex 24.8787 19.1213 28
      vertex 24.681 18.9032 2.6
      vertex 24.681 18.9032 28
    endloop
  endfacet
  facet normal 0.0489044 -0.998803 0
    outer loop
      vertex 27 14 2.6
      vertex 27.2941 14.0144 28
      vertex 27 14 28
    endloop
  endfacet
  facet normal 0.0489044 -0.998803 0
    outer loop
      vertex 27.2941 14.0144 28
      vertex 27 14 2.6
      vertex 27.2941 14.0144 2.6
    endloop
  endfacet
  facet normal 0.427269 0.904125 -0
    outer loop
      vertex 28.4142 19.6458 2.6
      vertex 28.148 19.7716 28
      vertex 28.4142 19.6458 28
    endloop
  endfacet
  facet normal 0.427269 0.904125 0
    outer loop
      vertex 28.148 19.7716 28
      vertex 28.4142 19.6458 2.6
      vertex 28.148 19.7716 2.6
    endloop
  endfacet
  facet normal 0.671607 0.740908 -0
    outer loop
      vertex 29.1213 19.1213 2.6
      vertex 28.9032 19.319 28
      vertex 29.1213 19.1213 28
    endloop
  endfacet
  facet normal 0.671607 0.740908 0
    outer loop
      vertex 28.9032 19.319 28
      vertex 29.1213 19.1213 2.6
      vertex 28.9032 19.319 2.6
    endloop
  endfacet
  facet normal -0.595699 -0.803208 0
    outer loop
      vertex 25.0968 14.681 2.6
      vertex 25.3333 14.5056 28
      vertex 25.0968 14.681 28
    endloop
  endfacet
  facet normal -0.595699 -0.803208 -0
    outer loop
      vertex 25.3333 14.5056 28
      vertex 25.0968 14.681 2.6
      vertex 25.3333 14.5056 2.6
    endloop
  endfacet
  facet normal 0.243175 -0.969982 0
    outer loop
      vertex 27.5853 14.0576 2.6
      vertex 27.8709 14.1292 28
      vertex 27.5853 14.0576 28
    endloop
  endfacet
  facet normal 0.243175 -0.969982 0
    outer loop
      vertex 27.8709 14.1292 28
      vertex 27.5853 14.0576 2.6
      vertex 27.8709 14.1292 2.6
    endloop
  endfacet
  facet normal 0.989174 -0.146746 0
    outer loop
      vertex 29.9424 16.4147 28
      vertex 29.9856 16.7059 2.6
      vertex 29.9856 16.7059 28
    endloop
  endfacet
  facet normal 0.989174 -0.146746 0
    outer loop
      vertex 29.9856 16.7059 2.6
      vertex 29.9424 16.4147 28
      vertex 29.9424 16.4147 2.6
    endloop
  endfacet
  facet normal -0.243175 -0.969982 0
    outer loop
      vertex 26.1291 14.1292 2.6
      vertex 26.4147 14.0576 28
      vertex 26.1291 14.1292 28
    endloop
  endfacet
  facet normal -0.243175 -0.969982 -0
    outer loop
      vertex 26.4147 14.0576 28
      vertex 26.1291 14.1292 2.6
      vertex 26.4147 14.0576 2.6
    endloop
  endfacet
  facet normal -0.595699 0.803208 0
    outer loop
      vertex 25.3333 19.4944 2.6
      vertex 25.0968 19.319 28
      vertex 25.3333 19.4944 28
    endloop
  endfacet
  facet normal -0.595699 0.803208 0
    outer loop
      vertex 25.0968 19.319 28
      vertex 25.3333 19.4944 2.6
      vertex 25.0968 19.319 2.6
    endloop
  endfacet
  facet normal -0.998803 -0.0489044 0
    outer loop
      vertex 24.0144 16.7059 2.6
      vertex 24 17 28
      vertex 24 17 2.6
    endloop
  endfacet
  facet normal -0.998803 -0.0489044 0
    outer loop
      vertex 24 17 28
      vertex 24.0144 16.7059 2.6
      vertex 24.0144 16.7059 28
    endloop
  endfacet
  facet normal -0.969982 -0.243175 0
    outer loop
      vertex 24.1292 16.1291 2.6
      vertex 24.0576 16.4147 28
      vertex 24.0576 16.4147 2.6
    endloop
  endfacet
  facet normal -0.969982 -0.243175 0
    outer loop
      vertex 24.0576 16.4147 28
      vertex 24.1292 16.1291 2.6
      vertex 24.1292 16.1291 28
    endloop
  endfacet
  facet normal 0.969982 -0.243175 0
    outer loop
      vertex 29.8708 16.1291 28
      vertex 29.9424 16.4147 2.6
      vertex 29.9424 16.4147 28
    endloop
  endfacet
  facet normal 0.969982 -0.243175 0
    outer loop
      vertex 29.9424 16.4147 2.6
      vertex 29.8708 16.1291 28
      vertex 29.8708 16.1291 2.6
    endloop
  endfacet
  facet normal -0.514246 0.857643 0
    outer loop
      vertex 25.5858 19.6458 2.6
      vertex 25.3333 19.4944 28
      vertex 25.5858 19.6458 28
    endloop
  endfacet
  facet normal -0.514246 0.857643 0
    outer loop
      vertex 25.3333 19.4944 28
      vertex 25.5858 19.6458 2.6
      vertex 25.3333 19.4944 2.6
    endloop
  endfacet
  facet normal 0.595699 0.803208 -0
    outer loop
      vertex 28.9032 19.319 2.6
      vertex 28.6667 19.4944 28
      vertex 28.9032 19.319 28
    endloop
  endfacet
  facet normal 0.595699 0.803208 0
    outer loop
      vertex 28.6667 19.4944 28
      vertex 28.9032 19.319 2.6
      vertex 28.6667 19.4944 2.6
    endloop
  endfacet
  facet normal -0.904125 -0.427269 0
    outer loop
      vertex 24.3542 15.5858 2.6
      vertex 24.2284 15.852 28
      vertex 24.2284 15.852 2.6
    endloop
  endfacet
  facet normal -0.904125 -0.427269 0
    outer loop
      vertex 24.2284 15.852 28
      vertex 24.3542 15.5858 2.6
      vertex 24.3542 15.5858 28
    endloop
  endfacet
  facet normal 0.941488 -0.337047 0
    outer loop
      vertex 29.7716 15.852 28
      vertex 29.8708 16.1291 2.6
      vertex 29.8708 16.1291 28
    endloop
  endfacet
  facet normal 0.941488 -0.337047 0
    outer loop
      vertex 29.8708 16.1291 2.6
      vertex 29.7716 15.852 28
      vertex 29.7716 15.852 2.6
    endloop
  endfacet
  facet normal 0.146746 0.989174 -0
    outer loop
      vertex 27.5853 19.9424 2.6
      vertex 27.2941 19.9856 28
      vertex 27.5853 19.9424 28
    endloop
  endfacet
  facet normal 0.146746 0.989174 0
    outer loop
      vertex 27.2941 19.9856 28
      vertex 27.5853 19.9424 2.6
      vertex 27.2941 19.9856 2.6
    endloop
  endfacet
  facet normal -0.427269 0.904125 0
    outer loop
      vertex 25.852 19.7716 2.6
      vertex 25.5858 19.6458 28
      vertex 25.852 19.7716 28
    endloop
  endfacet
  facet normal -0.427269 0.904125 0
    outer loop
      vertex 25.5858 19.6458 28
      vertex 25.852 19.7716 2.6
      vertex 25.5858 19.6458 2.6
    endloop
  endfacet
  facet normal 0.514246 0.857643 -0
    outer loop
      vertex 28.6667 19.4944 2.6
      vertex 28.4142 19.6458 28
      vertex 28.6667 19.4944 28
    endloop
  endfacet
  facet normal 0.514246 0.857643 0
    outer loop
      vertex 28.4142 19.6458 28
      vertex 28.6667 19.4944 2.6
      vertex 28.4142 19.6458 2.6
    endloop
  endfacet
  facet normal 0.427269 -0.904125 0
    outer loop
      vertex 28.148 14.2284 2.6
      vertex 28.4142 14.3542 28
      vertex 28.148 14.2284 28
    endloop
  endfacet
  facet normal 0.427269 -0.904125 0
    outer loop
      vertex 28.4142 14.3542 28
      vertex 28.148 14.2284 2.6
      vertex 28.4142 14.3542 2.6
    endloop
  endfacet
  facet normal -0.941488 -0.337047 0
    outer loop
      vertex 24.2284 15.852 2.6
      vertex 24.1292 16.1291 28
      vertex 24.1292 16.1291 2.6
    endloop
  endfacet
  facet normal -0.941488 -0.337047 0
    outer loop
      vertex 24.1292 16.1291 28
      vertex 24.2284 15.852 2.6
      vertex 24.2284 15.852 28
    endloop
  endfacet
  facet normal 0.857643 -0.514246 0
    outer loop
      vertex 29.4944 15.3333 28
      vertex 29.6458 15.5858 2.6
      vertex 29.6458 15.5858 28
    endloop
  endfacet
  facet normal 0.857643 -0.514246 0
    outer loop
      vertex 29.6458 15.5858 2.6
      vertex 29.4944 15.3333 28
      vertex 29.4944 15.3333 2.6
    endloop
  endfacet
  facet normal 0.904125 -0.427269 0
    outer loop
      vertex 29.6458 15.5858 28
      vertex 29.7716 15.852 2.6
      vertex 29.7716 15.852 28
    endloop
  endfacet
  facet normal 0.904125 -0.427269 0
    outer loop
      vertex 29.7716 15.852 2.6
      vertex 29.6458 15.5858 28
      vertex 29.6458 15.5858 2.6
    endloop
  endfacet
  facet normal 0.998803 -0.0489044 0
    outer loop
      vertex 29.9856 16.7059 28
      vertex 30 17 2.6
      vertex 30 17 28
    endloop
  endfacet
  facet normal 0.998803 -0.0489044 0
    outer loop
      vertex 30 17 2.6
      vertex 29.9856 16.7059 28
      vertex 29.9856 16.7059 2.6
    endloop
  endfacet
  facet normal -0.146746 0.989174 0
    outer loop
      vertex 26.7059 19.9856 2.6
      vertex 26.4147 19.9424 28
      vertex 26.7059 19.9856 28
    endloop
  endfacet
  facet normal -0.146746 0.989174 0
    outer loop
      vertex 26.4147 19.9424 28
      vertex 26.7059 19.9856 2.6
      vertex 26.4147 19.9424 2.6
    endloop
  endfacet
  facet normal 0.146746 -0.989174 0
    outer loop
      vertex 27.2941 14.0144 2.6
      vertex 27.5853 14.0576 28
      vertex 27.2941 14.0144 28
    endloop
  endfacet
  facet normal 0.146746 -0.989174 0
    outer loop
      vertex 27.5853 14.0576 28
      vertex 27.2941 14.0144 2.6
      vertex 27.5853 14.0576 2.6
    endloop
  endfacet
  facet normal 0.941488 0.337047 0
    outer loop
      vertex 29.8708 17.8709 28
      vertex 29.7716 18.148 2.6
      vertex 29.7716 18.148 28
    endloop
  endfacet
  facet normal 0.941488 0.337047 0
    outer loop
      vertex 29.7716 18.148 2.6
      vertex 29.8708 17.8709 28
      vertex 29.8708 17.8709 2.6
    endloop
  endfacet
  facet normal 0.741064 -0.671434 0
    outer loop
      vertex 29.319 15.0968 28
      vertex 29.292 15.067 17.2337
      vertex 29.319 15.0968 17.1146
    endloop
  endfacet
  facet normal 0.740931 -0.671581 7.40101e-07
    outer loop
      vertex 29.319 15.0968 28
      vertex 29.2 14.9655 17.5174
      vertex 29.292 15.067 17.2337
    endloop
  endfacet
  facet normal 0.740828 -0.671695 0
    outer loop
      vertex 29.2 14.9655 17.5174
      vertex 29.1213 14.8787 28
      vertex 29.2 14.9655 14.4826
    endloop
  endfacet
  facet normal 0.740908 -0.671607 1.33193e-06
    outer loop
      vertex 29.1213 14.8787 28
      vertex 29.2 14.9655 17.5174
      vertex 29.319 15.0968 28
    endloop
  endfacet
  facet normal 0.741064 -0.671434 0
    outer loop
      vertex 29.292 15.067 14.7663
      vertex 29.319 15.0968 2.6
      vertex 29.319 15.0968 14.8854
    endloop
  endfacet
  facet normal 0.740931 -0.671581 -6.55515e-07
    outer loop
      vertex 29.2 14.9655 14.4826
      vertex 29.319 15.0968 2.6
      vertex 29.292 15.067 14.7663
    endloop
  endfacet
  facet normal 0.740908 -0.671607 -1.175e-06
    outer loop
      vertex 29.2 14.9655 14.4826
      vertex 29.1213 14.8787 2.6
      vertex 29.319 15.0968 2.6
    endloop
  endfacet
  facet normal 0.740828 -0.671695 0
    outer loop
      vertex 29.1213 14.8787 2.6
      vertex 29.2 14.9655 14.4826
      vertex 29.1213 14.8787 28
    endloop
  endfacet
  facet normal 0.803113 -0.595827 0
    outer loop
      vertex 29.4944 15.3333 28
      vertex 29.4326 15.25 16
      vertex 29.4944 15.3333 2.6
    endloop
  endfacet
  facet normal 0.804902 -0.593408 -2.60078e-05
    outer loop
      vertex 29.4944 15.3333 28
      vertex 29.4175 15.2295 16.4166
      vertex 29.4326 15.25 16
    endloop
  endfacet
  facet normal 0.80316 -0.595763 6.66699e-06
    outer loop
      vertex 29.4944 15.3333 28
      vertex 29.3721 15.1683 16.8291
      vertex 29.4175 15.2295 16.4166
    endloop
  endfacet
  facet normal 0.803208 -0.595699 0
    outer loop
      vertex 29.319 15.0968 17.1146
      vertex 29.4944 15.3333 28
      vertex 29.319 15.0968 28
    endloop
  endfacet
  facet normal 0.802852 -0.596179 1.61837e-05
    outer loop
      vertex 29.4944 15.3333 28
      vertex 29.319 15.0968 17.1146
      vertex 29.3721 15.1683 16.8291
    endloop
  endfacet
  facet normal 0.804926 -0.593376 2.3596e-05
    outer loop
      vertex 29.4175 15.2295 15.5834
      vertex 29.4944 15.3333 2.6
      vertex 29.4326 15.25 16
    endloop
  endfacet
  facet normal 0.803158 -0.595766 -5.98483e-06
    outer loop
      vertex 29.3721 15.1683 15.1709
      vertex 29.4944 15.3333 2.6
      vertex 29.4175 15.2295 15.5834
    endloop
  endfacet
  facet normal 0.802848 -0.596183 -1.44711e-05
    outer loop
      vertex 29.319 15.0968 14.8854
      vertex 29.4944 15.3333 2.6
      vertex 29.3721 15.1683 15.1709
    endloop
  endfacet
  facet normal 0.803208 -0.595699 0
    outer loop
      vertex 29.4944 15.3333 2.6
      vertex 29.319 15.0968 14.8854
      vertex 29.319 15.0968 2.6
    endloop
  endfacet
  facet normal -0.243175 0.969982 0
    outer loop
      vertex 26.4147 19.9424 2.6
      vertex 26.1291 19.8708 28
      vertex 26.4147 19.9424 28
    endloop
  endfacet
  facet normal -0.243175 0.969982 0
    outer loop
      vertex 26.1291 19.8708 28
      vertex 26.4147 19.9424 2.6
      vertex 26.1291 19.8708 2.6
    endloop
  endfacet
  facet normal 0.803208 0.595699 0
    outer loop
      vertex 29.4944 18.6667 28
      vertex 29.319 18.9032 2.6
      vertex 29.319 18.9032 28
    endloop
  endfacet
  facet normal 0.803208 0.595699 0
    outer loop
      vertex 29.319 18.9032 2.6
      vertex 29.4944 18.6667 28
      vertex 29.4944 18.6667 2.6
    endloop
  endfacet
  facet normal 0.0489044 0.998803 -0
    outer loop
      vertex 27.2941 19.9856 2.6
      vertex 27 20 28
      vertex 27.2941 19.9856 28
    endloop
  endfacet
  facet normal 0.0489044 0.998803 0
    outer loop
      vertex 27 20 28
      vertex 27.2941 19.9856 2.6
      vertex 27 20 2.6
    endloop
  endfacet
  facet normal 0.904125 0.427269 0
    outer loop
      vertex 29.7716 18.148 28
      vertex 29.6458 18.4142 2.6
      vertex 29.6458 18.4142 28
    endloop
  endfacet
  facet normal 0.904125 0.427269 0
    outer loop
      vertex 29.6458 18.4142 2.6
      vertex 29.7716 18.148 28
      vertex 29.7716 18.148 2.6
    endloop
  endfacet
  facet normal -0.857643 0.514246 0
    outer loop
      vertex 24.3542 18.4142 2.6
      vertex 24.5056 18.6667 28
      vertex 24.5056 18.6667 2.6
    endloop
  endfacet
  facet normal -0.857643 0.514246 0
    outer loop
      vertex 24.5056 18.6667 28
      vertex 24.3542 18.4142 2.6
      vertex 24.3542 18.4142 28
    endloop
  endfacet
  facet normal -0.671607 0.740908 0
    outer loop
      vertex 25.0968 19.319 2.6
      vertex 24.8787 19.1213 28
      vertex 25.0968 19.319 28
    endloop
  endfacet
  facet normal -0.671607 0.740908 0
    outer loop
      vertex 24.8787 19.1213 28
      vertex 25.0968 19.319 2.6
      vertex 24.8787 19.1213 2.6
    endloop
  endfacet
  facet normal -0.857643 -0.514246 0
    outer loop
      vertex 24.5056 15.3333 2.6
      vertex 24.3542 15.5858 28
      vertex 24.3542 15.5858 2.6
    endloop
  endfacet
  facet normal -0.857643 -0.514246 0
    outer loop
      vertex 24.3542 15.5858 28
      vertex 24.5056 15.3333 2.6
      vertex 24.5056 15.3333 28
    endloop
  endfacet
  facet normal -0.427269 -0.904125 0
    outer loop
      vertex 25.5858 14.3542 2.6
      vertex 25.852 14.2284 28
      vertex 25.5858 14.3542 28
    endloop
  endfacet
  facet normal -0.427269 -0.904125 -0
    outer loop
      vertex 25.852 14.2284 28
      vertex 25.5858 14.3542 2.6
      vertex 25.852 14.2284 2.6
    endloop
  endfacet
  facet normal -0.740908 -0.671607 0
    outer loop
      vertex 24.8787 14.8787 2.6
      vertex 24.681 15.0968 28
      vertex 24.681 15.0968 2.6
    endloop
  endfacet
  facet normal -0.740908 -0.671607 0
    outer loop
      vertex 24.681 15.0968 28
      vertex 24.8787 14.8787 2.6
      vertex 24.8787 14.8787 28
    endloop
  endfacet
  facet normal -0.337047 0.941488 0
    outer loop
      vertex 26.1291 19.8708 2.6
      vertex 25.852 19.7716 28
      vertex 26.1291 19.8708 28
    endloop
  endfacet
  facet normal -0.337047 0.941488 0
    outer loop
      vertex 25.852 19.7716 28
      vertex 26.1291 19.8708 2.6
      vertex 25.852 19.7716 2.6
    endloop
  endfacet
  facet normal -0.514246 -0.857643 0
    outer loop
      vertex 25.3333 14.5056 2.6
      vertex 25.5858 14.3542 28
      vertex 25.3333 14.5056 28
    endloop
  endfacet
  facet normal -0.514246 -0.857643 -0
    outer loop
      vertex 25.5858 14.3542 28
      vertex 25.3333 14.5056 2.6
      vertex 25.5858 14.3542 2.6
    endloop
  endfacet
  facet normal 0.595699 -0.803208 0
    outer loop
      vertex 28.6667 14.5056 2.6
      vertex 28.9032 14.681 28
      vertex 28.6667 14.5056 28
    endloop
  endfacet
  facet normal 0.595699 -0.803208 0
    outer loop
      vertex 28.9032 14.681 28
      vertex 28.6667 14.5056 2.6
      vertex 28.9032 14.681 2.6
    endloop
  endfacet
  facet normal -0.0489044 0.998803 0
    outer loop
      vertex 27 20 2.6
      vertex 26.7059 19.9856 28
      vertex 27 20 28
    endloop
  endfacet
  facet normal -0.0489044 0.998803 0
    outer loop
      vertex 26.7059 19.9856 28
      vertex 27 20 2.6
      vertex 26.7059 19.9856 2.6
    endloop
  endfacet
  facet normal -0.969982 0.243175 0
    outer loop
      vertex 24.0576 17.5853 2.6
      vertex 24.1292 17.8709 28
      vertex 24.1292 17.8709 2.6
    endloop
  endfacet
  facet normal -0.969982 0.243175 0
    outer loop
      vertex 24.1292 17.8709 28
      vertex 24.0576 17.5853 2.6
      vertex 24.0576 17.5853 28
    endloop
  endfacet
  facet normal -0.941488 0.337047 0
    outer loop
      vertex 24.1292 17.8709 2.6
      vertex 24.2284 18.148 28
      vertex 24.2284 18.148 2.6
    endloop
  endfacet
  facet normal -0.941488 0.337047 0
    outer loop
      vertex 24.2284 18.148 28
      vertex 24.1292 17.8709 2.6
      vertex 24.1292 17.8709 28
    endloop
  endfacet
  facet normal 0.337047 0.941488 -0
    outer loop
      vertex 28.148 19.7716 2.6
      vertex 27.8709 19.8708 28
      vertex 28.148 19.7716 28
    endloop
  endfacet
  facet normal 0.337047 0.941488 0
    outer loop
      vertex 27.8709 19.8708 28
      vertex 28.148 19.7716 2.6
      vertex 27.8709 19.8708 2.6
    endloop
  endfacet
  facet normal -0.803208 -0.595699 0
    outer loop
      vertex 24.681 15.0968 2.6
      vertex 24.5056 15.3333 28
      vertex 24.5056 15.3333 2.6
    endloop
  endfacet
  facet normal -0.803208 -0.595699 0
    outer loop
      vertex 24.5056 15.3333 28
      vertex 24.681 15.0968 2.6
      vertex 24.681 15.0968 28
    endloop
  endfacet
  facet normal -0.989174 -0.146746 0
    outer loop
      vertex 24.0576 16.4147 2.6
      vertex 24.0144 16.7059 28
      vertex 24.0144 16.7059 2.6
    endloop
  endfacet
  facet normal -0.989174 -0.146746 0
    outer loop
      vertex 24.0144 16.7059 28
      vertex 24.0576 16.4147 2.6
      vertex 24.0576 16.4147 28
    endloop
  endfacet
  facet normal -0.904125 0.427269 0
    outer loop
      vertex 24.2284 18.148 2.6
      vertex 24.3542 18.4142 28
      vertex 24.3542 18.4142 2.6
    endloop
  endfacet
  facet normal -0.904125 0.427269 0
    outer loop
      vertex 24.3542 18.4142 28
      vertex 24.2284 18.148 2.6
      vertex 24.2284 18.148 28
    endloop
  endfacet
  facet normal 0.514246 -0.857643 0
    outer loop
      vertex 28.4142 14.3542 2.6
      vertex 28.6667 14.5056 28
      vertex 28.4142 14.3542 28
    endloop
  endfacet
  facet normal 0.514246 -0.857643 0
    outer loop
      vertex 28.6667 14.5056 28
      vertex 28.4142 14.3542 2.6
      vertex 28.6667 14.5056 2.6
    endloop
  endfacet
  facet normal 0 0 -1
    outer loop
      vertex 28.1 17 2.6
      vertex 30 17 2.6
      vertex 29.9856 16.7059 2.6
    endloop
  endfacet
  facet normal 0 0 -1
    outer loop
      vertex 28.0947 16.8922 2.6
      vertex 29.9856 16.7059 2.6
      vertex 29.9424 16.4147 2.6
    endloop
  endfacet
  facet normal 0 0 -1
    outer loop
      vertex 30 17 2.6
      vertex 28.1 17 2.6
      vertex 29.9856 17.2941 2.6
    endloop
  endfacet
  facet normal 0 0 -1
    outer loop
      vertex 28.0789 16.7854 2.6
      vertex 29.9424 16.4147 2.6
      vertex 29.8708 16.1291 2.6
    endloop
  endfacet
  facet normal 0 0 -1
    outer loop
      vertex 28.0947 17.1078 2.6
      vertex 29.9856 17.2941 2.6
      vertex 28.1 17 2.6
    endloop
  endfacet
  facet normal 0 0 -1
    outer loop
      vertex 28.0526 16.6807 2.6
      vertex 29.8708 16.1291 2.6
      vertex 29.7716 15.852 2.6
    endloop
  endfacet
  facet normal -0 0 -1
    outer loop
      vertex 29.9856 17.2941 2.6
      vertex 28.0947 17.1078 2.6
      vertex 29.9424 17.5853 2.6
    endloop
  endfacet
  facet normal 0 0 -1
    outer loop
      vertex 28.0163 16.579 2.6
      vertex 29.7716 15.852 2.6
      vertex 29.6458 15.5858 2.6
    endloop
  endfacet
  facet normal 0 0 -1
    outer loop
      vertex 28.0789 17.2146 2.6
      vertex 29.9424 17.5853 2.6
      vertex 28.0947 17.1078 2.6
    endloop
  endfacet
  facet normal 0 0 -1
    outer loop
      vertex 27.9701 16.4815 2.6
      vertex 29.6458 15.5858 2.6
      vertex 29.4944 15.3333 2.6
    endloop
  endfacet
  facet normal -0 0 -1
    outer loop
      vertex 29.9424 17.5853 2.6
      vertex 28.0789 17.2146 2.6
      vertex 29.8708 17.8709 2.6
    endloop
  endfacet
  facet normal 0 0 -1
    outer loop
      vertex 27.9146 16.3889 2.6
      vertex 29.4944 15.3333 2.6
      vertex 29.319 15.0968 2.6
    endloop
  endfacet
  facet normal 0 0 -1
    outer loop
      vertex 28.0526 17.3193 2.6
      vertex 29.8708 17.8709 2.6
      vertex 28.0789 17.2146 2.6
    endloop
  endfacet
  facet normal 0 0 -1
    outer loop
      vertex 27.8503 16.3022 2.6
      vertex 29.319 15.0968 2.6
      vertex 29.1213 14.8787 2.6
    endloop
  endfacet
  facet normal -0 0 -1
    outer loop
      vertex 29.8708 17.8709 2.6
      vertex 28.0526 17.3193 2.6
      vertex 29.7716 18.148 2.6
    endloop
  endfacet
  facet normal 0 0 -1
    outer loop
      vertex 27.7778 16.2222 2.6
      vertex 29.1213 14.8787 2.6
      vertex 28.9032 14.681 2.6
    endloop
  endfacet
  facet normal 0 0 -1
    outer loop
      vertex 28.0163 17.421 2.6
      vertex 29.7716 18.148 2.6
      vertex 28.0526 17.3193 2.6
    endloop
  endfacet
  facet normal 0 0 -1
    outer loop
      vertex 27.6978 16.1497 2.6
      vertex 28.9032 14.681 2.6
      vertex 28.6667 14.5056 2.6
    endloop
  endfacet
  facet normal -0 0 -1
    outer loop
      vertex 29.7716 18.148 2.6
      vertex 28.0163 17.421 2.6
      vertex 29.6458 18.4142 2.6
    endloop
  endfacet
  facet normal 0 0 -1
    outer loop
      vertex 27.6111 16.0854 2.6
      vertex 28.6667 14.5056 2.6
      vertex 28.4142 14.3542 2.6
    endloop
  endfacet
  facet normal 0 0 -1
    outer loop
      vertex 27.9701 17.5185 2.6
      vertex 29.6458 18.4142 2.6
      vertex 28.0163 17.421 2.6
    endloop
  endfacet
  facet normal 0 0 -1
    outer loop
      vertex 27.5185 16.0299 2.6
      vertex 28.4142 14.3542 2.6
      vertex 28.148 14.2284 2.6
    endloop
  endfacet
  facet normal -0 0 -1
    outer loop
      vertex 29.6458 18.4142 2.6
      vertex 27.9701 17.5185 2.6
      vertex 29.4944 18.6667 2.6
    endloop
  endfacet
  facet normal 0 0 -1
    outer loop
      vertex 27.9146 17.6111 2.6
      vertex 29.4944 18.6667 2.6
      vertex 27.9701 17.5185 2.6
    endloop
  endfacet
  facet normal 0 0 -1
    outer loop
      vertex 29.9856 16.7059 2.6
      vertex 28.0947 16.8922 2.6
      vertex 28.1 17 2.6
    endloop
  endfacet
  facet normal 0 0 -1
    outer loop
      vertex 29.9424 16.4147 2.6
      vertex 28.0789 16.7854 2.6
      vertex 28.0947 16.8922 2.6
    endloop
  endfacet
  facet normal 0 0 -1
    outer loop
      vertex 29.8708 16.1291 2.6
      vertex 28.0526 16.6807 2.6
      vertex 28.0789 16.7854 2.6
    endloop
  endfacet
  facet normal 0 0 -1
    outer loop
      vertex 29.7716 15.852 2.6
      vertex 28.0163 16.579 2.6
      vertex 28.0526 16.6807 2.6
    endloop
  endfacet
  facet normal 0 0 -1
    outer loop
      vertex 29.6458 15.5858 2.6
      vertex 27.9701 16.4815 2.6
      vertex 28.0163 16.579 2.6
    endloop
  endfacet
  facet normal 0 0 -1
    outer loop
      vertex 29.4944 15.3333 2.6
      vertex 27.9146 16.3889 2.6
      vertex 27.9701 16.4815 2.6
    endloop
  endfacet
  facet normal 0 0 -1
    outer loop
      vertex 27.421 15.9837 2.6
      vertex 28.148 14.2284 2.6
      vertex 27.8709 14.1292 2.6
    endloop
  endfacet
  facet normal 0 0 -1
    outer loop
      vertex 29.319 15.0968 2.6
      vertex 27.8503 16.3022 2.6
      vertex 27.9146 16.3889 2.6
    endloop
  endfacet
  facet normal 0 0 -1
    outer loop
      vertex 29.1213 14.8787 2.6
      vertex 27.7778 16.2222 2.6
      vertex 27.8503 16.3022 2.6
    endloop
  endfacet
  facet normal 0 0 -1
    outer loop
      vertex 28.9032 14.681 2.6
      vertex 27.6978 16.1497 2.6
      vertex 27.7778 16.2222 2.6
    endloop
  endfacet
  facet normal 0 0 -1
    outer loop
      vertex 28.6667 14.5056 2.6
      vertex 27.6111 16.0854 2.6
      vertex 27.6978 16.1497 2.6
    endloop
  endfacet
  facet normal 0 0 -1
    outer loop
      vertex 27.3193 15.9474 2.6
      vertex 27.8709 14.1292 2.6
      vertex 27.5853 14.0576 2.6
    endloop
  endfacet
  facet normal 0 0 -1
    outer loop
      vertex 28.4142 14.3542 2.6
      vertex 27.5185 16.0299 2.6
      vertex 27.6111 16.0854 2.6
    endloop
  endfacet
  facet normal 0 0 -1
    outer loop
      vertex 28.148 14.2284 2.6
      vertex 27.421 15.9837 2.6
      vertex 27.5185 16.0299 2.6
    endloop
  endfacet
  facet normal 0 0 -1
    outer loop
      vertex 27.8709 14.1292 2.6
      vertex 27.3193 15.9474 2.6
      vertex 27.421 15.9837 2.6
    endloop
  endfacet
  facet normal 0 0 -1
    outer loop
      vertex 27.2146 15.9211 2.6
      vertex 27.5853 14.0576 2.6
      vertex 27.2941 14.0144 2.6
    endloop
  endfacet
  facet normal 0 0 -1
    outer loop
      vertex 27.5853 14.0576 2.6
      vertex 27.2146 15.9211 2.6
      vertex 27.3193 15.9474 2.6
    endloop
  endfacet
  facet normal 0 0 -1
    outer loop
      vertex 27.2941 14.0144 2.6
      vertex 27.1078 15.9053 2.6
      vertex 27.2146 15.9211 2.6
    endloop
  endfacet
  facet normal 0 0 -1
    outer loop
      vertex 27 14 2.6
      vertex 27.1078 15.9053 2.6
      vertex 27.2941 14.0144 2.6
    endloop
  endfacet
  facet normal 0 0 -1
    outer loop
      vertex 27 14 2.6
      vertex 27 15.9 2.6
      vertex 27.1078 15.9053 2.6
    endloop
  endfacet
  facet normal 0 0 -1
    outer loop
      vertex 27 14 2.6
      vertex 26.8922 15.9053 2.6
      vertex 27 15.9 2.6
    endloop
  endfacet
  facet normal 0 0 -1
    outer loop
      vertex 26.7059 14.0144 2.6
      vertex 26.8922 15.9053 2.6
      vertex 27 14 2.6
    endloop
  endfacet
  facet normal -0 0 -1
    outer loop
      vertex 26.8922 15.9053 2.6
      vertex 26.7059 14.0144 2.6
      vertex 26.7854 15.9211 2.6
    endloop
  endfacet
  facet normal 0 0 -1
    outer loop
      vertex 26.4147 14.0576 2.6
      vertex 26.7854 15.9211 2.6
      vertex 26.7059 14.0144 2.6
    endloop
  endfacet
  facet normal -0 0 -1
    outer loop
      vertex 26.7854 15.9211 2.6
      vertex 26.4147 14.0576 2.6
      vertex 26.6807 15.9474 2.6
    endloop
  endfacet
  facet normal 0 0 -1
    outer loop
      vertex 26.1291 14.1292 2.6
      vertex 26.6807 15.9474 2.6
      vertex 26.4147 14.0576 2.6
    endloop
  endfacet
  facet normal -0 0 -1
    outer loop
      vertex 26.6807 15.9474 2.6
      vertex 26.1291 14.1292 2.6
      vertex 26.579 15.9837 2.6
    endloop
  endfacet
  facet normal 0 0 -1
    outer loop
      vertex 25.852 14.2284 2.6
      vertex 26.579 15.9837 2.6
      vertex 26.1291 14.1292 2.6
    endloop
  endfacet
  facet normal -0 0 -1
    outer loop
      vertex 26.579 15.9837 2.6
      vertex 25.852 14.2284 2.6
      vertex 26.4815 16.0299 2.6
    endloop
  endfacet
  facet normal 0 0 -1
    outer loop
      vertex 25.5858 14.3542 2.6
      vertex 26.4815 16.0299 2.6
      vertex 25.852 14.2284 2.6
    endloop
  endfacet
  facet normal -0 0 -1
    outer loop
      vertex 26.4815 16.0299 2.6
      vertex 25.5858 14.3542 2.6
      vertex 26.3889 16.0854 2.6
    endloop
  endfacet
  facet normal 0 0 -1
    outer loop
      vertex 25.3333 14.5056 2.6
      vertex 26.3889 16.0854 2.6
      vertex 25.5858 14.3542 2.6
    endloop
  endfacet
  facet normal -0 0 -1
    outer loop
      vertex 26.3889 16.0854 2.6
      vertex 25.3333 14.5056 2.6
      vertex 26.3022 16.1497 2.6
    endloop
  endfacet
  facet normal 0 0 -1
    outer loop
      vertex 25.0968 14.681 2.6
      vertex 26.3022 16.1497 2.6
      vertex 25.3333 14.5056 2.6
    endloop
  endfacet
  facet normal -0 0 -1
    outer loop
      vertex 26.3022 16.1497 2.6
      vertex 25.0968 14.681 2.6
      vertex 26.2222 16.2222 2.6
    endloop
  endfacet
  facet normal 0 0 -1
    outer loop
      vertex 24.8787 14.8787 2.6
      vertex 26.2222 16.2222 2.6
      vertex 25.0968 14.681 2.6
    endloop
  endfacet
  facet normal -0 0 -1
    outer loop
      vertex 26.2222 16.2222 2.6
      vertex 24.8787 14.8787 2.6
      vertex 26.1497 16.3022 2.6
    endloop
  endfacet
  facet normal 0 0 -1
    outer loop
      vertex 24.681 15.0968 2.6
      vertex 26.1497 16.3022 2.6
      vertex 24.8787 14.8787 2.6
    endloop
  endfacet
  facet normal 0 0 -1
    outer loop
      vertex 24.5056 15.3333 2.6
      vertex 26.0854 16.3889 2.6
      vertex 24.681 15.0968 2.6
    endloop
  endfacet
  facet normal -0 0 -1
    outer loop
      vertex 26.1497 16.3022 2.6
      vertex 24.681 15.0968 2.6
      vertex 26.0854 16.3889 2.6
    endloop
  endfacet
  facet normal -0 0 -1
    outer loop
      vertex 29.4944 18.6667 2.6
      vertex 27.9146 17.6111 2.6
      vertex 29.319 18.9032 2.6
    endloop
  endfacet
  facet normal 0 0 -1
    outer loop
      vertex 27.8503 17.6978 2.6
      vertex 29.319 18.9032 2.6
      vertex 27.9146 17.6111 2.6
    endloop
  endfacet
  facet normal -0 0 -1
    outer loop
      vertex 29.319 18.9032 2.6
      vertex 27.8503 17.6978 2.6
      vertex 29.1213 19.1213 2.6
    endloop
  endfacet
  facet normal 0 0 -1
    outer loop
      vertex 27.7778 17.7778 2.6
      vertex 29.1213 19.1213 2.6
      vertex 27.8503 17.6978 2.6
    endloop
  endfacet
  facet normal -0 0 -1
    outer loop
      vertex 29.1213 19.1213 2.6
      vertex 27.7778 17.7778 2.6
      vertex 28.9032 19.319 2.6
    endloop
  endfacet
  facet normal 0 0 -1
    outer loop
      vertex 27.6978 17.8503 2.6
      vertex 28.9032 19.319 2.6
      vertex 27.7778 17.7778 2.6
    endloop
  endfacet
  facet normal -0 0 -1
    outer loop
      vertex 28.9032 19.319 2.6
      vertex 27.6978 17.8503 2.6
      vertex 28.6667 19.4944 2.6
    endloop
  endfacet
  facet normal 0 0 -1
    outer loop
      vertex 27.6111 17.9146 2.6
      vertex 28.6667 19.4944 2.6
      vertex 27.6978 17.8503 2.6
    endloop
  endfacet
  facet normal -0 0 -1
    outer loop
      vertex 28.6667 19.4944 2.6
      vertex 27.6111 17.9146 2.6
      vertex 28.4142 19.6458 2.6
    endloop
  endfacet
  facet normal 0 0 -1
    outer loop
      vertex 27.5185 17.9701 2.6
      vertex 28.4142 19.6458 2.6
      vertex 27.6111 17.9146 2.6
    endloop
  endfacet
  facet normal -0 0 -1
    outer loop
      vertex 28.4142 19.6458 2.6
      vertex 27.5185 17.9701 2.6
      vertex 28.148 19.7716 2.6
    endloop
  endfacet
  facet normal 0 0 -1
    outer loop
      vertex 27.421 18.0163 2.6
      vertex 28.148 19.7716 2.6
      vertex 27.5185 17.9701 2.6
    endloop
  endfacet
  facet normal -0 0 -1
    outer loop
      vertex 28.148 19.7716 2.6
      vertex 27.421 18.0163 2.6
      vertex 27.8709 19.8708 2.6
    endloop
  endfacet
  facet normal 0 0 -1
    outer loop
      vertex 27.3193 18.0526 2.6
      vertex 27.8709 19.8708 2.6
      vertex 27.421 18.0163 2.6
    endloop
  endfacet
  facet normal -0 0 -1
    outer loop
      vertex 27.8709 19.8708 2.6
      vertex 27.3193 18.0526 2.6
      vertex 27.5853 19.9424 2.6
    endloop
  endfacet
  facet normal 0 0 -1
    outer loop
      vertex 27.2146 18.0789 2.6
      vertex 27.5853 19.9424 2.6
      vertex 27.3193 18.0526 2.6
    endloop
  endfacet
  facet normal -0 0 -1
    outer loop
      vertex 27.5853 19.9424 2.6
      vertex 27.2146 18.0789 2.6
      vertex 27.2941 19.9856 2.6
    endloop
  endfacet
  facet normal 0 0 -1
    outer loop
      vertex 27.1078 18.0947 2.6
      vertex 27.2941 19.9856 2.6
      vertex 27.2146 18.0789 2.6
    endloop
  endfacet
  facet normal 0 0 -1
    outer loop
      vertex 27 18.1 2.6
      vertex 27.2941 19.9856 2.6
      vertex 27.1078 18.0947 2.6
    endloop
  endfacet
  facet normal 0 0 -1
    outer loop
      vertex 27 18.1 2.6
      vertex 27 20 2.6
      vertex 27.2941 19.9856 2.6
    endloop
  endfacet
  facet normal 0 0 -1
    outer loop
      vertex 26.8922 18.0947 2.6
      vertex 27 20 2.6
      vertex 27 18.1 2.6
    endloop
  endfacet
  facet normal 0 0 -1
    outer loop
      vertex 26.7059 19.9856 2.6
      vertex 26.8922 18.0947 2.6
      vertex 26.7854 18.0789 2.6
    endloop
  endfacet
  facet normal 0 0 -1
    outer loop
      vertex 26.8922 18.0947 2.6
      vertex 26.7059 19.9856 2.6
      vertex 27 20 2.6
    endloop
  endfacet
  facet normal 0 0 -1
    outer loop
      vertex 26.4147 19.9424 2.6
      vertex 26.7854 18.0789 2.6
      vertex 26.6807 18.0526 2.6
    endloop
  endfacet
  facet normal 0 0 -1
    outer loop
      vertex 26.1291 19.8708 2.6
      vertex 26.6807 18.0526 2.6
      vertex 26.579 18.0163 2.6
    endloop
  endfacet
  facet normal 0 0 -1
    outer loop
      vertex 25.852 19.7716 2.6
      vertex 26.579 18.0163 2.6
      vertex 26.4815 17.9701 2.6
    endloop
  endfacet
  facet normal 0 0 -1
    outer loop
      vertex 26.7854 18.0789 2.6
      vertex 26.4147 19.9424 2.6
      vertex 26.7059 19.9856 2.6
    endloop
  endfacet
  facet normal 0 0 -1
    outer loop
      vertex 25.5858 19.6458 2.6
      vertex 26.4815 17.9701 2.6
      vertex 26.3889 17.9146 2.6
    endloop
  endfacet
  facet normal 0 0 -1
    outer loop
      vertex 25.3333 19.4944 2.6
      vertex 26.3889 17.9146 2.6
      vertex 26.3022 17.8503 2.6
    endloop
  endfacet
  facet normal 0 0 -1
    outer loop
      vertex 25.0968 19.319 2.6
      vertex 26.3022 17.8503 2.6
      vertex 26.2222 17.7778 2.6
    endloop
  endfacet
  facet normal 0 0 -1
    outer loop
      vertex 24.8787 19.1213 2.6
      vertex 26.2222 17.7778 2.6
      vertex 26.1497 17.6978 2.6
    endloop
  endfacet
  facet normal 0 0 -1
    outer loop
      vertex 26.6807 18.0526 2.6
      vertex 26.1291 19.8708 2.6
      vertex 26.4147 19.9424 2.6
    endloop
  endfacet
  facet normal 0 0 -1
    outer loop
      vertex 24.681 18.9032 2.6
      vertex 26.1497 17.6978 2.6
      vertex 26.0854 17.6111 2.6
    endloop
  endfacet
  facet normal 0 0 -1
    outer loop
      vertex 24.5056 18.6667 2.6
      vertex 26.0854 17.6111 2.6
      vertex 26.0299 17.5185 2.6
    endloop
  endfacet
  facet normal 0 0 -1
    outer loop
      vertex 24.3542 18.4142 2.6
      vertex 26.0299 17.5185 2.6
      vertex 25.9837 17.421 2.6
    endloop
  endfacet
  facet normal 0 0 -1
    outer loop
      vertex 24.2284 18.148 2.6
      vertex 25.9837 17.421 2.6
      vertex 25.9474 17.3193 2.6
    endloop
  endfacet
  facet normal 0 0 -1
    outer loop
      vertex 24.1292 17.8709 2.6
      vertex 25.9474 17.3193 2.6
      vertex 25.9211 17.2146 2.6
    endloop
  endfacet
  facet normal 0 0 -1
    outer loop
      vertex 24.0576 17.5853 2.6
      vertex 25.9211 17.2146 2.6
      vertex 25.9053 17.1078 2.6
    endloop
  endfacet
  facet normal 0 0 -1
    outer loop
      vertex 26.579 18.0163 2.6
      vertex 25.852 19.7716 2.6
      vertex 26.1291 19.8708 2.6
    endloop
  endfacet
  facet normal 0 0 -1
    outer loop
      vertex 24.0144 17.2941 2.6
      vertex 25.9053 17.1078 2.6
      vertex 25.9 17 2.6
    endloop
  endfacet
  facet normal -0 0 -1
    outer loop
      vertex 26.0854 16.3889 2.6
      vertex 24.5056 15.3333 2.6
      vertex 26.0299 16.4815 2.6
    endloop
  endfacet
  facet normal 0 0 -1
    outer loop
      vertex 24.3542 15.5858 2.6
      vertex 26.0299 16.4815 2.6
      vertex 24.5056 15.3333 2.6
    endloop
  endfacet
  facet normal 0 0 -1
    outer loop
      vertex 26.4815 17.9701 2.6
      vertex 25.5858 19.6458 2.6
      vertex 25.852 19.7716 2.6
    endloop
  endfacet
  facet normal -0 0 -1
    outer loop
      vertex 26.0299 16.4815 2.6
      vertex 24.3542 15.5858 2.6
      vertex 25.9837 16.579 2.6
    endloop
  endfacet
  facet normal 0 0 -1
    outer loop
      vertex 26.3889 17.9146 2.6
      vertex 25.3333 19.4944 2.6
      vertex 25.5858 19.6458 2.6
    endloop
  endfacet
  facet normal 0 0 -1
    outer loop
      vertex 24.2284 15.852 2.6
      vertex 25.9837 16.579 2.6
      vertex 24.3542 15.5858 2.6
    endloop
  endfacet
  facet normal 0 0 -1
    outer loop
      vertex 26.3022 17.8503 2.6
      vertex 25.0968 19.319 2.6
      vertex 25.3333 19.4944 2.6
    endloop
  endfacet
  facet normal -0 0 -1
    outer loop
      vertex 25.9837 16.579 2.6
      vertex 24.2284 15.852 2.6
      vertex 25.9474 16.6807 2.6
    endloop
  endfacet
  facet normal 0 0 -1
    outer loop
      vertex 26.2222 17.7778 2.6
      vertex 24.8787 19.1213 2.6
      vertex 25.0968 19.319 2.6
    endloop
  endfacet
  facet normal 0 0 -1
    outer loop
      vertex 24.1292 16.1291 2.6
      vertex 25.9474 16.6807 2.6
      vertex 24.2284 15.852 2.6
    endloop
  endfacet
  facet normal 0 0 -1
    outer loop
      vertex 26.1497 17.6978 2.6
      vertex 24.681 18.9032 2.6
      vertex 24.8787 19.1213 2.6
    endloop
  endfacet
  facet normal -0 0 -1
    outer loop
      vertex 25.9474 16.6807 2.6
      vertex 24.1292 16.1291 2.6
      vertex 25.9211 16.7854 2.6
    endloop
  endfacet
  facet normal 0 0 -1
    outer loop
      vertex 26.0854 17.6111 2.6
      vertex 24.5056 18.6667 2.6
      vertex 24.681 18.9032 2.6
    endloop
  endfacet
  facet normal 0 0 -1
    outer loop
      vertex 24.0576 16.4147 2.6
      vertex 25.9211 16.7854 2.6
      vertex 24.1292 16.1291 2.6
    endloop
  endfacet
  facet normal 0 0 -1
    outer loop
      vertex 26.0299 17.5185 2.6
      vertex 24.3542 18.4142 2.6
      vertex 24.5056 18.6667 2.6
    endloop
  endfacet
  facet normal -0 0 -1
    outer loop
      vertex 25.9211 16.7854 2.6
      vertex 24.0576 16.4147 2.6
      vertex 25.9053 16.8922 2.6
    endloop
  endfacet
  facet normal 0 0 -1
    outer loop
      vertex 25.9837 17.421 2.6
      vertex 24.2284 18.148 2.6
      vertex 24.3542 18.4142 2.6
    endloop
  endfacet
  facet normal 0 0 -1
    outer loop
      vertex 24.0144 16.7059 2.6
      vertex 25.9053 16.8922 2.6
      vertex 24.0576 16.4147 2.6
    endloop
  endfacet
  facet normal 0 0 -1
    outer loop
      vertex 25.9474 17.3193 2.6
      vertex 24.1292 17.8709 2.6
      vertex 24.2284 18.148 2.6
    endloop
  endfacet
  facet normal -0 0 -1
    outer loop
      vertex 25.9053 16.8922 2.6
      vertex 24.0144 16.7059 2.6
      vertex 25.9 17 2.6
    endloop
  endfacet
  facet normal 0 0 -1
    outer loop
      vertex 25.9211 17.2146 2.6
      vertex 24.0576 17.5853 2.6
      vertex 24.1292 17.8709 2.6
    endloop
  endfacet
  facet normal 0 0 -1
    outer loop
      vertex 24 17 2.6
      vertex 25.9 17 2.6
      vertex 24.0144 16.7059 2.6
    endloop
  endfacet
  facet normal 0 0 -1
    outer loop
      vertex 25.9053 17.1078 2.6
      vertex 24.0144 17.2941 2.6
      vertex 24.0576 17.5853 2.6
    endloop
  endfacet
  facet normal 0 0 -1
    outer loop
      vertex 25.9 17 2.6
      vertex 24 17 2.6
      vertex 24.0144 17.2941 2.6
    endloop
  endfacet
  facet normal -0.671607 -0.740908 0
    outer loop
      vertex 24.8787 14.8787 2.6
      vertex 25.0968 14.681 28
      vertex 24.8787 14.8787 28
    endloop
  endfacet
  facet normal -0.671607 -0.740908 -0
    outer loop
      vertex 25.0968 14.681 28
      vertex 24.8787 14.8787 2.6
      vertex 25.0968 14.681 2.6
    endloop
  endfacet
  facet normal -0.803208 0.595699 0
    outer loop
      vertex 24.5056 18.6667 2.6
      vertex 24.681 18.9032 28
      vertex 24.681 18.9032 2.6
    endloop
  endfacet
  facet normal -0.803208 0.595699 0
    outer loop
      vertex 24.681 18.9032 28
      vertex 24.5056 18.6667 2.6
      vertex 24.5056 18.6667 28
    endloop
  endfacet
  facet normal -0.0489044 -0.998803 0
    outer loop
      vertex 26.7059 14.0144 2.6
      vertex 27 14 28
      vertex 26.7059 14.0144 28
    endloop
  endfacet
  facet normal -0.0489044 -0.998803 -0
    outer loop
      vertex 27 14 28
      vertex 26.7059 14.0144 2.6
      vertex 27 14 2.6
    endloop
  endfacet
  facet normal -0.146746 -0.989174 0
    outer loop
      vertex 26.4147 14.0576 2.6
      vertex 26.7059 14.0144 28
      vertex 26.4147 14.0576 28
    endloop
  endfacet
  facet normal -0.146746 -0.989174 -0
    outer loop
      vertex 26.7059 14.0144 28
      vertex 26.4147 14.0576 2.6
      vertex 26.7059 14.0144 2.6
    endloop
  endfacet
  facet normal -0.989174 0.146746 0
    outer loop
      vertex 24.0144 17.2941 2.6
      vertex 24.0576 17.5853 28
      vertex 24.0576 17.5853 2.6
    endloop
  endfacet
  facet normal -0.989174 0.146746 0
    outer loop
      vertex 24.0576 17.5853 28
      vertex 24.0144 17.2941 2.6
      vertex 24.0144 17.2941 28
    endloop
  endfacet
  facet normal -0.998803 0.0489044 0
    outer loop
      vertex 24 17 2.6
      vertex 24.0144 17.2941 28
      vertex 24.0144 17.2941 2.6
    endloop
  endfacet
  facet normal -0.998803 0.0489044 0
    outer loop
      vertex 24.0144 17.2941 28
      vertex 24 17 2.6
      vertex 24 17 28
    endloop
  endfacet
  facet normal -0.337047 -0.941488 0
    outer loop
      vertex 25.852 14.2284 2.6
      vertex 26.1291 14.1292 28
      vertex 25.852 14.2284 28
    endloop
  endfacet
  facet normal -0.337047 -0.941488 -0
    outer loop
      vertex 26.1291 14.1292 28
      vertex 25.852 14.2284 2.6
      vertex 26.1291 14.1292 2.6
    endloop
  endfacet
  facet normal 0.671607 -0.740908 0
    outer loop
      vertex 28.9032 14.681 2.6
      vertex 29.1213 14.8787 28
      vertex 28.9032 14.681 28
    endloop
  endfacet
  facet normal 0.671607 -0.740908 0
    outer loop
      vertex 29.1213 14.8787 28
      vertex 28.9032 14.681 2.6
      vertex 29.1213 14.8787 2.6
    endloop
  endfacet
  facet normal 0 0 1
    outer loop
      vertex 28.1 17 28
      vertex 30 17 28
      vertex 29.9856 17.2941 28
    endloop
  endfacet
  facet normal 0 0 1
    outer loop
      vertex 28.0947 17.1078 28
      vertex 29.9856 17.2941 28
      vertex 29.9424 17.5853 28
    endloop
  endfacet
  facet normal 0 0 1
    outer loop
      vertex 30 17 28
      vertex 28.1 17 28
      vertex 29.9856 16.7059 28
    endloop
  endfacet
  facet normal 0 0 1
    outer loop
      vertex 28.0789 17.2146 28
      vertex 29.9424 17.5853 28
      vertex 29.8708 17.8709 28
    endloop
  endfacet
  facet normal -0 0 1
    outer loop
      vertex 28.0947 16.8922 28
      vertex 29.9856 16.7059 28
      vertex 28.1 17 28
    endloop
  endfacet
  facet normal 0 0 1
    outer loop
      vertex 28.0526 17.3193 28
      vertex 29.8708 17.8709 28
      vertex 29.7716 18.148 28
    endloop
  endfacet
  facet normal 0 0 1
    outer loop
      vertex 29.9856 16.7059 28
      vertex 28.0947 16.8922 28
      vertex 29.9424 16.4147 28
    endloop
  endfacet
  facet normal 0 0 1
    outer loop
      vertex 28.0163 17.421 28
      vertex 29.7716 18.148 28
      vertex 29.6458 18.4142 28
    endloop
  endfacet
  facet normal -0 0 1
    outer loop
      vertex 28.0789 16.7854 28
      vertex 29.9424 16.4147 28
      vertex 28.0947 16.8922 28
    endloop
  endfacet
  facet normal 0 0 1
    outer loop
      vertex 27.9701 17.5185 28
      vertex 29.6458 18.4142 28
      vertex 29.4944 18.6667 28
    endloop
  endfacet
  facet normal 0 0 1
    outer loop
      vertex 29.9424 16.4147 28
      vertex 28.0789 16.7854 28
      vertex 29.8708 16.1291 28
    endloop
  endfacet
  facet normal 0 0 1
    outer loop
      vertex 27.9146 17.6111 28
      vertex 29.4944 18.6667 28
      vertex 29.319 18.9032 28
    endloop
  endfacet
  facet normal -0 0 1
    outer loop
      vertex 28.0526 16.6807 28
      vertex 29.8708 16.1291 28
      vertex 28.0789 16.7854 28
    endloop
  endfacet
  facet normal 0 0 1
    outer loop
      vertex 27.8503 17.6978 28
      vertex 29.319 18.9032 28
      vertex 29.1213 19.1213 28
    endloop
  endfacet
  facet normal 0 0 1
    outer loop
      vertex 29.8708 16.1291 28
      vertex 28.0526 16.6807 28
      vertex 29.7716 15.852 28
    endloop
  endfacet
  facet normal 0 0 1
    outer loop
      vertex 27.7778 17.7778 28
      vertex 29.1213 19.1213 28
      vertex 28.9032 19.319 28
    endloop
  endfacet
  facet normal -0 0 1
    outer loop
      vertex 28.0163 16.579 28
      vertex 29.7716 15.852 28
      vertex 28.0526 16.6807 28
    endloop
  endfacet
  facet normal 0 0 1
    outer loop
      vertex 27.6978 17.8503 28
      vertex 28.9032 19.319 28
      vertex 28.6667 19.4944 28
    endloop
  endfacet
  facet normal 0 0 1
    outer loop
      vertex 29.7716 15.852 28
      vertex 28.0163 16.579 28
      vertex 29.6458 15.5858 28
    endloop
  endfacet
  facet normal 0 0 1
    outer loop
      vertex 27.6111 17.9146 28
      vertex 28.6667 19.4944 28
      vertex 28.4142 19.6458 28
    endloop
  endfacet
  facet normal -0 0 1
    outer loop
      vertex 27.9701 16.4815 28
      vertex 29.6458 15.5858 28
      vertex 28.0163 16.579 28
    endloop
  endfacet
  facet normal 0 0 1
    outer loop
      vertex 27.5185 17.9701 28
      vertex 28.4142 19.6458 28
      vertex 28.148 19.7716 28
    endloop
  endfacet
  facet normal 0 0 1
    outer loop
      vertex 29.6458 15.5858 28
      vertex 27.9701 16.4815 28
      vertex 29.4944 15.3333 28
    endloop
  endfacet
  facet normal -0 0 1
    outer loop
      vertex 27.9146 16.3889 28
      vertex 29.4944 15.3333 28
      vertex 27.9701 16.4815 28
    endloop
  endfacet
  facet normal 0 0 1
    outer loop
      vertex 29.9856 17.2941 28
      vertex 28.0947 17.1078 28
      vertex 28.1 17 28
    endloop
  endfacet
  facet normal 0 0 1
    outer loop
      vertex 29.9424 17.5853 28
      vertex 28.0789 17.2146 28
      vertex 28.0947 17.1078 28
    endloop
  endfacet
  facet normal 0 0 1
    outer loop
      vertex 29.8708 17.8709 28
      vertex 28.0526 17.3193 28
      vertex 28.0789 17.2146 28
    endloop
  endfacet
  facet normal 0 0 1
    outer loop
      vertex 29.7716 18.148 28
      vertex 28.0163 17.421 28
      vertex 28.0526 17.3193 28
    endloop
  endfacet
  facet normal 0 0 1
    outer loop
      vertex 29.6458 18.4142 28
      vertex 27.9701 17.5185 28
      vertex 28.0163 17.421 28
    endloop
  endfacet
  facet normal 0 0 1
    outer loop
      vertex 29.4944 18.6667 28
      vertex 27.9146 17.6111 28
      vertex 27.9701 17.5185 28
    endloop
  endfacet
  facet normal 0 0 1
    outer loop
      vertex 27.421 18.0163 28
      vertex 28.148 19.7716 28
      vertex 27.8709 19.8708 28
    endloop
  endfacet
  facet normal 0 0 1
    outer loop
      vertex 29.319 18.9032 28
      vertex 27.8503 17.6978 28
      vertex 27.9146 17.6111 28
    endloop
  endfacet
  facet normal 0 0 1
    outer loop
      vertex 29.1213 19.1213 28
      vertex 27.7778 17.7778 28
      vertex 27.8503 17.6978 28
    endloop
  endfacet
  facet normal 0 0 1
    outer loop
      vertex 28.9032 19.319 28
      vertex 27.6978 17.8503 28
      vertex 27.7778 17.7778 28
    endloop
  endfacet
  facet normal 0 0 1
    outer loop
      vertex 28.6667 19.4944 28
      vertex 27.6111 17.9146 28
      vertex 27.6978 17.8503 28
    endloop
  endfacet
  facet normal 0 0 1
    outer loop
      vertex 27.3193 18.0526 28
      vertex 27.8709 19.8708 28
      vertex 27.5853 19.9424 28
    endloop
  endfacet
  facet normal 0 0 1
    outer loop
      vertex 28.4142 19.6458 28
      vertex 27.5185 17.9701 28
      vertex 27.6111 17.9146 28
    endloop
  endfacet
  facet normal 0 0 1
    outer loop
      vertex 28.148 19.7716 28
      vertex 27.421 18.0163 28
      vertex 27.5185 17.9701 28
    endloop
  endfacet
  facet normal 0 0 1
    outer loop
      vertex 27.8709 19.8708 28
      vertex 27.3193 18.0526 28
      vertex 27.421 18.0163 28
    endloop
  endfacet
  facet normal 0 0 1
    outer loop
      vertex 27.2146 18.0789 28
      vertex 27.5853 19.9424 28
      vertex 27.2941 19.9856 28
    endloop
  endfacet
  facet normal 0 0 1
    outer loop
      vertex 27.5853 19.9424 28
      vertex 27.2146 18.0789 28
      vertex 27.3193 18.0526 28
    endloop
  endfacet
  facet normal 0 0 1
    outer loop
      vertex 27.2941 19.9856 28
      vertex 27.1078 18.0947 28
      vertex 27.2146 18.0789 28
    endloop
  endfacet
  facet normal 0 0 1
    outer loop
      vertex 27 20 28
      vertex 27.1078 18.0947 28
      vertex 27.2941 19.9856 28
    endloop
  endfacet
  facet normal 0 0 1
    outer loop
      vertex 27 20 28
      vertex 27 18.1 28
      vertex 27.1078 18.0947 28
    endloop
  endfacet
  facet normal 0 0 1
    outer loop
      vertex 27 20 28
      vertex 26.8922 18.0947 28
      vertex 27 18.1 28
    endloop
  endfacet
  facet normal -0 0 1
    outer loop
      vertex 26.7059 19.9856 28
      vertex 26.8922 18.0947 28
      vertex 27 20 28
    endloop
  endfacet
  facet normal 0 0 1
    outer loop
      vertex 26.8922 18.0947 28
      vertex 26.7059 19.9856 28
      vertex 26.7854 18.0789 28
    endloop
  endfacet
  facet normal -0 0 1
    outer loop
      vertex 26.4147 19.9424 28
      vertex 26.7854 18.0789 28
      vertex 26.7059 19.9856 28
    endloop
  endfacet
  facet normal 0 0 1
    outer loop
      vertex 26.7854 18.0789 28
      vertex 26.4147 19.9424 28
      vertex 26.6807 18.0526 28
    endloop
  endfacet
  facet normal -0 0 1
    outer loop
      vertex 26.1291 19.8708 28
      vertex 26.6807 18.0526 28
      vertex 26.4147 19.9424 28
    endloop
  endfacet
  facet normal 0 0 1
    outer loop
      vertex 26.6807 18.0526 28
      vertex 26.1291 19.8708 28
      vertex 26.579 18.0163 28
    endloop
  endfacet
  facet normal -0 0 1
    outer loop
      vertex 25.852 19.7716 28
      vertex 26.579 18.0163 28
      vertex 26.1291 19.8708 28
    endloop
  endfacet
  facet normal 0 0 1
    outer loop
      vertex 26.579 18.0163 28
      vertex 25.852 19.7716 28
      vertex 26.4815 17.9701 28
    endloop
  endfacet
  facet normal -0 0 1
    outer loop
      vertex 25.5858 19.6458 28
      vertex 26.4815 17.9701 28
      vertex 25.852 19.7716 28
    endloop
  endfacet
  facet normal 0 0 1
    outer loop
      vertex 26.4815 17.9701 28
      vertex 25.5858 19.6458 28
      vertex 26.3889 17.9146 28
    endloop
  endfacet
  facet normal -0 0 1
    outer loop
      vertex 25.3333 19.4944 28
      vertex 26.3889 17.9146 28
      vertex 25.5858 19.6458 28
    endloop
  endfacet
  facet normal 0 0 1
    outer loop
      vertex 26.3889 17.9146 28
      vertex 25.3333 19.4944 28
      vertex 26.3022 17.8503 28
    endloop
  endfacet
  facet normal -0 0 1
    outer loop
      vertex 25.0968 19.319 28
      vertex 26.3022 17.8503 28
      vertex 25.3333 19.4944 28
    endloop
  endfacet
  facet normal 0 0 1
    outer loop
      vertex 26.3022 17.8503 28
      vertex 25.0968 19.319 28
      vertex 26.2222 17.7778 28
    endloop
  endfacet
  facet normal -0 0 1
    outer loop
      vertex 24.8787 19.1213 28
      vertex 26.2222 17.7778 28
      vertex 25.0968 19.319 28
    endloop
  endfacet
  facet normal 0 0 1
    outer loop
      vertex 26.2222 17.7778 28
      vertex 24.8787 19.1213 28
      vertex 26.1497 17.6978 28
    endloop
  endfacet
  facet normal -0 0 1
    outer loop
      vertex 24.681 18.9032 28
      vertex 26.1497 17.6978 28
      vertex 24.8787 19.1213 28
    endloop
  endfacet
  facet normal -0 0 1
    outer loop
      vertex 24.5056 18.6667 28
      vertex 26.0854 17.6111 28
      vertex 24.681 18.9032 28
    endloop
  endfacet
  facet normal 0 0 1
    outer loop
      vertex 26.1497 17.6978 28
      vertex 24.681 18.9032 28
      vertex 26.0854 17.6111 28
    endloop
  endfacet
  facet normal 0 0 1
    outer loop
      vertex 29.4944 15.3333 28
      vertex 27.9146 16.3889 28
      vertex 29.319 15.0968 28
    endloop
  endfacet
  facet normal -0 0 1
    outer loop
      vertex 27.8503 16.3022 28
      vertex 29.319 15.0968 28
      vertex 27.9146 16.3889 28
    endloop
  endfacet
  facet normal 0 0 1
    outer loop
      vertex 29.319 15.0968 28
      vertex 27.8503 16.3022 28
      vertex 29.1213 14.8787 28
    endloop
  endfacet
  facet normal -0 0 1
    outer loop
      vertex 27.7778 16.2222 28
      vertex 29.1213 14.8787 28
      vertex 27.8503 16.3022 28
    endloop
  endfacet
  facet normal 0 0 1
    outer loop
      vertex 29.1213 14.8787 28
      vertex 27.7778 16.2222 28
      vertex 28.9032 14.681 28
    endloop
  endfacet
  facet normal -0 0 1
    outer loop
      vertex 27.6978 16.1497 28
      vertex 28.9032 14.681 28
      vertex 27.7778 16.2222 28
    endloop
  endfacet
  facet normal 0 0 1
    outer loop
      vertex 28.9032 14.681 28
      vertex 27.6978 16.1497 28
      vertex 28.6667 14.5056 28
    endloop
  endfacet
  facet normal -0 0 1
    outer loop
      vertex 27.6111 16.0854 28
      vertex 28.6667 14.5056 28
      vertex 27.6978 16.1497 28
    endloop
  endfacet
  facet normal 0 0 1
    outer loop
      vertex 28.6667 14.5056 28
      vertex 27.6111 16.0854 28
      vertex 28.4142 14.3542 28
    endloop
  endfacet
  facet normal -0 0 1
    outer loop
      vertex 27.5185 16.0299 28
      vertex 28.4142 14.3542 28
      vertex 27.6111 16.0854 28
    endloop
  endfacet
  facet normal 0 0 1
    outer loop
      vertex 28.4142 14.3542 28
      vertex 27.5185 16.0299 28
      vertex 28.148 14.2284 28
    endloop
  endfacet
  facet normal -0 0 1
    outer loop
      vertex 27.421 15.9837 28
      vertex 28.148 14.2284 28
      vertex 27.5185 16.0299 28
    endloop
  endfacet
  facet normal 0 0 1
    outer loop
      vertex 28.148 14.2284 28
      vertex 27.421 15.9837 28
      vertex 27.8709 14.1292 28
    endloop
  endfacet
  facet normal -0 0 1
    outer loop
      vertex 27.3193 15.9474 28
      vertex 27.8709 14.1292 28
      vertex 27.421 15.9837 28
    endloop
  endfacet
  facet normal 0 0 1
    outer loop
      vertex 27.8709 14.1292 28
      vertex 27.3193 15.9474 28
      vertex 27.5853 14.0576 28
    endloop
  endfacet
  facet normal -0 0 1
    outer loop
      vertex 27.2146 15.9211 28
      vertex 27.5853 14.0576 28
      vertex 27.3193 15.9474 28
    endloop
  endfacet
  facet normal 0 0 1
    outer loop
      vertex 27.5853 14.0576 28
      vertex 27.2146 15.9211 28
      vertex 27.2941 14.0144 28
    endloop
  endfacet
  facet normal -0 0 1
    outer loop
      vertex 27.1078 15.9053 28
      vertex 27.2941 14.0144 28
      vertex 27.2146 15.9211 28
    endloop
  endfacet
  facet normal -0 0 1
    outer loop
      vertex 27 15.9 28
      vertex 27.2941 14.0144 28
      vertex 27.1078 15.9053 28
    endloop
  endfacet
  facet normal 0 0 1
    outer loop
      vertex 27 15.9 28
      vertex 27 14 28
      vertex 27.2941 14.0144 28
    endloop
  endfacet
  facet normal 0 0 1
    outer loop
      vertex 26.8922 15.9053 28
      vertex 27 14 28
      vertex 27 15.9 28
    endloop
  endfacet
  facet normal 0 0 1
    outer loop
      vertex 26.7059 14.0144 28
      vertex 26.8922 15.9053 28
      vertex 26.7854 15.9211 28
    endloop
  endfacet
  facet normal 0 0 1
    outer loop
      vertex 26.8922 15.9053 28
      vertex 26.7059 14.0144 28
      vertex 27 14 28
    endloop
  endfacet
  facet normal 0 0 1
    outer loop
      vertex 26.4147 14.0576 28
      vertex 26.7854 15.9211 28
      vertex 26.6807 15.9474 28
    endloop
  endfacet
  facet normal 0 0 1
    outer loop
      vertex 26.1291 14.1292 28
      vertex 26.6807 15.9474 28
      vertex 26.579 15.9837 28
    endloop
  endfacet
  facet normal 0 0 1
    outer loop
      vertex 25.852 14.2284 28
      vertex 26.579 15.9837 28
      vertex 26.4815 16.0299 28
    endloop
  endfacet
  facet normal 0 0 1
    outer loop
      vertex 26.7854 15.9211 28
      vertex 26.4147 14.0576 28
      vertex 26.7059 14.0144 28
    endloop
  endfacet
  facet normal 0 0 1
    outer loop
      vertex 25.5858 14.3542 28
      vertex 26.4815 16.0299 28
      vertex 26.3889 16.0854 28
    endloop
  endfacet
  facet normal 0 0 1
    outer loop
      vertex 25.3333 14.5056 28
      vertex 26.3889 16.0854 28
      vertex 26.3022 16.1497 28
    endloop
  endfacet
  facet normal 0 0 1
    outer loop
      vertex 25.0968 14.681 28
      vertex 26.3022 16.1497 28
      vertex 26.2222 16.2222 28
    endloop
  endfacet
  facet normal 0 0 1
    outer loop
      vertex 24.8787 14.8787 28
      vertex 26.2222 16.2222 28
      vertex 26.1497 16.3022 28
    endloop
  endfacet
  facet normal 0 0 1
    outer loop
      vertex 26.6807 15.9474 28
      vertex 26.1291 14.1292 28
      vertex 26.4147 14.0576 28
    endloop
  endfacet
  facet normal 0 0 1
    outer loop
      vertex 24.681 15.0968 28
      vertex 26.1497 16.3022 28
      vertex 26.0854 16.3889 28
    endloop
  endfacet
  facet normal 0 0 1
    outer loop
      vertex 24.5056 15.3333 28
      vertex 26.0854 16.3889 28
      vertex 26.0299 16.4815 28
    endloop
  endfacet
  facet normal 0 0 1
    outer loop
      vertex 24.3542 15.5858 28
      vertex 26.0299 16.4815 28
      vertex 25.9837 16.579 28
    endloop
  endfacet
  facet normal 0 0 1
    outer loop
      vertex 24.2284 15.852 28
      vertex 25.9837 16.579 28
      vertex 25.9474 16.6807 28
    endloop
  endfacet
  facet normal 0 0 1
    outer loop
      vertex 24.1292 16.1291 28
      vertex 25.9474 16.6807 28
      vertex 25.9211 16.7854 28
    endloop
  endfacet
  facet normal 0 0 1
    outer loop
      vertex 24.0576 16.4147 28
      vertex 25.9211 16.7854 28
      vertex 25.9053 16.8922 28
    endloop
  endfacet
  facet normal 0 0 1
    outer loop
      vertex 26.579 15.9837 28
      vertex 25.852 14.2284 28
      vertex 26.1291 14.1292 28
    endloop
  endfacet
  facet normal 0 0 1
    outer loop
      vertex 24.0144 16.7059 28
      vertex 25.9053 16.8922 28
      vertex 25.9 17 28
    endloop
  endfacet
  facet normal 0 0 1
    outer loop
      vertex 26.0854 17.6111 28
      vertex 24.5056 18.6667 28
      vertex 26.0299 17.5185 28
    endloop
  endfacet
  facet normal -0 0 1
    outer loop
      vertex 24.3542 18.4142 28
      vertex 26.0299 17.5185 28
      vertex 24.5056 18.6667 28
    endloop
  endfacet
  facet normal 0 0 1
    outer loop
      vertex 26.4815 16.0299 28
      vertex 25.5858 14.3542 28
      vertex 25.852 14.2284 28
    endloop
  endfacet
  facet normal 0 0 1
    outer loop
      vertex 26.0299 17.5185 28
      vertex 24.3542 18.4142 28
      vertex 25.9837 17.421 28
    endloop
  endfacet
  facet normal 0 0 1
    outer loop
      vertex 26.3889 16.0854 28
      vertex 25.3333 14.5056 28
      vertex 25.5858 14.3542 28
    endloop
  endfacet
  facet normal -0 0 1
    outer loop
      vertex 24.2284 18.148 28
      vertex 25.9837 17.421 28
      vertex 24.3542 18.4142 28
    endloop
  endfacet
  facet normal 0 0 1
    outer loop
      vertex 26.3022 16.1497 28
      vertex 25.0968 14.681 28
      vertex 25.3333 14.5056 28
    endloop
  endfacet
  facet normal 0 0 1
    outer loop
      vertex 25.9837 17.421 28
      vertex 24.2284 18.148 28
      vertex 25.9474 17.3193 28
    endloop
  endfacet
  facet normal 0 0 1
    outer loop
      vertex 26.2222 16.2222 28
      vertex 24.8787 14.8787 28
      vertex 25.0968 14.681 28
    endloop
  endfacet
  facet normal -0 0 1
    outer loop
      vertex 24.1292 17.8709 28
      vertex 25.9474 17.3193 28
      vertex 24.2284 18.148 28
    endloop
  endfacet
  facet normal 0 0 1
    outer loop
      vertex 26.1497 16.3022 28
      vertex 24.681 15.0968 28
      vertex 24.8787 14.8787 28
    endloop
  endfacet
  facet normal 0 0 1
    outer loop
      vertex 25.9474 17.3193 28
      vertex 24.1292 17.8709 28
      vertex 25.9211 17.2146 28
    endloop
  endfacet
  facet normal 0 0 1
    outer loop
      vertex 26.0854 16.3889 28
      vertex 24.5056 15.3333 28
      vertex 24.681 15.0968 28
    endloop
  endfacet
  facet normal -0 0 1
    outer loop
      vertex 24.0576 17.5853 28
      vertex 25.9211 17.2146 28
      vertex 24.1292 17.8709 28
    endloop
  endfacet
  facet normal 0 0 1
    outer loop
      vertex 26.0299 16.4815 28
      vertex 24.3542 15.5858 28
      vertex 24.5056 15.3333 28
    endloop
  endfacet
  facet normal 0 0 1
    outer loop
      vertex 25.9211 17.2146 28
      vertex 24.0576 17.5853 28
      vertex 25.9053 17.1078 28
    endloop
  endfacet
  facet normal 0 0 1
    outer loop
      vertex 25.9837 16.579 28
      vertex 24.2284 15.852 28
      vertex 24.3542 15.5858 28
    endloop
  endfacet
  facet normal -0 0 1
    outer loop
      vertex 24.0144 17.2941 28
      vertex 25.9053 17.1078 28
      vertex 24.0576 17.5853 28
    endloop
  endfacet
  facet normal 0 0 1
    outer loop
      vertex 25.9474 16.6807 28
      vertex 24.1292 16.1291 28
      vertex 24.2284 15.852 28
    endloop
  endfacet
  facet normal 0 0 1
    outer loop
      vertex 25.9053 17.1078 28
      vertex 24.0144 17.2941 28
      vertex 25.9 17 28
    endloop
  endfacet
  facet normal 0 0 1
    outer loop
      vertex 25.9211 16.7854 28
      vertex 24.0576 16.4147 28
      vertex 24.1292 16.1291 28
    endloop
  endfacet
  facet normal 0 0 1
    outer loop
      vertex 24 17 28
      vertex 25.9 17 28
      vertex 24.0144 17.2941 28
    endloop
  endfacet
  facet normal 0 0 1
    outer loop
      vertex 25.9053 16.8922 28
      vertex 24.0144 16.7059 28
      vertex 24.0576 16.4147 28
    endloop
  endfacet
  facet normal 0 0 1
    outer loop
      vertex 25.9 17 28
      vertex 24 17 28
      vertex 24.0144 16.7059 28
    endloop
  endfacet
  facet normal -0.989233 -0.146347 0
    outer loop
      vertex 28.0947 17.1078 2.6
      vertex 28.0789 17.2146 28
      vertex 28.0789 17.2146 2.6
    endloop
  endfacet
  facet normal -0.989233 -0.146347 0
    outer loop
      vertex 28.0789 17.2146 28
      vertex 28.0947 17.1078 2.6
      vertex 28.0947 17.1078 28
    endloop
  endfacet
  facet normal -0.998794 -0.0491058 0
    outer loop
      vertex 28.1 17 2.6
      vertex 28.0947 17.1078 28
      vertex 28.0947 17.1078 2.6
    endloop
  endfacet
  facet normal -0.998794 -0.0491058 0
    outer loop
      vertex 28.0947 17.1078 28
      vertex 28.1 17 2.6
      vertex 28.1 17 28
    endloop
  endfacet
  facet normal -0.969869 -0.243625 0
    outer loop
      vertex 28.0789 17.2146 2.6
      vertex 28.0526 17.3193 28
      vertex 28.0526 17.3193 2.6
    endloop
  endfacet
  facet normal -0.969869 -0.243625 0
    outer loop
      vertex 28.0526 17.3193 28
      vertex 28.0789 17.2146 2.6
      vertex 28.0789 17.2146 28
    endloop
  endfacet
  facet normal 0.428206 -0.903681 0
    outer loop
      vertex 26.4815 17.9701 2.6
      vertex 26.579 18.0163 28
      vertex 26.4815 17.9701 28
    endloop
  endfacet
  facet normal 0.428206 -0.903681 0
    outer loop
      vertex 26.579 18.0163 28
      vertex 26.4815 17.9701 2.6
      vertex 26.579 18.0163 2.6
    endloop
  endfacet
  facet normal -0.33616 -0.941805 0
    outer loop
      vertex 27.3193 18.0526 2.6
      vertex 27.421 18.0163 28
      vertex 27.3193 18.0526 28
    endloop
  endfacet
  facet normal -0.33616 -0.941805 -0
    outer loop
      vertex 27.421 18.0163 28
      vertex 27.3193 18.0526 2.6
      vertex 27.421 18.0163 2.6
    endloop
  endfacet
  facet normal -0.146347 -0.989233 0
    outer loop
      vertex 27.1078 18.0947 2.6
      vertex 27.2146 18.0789 28
      vertex 27.1078 18.0947 28
    endloop
  endfacet
  facet normal -0.146347 -0.989233 -0
    outer loop
      vertex 27.2146 18.0789 28
      vertex 27.1078 18.0947 2.6
      vertex 27.2146 18.0789 2.6
    endloop
  endfacet
  facet normal -0.998794 0.0491058 0
    outer loop
      vertex 28.0947 16.8922 2.6
      vertex 28.1 17 28
      vertex 28.1 17 2.6
    endloop
  endfacet
  facet normal -0.998794 0.0491058 0
    outer loop
      vertex 28.1 17 28
      vertex 28.0947 16.8922 2.6
      vertex 28.0947 16.8922 28
    endloop
  endfacet
  facet normal 0.33616 -0.941805 0
    outer loop
      vertex 26.579 18.0163 2.6
      vertex 26.6807 18.0526 28
      vertex 26.579 18.0163 28
    endloop
  endfacet
  facet normal 0.33616 -0.941805 0
    outer loop
      vertex 26.6807 18.0526 28
      vertex 26.579 18.0163 2.6
      vertex 26.6807 18.0526 2.6
    endloop
  endfacet
  facet normal -0.243625 0.969869 0
    outer loop
      vertex 27.3193 15.9474 2.6
      vertex 27.2146 15.9211 28
      vertex 27.3193 15.9474 28
    endloop
  endfacet
  facet normal -0.243625 0.969869 0
    outer loop
      vertex 27.2146 15.9211 28
      vertex 27.3193 15.9474 2.6
      vertex 27.2146 15.9211 2.6
    endloop
  endfacet
  facet normal -0.803212 0.595693 0
    outer loop
      vertex 27.8503 16.3022 2.6
      vertex 27.9146 16.3889 28
      vertex 27.9146 16.3889 2.6
    endloop
  endfacet
  facet normal -0.803212 0.595693 0
    outer loop
      vertex 27.9146 16.3889 28
      vertex 27.8503 16.3022 2.6
      vertex 27.8503 16.3022 28
    endloop
  endfacet
  facet normal 0.514087 -0.857738 0
    outer loop
      vertex 26.3889 17.9146 2.6
      vertex 26.4815 17.9701 28
      vertex 26.3889 17.9146 28
    endloop
  endfacet
  facet normal 0.514087 -0.857738 0
    outer loop
      vertex 26.4815 17.9701 28
      vertex 26.3889 17.9146 2.6
      vertex 26.4815 17.9701 2.6
    endloop
  endfacet
  facet normal 0.989233 0.146347 0
    outer loop
      vertex 25.9211 16.7854 28
      vertex 25.9053 16.8922 2.6
      vertex 25.9053 16.8922 28
    endloop
  endfacet
  facet normal 0.989233 0.146347 0
    outer loop
      vertex 25.9053 16.8922 2.6
      vertex 25.9211 16.7854 28
      vertex 25.9211 16.7854 2.6
    endloop
  endfacet
  facet normal 0.740987 -0.671519 0
    outer loop
      vertex 26.1497 17.6978 28
      vertex 26.2222 17.7778 2.6
      vertex 26.2222 17.7778 28
    endloop
  endfacet
  facet normal 0.740987 -0.671519 0
    outer loop
      vertex 26.2222 17.7778 2.6
      vertex 26.1497 17.6978 28
      vertex 26.1497 17.6978 2.6
    endloop
  endfacet
  facet normal 0.969869 -0.243625 0
    outer loop
      vertex 25.9211 17.2146 28
      vertex 25.9474 17.3193 2.6
      vertex 25.9474 17.3193 28
    endloop
  endfacet
  facet normal 0.969869 -0.243625 0
    outer loop
      vertex 25.9474 17.3193 2.6
      vertex 25.9211 17.2146 28
      vertex 25.9211 17.2146 2.6
    endloop
  endfacet
  facet normal -0.428206 0.903681 0
    outer loop
      vertex 27.5185 16.0299 2.6
      vertex 27.421 15.9837 28
      vertex 27.5185 16.0299 28
    endloop
  endfacet
  facet normal -0.428206 0.903681 0
    outer loop
      vertex 27.421 15.9837 28
      vertex 27.5185 16.0299 2.6
      vertex 27.421 15.9837 2.6
    endloop
  endfacet
  facet normal 0.0491058 -0.998794 0
    outer loop
      vertex 26.8922 18.0947 2.6
      vertex 27 18.1 28
      vertex 26.8922 18.0947 28
    endloop
  endfacet
  facet normal 0.0491058 -0.998794 0
    outer loop
      vertex 27 18.1 28
      vertex 26.8922 18.0947 2.6
      vertex 27 18.1 2.6
    endloop
  endfacet
  facet normal 0.595693 0.803212 -0
    outer loop
      vertex 26.3889 16.0854 2.6
      vertex 26.3022 16.1497 28
      vertex 26.3889 16.0854 28
    endloop
  endfacet
  facet normal 0.595693 0.803212 0
    outer loop
      vertex 26.3022 16.1497 28
      vertex 26.3889 16.0854 2.6
      vertex 26.3022 16.1497 2.6
    endloop
  endfacet
  facet normal -0.146347 0.989233 0
    outer loop
      vertex 27.2146 15.9211 2.6
      vertex 27.1078 15.9053 28
      vertex 27.2146 15.9211 28
    endloop
  endfacet
  facet normal -0.146347 0.989233 0
    outer loop
      vertex 27.1078 15.9053 28
      vertex 27.2146 15.9211 2.6
      vertex 27.1078 15.9053 2.6
    endloop
  endfacet
  facet normal 0.146347 -0.989233 0
    outer loop
      vertex 26.7854 18.0789 2.6
      vertex 26.8922 18.0947 28
      vertex 26.7854 18.0789 28
    endloop
  endfacet
  facet normal 0.146347 -0.989233 0
    outer loop
      vertex 26.8922 18.0947 28
      vertex 26.7854 18.0789 2.6
      vertex 26.8922 18.0947 2.6
    endloop
  endfacet
  facet normal 0.989233 -0.146347 0
    outer loop
      vertex 25.9053 17.1078 28
      vertex 25.9211 17.2146 2.6
      vertex 25.9211 17.2146 28
    endloop
  endfacet
  facet normal 0.989233 -0.146347 0
    outer loop
      vertex 25.9211 17.2146 2.6
      vertex 25.9053 17.1078 28
      vertex 25.9053 17.1078 2.6
    endloop
  endfacet
  facet normal 0.803212 0.595693 0
    outer loop
      vertex 26.1497 16.3022 28
      vertex 26.0854 16.3889 2.6
      vertex 26.0854 16.3889 28
    endloop
  endfacet
  facet normal 0.803212 0.595693 0
    outer loop
      vertex 26.0854 16.3889 2.6
      vertex 26.1497 16.3022 28
      vertex 26.1497 16.3022 2.6
    endloop
  endfacet
  facet normal -0.903681 0.428206 0
    outer loop
      vertex 27.9701 16.4815 2.6
      vertex 28.0163 16.579 28
      vertex 28.0163 16.579 2.6
    endloop
  endfacet
  facet normal -0.903681 0.428206 0
    outer loop
      vertex 28.0163 16.579 28
      vertex 27.9701 16.4815 2.6
      vertex 27.9701 16.4815 28
    endloop
  endfacet
  facet normal -0.671519 -0.740987 0
    outer loop
      vertex 27.6978 17.8503 2.6
      vertex 27.7778 17.7778 28
      vertex 27.6978 17.8503 28
    endloop
  endfacet
  facet normal -0.671519 -0.740987 -0
    outer loop
      vertex 27.7778 17.7778 28
      vertex 27.6978 17.8503 2.6
      vertex 27.7778 17.7778 2.6
    endloop
  endfacet
  facet normal 0.243625 -0.969869 0
    outer loop
      vertex 26.6807 18.0526 2.6
      vertex 26.7854 18.0789 28
      vertex 26.6807 18.0526 28
    endloop
  endfacet
  facet normal 0.243625 -0.969869 0
    outer loop
      vertex 26.7854 18.0789 28
      vertex 26.6807 18.0526 2.6
      vertex 26.7854 18.0789 2.6
    endloop
  endfacet
  facet normal -0.428206 -0.903681 0
    outer loop
      vertex 27.421 18.0163 2.6
      vertex 27.5185 17.9701 28
      vertex 27.421 18.0163 28
    endloop
  endfacet
  facet normal -0.428206 -0.903681 -0
    outer loop
      vertex 27.5185 17.9701 28
      vertex 27.421 18.0163 2.6
      vertex 27.5185 17.9701 2.6
    endloop
  endfacet
  facet normal -0.0491058 0.998794 0
    outer loop
      vertex 27.1078 15.9053 2.6
      vertex 27 15.9 28
      vertex 27.1078 15.9053 28
    endloop
  endfacet
  facet normal -0.0491058 0.998794 0
    outer loop
      vertex 27 15.9 28
      vertex 27.1078 15.9053 2.6
      vertex 27 15.9 2.6
    endloop
  endfacet
  facet normal -0.803212 -0.595693 0
    outer loop
      vertex 27.9146 17.6111 2.6
      vertex 27.8503 17.6978 28
      vertex 27.8503 17.6978 2.6
    endloop
  endfacet
  facet normal -0.803212 -0.595693 0
    outer loop
      vertex 27.8503 17.6978 28
      vertex 27.9146 17.6111 2.6
      vertex 27.9146 17.6111 28
    endloop
  endfacet
  facet normal 0.903681 0.428206 0
    outer loop
      vertex 26.0299 16.4815 28
      vertex 25.9837 16.579 2.6
      vertex 25.9837 16.579 28
    endloop
  endfacet
  facet normal 0.903681 0.428206 0
    outer loop
      vertex 25.9837 16.579 2.6
      vertex 26.0299 16.4815 28
      vertex 26.0299 16.4815 2.6
    endloop
  endfacet
  facet normal 0.740987 0.671519 0
    outer loop
      vertex 26.2222 16.2222 28
      vertex 26.1497 16.3022 2.6
      vertex 26.1497 16.3022 28
    endloop
  endfacet
  facet normal 0.740987 0.671519 0
    outer loop
      vertex 26.1497 16.3022 2.6
      vertex 26.2222 16.2222 28
      vertex 26.2222 16.2222 2.6
    endloop
  endfacet
  facet normal 0.33616 0.941805 -0
    outer loop
      vertex 26.6807 15.9474 2.6
      vertex 26.579 15.9837 28
      vertex 26.6807 15.9474 28
    endloop
  endfacet
  facet normal 0.33616 0.941805 0
    outer loop
      vertex 26.579 15.9837 28
      vertex 26.6807 15.9474 2.6
      vertex 26.579 15.9837 2.6
    endloop
  endfacet
  facet normal 0.0491058 0.998794 -0
    outer loop
      vertex 27 15.9 2.6
      vertex 26.8922 15.9053 28
      vertex 27 15.9 28
    endloop
  endfacet
  facet normal 0.0491058 0.998794 0
    outer loop
      vertex 26.8922 15.9053 28
      vertex 27 15.9 2.6
      vertex 26.8922 15.9053 2.6
    endloop
  endfacet
  facet normal 0.998794 -0.0491058 0
    outer loop
      vertex 25.9 17 28
      vertex 25.9053 17.1078 2.6
      vertex 25.9053 17.1078 28
    endloop
  endfacet
  facet normal 0.998794 -0.0491058 0
    outer loop
      vertex 25.9053 17.1078 2.6
      vertex 25.9 17 28
      vertex 25.9 17 2.6
    endloop
  endfacet
  facet normal -0.33616 0.941805 0
    outer loop
      vertex 27.421 15.9837 2.6
      vertex 27.3193 15.9474 28
      vertex 27.421 15.9837 28
    endloop
  endfacet
  facet normal -0.33616 0.941805 0
    outer loop
      vertex 27.3193 15.9474 28
      vertex 27.421 15.9837 2.6
      vertex 27.3193 15.9474 2.6
    endloop
  endfacet
  facet normal -0.969869 0.243625 0
    outer loop
      vertex 28.0526 16.6807 2.6
      vertex 28.0789 16.7854 28
      vertex 28.0789 16.7854 2.6
    endloop
  endfacet
  facet normal -0.969869 0.243625 0
    outer loop
      vertex 28.0789 16.7854 28
      vertex 28.0526 16.6807 2.6
      vertex 28.0526 16.6807 28
    endloop
  endfacet
  facet normal -0.941805 0.33616 0
    outer loop
      vertex 28.0163 16.579 2.6
      vertex 28.0526 16.6807 28
      vertex 28.0526 16.6807 2.6
    endloop
  endfacet
  facet normal -0.941805 0.33616 0
    outer loop
      vertex 28.0526 16.6807 28
      vertex 28.0163 16.579 2.6
      vertex 28.0163 16.579 28
    endloop
  endfacet
  facet normal -0.740987 0.671519 0
    outer loop
      vertex 27.7778 16.2222 2.6
      vertex 27.8503 16.3022 28
      vertex 27.8503 16.3022 2.6
    endloop
  endfacet
  facet normal -0.740987 0.671519 0
    outer loop
      vertex 27.8503 16.3022 28
      vertex 27.7778 16.2222 2.6
      vertex 27.7778 16.2222 28
    endloop
  endfacet
  facet normal -0.514087 -0.857738 0
    outer loop
      vertex 27.5185 17.9701 2.6
      vertex 27.6111 17.9146 28
      vertex 27.5185 17.9701 28
    endloop
  endfacet
  facet normal -0.514087 -0.857738 -0
    outer loop
      vertex 27.6111 17.9146 28
      vertex 27.5185 17.9701 2.6
      vertex 27.6111 17.9146 2.6
    endloop
  endfacet
  facet normal -0.243625 -0.969869 0
    outer loop
      vertex 27.2146 18.0789 2.6
      vertex 27.3193 18.0526 28
      vertex 27.2146 18.0789 28
    endloop
  endfacet
  facet normal -0.243625 -0.969869 -0
    outer loop
      vertex 27.3193 18.0526 28
      vertex 27.2146 18.0789 2.6
      vertex 27.3193 18.0526 2.6
    endloop
  endfacet
  facet normal -0.941805 -0.33616 0
    outer loop
      vertex 28.0526 17.3193 2.6
      vertex 28.0163 17.421 28
      vertex 28.0163 17.421 2.6
    endloop
  endfacet
  facet normal -0.941805 -0.33616 0
    outer loop
      vertex 28.0163 17.421 28
      vertex 28.0526 17.3193 2.6
      vertex 28.0526 17.3193 28
    endloop
  endfacet
  facet normal -0.595693 -0.803212 0
    outer loop
      vertex 27.6111 17.9146 2.6
      vertex 27.6978 17.8503 28
      vertex 27.6111 17.9146 28
    endloop
  endfacet
  facet normal -0.595693 -0.803212 -0
    outer loop
      vertex 27.6978 17.8503 28
      vertex 27.6111 17.9146 2.6
      vertex 27.6978 17.8503 2.6
    endloop
  endfacet
  facet normal 0.969869 0.243625 0
    outer loop
      vertex 25.9474 16.6807 28
      vertex 25.9211 16.7854 2.6
      vertex 25.9211 16.7854 28
    endloop
  endfacet
  facet normal 0.969869 0.243625 0
    outer loop
      vertex 25.9211 16.7854 2.6
      vertex 25.9474 16.6807 28
      vertex 25.9474 16.6807 2.6
    endloop
  endfacet
  facet normal -0.903681 -0.428206 0
    outer loop
      vertex 28.0163 17.421 2.6
      vertex 27.9701 17.5185 28
      vertex 27.9701 17.5185 2.6
    endloop
  endfacet
  facet normal -0.903681 -0.428206 0
    outer loop
      vertex 27.9701 17.5185 28
      vertex 28.0163 17.421 2.6
      vertex 28.0163 17.421 28
    endloop
  endfacet
  facet normal -0.0491058 -0.998794 0
    outer loop
      vertex 27 18.1 2.6
      vertex 27.1078 18.0947 28
      vertex 27 18.1 28
    endloop
  endfacet
  facet normal -0.0491058 -0.998794 -0
    outer loop
      vertex 27.1078 18.0947 28
      vertex 27 18.1 2.6
      vertex 27.1078 18.0947 2.6
    endloop
  endfacet
  facet normal -0.989233 0.146347 0
    outer loop
      vertex 28.0789 16.7854 2.6
      vertex 28.0947 16.8922 28
      vertex 28.0947 16.8922 2.6
    endloop
  endfacet
  facet normal -0.989233 0.146347 0
    outer loop
      vertex 28.0947 16.8922 28
      vertex 28.0789 16.7854 2.6
      vertex 28.0789 16.7854 28
    endloop
  endfacet
  facet normal -0.857738 -0.514087 0
    outer loop
      vertex 27.9701 17.5185 2.6
      vertex 27.9146 17.6111 28
      vertex 27.9146 17.6111 2.6
    endloop
  endfacet
  facet normal -0.857738 -0.514087 0
    outer loop
      vertex 27.9146 17.6111 28
      vertex 27.9701 17.5185 2.6
      vertex 27.9701 17.5185 28
    endloop
  endfacet
  facet normal 0.671519 0.740987 -0
    outer loop
      vertex 26.3022 16.1497 2.6
      vertex 26.2222 16.2222 28
      vertex 26.3022 16.1497 28
    endloop
  endfacet
  facet normal 0.671519 0.740987 0
    outer loop
      vertex 26.2222 16.2222 28
      vertex 26.3022 16.1497 2.6
      vertex 26.2222 16.2222 2.6
    endloop
  endfacet
  facet normal 0.671519 -0.740987 0
    outer loop
      vertex 26.2222 17.7778 2.6
      vertex 26.3022 17.8503 28
      vertex 26.2222 17.7778 28
    endloop
  endfacet
  facet normal 0.671519 -0.740987 0
    outer loop
      vertex 26.3022 17.8503 28
      vertex 26.2222 17.7778 2.6
      vertex 26.3022 17.8503 2.6
    endloop
  endfacet
  facet normal 0.857738 0.514087 0
    outer loop
      vertex 26.0854 16.3889 28
      vertex 26.0299 16.4815 2.6
      vertex 26.0299 16.4815 28
    endloop
  endfacet
  facet normal 0.857738 0.514087 0
    outer loop
      vertex 26.0299 16.4815 2.6
      vertex 26.0854 16.3889 28
      vertex 26.0854 16.3889 2.6
    endloop
  endfacet
  facet normal -0.671519 0.740987 0
    outer loop
      vertex 27.7778 16.2222 2.6
      vertex 27.6978 16.1497 28
      vertex 27.7778 16.2222 28
    endloop
  endfacet
  facet normal -0.671519 0.740987 0
    outer loop
      vertex 27.6978 16.1497 28
      vertex 27.7778 16.2222 2.6
      vertex 27.6978 16.1497 2.6
    endloop
  endfacet
  facet normal -0.595693 0.803212 0
    outer loop
      vertex 27.6978 16.1497 2.6
      vertex 27.6111 16.0854 28
      vertex 27.6978 16.1497 28
    endloop
  endfacet
  facet normal -0.595693 0.803212 0
    outer loop
      vertex 27.6111 16.0854 28
      vertex 27.6978 16.1497 2.6
      vertex 27.6111 16.0854 2.6
    endloop
  endfacet
  facet normal 0.857738 -0.514087 0
    outer loop
      vertex 26.0299 17.5185 28
      vertex 26.0854 17.6111 2.6
      vertex 26.0854 17.6111 28
    endloop
  endfacet
  facet normal 0.857738 -0.514087 0
    outer loop
      vertex 26.0854 17.6111 2.6
      vertex 26.0299 17.5185 28
      vertex 26.0299 17.5185 2.6
    endloop
  endfacet
  facet normal 0.146347 0.989233 -0
    outer loop
      vertex 26.8922 15.9053 2.6
      vertex 26.7854 15.9211 28
      vertex 26.8922 15.9053 28
    endloop
  endfacet
  facet normal 0.146347 0.989233 0
    outer loop
      vertex 26.7854 15.9211 28
      vertex 26.8922 15.9053 2.6
      vertex 26.7854 15.9211 2.6
    endloop
  endfacet
  facet normal 0.941805 0.33616 0
    outer loop
      vertex 25.9837 16.579 28
      vertex 25.9474 16.6807 2.6
      vertex 25.9474 16.6807 28
    endloop
  endfacet
  facet normal 0.941805 0.33616 0
    outer loop
      vertex 25.9474 16.6807 2.6
      vertex 25.9837 16.579 28
      vertex 25.9837 16.579 2.6
    endloop
  endfacet
  facet normal -0.857738 0.514087 0
    outer loop
      vertex 27.9146 16.3889 2.6
      vertex 27.9701 16.4815 28
      vertex 27.9701 16.4815 2.6
    endloop
  endfacet
  facet normal -0.857738 0.514087 0
    outer loop
      vertex 27.9701 16.4815 28
      vertex 27.9146 16.3889 2.6
      vertex 27.9146 16.3889 28
    endloop
  endfacet
  facet normal -0.740987 -0.671519 0
    outer loop
      vertex 27.8503 17.6978 2.6
      vertex 27.7778 17.7778 28
      vertex 27.7778 17.7778 2.6
    endloop
  endfacet
  facet normal -0.740987 -0.671519 0
    outer loop
      vertex 27.7778 17.7778 28
      vertex 27.8503 17.6978 2.6
      vertex 27.8503 17.6978 28
    endloop
  endfacet
  facet normal 0.903681 -0.428206 0
    outer loop
      vertex 25.9837 17.421 28
      vertex 26.0299 17.5185 2.6
      vertex 26.0299 17.5185 28
    endloop
  endfacet
  facet normal 0.903681 -0.428206 0
    outer loop
      vertex 26.0299 17.5185 2.6
      vertex 25.9837 17.421 28
      vertex 25.9837 17.421 2.6
    endloop
  endfacet
  facet normal 0.998794 0.0491058 0
    outer loop
      vertex 25.9053 16.8922 28
      vertex 25.9 17 2.6
      vertex 25.9 17 28
    endloop
  endfacet
  facet normal 0.998794 0.0491058 0
    outer loop
      vertex 25.9 17 2.6
      vertex 25.9053 16.8922 28
      vertex 25.9053 16.8922 2.6
    endloop
  endfacet
  facet normal -0.514087 0.857738 0
    outer loop
      vertex 27.6111 16.0854 2.6
      vertex 27.5185 16.0299 28
      vertex 27.6111 16.0854 28
    endloop
  endfacet
  facet normal -0.514087 0.857738 0
    outer loop
      vertex 27.5185 16.0299 28
      vertex 27.6111 16.0854 2.6
      vertex 27.5185 16.0299 2.6
    endloop
  endfacet
  facet normal 0.595693 -0.803212 0
    outer loop
      vertex 26.3022 17.8503 2.6
      vertex 26.3889 17.9146 28
      vertex 26.3022 17.8503 28
    endloop
  endfacet
  facet normal 0.595693 -0.803212 0
    outer loop
      vertex 26.3889 17.9146 28
      vertex 26.3022 17.8503 2.6
      vertex 26.3889 17.9146 2.6
    endloop
  endfacet
  facet normal 0.243625 0.969869 -0
    outer loop
      vertex 26.7854 15.9211 2.6
      vertex 26.6807 15.9474 28
      vertex 26.7854 15.9211 28
    endloop
  endfacet
  facet normal 0.243625 0.969869 0
    outer loop
      vertex 26.6807 15.9474 28
      vertex 26.7854 15.9211 2.6
      vertex 26.6807 15.9474 2.6
    endloop
  endfacet
  facet normal 0.514087 0.857738 -0
    outer loop
      vertex 26.4815 16.0299 2.6
      vertex 26.3889 16.0854 28
      vertex 26.4815 16.0299 28
    endloop
  endfacet
  facet normal 0.514087 0.857738 0
    outer loop
      vertex 26.3889 16.0854 28
      vertex 26.4815 16.0299 2.6
      vertex 26.3889 16.0854 2.6
    endloop
  endfacet
  facet normal 0.803212 -0.595693 0
    outer loop
      vertex 26.0854 17.6111 28
      vertex 26.1497 17.6978 2.6
      vertex 26.1497 17.6978 28
    endloop
  endfacet
  facet normal 0.803212 -0.595693 0
    outer loop
      vertex 26.1497 17.6978 2.6
      vertex 26.0854 17.6111 28
      vertex 26.0854 17.6111 2.6
    endloop
  endfacet
  facet normal 0.428206 0.903681 -0
    outer loop
      vertex 26.579 15.9837 2.6
      vertex 26.4815 16.0299 28
      vertex 26.579 15.9837 28
    endloop
  endfacet
  facet normal 0.428206 0.903681 0
    outer loop
      vertex 26.4815 16.0299 28
      vertex 26.579 15.9837 2.6
      vertex 26.4815 16.0299 2.6
    endloop
  endfacet
  facet normal 0.941805 -0.33616 0
    outer loop
      vertex 25.9474 17.3193 28
      vertex 25.9837 17.421 2.6
      vertex 25.9837 17.421 28
    endloop
  endfacet
  facet normal 0.941805 -0.33616 0
    outer loop
      vertex 25.9837 17.421 2.6
      vertex 25.9474 17.3193 28
      vertex 25.9474 17.3193 2.6
    endloop
  endfacet
  facet normal -0 0 1
    outer loop
      vertex 32.45 -7 7
      vertex 33 -17 7
      vertex 33 -7 7
    endloop
  endfacet
  facet normal 0 0 1
    outer loop
      vertex 33 -17 7
      vertex 32.45 -7 7
      vertex 32.45 -17 7
    endloop
  endfacet
  facet normal 1 -0 0
    outer loop
      vertex 32.45 -17 25
      vertex 32.45 -7 7
      vertex 32.45 -7 25
    endloop
  endfacet
  facet normal 1 0 0
    outer loop
      vertex 32.45 -7 7
      vertex 32.45 -17 25
      vertex 32.45 -17 7
    endloop
  endfacet
  facet normal 0 -1 0
    outer loop
      vertex 32.45 -7 7
      vertex 33 -7 25
      vertex 32.45 -7 25
    endloop
  endfacet
  facet normal 0 -1 -0
    outer loop
      vertex 33 -7 25
      vertex 32.45 -7 7
      vertex 33 -7 7
    endloop
  endfacet
  facet normal 0 1 -0
    outer loop
      vertex 33 -17 7
      vertex 32.45 -17 25
      vertex 33 -17 25
    endloop
  endfacet
  facet normal 0 1 0
    outer loop
      vertex 32.45 -17 25
      vertex 33 -17 7
      vertex 32.45 -17 7
    endloop
  endfacet
  facet normal 0 0 -1
    outer loop
      vertex 32.45 -17 25
      vertex 33 -7 25
      vertex 33 -17 25
    endloop
  endfacet
  facet normal -0 0 -1
    outer loop
      vertex 33 -7 25
      vertex 32.45 -17 25
      vertex 32.45 -7 25
    endloop
  endfacet
  facet normal -1 0 0
    outer loop
      vertex 7 -4 0
      vertex 7 4 1.4
      vertex 7 4 0
    endloop
  endfacet
  facet normal -1 -0 0
    outer loop
      vertex 7 4 1.4
      vertex 7 -4 0
      vertex 7 -4 1.4
    endloop
  endfacet
  facet normal 0 0 -1
    outer loop
      vertex -7 -4 1.4
      vertex 7 4 1.4
      vertex 7 -4 1.4
    endloop
  endfacet
  facet normal -0 0 -1
    outer loop
      vertex 7 4 1.4
      vertex -7 -4 1.4
      vertex -7 4 1.4
    endloop
  endfacet
  facet normal 1 -0 0
    outer loop
      vertex -7 -4 1.4
      vertex -7 4 0
      vertex -7 4 1.4
    endloop
  endfacet
  facet normal 1 0 0
    outer loop
      vertex -7 4 0
      vertex -7 -4 1.4
      vertex -7 -4 0
    endloop
  endfacet
  facet normal 0 -1 0
    outer loop
      vertex -7 4 0
      vertex 7 4 1.4
      vertex -7 4 1.4
    endloop
  endfacet
  facet normal 0 -1 -0
    outer loop
      vertex 7 4 1.4
      vertex -7 4 0
      vertex 7 4 0
    endloop
  endfacet
  facet normal 0 1 -0
    outer loop
      vertex 7 -4 0
      vertex -7 -4 1.4
      vertex 7 -4 1.4
    endloop
  endfacet
  facet normal 0 1 0
    outer loop
      vertex -7 -4 1.4
      vertex 7 -4 0
      vertex -7 -4 0
    endloop
  endfacet
  facet normal -0 0 1
    outer loop
      vertex -28.9032 -14.681 12
      vertex -28.7 -17.5 12
      vertex -28.7 -14.5303 12
    endloop
  endfacet
  facet normal -0 0 1
    outer loop
      vertex -29.1213 -14.8787 12
      vertex -28.7 -17.5 12
      vertex -28.9032 -14.681 12
    endloop
  endfacet
  facet normal -0 0 1
    outer loop
      vertex -29.319 -15.0968 12
      vertex -28.7 -17.5 12
      vertex -29.1213 -14.8787 12
    endloop
  endfacet
  facet normal -0 0 1
    outer loop
      vertex -29.4944 -15.3333 12
      vertex -28.7 -17.5 12
      vertex -29.319 -15.0968 12
    endloop
  endfacet
  facet normal -0 0 1
    outer loop
      vertex -29.6458 -15.5858 12
      vertex -28.7 -17.5 12
      vertex -29.4944 -15.3333 12
    endloop
  endfacet
  facet normal -0 0 1
    outer loop
      vertex -29.7716 -15.852 12
      vertex -28.7 -17.5 12
      vertex -29.6458 -15.5858 12
    endloop
  endfacet
  facet normal -0 0 1
    outer loop
      vertex -29.8708 -16.1291 12
      vertex -28.7 -17.5 12
      vertex -29.7716 -15.852 12
    endloop
  endfacet
  facet normal -0 0 1
    outer loop
      vertex -29.9424 -16.4147 12
      vertex -28.7 -17.5 12
      vertex -29.8708 -16.1291 12
    endloop
  endfacet
  facet normal -0 0 1
    outer loop
      vertex -29.9856 -16.7059 12
      vertex -28.7 -17.5 12
      vertex -29.9424 -16.4147 12
    endloop
  endfacet
  facet normal -0 0 1
    outer loop
      vertex -30 -17 12
      vertex -28.7 -17.5 12
      vertex -29.9856 -16.7059 12
    endloop
  endfacet
  facet normal -0 -0 1
    outer loop
      vertex -29.9856 -17.2941 12
      vertex -28.7 -17.5 12
      vertex -30 -17 12
    endloop
  endfacet
  facet normal 0 0 1
    outer loop
      vertex -28.7 -17.5 12
      vertex -29.9856 -17.2941 12
      vertex -29.955 -17.5 12
    endloop
  endfacet
  facet normal -0 0 1
    outer loop
      vertex -33 -2.5 12
      vertex -30.6 -17.5 12
      vertex -30.6 -2.5 12
    endloop
  endfacet
  facet normal 0 0 1
    outer loop
      vertex -30.6 -17.5 12
      vertex -33 -2.5 12
      vertex -33 -17.5 12
    endloop
  endfacet
  facet normal -1 0 0
    outer loop
      vertex -28.7 -17.5 12
      vertex -28.7 -14.5303 22
      vertex -28.7 -14.5303 12
    endloop
  endfacet
  facet normal -1 -0 0
    outer loop
      vertex -28.7 -14.5303 22
      vertex -28.7 -17.5 12
      vertex -28.7 -17.5 22
    endloop
  endfacet
  facet normal 0 0 -1
    outer loop
      vertex -28.7 -17.5 22
      vertex -28.9032 -14.681 22
      vertex -28.7 -14.5303 22
    endloop
  endfacet
  facet normal 0 0 -1
    outer loop
      vertex -28.7 -17.5 22
      vertex -29.1213 -14.8787 22
      vertex -28.9032 -14.681 22
    endloop
  endfacet
  facet normal 0 0 -1
    outer loop
      vertex -28.7 -17.5 22
      vertex -29.319 -15.0968 22
      vertex -29.1213 -14.8787 22
    endloop
  endfacet
  facet normal 0 0 -1
    outer loop
      vertex -28.7 -17.5 22
      vertex -29.4944 -15.3333 22
      vertex -29.319 -15.0968 22
    endloop
  endfacet
  facet normal 0 0 -1
    outer loop
      vertex -28.7 -17.5 22
      vertex -29.6458 -15.5858 22
      vertex -29.4944 -15.3333 22
    endloop
  endfacet
  facet normal 0 0 -1
    outer loop
      vertex -28.7 -17.5 22
      vertex -29.7716 -15.852 22
      vertex -29.6458 -15.5858 22
    endloop
  endfacet
  facet normal 0 0 -1
    outer loop
      vertex -28.7 -17.5 22
      vertex -29.8708 -16.1291 22
      vertex -29.7716 -15.852 22
    endloop
  endfacet
  facet normal 0 0 -1
    outer loop
      vertex -28.7 -17.5 22
      vertex -29.9424 -16.4147 22
      vertex -29.8708 -16.1291 22
    endloop
  endfacet
  facet normal 0 0 -1
    outer loop
      vertex -29.9856 -17.2941 22
      vertex -28.7 -17.5 22
      vertex -29.955 -17.5 22
    endloop
  endfacet
  facet normal 0 0 -1
    outer loop
      vertex -28.7 -17.5 22
      vertex -29.9856 -17.2941 22
      vertex -30 -17 22
    endloop
  endfacet
  facet normal 0 0 -1
    outer loop
      vertex -28.7 -17.5 22
      vertex -29.9856 -16.7059 22
      vertex -29.9424 -16.4147 22
    endloop
  endfacet
  facet normal 0 0 -1
    outer loop
      vertex -28.7 -17.5 22
      vertex -30 -17 22
      vertex -29.9856 -16.7059 22
    endloop
  endfacet
  facet normal 0 0 -1
    outer loop
      vertex -33 -17.5 22
      vertex -30.6 -2.5 22
      vertex -30.6 -17.5 22
    endloop
  endfacet
  facet normal -0 0 -1
    outer loop
      vertex -30.6 -2.5 22
      vertex -33 -17.5 22
      vertex -33 -2.5 22
    endloop
  endfacet
  facet normal 0 -1 0
    outer loop
      vertex -33 -2.5 12
      vertex -30.6 -2.5 22
      vertex -33 -2.5 22
    endloop
  endfacet
  facet normal 0 -1 -0
    outer loop
      vertex -30.6 -2.5 22
      vertex -33 -2.5 12
      vertex -30.6 -2.5 12
    endloop
  endfacet
  facet normal 0 1 -0
    outer loop
      vertex -28.7 -17.5 12
      vertex -29.955 -17.5 22
      vertex -28.7 -17.5 22
    endloop
  endfacet
  facet normal 0 1 0
    outer loop
      vertex -29.955 -17.5 22
      vertex -28.7 -17.5 12
      vertex -29.955 -17.5 12
    endloop
  endfacet
  facet normal 0 1 -0
    outer loop
      vertex -30.6 -17.5 12
      vertex -33 -17.5 22
      vertex -30.6 -17.5 22
    endloop
  endfacet
  facet normal 0 1 0
    outer loop
      vertex -33 -17.5 22
      vertex -30.6 -17.5 12
      vertex -33 -17.5 12
    endloop
  endfacet
  facet normal 0 -0.242874 0.970058
    outer loop
      vertex 30.6 12.2337 11.933
      vertex 33 11.8291 11.8317
      vertex 33 12.2337 11.933
    endloop
  endfacet
  facet normal 0 -0.242874 0.970058
    outer loop
      vertex 33 11.8291 11.8317
      vertex 30.6 12.2337 11.933
      vertex 30.6 11.8291 11.8317
    endloop
  endfacet
  facet normal 0 -0.989173 -0.146757
    outer loop
      vertex 29.2 15.2295 16.4166
      vertex 29.3721 15.1683 16.8291
      vertex 29.2 15.1683 16.8291
    endloop
  endfacet
  facet normal 0 -0.989173 -0.146757
    outer loop
      vertex 29.3721 15.1683 16.8291
      vertex 29.2 15.2295 16.4166
      vertex 29.4175 15.2295 16.4166
    endloop
  endfacet
  facet normal 0 -0.989173 -0.146757
    outer loop
      vertex 30.6 15.2295 16.4166
      vertex 33 15.1683 16.8291
      vertex 30.6 15.1683 16.8291
    endloop
  endfacet
  facet normal 0 -0.989173 -0.146757
    outer loop
      vertex 33 15.1683 16.8291
      vertex 30.6 15.2295 16.4166
      vertex 33 15.2295 16.4166
    endloop
  endfacet
  facet normal 0 -0.740905 -0.67161
    outer loop
      vertex 30.6 14.2853 18.6962
      vertex 33 14.0052 19.0052
      vertex 30.6 14.0052 19.0052
    endloop
  endfacet
  facet normal 0 -0.740905 -0.67161
    outer loop
      vertex 33 14.0052 19.0052
      vertex 30.6 14.2853 18.6962
      vertex 33 14.2853 18.6962
    endloop
  endfacet
  facet normal -0 0.146757 0.989173
    outer loop
      vertex 30.6 10.5834 11.7705
      vertex 33 10.1709 11.8317
      vertex 33 10.5834 11.7705
    endloop
  endfacet
  facet normal 0 0.146757 0.989173
    outer loop
      vertex 33 10.1709 11.8317
      vertex 30.6 10.5834 11.7705
      vertex 30.6 10.1709 11.8317
    endloop
  endfacet
  facet normal 0 -0.514178 0.857683
    outer loop
      vertex 30.6 13.3612 12.4663
      vertex 33 13.0034 12.2518
      vertex 33 13.3612 12.4663
    endloop
  endfacet
  facet normal 0 -0.514178 0.857683
    outer loop
      vertex 33 13.0034 12.2518
      vertex 30.6 13.3612 12.4663
      vertex 30.6 13.0034 12.2518
    endloop
  endfacet
  facet normal 0 -0.0491484 0.998791
    outer loop
      vertex 30.6 11.4166 11.7705
      vertex 33 11 11.75
      vertex 33 11.4166 11.7705
    endloop
  endfacet
  facet normal 0 -0.0491484 0.998791
    outer loop
      vertex 33 11 11.75
      vertex 30.6 11.4166 11.7705
      vertex 30.6 11 11.75
    endloop
  endfacet
  facet normal 0 -0.336868 0.941552
    outer loop
      vertex 30.6 12.6264 12.0735
      vertex 33 12.2337 11.933
      vertex 33 12.6264 12.0735
    endloop
  endfacet
  facet normal 0 -0.336868 0.941552
    outer loop
      vertex 33 12.2337 11.933
      vertex 30.6 12.6264 12.0735
      vertex 30.6 12.2337 11.933
    endloop
  endfacet
  facet normal 0 -0.903996 0.42754
    outer loop
      vertex 30.6 14.7482 13.9966
      vertex 33 14.9265 14.3736
      vertex 30.6 14.9265 14.3736
    endloop
  endfacet
  facet normal 0 -0.903996 0.42754
    outer loop
      vertex 33 14.9265 14.3736
      vertex 30.6 14.7482 13.9966
      vertex 33 14.7482 13.9966
    endloop
  endfacet
  facet normal 0 0.903978 0.427579
    outer loop
      vertex 33 7.25183 13.9966
      vertex 30.6 7.07351 14.3736
      vertex 33 7.07351 14.3736
    endloop
  endfacet
  facet normal 0 0.903978 0.427579
    outer loop
      vertex 30.6 7.07351 14.3736
      vertex 33 7.25183 13.9966
      vertex 30.6 7.25183 13.9966
    endloop
  endfacet
  facet normal 0 0.740917 0.671597
    outer loop
      vertex 33 7.9948 12.9948
      vertex 30.6 7.71471 13.3038
      vertex 33 7.71471 13.3038
    endloop
  endfacet
  facet normal 0 0.740917 0.671597
    outer loop
      vertex 30.6 7.71471 13.3038
      vertex 33 7.9948 12.9948
      vertex 30.6 7.9948 12.9948
    endloop
  endfacet
  facet normal 0 -0.242874 -0.970058
    outer loop
      vertex 30.6 11.8291 20.1683
      vertex 33 12.2337 20.067
      vertex 33 11.8291 20.1683
    endloop
  endfacet
  facet normal -0 -0.242874 -0.970058
    outer loop
      vertex 33 12.2337 20.067
      vertex 30.6 11.8291 20.1683
      vertex 30.6 12.2337 20.067
    endloop
  endfacet
  facet normal 0 0.998796 -0.0490527
    outer loop
      vertex 33 6.75 16
      vertex 30.6 6.77046 16.4166
      vertex 33 6.77046 16.4166
    endloop
  endfacet
  facet normal 0 0.998796 -0.0490527
    outer loop
      vertex 30.6 6.77046 16.4166
      vertex 33 6.75 16
      vertex 30.6 6.75 16
    endloop
  endfacet
  facet normal 0 -0.970095 -0.242727
    outer loop
      vertex 29.2 15.067 17.2337
      vertex 29.319 15.0968 17.1146
      vertex 29.292 15.067 17.2337
    endloop
  endfacet
  facet normal -0.000156144 -0.970058 -0.242874
    outer loop
      vertex 29.2 15.1683 16.8291
      vertex 29.319 15.0968 17.1146
      vertex 29.2 15.067 17.2337
    endloop
  endfacet
  facet normal 0 -0.970042 -0.242935
    outer loop
      vertex 29.319 15.0968 17.1146
      vertex 29.2 15.1683 16.8291
      vertex 29.3721 15.1683 16.8291
    endloop
  endfacet
  facet normal 0 -0.970058 -0.242874
    outer loop
      vertex 30.6 15.1683 16.8291
      vertex 33 15.067 17.2337
      vertex 30.6 15.067 17.2337
    endloop
  endfacet
  facet normal 0 -0.970058 -0.242874
    outer loop
      vertex 33 15.067 17.2337
      vertex 30.6 15.1683 16.8291
      vertex 33 15.1683 16.8291
    endloop
  endfacet
  facet normal -0 0.427503 0.904014
    outer loop
      vertex 30.6 9.3736 12.0735
      vertex 33 8.99656 12.2518
      vertex 33 9.3736 12.0735
    endloop
  endfacet
  facet normal 0 0.427503 0.904014
    outer loop
      vertex 33 8.99656 12.2518
      vertex 30.6 9.3736 12.0735
      vertex 30.6 8.99656 12.2518
    endloop
  endfacet
  facet normal 0 0.857768 -0.514037
    outer loop
      vertex 33 7.25183 18.0034
      vertex 30.6 7.46625 18.3612
      vertex 33 7.46625 18.3612
    endloop
  endfacet
  facet normal 0 0.857768 -0.514037
    outer loop
      vertex 30.6 7.46625 18.3612
      vertex 33 7.25183 18.0034
      vertex 30.6 7.25183 18.0034
    endloop
  endfacet
  facet normal 0 0.595617 -0.803268
    outer loop
      vertex 30.6 8.30383 19.2853
      vertex 33 8.63883 19.5337
      vertex 33 8.30383 19.2853
    endloop
  endfacet
  facet normal 0 0.595617 -0.803268
    outer loop
      vertex 33 8.63883 19.5337
      vertex 30.6 8.30383 19.2853
      vertex 30.6 8.63883 19.5337
    endloop
  endfacet
  facet normal 0 -0.42754 -0.903996
    outer loop
      vertex 30.6 12.6264 19.9265
      vertex 33 13.0034 19.7482
      vertex 33 12.6264 19.9265
    endloop
  endfacet
  facet normal -0 -0.42754 -0.903996
    outer loop
      vertex 33 13.0034 19.7482
      vertex 30.6 12.6264 19.9265
      vertex 30.6 13.0034 19.7482
    endloop
  endfacet
  facet normal -0 0.0491484 0.998791
    outer loop
      vertex 30.6 11 11.75
      vertex 33 10.5834 11.7705
      vertex 33 11 11.75
    endloop
  endfacet
  facet normal 0 0.0491484 0.998791
    outer loop
      vertex 33 10.5834 11.7705
      vertex 30.6 11 11.75
      vertex 30.6 10.5834 11.7705
    endloop
  endfacet
  facet normal 0 -0.941554 0.336862
    outer loop
      vertex 29.292 15.067 14.7663
      vertex 29.2 15.067 14.7663
      vertex 29.2 14.9655 14.4826
    endloop
  endfacet
  facet normal 0 -0.941552 0.336868
    outer loop
      vertex 30.6 14.9265 14.3736
      vertex 33 15.067 14.7663
      vertex 30.6 15.067 14.7663
    endloop
  endfacet
  facet normal 0 -0.941552 0.336868
    outer loop
      vertex 33 15.067 14.7663
      vertex 30.6 14.9265 14.3736
      vertex 33 14.9265 14.3736
    endloop
  endfacet
  facet normal 0 -0.941554 -0.336862
    outer loop
      vertex 29.2 15.067 17.2337
      vertex 29.292 15.067 17.2337
      vertex 29.2 14.9655 17.5174
    endloop
  endfacet
  facet normal 0 -0.941552 -0.336868
    outer loop
      vertex 30.6 15.067 17.2337
      vertex 33 14.9265 17.6264
      vertex 30.6 14.9265 17.6264
    endloop
  endfacet
  facet normal 0 -0.941552 -0.336868
    outer loop
      vertex 33 14.9265 17.6264
      vertex 30.6 15.067 17.2337
      vertex 33 15.067 17.2337
    endloop
  endfacet
  facet normal 0 -0.998791 0.0491484
    outer loop
      vertex 29.4175 15.2295 15.5834
      vertex 29.2 15.25 16
      vertex 29.2 15.2295 15.5834
    endloop
  endfacet
  facet normal 0 -0.998791 0.0491484
    outer loop
      vertex 29.2 15.25 16
      vertex 29.4175 15.2295 15.5834
      vertex 29.4326 15.25 16
    endloop
  endfacet
  facet normal 0 -0.998791 0.0491484
    outer loop
      vertex 30.6 15.2295 15.5834
      vertex 33 15.25 16
      vertex 30.6 15.25 16
    endloop
  endfacet
  facet normal 0 -0.998791 0.0491484
    outer loop
      vertex 33 15.25 16
      vertex 30.6 15.2295 15.5834
      vertex 33 15.2295 15.5834
    endloop
  endfacet
  facet normal 0 -0.42754 0.903996
    outer loop
      vertex 30.6 13.0034 12.2518
      vertex 33 12.6264 12.0735
      vertex 33 13.0034 12.2518
    endloop
  endfacet
  facet normal 0 -0.42754 0.903996
    outer loop
      vertex 33 12.6264 12.0735
      vertex 30.6 13.0034 12.2518
      vertex 30.6 12.6264 12.0735
    endloop
  endfacet
  facet normal -0 0.242868 0.970059
    outer loop
      vertex 30.6 10.1709 11.8317
      vertex 33 9.76629 11.933
      vertex 33 10.1709 11.8317
    endloop
  endfacet
  facet normal 0 0.242868 0.970059
    outer loop
      vertex 33 9.76629 11.933
      vertex 30.6 10.1709 11.8317
      vertex 30.6 9.76629 11.933
    endloop
  endfacet
  facet normal 0 -0.970042 0.242935
    outer loop
      vertex 29.2 15.1683 15.1709
      vertex 29.319 15.0968 14.8854
      vertex 29.3721 15.1683 15.1709
    endloop
  endfacet
  facet normal -0.000156144 -0.970058 0.242874
    outer loop
      vertex 29.2 15.067 14.7663
      vertex 29.319 15.0968 14.8854
      vertex 29.2 15.1683 15.1709
    endloop
  endfacet
  facet normal 0 -0.970095 0.242727
    outer loop
      vertex 29.319 15.0968 14.8854
      vertex 29.2 15.067 14.7663
      vertex 29.292 15.067 14.7663
    endloop
  endfacet
  facet normal 0 -0.970058 0.242874
    outer loop
      vertex 30.6 15.067 14.7663
      vertex 33 15.1683 15.1709
      vertex 30.6 15.1683 15.1709
    endloop
  endfacet
  facet normal 0 -0.970058 0.242874
    outer loop
      vertex 33 15.1683 15.1709
      vertex 30.6 15.067 14.7663
      vertex 33 15.067 14.7663
    endloop
  endfacet
  facet normal 0 0.242868 -0.970059
    outer loop
      vertex 30.6 9.76629 20.067
      vertex 33 10.1709 20.1683
      vertex 33 9.76629 20.067
    endloop
  endfacet
  facet normal 0 0.242868 -0.970059
    outer loop
      vertex 33 10.1709 20.1683
      vertex 30.6 9.76629 20.067
      vertex 30.6 10.1709 20.1683
    endloop
  endfacet
  facet normal 0 0.0491484 -0.998791
    outer loop
      vertex 30.6 10.5834 20.2295
      vertex 33 11 20.25
      vertex 33 10.5834 20.2295
    endloop
  endfacet
  facet normal 0 0.0491484 -0.998791
    outer loop
      vertex 33 11 20.25
      vertex 30.6 10.5834 20.2295
      vertex 30.6 11 20.25
    endloop
  endfacet
  facet normal -0 0.336876 0.941549
    outer loop
      vertex 30.6 9.76629 11.933
      vertex 33 9.3736 12.0735
      vertex 33 9.76629 11.933
    endloop
  endfacet
  facet normal 0 0.336876 0.941549
    outer loop
      vertex 33 9.3736 12.0735
      vertex 30.6 9.76629 11.933
      vertex 30.6 9.3736 12.0735
    endloop
  endfacet
  facet normal 0 -0.803268 -0.595617
    outer loop
      vertex 30.6 14.5337 18.3612
      vertex 33 14.2853 18.6962
      vertex 30.6 14.2853 18.6962
    endloop
  endfacet
  facet normal 0 -0.803268 -0.595617
    outer loop
      vertex 33 14.2853 18.6962
      vertex 30.6 14.5337 18.3612
      vertex 33 14.5337 18.3612
    endloop
  endfacet
  facet normal 0 0.857768 0.514037
    outer loop
      vertex 33 7.46625 13.6388
      vertex 30.6 7.25183 13.9966
      vertex 33 7.25183 13.9966
    endloop
  endfacet
  facet normal 0 0.857768 0.514037
    outer loop
      vertex 30.6 7.25183 13.9966
      vertex 33 7.46625 13.6388
      vertex 30.6 7.46625 13.6388
    endloop
  endfacet
  facet normal 0 -0.146757 0.989173
    outer loop
      vertex 30.6 11.8291 11.8317
      vertex 33 11.4166 11.7705
      vertex 33 11.8291 11.8317
    endloop
  endfacet
  facet normal 0 -0.146757 0.989173
    outer loop
      vertex 33 11.4166 11.7705
      vertex 30.6 11.8291 11.8317
      vertex 30.6 11.4166 11.7705
    endloop
  endfacet
  facet normal 0 0.970035 -0.242964
    outer loop
      vertex 33 6.83166 16.8291
      vertex 30.6 6.933 17.2337
      vertex 33 6.933 17.2337
    endloop
  endfacet
  facet normal 0 0.970035 -0.242964
    outer loop
      vertex 30.6 6.933 17.2337
      vertex 33 6.83166 16.8291
      vertex 30.6 6.83166 16.8291
    endloop
  endfacet
  facet normal 0 0.336876 -0.941549
    outer loop
      vertex 30.6 9.3736 19.9265
      vertex 33 9.76629 20.067
      vertex 33 9.3736 19.9265
    endloop
  endfacet
  facet normal 0 0.336876 -0.941549
    outer loop
      vertex 33 9.76629 20.067
      vertex 30.6 9.3736 19.9265
      vertex 30.6 9.76629 20.067
    endloop
  endfacet
  facet normal 0 0.989173 0.146757
    outer loop
      vertex 33 6.83166 15.1709
      vertex 30.6 6.77046 15.5834
      vertex 33 6.77046 15.5834
    endloop
  endfacet
  facet normal 0 0.989173 0.146757
    outer loop
      vertex 30.6 6.77046 15.5834
      vertex 33 6.83166 15.1709
      vertex 30.6 6.83166 15.1709
    endloop
  endfacet
  facet normal 0 0.427503 -0.904014
    outer loop
      vertex 30.6 8.99656 19.7482
      vertex 33 9.3736 19.9265
      vertex 33 8.99656 19.7482
    endloop
  endfacet
  facet normal 0 0.427503 -0.904014
    outer loop
      vertex 33 9.3736 19.9265
      vertex 30.6 8.99656 19.7482
      vertex 30.6 9.3736 19.9265
    endloop
  endfacet
  facet normal 0 -0.857683 -0.514178
    outer loop
      vertex 30.6 14.7482 18.0034
      vertex 33 14.5337 18.3612
      vertex 30.6 14.5337 18.3612
    endloop
  endfacet
  facet normal 0 -0.857683 -0.514178
    outer loop
      vertex 33 14.5337 18.3612
      vertex 30.6 14.7482 18.0034
      vertex 33 14.7482 18.0034
    endloop
  endfacet
  facet normal 0 -0.803268 0.595617
    outer loop
      vertex 30.6 14.2853 13.3038
      vertex 33 14.5337 13.6388
      vertex 30.6 14.5337 13.6388
    endloop
  endfacet
  facet normal 0 -0.803268 0.595617
    outer loop
      vertex 33 14.5337 13.6388
      vertex 30.6 14.2853 13.3038
      vertex 33 14.2853 13.3038
    endloop
  endfacet
  facet normal 0 0.941544 0.336889
    outer loop
      vertex 33 7.07351 14.3736
      vertex 30.6 6.933 14.7663
      vertex 33 6.933 14.7663
    endloop
  endfacet
  facet normal 0 0.941544 0.336889
    outer loop
      vertex 30.6 6.933 14.7663
      vertex 33 7.07351 14.3736
      vertex 30.6 7.07351 14.3736
    endloop
  endfacet
  facet normal -0 0.514252 0.857639
    outer loop
      vertex 30.6 8.99656 12.2518
      vertex 33 8.63883 12.4663
      vertex 33 8.99656 12.2518
    endloop
  endfacet
  facet normal 0 0.514252 0.857639
    outer loop
      vertex 33 8.63883 12.4663
      vertex 30.6 8.99656 12.2518
      vertex 30.6 8.63883 12.4663
    endloop
  endfacet
  facet normal 0 -0.857683 0.514178
    outer loop
      vertex 30.6 14.5337 13.6388
      vertex 33 14.7482 13.9966
      vertex 30.6 14.7482 13.9966
    endloop
  endfacet
  facet normal 0 -0.857683 0.514178
    outer loop
      vertex 33 14.7482 13.9966
      vertex 30.6 14.5337 13.6388
      vertex 33 14.5337 13.6388
    endloop
  endfacet
  facet normal 0 -0.740905 0.67161
    outer loop
      vertex 30.6 14.0052 12.9948
      vertex 33 14.2853 13.3038
      vertex 30.6 14.2853 13.3038
    endloop
  endfacet
  facet normal 0 -0.740905 0.67161
    outer loop
      vertex 33 14.2853 13.3038
      vertex 30.6 14.0052 12.9948
      vertex 33 14.0052 12.9948
    endloop
  endfacet
  facet normal 0 -0.146757 -0.989173
    outer loop
      vertex 30.6 11.4166 20.2295
      vertex 33 11.8291 20.1683
      vertex 33 11.4166 20.2295
    endloop
  endfacet
  facet normal -0 -0.146757 -0.989173
    outer loop
      vertex 33 11.8291 20.1683
      vertex 30.6 11.4166 20.2295
      vertex 30.6 11.8291 20.1683
    endloop
  endfacet
  facet normal 0 -0.903996 -0.42754
    outer loop
      vertex 30.6 14.9265 17.6264
      vertex 33 14.7482 18.0034
      vertex 30.6 14.7482 18.0034
    endloop
  endfacet
  facet normal 0 -0.903996 -0.42754
    outer loop
      vertex 33 14.7482 18.0034
      vertex 30.6 14.9265 17.6264
      vertex 33 14.9265 17.6264
    endloop
  endfacet
  facet normal -0 0.671574 0.740937
    outer loop
      vertex 30.6 8.30383 12.7147
      vertex 33 7.9948 12.9948
      vertex 33 8.30383 12.7147
    endloop
  endfacet
  facet normal 0 0.671574 0.740937
    outer loop
      vertex 33 7.9948 12.9948
      vertex 30.6 8.30383 12.7147
      vertex 30.6 7.9948 12.9948
    endloop
  endfacet
  facet normal 0 0.514252 -0.857639
    outer loop
      vertex 30.6 8.63883 19.5337
      vertex 33 8.99656 19.7482
      vertex 33 8.63883 19.5337
    endloop
  endfacet
  facet normal 0 0.514252 -0.857639
    outer loop
      vertex 33 8.99656 19.7482
      vertex 30.6 8.63883 19.5337
      vertex 30.6 8.99656 19.7482
    endloop
  endfacet
  facet normal 0 0.671574 -0.740937
    outer loop
      vertex 30.6 7.9948 19.0052
      vertex 33 8.30383 19.2853
      vertex 33 7.9948 19.0052
    endloop
  endfacet
  facet normal 0 0.671574 -0.740937
    outer loop
      vertex 33 8.30383 19.2853
      vertex 30.6 7.9948 19.0052
      vertex 30.6 8.30383 19.2853
    endloop
  endfacet
  facet normal 0 0.998796 0.0490527
    outer loop
      vertex 33 6.77046 15.5834
      vertex 30.6 6.75 16
      vertex 33 6.75 16
    endloop
  endfacet
  facet normal 0 0.998796 0.0490527
    outer loop
      vertex 30.6 6.75 16
      vertex 33 6.77046 15.5834
      vertex 30.6 6.77046 15.5834
    endloop
  endfacet
  facet normal 0 -0.989173 0.146757
    outer loop
      vertex 29.3721 15.1683 15.1709
      vertex 29.2 15.2295 15.5834
      vertex 29.2 15.1683 15.1709
    endloop
  endfacet
  facet normal 0 -0.989173 0.146757
    outer loop
      vertex 29.2 15.2295 15.5834
      vertex 29.3721 15.1683 15.1709
      vertex 29.4175 15.2295 15.5834
    endloop
  endfacet
  facet normal 0 -0.989173 0.146757
    outer loop
      vertex 30.6 15.1683 15.1709
      vertex 33 15.2295 15.5834
      vertex 30.6 15.2295 15.5834
    endloop
  endfacet
  facet normal 0 -0.989173 0.146757
    outer loop
      vertex 33 15.2295 15.5834
      vertex 30.6 15.1683 15.1709
      vertex 33 15.1683 15.1709
    endloop
  endfacet
  facet normal 0 -0.998791 -0.0491484
    outer loop
      vertex 29.2 15.25 16
      vertex 29.4175 15.2295 16.4166
      vertex 29.2 15.2295 16.4166
    endloop
  endfacet
  facet normal 0 -0.998791 -0.0491484
    outer loop
      vertex 29.4175 15.2295 16.4166
      vertex 29.2 15.25 16
      vertex 29.4326 15.25 16
    endloop
  endfacet
  facet normal 0 -0.998791 -0.0491484
    outer loop
      vertex 30.6 15.25 16
      vertex 33 15.2295 16.4166
      vertex 30.6 15.2295 16.4166
    endloop
  endfacet
  facet normal 0 -0.998791 -0.0491484
    outer loop
      vertex 33 15.2295 16.4166
      vertex 30.6 15.25 16
      vertex 33 15.25 16
    endloop
  endfacet
  facet normal -0 0.595617 0.803268
    outer loop
      vertex 30.6 8.63883 12.4663
      vertex 33 8.30383 12.7147
      vertex 33 8.63883 12.4663
    endloop
  endfacet
  facet normal 0 0.595617 0.803268
    outer loop
      vertex 33 8.30383 12.7147
      vertex 30.6 8.63883 12.4663
      vertex 30.6 8.30383 12.7147
    endloop
  endfacet
  facet normal 0 -0.595617 -0.803268
    outer loop
      vertex 30.6 13.3612 19.5337
      vertex 33 13.6962 19.2853
      vertex 33 13.3612 19.5337
    endloop
  endfacet
  facet normal -0 -0.595617 -0.803268
    outer loop
      vertex 33 13.6962 19.2853
      vertex 30.6 13.3612 19.5337
      vertex 30.6 13.6962 19.2853
    endloop
  endfacet
  facet normal 0 -0.67161 0.740905
    outer loop
      vertex 30.6 14.0052 12.9948
      vertex 33 13.6962 12.7147
      vertex 33 14.0052 12.9948
    endloop
  endfacet
  facet normal 0 -0.67161 0.740905
    outer loop
      vertex 33 13.6962 12.7147
      vertex 30.6 14.0052 12.9948
      vertex 30.6 13.6962 12.7147
    endloop
  endfacet
  facet normal 0 -0.595617 0.803268
    outer loop
      vertex 30.6 13.6962 12.7147
      vertex 33 13.3612 12.4663
      vertex 33 13.6962 12.7147
    endloop
  endfacet
  facet normal 0 -0.595617 0.803268
    outer loop
      vertex 33 13.3612 12.4663
      vertex 30.6 13.6962 12.7147
      vertex 30.6 13.3612 12.4663
    endloop
  endfacet
  facet normal 0 0.941544 -0.336889
    outer loop
      vertex 33 6.933 17.2337
      vertex 30.6 7.07351 17.6264
      vertex 33 7.07351 17.6264
    endloop
  endfacet
  facet normal 0 0.941544 -0.336889
    outer loop
      vertex 30.6 7.07351 17.6264
      vertex 33 6.933 17.2337
      vertex 30.6 6.933 17.2337
    endloop
  endfacet
  facet normal 0 0.146757 -0.989173
    outer loop
      vertex 30.6 10.1709 20.1683
      vertex 33 10.5834 20.2295
      vertex 33 10.1709 20.1683
    endloop
  endfacet
  facet normal 0 0.146757 -0.989173
    outer loop
      vertex 33 10.5834 20.2295
      vertex 30.6 10.1709 20.1683
      vertex 30.6 10.5834 20.2295
    endloop
  endfacet
  facet normal 0 -0.336868 -0.941552
    outer loop
      vertex 30.6 12.2337 20.067
      vertex 33 12.6264 19.9265
      vertex 33 12.2337 20.067
    endloop
  endfacet
  facet normal -0 -0.336868 -0.941552
    outer loop
      vertex 33 12.6264 19.9265
      vertex 30.6 12.2337 20.067
      vertex 30.6 12.6264 19.9265
    endloop
  endfacet
  facet normal 0 0.803199 0.59571
    outer loop
      vertex 33 7.71471 13.3038
      vertex 30.6 7.46625 13.6388
      vertex 33 7.46625 13.6388
    endloop
  endfacet
  facet normal 0 0.803199 0.59571
    outer loop
      vertex 30.6 7.46625 13.6388
      vertex 33 7.71471 13.3038
      vertex 30.6 7.71471 13.3038
    endloop
  endfacet
  facet normal 0 0.740917 -0.671597
    outer loop
      vertex 33 7.71471 18.6962
      vertex 30.6 7.9948 19.0052
      vertex 33 7.9948 19.0052
    endloop
  endfacet
  facet normal 0 0.740917 -0.671597
    outer loop
      vertex 30.6 7.9948 19.0052
      vertex 33 7.71471 18.6962
      vertex 30.6 7.71471 18.6962
    endloop
  endfacet
  facet normal 0 -0.67161 -0.740905
    outer loop
      vertex 30.6 13.6962 19.2853
      vertex 33 14.0052 19.0052
      vertex 33 13.6962 19.2853
    endloop
  endfacet
  facet normal -0 -0.67161 -0.740905
    outer loop
      vertex 33 14.0052 19.0052
      vertex 30.6 13.6962 19.2853
      vertex 30.6 14.0052 19.0052
    endloop
  endfacet
  facet normal 0 0.903978 -0.427579
    outer loop
      vertex 33 7.07351 17.6264
      vertex 30.6 7.25183 18.0034
      vertex 33 7.25183 18.0034
    endloop
  endfacet
  facet normal 0 0.903978 -0.427579
    outer loop
      vertex 30.6 7.25183 18.0034
      vertex 33 7.07351 17.6264
      vertex 30.6 7.07351 17.6264
    endloop
  endfacet
  facet normal 0 0.970035 0.242964
    outer loop
      vertex 33 6.933 14.7663
      vertex 30.6 6.83166 15.1709
      vertex 33 6.83166 15.1709
    endloop
  endfacet
  facet normal 0 0.970035 0.242964
    outer loop
      vertex 30.6 6.83166 15.1709
      vertex 33 6.933 14.7663
      vertex 30.6 6.933 14.7663
    endloop
  endfacet
  facet normal 0 0.989173 -0.146757
    outer loop
      vertex 33 6.77046 16.4166
      vertex 30.6 6.83166 16.8291
      vertex 33 6.83166 16.8291
    endloop
  endfacet
  facet normal 0 0.989173 -0.146757
    outer loop
      vertex 30.6 6.83166 16.8291
      vertex 33 6.77046 16.4166
      vertex 30.6 6.77046 16.4166
    endloop
  endfacet
  facet normal 0 -0.0491484 -0.998791
    outer loop
      vertex 30.6 11 20.25
      vertex 33 11.4166 20.2295
      vertex 33 11 20.25
    endloop
  endfacet
  facet normal -0 -0.0491484 -0.998791
    outer loop
      vertex 33 11.4166 20.2295
      vertex 30.6 11 20.25
      vertex 30.6 11.4166 20.2295
    endloop
  endfacet
  facet normal 1 0 0
    outer loop
      vertex 29.2 15.2295 16.4166
      vertex 29.2 15.2295 15.5834
      vertex 29.2 15.25 16
    endloop
  endfacet
  facet normal 1 0 0
    outer loop
      vertex 29.2 15.1683 16.8291
      vertex 29.2 15.2295 15.5834
      vertex 29.2 15.2295 16.4166
    endloop
  endfacet
  facet normal 1 0 0
    outer loop
      vertex 29.2 15.1683 16.8291
      vertex 29.2 15.1683 15.1709
      vertex 29.2 15.2295 15.5834
    endloop
  endfacet
  facet normal 1 0 0
    outer loop
      vertex 29.2 14.9655 17.5174
      vertex 29.2 15.1683 16.8291
      vertex 29.2 15.067 17.2337
    endloop
  endfacet
  facet normal 1 0 0
    outer loop
      vertex 29.2 15.1683 16.8291
      vertex 29.2 14.9655 17.5174
      vertex 29.2 15.1683 15.1709
    endloop
  endfacet
  facet normal 1 0 0
    outer loop
      vertex 29.2 14.9655 14.4826
      vertex 29.2 15.1683 15.1709
      vertex 29.2 14.9655 17.5174
    endloop
  endfacet
  facet normal 1 0 0
    outer loop
      vertex 29.2 15.1683 15.1709
      vertex 29.2 14.9655 14.4826
      vertex 29.2 15.067 14.7663
    endloop
  endfacet
  facet normal 0 0.803199 -0.59571
    outer loop
      vertex 33 7.46625 18.3612
      vertex 30.6 7.71471 18.6962
      vertex 33 7.71471 18.6962
    endloop
  endfacet
  facet normal 0 0.803199 -0.59571
    outer loop
      vertex 30.6 7.71471 18.6962
      vertex 33 7.46625 18.3612
      vertex 30.6 7.46625 18.3612
    endloop
  endfacet
  facet normal 0 -0.514178 -0.857683
    outer loop
      vertex 30.6 13.0034 19.7482
      vertex 33 13.3612 19.5337
      vertex 33 13.0034 19.7482
    endloop
  endfacet
  facet normal -0 -0.514178 -0.857683
    outer loop
      vertex 33 13.3612 19.5337
      vertex 30.6 13.0034 19.7482
      vertex 30.6 13.3612 19.5337
    endloop
  endfacet
  facet normal -0.970014 -0.243049 0
    outer loop
      vertex -25.6269 73.2731 3.8147e-07
      vertex -25.6603 73.4064 2.4
      vertex -25.6603 73.4064 3.8147e-07
    endloop
  endfacet
  facet normal -0.970014 -0.243049 0
    outer loop
      vertex -25.6603 73.4064 2.4
      vertex -25.6269 73.2731 3.8147e-07
      vertex -25.6269 73.2731 2.4
    endloop
  endfacet
  facet normal -0.741191 0.671295 0
    outer loop
      vertex -26.01 72.01 3.8147e-07
      vertex -25.9178 72.1118 2.4
      vertex -25.9178 72.1118 3.8147e-07
    endloop
  endfacet
  facet normal -0.741191 0.671295 0
    outer loop
      vertex -25.9178 72.1118 2.4
      vertex -26.01 72.01 3.8147e-07
      vertex -26.01 72.01 2.4
    endloop
  endfacet
  facet normal -0.0487757 -0.99881 0
    outer loop
      vertex -27 74.4 3.8147e-07
      vertex -26.8628 74.3933 2.4
      vertex -27 74.4 2.4
    endloop
  endfacet
  facet normal -0.0487757 -0.99881 -0
    outer loop
      vertex -26.8628 74.3933 2.4
      vertex -27 74.4 3.8147e-07
      vertex -26.8628 74.3933 3.8147e-07
    endloop
  endfacet
  facet normal 0.336889 0.941544 -0
    outer loop
      vertex -27.4064 71.6603 3.8147e-07
      vertex -27.5358 71.7066 2.4
      vertex -27.4064 71.6603 2.4
    endloop
  endfacet
  facet normal 0.336889 0.941544 0
    outer loop
      vertex -27.5358 71.7066 2.4
      vertex -27.4064 71.6603 3.8147e-07
      vertex -27.5358 71.7066 3.8147e-07
    endloop
  endfacet
  facet normal -0.989133 -0.147023 0
    outer loop
      vertex -25.6067 73.1372 3.8147e-07
      vertex -25.6269 73.2731 2.4
      vertex -25.6269 73.2731 3.8147e-07
    endloop
  endfacet
  facet normal -0.989133 -0.147023 0
    outer loop
      vertex -25.6269 73.2731 2.4
      vertex -25.6067 73.1372 3.8147e-07
      vertex -25.6067 73.1372 2.4
    endloop
  endfacet
  facet normal 0.243049 -0.970014 0
    outer loop
      vertex -27.4064 74.3397 3.8147e-07
      vertex -27.2731 74.3731 2.4
      vertex -27.4064 74.3397 2.4
    endloop
  endfacet
  facet normal 0.243049 -0.970014 0
    outer loop
      vertex -27.2731 74.3731 2.4
      vertex -27.4064 74.3397 3.8147e-07
      vertex -27.2731 74.3731 3.8147e-07
    endloop
  endfacet
  facet normal -0.941544 0.336889 0
    outer loop
      vertex -25.7066 72.4642 3.8147e-07
      vertex -25.6603 72.5936 2.4
      vertex -25.6603 72.5936 3.8147e-07
    endloop
  endfacet
  facet normal -0.941544 0.336889 0
    outer loop
      vertex -25.6603 72.5936 2.4
      vertex -25.7066 72.4642 3.8147e-07
      vertex -25.7066 72.4642 2.4
    endloop
  endfacet
  facet normal 0.803132 -0.595802 0
    outer loop
      vertex -28.1641 73.7778 2.4
      vertex -28.0822 73.8882 3.8147e-07
      vertex -28.0822 73.8882 2.4
    endloop
  endfacet
  facet normal 0.803132 -0.595802 0
    outer loop
      vertex -28.0822 73.8882 3.8147e-07
      vertex -28.1641 73.7778 2.4
      vertex -28.1641 73.7778 3.8147e-07
    endloop
  endfacet
  facet normal -0.147023 0.989133 0
    outer loop
      vertex -26.7269 71.6269 3.8147e-07
      vertex -26.8628 71.6067 2.4
      vertex -26.7269 71.6269 2.4
    endloop
  endfacet
  facet normal -0.147023 0.989133 0
    outer loop
      vertex -26.8628 71.6067 2.4
      vertex -26.7269 71.6269 3.8147e-07
      vertex -26.8628 71.6067 3.8147e-07
    endloop
  endfacet
  facet normal -0.514067 0.85775 0
    outer loop
      vertex -26.2222 71.8359 3.8147e-07
      vertex -26.34 71.7653 2.4
      vertex -26.2222 71.8359 2.4
    endloop
  endfacet
  facet normal -0.514067 0.85775 0
    outer loop
      vertex -26.34 71.7653 2.4
      vertex -26.2222 71.8359 3.8147e-07
      vertex -26.34 71.7653 3.8147e-07
    endloop
  endfacet
  facet normal 0.970014 -0.243049 0
    outer loop
      vertex -28.3731 73.2731 2.4
      vertex -28.3397 73.4064 3.8147e-07
      vertex -28.3397 73.4064 2.4
    endloop
  endfacet
  facet normal 0.970014 -0.243049 0
    outer loop
      vertex -28.3397 73.4064 3.8147e-07
      vertex -28.3731 73.2731 2.4
      vertex -28.3731 73.2731 3.8147e-07
    endloop
  endfacet
  facet normal -0.989133 0.147023 0
    outer loop
      vertex -25.6269 72.7269 3.8147e-07
      vertex -25.6067 72.8628 2.4
      vertex -25.6067 72.8628 3.8147e-07
    endloop
  endfacet
  facet normal -0.989133 0.147023 0
    outer loop
      vertex -25.6067 72.8628 2.4
      vertex -25.6269 72.7269 3.8147e-07
      vertex -25.6269 72.7269 2.4
    endloop
  endfacet
  facet normal -0.904108 -0.427304 0
    outer loop
      vertex -25.7066 73.5358 3.8147e-07
      vertex -25.7653 73.66 2.4
      vertex -25.7653 73.66 3.8147e-07
    endloop
  endfacet
  facet normal -0.904108 -0.427304 0
    outer loop
      vertex -25.7653 73.66 2.4
      vertex -25.7066 73.5358 3.8147e-07
      vertex -25.7066 73.5358 2.4
    endloop
  endfacet
  facet normal -0.99881 0.0487757 0
    outer loop
      vertex -25.6067 72.8628 3.8147e-07
      vertex -25.6 73 2.4
      vertex -25.6 73 3.8147e-07
    endloop
  endfacet
  facet normal -0.99881 0.0487757 0
    outer loop
      vertex -25.6 73 2.4
      vertex -25.6067 72.8628 3.8147e-07
      vertex -25.6067 72.8628 2.4
    endloop
  endfacet
  facet normal 0.970014 0.243049 0
    outer loop
      vertex -28.3397 72.5936 2.4
      vertex -28.3731 72.7269 3.8147e-07
      vertex -28.3731 72.7269 2.4
    endloop
  endfacet
  facet normal 0.970014 0.243049 0
    outer loop
      vertex -28.3731 72.7269 3.8147e-07
      vertex -28.3397 72.5936 2.4
      vertex -28.3397 72.5936 3.8147e-07
    endloop
  endfacet
  facet normal 0.427304 -0.904108 0
    outer loop
      vertex -27.66 74.2347 3.8147e-07
      vertex -27.5358 74.2934 2.4
      vertex -27.66 74.2347 2.4
    endloop
  endfacet
  facet normal 0.427304 -0.904108 0
    outer loop
      vertex -27.5358 74.2934 2.4
      vertex -27.66 74.2347 3.8147e-07
      vertex -27.5358 74.2934 3.8147e-07
    endloop
  endfacet
  facet normal 0.147023 0.989133 -0
    outer loop
      vertex -27.1372 71.6067 3.8147e-07
      vertex -27.2731 71.6269 2.4
      vertex -27.1372 71.6067 2.4
    endloop
  endfacet
  facet normal 0.147023 0.989133 0
    outer loop
      vertex -27.2731 71.6269 2.4
      vertex -27.1372 71.6067 3.8147e-07
      vertex -27.2731 71.6269 3.8147e-07
    endloop
  endfacet
  facet normal -0.243049 0.970014 0
    outer loop
      vertex -26.5936 71.6603 3.8147e-07
      vertex -26.7269 71.6269 2.4
      vertex -26.5936 71.6603 2.4
    endloop
  endfacet
  facet normal -0.243049 0.970014 0
    outer loop
      vertex -26.7269 71.6269 2.4
      vertex -26.5936 71.6603 3.8147e-07
      vertex -26.7269 71.6269 3.8147e-07
    endloop
  endfacet
  facet normal 0.99881 -0.0487757 0
    outer loop
      vertex -28.4 73 2.4
      vertex -28.3933 73.1372 3.8147e-07
      vertex -28.3933 73.1372 2.4
    endloop
  endfacet
  facet normal 0.99881 -0.0487757 0
    outer loop
      vertex -28.3933 73.1372 3.8147e-07
      vertex -28.4 73 2.4
      vertex -28.4 73 3.8147e-07
    endloop
  endfacet
  facet normal 0.59615 -0.802873 0
    outer loop
      vertex -27.8881 74.0822 3.8147e-07
      vertex -27.7778 74.1641 2.4
      vertex -27.8881 74.0822 2.4
    endloop
  endfacet
  facet normal 0.59615 -0.802873 0
    outer loop
      vertex -27.7778 74.1641 2.4
      vertex -27.8881 74.0822 3.8147e-07
      vertex -27.7778 74.1641 3.8147e-07
    endloop
  endfacet
  facet normal 0.989133 0.147023 0
    outer loop
      vertex -28.3731 72.7269 2.4
      vertex -28.3933 72.8628 3.8147e-07
      vertex -28.3933 72.8628 2.4
    endloop
  endfacet
  facet normal 0.989133 0.147023 0
    outer loop
      vertex -28.3933 72.8628 3.8147e-07
      vertex -28.3731 72.7269 2.4
      vertex -28.3731 72.7269 3.8147e-07
    endloop
  endfacet
  facet normal -0.941544 -0.336889 0
    outer loop
      vertex -25.6603 73.4064 3.8147e-07
      vertex -25.7066 73.5358 2.4
      vertex -25.7066 73.5358 3.8147e-07
    endloop
  endfacet
  facet normal -0.941544 -0.336889 0
    outer loop
      vertex -25.7066 73.5358 2.4
      vertex -25.6603 73.4064 3.8147e-07
      vertex -25.6603 73.4064 2.4
    endloop
  endfacet
  facet normal -0.970014 0.243049 0
    outer loop
      vertex -25.6603 72.5936 3.8147e-07
      vertex -25.6269 72.7269 2.4
      vertex -25.6269 72.7269 3.8147e-07
    endloop
  endfacet
  facet normal -0.970014 0.243049 0
    outer loop
      vertex -25.6269 72.7269 2.4
      vertex -25.6603 72.5936 3.8147e-07
      vertex -25.6603 72.5936 2.4
    endloop
  endfacet
  facet normal -0.671295 -0.741191 0
    outer loop
      vertex -26.1118 74.0822 3.8147e-07
      vertex -26.01 73.99 2.4
      vertex -26.1118 74.0822 2.4
    endloop
  endfacet
  facet normal -0.671295 -0.741191 -0
    outer loop
      vertex -26.01 73.99 2.4
      vertex -26.1118 74.0822 3.8147e-07
      vertex -26.01 73.99 3.8147e-07
    endloop
  endfacet
  facet normal 0.99881 0.0487757 0
    outer loop
      vertex -28.3933 72.8628 2.4
      vertex -28.4 73 3.8147e-07
      vertex -28.4 73 2.4
    endloop
  endfacet
  facet normal 0.99881 0.0487757 0
    outer loop
      vertex -28.4 73 3.8147e-07
      vertex -28.3933 72.8628 2.4
      vertex -28.3933 72.8628 3.8147e-07
    endloop
  endfacet
  facet normal 0.514067 0.85775 -0
    outer loop
      vertex -27.66 71.7653 3.8147e-07
      vertex -27.7778 71.8359 2.4
      vertex -27.66 71.7653 2.4
    endloop
  endfacet
  facet normal 0.514067 0.85775 0
    outer loop
      vertex -27.7778 71.8359 2.4
      vertex -27.66 71.7653 3.8147e-07
      vertex -27.7778 71.8359 3.8147e-07
    endloop
  endfacet
  facet normal -0.514067 -0.85775 0
    outer loop
      vertex -26.34 74.2347 3.8147e-07
      vertex -26.2222 74.1641 2.4
      vertex -26.34 74.2347 2.4
    endloop
  endfacet
  facet normal -0.514067 -0.85775 -0
    outer loop
      vertex -26.2222 74.1641 2.4
      vertex -26.34 74.2347 3.8147e-07
      vertex -26.2222 74.1641 3.8147e-07
    endloop
  endfacet
  facet normal -0.427304 -0.904108 0
    outer loop
      vertex -26.4642 74.2934 3.8147e-07
      vertex -26.34 74.2347 2.4
      vertex -26.4642 74.2934 2.4
    endloop
  endfacet
  facet normal -0.427304 -0.904108 -0
    outer loop
      vertex -26.34 74.2347 2.4
      vertex -26.4642 74.2934 3.8147e-07
      vertex -26.34 74.2347 3.8147e-07
    endloop
  endfacet
  facet normal -0.595802 0.803132 0
    outer loop
      vertex -26.1118 71.9178 3.8147e-07
      vertex -26.2222 71.8359 2.4
      vertex -26.1118 71.9178 2.4
    endloop
  endfacet
  facet normal -0.595802 0.803132 0
    outer loop
      vertex -26.2222 71.8359 2.4
      vertex -26.1118 71.9178 3.8147e-07
      vertex -26.2222 71.8359 3.8147e-07
    endloop
  endfacet
  facet normal 0.0487757 0.99881 -0
    outer loop
      vertex -27 71.6 3.8147e-07
      vertex -27.1372 71.6067 2.4
      vertex -27 71.6 2.4
    endloop
  endfacet
  facet normal 0.0487757 0.99881 0
    outer loop
      vertex -27.1372 71.6067 2.4
      vertex -27 71.6 3.8147e-07
      vertex -27.1372 71.6067 3.8147e-07
    endloop
  endfacet
  facet normal 0.740829 -0.671694 0
    outer loop
      vertex -28.0822 73.8882 2.4
      vertex -27.9899 73.99 3.8147e-07
      vertex -27.9899 73.99 2.4
    endloop
  endfacet
  facet normal 0.740829 -0.671694 0
    outer loop
      vertex -27.9899 73.99 3.8147e-07
      vertex -28.0822 73.8882 2.4
      vertex -28.0822 73.8882 3.8147e-07
    endloop
  endfacet
  facet normal 0.0487757 -0.99881 0
    outer loop
      vertex -27.1372 74.3933 3.8147e-07
      vertex -27 74.4 2.4
      vertex -27.1372 74.3933 2.4
    endloop
  endfacet
  facet normal 0.0487757 -0.99881 0
    outer loop
      vertex -27 74.4 2.4
      vertex -27.1372 74.3933 3.8147e-07
      vertex -27 74.4 3.8147e-07
    endloop
  endfacet
  facet normal -0.427304 0.904108 0
    outer loop
      vertex -26.34 71.7653 3.8147e-07
      vertex -26.4642 71.7066 2.4
      vertex -26.34 71.7653 2.4
    endloop
  endfacet
  facet normal -0.427304 0.904108 0
    outer loop
      vertex -26.4642 71.7066 2.4
      vertex -26.34 71.7653 3.8147e-07
      vertex -26.4642 71.7066 3.8147e-07
    endloop
  endfacet
  facet normal -0.741191 -0.671295 0
    outer loop
      vertex -25.9178 73.8882 3.8147e-07
      vertex -26.01 73.99 2.4
      vertex -26.01 73.99 3.8147e-07
    endloop
  endfacet
  facet normal -0.741191 -0.671295 0
    outer loop
      vertex -26.01 73.99 2.4
      vertex -25.9178 73.8882 3.8147e-07
      vertex -25.9178 73.8882 2.4
    endloop
  endfacet
  facet normal -0.99881 -0.0487757 0
    outer loop
      vertex -25.6 73 3.8147e-07
      vertex -25.6067 73.1372 2.4
      vertex -25.6067 73.1372 3.8147e-07
    endloop
  endfacet
  facet normal -0.99881 -0.0487757 0
    outer loop
      vertex -25.6067 73.1372 2.4
      vertex -25.6 73 3.8147e-07
      vertex -25.6 73 2.4
    endloop
  endfacet
  facet normal -0.85775 0.514067 0
    outer loop
      vertex -25.8359 72.2222 3.8147e-07
      vertex -25.7653 72.34 2.4
      vertex -25.7653 72.34 3.8147e-07
    endloop
  endfacet
  facet normal -0.85775 0.514067 0
    outer loop
      vertex -25.7653 72.34 2.4
      vertex -25.8359 72.2222 3.8147e-07
      vertex -25.8359 72.2222 2.4
    endloop
  endfacet
  facet normal 0.59615 0.802873 -0
    outer loop
      vertex -27.7778 71.8359 3.8147e-07
      vertex -27.8881 71.9178 2.4
      vertex -27.7778 71.8359 2.4
    endloop
  endfacet
  facet normal 0.59615 0.802873 0
    outer loop
      vertex -27.8881 71.9178 2.4
      vertex -27.7778 71.8359 3.8147e-07
      vertex -27.8881 71.9178 3.8147e-07
    endloop
  endfacet
  facet normal 0.85775 -0.514067 0
    outer loop
      vertex -28.2347 73.66 2.4
      vertex -28.1641 73.7778 3.8147e-07
      vertex -28.1641 73.7778 2.4
    endloop
  endfacet
  facet normal 0.85775 -0.514067 0
    outer loop
      vertex -28.1641 73.7778 3.8147e-07
      vertex -28.2347 73.66 2.4
      vertex -28.2347 73.66 3.8147e-07
    endloop
  endfacet
  facet normal 0.904108 0.427304 0
    outer loop
      vertex -28.2347 72.34 2.4
      vertex -28.2934 72.4642 3.8147e-07
      vertex -28.2934 72.4642 2.4
    endloop
  endfacet
  facet normal 0.904108 0.427304 0
    outer loop
      vertex -28.2934 72.4642 3.8147e-07
      vertex -28.2347 72.34 2.4
      vertex -28.2347 72.34 3.8147e-07
    endloop
  endfacet
  facet normal -0.147023 -0.989133 0
    outer loop
      vertex -26.8628 74.3933 3.8147e-07
      vertex -26.7269 74.3731 2.4
      vertex -26.8628 74.3933 2.4
    endloop
  endfacet
  facet normal -0.147023 -0.989133 -0
    outer loop
      vertex -26.7269 74.3731 2.4
      vertex -26.8628 74.3933 3.8147e-07
      vertex -26.7269 74.3731 3.8147e-07
    endloop
  endfacet
  facet normal 0.740829 0.671694 0
    outer loop
      vertex -27.9899 72.01 2.4
      vertex -28.0822 72.1118 3.8147e-07
      vertex -28.0822 72.1118 2.4
    endloop
  endfacet
  facet normal 0.740829 0.671694 0
    outer loop
      vertex -28.0822 72.1118 3.8147e-07
      vertex -27.9899 72.01 2.4
      vertex -27.9899 72.01 3.8147e-07
    endloop
  endfacet
  facet normal -0.0487757 0.99881 0
    outer loop
      vertex -26.8628 71.6067 3.8147e-07
      vertex -27 71.6 2.4
      vertex -26.8628 71.6067 2.4
    endloop
  endfacet
  facet normal -0.0487757 0.99881 0
    outer loop
      vertex -27 71.6 2.4
      vertex -26.8628 71.6067 3.8147e-07
      vertex -27 71.6 3.8147e-07
    endloop
  endfacet
  facet normal -0.336889 -0.941544 0
    outer loop
      vertex -26.5936 74.3397 3.8147e-07
      vertex -26.4642 74.2934 2.4
      vertex -26.5936 74.3397 2.4
    endloop
  endfacet
  facet normal -0.336889 -0.941544 -0
    outer loop
      vertex -26.4642 74.2934 2.4
      vertex -26.5936 74.3397 3.8147e-07
      vertex -26.4642 74.2934 3.8147e-07
    endloop
  endfacet
  facet normal -0.904108 0.427304 0
    outer loop
      vertex -25.7653 72.34 3.8147e-07
      vertex -25.7066 72.4642 2.4
      vertex -25.7066 72.4642 3.8147e-07
    endloop
  endfacet
  facet normal -0.904108 0.427304 0
    outer loop
      vertex -25.7066 72.4642 2.4
      vertex -25.7653 72.34 3.8147e-07
      vertex -25.7653 72.34 2.4
    endloop
  endfacet
  facet normal -0.803132 0.595802 0
    outer loop
      vertex -25.9178 72.1118 3.8147e-07
      vertex -25.8359 72.2222 2.4
      vertex -25.8359 72.2222 3.8147e-07
    endloop
  endfacet
  facet normal -0.803132 0.595802 0
    outer loop
      vertex -25.8359 72.2222 2.4
      vertex -25.9178 72.1118 3.8147e-07
      vertex -25.9178 72.1118 2.4
    endloop
  endfacet
  facet normal 0.243049 0.970014 -0
    outer loop
      vertex -27.2731 71.6269 3.8147e-07
      vertex -27.4064 71.6603 2.4
      vertex -27.2731 71.6269 2.4
    endloop
  endfacet
  facet normal 0.243049 0.970014 0
    outer loop
      vertex -27.4064 71.6603 2.4
      vertex -27.2731 71.6269 3.8147e-07
      vertex -27.4064 71.6603 3.8147e-07
    endloop
  endfacet
  facet normal -0.671295 0.741191 0
    outer loop
      vertex -26.01 72.01 3.8147e-07
      vertex -26.1118 71.9178 2.4
      vertex -26.01 72.01 2.4
    endloop
  endfacet
  facet normal -0.671295 0.741191 0
    outer loop
      vertex -26.1118 71.9178 2.4
      vertex -26.01 72.01 3.8147e-07
      vertex -26.1118 71.9178 3.8147e-07
    endloop
  endfacet
  facet normal -0.803132 -0.595802 0
    outer loop
      vertex -25.8359 73.7778 3.8147e-07
      vertex -25.9178 73.8882 2.4
      vertex -25.9178 73.8882 3.8147e-07
    endloop
  endfacet
  facet normal -0.803132 -0.595802 0
    outer loop
      vertex -25.9178 73.8882 2.4
      vertex -25.8359 73.7778 3.8147e-07
      vertex -25.8359 73.7778 2.4
    endloop
  endfacet
  facet normal 0.671295 0.741191 -0
    outer loop
      vertex -27.8881 71.9178 3.8147e-07
      vertex -27.9899 72.01 2.4
      vertex -27.8881 71.9178 2.4
    endloop
  endfacet
  facet normal 0.671295 0.741191 0
    outer loop
      vertex -27.9899 72.01 2.4
      vertex -27.8881 71.9178 3.8147e-07
      vertex -27.9899 72.01 3.8147e-07
    endloop
  endfacet
  facet normal 0.989133 -0.147023 0
    outer loop
      vertex -28.3933 73.1372 2.4
      vertex -28.3731 73.2731 3.8147e-07
      vertex -28.3731 73.2731 2.4
    endloop
  endfacet
  facet normal 0.989133 -0.147023 0
    outer loop
      vertex -28.3731 73.2731 3.8147e-07
      vertex -28.3933 73.1372 2.4
      vertex -28.3933 73.1372 3.8147e-07
    endloop
  endfacet
  facet normal -0.336889 0.941544 0
    outer loop
      vertex -26.4642 71.7066 3.8147e-07
      vertex -26.5936 71.6603 2.4
      vertex -26.4642 71.7066 2.4
    endloop
  endfacet
  facet normal -0.336889 0.941544 0
    outer loop
      vertex -26.5936 71.6603 2.4
      vertex -26.4642 71.7066 3.8147e-07
      vertex -26.5936 71.6603 3.8147e-07
    endloop
  endfacet
  facet normal 0.941544 0.336889 0
    outer loop
      vertex -28.2934 72.4642 2.4
      vertex -28.3397 72.5936 3.8147e-07
      vertex -28.3397 72.5936 2.4
    endloop
  endfacet
  facet normal 0.941544 0.336889 0
    outer loop
      vertex -28.3397 72.5936 3.8147e-07
      vertex -28.2934 72.4642 2.4
      vertex -28.2934 72.4642 3.8147e-07
    endloop
  endfacet
  facet normal 0.941544 -0.336889 0
    outer loop
      vertex -28.3397 73.4064 2.4
      vertex -28.2934 73.5358 3.8147e-07
      vertex -28.2934 73.5358 2.4
    endloop
  endfacet
  facet normal 0.941544 -0.336889 0
    outer loop
      vertex -28.2934 73.5358 3.8147e-07
      vertex -28.3397 73.4064 2.4
      vertex -28.3397 73.4064 3.8147e-07
    endloop
  endfacet
  facet normal 0.336889 -0.941544 0
    outer loop
      vertex -27.5358 74.2934 3.8147e-07
      vertex -27.4064 74.3397 2.4
      vertex -27.5358 74.2934 2.4
    endloop
  endfacet
  facet normal 0.336889 -0.941544 0
    outer loop
      vertex -27.4064 74.3397 2.4
      vertex -27.5358 74.2934 3.8147e-07
      vertex -27.4064 74.3397 3.8147e-07
    endloop
  endfacet
  facet normal -0.243049 -0.970014 0
    outer loop
      vertex -26.7269 74.3731 3.8147e-07
      vertex -26.5936 74.3397 2.4
      vertex -26.7269 74.3731 2.4
    endloop
  endfacet
  facet normal -0.243049 -0.970014 -0
    outer loop
      vertex -26.5936 74.3397 2.4
      vertex -26.7269 74.3731 3.8147e-07
      vertex -26.5936 74.3397 3.8147e-07
    endloop
  endfacet
  facet normal 0.803132 0.595802 0
    outer loop
      vertex -28.0822 72.1118 2.4
      vertex -28.1641 72.2222 3.8147e-07
      vertex -28.1641 72.2222 2.4
    endloop
  endfacet
  facet normal 0.803132 0.595802 0
    outer loop
      vertex -28.1641 72.2222 3.8147e-07
      vertex -28.0822 72.1118 2.4
      vertex -28.0822 72.1118 3.8147e-07
    endloop
  endfacet
  facet normal 0.85775 0.514067 0
    outer loop
      vertex -28.1641 72.2222 2.4
      vertex -28.2347 72.34 3.8147e-07
      vertex -28.2347 72.34 2.4
    endloop
  endfacet
  facet normal 0.85775 0.514067 0
    outer loop
      vertex -28.2347 72.34 3.8147e-07
      vertex -28.1641 72.2222 2.4
      vertex -28.1641 72.2222 3.8147e-07
    endloop
  endfacet
  facet normal -0.595802 -0.803132 0
    outer loop
      vertex -26.2222 74.1641 3.8147e-07
      vertex -26.1118 74.0822 2.4
      vertex -26.2222 74.1641 2.4
    endloop
  endfacet
  facet normal -0.595802 -0.803132 -0
    outer loop
      vertex -26.1118 74.0822 2.4
      vertex -26.2222 74.1641 3.8147e-07
      vertex -26.1118 74.0822 3.8147e-07
    endloop
  endfacet
  facet normal 0.671295 -0.741191 0
    outer loop
      vertex -27.9899 73.99 3.8147e-07
      vertex -27.8881 74.0822 2.4
      vertex -27.9899 73.99 2.4
    endloop
  endfacet
  facet normal 0.671295 -0.741191 0
    outer loop
      vertex -27.8881 74.0822 2.4
      vertex -27.9899 73.99 3.8147e-07
      vertex -27.8881 74.0822 3.8147e-07
    endloop
  endfacet
  facet normal 0.904108 -0.427304 0
    outer loop
      vertex -28.2934 73.5358 2.4
      vertex -28.2347 73.66 3.8147e-07
      vertex -28.2347 73.66 2.4
    endloop
  endfacet
  facet normal 0.904108 -0.427304 0
    outer loop
      vertex -28.2347 73.66 3.8147e-07
      vertex -28.2934 73.5358 2.4
      vertex -28.2934 73.5358 3.8147e-07
    endloop
  endfacet
  facet normal 0.427304 0.904108 -0
    outer loop
      vertex -27.5358 71.7066 3.8147e-07
      vertex -27.66 71.7653 2.4
      vertex -27.5358 71.7066 2.4
    endloop
  endfacet
  facet normal 0.427304 0.904108 0
    outer loop
      vertex -27.66 71.7653 2.4
      vertex -27.5358 71.7066 3.8147e-07
      vertex -27.66 71.7653 3.8147e-07
    endloop
  endfacet
  facet normal 0.147023 -0.989133 0
    outer loop
      vertex -27.2731 74.3731 3.8147e-07
      vertex -27.1372 74.3933 2.4
      vertex -27.2731 74.3731 2.4
    endloop
  endfacet
  facet normal 0.147023 -0.989133 0
    outer loop
      vertex -27.1372 74.3933 2.4
      vertex -27.2731 74.3731 3.8147e-07
      vertex -27.1372 74.3933 3.8147e-07
    endloop
  endfacet
  facet normal -0.85775 -0.514067 0
    outer loop
      vertex -25.7653 73.66 3.8147e-07
      vertex -25.8359 73.7778 2.4
      vertex -25.8359 73.7778 3.8147e-07
    endloop
  endfacet
  facet normal -0.85775 -0.514067 0
    outer loop
      vertex -25.8359 73.7778 2.4
      vertex -25.7653 73.66 3.8147e-07
      vertex -25.7653 73.66 2.4
    endloop
  endfacet
  facet normal 0.514067 -0.85775 0
    outer loop
      vertex -27.7778 74.1641 3.8147e-07
      vertex -27.66 74.2347 2.4
      vertex -27.7778 74.1641 2.4
    endloop
  endfacet
  facet normal 0.514067 -0.85775 0
    outer loop
      vertex -27.66 74.2347 2.4
      vertex -27.7778 74.1641 3.8147e-07
      vertex -27.66 74.2347 3.8147e-07
    endloop
  endfacet
  facet normal -0.741191 0.671295 0
    outer loop
      vertex -26.01 38.0101 3.8147e-07
      vertex -25.9178 38.1119 2.4
      vertex -25.9178 38.1119 3.8147e-07
    endloop
  endfacet
  facet normal -0.741191 0.671295 0
    outer loop
      vertex -25.9178 38.1119 2.4
      vertex -26.01 38.0101 3.8147e-07
      vertex -26.01 38.0101 2.4
    endloop
  endfacet
  facet normal -0.336889 -0.941544 0
    outer loop
      vertex -26.5936 40.3397 3.8147e-07
      vertex -26.4642 40.2934 2.4
      vertex -26.5936 40.3397 2.4
    endloop
  endfacet
  facet normal -0.336889 -0.941544 -0
    outer loop
      vertex -26.4642 40.2934 2.4
      vertex -26.5936 40.3397 3.8147e-07
      vertex -26.4642 40.2934 3.8147e-07
    endloop
  endfacet
  facet normal 0.989133 0.147023 0
    outer loop
      vertex -28.3731 38.7269 2.4
      vertex -28.3933 38.8628 3.8147e-07
      vertex -28.3933 38.8628 2.4
    endloop
  endfacet
  facet normal 0.989133 0.147023 0
    outer loop
      vertex -28.3933 38.8628 3.8147e-07
      vertex -28.3731 38.7269 2.4
      vertex -28.3731 38.7269 3.8147e-07
    endloop
  endfacet
  facet normal -0.85775 0.514067 0
    outer loop
      vertex -25.8359 38.2222 3.8147e-07
      vertex -25.7653 38.34 2.4
      vertex -25.7653 38.34 3.8147e-07
    endloop
  endfacet
  facet normal -0.85775 0.514067 0
    outer loop
      vertex -25.7653 38.34 2.4
      vertex -25.8359 38.2222 3.8147e-07
      vertex -25.8359 38.2222 2.4
    endloop
  endfacet
  facet normal 0.671295 -0.741191 0
    outer loop
      vertex -27.9899 39.99 3.8147e-07
      vertex -27.8881 40.0822 2.4
      vertex -27.9899 39.99 2.4
    endloop
  endfacet
  facet normal 0.671295 -0.741191 0
    outer loop
      vertex -27.8881 40.0822 2.4
      vertex -27.9899 39.99 3.8147e-07
      vertex -27.8881 40.0822 3.8147e-07
    endloop
  endfacet
  facet normal -0.904108 -0.427304 0
    outer loop
      vertex -25.7066 39.5358 3.8147e-07
      vertex -25.7653 39.66 2.4
      vertex -25.7653 39.66 3.8147e-07
    endloop
  endfacet
  facet normal -0.904108 -0.427304 0
    outer loop
      vertex -25.7653 39.66 2.4
      vertex -25.7066 39.5358 3.8147e-07
      vertex -25.7066 39.5358 2.4
    endloop
  endfacet
  facet normal 0.803132 -0.595802 0
    outer loop
      vertex -28.1641 39.7778 2.4
      vertex -28.0822 39.8882 3.8147e-07
      vertex -28.0822 39.8882 2.4
    endloop
  endfacet
  facet normal 0.803132 -0.595802 0
    outer loop
      vertex -28.0822 39.8882 3.8147e-07
      vertex -28.1641 39.7778 2.4
      vertex -28.1641 39.7778 3.8147e-07
    endloop
  endfacet
  facet normal 0.989133 -0.147023 0
    outer loop
      vertex -28.3933 39.1372 2.4
      vertex -28.3731 39.2731 3.8147e-07
      vertex -28.3731 39.2731 2.4
    endloop
  endfacet
  facet normal 0.989133 -0.147023 0
    outer loop
      vertex -28.3731 39.2731 3.8147e-07
      vertex -28.3933 39.1372 2.4
      vertex -28.3933 39.1372 3.8147e-07
    endloop
  endfacet
  facet normal -0.0487757 -0.99881 0
    outer loop
      vertex -27 40.4 3.8147e-07
      vertex -26.8628 40.3933 2.4
      vertex -27 40.4 2.4
    endloop
  endfacet
  facet normal -0.0487757 -0.99881 -0
    outer loop
      vertex -26.8628 40.3933 2.4
      vertex -27 40.4 3.8147e-07
      vertex -26.8628 40.3933 3.8147e-07
    endloop
  endfacet
  facet normal 0.904108 -0.427304 0
    outer loop
      vertex -28.2934 39.5358 2.4
      vertex -28.2347 39.66 3.8147e-07
      vertex -28.2347 39.66 2.4
    endloop
  endfacet
  facet normal 0.904108 -0.427304 0
    outer loop
      vertex -28.2347 39.66 3.8147e-07
      vertex -28.2934 39.5358 2.4
      vertex -28.2934 39.5358 3.8147e-07
    endloop
  endfacet
  facet normal 0.99881 0.0487757 0
    outer loop
      vertex -28.3933 38.8628 2.4
      vertex -28.4 39 3.8147e-07
      vertex -28.4 39 2.4
    endloop
  endfacet
  facet normal 0.99881 0.0487757 0
    outer loop
      vertex -28.4 39 3.8147e-07
      vertex -28.3933 38.8628 2.4
      vertex -28.3933 38.8628 3.8147e-07
    endloop
  endfacet
  facet normal 0.904108 0.427304 0
    outer loop
      vertex -28.2347 38.34 2.4
      vertex -28.2934 38.4642 3.8147e-07
      vertex -28.2934 38.4642 2.4
    endloop
  endfacet
  facet normal 0.904108 0.427304 0
    outer loop
      vertex -28.2934 38.4642 3.8147e-07
      vertex -28.2347 38.34 2.4
      vertex -28.2347 38.34 3.8147e-07
    endloop
  endfacet
  facet normal -0.99881 -0.0487757 0
    outer loop
      vertex -25.6 39 3.8147e-07
      vertex -25.6067 39.1372 2.4
      vertex -25.6067 39.1372 3.8147e-07
    endloop
  endfacet
  facet normal -0.99881 -0.0487757 0
    outer loop
      vertex -25.6067 39.1372 2.4
      vertex -25.6 39 3.8147e-07
      vertex -25.6 39 2.4
    endloop
  endfacet
  facet normal 0.336889 0.941544 -0
    outer loop
      vertex -27.4064 37.6603 3.8147e-07
      vertex -27.5358 37.7066 2.4
      vertex -27.4064 37.6603 2.4
    endloop
  endfacet
  facet normal 0.336889 0.941544 0
    outer loop
      vertex -27.5358 37.7066 2.4
      vertex -27.4064 37.6603 3.8147e-07
      vertex -27.5358 37.7066 3.8147e-07
    endloop
  endfacet
  facet normal 0.85775 -0.514067 0
    outer loop
      vertex -28.2347 39.66 2.4
      vertex -28.1641 39.7778 3.8147e-07
      vertex -28.1641 39.7778 2.4
    endloop
  endfacet
  facet normal 0.85775 -0.514067 0
    outer loop
      vertex -28.1641 39.7778 3.8147e-07
      vertex -28.2347 39.66 2.4
      vertex -28.2347 39.66 3.8147e-07
    endloop
  endfacet
  facet normal -0.989133 0.147023 0
    outer loop
      vertex -25.6269 38.7269 3.8147e-07
      vertex -25.6067 38.8628 2.4
      vertex -25.6067 38.8628 3.8147e-07
    endloop
  endfacet
  facet normal -0.989133 0.147023 0
    outer loop
      vertex -25.6067 38.8628 2.4
      vertex -25.6269 38.7269 3.8147e-07
      vertex -25.6269 38.7269 2.4
    endloop
  endfacet
  facet normal 0.0487757 0.99881 -0
    outer loop
      vertex -27 37.6 3.8147e-07
      vertex -27.1372 37.6067 2.4
      vertex -27 37.6 2.4
    endloop
  endfacet
  facet normal 0.0487757 0.99881 0
    outer loop
      vertex -27.1372 37.6067 2.4
      vertex -27 37.6 3.8147e-07
      vertex -27.1372 37.6067 3.8147e-07
    endloop
  endfacet
  facet normal -0.99881 0.0487757 0
    outer loop
      vertex -25.6067 38.8628 3.8147e-07
      vertex -25.6 39 2.4
      vertex -25.6 39 3.8147e-07
    endloop
  endfacet
  facet normal -0.99881 0.0487757 0
    outer loop
      vertex -25.6 39 2.4
      vertex -25.6067 38.8628 3.8147e-07
      vertex -25.6067 38.8628 2.4
    endloop
  endfacet
  facet normal 0.970014 0.243049 0
    outer loop
      vertex -28.3397 38.5936 2.4
      vertex -28.3731 38.7269 3.8147e-07
      vertex -28.3731 38.7269 2.4
    endloop
  endfacet
  facet normal 0.970014 0.243049 0
    outer loop
      vertex -28.3731 38.7269 3.8147e-07
      vertex -28.3397 38.5936 2.4
      vertex -28.3397 38.5936 3.8147e-07
    endloop
  endfacet
  facet normal -0.147023 0.989133 0
    outer loop
      vertex -26.7269 37.6269 3.8147e-07
      vertex -26.8628 37.6067 2.4
      vertex -26.7269 37.6269 2.4
    endloop
  endfacet
  facet normal -0.147023 0.989133 0
    outer loop
      vertex -26.8628 37.6067 2.4
      vertex -26.7269 37.6269 3.8147e-07
      vertex -26.8628 37.6067 3.8147e-07
    endloop
  endfacet
  facet normal -0.802873 0.59615 0
    outer loop
      vertex -25.9178 38.1119 3.8147e-07
      vertex -25.8359 38.2222 2.4
      vertex -25.8359 38.2222 3.8147e-07
    endloop
  endfacet
  facet normal -0.802873 0.59615 0
    outer loop
      vertex -25.8359 38.2222 2.4
      vertex -25.9178 38.1119 3.8147e-07
      vertex -25.9178 38.1119 2.4
    endloop
  endfacet
  facet normal 0.147023 0.989133 -0
    outer loop
      vertex -27.1372 37.6067 3.8147e-07
      vertex -27.2731 37.6269 2.4
      vertex -27.1372 37.6067 2.4
    endloop
  endfacet
  facet normal 0.147023 0.989133 0
    outer loop
      vertex -27.2731 37.6269 2.4
      vertex -27.1372 37.6067 3.8147e-07
      vertex -27.2731 37.6269 3.8147e-07
    endloop
  endfacet
  facet normal -0.595802 -0.803132 0
    outer loop
      vertex -26.2222 40.1641 3.8147e-07
      vertex -26.1118 40.0822 2.4
      vertex -26.2222 40.1641 2.4
    endloop
  endfacet
  facet normal -0.595802 -0.803132 -0
    outer loop
      vertex -26.1118 40.0822 2.4
      vertex -26.2222 40.1641 3.8147e-07
      vertex -26.1118 40.0822 3.8147e-07
    endloop
  endfacet
  facet normal -0.595802 0.803132 0
    outer loop
      vertex -26.1118 37.9178 3.8147e-07
      vertex -26.2222 37.8359 2.4
      vertex -26.1118 37.9178 2.4
    endloop
  endfacet
  facet normal -0.595802 0.803132 0
    outer loop
      vertex -26.2222 37.8359 2.4
      vertex -26.1118 37.9178 3.8147e-07
      vertex -26.2222 37.8359 3.8147e-07
    endloop
  endfacet
  facet normal 0.514067 -0.85775 0
    outer loop
      vertex -27.7778 40.1641 3.8147e-07
      vertex -27.66 40.2347 2.4
      vertex -27.7778 40.1641 2.4
    endloop
  endfacet
  facet normal 0.514067 -0.85775 0
    outer loop
      vertex -27.66 40.2347 2.4
      vertex -27.7778 40.1641 3.8147e-07
      vertex -27.66 40.2347 3.8147e-07
    endloop
  endfacet
  facet normal 0.243049 -0.970014 0
    outer loop
      vertex -27.4064 40.3397 3.8147e-07
      vertex -27.2731 40.3731 2.4
      vertex -27.4064 40.3397 2.4
    endloop
  endfacet
  facet normal 0.243049 -0.970014 0
    outer loop
      vertex -27.2731 40.3731 2.4
      vertex -27.4064 40.3397 3.8147e-07
      vertex -27.2731 40.3731 3.8147e-07
    endloop
  endfacet
  facet normal -0.970014 -0.243049 0
    outer loop
      vertex -25.6269 39.2731 3.8147e-07
      vertex -25.6603 39.4064 2.4
      vertex -25.6603 39.4064 3.8147e-07
    endloop
  endfacet
  facet normal -0.970014 -0.243049 0
    outer loop
      vertex -25.6603 39.4064 2.4
      vertex -25.6269 39.2731 3.8147e-07
      vertex -25.6269 39.2731 2.4
    endloop
  endfacet
  facet normal -0.741191 -0.671295 0
    outer loop
      vertex -25.9178 39.8882 3.8147e-07
      vertex -26.01 39.99 2.4
      vertex -26.01 39.99 3.8147e-07
    endloop
  endfacet
  facet normal -0.741191 -0.671295 0
    outer loop
      vertex -26.01 39.99 2.4
      vertex -25.9178 39.8882 3.8147e-07
      vertex -25.9178 39.8882 2.4
    endloop
  endfacet
  facet normal 0.59615 -0.802873 0
    outer loop
      vertex -27.8881 40.0822 3.8147e-07
      vertex -27.7778 40.1641 2.4
      vertex -27.8881 40.0822 2.4
    endloop
  endfacet
  facet normal 0.59615 -0.802873 0
    outer loop
      vertex -27.7778 40.1641 2.4
      vertex -27.8881 40.0822 3.8147e-07
      vertex -27.7778 40.1641 3.8147e-07
    endloop
  endfacet
  facet normal -0.970014 0.243049 0
    outer loop
      vertex -25.6603 38.5936 3.8147e-07
      vertex -25.6269 38.7269 2.4
      vertex -25.6269 38.7269 3.8147e-07
    endloop
  endfacet
  facet normal -0.970014 0.243049 0
    outer loop
      vertex -25.6269 38.7269 2.4
      vertex -25.6603 38.5936 3.8147e-07
      vertex -25.6603 38.5936 2.4
    endloop
  endfacet
  facet normal -0.514067 -0.85775 0
    outer loop
      vertex -26.34 40.2347 3.8147e-07
      vertex -26.2222 40.1641 2.4
      vertex -26.34 40.2347 2.4
    endloop
  endfacet
  facet normal -0.514067 -0.85775 -0
    outer loop
      vertex -26.2222 40.1641 2.4
      vertex -26.34 40.2347 3.8147e-07
      vertex -26.2222 40.1641 3.8147e-07
    endloop
  endfacet
  facet normal -0.427304 0.904108 0
    outer loop
      vertex -26.34 37.7653 3.8147e-07
      vertex -26.4642 37.7066 2.4
      vertex -26.34 37.7653 2.4
    endloop
  endfacet
  facet normal -0.427304 0.904108 0
    outer loop
      vertex -26.4642 37.7066 2.4
      vertex -26.34 37.7653 3.8147e-07
      vertex -26.4642 37.7066 3.8147e-07
    endloop
  endfacet
  facet normal 0.740829 0.671694 0
    outer loop
      vertex -27.9899 38.0101 2.4
      vertex -28.0822 38.1119 3.8147e-07
      vertex -28.0822 38.1119 2.4
    endloop
  endfacet
  facet normal 0.740829 0.671694 0
    outer loop
      vertex -28.0822 38.1119 3.8147e-07
      vertex -27.9899 38.0101 2.4
      vertex -27.9899 38.0101 3.8147e-07
    endloop
  endfacet
  facet normal -0.85775 -0.514067 0
    outer loop
      vertex -25.7653 39.66 3.8147e-07
      vertex -25.8359 39.7778 2.4
      vertex -25.8359 39.7778 3.8147e-07
    endloop
  endfacet
  facet normal -0.85775 -0.514067 0
    outer loop
      vertex -25.8359 39.7778 2.4
      vertex -25.7653 39.66 3.8147e-07
      vertex -25.7653 39.66 2.4
    endloop
  endfacet
  facet normal -0.427304 -0.904108 0
    outer loop
      vertex -26.4642 40.2934 3.8147e-07
      vertex -26.34 40.2347 2.4
      vertex -26.4642 40.2934 2.4
    endloop
  endfacet
  facet normal -0.427304 -0.904108 -0
    outer loop
      vertex -26.34 40.2347 2.4
      vertex -26.4642 40.2934 3.8147e-07
      vertex -26.34 40.2347 3.8147e-07
    endloop
  endfacet
  facet normal -0.989133 -0.147023 0
    outer loop
      vertex -25.6067 39.1372 3.8147e-07
      vertex -25.6269 39.2731 2.4
      vertex -25.6269 39.2731 3.8147e-07
    endloop
  endfacet
  facet normal -0.989133 -0.147023 0
    outer loop
      vertex -25.6269 39.2731 2.4
      vertex -25.6067 39.1372 3.8147e-07
      vertex -25.6067 39.1372 2.4
    endloop
  endfacet
  facet normal -0.803132 -0.595802 0
    outer loop
      vertex -25.8359 39.7778 3.8147e-07
      vertex -25.9178 39.8882 2.4
      vertex -25.9178 39.8882 3.8147e-07
    endloop
  endfacet
  facet normal -0.803132 -0.595802 0
    outer loop
      vertex -25.9178 39.8882 2.4
      vertex -25.8359 39.7778 3.8147e-07
      vertex -25.8359 39.7778 2.4
    endloop
  endfacet
  facet normal 0.970014 -0.243049 0
    outer loop
      vertex -28.3731 39.2731 2.4
      vertex -28.3397 39.4064 3.8147e-07
      vertex -28.3397 39.4064 2.4
    endloop
  endfacet
  facet normal 0.970014 -0.243049 0
    outer loop
      vertex -28.3397 39.4064 3.8147e-07
      vertex -28.3731 39.2731 2.4
      vertex -28.3731 39.2731 3.8147e-07
    endloop
  endfacet
  facet normal -0.904108 0.427304 0
    outer loop
      vertex -25.7653 38.34 3.8147e-07
      vertex -25.7066 38.4642 2.4
      vertex -25.7066 38.4642 3.8147e-07
    endloop
  endfacet
  facet normal -0.904108 0.427304 0
    outer loop
      vertex -25.7066 38.4642 2.4
      vertex -25.7653 38.34 3.8147e-07
      vertex -25.7653 38.34 2.4
    endloop
  endfacet
  facet normal -0.671694 0.740829 0
    outer loop
      vertex -26.01 38.0101 3.8147e-07
      vertex -26.1118 37.9178 2.4
      vertex -26.01 38.0101 2.4
    endloop
  endfacet
  facet normal -0.671694 0.740829 0
    outer loop
      vertex -26.1118 37.9178 2.4
      vertex -26.01 38.0101 3.8147e-07
      vertex -26.1118 37.9178 3.8147e-07
    endloop
  endfacet
  facet normal 0.243049 0.970014 -0
    outer loop
      vertex -27.2731 37.6269 3.8147e-07
      vertex -27.4064 37.6603 2.4
      vertex -27.2731 37.6269 2.4
    endloop
  endfacet
  facet normal 0.243049 0.970014 0
    outer loop
      vertex -27.4064 37.6603 2.4
      vertex -27.2731 37.6269 3.8147e-07
      vertex -27.4064 37.6603 3.8147e-07
    endloop
  endfacet
  facet normal -0.147023 -0.989133 0
    outer loop
      vertex -26.8628 40.3933 3.8147e-07
      vertex -26.7269 40.3731 2.4
      vertex -26.8628 40.3933 2.4
    endloop
  endfacet
  facet normal -0.147023 -0.989133 -0
    outer loop
      vertex -26.7269 40.3731 2.4
      vertex -26.8628 40.3933 3.8147e-07
      vertex -26.7269 40.3731 3.8147e-07
    endloop
  endfacet
  facet normal -0.336889 0.941544 0
    outer loop
      vertex -26.4642 37.7066 3.8147e-07
      vertex -26.5936 37.6603 2.4
      vertex -26.4642 37.7066 2.4
    endloop
  endfacet
  facet normal -0.336889 0.941544 0
    outer loop
      vertex -26.5936 37.6603 2.4
      vertex -26.4642 37.7066 3.8147e-07
      vertex -26.5936 37.6603 3.8147e-07
    endloop
  endfacet
  facet normal -0.941544 0.336889 0
    outer loop
      vertex -25.7066 38.4642 3.8147e-07
      vertex -25.6603 38.5936 2.4
      vertex -25.6603 38.5936 3.8147e-07
    endloop
  endfacet
  facet normal -0.941544 0.336889 0
    outer loop
      vertex -25.6603 38.5936 2.4
      vertex -25.7066 38.4642 3.8147e-07
      vertex -25.7066 38.4642 2.4
    endloop
  endfacet
  facet normal 0.740829 -0.671694 0
    outer loop
      vertex -28.0822 39.8882 2.4
      vertex -27.9899 39.99 3.8147e-07
      vertex -27.9899 39.99 2.4
    endloop
  endfacet
  facet normal 0.740829 -0.671694 0
    outer loop
      vertex -27.9899 39.99 3.8147e-07
      vertex -28.0822 39.8882 2.4
      vertex -28.0822 39.8882 3.8147e-07
    endloop
  endfacet
  facet normal 0.99881 -0.0487757 0
    outer loop
      vertex -28.4 39 2.4
      vertex -28.3933 39.1372 3.8147e-07
      vertex -28.3933 39.1372 2.4
    endloop
  endfacet
  facet normal 0.99881 -0.0487757 0
    outer loop
      vertex -28.3933 39.1372 3.8147e-07
      vertex -28.4 39 2.4
      vertex -28.4 39 3.8147e-07
    endloop
  endfacet
  facet normal 0.671694 0.740829 -0
    outer loop
      vertex -27.8881 37.9178 3.8147e-07
      vertex -27.9899 38.0101 2.4
      vertex -27.8881 37.9178 2.4
    endloop
  endfacet
  facet normal 0.671694 0.740829 0
    outer loop
      vertex -27.9899 38.0101 2.4
      vertex -27.8881 37.9178 3.8147e-07
      vertex -27.9899 38.0101 3.8147e-07
    endloop
  endfacet
  facet normal -0.514067 0.85775 0
    outer loop
      vertex -26.2222 37.8359 3.8147e-07
      vertex -26.34 37.7653 2.4
      vertex -26.2222 37.8359 2.4
    endloop
  endfacet
  facet normal -0.514067 0.85775 0
    outer loop
      vertex -26.34 37.7653 2.4
      vertex -26.2222 37.8359 3.8147e-07
      vertex -26.34 37.7653 3.8147e-07
    endloop
  endfacet
  facet normal 0.941544 -0.336889 0
    outer loop
      vertex -28.3397 39.4064 2.4
      vertex -28.2934 39.5358 3.8147e-07
      vertex -28.2934 39.5358 2.4
    endloop
  endfacet
  facet normal 0.941544 -0.336889 0
    outer loop
      vertex -28.2934 39.5358 3.8147e-07
      vertex -28.3397 39.4064 2.4
      vertex -28.3397 39.4064 3.8147e-07
    endloop
  endfacet
  facet normal 0.336889 -0.941544 0
    outer loop
      vertex -27.5358 40.2934 3.8147e-07
      vertex -27.4064 40.3397 2.4
      vertex -27.5358 40.2934 2.4
    endloop
  endfacet
  facet normal 0.336889 -0.941544 0
    outer loop
      vertex -27.4064 40.3397 2.4
      vertex -27.5358 40.2934 3.8147e-07
      vertex -27.4064 40.3397 3.8147e-07
    endloop
  endfacet
  facet normal 0.147023 -0.989133 0
    outer loop
      vertex -27.2731 40.3731 3.8147e-07
      vertex -27.1372 40.3933 2.4
      vertex -27.2731 40.3731 2.4
    endloop
  endfacet
  facet normal 0.147023 -0.989133 0
    outer loop
      vertex -27.1372 40.3933 2.4
      vertex -27.2731 40.3731 3.8147e-07
      vertex -27.1372 40.3933 3.8147e-07
    endloop
  endfacet
  facet normal 0.427304 0.904108 -0
    outer loop
      vertex -27.5358 37.7066 3.8147e-07
      vertex -27.66 37.7653 2.4
      vertex -27.5358 37.7066 2.4
    endloop
  endfacet
  facet normal 0.427304 0.904108 0
    outer loop
      vertex -27.66 37.7653 2.4
      vertex -27.5358 37.7066 3.8147e-07
      vertex -27.66 37.7653 3.8147e-07
    endloop
  endfacet
  facet normal -0.941544 -0.336889 0
    outer loop
      vertex -25.6603 39.4064 3.8147e-07
      vertex -25.7066 39.5358 2.4
      vertex -25.7066 39.5358 3.8147e-07
    endloop
  endfacet
  facet normal -0.941544 -0.336889 0
    outer loop
      vertex -25.7066 39.5358 2.4
      vertex -25.6603 39.4064 3.8147e-07
      vertex -25.6603 39.4064 2.4
    endloop
  endfacet
  facet normal 0.802873 0.59615 0
    outer loop
      vertex -28.0822 38.1119 2.4
      vertex -28.1641 38.2222 3.8147e-07
      vertex -28.1641 38.2222 2.4
    endloop
  endfacet
  facet normal 0.802873 0.59615 0
    outer loop
      vertex -28.1641 38.2222 3.8147e-07
      vertex -28.0822 38.1119 2.4
      vertex -28.0822 38.1119 3.8147e-07
    endloop
  endfacet
  facet normal -0.243049 -0.970014 0
    outer loop
      vertex -26.7269 40.3731 3.8147e-07
      vertex -26.5936 40.3397 2.4
      vertex -26.7269 40.3731 2.4
    endloop
  endfacet
  facet normal -0.243049 -0.970014 -0
    outer loop
      vertex -26.5936 40.3397 2.4
      vertex -26.7269 40.3731 3.8147e-07
      vertex -26.5936 40.3397 3.8147e-07
    endloop
  endfacet
  facet normal -0.243049 0.970014 0
    outer loop
      vertex -26.5936 37.6603 3.8147e-07
      vertex -26.7269 37.6269 2.4
      vertex -26.5936 37.6603 2.4
    endloop
  endfacet
  facet normal -0.243049 0.970014 0
    outer loop
      vertex -26.7269 37.6269 2.4
      vertex -26.5936 37.6603 3.8147e-07
      vertex -26.7269 37.6269 3.8147e-07
    endloop
  endfacet
  facet normal -0.671295 -0.741191 0
    outer loop
      vertex -26.1118 40.0822 3.8147e-07
      vertex -26.01 39.99 2.4
      vertex -26.1118 40.0822 2.4
    endloop
  endfacet
  facet normal -0.671295 -0.741191 -0
    outer loop
      vertex -26.01 39.99 2.4
      vertex -26.1118 40.0822 3.8147e-07
      vertex -26.01 39.99 3.8147e-07
    endloop
  endfacet
  facet normal -0.0487757 0.99881 0
    outer loop
      vertex -26.8628 37.6067 3.8147e-07
      vertex -27 37.6 2.4
      vertex -26.8628 37.6067 2.4
    endloop
  endfacet
  facet normal -0.0487757 0.99881 0
    outer loop
      vertex -27 37.6 2.4
      vertex -26.8628 37.6067 3.8147e-07
      vertex -27 37.6 3.8147e-07
    endloop
  endfacet
  facet normal 0.85775 0.514067 0
    outer loop
      vertex -28.1641 38.2222 2.4
      vertex -28.2347 38.34 3.8147e-07
      vertex -28.2347 38.34 2.4
    endloop
  endfacet
  facet normal 0.85775 0.514067 0
    outer loop
      vertex -28.2347 38.34 3.8147e-07
      vertex -28.1641 38.2222 2.4
      vertex -28.1641 38.2222 3.8147e-07
    endloop
  endfacet
  facet normal 0.941544 0.336889 0
    outer loop
      vertex -28.2934 38.4642 2.4
      vertex -28.3397 38.5936 3.8147e-07
      vertex -28.3397 38.5936 2.4
    endloop
  endfacet
  facet normal 0.941544 0.336889 0
    outer loop
      vertex -28.3397 38.5936 3.8147e-07
      vertex -28.2934 38.4642 2.4
      vertex -28.2934 38.4642 3.8147e-07
    endloop
  endfacet
  facet normal 0.0487757 -0.99881 0
    outer loop
      vertex -27.1372 40.3933 3.8147e-07
      vertex -27 40.4 2.4
      vertex -27.1372 40.3933 2.4
    endloop
  endfacet
  facet normal 0.0487757 -0.99881 0
    outer loop
      vertex -27 40.4 2.4
      vertex -27.1372 40.3933 3.8147e-07
      vertex -27 40.4 3.8147e-07
    endloop
  endfacet
  facet normal 0.59615 0.802873 -0
    outer loop
      vertex -27.7778 37.8359 3.8147e-07
      vertex -27.8881 37.9178 2.4
      vertex -27.7778 37.8359 2.4
    endloop
  endfacet
  facet normal 0.59615 0.802873 0
    outer loop
      vertex -27.8881 37.9178 2.4
      vertex -27.7778 37.8359 3.8147e-07
      vertex -27.8881 37.9178 3.8147e-07
    endloop
  endfacet
  facet normal 0.514067 0.85775 -0
    outer loop
      vertex -27.66 37.7653 3.8147e-07
      vertex -27.7778 37.8359 2.4
      vertex -27.66 37.7653 2.4
    endloop
  endfacet
  facet normal 0.514067 0.85775 0
    outer loop
      vertex -27.7778 37.8359 2.4
      vertex -27.66 37.7653 3.8147e-07
      vertex -27.7778 37.8359 3.8147e-07
    endloop
  endfacet
  facet normal 0.427304 -0.904108 0
    outer loop
      vertex -27.66 40.2347 3.8147e-07
      vertex -27.5358 40.2934 2.4
      vertex -27.66 40.2347 2.4
    endloop
  endfacet
  facet normal 0.427304 -0.904108 0
    outer loop
      vertex -27.5358 40.2934 2.4
      vertex -27.66 40.2347 3.8147e-07
      vertex -27.5358 40.2934 3.8147e-07
    endloop
  endfacet
  facet normal -0.99881 0.0487757 0
    outer loop
      vertex 28.3933 72.8628 3.8147e-07
      vertex 28.4 73 2.4
      vertex 28.4 73 3.8147e-07
    endloop
  endfacet
  facet normal -0.99881 0.0487757 0
    outer loop
      vertex 28.4 73 2.4
      vertex 28.3933 72.8628 3.8147e-07
      vertex 28.3933 72.8628 2.4
    endloop
  endfacet
  facet normal -0.740829 0.671694 0
    outer loop
      vertex 27.9899 72.01 3.8147e-07
      vertex 28.0822 72.1118 2.4
      vertex 28.0822 72.1118 3.8147e-07
    endloop
  endfacet
  facet normal -0.740829 0.671694 0
    outer loop
      vertex 28.0822 72.1118 2.4
      vertex 27.9899 72.01 3.8147e-07
      vertex 27.9899 72.01 2.4
    endloop
  endfacet
  facet normal 0.595802 0.803132 -0
    outer loop
      vertex 26.2222 71.8359 3.8147e-07
      vertex 26.1118 71.9178 2.4
      vertex 26.2222 71.8359 2.4
    endloop
  endfacet
  facet normal 0.595802 0.803132 0
    outer loop
      vertex 26.1118 71.9178 2.4
      vertex 26.2222 71.8359 3.8147e-07
      vertex 26.1118 71.9178 3.8147e-07
    endloop
  endfacet
  facet normal -0.989133 0.147023 0
    outer loop
      vertex 28.3731 72.7269 3.8147e-07
      vertex 28.3933 72.8628 2.4
      vertex 28.3933 72.8628 3.8147e-07
    endloop
  endfacet
  facet normal -0.989133 0.147023 0
    outer loop
      vertex 28.3933 72.8628 2.4
      vertex 28.3731 72.7269 3.8147e-07
      vertex 28.3731 72.7269 2.4
    endloop
  endfacet
  facet normal 0.514067 0.85775 -0
    outer loop
      vertex 26.34 71.7653 3.8147e-07
      vertex 26.2222 71.8359 2.4
      vertex 26.34 71.7653 2.4
    endloop
  endfacet
  facet normal 0.514067 0.85775 0
    outer loop
      vertex 26.2222 71.8359 2.4
      vertex 26.34 71.7653 3.8147e-07
      vertex 26.2222 71.8359 3.8147e-07
    endloop
  endfacet
  facet normal -0.336889 -0.941544 0
    outer loop
      vertex 27.4064 74.3397 3.8147e-07
      vertex 27.5358 74.2934 2.4
      vertex 27.4064 74.3397 2.4
    endloop
  endfacet
  facet normal -0.336889 -0.941544 -0
    outer loop
      vertex 27.5358 74.2934 2.4
      vertex 27.4064 74.3397 3.8147e-07
      vertex 27.5358 74.2934 3.8147e-07
    endloop
  endfacet
  facet normal 0.671295 0.741191 -0
    outer loop
      vertex 26.1118 71.9178 3.8147e-07
      vertex 26.01 72.01 2.4
      vertex 26.1118 71.9178 2.4
    endloop
  endfacet
  facet normal 0.671295 0.741191 0
    outer loop
      vertex 26.01 72.01 2.4
      vertex 26.1118 71.9178 3.8147e-07
      vertex 26.01 72.01 3.8147e-07
    endloop
  endfacet
  facet normal 0.147023 0.989133 -0
    outer loop
      vertex 26.8628 71.6067 3.8147e-07
      vertex 26.7269 71.6269 2.4
      vertex 26.8628 71.6067 2.4
    endloop
  endfacet
  facet normal 0.147023 0.989133 0
    outer loop
      vertex 26.7269 71.6269 2.4
      vertex 26.8628 71.6067 3.8147e-07
      vertex 26.7269 71.6269 3.8147e-07
    endloop
  endfacet
  facet normal 0.970014 0.243049 0
    outer loop
      vertex 25.6603 72.5936 2.4
      vertex 25.6269 72.7269 3.8147e-07
      vertex 25.6269 72.7269 2.4
    endloop
  endfacet
  facet normal 0.970014 0.243049 0
    outer loop
      vertex 25.6269 72.7269 3.8147e-07
      vertex 25.6603 72.5936 2.4
      vertex 25.6603 72.5936 3.8147e-07
    endloop
  endfacet
  facet normal 0.85775 -0.514067 0
    outer loop
      vertex 25.7653 73.66 2.4
      vertex 25.8359 73.7778 3.8147e-07
      vertex 25.8359 73.7778 2.4
    endloop
  endfacet
  facet normal 0.85775 -0.514067 0
    outer loop
      vertex 25.8359 73.7778 3.8147e-07
      vertex 25.7653 73.66 2.4
      vertex 25.7653 73.66 3.8147e-07
    endloop
  endfacet
  facet normal -0.970014 0.243049 0
    outer loop
      vertex 28.3397 72.5936 3.8147e-07
      vertex 28.3731 72.7269 2.4
      vertex 28.3731 72.7269 3.8147e-07
    endloop
  endfacet
  facet normal -0.970014 0.243049 0
    outer loop
      vertex 28.3731 72.7269 2.4
      vertex 28.3397 72.5936 3.8147e-07
      vertex 28.3397 72.5936 2.4
    endloop
  endfacet
  facet normal 0.671295 -0.741191 0
    outer loop
      vertex 26.01 73.99 3.8147e-07
      vertex 26.1118 74.0822 2.4
      vertex 26.01 73.99 2.4
    endloop
  endfacet
  facet normal 0.671295 -0.741191 0
    outer loop
      vertex 26.1118 74.0822 2.4
      vertex 26.01 73.99 3.8147e-07
      vertex 26.1118 74.0822 3.8147e-07
    endloop
  endfacet
  facet normal -0.671295 0.741191 0
    outer loop
      vertex 27.9899 72.01 3.8147e-07
      vertex 27.8881 71.9178 2.4
      vertex 27.9899 72.01 2.4
    endloop
  endfacet
  facet normal -0.671295 0.741191 0
    outer loop
      vertex 27.8881 71.9178 2.4
      vertex 27.9899 72.01 3.8147e-07
      vertex 27.8881 71.9178 3.8147e-07
    endloop
  endfacet
  facet normal 0.970014 -0.243049 0
    outer loop
      vertex 25.6269 73.2731 2.4
      vertex 25.6603 73.4064 3.8147e-07
      vertex 25.6603 73.4064 2.4
    endloop
  endfacet
  facet normal 0.970014 -0.243049 0
    outer loop
      vertex 25.6603 73.4064 3.8147e-07
      vertex 25.6269 73.2731 2.4
      vertex 25.6269 73.2731 3.8147e-07
    endloop
  endfacet
  facet normal -0.989133 -0.147023 0
    outer loop
      vertex 28.3933 73.1372 3.8147e-07
      vertex 28.3731 73.2731 2.4
      vertex 28.3731 73.2731 3.8147e-07
    endloop
  endfacet
  facet normal -0.989133 -0.147023 0
    outer loop
      vertex 28.3731 73.2731 2.4
      vertex 28.3933 73.1372 3.8147e-07
      vertex 28.3933 73.1372 2.4
    endloop
  endfacet
  facet normal -0.427304 0.904108 0
    outer loop
      vertex 27.66 71.7653 3.8147e-07
      vertex 27.5358 71.7066 2.4
      vertex 27.66 71.7653 2.4
    endloop
  endfacet
  facet normal -0.427304 0.904108 0
    outer loop
      vertex 27.5358 71.7066 2.4
      vertex 27.66 71.7653 3.8147e-07
      vertex 27.5358 71.7066 3.8147e-07
    endloop
  endfacet
  facet normal -0.941544 -0.336889 0
    outer loop
      vertex 28.3397 73.4064 3.8147e-07
      vertex 28.2934 73.5358 2.4
      vertex 28.2934 73.5358 3.8147e-07
    endloop
  endfacet
  facet normal -0.941544 -0.336889 0
    outer loop
      vertex 28.2934 73.5358 2.4
      vertex 28.3397 73.4064 3.8147e-07
      vertex 28.3397 73.4064 2.4
    endloop
  endfacet
  facet normal 0.941544 -0.336889 0
    outer loop
      vertex 25.6603 73.4064 2.4
      vertex 25.7066 73.5358 3.8147e-07
      vertex 25.7066 73.5358 2.4
    endloop
  endfacet
  facet normal 0.941544 -0.336889 0
    outer loop
      vertex 25.7066 73.5358 3.8147e-07
      vertex 25.6603 73.4064 2.4
      vertex 25.6603 73.4064 3.8147e-07
    endloop
  endfacet
  facet normal -0.514067 -0.85775 0
    outer loop
      vertex 27.66 74.2347 3.8147e-07
      vertex 27.7778 74.1641 2.4
      vertex 27.66 74.2347 2.4
    endloop
  endfacet
  facet normal -0.514067 -0.85775 -0
    outer loop
      vertex 27.7778 74.1641 2.4
      vertex 27.66 74.2347 3.8147e-07
      vertex 27.7778 74.1641 3.8147e-07
    endloop
  endfacet
  facet normal -0.59615 -0.802873 0
    outer loop
      vertex 27.7778 74.1641 3.8147e-07
      vertex 27.8881 74.0822 2.4
      vertex 27.7778 74.1641 2.4
    endloop
  endfacet
  facet normal -0.59615 -0.802873 -0
    outer loop
      vertex 27.8881 74.0822 2.4
      vertex 27.7778 74.1641 3.8147e-07
      vertex 27.8881 74.0822 3.8147e-07
    endloop
  endfacet
  facet normal 0.427304 -0.904108 0
    outer loop
      vertex 26.34 74.2347 3.8147e-07
      vertex 26.4642 74.2934 2.4
      vertex 26.34 74.2347 2.4
    endloop
  endfacet
  facet normal 0.427304 -0.904108 0
    outer loop
      vertex 26.4642 74.2934 2.4
      vertex 26.34 74.2347 3.8147e-07
      vertex 26.4642 74.2934 3.8147e-07
    endloop
  endfacet
  facet normal -0.147023 -0.989133 0
    outer loop
      vertex 27.1372 74.3933 3.8147e-07
      vertex 27.2731 74.3731 2.4
      vertex 27.1372 74.3933 2.4
    endloop
  endfacet
  facet normal -0.147023 -0.989133 -0
    outer loop
      vertex 27.2731 74.3731 2.4
      vertex 27.1372 74.3933 3.8147e-07
      vertex 27.2731 74.3731 3.8147e-07
    endloop
  endfacet
  facet normal -0.99881 -0.0487757 0
    outer loop
      vertex 28.4 73 3.8147e-07
      vertex 28.3933 73.1372 2.4
      vertex 28.3933 73.1372 3.8147e-07
    endloop
  endfacet
  facet normal -0.99881 -0.0487757 0
    outer loop
      vertex 28.3933 73.1372 2.4
      vertex 28.4 73 3.8147e-07
      vertex 28.4 73 2.4
    endloop
  endfacet
  facet normal -0.336889 0.941544 0
    outer loop
      vertex 27.5358 71.7066 3.8147e-07
      vertex 27.4064 71.6603 2.4
      vertex 27.5358 71.7066 2.4
    endloop
  endfacet
  facet normal -0.336889 0.941544 0
    outer loop
      vertex 27.4064 71.6603 2.4
      vertex 27.5358 71.7066 3.8147e-07
      vertex 27.4064 71.6603 3.8147e-07
    endloop
  endfacet
  facet normal 0.989133 -0.147023 0
    outer loop
      vertex 25.6067 73.1372 2.4
      vertex 25.6269 73.2731 3.8147e-07
      vertex 25.6269 73.2731 2.4
    endloop
  endfacet
  facet normal 0.989133 -0.147023 0
    outer loop
      vertex 25.6269 73.2731 3.8147e-07
      vertex 25.6067 73.1372 2.4
      vertex 25.6067 73.1372 3.8147e-07
    endloop
  endfacet
  facet normal -0.85775 0.514067 0
    outer loop
      vertex 28.1641 72.2222 3.8147e-07
      vertex 28.2347 72.34 2.4
      vertex 28.2347 72.34 3.8147e-07
    endloop
  endfacet
  facet normal -0.85775 0.514067 0
    outer loop
      vertex 28.2347 72.34 2.4
      vertex 28.1641 72.2222 3.8147e-07
      vertex 28.1641 72.2222 2.4
    endloop
  endfacet
  facet normal 0.147023 -0.989133 0
    outer loop
      vertex 26.7269 74.3731 3.8147e-07
      vertex 26.8628 74.3933 2.4
      vertex 26.7269 74.3731 2.4
    endloop
  endfacet
  facet normal 0.147023 -0.989133 0
    outer loop
      vertex 26.8628 74.3933 2.4
      vertex 26.7269 74.3731 3.8147e-07
      vertex 26.8628 74.3933 3.8147e-07
    endloop
  endfacet
  facet normal -0.970014 -0.243049 0
    outer loop
      vertex 28.3731 73.2731 3.8147e-07
      vertex 28.3397 73.4064 2.4
      vertex 28.3397 73.4064 3.8147e-07
    endloop
  endfacet
  facet normal -0.970014 -0.243049 0
    outer loop
      vertex 28.3397 73.4064 2.4
      vertex 28.3731 73.2731 3.8147e-07
      vertex 28.3731 73.2731 2.4
    endloop
  endfacet
  facet normal -0.803132 -0.595802 0
    outer loop
      vertex 28.1641 73.7778 3.8147e-07
      vertex 28.0822 73.8882 2.4
      vertex 28.0822 73.8882 3.8147e-07
    endloop
  endfacet
  facet normal -0.803132 -0.595802 0
    outer loop
      vertex 28.0822 73.8882 2.4
      vertex 28.1641 73.7778 3.8147e-07
      vertex 28.1641 73.7778 2.4
    endloop
  endfacet
  facet normal 0.989133 0.147023 0
    outer loop
      vertex 25.6269 72.7269 2.4
      vertex 25.6067 72.8628 3.8147e-07
      vertex 25.6067 72.8628 2.4
    endloop
  endfacet
  facet normal 0.989133 0.147023 0
    outer loop
      vertex 25.6067 72.8628 3.8147e-07
      vertex 25.6269 72.7269 2.4
      vertex 25.6269 72.7269 3.8147e-07
    endloop
  endfacet
  facet normal -0.427304 -0.904108 0
    outer loop
      vertex 27.5358 74.2934 3.8147e-07
      vertex 27.66 74.2347 2.4
      vertex 27.5358 74.2934 2.4
    endloop
  endfacet
  facet normal -0.427304 -0.904108 -0
    outer loop
      vertex 27.66 74.2347 2.4
      vertex 27.5358 74.2934 3.8147e-07
      vertex 27.66 74.2347 3.8147e-07
    endloop
  endfacet
  facet normal -0.904108 0.427304 0
    outer loop
      vertex 28.2347 72.34 3.8147e-07
      vertex 28.2934 72.4642 2.4
      vertex 28.2934 72.4642 3.8147e-07
    endloop
  endfacet
  facet normal -0.904108 0.427304 0
    outer loop
      vertex 28.2934 72.4642 2.4
      vertex 28.2347 72.34 3.8147e-07
      vertex 28.2347 72.34 2.4
    endloop
  endfacet
  facet normal 0.904108 -0.427304 0
    outer loop
      vertex 25.7066 73.5358 2.4
      vertex 25.7653 73.66 3.8147e-07
      vertex 25.7653 73.66 2.4
    endloop
  endfacet
  facet normal 0.904108 -0.427304 0
    outer loop
      vertex 25.7653 73.66 3.8147e-07
      vertex 25.7066 73.5358 2.4
      vertex 25.7066 73.5358 3.8147e-07
    endloop
  endfacet
  facet normal 0.595802 -0.803132 0
    outer loop
      vertex 26.1118 74.0822 3.8147e-07
      vertex 26.2222 74.1641 2.4
      vertex 26.1118 74.0822 2.4
    endloop
  endfacet
  facet normal 0.595802 -0.803132 0
    outer loop
      vertex 26.2222 74.1641 2.4
      vertex 26.1118 74.0822 3.8147e-07
      vertex 26.2222 74.1641 3.8147e-07
    endloop
  endfacet
  facet normal 0.336889 0.941544 -0
    outer loop
      vertex 26.5936 71.6603 3.8147e-07
      vertex 26.4642 71.7066 2.4
      vertex 26.5936 71.6603 2.4
    endloop
  endfacet
  facet normal 0.336889 0.941544 0
    outer loop
      vertex 26.4642 71.7066 2.4
      vertex 26.5936 71.6603 3.8147e-07
      vertex 26.4642 71.7066 3.8147e-07
    endloop
  endfacet
  facet normal -0.740829 -0.671694 0
    outer loop
      vertex 28.0822 73.8882 3.8147e-07
      vertex 27.9899 73.99 2.4
      vertex 27.9899 73.99 3.8147e-07
    endloop
  endfacet
  facet normal -0.740829 -0.671694 0
    outer loop
      vertex 27.9899 73.99 2.4
      vertex 28.0822 73.8882 3.8147e-07
      vertex 28.0822 73.8882 2.4
    endloop
  endfacet
  facet normal -0.243049 0.970014 0
    outer loop
      vertex 27.4064 71.6603 3.8147e-07
      vertex 27.2731 71.6269 2.4
      vertex 27.4064 71.6603 2.4
    endloop
  endfacet
  facet normal -0.243049 0.970014 0
    outer loop
      vertex 27.2731 71.6269 2.4
      vertex 27.4064 71.6603 3.8147e-07
      vertex 27.2731 71.6269 3.8147e-07
    endloop
  endfacet
  facet normal -0.59615 0.802873 0
    outer loop
      vertex 27.8881 71.9178 3.8147e-07
      vertex 27.7778 71.8359 2.4
      vertex 27.8881 71.9178 2.4
    endloop
  endfacet
  facet normal -0.59615 0.802873 0
    outer loop
      vertex 27.7778 71.8359 2.4
      vertex 27.8881 71.9178 3.8147e-07
      vertex 27.7778 71.8359 3.8147e-07
    endloop
  endfacet
  facet normal 0.741191 0.671295 0
    outer loop
      vertex 26.01 72.01 2.4
      vertex 25.9178 72.1118 3.8147e-07
      vertex 25.9178 72.1118 2.4
    endloop
  endfacet
  facet normal 0.741191 0.671295 0
    outer loop
      vertex 25.9178 72.1118 3.8147e-07
      vertex 26.01 72.01 2.4
      vertex 26.01 72.01 3.8147e-07
    endloop
  endfacet
  facet normal -0.941544 0.336889 0
    outer loop
      vertex 28.2934 72.4642 3.8147e-07
      vertex 28.3397 72.5936 2.4
      vertex 28.3397 72.5936 3.8147e-07
    endloop
  endfacet
  facet normal -0.941544 0.336889 0
    outer loop
      vertex 28.3397 72.5936 2.4
      vertex 28.2934 72.4642 3.8147e-07
      vertex 28.2934 72.4642 2.4
    endloop
  endfacet
  facet normal 0.904108 0.427304 0
    outer loop
      vertex 25.7653 72.34 2.4
      vertex 25.7066 72.4642 3.8147e-07
      vertex 25.7066 72.4642 2.4
    endloop
  endfacet
  facet normal 0.904108 0.427304 0
    outer loop
      vertex 25.7066 72.4642 3.8147e-07
      vertex 25.7653 72.34 2.4
      vertex 25.7653 72.34 3.8147e-07
    endloop
  endfacet
  facet normal 0.99881 0.0487757 0
    outer loop
      vertex 25.6067 72.8628 2.4
      vertex 25.6 73 3.8147e-07
      vertex 25.6 73 2.4
    endloop
  endfacet
  facet normal 0.99881 0.0487757 0
    outer loop
      vertex 25.6 73 3.8147e-07
      vertex 25.6067 72.8628 2.4
      vertex 25.6067 72.8628 3.8147e-07
    endloop
  endfacet
  facet normal -0.803132 0.595802 0
    outer loop
      vertex 28.0822 72.1118 3.8147e-07
      vertex 28.1641 72.2222 2.4
      vertex 28.1641 72.2222 3.8147e-07
    endloop
  endfacet
  facet normal -0.803132 0.595802 0
    outer loop
      vertex 28.1641 72.2222 2.4
      vertex 28.0822 72.1118 3.8147e-07
      vertex 28.0822 72.1118 2.4
    endloop
  endfacet
  facet normal -0.0487757 -0.99881 0
    outer loop
      vertex 27 74.4 3.8147e-07
      vertex 27.1372 74.3933 2.4
      vertex 27 74.4 2.4
    endloop
  endfacet
  facet normal -0.0487757 -0.99881 -0
    outer loop
      vertex 27.1372 74.3933 2.4
      vertex 27 74.4 3.8147e-07
      vertex 27.1372 74.3933 3.8147e-07
    endloop
  endfacet
  facet normal 0.514067 -0.85775 0
    outer loop
      vertex 26.2222 74.1641 3.8147e-07
      vertex 26.34 74.2347 2.4
      vertex 26.2222 74.1641 2.4
    endloop
  endfacet
  facet normal 0.514067 -0.85775 0
    outer loop
      vertex 26.34 74.2347 2.4
      vertex 26.2222 74.1641 3.8147e-07
      vertex 26.34 74.2347 3.8147e-07
    endloop
  endfacet
  facet normal 0.243049 0.970014 -0
    outer loop
      vertex 26.7269 71.6269 3.8147e-07
      vertex 26.5936 71.6603 2.4
      vertex 26.7269 71.6269 2.4
    endloop
  endfacet
  facet normal 0.243049 0.970014 0
    outer loop
      vertex 26.5936 71.6603 2.4
      vertex 26.7269 71.6269 3.8147e-07
      vertex 26.5936 71.6603 3.8147e-07
    endloop
  endfacet
  facet normal -0.147023 0.989133 0
    outer loop
      vertex 27.2731 71.6269 3.8147e-07
      vertex 27.1372 71.6067 2.4
      vertex 27.2731 71.6269 2.4
    endloop
  endfacet
  facet normal -0.147023 0.989133 0
    outer loop
      vertex 27.1372 71.6067 2.4
      vertex 27.2731 71.6269 3.8147e-07
      vertex 27.1372 71.6067 3.8147e-07
    endloop
  endfacet
  facet normal 0.427304 0.904108 -0
    outer loop
      vertex 26.4642 71.7066 3.8147e-07
      vertex 26.34 71.7653 2.4
      vertex 26.4642 71.7066 2.4
    endloop
  endfacet
  facet normal 0.427304 0.904108 0
    outer loop
      vertex 26.34 71.7653 2.4
      vertex 26.4642 71.7066 3.8147e-07
      vertex 26.34 71.7653 3.8147e-07
    endloop
  endfacet
  facet normal -0.514067 0.85775 0
    outer loop
      vertex 27.7778 71.8359 3.8147e-07
      vertex 27.66 71.7653 2.4
      vertex 27.7778 71.8359 2.4
    endloop
  endfacet
  facet normal -0.514067 0.85775 0
    outer loop
      vertex 27.66 71.7653 2.4
      vertex 27.7778 71.8359 3.8147e-07
      vertex 27.66 71.7653 3.8147e-07
    endloop
  endfacet
  facet normal 0.243049 -0.970014 0
    outer loop
      vertex 26.5936 74.3397 3.8147e-07
      vertex 26.7269 74.3731 2.4
      vertex 26.5936 74.3397 2.4
    endloop
  endfacet
  facet normal 0.243049 -0.970014 0
    outer loop
      vertex 26.7269 74.3731 2.4
      vertex 26.5936 74.3397 3.8147e-07
      vertex 26.7269 74.3731 3.8147e-07
    endloop
  endfacet
  facet normal 0.0487757 0.99881 -0
    outer loop
      vertex 27 71.6 3.8147e-07
      vertex 26.8628 71.6067 2.4
      vertex 27 71.6 2.4
    endloop
  endfacet
  facet normal 0.0487757 0.99881 0
    outer loop
      vertex 26.8628 71.6067 2.4
      vertex 27 71.6 3.8147e-07
      vertex 26.8628 71.6067 3.8147e-07
    endloop
  endfacet
  facet normal 0.941544 0.336889 0
    outer loop
      vertex 25.7066 72.4642 2.4
      vertex 25.6603 72.5936 3.8147e-07
      vertex 25.6603 72.5936 2.4
    endloop
  endfacet
  facet normal 0.941544 0.336889 0
    outer loop
      vertex 25.6603 72.5936 3.8147e-07
      vertex 25.7066 72.4642 2.4
      vertex 25.7066 72.4642 3.8147e-07
    endloop
  endfacet
  facet normal -0.671295 -0.741191 0
    outer loop
      vertex 27.8881 74.0822 3.8147e-07
      vertex 27.9899 73.99 2.4
      vertex 27.8881 74.0822 2.4
    endloop
  endfacet
  facet normal -0.671295 -0.741191 -0
    outer loop
      vertex 27.9899 73.99 2.4
      vertex 27.8881 74.0822 3.8147e-07
      vertex 27.9899 73.99 3.8147e-07
    endloop
  endfacet
  facet normal 0.803132 -0.595802 0
    outer loop
      vertex 25.8359 73.7778 2.4
      vertex 25.9178 73.8882 3.8147e-07
      vertex 25.9178 73.8882 2.4
    endloop
  endfacet
  facet normal 0.803132 -0.595802 0
    outer loop
      vertex 25.9178 73.8882 3.8147e-07
      vertex 25.8359 73.7778 2.4
      vertex 25.8359 73.7778 3.8147e-07
    endloop
  endfacet
  facet normal 0.741191 -0.671295 0
    outer loop
      vertex 25.9178 73.8882 2.4
      vertex 26.01 73.99 3.8147e-07
      vertex 26.01 73.99 2.4
    endloop
  endfacet
  facet normal 0.741191 -0.671295 0
    outer loop
      vertex 26.01 73.99 3.8147e-07
      vertex 25.9178 73.8882 2.4
      vertex 25.9178 73.8882 3.8147e-07
    endloop
  endfacet
  facet normal 0.99881 -0.0487757 0
    outer loop
      vertex 25.6 73 2.4
      vertex 25.6067 73.1372 3.8147e-07
      vertex 25.6067 73.1372 2.4
    endloop
  endfacet
  facet normal 0.99881 -0.0487757 0
    outer loop
      vertex 25.6067 73.1372 3.8147e-07
      vertex 25.6 73 2.4
      vertex 25.6 73 3.8147e-07
    endloop
  endfacet
  facet normal -0.0487757 0.99881 0
    outer loop
      vertex 27.1372 71.6067 3.8147e-07
      vertex 27 71.6 2.4
      vertex 27.1372 71.6067 2.4
    endloop
  endfacet
  facet normal -0.0487757 0.99881 0
    outer loop
      vertex 27 71.6 2.4
      vertex 27.1372 71.6067 3.8147e-07
      vertex 27 71.6 3.8147e-07
    endloop
  endfacet
  facet normal -0.243049 -0.970014 0
    outer loop
      vertex 27.2731 74.3731 3.8147e-07
      vertex 27.4064 74.3397 2.4
      vertex 27.2731 74.3731 2.4
    endloop
  endfacet
  facet normal -0.243049 -0.970014 -0
    outer loop
      vertex 27.4064 74.3397 2.4
      vertex 27.2731 74.3731 3.8147e-07
      vertex 27.4064 74.3397 3.8147e-07
    endloop
  endfacet
  facet normal -0.85775 -0.514067 0
    outer loop
      vertex 28.2347 73.66 3.8147e-07
      vertex 28.1641 73.7778 2.4
      vertex 28.1641 73.7778 3.8147e-07
    endloop
  endfacet
  facet normal -0.85775 -0.514067 0
    outer loop
      vertex 28.1641 73.7778 2.4
      vertex 28.2347 73.66 3.8147e-07
      vertex 28.2347 73.66 2.4
    endloop
  endfacet
  facet normal -0.904108 -0.427304 0
    outer loop
      vertex 28.2934 73.5358 3.8147e-07
      vertex 28.2347 73.66 2.4
      vertex 28.2347 73.66 3.8147e-07
    endloop
  endfacet
  facet normal -0.904108 -0.427304 0
    outer loop
      vertex 28.2347 73.66 2.4
      vertex 28.2934 73.5358 3.8147e-07
      vertex 28.2934 73.5358 2.4
    endloop
  endfacet
  facet normal 0.0487757 -0.99881 0
    outer loop
      vertex 26.8628 74.3933 3.8147e-07
      vertex 27 74.4 2.4
      vertex 26.8628 74.3933 2.4
    endloop
  endfacet
  facet normal 0.0487757 -0.99881 0
    outer loop
      vertex 27 74.4 2.4
      vertex 26.8628 74.3933 3.8147e-07
      vertex 27 74.4 3.8147e-07
    endloop
  endfacet
  facet normal 0.336889 -0.941544 0
    outer loop
      vertex 26.4642 74.2934 3.8147e-07
      vertex 26.5936 74.3397 2.4
      vertex 26.4642 74.2934 2.4
    endloop
  endfacet
  facet normal 0.336889 -0.941544 0
    outer loop
      vertex 26.5936 74.3397 2.4
      vertex 26.4642 74.2934 3.8147e-07
      vertex 26.5936 74.3397 3.8147e-07
    endloop
  endfacet
  facet normal 0.85775 0.514067 0
    outer loop
      vertex 25.8359 72.2222 2.4
      vertex 25.7653 72.34 3.8147e-07
      vertex 25.7653 72.34 2.4
    endloop
  endfacet
  facet normal 0.85775 0.514067 0
    outer loop
      vertex 25.7653 72.34 3.8147e-07
      vertex 25.8359 72.2222 2.4
      vertex 25.8359 72.2222 3.8147e-07
    endloop
  endfacet
  facet normal 0.803132 0.595802 0
    outer loop
      vertex 25.9178 72.1118 2.4
      vertex 25.8359 72.2222 3.8147e-07
      vertex 25.8359 72.2222 2.4
    endloop
  endfacet
  facet normal 0.803132 0.595802 0
    outer loop
      vertex 25.8359 72.2222 3.8147e-07
      vertex 25.9178 72.1118 2.4
      vertex 25.9178 72.1118 3.8147e-07
    endloop
  endfacet
  facet normal -0.740829 0.671694 0
    outer loop
      vertex 27.9899 38.0101 3.8147e-07
      vertex 28.0822 38.1119 2.4
      vertex 28.0822 38.1119 3.8147e-07
    endloop
  endfacet
  facet normal -0.740829 0.671694 0
    outer loop
      vertex 28.0822 38.1119 2.4
      vertex 27.9899 38.0101 3.8147e-07
      vertex 27.9899 38.0101 2.4
    endloop
  endfacet
  facet normal -0.336889 -0.941544 0
    outer loop
      vertex 27.4064 40.3397 3.8147e-07
      vertex 27.5358 40.2934 2.4
      vertex 27.4064 40.3397 2.4
    endloop
  endfacet
  facet normal -0.336889 -0.941544 -0
    outer loop
      vertex 27.5358 40.2934 2.4
      vertex 27.4064 40.3397 3.8147e-07
      vertex 27.5358 40.2934 3.8147e-07
    endloop
  endfacet
  facet normal 0.989133 0.147023 0
    outer loop
      vertex 25.6269 38.7269 2.4
      vertex 25.6067 38.8628 3.8147e-07
      vertex 25.6067 38.8628 2.4
    endloop
  endfacet
  facet normal 0.989133 0.147023 0
    outer loop
      vertex 25.6067 38.8628 3.8147e-07
      vertex 25.6269 38.7269 2.4
      vertex 25.6269 38.7269 3.8147e-07
    endloop
  endfacet
  facet normal -0.85775 0.514067 0
    outer loop
      vertex 28.1641 38.2222 3.8147e-07
      vertex 28.2347 38.34 2.4
      vertex 28.2347 38.34 3.8147e-07
    endloop
  endfacet
  facet normal -0.85775 0.514067 0
    outer loop
      vertex 28.2347 38.34 2.4
      vertex 28.1641 38.2222 3.8147e-07
      vertex 28.1641 38.2222 2.4
    endloop
  endfacet
  facet normal 0.671295 -0.741191 0
    outer loop
      vertex 26.01 39.99 3.8147e-07
      vertex 26.1118 40.0822 2.4
      vertex 26.01 39.99 2.4
    endloop
  endfacet
  facet normal 0.671295 -0.741191 0
    outer loop
      vertex 26.1118 40.0822 2.4
      vertex 26.01 39.99 3.8147e-07
      vertex 26.1118 40.0822 3.8147e-07
    endloop
  endfacet
  facet normal -0.904108 -0.427304 0
    outer loop
      vertex 28.2934 39.5358 3.8147e-07
      vertex 28.2347 39.66 2.4
      vertex 28.2347 39.66 3.8147e-07
    endloop
  endfacet
  facet normal -0.904108 -0.427304 0
    outer loop
      vertex 28.2347 39.66 2.4
      vertex 28.2934 39.5358 3.8147e-07
      vertex 28.2934 39.5358 2.4
    endloop
  endfacet
  facet normal 0.803132 -0.595802 0
    outer loop
      vertex 25.8359 39.7778 2.4
      vertex 25.9178 39.8882 3.8147e-07
      vertex 25.9178 39.8882 2.4
    endloop
  endfacet
  facet normal 0.803132 -0.595802 0
    outer loop
      vertex 25.9178 39.8882 3.8147e-07
      vertex 25.8359 39.7778 2.4
      vertex 25.8359 39.7778 3.8147e-07
    endloop
  endfacet
  facet normal 0.989133 -0.147023 0
    outer loop
      vertex 25.6067 39.1372 2.4
      vertex 25.6269 39.2731 3.8147e-07
      vertex 25.6269 39.2731 2.4
    endloop
  endfacet
  facet normal 0.989133 -0.147023 0
    outer loop
      vertex 25.6269 39.2731 3.8147e-07
      vertex 25.6067 39.1372 2.4
      vertex 25.6067 39.1372 3.8147e-07
    endloop
  endfacet
  facet normal 0.904108 -0.427304 0
    outer loop
      vertex 25.7066 39.5358 2.4
      vertex 25.7653 39.66 3.8147e-07
      vertex 25.7653 39.66 2.4
    endloop
  endfacet
  facet normal 0.904108 -0.427304 0
    outer loop
      vertex 25.7653 39.66 3.8147e-07
      vertex 25.7066 39.5358 2.4
      vertex 25.7066 39.5358 3.8147e-07
    endloop
  endfacet
  facet normal 0.99881 0.0487757 0
    outer loop
      vertex 25.6067 38.8628 2.4
      vertex 25.6 39 3.8147e-07
      vertex 25.6 39 2.4
    endloop
  endfacet
  facet normal 0.99881 0.0487757 0
    outer loop
      vertex 25.6 39 3.8147e-07
      vertex 25.6067 38.8628 2.4
      vertex 25.6067 38.8628 3.8147e-07
    endloop
  endfacet
  facet normal 0.904108 0.427304 0
    outer loop
      vertex 25.7653 38.34 2.4
      vertex 25.7066 38.4642 3.8147e-07
      vertex 25.7066 38.4642 2.4
    endloop
  endfacet
  facet normal 0.904108 0.427304 0
    outer loop
      vertex 25.7066 38.4642 3.8147e-07
      vertex 25.7653 38.34 2.4
      vertex 25.7653 38.34 3.8147e-07
    endloop
  endfacet
  facet normal -0.99881 -0.0487757 0
    outer loop
      vertex 28.4 39 3.8147e-07
      vertex 28.3933 39.1372 2.4
      vertex 28.3933 39.1372 3.8147e-07
    endloop
  endfacet
  facet normal -0.99881 -0.0487757 0
    outer loop
      vertex 28.3933 39.1372 2.4
      vertex 28.4 39 3.8147e-07
      vertex 28.4 39 2.4
    endloop
  endfacet
  facet normal 0.336889 0.941544 -0
    outer loop
      vertex 26.5936 37.6603 3.8147e-07
      vertex 26.4642 37.7066 2.4
      vertex 26.5936 37.6603 2.4
    endloop
  endfacet
  facet normal 0.336889 0.941544 0
    outer loop
      vertex 26.4642 37.7066 2.4
      vertex 26.5936 37.6603 3.8147e-07
      vertex 26.4642 37.7066 3.8147e-07
    endloop
  endfacet
  facet normal 0.85775 -0.514067 0
    outer loop
      vertex 25.7653 39.66 2.4
      vertex 25.8359 39.7778 3.8147e-07
      vertex 25.8359 39.7778 2.4
    endloop
  endfacet
  facet normal 0.85775 -0.514067 0
    outer loop
      vertex 25.8359 39.7778 3.8147e-07
      vertex 25.7653 39.66 2.4
      vertex 25.7653 39.66 3.8147e-07
    endloop
  endfacet
  facet normal -0.989133 0.147023 0
    outer loop
      vertex 28.3731 38.7269 3.8147e-07
      vertex 28.3933 38.8628 2.4
      vertex 28.3933 38.8628 3.8147e-07
    endloop
  endfacet
  facet normal -0.989133 0.147023 0
    outer loop
      vertex 28.3933 38.8628 2.4
      vertex 28.3731 38.7269 3.8147e-07
      vertex 28.3731 38.7269 2.4
    endloop
  endfacet
  facet normal 0.0487757 0.99881 -0
    outer loop
      vertex 27 37.6 3.8147e-07
      vertex 26.8628 37.6067 2.4
      vertex 27 37.6 2.4
    endloop
  endfacet
  facet normal 0.0487757 0.99881 0
    outer loop
      vertex 26.8628 37.6067 2.4
      vertex 27 37.6 3.8147e-07
      vertex 26.8628 37.6067 3.8147e-07
    endloop
  endfacet
  facet normal -0.99881 0.0487757 0
    outer loop
      vertex 28.3933 38.8628 3.8147e-07
      vertex 28.4 39 2.4
      vertex 28.4 39 3.8147e-07
    endloop
  endfacet
  facet normal -0.99881 0.0487757 0
    outer loop
      vertex 28.4 39 2.4
      vertex 28.3933 38.8628 3.8147e-07
      vertex 28.3933 38.8628 2.4
    endloop
  endfacet
  facet normal 0.970014 0.243049 0
    outer loop
      vertex 25.6603 38.5936 2.4
      vertex 25.6269 38.7269 3.8147e-07
      vertex 25.6269 38.7269 2.4
    endloop
  endfacet
  facet normal 0.970014 0.243049 0
    outer loop
      vertex 25.6269 38.7269 3.8147e-07
      vertex 25.6603 38.5936 2.4
      vertex 25.6603 38.5936 3.8147e-07
    endloop
  endfacet
  facet normal -0.147023 0.989133 0
    outer loop
      vertex 27.2731 37.6269 3.8147e-07
      vertex 27.1372 37.6067 2.4
      vertex 27.2731 37.6269 2.4
    endloop
  endfacet
  facet normal -0.147023 0.989133 0
    outer loop
      vertex 27.1372 37.6067 2.4
      vertex 27.2731 37.6269 3.8147e-07
      vertex 27.1372 37.6067 3.8147e-07
    endloop
  endfacet
  facet normal -0.802873 0.59615 0
    outer loop
      vertex 28.0822 38.1119 3.8147e-07
      vertex 28.1641 38.2222 2.4
      vertex 28.1641 38.2222 3.8147e-07
    endloop
  endfacet
  facet normal -0.802873 0.59615 0
    outer loop
      vertex 28.1641 38.2222 2.4
      vertex 28.0822 38.1119 3.8147e-07
      vertex 28.0822 38.1119 2.4
    endloop
  endfacet
  facet normal 0.147023 0.989133 -0
    outer loop
      vertex 26.8628 37.6067 3.8147e-07
      vertex 26.7269 37.6269 2.4
      vertex 26.8628 37.6067 2.4
    endloop
  endfacet
  facet normal 0.147023 0.989133 0
    outer loop
      vertex 26.7269 37.6269 2.4
      vertex 26.8628 37.6067 3.8147e-07
      vertex 26.7269 37.6269 3.8147e-07
    endloop
  endfacet
  facet normal -0.59615 0.802873 0
    outer loop
      vertex 27.8881 37.9178 3.8147e-07
      vertex 27.7778 37.8359 2.4
      vertex 27.8881 37.9178 2.4
    endloop
  endfacet
  facet normal -0.59615 0.802873 0
    outer loop
      vertex 27.7778 37.8359 2.4
      vertex 27.8881 37.9178 3.8147e-07
      vertex 27.7778 37.8359 3.8147e-07
    endloop
  endfacet
  facet normal 0.514067 -0.85775 0
    outer loop
      vertex 26.2222 40.1641 3.8147e-07
      vertex 26.34 40.2347 2.4
      vertex 26.2222 40.1641 2.4
    endloop
  endfacet
  facet normal 0.514067 -0.85775 0
    outer loop
      vertex 26.34 40.2347 2.4
      vertex 26.2222 40.1641 3.8147e-07
      vertex 26.34 40.2347 3.8147e-07
    endloop
  endfacet
  facet normal 0.243049 -0.970014 0
    outer loop
      vertex 26.5936 40.3397 3.8147e-07
      vertex 26.7269 40.3731 2.4
      vertex 26.5936 40.3397 2.4
    endloop
  endfacet
  facet normal 0.243049 -0.970014 0
    outer loop
      vertex 26.7269 40.3731 2.4
      vertex 26.5936 40.3397 3.8147e-07
      vertex 26.7269 40.3731 3.8147e-07
    endloop
  endfacet
  facet normal -0.970014 -0.243049 0
    outer loop
      vertex 28.3731 39.2731 3.8147e-07
      vertex 28.3397 39.4064 2.4
      vertex 28.3397 39.4064 3.8147e-07
    endloop
  endfacet
  facet normal -0.970014 -0.243049 0
    outer loop
      vertex 28.3397 39.4064 2.4
      vertex 28.3731 39.2731 3.8147e-07
      vertex 28.3731 39.2731 2.4
    endloop
  endfacet
  facet normal -0.740829 -0.671694 0
    outer loop
      vertex 28.0822 39.8882 3.8147e-07
      vertex 27.9899 39.99 2.4
      vertex 27.9899 39.99 3.8147e-07
    endloop
  endfacet
  facet normal -0.740829 -0.671694 0
    outer loop
      vertex 27.9899 39.99 2.4
      vertex 28.0822 39.8882 3.8147e-07
      vertex 28.0822 39.8882 2.4
    endloop
  endfacet
  facet normal 0.595802 -0.803132 0
    outer loop
      vertex 26.1118 40.0822 3.8147e-07
      vertex 26.2222 40.1641 2.4
      vertex 26.1118 40.0822 2.4
    endloop
  endfacet
  facet normal 0.595802 -0.803132 0
    outer loop
      vertex 26.2222 40.1641 2.4
      vertex 26.1118 40.0822 3.8147e-07
      vertex 26.2222 40.1641 3.8147e-07
    endloop
  endfacet
  facet normal -0.970014 0.243049 0
    outer loop
      vertex 28.3397 38.5936 3.8147e-07
      vertex 28.3731 38.7269 2.4
      vertex 28.3731 38.7269 3.8147e-07
    endloop
  endfacet
  facet normal -0.970014 0.243049 0
    outer loop
      vertex 28.3731 38.7269 2.4
      vertex 28.3397 38.5936 3.8147e-07
      vertex 28.3397 38.5936 2.4
    endloop
  endfacet
  facet normal -0.514067 -0.85775 0
    outer loop
      vertex 27.66 40.2347 3.8147e-07
      vertex 27.7778 40.1641 2.4
      vertex 27.66 40.2347 2.4
    endloop
  endfacet
  facet normal -0.514067 -0.85775 -0
    outer loop
      vertex 27.7778 40.1641 2.4
      vertex 27.66 40.2347 3.8147e-07
      vertex 27.7778 40.1641 3.8147e-07
    endloop
  endfacet
  facet normal -0.427304 0.904108 0
    outer loop
      vertex 27.66 37.7653 3.8147e-07
      vertex 27.5358 37.7066 2.4
      vertex 27.66 37.7653 2.4
    endloop
  endfacet
  facet normal -0.427304 0.904108 0
    outer loop
      vertex 27.5358 37.7066 2.4
      vertex 27.66 37.7653 3.8147e-07
      vertex 27.5358 37.7066 3.8147e-07
    endloop
  endfacet
  facet normal 0.741191 0.671295 0
    outer loop
      vertex 26.01 38.0101 2.4
      vertex 25.9178 38.1119 3.8147e-07
      vertex 25.9178 38.1119 2.4
    endloop
  endfacet
  facet normal 0.741191 0.671295 0
    outer loop
      vertex 25.9178 38.1119 3.8147e-07
      vertex 26.01 38.0101 2.4
      vertex 26.01 38.0101 3.8147e-07
    endloop
  endfacet
  facet normal -0.85775 -0.514067 0
    outer loop
      vertex 28.2347 39.66 3.8147e-07
      vertex 28.1641 39.7778 2.4
      vertex 28.1641 39.7778 3.8147e-07
    endloop
  endfacet
  facet normal -0.85775 -0.514067 0
    outer loop
      vertex 28.1641 39.7778 2.4
      vertex 28.2347 39.66 3.8147e-07
      vertex 28.2347 39.66 2.4
    endloop
  endfacet
  facet normal -0.427304 -0.904108 0
    outer loop
      vertex 27.5358 40.2934 3.8147e-07
      vertex 27.66 40.2347 2.4
      vertex 27.5358 40.2934 2.4
    endloop
  endfacet
  facet normal -0.427304 -0.904108 -0
    outer loop
      vertex 27.66 40.2347 2.4
      vertex 27.5358 40.2934 3.8147e-07
      vertex 27.66 40.2347 3.8147e-07
    endloop
  endfacet
  facet normal -0.989133 -0.147023 0
    outer loop
      vertex 28.3933 39.1372 3.8147e-07
      vertex 28.3731 39.2731 2.4
      vertex 28.3731 39.2731 3.8147e-07
    endloop
  endfacet
  facet normal -0.989133 -0.147023 0
    outer loop
      vertex 28.3731 39.2731 2.4
      vertex 28.3933 39.1372 3.8147e-07
      vertex 28.3933 39.1372 2.4
    endloop
  endfacet
  facet normal -0.803132 -0.595802 0
    outer loop
      vertex 28.1641 39.7778 3.8147e-07
      vertex 28.0822 39.8882 2.4
      vertex 28.0822 39.8882 3.8147e-07
    endloop
  endfacet
  facet normal -0.803132 -0.595802 0
    outer loop
      vertex 28.0822 39.8882 2.4
      vertex 28.1641 39.7778 3.8147e-07
      vertex 28.1641 39.7778 2.4
    endloop
  endfacet
  facet normal 0.970014 -0.243049 0
    outer loop
      vertex 25.6269 39.2731 2.4
      vertex 25.6603 39.4064 3.8147e-07
      vertex 25.6603 39.4064 2.4
    endloop
  endfacet
  facet normal 0.970014 -0.243049 0
    outer loop
      vertex 25.6603 39.4064 3.8147e-07
      vertex 25.6269 39.2731 2.4
      vertex 25.6269 39.2731 3.8147e-07
    endloop
  endfacet
  facet normal -0.904108 0.427304 0
    outer loop
      vertex 28.2347 38.34 3.8147e-07
      vertex 28.2934 38.4642 2.4
      vertex 28.2934 38.4642 3.8147e-07
    endloop
  endfacet
  facet normal -0.904108 0.427304 0
    outer loop
      vertex 28.2934 38.4642 2.4
      vertex 28.2347 38.34 3.8147e-07
      vertex 28.2347 38.34 2.4
    endloop
  endfacet
  facet normal -0.671694 0.740829 0
    outer loop
      vertex 27.9899 38.0101 3.8147e-07
      vertex 27.8881 37.9178 2.4
      vertex 27.9899 38.0101 2.4
    endloop
  endfacet
  facet normal -0.671694 0.740829 0
    outer loop
      vertex 27.8881 37.9178 2.4
      vertex 27.9899 38.0101 3.8147e-07
      vertex 27.8881 37.9178 3.8147e-07
    endloop
  endfacet
  facet normal 0.243049 0.970014 -0
    outer loop
      vertex 26.7269 37.6269 3.8147e-07
      vertex 26.5936 37.6603 2.4
      vertex 26.7269 37.6269 2.4
    endloop
  endfacet
  facet normal 0.243049 0.970014 0
    outer loop
      vertex 26.5936 37.6603 2.4
      vertex 26.7269 37.6269 3.8147e-07
      vertex 26.5936 37.6603 3.8147e-07
    endloop
  endfacet
  facet normal -0.147023 -0.989133 0
    outer loop
      vertex 27.1372 40.3933 3.8147e-07
      vertex 27.2731 40.3731 2.4
      vertex 27.1372 40.3933 2.4
    endloop
  endfacet
  facet normal -0.147023 -0.989133 -0
    outer loop
      vertex 27.2731 40.3731 2.4
      vertex 27.1372 40.3933 3.8147e-07
      vertex 27.2731 40.3731 3.8147e-07
    endloop
  endfacet
  facet normal -0.336889 0.941544 0
    outer loop
      vertex 27.5358 37.7066 3.8147e-07
      vertex 27.4064 37.6603 2.4
      vertex 27.5358 37.7066 2.4
    endloop
  endfacet
  facet normal -0.336889 0.941544 0
    outer loop
      vertex 27.4064 37.6603 2.4
      vertex 27.5358 37.7066 3.8147e-07
      vertex 27.4064 37.6603 3.8147e-07
    endloop
  endfacet
  facet normal -0.941544 0.336889 0
    outer loop
      vertex 28.2934 38.4642 3.8147e-07
      vertex 28.3397 38.5936 2.4
      vertex 28.3397 38.5936 3.8147e-07
    endloop
  endfacet
  facet normal -0.941544 0.336889 0
    outer loop
      vertex 28.3397 38.5936 2.4
      vertex 28.2934 38.4642 3.8147e-07
      vertex 28.2934 38.4642 2.4
    endloop
  endfacet
  facet normal 0.741191 -0.671295 0
    outer loop
      vertex 25.9178 39.8882 2.4
      vertex 26.01 39.99 3.8147e-07
      vertex 26.01 39.99 2.4
    endloop
  endfacet
  facet normal 0.741191 -0.671295 0
    outer loop
      vertex 26.01 39.99 3.8147e-07
      vertex 25.9178 39.8882 2.4
      vertex 25.9178 39.8882 3.8147e-07
    endloop
  endfacet
  facet normal 0.99881 -0.0487757 0
    outer loop
      vertex 25.6 39 2.4
      vertex 25.6067 39.1372 3.8147e-07
      vertex 25.6067 39.1372 2.4
    endloop
  endfacet
  facet normal 0.99881 -0.0487757 0
    outer loop
      vertex 25.6067 39.1372 3.8147e-07
      vertex 25.6 39 2.4
      vertex 25.6 39 3.8147e-07
    endloop
  endfacet
  facet normal 0.671694 0.740829 -0
    outer loop
      vertex 26.1118 37.9178 3.8147e-07
      vertex 26.01 38.0101 2.4
      vertex 26.1118 37.9178 2.4
    endloop
  endfacet
  facet normal 0.671694 0.740829 0
    outer loop
      vertex 26.01 38.0101 2.4
      vertex 26.1118 37.9178 3.8147e-07
      vertex 26.01 38.0101 3.8147e-07
    endloop
  endfacet
  facet normal -0.514067 0.85775 0
    outer loop
      vertex 27.7778 37.8359 3.8147e-07
      vertex 27.66 37.7653 2.4
      vertex 27.7778 37.8359 2.4
    endloop
  endfacet
  facet normal -0.514067 0.85775 0
    outer loop
      vertex 27.66 37.7653 2.4
      vertex 27.7778 37.8359 3.8147e-07
      vertex 27.66 37.7653 3.8147e-07
    endloop
  endfacet
  facet normal -0.0487757 -0.99881 0
    outer loop
      vertex 27 40.4 3.8147e-07
      vertex 27.1372 40.3933 2.4
      vertex 27 40.4 2.4
    endloop
  endfacet
  facet normal -0.0487757 -0.99881 -0
    outer loop
      vertex 27.1372 40.3933 2.4
      vertex 27 40.4 3.8147e-07
      vertex 27.1372 40.3933 3.8147e-07
    endloop
  endfacet
  facet normal 0.941544 -0.336889 0
    outer loop
      vertex 25.6603 39.4064 2.4
      vertex 25.7066 39.5358 3.8147e-07
      vertex 25.7066 39.5358 2.4
    endloop
  endfacet
  facet normal 0.941544 -0.336889 0
    outer loop
      vertex 25.7066 39.5358 3.8147e-07
      vertex 25.6603 39.4064 2.4
      vertex 25.6603 39.4064 3.8147e-07
    endloop
  endfacet
  facet normal 0.336889 -0.941544 0
    outer loop
      vertex 26.4642 40.2934 3.8147e-07
      vertex 26.5936 40.3397 2.4
      vertex 26.4642 40.2934 2.4
    endloop
  endfacet
  facet normal 0.336889 -0.941544 0
    outer loop
      vertex 26.5936 40.3397 2.4
      vertex 26.4642 40.2934 3.8147e-07
      vertex 26.5936 40.3397 3.8147e-07
    endloop
  endfacet
  facet normal 0.147023 -0.989133 0
    outer loop
      vertex 26.7269 40.3731 3.8147e-07
      vertex 26.8628 40.3933 2.4
      vertex 26.7269 40.3731 2.4
    endloop
  endfacet
  facet normal 0.147023 -0.989133 0
    outer loop
      vertex 26.8628 40.3933 2.4
      vertex 26.7269 40.3731 3.8147e-07
      vertex 26.8628 40.3933 3.8147e-07
    endloop
  endfacet
  facet normal 0.427304 0.904108 -0
    outer loop
      vertex 26.4642 37.7066 3.8147e-07
      vertex 26.34 37.7653 2.4
      vertex 26.4642 37.7066 2.4
    endloop
  endfacet
  facet normal 0.427304 0.904108 0
    outer loop
      vertex 26.34 37.7653 2.4
      vertex 26.4642 37.7066 3.8147e-07
      vertex 26.34 37.7653 3.8147e-07
    endloop
  endfacet
  facet normal -0.941544 -0.336889 0
    outer loop
      vertex 28.3397 39.4064 3.8147e-07
      vertex 28.2934 39.5358 2.4
      vertex 28.2934 39.5358 3.8147e-07
    endloop
  endfacet
  facet normal -0.941544 -0.336889 0
    outer loop
      vertex 28.2934 39.5358 2.4
      vertex 28.3397 39.4064 3.8147e-07
      vertex 28.3397 39.4064 2.4
    endloop
  endfacet
  facet normal 0.802873 0.59615 0
    outer loop
      vertex 25.9178 38.1119 2.4
      vertex 25.8359 38.2222 3.8147e-07
      vertex 25.8359 38.2222 2.4
    endloop
  endfacet
  facet normal 0.802873 0.59615 0
    outer loop
      vertex 25.8359 38.2222 3.8147e-07
      vertex 25.9178 38.1119 2.4
      vertex 25.9178 38.1119 3.8147e-07
    endloop
  endfacet
  facet normal -0.243049 -0.970014 0
    outer loop
      vertex 27.2731 40.3731 3.8147e-07
      vertex 27.4064 40.3397 2.4
      vertex 27.2731 40.3731 2.4
    endloop
  endfacet
  facet normal -0.243049 -0.970014 -0
    outer loop
      vertex 27.4064 40.3397 2.4
      vertex 27.2731 40.3731 3.8147e-07
      vertex 27.4064 40.3397 3.8147e-07
    endloop
  endfacet
  facet normal -0.243049 0.970014 0
    outer loop
      vertex 27.4064 37.6603 3.8147e-07
      vertex 27.2731 37.6269 2.4
      vertex 27.4064 37.6603 2.4
    endloop
  endfacet
  facet normal -0.243049 0.970014 0
    outer loop
      vertex 27.2731 37.6269 2.4
      vertex 27.4064 37.6603 3.8147e-07
      vertex 27.2731 37.6269 3.8147e-07
    endloop
  endfacet
  facet normal -0.671295 -0.741191 0
    outer loop
      vertex 27.8881 40.0822 3.8147e-07
      vertex 27.9899 39.99 2.4
      vertex 27.8881 40.0822 2.4
    endloop
  endfacet
  facet normal -0.671295 -0.741191 -0
    outer loop
      vertex 27.9899 39.99 2.4
      vertex 27.8881 40.0822 3.8147e-07
      vertex 27.9899 39.99 3.8147e-07
    endloop
  endfacet
  facet normal -0.59615 -0.802873 0
    outer loop
      vertex 27.7778 40.1641 3.8147e-07
      vertex 27.8881 40.0822 2.4
      vertex 27.7778 40.1641 2.4
    endloop
  endfacet
  facet normal -0.59615 -0.802873 -0
    outer loop
      vertex 27.8881 40.0822 2.4
      vertex 27.7778 40.1641 3.8147e-07
      vertex 27.8881 40.0822 3.8147e-07
    endloop
  endfacet
  facet normal -0.0487757 0.99881 0
    outer loop
      vertex 27.1372 37.6067 3.8147e-07
      vertex 27 37.6 2.4
      vertex 27.1372 37.6067 2.4
    endloop
  endfacet
  facet normal -0.0487757 0.99881 0
    outer loop
      vertex 27 37.6 2.4
      vertex 27.1372 37.6067 3.8147e-07
      vertex 27 37.6 3.8147e-07
    endloop
  endfacet
  facet normal 0.85775 0.514067 0
    outer loop
      vertex 25.8359 38.2222 2.4
      vertex 25.7653 38.34 3.8147e-07
      vertex 25.7653 38.34 2.4
    endloop
  endfacet
  facet normal 0.85775 0.514067 0
    outer loop
      vertex 25.7653 38.34 3.8147e-07
      vertex 25.8359 38.2222 2.4
      vertex 25.8359 38.2222 3.8147e-07
    endloop
  endfacet
  facet normal 0.941544 0.336889 0
    outer loop
      vertex 25.7066 38.4642 2.4
      vertex 25.6603 38.5936 3.8147e-07
      vertex 25.6603 38.5936 2.4
    endloop
  endfacet
  facet normal 0.941544 0.336889 0
    outer loop
      vertex 25.6603 38.5936 3.8147e-07
      vertex 25.7066 38.4642 2.4
      vertex 25.7066 38.4642 3.8147e-07
    endloop
  endfacet
  facet normal 0.0487757 -0.99881 0
    outer loop
      vertex 26.8628 40.3933 3.8147e-07
      vertex 27 40.4 2.4
      vertex 26.8628 40.3933 2.4
    endloop
  endfacet
  facet normal 0.0487757 -0.99881 0
    outer loop
      vertex 27 40.4 2.4
      vertex 26.8628 40.3933 3.8147e-07
      vertex 27 40.4 3.8147e-07
    endloop
  endfacet
  facet normal 0.595802 0.803132 -0
    outer loop
      vertex 26.2222 37.8359 3.8147e-07
      vertex 26.1118 37.9178 2.4
      vertex 26.2222 37.8359 2.4
    endloop
  endfacet
  facet normal 0.595802 0.803132 0
    outer loop
      vertex 26.1118 37.9178 2.4
      vertex 26.2222 37.8359 3.8147e-07
      vertex 26.1118 37.9178 3.8147e-07
    endloop
  endfacet
  facet normal 0.514067 0.85775 -0
    outer loop
      vertex 26.34 37.7653 3.8147e-07
      vertex 26.2222 37.8359 2.4
      vertex 26.34 37.7653 2.4
    endloop
  endfacet
  facet normal 0.514067 0.85775 0
    outer loop
      vertex 26.2222 37.8359 2.4
      vertex 26.34 37.7653 3.8147e-07
      vertex 26.2222 37.8359 3.8147e-07
    endloop
  endfacet
  facet normal 0.427304 -0.904108 0
    outer loop
      vertex 26.34 40.2347 3.8147e-07
      vertex 26.4642 40.2934 2.4
      vertex 26.34 40.2347 2.4
    endloop
  endfacet
  facet normal 0.427304 -0.904108 0
    outer loop
      vertex 26.4642 40.2934 2.4
      vertex 26.34 40.2347 3.8147e-07
      vertex 26.4642 40.2934 3.8147e-07
    endloop
  endfacet
  facet normal -0.970083 0.242775 0
    outer loop
      vertex -32.9231 75.7803 3.8147e-07
      vertex -32.8278 76.1611 2.4
      vertex -32.8278 76.1611 3.8147e-07
    endloop
  endfacet
  facet normal -0.970083 0.242775 0
    outer loop
      vertex -32.8278 76.1611 2.4
      vertex -32.9231 75.7803 3.8147e-07
      vertex -32.9231 75.7803 2.4
    endloop
  endfacet
  facet normal -0.9415 -0.337014 0
    outer loop
      vertex -32.6955 35.4693 3.8147e-07
      vertex -32.8278 35.8389 2.4
      vertex -32.8278 35.8389 3.8147e-07
    endloop
  endfacet
  facet normal -0.9415 -0.337014 0
    outer loop
      vertex -32.8278 35.8389 2.4
      vertex -32.6955 35.4693 3.8147e-07
      vertex -32.6955 35.4693 2.4
    endloop
  endfacet
  facet normal 1 -0 0
    outer loop
      vertex 33 37 2.4
      vertex 33 75 3.8147e-07
      vertex 33 75 2.4
    endloop
  endfacet
  facet normal 1 0 0
    outer loop
      vertex 33 75 3.8147e-07
      vertex 33 37 2.4
      vertex 33 37 3.8147e-07
    endloop
  endfacet
  facet normal 0.9415 -0.337014 0
    outer loop
      vertex 32.6955 35.4693 2.4
      vertex 32.8278 35.8389 3.8147e-07
      vertex 32.8278 35.8389 2.4
    endloop
  endfacet
  facet normal 0.9415 -0.337014 0
    outer loop
      vertex 32.8278 35.8389 3.8147e-07
      vertex 32.6955 35.4693 2.4
      vertex 32.6955 35.4693 3.8147e-07
    endloop
  endfacet
  facet normal 0.998791 -0.0491626 0
    outer loop
      vertex 32.9807 36.6079 2.4
      vertex 33 37 3.8147e-07
      vertex 33 37 2.4
    endloop
  endfacet
  facet normal 0.998791 -0.0491626 0
    outer loop
      vertex 33 37 3.8147e-07
      vertex 32.9807 36.6079 2.4
      vertex 32.9807 36.6079 3.8147e-07
    endloop
  endfacet
  facet normal -0.904044 0.42744 0
    outer loop
      vertex -32.6955 76.5307 3.8147e-07
      vertex -32.5277 76.8856 2.4
      vertex -32.5277 76.8856 3.8147e-07
    endloop
  endfacet
  facet normal -0.904044 0.42744 0
    outer loop
      vertex -32.5277 76.8856 2.4
      vertex -32.6955 76.5307 3.8147e-07
      vertex -32.6955 76.5307 2.4
    endloop
  endfacet
  facet normal -0.0491626 0.998791 0
    outer loop
      vertex -29 79 3.8147e-07
      vertex -29.3921 78.9807 2.4
      vertex -29 79 2.4
    endloop
  endfacet
  facet normal -0.0491626 0.998791 0
    outer loop
      vertex -29.3921 78.9807 2.4
      vertex -29 79 3.8147e-07
      vertex -29.3921 78.9807 3.8147e-07
    endloop
  endfacet
  facet normal 0.970083 0.242775 0
    outer loop
      vertex 32.9231 75.7803 2.4
      vertex 32.8278 76.1611 3.8147e-07
      vertex 32.8278 76.1611 2.4
    endloop
  endfacet
  facet normal 0.970083 0.242775 0
    outer loop
      vertex 32.8278 76.1611 3.8147e-07
      vertex 32.9231 75.7803 2.4
      vertex 32.9231 75.7803 3.8147e-07
    endloop
  endfacet
  facet normal 0.595794 0.803137 -0
    outer loop
      vertex 31.5376 78.092 3.8147e-07
      vertex 31.2223 78.3259 2.4
      vertex 31.5376 78.092 2.4
    endloop
  endfacet
  facet normal 0.595794 0.803137 0
    outer loop
      vertex 31.2223 78.3259 2.4
      vertex 31.5376 78.092 3.8147e-07
      vertex 31.2223 78.3259 3.8147e-07
    endloop
  endfacet
  facet normal -0.9415 0.337014 0
    outer loop
      vertex -32.8278 76.1611 3.8147e-07
      vertex -32.6955 76.5307 2.4
      vertex -32.6955 76.5307 3.8147e-07
    endloop
  endfacet
  facet normal -0.9415 0.337014 0
    outer loop
      vertex -32.6955 76.5307 2.4
      vertex -32.8278 76.1611 3.8147e-07
      vertex -32.8278 76.1611 2.4
    endloop
  endfacet
  facet normal 0.85774 -0.514084 0
    outer loop
      vertex 32.3259 34.7777 2.4
      vertex 32.5277 35.1144 3.8147e-07
      vertex 32.5277 35.1144 2.4
    endloop
  endfacet
  facet normal 0.85774 -0.514084 0
    outer loop
      vertex 32.5277 35.1144 3.8147e-07
      vertex 32.3259 34.7777 2.4
      vertex 32.3259 34.7777 3.8147e-07
    endloop
  endfacet
  facet normal 0.42744 -0.904044 0
    outer loop
      vertex 30.5307 33.3045 3.8147e-07
      vertex 30.8856 33.4723 2.4
      vertex 30.5307 33.3045 2.4
    endloop
  endfacet
  facet normal 0.42744 -0.904044 0
    outer loop
      vertex 30.8856 33.4723 2.4
      vertex 30.5307 33.3045 3.8147e-07
      vertex 30.8856 33.4723 3.8147e-07
    endloop
  endfacet
  facet normal 0.337014 -0.9415 0
    outer loop
      vertex 30.1611 33.1722 3.8147e-07
      vertex 30.5307 33.3045 2.4
      vertex 30.1611 33.1722 2.4
    endloop
  endfacet
  facet normal 0.337014 -0.9415 0
    outer loop
      vertex 30.5307 33.3045 2.4
      vertex 30.1611 33.1722 3.8147e-07
      vertex 30.5307 33.3045 3.8147e-07
    endloop
  endfacet
  facet normal 0 -1 0
    outer loop
      vertex -29 33 3.8147e-07
      vertex 29 33 2.4
      vertex -29 33 2.4
    endloop
  endfacet
  facet normal 0 -1 -0
    outer loop
      vertex 29 33 2.4
      vertex -29 33 3.8147e-07
      vertex 29 33 3.8147e-07
    endloop
  endfacet
  facet normal 0.0491626 -0.998791 0
    outer loop
      vertex 29 33 3.8147e-07
      vertex 29.3921 33.0193 2.4
      vertex 29 33 2.4
    endloop
  endfacet
  facet normal 0.0491626 -0.998791 0
    outer loop
      vertex 29.3921 33.0193 2.4
      vertex 29 33 3.8147e-07
      vertex 29.3921 33.0193 3.8147e-07
    endloop
  endfacet
  facet normal 0 1 -0
    outer loop
      vertex 29 79 3.8147e-07
      vertex -29 79 2.4
      vertex 29 79 2.4
    endloop
  endfacet
  facet normal 0 1 0
    outer loop
      vertex -29 79 2.4
      vertex 29 79 3.8147e-07
      vertex -29 79 3.8147e-07
    endloop
  endfacet
  facet normal -0.337014 -0.9415 0
    outer loop
      vertex -30.5307 33.3045 3.8147e-07
      vertex -30.1611 33.1722 2.4
      vertex -30.5307 33.3045 2.4
    endloop
  endfacet
  facet normal -0.337014 -0.9415 -0
    outer loop
      vertex -30.1611 33.1722 2.4
      vertex -30.5307 33.3045 3.8147e-07
      vertex -30.1611 33.1722 3.8147e-07
    endloop
  endfacet
  facet normal -0.998791 0.0491626 0
    outer loop
      vertex -33 75 3.8147e-07
      vertex -32.9807 75.3921 2.4
      vertex -32.9807 75.3921 3.8147e-07
    endloop
  endfacet
  facet normal -0.998791 0.0491626 0
    outer loop
      vertex -32.9807 75.3921 2.4
      vertex -33 75 3.8147e-07
      vertex -33 75 2.4
    endloop
  endfacet
  facet normal -0.671607 -0.740908 0
    outer loop
      vertex -31.8284 34.1716 3.8147e-07
      vertex -31.5376 33.908 2.4
      vertex -31.8284 34.1716 2.4
    endloop
  endfacet
  facet normal -0.671607 -0.740908 -0
    outer loop
      vertex -31.5376 33.908 2.4
      vertex -31.8284 34.1716 3.8147e-07
      vertex -31.5376 33.908 3.8147e-07
    endloop
  endfacet
  facet normal -1 0 0
    outer loop
      vertex -33 37 3.8147e-07
      vertex -33 75 2.4
      vertex -33 75 3.8147e-07
    endloop
  endfacet
  facet normal -1 -0 0
    outer loop
      vertex -33 75 2.4
      vertex -33 37 3.8147e-07
      vertex -33 37 2.4
    endloop
  endfacet
  facet normal -0.989171 0.14677 0
    outer loop
      vertex -32.9807 75.3921 3.8147e-07
      vertex -32.9231 75.7803 2.4
      vertex -32.9231 75.7803 3.8147e-07
    endloop
  endfacet
  facet normal -0.989171 0.14677 0
    outer loop
      vertex -32.9231 75.7803 2.4
      vertex -32.9807 75.3921 3.8147e-07
      vertex -32.9807 75.3921 2.4
    endloop
  endfacet
  facet normal 0.803137 -0.595794 0
    outer loop
      vertex 32.092 34.4624 2.4
      vertex 32.3259 34.7777 3.8147e-07
      vertex 32.3259 34.7777 2.4
    endloop
  endfacet
  facet normal 0.803137 -0.595794 0
    outer loop
      vertex 32.3259 34.7777 3.8147e-07
      vertex 32.092 34.4624 2.4
      vertex 32.092 34.4624 3.8147e-07
    endloop
  endfacet
  facet normal -0.85774 -0.514084 0
    outer loop
      vertex -32.3259 34.7777 3.8147e-07
      vertex -32.5277 35.1144 2.4
      vertex -32.5277 35.1144 3.8147e-07
    endloop
  endfacet
  facet normal -0.85774 -0.514084 0
    outer loop
      vertex -32.5277 35.1144 2.4
      vertex -32.3259 34.7777 3.8147e-07
      vertex -32.3259 34.7777 2.4
    endloop
  endfacet
  facet normal 0.85774 0.514084 0
    outer loop
      vertex 32.5277 76.8856 2.4
      vertex 32.3259 77.2223 3.8147e-07
      vertex 32.3259 77.2223 2.4
    endloop
  endfacet
  facet normal 0.85774 0.514084 0
    outer loop
      vertex 32.3259 77.2223 3.8147e-07
      vertex 32.5277 76.8856 2.4
      vertex 32.5277 76.8856 3.8147e-07
    endloop
  endfacet
  facet normal -0.904044 -0.42744 0
    outer loop
      vertex -32.5277 35.1144 3.8147e-07
      vertex -32.6955 35.4693 2.4
      vertex -32.6955 35.4693 3.8147e-07
    endloop
  endfacet
  facet normal -0.904044 -0.42744 0
    outer loop
      vertex -32.6955 35.4693 2.4
      vertex -32.5277 35.1144 3.8147e-07
      vertex -32.5277 35.1144 2.4
    endloop
  endfacet
  facet normal -0.970083 -0.242775 0
    outer loop
      vertex -32.8278 35.8389 3.8147e-07
      vertex -32.9231 36.2197 2.4
      vertex -32.9231 36.2197 3.8147e-07
    endloop
  endfacet
  facet normal -0.970083 -0.242775 0
    outer loop
      vertex -32.9231 36.2197 2.4
      vertex -32.8278 35.8389 3.8147e-07
      vertex -32.8278 35.8389 2.4
    endloop
  endfacet
  facet normal 0.989171 -0.14677 0
    outer loop
      vertex 32.9231 36.2197 2.4
      vertex 32.9807 36.6079 3.8147e-07
      vertex 32.9807 36.6079 2.4
    endloop
  endfacet
  facet normal 0.989171 -0.14677 0
    outer loop
      vertex 32.9807 36.6079 3.8147e-07
      vertex 32.9231 36.2197 2.4
      vertex 32.9231 36.2197 3.8147e-07
    endloop
  endfacet
  facet normal -0.989171 -0.14677 0
    outer loop
      vertex -32.9231 36.2197 3.8147e-07
      vertex -32.9807 36.6079 2.4
      vertex -32.9807 36.6079 3.8147e-07
    endloop
  endfacet
  facet normal -0.989171 -0.14677 0
    outer loop
      vertex -32.9807 36.6079 2.4
      vertex -32.9231 36.2197 3.8147e-07
      vertex -32.9231 36.2197 2.4
    endloop
  endfacet
  facet normal -0.14677 0.989171 0
    outer loop
      vertex -29.3921 78.9807 3.8147e-07
      vertex -29.7803 78.9231 2.4
      vertex -29.3921 78.9807 2.4
    endloop
  endfacet
  facet normal -0.14677 0.989171 0
    outer loop
      vertex -29.7803 78.9231 2.4
      vertex -29.3921 78.9807 3.8147e-07
      vertex -29.7803 78.9231 3.8147e-07
    endloop
  endfacet
  facet normal 0.904044 -0.42744 0
    outer loop
      vertex 32.5277 35.1144 2.4
      vertex 32.6955 35.4693 3.8147e-07
      vertex 32.6955 35.4693 2.4
    endloop
  endfacet
  facet normal 0.904044 -0.42744 0
    outer loop
      vertex 32.6955 35.4693 3.8147e-07
      vertex 32.5277 35.1144 2.4
      vertex 32.5277 35.1144 3.8147e-07
    endloop
  endfacet
  facet normal 0.514084 -0.85774 0
    outer loop
      vertex 30.8856 33.4723 3.8147e-07
      vertex 31.2223 33.6741 2.4
      vertex 30.8856 33.4723 2.4
    endloop
  endfacet
  facet normal 0.514084 -0.85774 0
    outer loop
      vertex 31.2223 33.6741 2.4
      vertex 30.8856 33.4723 3.8147e-07
      vertex 31.2223 33.6741 3.8147e-07
    endloop
  endfacet
  facet normal 0.740908 0.671607 0
    outer loop
      vertex 32.092 77.5376 2.4
      vertex 31.8284 77.8284 3.8147e-07
      vertex 31.8284 77.8284 2.4
    endloop
  endfacet
  facet normal 0.740908 0.671607 0
    outer loop
      vertex 31.8284 77.8284 3.8147e-07
      vertex 32.092 77.5376 2.4
      vertex 32.092 77.5376 3.8147e-07
    endloop
  endfacet
  facet normal -0.242775 -0.970083 0
    outer loop
      vertex -30.1611 33.1722 3.8147e-07
      vertex -29.7803 33.0769 2.4
      vertex -30.1611 33.1722 2.4
    endloop
  endfacet
  facet normal -0.242775 -0.970083 -0
    outer loop
      vertex -29.7803 33.0769 2.4
      vertex -30.1611 33.1722 3.8147e-07
      vertex -29.7803 33.0769 3.8147e-07
    endloop
  endfacet
  facet normal -0.14677 -0.989171 0
    outer loop
      vertex -29.7803 33.0769 3.8147e-07
      vertex -29.3921 33.0193 2.4
      vertex -29.7803 33.0769 2.4
    endloop
  endfacet
  facet normal -0.14677 -0.989171 -0
    outer loop
      vertex -29.3921 33.0193 2.4
      vertex -29.7803 33.0769 3.8147e-07
      vertex -29.3921 33.0193 3.8147e-07
    endloop
  endfacet
  facet normal -0.514084 -0.85774 0
    outer loop
      vertex -31.2223 33.6741 3.8147e-07
      vertex -30.8856 33.4723 2.4
      vertex -31.2223 33.6741 2.4
    endloop
  endfacet
  facet normal -0.514084 -0.85774 -0
    outer loop
      vertex -30.8856 33.4723 2.4
      vertex -31.2223 33.6741 3.8147e-07
      vertex -30.8856 33.4723 3.8147e-07
    endloop
  endfacet
  facet normal 0.904044 0.42744 0
    outer loop
      vertex 32.6955 76.5307 2.4
      vertex 32.5277 76.8856 3.8147e-07
      vertex 32.5277 76.8856 2.4
    endloop
  endfacet
  facet normal 0.904044 0.42744 0
    outer loop
      vertex 32.5277 76.8856 3.8147e-07
      vertex 32.6955 76.5307 2.4
      vertex 32.6955 76.5307 3.8147e-07
    endloop
  endfacet
  facet normal -0.595794 -0.803137 0
    outer loop
      vertex -31.5376 33.908 3.8147e-07
      vertex -31.2223 33.6741 2.4
      vertex -31.5376 33.908 2.4
    endloop
  endfacet
  facet normal -0.595794 -0.803137 -0
    outer loop
      vertex -31.2223 33.6741 2.4
      vertex -31.5376 33.908 3.8147e-07
      vertex -31.2223 33.6741 3.8147e-07
    endloop
  endfacet
  facet normal 0.671607 -0.740908 0
    outer loop
      vertex 31.5376 33.908 3.8147e-07
      vertex 31.8284 34.1716 2.4
      vertex 31.5376 33.908 2.4
    endloop
  endfacet
  facet normal 0.671607 -0.740908 0
    outer loop
      vertex 31.8284 34.1716 2.4
      vertex 31.5376 33.908 3.8147e-07
      vertex 31.8284 34.1716 3.8147e-07
    endloop
  endfacet
  facet normal -0.740908 -0.671607 0
    outer loop
      vertex -31.8284 34.1716 3.8147e-07
      vertex -32.092 34.4624 2.4
      vertex -32.092 34.4624 3.8147e-07
    endloop
  endfacet
  facet normal -0.740908 -0.671607 0
    outer loop
      vertex -32.092 34.4624 2.4
      vertex -31.8284 34.1716 3.8147e-07
      vertex -31.8284 34.1716 2.4
    endloop
  endfacet
  facet normal 0.998791 0.0491626 0
    outer loop
      vertex 33 75 2.4
      vertex 32.9807 75.3921 3.8147e-07
      vertex 32.9807 75.3921 2.4
    endloop
  endfacet
  facet normal 0.998791 0.0491626 0
    outer loop
      vertex 32.9807 75.3921 3.8147e-07
      vertex 33 75 2.4
      vertex 33 75 3.8147e-07
    endloop
  endfacet
  facet normal -0.595794 0.803137 0
    outer loop
      vertex -31.2223 78.3259 3.8147e-07
      vertex -31.5376 78.092 2.4
      vertex -31.2223 78.3259 2.4
    endloop
  endfacet
  facet normal -0.595794 0.803137 0
    outer loop
      vertex -31.5376 78.092 2.4
      vertex -31.2223 78.3259 3.8147e-07
      vertex -31.5376 78.092 3.8147e-07
    endloop
  endfacet
  facet normal 0.337014 0.9415 -0
    outer loop
      vertex 30.5307 78.6955 3.8147e-07
      vertex 30.1611 78.8278 2.4
      vertex 30.5307 78.6955 2.4
    endloop
  endfacet
  facet normal 0.337014 0.9415 0
    outer loop
      vertex 30.1611 78.8278 2.4
      vertex 30.5307 78.6955 3.8147e-07
      vertex 30.1611 78.8278 3.8147e-07
    endloop
  endfacet
  facet normal 0.14677 0.989171 -0
    outer loop
      vertex 29.7803 78.9231 3.8147e-07
      vertex 29.3921 78.9807 2.4
      vertex 29.7803 78.9231 2.4
    endloop
  endfacet
  facet normal 0.14677 0.989171 0
    outer loop
      vertex 29.3921 78.9807 2.4
      vertex 29.7803 78.9231 3.8147e-07
      vertex 29.3921 78.9807 3.8147e-07
    endloop
  endfacet
  facet normal -0.514084 0.85774 0
    outer loop
      vertex -30.8856 78.5277 3.8147e-07
      vertex -31.2223 78.3259 2.4
      vertex -30.8856 78.5277 2.4
    endloop
  endfacet
  facet normal -0.514084 0.85774 0
    outer loop
      vertex -31.2223 78.3259 2.4
      vertex -30.8856 78.5277 3.8147e-07
      vertex -31.2223 78.3259 3.8147e-07
    endloop
  endfacet
  facet normal 0.242775 -0.970083 0
    outer loop
      vertex 29.7803 33.0769 3.8147e-07
      vertex 30.1611 33.1722 2.4
      vertex 29.7803 33.0769 2.4
    endloop
  endfacet
  facet normal 0.242775 -0.970083 0
    outer loop
      vertex 30.1611 33.1722 2.4
      vertex 29.7803 33.0769 3.8147e-07
      vertex 30.1611 33.1722 3.8147e-07
    endloop
  endfacet
  facet normal 0.970083 -0.242775 0
    outer loop
      vertex 32.8278 35.8389 2.4
      vertex 32.9231 36.2197 3.8147e-07
      vertex 32.9231 36.2197 2.4
    endloop
  endfacet
  facet normal 0.970083 -0.242775 0
    outer loop
      vertex 32.9231 36.2197 3.8147e-07
      vertex 32.8278 35.8389 2.4
      vertex 32.8278 35.8389 3.8147e-07
    endloop
  endfacet
  facet normal -0.803137 -0.595794 0
    outer loop
      vertex -32.092 34.4624 3.8147e-07
      vertex -32.3259 34.7777 2.4
      vertex -32.3259 34.7777 3.8147e-07
    endloop
  endfacet
  facet normal -0.803137 -0.595794 0
    outer loop
      vertex -32.3259 34.7777 2.4
      vertex -32.092 34.4624 3.8147e-07
      vertex -32.092 34.4624 2.4
    endloop
  endfacet
  facet normal 0.42744 0.904044 -0
    outer loop
      vertex 30.8856 78.5277 3.8147e-07
      vertex 30.5307 78.6955 2.4
      vertex 30.8856 78.5277 2.4
    endloop
  endfacet
  facet normal 0.42744 0.904044 0
    outer loop
      vertex 30.5307 78.6955 2.4
      vertex 30.8856 78.5277 3.8147e-07
      vertex 30.5307 78.6955 3.8147e-07
    endloop
  endfacet
  facet normal 0.803137 0.595794 0
    outer loop
      vertex 32.3259 77.2223 2.4
      vertex 32.092 77.5376 3.8147e-07
      vertex 32.092 77.5376 2.4
    endloop
  endfacet
  facet normal 0.803137 0.595794 0
    outer loop
      vertex 32.092 77.5376 3.8147e-07
      vertex 32.3259 77.2223 2.4
      vertex 32.3259 77.2223 3.8147e-07
    endloop
  endfacet
  facet normal 0.14677 -0.989171 0
    outer loop
      vertex 29.3921 33.0193 3.8147e-07
      vertex 29.7803 33.0769 2.4
      vertex 29.3921 33.0193 2.4
    endloop
  endfacet
  facet normal 0.14677 -0.989171 0
    outer loop
      vertex 29.7803 33.0769 2.4
      vertex 29.3921 33.0193 3.8147e-07
      vertex 29.7803 33.0769 3.8147e-07
    endloop
  endfacet
  facet normal -0.803137 0.595794 0
    outer loop
      vertex -32.3259 77.2223 3.8147e-07
      vertex -32.092 77.5376 2.4
      vertex -32.092 77.5376 3.8147e-07
    endloop
  endfacet
  facet normal -0.803137 0.595794 0
    outer loop
      vertex -32.092 77.5376 2.4
      vertex -32.3259 77.2223 3.8147e-07
      vertex -32.3259 77.2223 2.4
    endloop
  endfacet
  facet normal 0.740908 -0.671607 0
    outer loop
      vertex 31.8284 34.1716 2.4
      vertex 32.092 34.4624 3.8147e-07
      vertex 32.092 34.4624 2.4
    endloop
  endfacet
  facet normal 0.740908 -0.671607 0
    outer loop
      vertex 32.092 34.4624 3.8147e-07
      vertex 31.8284 34.1716 2.4
      vertex 31.8284 34.1716 3.8147e-07
    endloop
  endfacet
  facet normal -0.242775 0.970083 0
    outer loop
      vertex -29.7803 78.9231 3.8147e-07
      vertex -30.1611 78.8278 2.4
      vertex -29.7803 78.9231 2.4
    endloop
  endfacet
  facet normal -0.242775 0.970083 0
    outer loop
      vertex -30.1611 78.8278 2.4
      vertex -29.7803 78.9231 3.8147e-07
      vertex -30.1611 78.8278 3.8147e-07
    endloop
  endfacet
  facet normal -0.0491626 -0.998791 0
    outer loop
      vertex -29.3921 33.0193 3.8147e-07
      vertex -29 33 2.4
      vertex -29.3921 33.0193 2.4
    endloop
  endfacet
  facet normal -0.0491626 -0.998791 -0
    outer loop
      vertex -29 33 2.4
      vertex -29.3921 33.0193 3.8147e-07
      vertex -29 33 3.8147e-07
    endloop
  endfacet
  facet normal 0.9415 0.337014 0
    outer loop
      vertex 32.8278 76.1611 2.4
      vertex 32.6955 76.5307 3.8147e-07
      vertex 32.6955 76.5307 2.4
    endloop
  endfacet
  facet normal 0.9415 0.337014 0
    outer loop
      vertex 32.6955 76.5307 3.8147e-07
      vertex 32.8278 76.1611 2.4
      vertex 32.8278 76.1611 3.8147e-07
    endloop
  endfacet
  facet normal -0.998791 -0.0491626 0
    outer loop
      vertex -32.9807 36.6079 3.8147e-07
      vertex -33 37 2.4
      vertex -33 37 3.8147e-07
    endloop
  endfacet
  facet normal -0.998791 -0.0491626 0
    outer loop
      vertex -33 37 2.4
      vertex -32.9807 36.6079 3.8147e-07
      vertex -32.9807 36.6079 2.4
    endloop
  endfacet
  facet normal 0.671607 0.740908 -0
    outer loop
      vertex 31.8284 77.8284 3.8147e-07
      vertex 31.5376 78.092 2.4
      vertex 31.8284 77.8284 2.4
    endloop
  endfacet
  facet normal 0.671607 0.740908 0
    outer loop
      vertex 31.5376 78.092 2.4
      vertex 31.8284 77.8284 3.8147e-07
      vertex 31.5376 78.092 3.8147e-07
    endloop
  endfacet
  facet normal 0.595794 -0.803137 0
    outer loop
      vertex 31.2223 33.6741 3.8147e-07
      vertex 31.5376 33.908 2.4
      vertex 31.2223 33.6741 2.4
    endloop
  endfacet
  facet normal 0.595794 -0.803137 0
    outer loop
      vertex 31.5376 33.908 2.4
      vertex 31.2223 33.6741 3.8147e-07
      vertex 31.5376 33.908 3.8147e-07
    endloop
  endfacet
  facet normal 0.0491626 0.998791 -0
    outer loop
      vertex 29.3921 78.9807 3.8147e-07
      vertex 29 79 2.4
      vertex 29.3921 78.9807 2.4
    endloop
  endfacet
  facet normal 0.0491626 0.998791 0
    outer loop
      vertex 29 79 2.4
      vertex 29.3921 78.9807 3.8147e-07
      vertex 29 79 3.8147e-07
    endloop
  endfacet
  facet normal -0.85774 0.514084 0
    outer loop
      vertex -32.5277 76.8856 3.8147e-07
      vertex -32.3259 77.2223 2.4
      vertex -32.3259 77.2223 3.8147e-07
    endloop
  endfacet
  facet normal -0.85774 0.514084 0
    outer loop
      vertex -32.3259 77.2223 2.4
      vertex -32.5277 76.8856 3.8147e-07
      vertex -32.5277 76.8856 2.4
    endloop
  endfacet
  facet normal 0.989171 0.14677 0
    outer loop
      vertex 32.9807 75.3921 2.4
      vertex 32.9231 75.7803 3.8147e-07
      vertex 32.9231 75.7803 2.4
    endloop
  endfacet
  facet normal 0.989171 0.14677 0
    outer loop
      vertex 32.9231 75.7803 3.8147e-07
      vertex 32.9807 75.3921 2.4
      vertex 32.9807 75.3921 3.8147e-07
    endloop
  endfacet
  facet normal -0.671607 0.740908 0
    outer loop
      vertex -31.5376 78.092 3.8147e-07
      vertex -31.8284 77.8284 2.4
      vertex -31.5376 78.092 2.4
    endloop
  endfacet
  facet normal -0.671607 0.740908 0
    outer loop
      vertex -31.8284 77.8284 2.4
      vertex -31.5376 78.092 3.8147e-07
      vertex -31.8284 77.8284 3.8147e-07
    endloop
  endfacet
  facet normal 0.242775 0.970083 -0
    outer loop
      vertex 30.1611 78.8278 3.8147e-07
      vertex 29.7803 78.9231 2.4
      vertex 30.1611 78.8278 2.4
    endloop
  endfacet
  facet normal 0.242775 0.970083 0
    outer loop
      vertex 29.7803 78.9231 2.4
      vertex 30.1611 78.8278 3.8147e-07
      vertex 29.7803 78.9231 3.8147e-07
    endloop
  endfacet
  facet normal 0.514084 0.85774 -0
    outer loop
      vertex 31.2223 78.3259 3.8147e-07
      vertex 30.8856 78.5277 2.4
      vertex 31.2223 78.3259 2.4
    endloop
  endfacet
  facet normal 0.514084 0.85774 0
    outer loop
      vertex 30.8856 78.5277 2.4
      vertex 31.2223 78.3259 3.8147e-07
      vertex 30.8856 78.5277 3.8147e-07
    endloop
  endfacet
  facet normal 0 0 1
    outer loop
      vertex 25.7066 72.4642 2.4
      vertex -25.7066 72.4642 2.4
      vertex 25.7653 72.34 2.4
    endloop
  endfacet
  facet normal 0 0 1
    outer loop
      vertex 25.8359 39.7778 2.4
      vertex -25.6067 39.1372 2.4
      vertex -25.6 39 2.4
    endloop
  endfacet
  facet normal 0 0 1
    outer loop
      vertex -25.7653 72.34 2.4
      vertex 25.7653 72.34 2.4
      vertex -25.7066 72.4642 2.4
    endloop
  endfacet
  facet normal 0 0 1
    outer loop
      vertex 25.8359 39.7778 2.4
      vertex -25.6269 39.2731 2.4
      vertex -25.6067 39.1372 2.4
    endloop
  endfacet
  facet normal 0 0 1
    outer loop
      vertex 25.7653 72.34 2.4
      vertex -25.7653 72.34 2.4
      vertex 25.8359 72.2222 2.4
    endloop
  endfacet
  facet normal 0 0 1
    outer loop
      vertex 25.8359 39.7778 2.4
      vertex -25.6603 39.4064 2.4
      vertex -25.6269 39.2731 2.4
    endloop
  endfacet
  facet normal 0 0 1
    outer loop
      vertex -25.8359 72.2222 2.4
      vertex 25.8359 72.2222 2.4
      vertex -25.7653 72.34 2.4
    endloop
  endfacet
  facet normal 0 0 1
    outer loop
      vertex 25.8359 39.7778 2.4
      vertex -25.7066 39.5358 2.4
      vertex -25.6603 39.4064 2.4
    endloop
  endfacet
  facet normal 0 0 1
    outer loop
      vertex 25.8359 72.2222 2.4
      vertex -25.8359 72.2222 2.4
      vertex 25.8359 39.7778 2.4
    endloop
  endfacet
  facet normal 0 0 1
    outer loop
      vertex 25.8359 39.7778 2.4
      vertex -25.7653 39.66 2.4
      vertex -25.7066 39.5358 2.4
    endloop
  endfacet
  facet normal 0 0 1
    outer loop
      vertex -25.8359 39.7778 2.4
      vertex 25.8359 39.7778 2.4
      vertex -25.8359 72.2222 2.4
    endloop
  endfacet
  facet normal 0 0 1
    outer loop
      vertex 25.8359 39.7778 2.4
      vertex -25.8359 39.7778 2.4
      vertex -25.7653 39.66 2.4
    endloop
  endfacet
  facet normal -0 0 1
    outer loop
      vertex -25.9178 72.1118 2.4
      vertex -25.8359 39.7778 2.4
      vertex -25.8359 72.2222 2.4
    endloop
  endfacet
  facet normal 0 0 1
    outer loop
      vertex -25.9178 72.1118 2.4
      vertex -25.9178 39.8882 2.4
      vertex -25.8359 39.7778 2.4
    endloop
  endfacet
  facet normal -0 0 1
    outer loop
      vertex -26.01 72.01 2.4
      vertex -25.9178 39.8882 2.4
      vertex -25.9178 72.1118 2.4
    endloop
  endfacet
  facet normal 0 0 1
    outer loop
      vertex -26.01 72.01 2.4
      vertex -26.01 39.99 2.4
      vertex -25.9178 39.8882 2.4
    endloop
  endfacet
  facet normal -0 0 1
    outer loop
      vertex -26.1118 71.9178 2.4
      vertex -26.01 39.99 2.4
      vertex -26.01 72.01 2.4
    endloop
  endfacet
  facet normal 0 0 1
    outer loop
      vertex -26.1118 71.9178 2.4
      vertex -26.1118 40.0822 2.4
      vertex -26.01 39.99 2.4
    endloop
  endfacet
  facet normal -0 0 1
    outer loop
      vertex -26.2222 71.8359 2.4
      vertex -26.1118 40.0822 2.4
      vertex -26.1118 71.9178 2.4
    endloop
  endfacet
  facet normal 0 0 1
    outer loop
      vertex -26.2222 71.8359 2.4
      vertex -26.2222 40.1641 2.4
      vertex -26.1118 40.0822 2.4
    endloop
  endfacet
  facet normal -0 0 1
    outer loop
      vertex -26.34 71.7653 2.4
      vertex -26.2222 40.1641 2.4
      vertex -26.2222 71.8359 2.4
    endloop
  endfacet
  facet normal 0 0 1
    outer loop
      vertex -26.34 71.7653 2.4
      vertex -26.34 40.2347 2.4
      vertex -26.2222 40.1641 2.4
    endloop
  endfacet
  facet normal -0 0 1
    outer loop
      vertex -26.4642 71.7066 2.4
      vertex -26.34 40.2347 2.4
      vertex -26.34 71.7653 2.4
    endloop
  endfacet
  facet normal 0 0 1
    outer loop
      vertex -26.4642 71.7066 2.4
      vertex -26.4642 40.2934 2.4
      vertex -26.34 40.2347 2.4
    endloop
  endfacet
  facet normal -0 0 1
    outer loop
      vertex -26.5936 71.6603 2.4
      vertex -26.4642 40.2934 2.4
      vertex -26.4642 71.7066 2.4
    endloop
  endfacet
  facet normal 0 0 1
    outer loop
      vertex -26.5936 71.6603 2.4
      vertex -26.5936 40.3397 2.4
      vertex -26.4642 40.2934 2.4
    endloop
  endfacet
  facet normal -0 0 1
    outer loop
      vertex -26.7269 71.6269 2.4
      vertex -26.5936 40.3397 2.4
      vertex -26.5936 71.6603 2.4
    endloop
  endfacet
  facet normal 0 0 1
    outer loop
      vertex -26.7269 71.6269 2.4
      vertex -26.7269 40.3731 2.4
      vertex -26.5936 40.3397 2.4
    endloop
  endfacet
  facet normal -0 0 1
    outer loop
      vertex -26.8628 71.6067 2.4
      vertex -26.7269 40.3731 2.4
      vertex -26.7269 71.6269 2.4
    endloop
  endfacet
  facet normal 0 0 1
    outer loop
      vertex -26.8628 71.6067 2.4
      vertex -26.8628 40.3933 2.4
      vertex -26.7269 40.3731 2.4
    endloop
  endfacet
  facet normal -0 0 1
    outer loop
      vertex -27 71.6 2.4
      vertex -26.8628 40.3933 2.4
      vertex -26.8628 71.6067 2.4
    endloop
  endfacet
  facet normal 0 0 1
    outer loop
      vertex -27 71.6 2.4
      vertex -27 40.4 2.4
      vertex -26.8628 40.3933 2.4
    endloop
  endfacet
  facet normal 0 0 1
    outer loop
      vertex -27.1372 71.6067 2.4
      vertex -27 40.4 2.4
      vertex -27 71.6 2.4
    endloop
  endfacet
  facet normal 0 0 1
    outer loop
      vertex -27.1372 71.6067 2.4
      vertex -27.1372 40.3933 2.4
      vertex -27 40.4 2.4
    endloop
  endfacet
  facet normal 0 0 1
    outer loop
      vertex -27.2731 71.6269 2.4
      vertex -27.1372 40.3933 2.4
      vertex -27.1372 71.6067 2.4
    endloop
  endfacet
  facet normal 0 0 1
    outer loop
      vertex -27.2731 71.6269 2.4
      vertex -27.2731 40.3731 2.4
      vertex -27.1372 40.3933 2.4
    endloop
  endfacet
  facet normal 0 0 1
    outer loop
      vertex -27.4064 71.6603 2.4
      vertex -27.2731 40.3731 2.4
      vertex -27.2731 71.6269 2.4
    endloop
  endfacet
  facet normal 0 0 1
    outer loop
      vertex -27.4064 71.6603 2.4
      vertex -27.4064 40.3397 2.4
      vertex -27.2731 40.3731 2.4
    endloop
  endfacet
  facet normal 0 0 1
    outer loop
      vertex -27.5358 71.7066 2.4
      vertex -27.4064 40.3397 2.4
      vertex -27.4064 71.6603 2.4
    endloop
  endfacet
  facet normal 0 0 1
    outer loop
      vertex -27.5358 71.7066 2.4
      vertex -27.5358 40.2934 2.4
      vertex -27.4064 40.3397 2.4
    endloop
  endfacet
  facet normal 0 0 1
    outer loop
      vertex -27.66 71.7653 2.4
      vertex -27.5358 40.2934 2.4
      vertex -27.5358 71.7066 2.4
    endloop
  endfacet
  facet normal 0 0 1
    outer loop
      vertex -27.66 71.7653 2.4
      vertex -27.66 40.2347 2.4
      vertex -27.5358 40.2934 2.4
    endloop
  endfacet
  facet normal 0 0 1
    outer loop
      vertex -27.7778 71.8359 2.4
      vertex -27.66 40.2347 2.4
      vertex -27.66 71.7653 2.4
    endloop
  endfacet
  facet normal 0 0 1
    outer loop
      vertex -27.7778 71.8359 2.4
      vertex -27.7778 40.1641 2.4
      vertex -27.66 40.2347 2.4
    endloop
  endfacet
  facet normal 0 0 1
    outer loop
      vertex -27.8881 71.9178 2.4
      vertex -27.7778 40.1641 2.4
      vertex -27.7778 71.8359 2.4
    endloop
  endfacet
  facet normal 0 0 1
    outer loop
      vertex -27.8881 71.9178 2.4
      vertex -27.8881 40.0822 2.4
      vertex -27.7778 40.1641 2.4
    endloop
  endfacet
  facet normal 0 0 1
    outer loop
      vertex -27.9899 72.01 2.4
      vertex -27.8881 40.0822 2.4
      vertex -27.8881 71.9178 2.4
    endloop
  endfacet
  facet normal 0 0 1
    outer loop
      vertex -27.9899 72.01 2.4
      vertex -27.9899 39.99 2.4
      vertex -27.8881 40.0822 2.4
    endloop
  endfacet
  facet normal 0 0 1
    outer loop
      vertex -28.0822 72.1118 2.4
      vertex -27.9899 39.99 2.4
      vertex -27.9899 72.01 2.4
    endloop
  endfacet
  facet normal 0 0 1
    outer loop
      vertex -28.0822 72.1118 2.4
      vertex -28.0822 39.8882 2.4
      vertex -27.9899 39.99 2.4
    endloop
  endfacet
  facet normal 0 0 1
    outer loop
      vertex -28.1641 72.2222 2.4
      vertex -28.0822 39.8882 2.4
      vertex -28.0822 72.1118 2.4
    endloop
  endfacet
  facet normal 0 0 1
    outer loop
      vertex -28.1641 72.2222 2.4
      vertex -28.1641 39.7778 2.4
      vertex -28.0822 39.8882 2.4
    endloop
  endfacet
  facet normal 0 0 1
    outer loop
      vertex -28.2347 72.34 2.4
      vertex -28.1641 39.7778 2.4
      vertex -28.1641 72.2222 2.4
    endloop
  endfacet
  facet normal 0 0 1
    outer loop
      vertex -28.2347 72.34 2.4
      vertex -28.2347 39.66 2.4
      vertex -28.1641 39.7778 2.4
    endloop
  endfacet
  facet normal 0 0 1
    outer loop
      vertex -29.2 74 2.4
      vertex -28.2347 72.34 2.4
      vertex -28.2934 72.4642 2.4
    endloop
  endfacet
  facet normal 0 0 1
    outer loop
      vertex -28.2347 72.34 2.4
      vertex -29.2 74 2.4
      vertex -28.2347 39.66 2.4
    endloop
  endfacet
  facet normal 0 0 1
    outer loop
      vertex -29.2 74 2.4
      vertex -28.2934 72.4642 2.4
      vertex -28.3397 72.5936 2.4
    endloop
  endfacet
  facet normal 0 0 1
    outer loop
      vertex -29.2 38 2.4
      vertex -28.2347 39.66 2.4
      vertex -29.2 74 2.4
    endloop
  endfacet
  facet normal 0 0 1
    outer loop
      vertex -29.2 74 2.4
      vertex -28.3397 72.5936 2.4
      vertex -28.3731 72.7269 2.4
    endloop
  endfacet
  facet normal 0 0 1
    outer loop
      vertex -28.2347 39.66 2.4
      vertex -29.2 38 2.4
      vertex -28.2934 39.5358 2.4
    endloop
  endfacet
  facet normal 0 0 1
    outer loop
      vertex -29.2 74 2.4
      vertex -28.3731 72.7269 2.4
      vertex -28.3933 72.8628 2.4
    endloop
  endfacet
  facet normal 0 0 1
    outer loop
      vertex -28.2934 39.5358 2.4
      vertex -29.2 38 2.4
      vertex -28.3397 39.4064 2.4
    endloop
  endfacet
  facet normal 0 0 1
    outer loop
      vertex -29.2 74 2.4
      vertex -28.3933 72.8628 2.4
      vertex -28.4 73 2.4
    endloop
  endfacet
  facet normal 0 0 1
    outer loop
      vertex -28.3397 39.4064 2.4
      vertex -29.2 38 2.4
      vertex -28.3731 39.2731 2.4
    endloop
  endfacet
  facet normal 0 0 1
    outer loop
      vertex 28.3397 72.5936 2.4
      vertex 29.2 74 2.4
      vertex 28.3731 72.7269 2.4
    endloop
  endfacet
  facet normal 0 0 1
    outer loop
      vertex 29.2 38 2.4
      vertex 28.3933 39.1372 2.4
      vertex 28.4 39 2.4
    endloop
  endfacet
  facet normal 0 0 1
    outer loop
      vertex 28.2934 72.4642 2.4
      vertex 29.2 74 2.4
      vertex 28.3397 72.5936 2.4
    endloop
  endfacet
  facet normal 0 0 1
    outer loop
      vertex 29.2 38 2.4
      vertex 28.3731 39.2731 2.4
      vertex 28.3933 39.1372 2.4
    endloop
  endfacet
  facet normal 0 0 1
    outer loop
      vertex 28.2347 72.34 2.4
      vertex 29.2 74 2.4
      vertex 28.2934 72.4642 2.4
    endloop
  endfacet
  facet normal 0 0 1
    outer loop
      vertex 29.2 38 2.4
      vertex 28.3397 39.4064 2.4
      vertex 28.3731 39.2731 2.4
    endloop
  endfacet
  facet normal 0 0 1
    outer loop
      vertex 29.2 74 2.4
      vertex 28.2347 72.34 2.4
      vertex 29.2 38 2.4
    endloop
  endfacet
  facet normal 0 0 1
    outer loop
      vertex 29.2 38 2.4
      vertex 28.2934 39.5358 2.4
      vertex 28.3397 39.4064 2.4
    endloop
  endfacet
  facet normal -0 0 1
    outer loop
      vertex 28.2347 39.66 2.4
      vertex 29.2 38 2.4
      vertex 28.2347 72.34 2.4
    endloop
  endfacet
  facet normal 0 0 1
    outer loop
      vertex 29.2 38 2.4
      vertex 28.2347 39.66 2.4
      vertex 28.2934 39.5358 2.4
    endloop
  endfacet
  facet normal -0 0 1
    outer loop
      vertex 28.1641 72.2222 2.4
      vertex 28.2347 39.66 2.4
      vertex 28.2347 72.34 2.4
    endloop
  endfacet
  facet normal 0 0 1
    outer loop
      vertex 28.1641 72.2222 2.4
      vertex 28.1641 39.7778 2.4
      vertex 28.2347 39.66 2.4
    endloop
  endfacet
  facet normal -0 0 1
    outer loop
      vertex 28.0822 72.1118 2.4
      vertex 28.1641 39.7778 2.4
      vertex 28.1641 72.2222 2.4
    endloop
  endfacet
  facet normal 0 0 1
    outer loop
      vertex 28.0822 72.1118 2.4
      vertex 28.0822 39.8882 2.4
      vertex 28.1641 39.7778 2.4
    endloop
  endfacet
  facet normal -0 0 1
    outer loop
      vertex 27.9899 72.01 2.4
      vertex 28.0822 39.8882 2.4
      vertex 28.0822 72.1118 2.4
    endloop
  endfacet
  facet normal 0 0 1
    outer loop
      vertex 27.9899 72.01 2.4
      vertex 27.9899 39.99 2.4
      vertex 28.0822 39.8882 2.4
    endloop
  endfacet
  facet normal -0 0 1
    outer loop
      vertex 27.8881 71.9178 2.4
      vertex 27.9899 39.99 2.4
      vertex 27.9899 72.01 2.4
    endloop
  endfacet
  facet normal 0 0 1
    outer loop
      vertex 27.8881 71.9178 2.4
      vertex 27.8881 40.0822 2.4
      vertex 27.9899 39.99 2.4
    endloop
  endfacet
  facet normal -0 0 1
    outer loop
      vertex 27.7778 71.8359 2.4
      vertex 27.8881 40.0822 2.4
      vertex 27.8881 71.9178 2.4
    endloop
  endfacet
  facet normal 0 0 1
    outer loop
      vertex 27.7778 71.8359 2.4
      vertex 27.7778 40.1641 2.4
      vertex 27.8881 40.0822 2.4
    endloop
  endfacet
  facet normal -0 0 1
    outer loop
      vertex 27.66 71.7653 2.4
      vertex 27.7778 40.1641 2.4
      vertex 27.7778 71.8359 2.4
    endloop
  endfacet
  facet normal 0 0 1
    outer loop
      vertex 27.66 71.7653 2.4
      vertex 27.66 40.2347 2.4
      vertex 27.7778 40.1641 2.4
    endloop
  endfacet
  facet normal -0 0 1
    outer loop
      vertex 27.5358 71.7066 2.4
      vertex 27.66 40.2347 2.4
      vertex 27.66 71.7653 2.4
    endloop
  endfacet
  facet normal 0 0 1
    outer loop
      vertex 27.5358 71.7066 2.4
      vertex 27.5358 40.2934 2.4
      vertex 27.66 40.2347 2.4
    endloop
  endfacet
  facet normal -0 0 1
    outer loop
      vertex 27.4064 71.6603 2.4
      vertex 27.5358 40.2934 2.4
      vertex 27.5358 71.7066 2.4
    endloop
  endfacet
  facet normal 0 0 1
    outer loop
      vertex 27.4064 71.6603 2.4
      vertex 27.4064 40.3397 2.4
      vertex 27.5358 40.2934 2.4
    endloop
  endfacet
  facet normal -0 0 1
    outer loop
      vertex 27.2731 71.6269 2.4
      vertex 27.4064 40.3397 2.4
      vertex 27.4064 71.6603 2.4
    endloop
  endfacet
  facet normal 0 0 1
    outer loop
      vertex 27.2731 71.6269 2.4
      vertex 27.2731 40.3731 2.4
      vertex 27.4064 40.3397 2.4
    endloop
  endfacet
  facet normal -0 0 1
    outer loop
      vertex 27.1372 71.6067 2.4
      vertex 27.2731 40.3731 2.4
      vertex 27.2731 71.6269 2.4
    endloop
  endfacet
  facet normal 0 0 1
    outer loop
      vertex 27.1372 71.6067 2.4
      vertex 27.1372 40.3933 2.4
      vertex 27.2731 40.3731 2.4
    endloop
  endfacet
  facet normal -0 0 1
    outer loop
      vertex 27 71.6 2.4
      vertex 27.1372 40.3933 2.4
      vertex 27.1372 71.6067 2.4
    endloop
  endfacet
  facet normal 0 0 1
    outer loop
      vertex 27 71.6 2.4
      vertex 27 40.4 2.4
      vertex 27.1372 40.3933 2.4
    endloop
  endfacet
  facet normal 0 0 1
    outer loop
      vertex 26.8628 71.6067 2.4
      vertex 27 40.4 2.4
      vertex 27 71.6 2.4
    endloop
  endfacet
  facet normal 0 0 1
    outer loop
      vertex 26.8628 71.6067 2.4
      vertex 26.8628 40.3933 2.4
      vertex 27 40.4 2.4
    endloop
  endfacet
  facet normal 0 0 1
    outer loop
      vertex 26.7269 71.6269 2.4
      vertex 26.8628 40.3933 2.4
      vertex 26.8628 71.6067 2.4
    endloop
  endfacet
  facet normal 0 0 1
    outer loop
      vertex 26.7269 71.6269 2.4
      vertex 26.7269 40.3731 2.4
      vertex 26.8628 40.3933 2.4
    endloop
  endfacet
  facet normal 0 0 1
    outer loop
      vertex 26.5936 71.6603 2.4
      vertex 26.7269 40.3731 2.4
      vertex 26.7269 71.6269 2.4
    endloop
  endfacet
  facet normal 0 0 1
    outer loop
      vertex 26.5936 71.6603 2.4
      vertex 26.5936 40.3397 2.4
      vertex 26.7269 40.3731 2.4
    endloop
  endfacet
  facet normal 0 0 1
    outer loop
      vertex 26.4642 71.7066 2.4
      vertex 26.5936 40.3397 2.4
      vertex 26.5936 71.6603 2.4
    endloop
  endfacet
  facet normal 0 0 1
    outer loop
      vertex 26.4642 71.7066 2.4
      vertex 26.4642 40.2934 2.4
      vertex 26.5936 40.3397 2.4
    endloop
  endfacet
  facet normal 0 0 1
    outer loop
      vertex 26.34 71.7653 2.4
      vertex 26.4642 40.2934 2.4
      vertex 26.4642 71.7066 2.4
    endloop
  endfacet
  facet normal 0 0 1
    outer loop
      vertex 26.34 71.7653 2.4
      vertex 26.34 40.2347 2.4
      vertex 26.4642 40.2934 2.4
    endloop
  endfacet
  facet normal 0 0 1
    outer loop
      vertex 26.2222 71.8359 2.4
      vertex 26.34 40.2347 2.4
      vertex 26.34 71.7653 2.4
    endloop
  endfacet
  facet normal 0 0 1
    outer loop
      vertex 26.2222 71.8359 2.4
      vertex 26.2222 40.1641 2.4
      vertex 26.34 40.2347 2.4
    endloop
  endfacet
  facet normal 0 0 1
    outer loop
      vertex 26.1118 71.9178 2.4
      vertex 26.2222 40.1641 2.4
      vertex 26.2222 71.8359 2.4
    endloop
  endfacet
  facet normal 0 0 1
    outer loop
      vertex 26.1118 71.9178 2.4
      vertex 26.1118 40.0822 2.4
      vertex 26.2222 40.1641 2.4
    endloop
  endfacet
  facet normal 0 0 1
    outer loop
      vertex 26.01 72.01 2.4
      vertex 26.1118 40.0822 2.4
      vertex 26.1118 71.9178 2.4
    endloop
  endfacet
  facet normal 0 0 1
    outer loop
      vertex 26.01 72.01 2.4
      vertex 26.01 39.99 2.4
      vertex 26.1118 40.0822 2.4
    endloop
  endfacet
  facet normal 0 0 1
    outer loop
      vertex 25.9178 72.1118 2.4
      vertex 26.01 39.99 2.4
      vertex 26.01 72.01 2.4
    endloop
  endfacet
  facet normal 0 0 1
    outer loop
      vertex 25.9178 72.1118 2.4
      vertex 25.9178 39.8882 2.4
      vertex 26.01 39.99 2.4
    endloop
  endfacet
  facet normal 0 0 1
    outer loop
      vertex 25.8359 72.2222 2.4
      vertex 25.9178 39.8882 2.4
      vertex 25.9178 72.1118 2.4
    endloop
  endfacet
  facet normal 0 0 1
    outer loop
      vertex 25.8359 72.2222 2.4
      vertex 25.8359 39.7778 2.4
      vertex 25.9178 39.8882 2.4
    endloop
  endfacet
  facet normal 0 0 1
    outer loop
      vertex -25.6603 72.5936 2.4
      vertex 25.6603 72.5936 2.4
      vertex -25.6269 72.7269 2.4
    endloop
  endfacet
  facet normal 0 0 1
    outer loop
      vertex 25.6603 72.5936 2.4
      vertex -25.6603 72.5936 2.4
      vertex 25.7066 72.4642 2.4
    endloop
  endfacet
  facet normal 0 0 1
    outer loop
      vertex 25.6269 72.7269 2.4
      vertex -25.6269 72.7269 2.4
      vertex 25.6603 72.5936 2.4
    endloop
  endfacet
  facet normal 0 0 1
    outer loop
      vertex -25.7066 72.4642 2.4
      vertex 25.7066 72.4642 2.4
      vertex -25.6603 72.5936 2.4
    endloop
  endfacet
  facet normal 0 0 1
    outer loop
      vertex -25.6269 72.7269 2.4
      vertex 25.6269 72.7269 2.4
      vertex -25.6067 72.8628 2.4
    endloop
  endfacet
  facet normal 0 0 1
    outer loop
      vertex 25.8359 39.7778 2.4
      vertex -25.6 39 2.4
      vertex 25.7653 39.66 2.4
    endloop
  endfacet
  facet normal 0 0 1
    outer loop
      vertex 25.6067 72.8628 2.4
      vertex -25.6067 72.8628 2.4
      vertex 25.6269 72.7269 2.4
    endloop
  endfacet
  facet normal 0 0 1
    outer loop
      vertex 25.7653 39.66 2.4
      vertex -25.6 39 2.4
      vertex 25.7066 39.5358 2.4
    endloop
  endfacet
  facet normal 0 0 1
    outer loop
      vertex -25.6067 72.8628 2.4
      vertex 25.6067 72.8628 2.4
      vertex -25.6 73 2.4
    endloop
  endfacet
  facet normal 0 0 1
    outer loop
      vertex 25.7066 39.5358 2.4
      vertex -25.6 39 2.4
      vertex 25.6603 39.4064 2.4
    endloop
  endfacet
  facet normal -0 0 1
    outer loop
      vertex -25.6 73 2.4
      vertex 25.6067 72.8628 2.4
      vertex 25.6 73 2.4
    endloop
  endfacet
  facet normal 0 0 1
    outer loop
      vertex 25.6603 39.4064 2.4
      vertex -25.6 39 2.4
      vertex 25.6269 39.2731 2.4
    endloop
  endfacet
  facet normal 0 0 1
    outer loop
      vertex 28.1641 73.7778 2.4
      vertex 29.2 74 2.4
      vertex 29.1942 74.1176 2.4
    endloop
  endfacet
  facet normal 0 0 1
    outer loop
      vertex 28.3933 72.8628 2.4
      vertex 29.2 74 2.4
      vertex 28.4 73 2.4
    endloop
  endfacet
  facet normal 0 0 1
    outer loop
      vertex 28.1641 73.7778 2.4
      vertex 29.1942 74.1176 2.4
      vertex 29.1769 74.2341 2.4
    endloop
  endfacet
  facet normal 0 0 1
    outer loop
      vertex 28.3731 72.7269 2.4
      vertex 29.2 74 2.4
      vertex 28.3933 72.8628 2.4
    endloop
  endfacet
  facet normal 0 0 1
    outer loop
      vertex 28.1641 73.7778 2.4
      vertex 29.1769 74.2341 2.4
      vertex 29.1483 74.3483 2.4
    endloop
  endfacet
  facet normal -0 0 1
    outer loop
      vertex 28.3933 38.8628 2.4
      vertex 29.2 38 2.4
      vertex 28.4 39 2.4
    endloop
  endfacet
  facet normal 0 0 1
    outer loop
      vertex 28.0822 73.8882 2.4
      vertex 29.1483 74.3483 2.4
      vertex 29.1086 74.4592 2.4
    endloop
  endfacet
  facet normal -0 0 1
    outer loop
      vertex 28.3731 38.7269 2.4
      vertex 29.2 38 2.4
      vertex 28.3933 38.8628 2.4
    endloop
  endfacet
  facet normal 0 0 1
    outer loop
      vertex 28.0822 73.8882 2.4
      vertex 29.1086 74.4592 2.4
      vertex 29.0583 74.5657 2.4
    endloop
  endfacet
  facet normal -0 0 1
    outer loop
      vertex 28.3397 38.5936 2.4
      vertex 29.2 38 2.4
      vertex 28.3731 38.7269 2.4
    endloop
  endfacet
  facet normal 0 0 1
    outer loop
      vertex 28.0822 73.8882 2.4
      vertex 29.0583 74.5657 2.4
      vertex 28.9978 74.6667 2.4
    endloop
  endfacet
  facet normal -0 0 1
    outer loop
      vertex 28.2934 38.4642 2.4
      vertex 29.2 38 2.4
      vertex 28.3397 38.5936 2.4
    endloop
  endfacet
  facet normal 0 0 1
    outer loop
      vertex 27.9899 73.99 2.4
      vertex 28.9978 74.6667 2.4
      vertex 28.9276 74.7613 2.4
    endloop
  endfacet
  facet normal -0 0 1
    outer loop
      vertex 28.2347 38.34 2.4
      vertex 29.2 38 2.4
      vertex 28.2934 38.4642 2.4
    endloop
  endfacet
  facet normal 0 0 1
    outer loop
      vertex 27.9899 73.99 2.4
      vertex 28.9276 74.7613 2.4
      vertex 28.8485 74.8485 2.4
    endloop
  endfacet
  facet normal -0 0 1
    outer loop
      vertex 28.1641 38.2222 2.4
      vertex 29.2 38 2.4
      vertex 28.2347 38.34 2.4
    endloop
  endfacet
  facet normal 0 0 1
    outer loop
      vertex 27.9899 73.99 2.4
      vertex 28.8485 74.8485 2.4
      vertex 28.7613 74.9276 2.4
    endloop
  endfacet
  facet normal 0 0 1
    outer loop
      vertex 29.2 38 2.4
      vertex 28.1641 38.2222 2.4
      vertex 29.1942 37.8824 2.4
    endloop
  endfacet
  facet normal 0 0 1
    outer loop
      vertex 27.9899 73.99 2.4
      vertex 28.7613 74.9276 2.4
      vertex 28.6667 74.9978 2.4
    endloop
  endfacet
  facet normal 0 0 1
    outer loop
      vertex 29.1942 37.8824 2.4
      vertex 28.1641 38.2222 2.4
      vertex 29.1769 37.7659 2.4
    endloop
  endfacet
  facet normal 0 0 1
    outer loop
      vertex 27.8881 74.0822 2.4
      vertex 28.6667 74.9978 2.4
      vertex 28.5657 75.0583 2.4
    endloop
  endfacet
  facet normal 0 0 1
    outer loop
      vertex 29.1769 37.7659 2.4
      vertex 28.1641 38.2222 2.4
      vertex 29.1483 37.6517 2.4
    endloop
  endfacet
  facet normal 0 0 1
    outer loop
      vertex 27.8881 74.0822 2.4
      vertex 28.5657 75.0583 2.4
      vertex 28.4592 75.1086 2.4
    endloop
  endfacet
  facet normal -0 0 1
    outer loop
      vertex 28.0822 38.1119 2.4
      vertex 29.1483 37.6517 2.4
      vertex 28.1641 38.2222 2.4
    endloop
  endfacet
  facet normal 0 0 1
    outer loop
      vertex 29.1483 37.6517 2.4
      vertex 28.0822 38.1119 2.4
      vertex 29.1086 37.5408 2.4
    endloop
  endfacet
  facet normal 0 0 1
    outer loop
      vertex 29.2 74 2.4
      vertex 28.3933 73.1372 2.4
      vertex 28.4 73 2.4
    endloop
  endfacet
  facet normal 0 0 1
    outer loop
      vertex 29.2 74 2.4
      vertex 28.3731 73.2731 2.4
      vertex 28.3933 73.1372 2.4
    endloop
  endfacet
  facet normal 0 0 1
    outer loop
      vertex 27.8881 74.0822 2.4
      vertex 28.4592 75.1086 2.4
      vertex 28.3483 75.1483 2.4
    endloop
  endfacet
  facet normal 0 0 1
    outer loop
      vertex 29.2 74 2.4
      vertex 28.3397 73.4064 2.4
      vertex 28.3731 73.2731 2.4
    endloop
  endfacet
  facet normal 0 0 1
    outer loop
      vertex 29.2 74 2.4
      vertex 28.2934 73.5358 2.4
      vertex 28.3397 73.4064 2.4
    endloop
  endfacet
  facet normal 0 0 1
    outer loop
      vertex 29.2 74 2.4
      vertex 28.2347 73.66 2.4
      vertex 28.2934 73.5358 2.4
    endloop
  endfacet
  facet normal 0 0 1
    outer loop
      vertex 27.7778 74.1641 2.4
      vertex 28.3483 75.1483 2.4
      vertex 28.2341 75.1769 2.4
    endloop
  endfacet
  facet normal 0 0 1
    outer loop
      vertex 29.2 74 2.4
      vertex 28.1641 73.7778 2.4
      vertex 28.2347 73.66 2.4
    endloop
  endfacet
  facet normal 0 0 1
    outer loop
      vertex 27.7778 74.1641 2.4
      vertex 28.2341 75.1769 2.4
      vertex 28.1176 75.1942 2.4
    endloop
  endfacet
  facet normal 0 0 1
    outer loop
      vertex 29.1483 74.3483 2.4
      vertex 28.0822 73.8882 2.4
      vertex 28.1641 73.7778 2.4
    endloop
  endfacet
  facet normal 0 0 1
    outer loop
      vertex 27.7778 74.1641 2.4
      vertex 28.1176 75.1942 2.4
      vertex 28 75.2 2.4
    endloop
  endfacet
  facet normal 0 0 1
    outer loop
      vertex 28.9978 74.6667 2.4
      vertex 27.9899 73.99 2.4
      vertex 28.0822 73.8882 2.4
    endloop
  endfacet
  facet normal 0 0 1
    outer loop
      vertex 28.6667 74.9978 2.4
      vertex 27.8881 74.0822 2.4
      vertex 27.9899 73.99 2.4
    endloop
  endfacet
  facet normal 0 0 1
    outer loop
      vertex 28.3483 75.1483 2.4
      vertex 27.7778 74.1641 2.4
      vertex 27.8881 74.0822 2.4
    endloop
  endfacet
  facet normal 0 0 1
    outer loop
      vertex 28 75.2 2.4
      vertex 27.66 74.2347 2.4
      vertex 27.7778 74.1641 2.4
    endloop
  endfacet
  facet normal 0 0 1
    outer loop
      vertex 28 75.2 2.4
      vertex 27.5358 74.2934 2.4
      vertex 27.66 74.2347 2.4
    endloop
  endfacet
  facet normal 0 0 1
    outer loop
      vertex 28 75.2 2.4
      vertex 27.4064 74.3397 2.4
      vertex 27.5358 74.2934 2.4
    endloop
  endfacet
  facet normal 0 0 1
    outer loop
      vertex 28 75.2 2.4
      vertex 27.2731 74.3731 2.4
      vertex 27.4064 74.3397 2.4
    endloop
  endfacet
  facet normal 0 0 1
    outer loop
      vertex 28 75.2 2.4
      vertex 27.1372 74.3933 2.4
      vertex 27.2731 74.3731 2.4
    endloop
  endfacet
  facet normal 0 0 1
    outer loop
      vertex 28 75.2 2.4
      vertex 27 74.4 2.4
      vertex 27.1372 74.3933 2.4
    endloop
  endfacet
  facet normal 0 0 1
    outer loop
      vertex 28 75.2 2.4
      vertex 26.8628 74.3933 2.4
      vertex 27 74.4 2.4
    endloop
  endfacet
  facet normal 0 0 1
    outer loop
      vertex 28 75.2 2.4
      vertex 26.7269 74.3731 2.4
      vertex 26.8628 74.3933 2.4
    endloop
  endfacet
  facet normal 0 0 1
    outer loop
      vertex 28 75.2 2.4
      vertex 26.5936 74.3397 2.4
      vertex 26.7269 74.3731 2.4
    endloop
  endfacet
  facet normal 0 0 1
    outer loop
      vertex 28 75.2 2.4
      vertex 26.4642 74.2934 2.4
      vertex 26.5936 74.3397 2.4
    endloop
  endfacet
  facet normal 0 0 1
    outer loop
      vertex 28 75.2 2.4
      vertex 26.34 74.2347 2.4
      vertex 26.4642 74.2934 2.4
    endloop
  endfacet
  facet normal 0 0 1
    outer loop
      vertex 25.6269 39.2731 2.4
      vertex -25.6 39 2.4
      vertex 25.6067 39.1372 2.4
    endloop
  endfacet
  facet normal 0 0 1
    outer loop
      vertex 25.6067 73.1372 2.4
      vertex -25.6 73 2.4
      vertex 25.6 73 2.4
    endloop
  endfacet
  facet normal 0 0 1
    outer loop
      vertex -25.6067 73.1372 2.4
      vertex 25.6067 73.1372 2.4
      vertex 25.6269 73.2731 2.4
    endloop
  endfacet
  facet normal 0 0 1
    outer loop
      vertex -25.6269 73.2731 2.4
      vertex 25.6269 73.2731 2.4
      vertex 25.6603 73.4064 2.4
    endloop
  endfacet
  facet normal 0 0 1
    outer loop
      vertex -25.6603 73.4064 2.4
      vertex 25.6603 73.4064 2.4
      vertex 25.7066 73.5358 2.4
    endloop
  endfacet
  facet normal 0 0 1
    outer loop
      vertex -25.7066 73.5358 2.4
      vertex 25.7066 73.5358 2.4
      vertex 25.7653 73.66 2.4
    endloop
  endfacet
  facet normal 0 0 1
    outer loop
      vertex -25.7653 73.66 2.4
      vertex 25.7653 73.66 2.4
      vertex 25.8359 73.7778 2.4
    endloop
  endfacet
  facet normal 0 0 1
    outer loop
      vertex -25.8359 73.7778 2.4
      vertex 25.8359 73.7778 2.4
      vertex 25.9178 73.8882 2.4
    endloop
  endfacet
  facet normal 0 0 1
    outer loop
      vertex -25.9178 73.8882 2.4
      vertex 25.9178 73.8882 2.4
      vertex 26.01 73.99 2.4
    endloop
  endfacet
  facet normal 0 0 1
    outer loop
      vertex -26.01 73.99 2.4
      vertex 26.01 73.99 2.4
      vertex 26.1118 74.0822 2.4
    endloop
  endfacet
  facet normal 0 0 1
    outer loop
      vertex -26.1118 74.0822 2.4
      vertex 26.1118 74.0822 2.4
      vertex 26.2222 74.1641 2.4
    endloop
  endfacet
  facet normal 0 0 1
    outer loop
      vertex -26.2222 74.1641 2.4
      vertex 26.2222 74.1641 2.4
      vertex 26.34 74.2347 2.4
    endloop
  endfacet
  facet normal 0 0 1
    outer loop
      vertex -26.34 74.2347 2.4
      vertex 26.34 74.2347 2.4
      vertex 28 75.2 2.4
    endloop
  endfacet
  facet normal 0 0 1
    outer loop
      vertex 25.6067 73.1372 2.4
      vertex -25.6067 73.1372 2.4
      vertex -25.6 73 2.4
    endloop
  endfacet
  facet normal 0 0 1
    outer loop
      vertex 25.6269 73.2731 2.4
      vertex -25.6269 73.2731 2.4
      vertex -25.6067 73.1372 2.4
    endloop
  endfacet
  facet normal 0 0 1
    outer loop
      vertex 25.6603 73.4064 2.4
      vertex -25.6603 73.4064 2.4
      vertex -25.6269 73.2731 2.4
    endloop
  endfacet
  facet normal 0 0 1
    outer loop
      vertex 25.7066 73.5358 2.4
      vertex -25.7066 73.5358 2.4
      vertex -25.6603 73.4064 2.4
    endloop
  endfacet
  facet normal 0 0 1
    outer loop
      vertex 25.7653 73.66 2.4
      vertex -25.7653 73.66 2.4
      vertex -25.7066 73.5358 2.4
    endloop
  endfacet
  facet normal 0 0 1
    outer loop
      vertex 25.8359 73.7778 2.4
      vertex -25.8359 73.7778 2.4
      vertex -25.7653 73.66 2.4
    endloop
  endfacet
  facet normal 0 0 1
    outer loop
      vertex 25.9178 73.8882 2.4
      vertex -25.9178 73.8882 2.4
      vertex -25.8359 73.7778 2.4
    endloop
  endfacet
  facet normal 0 0 1
    outer loop
      vertex 26.01 73.99 2.4
      vertex -26.01 73.99 2.4
      vertex -25.9178 73.8882 2.4
    endloop
  endfacet
  facet normal 0 0 1
    outer loop
      vertex 26.1118 74.0822 2.4
      vertex -26.1118 74.0822 2.4
      vertex -26.01 73.99 2.4
    endloop
  endfacet
  facet normal 0 0 1
    outer loop
      vertex 26.2222 74.1641 2.4
      vertex -26.2222 74.1641 2.4
      vertex -26.1118 74.0822 2.4
    endloop
  endfacet
  facet normal 0 0 1
    outer loop
      vertex 26.34 74.2347 2.4
      vertex -26.34 74.2347 2.4
      vertex -26.2222 74.1641 2.4
    endloop
  endfacet
  facet normal -0 0 1
    outer loop
      vertex -28 75.2 2.4
      vertex -26.34 74.2347 2.4
      vertex 28 75.2 2.4
    endloop
  endfacet
  facet normal 0 0 1
    outer loop
      vertex -26.34 74.2347 2.4
      vertex -28 75.2 2.4
      vertex -26.4642 74.2934 2.4
    endloop
  endfacet
  facet normal 0 0 1
    outer loop
      vertex -26.4642 74.2934 2.4
      vertex -28 75.2 2.4
      vertex -26.5936 74.3397 2.4
    endloop
  endfacet
  facet normal 0 0 1
    outer loop
      vertex -26.5936 74.3397 2.4
      vertex -28 75.2 2.4
      vertex -26.7269 74.3731 2.4
    endloop
  endfacet
  facet normal 0 0 1
    outer loop
      vertex -26.7269 74.3731 2.4
      vertex -28 75.2 2.4
      vertex -26.8628 74.3933 2.4
    endloop
  endfacet
  facet normal 0 0 1
    outer loop
      vertex -26.8628 74.3933 2.4
      vertex -28 75.2 2.4
      vertex -27 74.4 2.4
    endloop
  endfacet
  facet normal 0 0 1
    outer loop
      vertex -28 75.2 2.4
      vertex -27.1372 74.3933 2.4
      vertex -27 74.4 2.4
    endloop
  endfacet
  facet normal 0 0 1
    outer loop
      vertex -28 75.2 2.4
      vertex -27.2731 74.3731 2.4
      vertex -27.1372 74.3933 2.4
    endloop
  endfacet
  facet normal 0 0 1
    outer loop
      vertex -28 75.2 2.4
      vertex -27.4064 74.3397 2.4
      vertex -27.2731 74.3731 2.4
    endloop
  endfacet
  facet normal 0 0 1
    outer loop
      vertex -28 75.2 2.4
      vertex -27.5358 74.2934 2.4
      vertex -27.4064 74.3397 2.4
    endloop
  endfacet
  facet normal 0 0 1
    outer loop
      vertex -28 75.2 2.4
      vertex -27.66 74.2347 2.4
      vertex -27.5358 74.2934 2.4
    endloop
  endfacet
  facet normal 0 0 1
    outer loop
      vertex -28 75.2 2.4
      vertex -27.7778 74.1641 2.4
      vertex -27.66 74.2347 2.4
    endloop
  endfacet
  facet normal -0 0 1
    outer loop
      vertex -28.1176 75.1942 2.4
      vertex -27.7778 74.1641 2.4
      vertex -28 75.2 2.4
    endloop
  endfacet
  facet normal -0 0 1
    outer loop
      vertex -28.2341 75.1769 2.4
      vertex -27.7778 74.1641 2.4
      vertex -28.1176 75.1942 2.4
    endloop
  endfacet
  facet normal -0 0 1
    outer loop
      vertex -28.3483 75.1483 2.4
      vertex -27.7778 74.1641 2.4
      vertex -28.2341 75.1769 2.4
    endloop
  endfacet
  facet normal 0 0 1
    outer loop
      vertex -27.7778 74.1641 2.4
      vertex -28.3483 75.1483 2.4
      vertex -27.8881 74.0822 2.4
    endloop
  endfacet
  facet normal -0 0 1
    outer loop
      vertex -28.4592 75.1086 2.4
      vertex -27.8881 74.0822 2.4
      vertex -28.3483 75.1483 2.4
    endloop
  endfacet
  facet normal -0 0 1
    outer loop
      vertex -28.5657 75.0583 2.4
      vertex -27.8881 74.0822 2.4
      vertex -28.4592 75.1086 2.4
    endloop
  endfacet
  facet normal -0 0 1
    outer loop
      vertex -28.6667 74.9978 2.4
      vertex -27.8881 74.0822 2.4
      vertex -28.5657 75.0583 2.4
    endloop
  endfacet
  facet normal 0 0 1
    outer loop
      vertex -27.8881 74.0822 2.4
      vertex -28.6667 74.9978 2.4
      vertex -27.9899 73.99 2.4
    endloop
  endfacet
  facet normal -0 0 1
    outer loop
      vertex -28.7613 74.9276 2.4
      vertex -27.9899 73.99 2.4
      vertex -28.6667 74.9978 2.4
    endloop
  endfacet
  facet normal -0 0 1
    outer loop
      vertex -28.8485 74.8485 2.4
      vertex -27.9899 73.99 2.4
      vertex -28.7613 74.9276 2.4
    endloop
  endfacet
  facet normal -0 0 1
    outer loop
      vertex -28.9276 74.7613 2.4
      vertex -27.9899 73.99 2.4
      vertex -28.8485 74.8485 2.4
    endloop
  endfacet
  facet normal -0 0 1
    outer loop
      vertex -28.9978 74.6667 2.4
      vertex -27.9899 73.99 2.4
      vertex -28.9276 74.7613 2.4
    endloop
  endfacet
  facet normal 0 0 1
    outer loop
      vertex -27.9899 73.99 2.4
      vertex -28.9978 74.6667 2.4
      vertex -28.0822 73.8882 2.4
    endloop
  endfacet
  facet normal -0 0 1
    outer loop
      vertex -29.1086 74.4592 2.4
      vertex -28.0822 73.8882 2.4
      vertex -29.0583 74.5657 2.4
    endloop
  endfacet
  facet normal -0 0 1
    outer loop
      vertex -29.0583 74.5657 2.4
      vertex -28.0822 73.8882 2.4
      vertex -28.9978 74.6667 2.4
    endloop
  endfacet
  facet normal 0 0 1
    outer loop
      vertex 29.1086 37.5408 2.4
      vertex 28.0822 38.1119 2.4
      vertex 29.0583 37.4343 2.4
    endloop
  endfacet
  facet normal 0 0 1
    outer loop
      vertex 29.0583 37.4343 2.4
      vertex 28.0822 38.1119 2.4
      vertex 28.9978 37.3333 2.4
    endloop
  endfacet
  facet normal -0 0 1
    outer loop
      vertex 27.9899 38.0101 2.4
      vertex 28.9978 37.3333 2.4
      vertex 28.0822 38.1119 2.4
    endloop
  endfacet
  facet normal 0 0 1
    outer loop
      vertex 28.9978 37.3333 2.4
      vertex 27.9899 38.0101 2.4
      vertex 28.9276 37.2387 2.4
    endloop
  endfacet
  facet normal 0 0 1
    outer loop
      vertex 28.9276 37.2387 2.4
      vertex 27.9899 38.0101 2.4
      vertex 28.8485 37.1515 2.4
    endloop
  endfacet
  facet normal 0 0 1
    outer loop
      vertex 28.8485 37.1515 2.4
      vertex 27.9899 38.0101 2.4
      vertex 28.7613 37.0724 2.4
    endloop
  endfacet
  facet normal 0 0 1
    outer loop
      vertex 28.7613 37.0724 2.4
      vertex 27.9899 38.0101 2.4
      vertex 28.6667 37.0022 2.4
    endloop
  endfacet
  facet normal -0 0 1
    outer loop
      vertex 27.8881 37.9178 2.4
      vertex 28.6667 37.0022 2.4
      vertex 27.9899 38.0101 2.4
    endloop
  endfacet
  facet normal 0 0 1
    outer loop
      vertex 28.6667 37.0022 2.4
      vertex 27.8881 37.9178 2.4
      vertex 28.5657 36.9417 2.4
    endloop
  endfacet
  facet normal 0 0 1
    outer loop
      vertex 28.5657 36.9417 2.4
      vertex 27.8881 37.9178 2.4
      vertex 28.4592 36.8914 2.4
    endloop
  endfacet
  facet normal 0 0 1
    outer loop
      vertex 28.4592 36.8914 2.4
      vertex 27.8881 37.9178 2.4
      vertex 28.3483 36.8517 2.4
    endloop
  endfacet
  facet normal -0 0 1
    outer loop
      vertex 27.7778 37.8359 2.4
      vertex 28.3483 36.8517 2.4
      vertex 27.8881 37.9178 2.4
    endloop
  endfacet
  facet normal 0 0 1
    outer loop
      vertex 28.3483 36.8517 2.4
      vertex 27.7778 37.8359 2.4
      vertex 28.2341 36.8231 2.4
    endloop
  endfacet
  facet normal 0 0 1
    outer loop
      vertex 28.2341 36.8231 2.4
      vertex 27.7778 37.8359 2.4
      vertex 28.1176 36.8058 2.4
    endloop
  endfacet
  facet normal 0 0 1
    outer loop
      vertex 28.1176 36.8058 2.4
      vertex 27.7778 37.8359 2.4
      vertex 28 36.8 2.4
    endloop
  endfacet
  facet normal -0 0 1
    outer loop
      vertex 27.66 37.7653 2.4
      vertex 28 36.8 2.4
      vertex 27.7778 37.8359 2.4
    endloop
  endfacet
  facet normal -0 0 1
    outer loop
      vertex 27.5358 37.7066 2.4
      vertex 28 36.8 2.4
      vertex 27.66 37.7653 2.4
    endloop
  endfacet
  facet normal -0 0 1
    outer loop
      vertex 27.4064 37.6603 2.4
      vertex 28 36.8 2.4
      vertex 27.5358 37.7066 2.4
    endloop
  endfacet
  facet normal -0 0 1
    outer loop
      vertex 27.2731 37.6269 2.4
      vertex 28 36.8 2.4
      vertex 27.4064 37.6603 2.4
    endloop
  endfacet
  facet normal -0 0 1
    outer loop
      vertex 27.1372 37.6067 2.4
      vertex 28 36.8 2.4
      vertex 27.2731 37.6269 2.4
    endloop
  endfacet
  facet normal -0 0 1
    outer loop
      vertex 27 37.6 2.4
      vertex 28 36.8 2.4
      vertex 27.1372 37.6067 2.4
    endloop
  endfacet
  facet normal 0 0 1
    outer loop
      vertex 26.8628 37.6067 2.4
      vertex 28 36.8 2.4
      vertex 27 37.6 2.4
    endloop
  endfacet
  facet normal 0 0 1
    outer loop
      vertex 26.7269 37.6269 2.4
      vertex 28 36.8 2.4
      vertex 26.8628 37.6067 2.4
    endloop
  endfacet
  facet normal 0 0 1
    outer loop
      vertex 26.5936 37.6603 2.4
      vertex 28 36.8 2.4
      vertex 26.7269 37.6269 2.4
    endloop
  endfacet
  facet normal 0 0 1
    outer loop
      vertex 26.4642 37.7066 2.4
      vertex 28 36.8 2.4
      vertex 26.5936 37.6603 2.4
    endloop
  endfacet
  facet normal 0 0 1
    outer loop
      vertex 26.34 37.7653 2.4
      vertex 28 36.8 2.4
      vertex 26.4642 37.7066 2.4
    endloop
  endfacet
  facet normal 0 0 1
    outer loop
      vertex 25.6067 39.1372 2.4
      vertex -25.6 39 2.4
      vertex 25.6 39 2.4
    endloop
  endfacet
  facet normal 0 0 1
    outer loop
      vertex 25.6 39 2.4
      vertex -25.6 39 2.4
      vertex 25.6067 38.8628 2.4
    endloop
  endfacet
  facet normal 0 0 1
    outer loop
      vertex -25.6067 38.8628 2.4
      vertex 25.6067 38.8628 2.4
      vertex -25.6 39 2.4
    endloop
  endfacet
  facet normal 0 0 1
    outer loop
      vertex 25.6067 38.8628 2.4
      vertex -25.6067 38.8628 2.4
      vertex 25.6269 38.7269 2.4
    endloop
  endfacet
  facet normal 0 0 1
    outer loop
      vertex -25.6269 38.7269 2.4
      vertex 25.6269 38.7269 2.4
      vertex -25.6067 38.8628 2.4
    endloop
  endfacet
  facet normal 0 0 1
    outer loop
      vertex 25.6269 38.7269 2.4
      vertex -25.6269 38.7269 2.4
      vertex 25.6603 38.5936 2.4
    endloop
  endfacet
  facet normal 0 0 1
    outer loop
      vertex -25.6603 38.5936 2.4
      vertex 25.6603 38.5936 2.4
      vertex -25.6269 38.7269 2.4
    endloop
  endfacet
  facet normal 0 0 1
    outer loop
      vertex 25.6603 38.5936 2.4
      vertex -25.6603 38.5936 2.4
      vertex 25.7066 38.4642 2.4
    endloop
  endfacet
  facet normal 0 0 1
    outer loop
      vertex -25.7066 38.4642 2.4
      vertex 25.7066 38.4642 2.4
      vertex -25.6603 38.5936 2.4
    endloop
  endfacet
  facet normal 0 0 1
    outer loop
      vertex 25.7066 38.4642 2.4
      vertex -25.7066 38.4642 2.4
      vertex 25.7653 38.34 2.4
    endloop
  endfacet
  facet normal 0 0 1
    outer loop
      vertex -25.7653 38.34 2.4
      vertex 25.7653 38.34 2.4
      vertex -25.7066 38.4642 2.4
    endloop
  endfacet
  facet normal 0 0 1
    outer loop
      vertex 25.7653 38.34 2.4
      vertex -25.7653 38.34 2.4
      vertex 25.8359 38.2222 2.4
    endloop
  endfacet
  facet normal 0 0 1
    outer loop
      vertex -25.8359 38.2222 2.4
      vertex 25.8359 38.2222 2.4
      vertex -25.7653 38.34 2.4
    endloop
  endfacet
  facet normal 0 0 1
    outer loop
      vertex 25.8359 38.2222 2.4
      vertex -25.8359 38.2222 2.4
      vertex 25.9178 38.1119 2.4
    endloop
  endfacet
  facet normal 0 0 1
    outer loop
      vertex -25.9178 38.1119 2.4
      vertex 25.9178 38.1119 2.4
      vertex -25.8359 38.2222 2.4
    endloop
  endfacet
  facet normal 0 0 1
    outer loop
      vertex 25.9178 38.1119 2.4
      vertex -25.9178 38.1119 2.4
      vertex 26.01 38.0101 2.4
    endloop
  endfacet
  facet normal 0 0 1
    outer loop
      vertex -26.01 38.0101 2.4
      vertex 26.01 38.0101 2.4
      vertex -25.9178 38.1119 2.4
    endloop
  endfacet
  facet normal 0 0 1
    outer loop
      vertex 26.01 38.0101 2.4
      vertex -26.01 38.0101 2.4
      vertex 26.1118 37.9178 2.4
    endloop
  endfacet
  facet normal 0 0 1
    outer loop
      vertex -26.1118 37.9178 2.4
      vertex 26.1118 37.9178 2.4
      vertex -26.01 38.0101 2.4
    endloop
  endfacet
  facet normal 0 0 1
    outer loop
      vertex 26.1118 37.9178 2.4
      vertex -26.1118 37.9178 2.4
      vertex 26.2222 37.8359 2.4
    endloop
  endfacet
  facet normal 0 0 1
    outer loop
      vertex -26.2222 37.8359 2.4
      vertex 26.2222 37.8359 2.4
      vertex -26.1118 37.9178 2.4
    endloop
  endfacet
  facet normal 0 0 1
    outer loop
      vertex 26.2222 37.8359 2.4
      vertex -26.2222 37.8359 2.4
      vertex 26.34 37.7653 2.4
    endloop
  endfacet
  facet normal 0 0 1
    outer loop
      vertex -26.34 37.7653 2.4
      vertex 26.34 37.7653 2.4
      vertex -26.2222 37.8359 2.4
    endloop
  endfacet
  facet normal 0 0 1
    outer loop
      vertex 26.34 37.7653 2.4
      vertex -26.34 37.7653 2.4
      vertex 28 36.8 2.4
    endloop
  endfacet
  facet normal 0 0 1
    outer loop
      vertex -28 36.8 2.4
      vertex -26.34 37.7653 2.4
      vertex -26.4642 37.7066 2.4
    endloop
  endfacet
  facet normal 0 0 1
    outer loop
      vertex -28 36.8 2.4
      vertex -26.4642 37.7066 2.4
      vertex -26.5936 37.6603 2.4
    endloop
  endfacet
  facet normal 0 0 1
    outer loop
      vertex -28 36.8 2.4
      vertex -26.5936 37.6603 2.4
      vertex -26.7269 37.6269 2.4
    endloop
  endfacet
  facet normal 0 0 1
    outer loop
      vertex -28 36.8 2.4
      vertex -26.7269 37.6269 2.4
      vertex -26.8628 37.6067 2.4
    endloop
  endfacet
  facet normal 0 0 1
    outer loop
      vertex -28 36.8 2.4
      vertex -26.8628 37.6067 2.4
      vertex -27 37.6 2.4
    endloop
  endfacet
  facet normal 0 0 1
    outer loop
      vertex -26.34 37.7653 2.4
      vertex -28 36.8 2.4
      vertex 28 36.8 2.4
    endloop
  endfacet
  facet normal 0 0 1
    outer loop
      vertex -27.1372 37.6067 2.4
      vertex -28 36.8 2.4
      vertex -27 37.6 2.4
    endloop
  endfacet
  facet normal 0 0 1
    outer loop
      vertex -27.2731 37.6269 2.4
      vertex -28 36.8 2.4
      vertex -27.1372 37.6067 2.4
    endloop
  endfacet
  facet normal 0 0 1
    outer loop
      vertex -27.4064 37.6603 2.4
      vertex -28 36.8 2.4
      vertex -27.2731 37.6269 2.4
    endloop
  endfacet
  facet normal 0 0 1
    outer loop
      vertex -27.5358 37.7066 2.4
      vertex -28 36.8 2.4
      vertex -27.4064 37.6603 2.4
    endloop
  endfacet
  facet normal 0 0 1
    outer loop
      vertex -27.66 37.7653 2.4
      vertex -28 36.8 2.4
      vertex -27.5358 37.7066 2.4
    endloop
  endfacet
  facet normal 0 0 1
    outer loop
      vertex -27.7778 37.8359 2.4
      vertex -28 36.8 2.4
      vertex -27.66 37.7653 2.4
    endloop
  endfacet
  facet normal 0 0 1
    outer loop
      vertex -28.3483 36.8517 2.4
      vertex -27.7778 37.8359 2.4
      vertex -27.8881 37.9178 2.4
    endloop
  endfacet
  facet normal 0 0 1
    outer loop
      vertex -28.6667 37.0022 2.4
      vertex -27.8881 37.9178 2.4
      vertex -27.9899 38.0101 2.4
    endloop
  endfacet
  facet normal 0 0 1
    outer loop
      vertex -28.9978 37.3333 2.4
      vertex -27.9899 38.0101 2.4
      vertex -28.0822 38.1119 2.4
    endloop
  endfacet
  facet normal 0 0 1
    outer loop
      vertex -27.7778 37.8359 2.4
      vertex -28.1176 36.8058 2.4
      vertex -28 36.8 2.4
    endloop
  endfacet
  facet normal 0 0 1
    outer loop
      vertex -29.1483 37.6517 2.4
      vertex -28.0822 38.1119 2.4
      vertex -28.1641 38.2222 2.4
    endloop
  endfacet
  facet normal 0 0 1
    outer loop
      vertex -27.7778 37.8359 2.4
      vertex -28.2341 36.8231 2.4
      vertex -28.1176 36.8058 2.4
    endloop
  endfacet
  facet normal 0 0 1
    outer loop
      vertex -29.2 38 2.4
      vertex -28.1641 38.2222 2.4
      vertex -28.2347 38.34 2.4
    endloop
  endfacet
  facet normal 0 0 1
    outer loop
      vertex -29.2 38 2.4
      vertex -28.2347 38.34 2.4
      vertex -28.2934 38.4642 2.4
    endloop
  endfacet
  facet normal 0 0 1
    outer loop
      vertex -29.2 38 2.4
      vertex -28.2934 38.4642 2.4
      vertex -28.3397 38.5936 2.4
    endloop
  endfacet
  facet normal 0 0 1
    outer loop
      vertex -27.7778 37.8359 2.4
      vertex -28.3483 36.8517 2.4
      vertex -28.2341 36.8231 2.4
    endloop
  endfacet
  facet normal 0 0 1
    outer loop
      vertex -29.2 38 2.4
      vertex -28.3397 38.5936 2.4
      vertex -28.3731 38.7269 2.4
    endloop
  endfacet
  facet normal 0 0 1
    outer loop
      vertex -29.2 38 2.4
      vertex -28.3731 38.7269 2.4
      vertex -28.3933 38.8628 2.4
    endloop
  endfacet
  facet normal 0 0 1
    outer loop
      vertex -29.2 38 2.4
      vertex -28.3933 38.8628 2.4
      vertex -28.4 39 2.4
    endloop
  endfacet
  facet normal 0 0 1
    outer loop
      vertex -27.8881 37.9178 2.4
      vertex -28.4592 36.8914 2.4
      vertex -28.3483 36.8517 2.4
    endloop
  endfacet
  facet normal 0 0 1
    outer loop
      vertex -28.3731 39.2731 2.4
      vertex -29.2 38 2.4
      vertex -28.3933 39.1372 2.4
    endloop
  endfacet
  facet normal -0 0 1
    outer loop
      vertex -29.1483 74.3483 2.4
      vertex -28.0822 73.8882 2.4
      vertex -29.1086 74.4592 2.4
    endloop
  endfacet
  facet normal 0 0 1
    outer loop
      vertex -28.3933 39.1372 2.4
      vertex -29.2 38 2.4
      vertex -28.4 39 2.4
    endloop
  endfacet
  facet normal 0 0 1
    outer loop
      vertex -28.0822 73.8882 2.4
      vertex -29.1483 74.3483 2.4
      vertex -28.1641 73.7778 2.4
    endloop
  endfacet
  facet normal 0 0 1
    outer loop
      vertex -28.1641 38.2222 2.4
      vertex -29.2 38 2.4
      vertex -29.1942 37.8824 2.4
    endloop
  endfacet
  facet normal -0 0 1
    outer loop
      vertex -29.1769 74.2341 2.4
      vertex -28.1641 73.7778 2.4
      vertex -29.1483 74.3483 2.4
    endloop
  endfacet
  facet normal 0 0 1
    outer loop
      vertex -27.8881 37.9178 2.4
      vertex -28.5657 36.9417 2.4
      vertex -28.4592 36.8914 2.4
    endloop
  endfacet
  facet normal -0 0 1
    outer loop
      vertex -29.1942 74.1176 2.4
      vertex -28.1641 73.7778 2.4
      vertex -29.1769 74.2341 2.4
    endloop
  endfacet
  facet normal 0 0 1
    outer loop
      vertex -27.8881 37.9178 2.4
      vertex -28.6667 37.0022 2.4
      vertex -28.5657 36.9417 2.4
    endloop
  endfacet
  facet normal -0 0 1
    outer loop
      vertex -29.2 74 2.4
      vertex -28.1641 73.7778 2.4
      vertex -29.1942 74.1176 2.4
    endloop
  endfacet
  facet normal 0 0 1
    outer loop
      vertex -27.9899 38.0101 2.4
      vertex -28.7613 37.0724 2.4
      vertex -28.6667 37.0022 2.4
    endloop
  endfacet
  facet normal 0 0 1
    outer loop
      vertex -28.1641 73.7778 2.4
      vertex -29.2 74 2.4
      vertex -28.2347 73.66 2.4
    endloop
  endfacet
  facet normal 0 0 1
    outer loop
      vertex -27.9899 38.0101 2.4
      vertex -28.8485 37.1515 2.4
      vertex -28.7613 37.0724 2.4
    endloop
  endfacet
  facet normal 0 0 1
    outer loop
      vertex -28.2347 73.66 2.4
      vertex -29.2 74 2.4
      vertex -28.2934 73.5358 2.4
    endloop
  endfacet
  facet normal 0 0 1
    outer loop
      vertex -27.9899 38.0101 2.4
      vertex -28.9276 37.2387 2.4
      vertex -28.8485 37.1515 2.4
    endloop
  endfacet
  facet normal 0 0 1
    outer loop
      vertex -28.2934 73.5358 2.4
      vertex -29.2 74 2.4
      vertex -28.3397 73.4064 2.4
    endloop
  endfacet
  facet normal 0 0 1
    outer loop
      vertex -27.9899 38.0101 2.4
      vertex -28.9978 37.3333 2.4
      vertex -28.9276 37.2387 2.4
    endloop
  endfacet
  facet normal 0 0 1
    outer loop
      vertex -28.3397 73.4064 2.4
      vertex -29.2 74 2.4
      vertex -28.3731 73.2731 2.4
    endloop
  endfacet
  facet normal 0 0 1
    outer loop
      vertex -28.0822 38.1119 2.4
      vertex -29.0583 37.4343 2.4
      vertex -28.9978 37.3333 2.4
    endloop
  endfacet
  facet normal 0 0 1
    outer loop
      vertex -28.3731 73.2731 2.4
      vertex -29.2 74 2.4
      vertex -28.3933 73.1372 2.4
    endloop
  endfacet
  facet normal 0 0 1
    outer loop
      vertex -28.0822 38.1119 2.4
      vertex -29.1086 37.5408 2.4
      vertex -29.0583 37.4343 2.4
    endloop
  endfacet
  facet normal 0 0 1
    outer loop
      vertex -28.3933 73.1372 2.4
      vertex -29.2 74 2.4
      vertex -28.4 73 2.4
    endloop
  endfacet
  facet normal 0 0 1
    outer loop
      vertex -28.0822 38.1119 2.4
      vertex -29.1483 37.6517 2.4
      vertex -29.1086 37.5408 2.4
    endloop
  endfacet
  facet normal 0 0 1
    outer loop
      vertex -28.1641 38.2222 2.4
      vertex -29.1769 37.7659 2.4
      vertex -29.1483 37.6517 2.4
    endloop
  endfacet
  facet normal 0 0 1
    outer loop
      vertex -28.1641 38.2222 2.4
      vertex -29.1942 37.8824 2.4
      vertex -29.1769 37.7659 2.4
    endloop
  endfacet
  facet normal 0 0 1
    outer loop
      vertex 30.3654 74.9512 2.4
      vertex 33 75 2.4
      vertex 32.9807 75.3921 2.4
    endloop
  endfacet
  facet normal 0 0 1
    outer loop
      vertex 33 75 2.4
      vertex 30.4 74.6 2.4
      vertex 33 37 2.4
    endloop
  endfacet
  facet normal 0 0 1
    outer loop
      vertex 30.3225 75.1225 2.4
      vertex 32.9807 75.3921 2.4
      vertex 32.9231 75.7803 2.4
    endloop
  endfacet
  facet normal -0 0 1
    outer loop
      vertex 30.4 37.4 2.4
      vertex 33 37 2.4
      vertex 30.4 74.6 2.4
    endloop
  endfacet
  facet normal 0 0 1
    outer loop
      vertex 30.3225 75.1225 2.4
      vertex 32.9231 75.7803 2.4
      vertex 32.8278 76.1611 2.4
    endloop
  endfacet
  facet normal -0 0 1
    outer loop
      vertex 30.3913 37.2236 2.4
      vertex 33 37 2.4
      vertex 30.4 37.4 2.4
    endloop
  endfacet
  facet normal 0 0 1
    outer loop
      vertex 30.263 75.2888 2.4
      vertex 32.8278 76.1611 2.4
      vertex 32.6955 76.5307 2.4
    endloop
  endfacet
  facet normal -0 0 1
    outer loop
      vertex 30.3654 37.0488 2.4
      vertex 33 37 2.4
      vertex 30.3913 37.2236 2.4
    endloop
  endfacet
  facet normal 0 0 1
    outer loop
      vertex 30.1875 75.4485 2.4
      vertex 32.6955 76.5307 2.4
      vertex 32.5277 76.8856 2.4
    endloop
  endfacet
  facet normal 0 0 1
    outer loop
      vertex 33 37 2.4
      vertex 30.3654 37.0488 2.4
      vertex 32.9807 36.6079 2.4
    endloop
  endfacet
  facet normal 0 0 1
    outer loop
      vertex 30.0966 75.6 2.4
      vertex 32.5277 76.8856 2.4
      vertex 32.3259 77.2223 2.4
    endloop
  endfacet
  facet normal -0 0 1
    outer loop
      vertex 30.3225 36.8775 2.4
      vertex 32.9807 36.6079 2.4
      vertex 30.3654 37.0488 2.4
    endloop
  endfacet
  facet normal 0 0 1
    outer loop
      vertex 29.9914 75.7419 2.4
      vertex 32.3259 77.2223 2.4
      vertex 32.092 77.5376 2.4
    endloop
  endfacet
  facet normal 0 0 1
    outer loop
      vertex 32.9807 36.6079 2.4
      vertex 30.3225 36.8775 2.4
      vertex 32.9231 36.2197 2.4
    endloop
  endfacet
  facet normal 0 0 1
    outer loop
      vertex 29.8728 75.8728 2.4
      vertex 32.092 77.5376 2.4
      vertex 31.8284 77.8284 2.4
    endloop
  endfacet
  facet normal 0 0 1
    outer loop
      vertex 32.9231 36.2197 2.4
      vertex 30.3225 36.8775 2.4
      vertex 32.8278 35.8389 2.4
    endloop
  endfacet
  facet normal 0 0 1
    outer loop
      vertex 29.8728 75.8728 2.4
      vertex 31.8284 77.8284 2.4
      vertex 31.5376 78.092 2.4
    endloop
  endfacet
  facet normal -0 0 1
    outer loop
      vertex 30.263 36.7112 2.4
      vertex 32.8278 35.8389 2.4
      vertex 30.3225 36.8775 2.4
    endloop
  endfacet
  facet normal 0 0 1
    outer loop
      vertex 29.7419 75.9914 2.4
      vertex 31.5376 78.092 2.4
      vertex 31.2223 78.3259 2.4
    endloop
  endfacet
  facet normal 0 0 1
    outer loop
      vertex 32.8278 35.8389 2.4
      vertex 30.263 36.7112 2.4
      vertex 32.6955 35.4693 2.4
    endloop
  endfacet
  facet normal 0 0 1
    outer loop
      vertex 29.6 76.0966 2.4
      vertex 31.2223 78.3259 2.4
      vertex 30.8856 78.5277 2.4
    endloop
  endfacet
  facet normal -0 0 1
    outer loop
      vertex 30.1875 36.5515 2.4
      vertex 32.6955 35.4693 2.4
      vertex 30.263 36.7112 2.4
    endloop
  endfacet
  facet normal 0 0 1
    outer loop
      vertex 29.4485 76.1875 2.4
      vertex 30.8856 78.5277 2.4
      vertex 30.5307 78.6955 2.4
    endloop
  endfacet
  facet normal 0 0 1
    outer loop
      vertex 32.6955 35.4693 2.4
      vertex 30.1875 36.5515 2.4
      vertex 32.5277 35.1144 2.4
    endloop
  endfacet
  facet normal -0 0 1
    outer loop
      vertex 30.0966 36.4 2.4
      vertex 32.5277 35.1144 2.4
      vertex 30.1875 36.5515 2.4
    endloop
  endfacet
  facet normal 0 0 1
    outer loop
      vertex 33 75 2.4
      vertex 30.3913 74.7764 2.4
      vertex 30.4 74.6 2.4
    endloop
  endfacet
  facet normal 0 0 1
    outer loop
      vertex 33 75 2.4
      vertex 30.3654 74.9512 2.4
      vertex 30.3913 74.7764 2.4
    endloop
  endfacet
  facet normal 0 0 1
    outer loop
      vertex 32.9807 75.3921 2.4
      vertex 30.3225 75.1225 2.4
      vertex 30.3654 74.9512 2.4
    endloop
  endfacet
  facet normal 0 0 1
    outer loop
      vertex 32.8278 76.1611 2.4
      vertex 30.263 75.2888 2.4
      vertex 30.3225 75.1225 2.4
    endloop
  endfacet
  facet normal 0 0 1
    outer loop
      vertex 32.6955 76.5307 2.4
      vertex 30.1875 75.4485 2.4
      vertex 30.263 75.2888 2.4
    endloop
  endfacet
  facet normal 0 0 1
    outer loop
      vertex 29.2888 76.263 2.4
      vertex 30.5307 78.6955 2.4
      vertex 30.1611 78.8278 2.4
    endloop
  endfacet
  facet normal 0 0 1
    outer loop
      vertex 32.5277 76.8856 2.4
      vertex 30.0966 75.6 2.4
      vertex 30.1875 75.4485 2.4
    endloop
  endfacet
  facet normal 0 0 1
    outer loop
      vertex 32.3259 77.2223 2.4
      vertex 29.9914 75.7419 2.4
      vertex 30.0966 75.6 2.4
    endloop
  endfacet
  facet normal 0 0 1
    outer loop
      vertex 32.092 77.5376 2.4
      vertex 29.8728 75.8728 2.4
      vertex 29.9914 75.7419 2.4
    endloop
  endfacet
  facet normal 0 0 1
    outer loop
      vertex 29.1225 76.3225 2.4
      vertex 30.1611 78.8278 2.4
      vertex 29.7803 78.9231 2.4
    endloop
  endfacet
  facet normal 0 0 1
    outer loop
      vertex 31.5376 78.092 2.4
      vertex 29.7419 75.9914 2.4
      vertex 29.8728 75.8728 2.4
    endloop
  endfacet
  facet normal 0 0 1
    outer loop
      vertex 31.2223 78.3259 2.4
      vertex 29.6 76.0966 2.4
      vertex 29.7419 75.9914 2.4
    endloop
  endfacet
  facet normal 0 0 1
    outer loop
      vertex 30.8856 78.5277 2.4
      vertex 29.4485 76.1875 2.4
      vertex 29.6 76.0966 2.4
    endloop
  endfacet
  facet normal 0 0 1
    outer loop
      vertex 29.1225 76.3225 2.4
      vertex 29.7803 78.9231 2.4
      vertex 29.3921 78.9807 2.4
    endloop
  endfacet
  facet normal 0 0 1
    outer loop
      vertex 30.5307 78.6955 2.4
      vertex 29.2888 76.263 2.4
      vertex 29.4485 76.1875 2.4
    endloop
  endfacet
  facet normal 0 0 1
    outer loop
      vertex 30.1611 78.8278 2.4
      vertex 29.1225 76.3225 2.4
      vertex 29.2888 76.263 2.4
    endloop
  endfacet
  facet normal 0 0 1
    outer loop
      vertex 28.9512 76.3654 2.4
      vertex 29.3921 78.9807 2.4
      vertex 29 79 2.4
    endloop
  endfacet
  facet normal 0 0 1
    outer loop
      vertex 29.3921 78.9807 2.4
      vertex 28.9512 76.3654 2.4
      vertex 29.1225 76.3225 2.4
    endloop
  endfacet
  facet normal 0 0 1
    outer loop
      vertex 29 79 2.4
      vertex 28.7764 76.3913 2.4
      vertex 28.9512 76.3654 2.4
    endloop
  endfacet
  facet normal 0 0 1
    outer loop
      vertex 29 79 2.4
      vertex 28.6 76.4 2.4
      vertex 28.7764 76.3913 2.4
    endloop
  endfacet
  facet normal 0 0 1
    outer loop
      vertex 29 79 2.4
      vertex -28.6 76.4 2.4
      vertex 28.6 76.4 2.4
    endloop
  endfacet
  facet normal -0 0 1
    outer loop
      vertex -29 79 2.4
      vertex -28.6 76.4 2.4
      vertex 29 79 2.4
    endloop
  endfacet
  facet normal 0 0 1
    outer loop
      vertex -29 79 2.4
      vertex -28.7764 76.3913 2.4
      vertex -28.6 76.4 2.4
    endloop
  endfacet
  facet normal 0 0 1
    outer loop
      vertex -29 79 2.4
      vertex -28.9512 76.3654 2.4
      vertex -28.7764 76.3913 2.4
    endloop
  endfacet
  facet normal -0 0 1
    outer loop
      vertex -29.3921 78.9807 2.4
      vertex -28.9512 76.3654 2.4
      vertex -29 79 2.4
    endloop
  endfacet
  facet normal 0 0 1
    outer loop
      vertex -28.9512 76.3654 2.4
      vertex -29.3921 78.9807 2.4
      vertex -29.1225 76.3225 2.4
    endloop
  endfacet
  facet normal -0 0 1
    outer loop
      vertex -29.7803 78.9231 2.4
      vertex -29.1225 76.3225 2.4
      vertex -29.3921 78.9807 2.4
    endloop
  endfacet
  facet normal -0 0 1
    outer loop
      vertex -30.1611 78.8278 2.4
      vertex -29.1225 76.3225 2.4
      vertex -29.7803 78.9231 2.4
    endloop
  endfacet
  facet normal 0 0 1
    outer loop
      vertex -29.1225 76.3225 2.4
      vertex -30.1611 78.8278 2.4
      vertex -29.2888 76.263 2.4
    endloop
  endfacet
  facet normal -0 0 1
    outer loop
      vertex -30.5307 78.6955 2.4
      vertex -29.2888 76.263 2.4
      vertex -30.1611 78.8278 2.4
    endloop
  endfacet
  facet normal 0 0 1
    outer loop
      vertex -29.2888 76.263 2.4
      vertex -30.5307 78.6955 2.4
      vertex -29.4485 76.1875 2.4
    endloop
  endfacet
  facet normal -0 0 1
    outer loop
      vertex -30.8856 78.5277 2.4
      vertex -29.4485 76.1875 2.4
      vertex -30.5307 78.6955 2.4
    endloop
  endfacet
  facet normal 0 0 1
    outer loop
      vertex -29.4485 76.1875 2.4
      vertex -30.8856 78.5277 2.4
      vertex -29.6 76.0966 2.4
    endloop
  endfacet
  facet normal -0 0 1
    outer loop
      vertex -31.2223 78.3259 2.4
      vertex -29.6 76.0966 2.4
      vertex -30.8856 78.5277 2.4
    endloop
  endfacet
  facet normal 0 0 1
    outer loop
      vertex -29.6 76.0966 2.4
      vertex -31.2223 78.3259 2.4
      vertex -29.7419 75.9914 2.4
    endloop
  endfacet
  facet normal -0 0 1
    outer loop
      vertex -31.5376 78.092 2.4
      vertex -29.7419 75.9914 2.4
      vertex -31.2223 78.3259 2.4
    endloop
  endfacet
  facet normal 0 0 1
    outer loop
      vertex -29.7419 75.9914 2.4
      vertex -31.5376 78.092 2.4
      vertex -29.8728 75.8728 2.4
    endloop
  endfacet
  facet normal -0 0 1
    outer loop
      vertex -31.8284 77.8284 2.4
      vertex -29.8728 75.8728 2.4
      vertex -31.5376 78.092 2.4
    endloop
  endfacet
  facet normal -0 0 1
    outer loop
      vertex -32.092 77.5376 2.4
      vertex -29.8728 75.8728 2.4
      vertex -31.8284 77.8284 2.4
    endloop
  endfacet
  facet normal 0 0 1
    outer loop
      vertex -29.8728 75.8728 2.4
      vertex -32.092 77.5376 2.4
      vertex -29.9914 75.7419 2.4
    endloop
  endfacet
  facet normal -0 0 1
    outer loop
      vertex -32.5277 76.8856 2.4
      vertex -30.0966 75.6 2.4
      vertex -32.3259 77.2223 2.4
    endloop
  endfacet
  facet normal 0 0 1
    outer loop
      vertex -29.9914 75.7419 2.4
      vertex -32.3259 77.2223 2.4
      vertex -30.0966 75.6 2.4
    endloop
  endfacet
  facet normal -0 0 1
    outer loop
      vertex -32.3259 77.2223 2.4
      vertex -29.9914 75.7419 2.4
      vertex -32.092 77.5376 2.4
    endloop
  endfacet
  facet normal 0 0 1
    outer loop
      vertex 32.5277 35.1144 2.4
      vertex 30.0966 36.4 2.4
      vertex 32.3259 34.7777 2.4
    endloop
  endfacet
  facet normal -0 0 1
    outer loop
      vertex 29.9914 36.2581 2.4
      vertex 32.3259 34.7777 2.4
      vertex 30.0966 36.4 2.4
    endloop
  endfacet
  facet normal 0 0 1
    outer loop
      vertex 32.3259 34.7777 2.4
      vertex 29.9914 36.2581 2.4
      vertex 32.092 34.4624 2.4
    endloop
  endfacet
  facet normal -0 0 1
    outer loop
      vertex 29.8728 36.1272 2.4
      vertex 32.092 34.4624 2.4
      vertex 29.9914 36.2581 2.4
    endloop
  endfacet
  facet normal 0 0 1
    outer loop
      vertex 32.092 34.4624 2.4
      vertex 29.8728 36.1272 2.4
      vertex 31.8284 34.1716 2.4
    endloop
  endfacet
  facet normal 0 0 1
    outer loop
      vertex 31.8284 34.1716 2.4
      vertex 29.8728 36.1272 2.4
      vertex 31.5376 33.908 2.4
    endloop
  endfacet
  facet normal -0 0 1
    outer loop
      vertex 29.7419 36.0086 2.4
      vertex 31.5376 33.908 2.4
      vertex 29.8728 36.1272 2.4
    endloop
  endfacet
  facet normal 0 0 1
    outer loop
      vertex 31.5376 33.908 2.4
      vertex 29.7419 36.0086 2.4
      vertex 31.2223 33.6741 2.4
    endloop
  endfacet
  facet normal -0 0 1
    outer loop
      vertex 29.6 35.9034 2.4
      vertex 31.2223 33.6741 2.4
      vertex 29.7419 36.0086 2.4
    endloop
  endfacet
  facet normal 0 0 1
    outer loop
      vertex 31.2223 33.6741 2.4
      vertex 29.6 35.9034 2.4
      vertex 30.8856 33.4723 2.4
    endloop
  endfacet
  facet normal -0 0 1
    outer loop
      vertex 29.4485 35.8125 2.4
      vertex 30.8856 33.4723 2.4
      vertex 29.6 35.9034 2.4
    endloop
  endfacet
  facet normal 0 0 1
    outer loop
      vertex 30.8856 33.4723 2.4
      vertex 29.4485 35.8125 2.4
      vertex 30.5307 33.3045 2.4
    endloop
  endfacet
  facet normal -0 0 1
    outer loop
      vertex 29.2888 35.737 2.4
      vertex 30.5307 33.3045 2.4
      vertex 29.4485 35.8125 2.4
    endloop
  endfacet
  facet normal 0 0 1
    outer loop
      vertex 30.5307 33.3045 2.4
      vertex 29.2888 35.737 2.4
      vertex 30.1611 33.1722 2.4
    endloop
  endfacet
  facet normal -0 0 1
    outer loop
      vertex 29.1225 35.6775 2.4
      vertex 30.1611 33.1722 2.4
      vertex 29.2888 35.737 2.4
    endloop
  endfacet
  facet normal 0 0 1
    outer loop
      vertex 30.1611 33.1722 2.4
      vertex 29.1225 35.6775 2.4
      vertex 29.7803 33.0769 2.4
    endloop
  endfacet
  facet normal 0 0 1
    outer loop
      vertex 29.7803 33.0769 2.4
      vertex 29.1225 35.6775 2.4
      vertex 29.3921 33.0193 2.4
    endloop
  endfacet
  facet normal -0 0 1
    outer loop
      vertex 28.9512 35.6346 2.4
      vertex 29.3921 33.0193 2.4
      vertex 29.1225 35.6775 2.4
    endloop
  endfacet
  facet normal 0 0 1
    outer loop
      vertex 29.3921 33.0193 2.4
      vertex 28.9512 35.6346 2.4
      vertex 29 33 2.4
    endloop
  endfacet
  facet normal -0 0 1
    outer loop
      vertex 28.7764 35.6087 2.4
      vertex 29 33 2.4
      vertex 28.9512 35.6346 2.4
    endloop
  endfacet
  facet normal -0 0 1
    outer loop
      vertex 28.6 35.6 2.4
      vertex 29 33 2.4
      vertex 28.7764 35.6087 2.4
    endloop
  endfacet
  facet normal -0 0 1
    outer loop
      vertex -28.6 35.6 2.4
      vertex 29 33 2.4
      vertex 28.6 35.6 2.4
    endloop
  endfacet
  facet normal 0 0 1
    outer loop
      vertex -28.6 35.6 2.4
      vertex -29 33 2.4
      vertex 29 33 2.4
    endloop
  endfacet
  facet normal 0 0 1
    outer loop
      vertex -28.7764 35.6087 2.4
      vertex -29 33 2.4
      vertex -28.6 35.6 2.4
    endloop
  endfacet
  facet normal 0 0 1
    outer loop
      vertex -28.9512 35.6346 2.4
      vertex -29 33 2.4
      vertex -28.7764 35.6087 2.4
    endloop
  endfacet
  facet normal 0 0 1
    outer loop
      vertex -29.3921 33.0193 2.4
      vertex -28.9512 35.6346 2.4
      vertex -29.1225 35.6775 2.4
    endloop
  endfacet
  facet normal 0 0 1
    outer loop
      vertex -30.1611 33.1722 2.4
      vertex -29.1225 35.6775 2.4
      vertex -29.2888 35.737 2.4
    endloop
  endfacet
  facet normal 0 0 1
    outer loop
      vertex -28.9512 35.6346 2.4
      vertex -29.3921 33.0193 2.4
      vertex -29 33 2.4
    endloop
  endfacet
  facet normal 0 0 1
    outer loop
      vertex -30.5307 33.3045 2.4
      vertex -29.2888 35.737 2.4
      vertex -29.4485 35.8125 2.4
    endloop
  endfacet
  facet normal 0 0 1
    outer loop
      vertex -30.8856 33.4723 2.4
      vertex -29.4485 35.8125 2.4
      vertex -29.6 35.9034 2.4
    endloop
  endfacet
  facet normal 0 0 1
    outer loop
      vertex -31.2223 33.6741 2.4
      vertex -29.6 35.9034 2.4
      vertex -29.7419 36.0086 2.4
    endloop
  endfacet
  facet normal 0 0 1
    outer loop
      vertex -29.1225 35.6775 2.4
      vertex -29.7803 33.0769 2.4
      vertex -29.3921 33.0193 2.4
    endloop
  endfacet
  facet normal 0 0 1
    outer loop
      vertex -31.5376 33.908 2.4
      vertex -29.7419 36.0086 2.4
      vertex -29.8728 36.1272 2.4
    endloop
  endfacet
  facet normal 0 0 1
    outer loop
      vertex -32.092 34.4624 2.4
      vertex -29.8728 36.1272 2.4
      vertex -29.9914 36.2581 2.4
    endloop
  endfacet
  facet normal 0 0 1
    outer loop
      vertex -32.3259 34.7777 2.4
      vertex -29.9914 36.2581 2.4
      vertex -30.0966 36.4 2.4
    endloop
  endfacet
  facet normal 0 0 1
    outer loop
      vertex -29.1225 35.6775 2.4
      vertex -30.1611 33.1722 2.4
      vertex -29.7803 33.0769 2.4
    endloop
  endfacet
  facet normal 0 0 1
    outer loop
      vertex -32.5277 35.1144 2.4
      vertex -30.0966 36.4 2.4
      vertex -30.1875 36.5515 2.4
    endloop
  endfacet
  facet normal 0 0 1
    outer loop
      vertex -32.6955 35.4693 2.4
      vertex -30.1875 36.5515 2.4
      vertex -30.263 36.7112 2.4
    endloop
  endfacet
  facet normal 0 0 1
    outer loop
      vertex -32.8278 35.8389 2.4
      vertex -30.263 36.7112 2.4
      vertex -30.3225 36.8775 2.4
    endloop
  endfacet
  facet normal 0 0 1
    outer loop
      vertex -32.9807 36.6079 2.4
      vertex -30.3225 36.8775 2.4
      vertex -30.3654 37.0488 2.4
    endloop
  endfacet
  facet normal 0 0 1
    outer loop
      vertex -33 37 2.4
      vertex -30.3654 37.0488 2.4
      vertex -30.3913 37.2236 2.4
    endloop
  endfacet
  facet normal 0 0 1
    outer loop
      vertex -29.2888 35.737 2.4
      vertex -30.5307 33.3045 2.4
      vertex -30.1611 33.1722 2.4
    endloop
  endfacet
  facet normal 0 0 1
    outer loop
      vertex -33 37 2.4
      vertex -30.3913 37.2236 2.4
      vertex -30.4 37.4 2.4
    endloop
  endfacet
  facet normal 0 0 1
    outer loop
      vertex -30.4 74.6 2.4
      vertex -33 75 2.4
      vertex -30.4 37.4 2.4
    endloop
  endfacet
  facet normal 0 0 1
    outer loop
      vertex -30.0966 75.6 2.4
      vertex -32.5277 76.8856 2.4
      vertex -30.1875 75.4485 2.4
    endloop
  endfacet
  facet normal 0 0 1
    outer loop
      vertex -33 37 2.4
      vertex -30.4 37.4 2.4
      vertex -33 75 2.4
    endloop
  endfacet
  facet normal -0 0 1
    outer loop
      vertex -32.6955 76.5307 2.4
      vertex -30.1875 75.4485 2.4
      vertex -32.5277 76.8856 2.4
    endloop
  endfacet
  facet normal 0 0 1
    outer loop
      vertex -30.3654 37.0488 2.4
      vertex -33 37 2.4
      vertex -32.9807 36.6079 2.4
    endloop
  endfacet
  facet normal 0 0 1
    outer loop
      vertex -30.1875 75.4485 2.4
      vertex -32.6955 76.5307 2.4
      vertex -30.263 75.2888 2.4
    endloop
  endfacet
  facet normal 0 0 1
    outer loop
      vertex -29.4485 35.8125 2.4
      vertex -30.8856 33.4723 2.4
      vertex -30.5307 33.3045 2.4
    endloop
  endfacet
  facet normal -0 0 1
    outer loop
      vertex -32.8278 76.1611 2.4
      vertex -30.263 75.2888 2.4
      vertex -32.6955 76.5307 2.4
    endloop
  endfacet
  facet normal 0 0 1
    outer loop
      vertex -29.6 35.9034 2.4
      vertex -31.2223 33.6741 2.4
      vertex -30.8856 33.4723 2.4
    endloop
  endfacet
  facet normal 0 0 1
    outer loop
      vertex -30.263 75.2888 2.4
      vertex -32.8278 76.1611 2.4
      vertex -30.3225 75.1225 2.4
    endloop
  endfacet
  facet normal 0 0 1
    outer loop
      vertex -29.7419 36.0086 2.4
      vertex -31.5376 33.908 2.4
      vertex -31.2223 33.6741 2.4
    endloop
  endfacet
  facet normal -0 0 1
    outer loop
      vertex -32.9231 75.7803 2.4
      vertex -30.3225 75.1225 2.4
      vertex -32.8278 76.1611 2.4
    endloop
  endfacet
  facet normal 0 0 1
    outer loop
      vertex -29.8728 36.1272 2.4
      vertex -31.8284 34.1716 2.4
      vertex -31.5376 33.908 2.4
    endloop
  endfacet
  facet normal -0 0 1
    outer loop
      vertex -32.9807 75.3921 2.4
      vertex -30.3225 75.1225 2.4
      vertex -32.9231 75.7803 2.4
    endloop
  endfacet
  facet normal 0 0 1
    outer loop
      vertex -29.8728 36.1272 2.4
      vertex -32.092 34.4624 2.4
      vertex -31.8284 34.1716 2.4
    endloop
  endfacet
  facet normal 0 0 1
    outer loop
      vertex -30.3225 75.1225 2.4
      vertex -32.9807 75.3921 2.4
      vertex -30.3654 74.9512 2.4
    endloop
  endfacet
  facet normal 0 0 1
    outer loop
      vertex -29.9914 36.2581 2.4
      vertex -32.3259 34.7777 2.4
      vertex -32.092 34.4624 2.4
    endloop
  endfacet
  facet normal -0 0 1
    outer loop
      vertex -33 75 2.4
      vertex -30.3654 74.9512 2.4
      vertex -32.9807 75.3921 2.4
    endloop
  endfacet
  facet normal 0 0 1
    outer loop
      vertex -30.0966 36.4 2.4
      vertex -32.5277 35.1144 2.4
      vertex -32.3259 34.7777 2.4
    endloop
  endfacet
  facet normal 0 0 1
    outer loop
      vertex -30.3654 74.9512 2.4
      vertex -33 75 2.4
      vertex -30.3913 74.7764 2.4
    endloop
  endfacet
  facet normal 0 0 1
    outer loop
      vertex -30.1875 36.5515 2.4
      vertex -32.6955 35.4693 2.4
      vertex -32.5277 35.1144 2.4
    endloop
  endfacet
  facet normal 0 0 1
    outer loop
      vertex -30.3913 74.7764 2.4
      vertex -33 75 2.4
      vertex -30.4 74.6 2.4
    endloop
  endfacet
  facet normal 0 0 1
    outer loop
      vertex -30.263 36.7112 2.4
      vertex -32.8278 35.8389 2.4
      vertex -32.6955 35.4693 2.4
    endloop
  endfacet
  facet normal 0 0 1
    outer loop
      vertex -30.3225 36.8775 2.4
      vertex -32.9231 36.2197 2.4
      vertex -32.8278 35.8389 2.4
    endloop
  endfacet
  facet normal 0 0 1
    outer loop
      vertex -30.3225 36.8775 2.4
      vertex -32.9807 36.6079 2.4
      vertex -32.9231 36.2197 2.4
    endloop
  endfacet
  facet normal -0.42744 0.904044 0
    outer loop
      vertex -30.5307 78.6955 3.8147e-07
      vertex -30.8856 78.5277 2.4
      vertex -30.5307 78.6955 2.4
    endloop
  endfacet
  facet normal -0.42744 0.904044 0
    outer loop
      vertex -30.8856 78.5277 2.4
      vertex -30.5307 78.6955 3.8147e-07
      vertex -30.8856 78.5277 3.8147e-07
    endloop
  endfacet
  facet normal -0.337014 0.9415 0
    outer loop
      vertex -30.1611 78.8278 3.8147e-07
      vertex -30.5307 78.6955 2.4
      vertex -30.1611 78.8278 2.4
    endloop
  endfacet
  facet normal -0.337014 0.9415 0
    outer loop
      vertex -30.5307 78.6955 2.4
      vertex -30.1611 78.8278 3.8147e-07
      vertex -30.5307 78.6955 3.8147e-07
    endloop
  endfacet
  facet normal -0.740908 0.671607 0
    outer loop
      vertex -32.092 77.5376 3.8147e-07
      vertex -31.8284 77.8284 2.4
      vertex -31.8284 77.8284 3.8147e-07
    endloop
  endfacet
  facet normal -0.740908 0.671607 0
    outer loop
      vertex -31.8284 77.8284 2.4
      vertex -32.092 77.5376 3.8147e-07
      vertex -32.092 77.5376 2.4
    endloop
  endfacet
  facet normal -0.42744 -0.904044 0
    outer loop
      vertex -30.8856 33.4723 3.8147e-07
      vertex -30.5307 33.3045 2.4
      vertex -30.8856 33.4723 2.4
    endloop
  endfacet
  facet normal -0.42744 -0.904044 -0
    outer loop
      vertex -30.5307 33.3045 2.4
      vertex -30.8856 33.4723 3.8147e-07
      vertex -30.5307 33.3045 3.8147e-07
    endloop
  endfacet
  facet normal 0 0 -1
    outer loop
      vertex 25.7066 39.5358 3.8147e-07
      vertex -25.7066 39.5358 3.8147e-07
      vertex 25.7653 39.66 3.8147e-07
    endloop
  endfacet
  facet normal 0 0 -1
    outer loop
      vertex 25.8359 72.2222 3.8147e-07
      vertex -25.6067 72.8628 3.8147e-07
      vertex -25.6 73 3.8147e-07
    endloop
  endfacet
  facet normal 0 0 -1
    outer loop
      vertex -25.7653 39.66 3.8147e-07
      vertex 25.7653 39.66 3.8147e-07
      vertex -25.7066 39.5358 3.8147e-07
    endloop
  endfacet
  facet normal 0 0 -1
    outer loop
      vertex 25.8359 72.2222 3.8147e-07
      vertex -25.6269 72.7269 3.8147e-07
      vertex -25.6067 72.8628 3.8147e-07
    endloop
  endfacet
  facet normal 0 0 -1
    outer loop
      vertex 25.7653 39.66 3.8147e-07
      vertex -25.7653 39.66 3.8147e-07
      vertex 25.8359 39.7778 3.8147e-07
    endloop
  endfacet
  facet normal 0 0 -1
    outer loop
      vertex 25.8359 72.2222 3.8147e-07
      vertex -25.6603 72.5936 3.8147e-07
      vertex -25.6269 72.7269 3.8147e-07
    endloop
  endfacet
  facet normal 0 0 -1
    outer loop
      vertex -25.8359 39.7778 3.8147e-07
      vertex 25.8359 39.7778 3.8147e-07
      vertex -25.7653 39.66 3.8147e-07
    endloop
  endfacet
  facet normal 0 0 -1
    outer loop
      vertex 25.8359 72.2222 3.8147e-07
      vertex -25.7066 72.4642 3.8147e-07
      vertex -25.6603 72.5936 3.8147e-07
    endloop
  endfacet
  facet normal 0 0 -1
    outer loop
      vertex 25.8359 39.7778 3.8147e-07
      vertex -25.8359 39.7778 3.8147e-07
      vertex 25.8359 72.2222 3.8147e-07
    endloop
  endfacet
  facet normal 0 0 -1
    outer loop
      vertex 25.8359 72.2222 3.8147e-07
      vertex -25.7653 72.34 3.8147e-07
      vertex -25.7066 72.4642 3.8147e-07
    endloop
  endfacet
  facet normal 0 0 -1
    outer loop
      vertex -25.8359 72.2222 3.8147e-07
      vertex 25.8359 72.2222 3.8147e-07
      vertex -25.8359 39.7778 3.8147e-07
    endloop
  endfacet
  facet normal 0 0 -1
    outer loop
      vertex 25.8359 72.2222 3.8147e-07
      vertex -25.8359 72.2222 3.8147e-07
      vertex -25.7653 72.34 3.8147e-07
    endloop
  endfacet
  facet normal 0 0 -1
    outer loop
      vertex -25.9178 39.8882 3.8147e-07
      vertex -25.8359 72.2222 3.8147e-07
      vertex -25.8359 39.7778 3.8147e-07
    endloop
  endfacet
  facet normal 0 0 -1
    outer loop
      vertex -25.9178 39.8882 3.8147e-07
      vertex -25.9178 72.1118 3.8147e-07
      vertex -25.8359 72.2222 3.8147e-07
    endloop
  endfacet
  facet normal 0 0 -1
    outer loop
      vertex -26.01 39.99 3.8147e-07
      vertex -25.9178 72.1118 3.8147e-07
      vertex -25.9178 39.8882 3.8147e-07
    endloop
  endfacet
  facet normal 0 0 -1
    outer loop
      vertex -26.01 39.99 3.8147e-07
      vertex -26.01 72.01 3.8147e-07
      vertex -25.9178 72.1118 3.8147e-07
    endloop
  endfacet
  facet normal 0 0 -1
    outer loop
      vertex -26.1118 40.0822 3.8147e-07
      vertex -26.01 72.01 3.8147e-07
      vertex -26.01 39.99 3.8147e-07
    endloop
  endfacet
  facet normal 0 0 -1
    outer loop
      vertex -26.1118 40.0822 3.8147e-07
      vertex -26.1118 71.9178 3.8147e-07
      vertex -26.01 72.01 3.8147e-07
    endloop
  endfacet
  facet normal 0 0 -1
    outer loop
      vertex -26.2222 40.1641 3.8147e-07
      vertex -26.1118 71.9178 3.8147e-07
      vertex -26.1118 40.0822 3.8147e-07
    endloop
  endfacet
  facet normal 0 0 -1
    outer loop
      vertex -26.2222 40.1641 3.8147e-07
      vertex -26.2222 71.8359 3.8147e-07
      vertex -26.1118 71.9178 3.8147e-07
    endloop
  endfacet
  facet normal 0 0 -1
    outer loop
      vertex -26.34 40.2347 3.8147e-07
      vertex -26.2222 71.8359 3.8147e-07
      vertex -26.2222 40.1641 3.8147e-07
    endloop
  endfacet
  facet normal 0 0 -1
    outer loop
      vertex -26.34 40.2347 3.8147e-07
      vertex -26.34 71.7653 3.8147e-07
      vertex -26.2222 71.8359 3.8147e-07
    endloop
  endfacet
  facet normal 0 0 -1
    outer loop
      vertex -26.4642 40.2934 3.8147e-07
      vertex -26.34 71.7653 3.8147e-07
      vertex -26.34 40.2347 3.8147e-07
    endloop
  endfacet
  facet normal 0 0 -1
    outer loop
      vertex -26.4642 40.2934 3.8147e-07
      vertex -26.4642 71.7066 3.8147e-07
      vertex -26.34 71.7653 3.8147e-07
    endloop
  endfacet
  facet normal 0 0 -1
    outer loop
      vertex -26.5936 40.3397 3.8147e-07
      vertex -26.4642 71.7066 3.8147e-07
      vertex -26.4642 40.2934 3.8147e-07
    endloop
  endfacet
  facet normal 0 0 -1
    outer loop
      vertex -26.5936 40.3397 3.8147e-07
      vertex -26.5936 71.6603 3.8147e-07
      vertex -26.4642 71.7066 3.8147e-07
    endloop
  endfacet
  facet normal 0 0 -1
    outer loop
      vertex -26.7269 40.3731 3.8147e-07
      vertex -26.5936 71.6603 3.8147e-07
      vertex -26.5936 40.3397 3.8147e-07
    endloop
  endfacet
  facet normal 0 0 -1
    outer loop
      vertex -26.7269 40.3731 3.8147e-07
      vertex -26.7269 71.6269 3.8147e-07
      vertex -26.5936 71.6603 3.8147e-07
    endloop
  endfacet
  facet normal 0 0 -1
    outer loop
      vertex -26.8628 40.3933 3.8147e-07
      vertex -26.7269 71.6269 3.8147e-07
      vertex -26.7269 40.3731 3.8147e-07
    endloop
  endfacet
  facet normal 0 0 -1
    outer loop
      vertex -26.8628 40.3933 3.8147e-07
      vertex -26.8628 71.6067 3.8147e-07
      vertex -26.7269 71.6269 3.8147e-07
    endloop
  endfacet
  facet normal 0 0 -1
    outer loop
      vertex -27 40.4 3.8147e-07
      vertex -26.8628 71.6067 3.8147e-07
      vertex -26.8628 40.3933 3.8147e-07
    endloop
  endfacet
  facet normal 0 0 -1
    outer loop
      vertex -27 40.4 3.8147e-07
      vertex -27 71.6 3.8147e-07
      vertex -26.8628 71.6067 3.8147e-07
    endloop
  endfacet
  facet normal 0 0 -1
    outer loop
      vertex -27.1372 40.3933 3.8147e-07
      vertex -27 71.6 3.8147e-07
      vertex -27 40.4 3.8147e-07
    endloop
  endfacet
  facet normal 0 0 -1
    outer loop
      vertex -27.1372 40.3933 3.8147e-07
      vertex -27.1372 71.6067 3.8147e-07
      vertex -27 71.6 3.8147e-07
    endloop
  endfacet
  facet normal 0 0 -1
    outer loop
      vertex -27.2731 40.3731 3.8147e-07
      vertex -27.1372 71.6067 3.8147e-07
      vertex -27.1372 40.3933 3.8147e-07
    endloop
  endfacet
  facet normal 0 0 -1
    outer loop
      vertex -27.2731 40.3731 3.8147e-07
      vertex -27.2731 71.6269 3.8147e-07
      vertex -27.1372 71.6067 3.8147e-07
    endloop
  endfacet
  facet normal 0 0 -1
    outer loop
      vertex -27.4064 40.3397 3.8147e-07
      vertex -27.2731 71.6269 3.8147e-07
      vertex -27.2731 40.3731 3.8147e-07
    endloop
  endfacet
  facet normal 0 0 -1
    outer loop
      vertex -27.4064 40.3397 3.8147e-07
      vertex -27.4064 71.6603 3.8147e-07
      vertex -27.2731 71.6269 3.8147e-07
    endloop
  endfacet
  facet normal 0 0 -1
    outer loop
      vertex -27.5358 40.2934 3.8147e-07
      vertex -27.4064 71.6603 3.8147e-07
      vertex -27.4064 40.3397 3.8147e-07
    endloop
  endfacet
  facet normal 0 0 -1
    outer loop
      vertex -27.5358 40.2934 3.8147e-07
      vertex -27.5358 71.7066 3.8147e-07
      vertex -27.4064 71.6603 3.8147e-07
    endloop
  endfacet
  facet normal 0 0 -1
    outer loop
      vertex -27.66 40.2347 3.8147e-07
      vertex -27.5358 71.7066 3.8147e-07
      vertex -27.5358 40.2934 3.8147e-07
    endloop
  endfacet
  facet normal 0 0 -1
    outer loop
      vertex -27.66 40.2347 3.8147e-07
      vertex -27.66 71.7653 3.8147e-07
      vertex -27.5358 71.7066 3.8147e-07
    endloop
  endfacet
  facet normal 0 0 -1
    outer loop
      vertex -27.7778 40.1641 3.8147e-07
      vertex -27.66 71.7653 3.8147e-07
      vertex -27.66 40.2347 3.8147e-07
    endloop
  endfacet
  facet normal 0 0 -1
    outer loop
      vertex -27.7778 40.1641 3.8147e-07
      vertex -27.7778 71.8359 3.8147e-07
      vertex -27.66 71.7653 3.8147e-07
    endloop
  endfacet
  facet normal 0 0 -1
    outer loop
      vertex -27.8881 40.0822 3.8147e-07
      vertex -27.7778 71.8359 3.8147e-07
      vertex -27.7778 40.1641 3.8147e-07
    endloop
  endfacet
  facet normal 0 0 -1
    outer loop
      vertex -27.8881 40.0822 3.8147e-07
      vertex -27.8881 71.9178 3.8147e-07
      vertex -27.7778 71.8359 3.8147e-07
    endloop
  endfacet
  facet normal 0 0 -1
    outer loop
      vertex -33 37 3.8147e-07
      vertex -27.8881 40.0822 3.8147e-07
      vertex -27.9899 39.99 3.8147e-07
    endloop
  endfacet
  facet normal -0 0 -1
    outer loop
      vertex -27.8881 40.0822 3.8147e-07
      vertex -33 37 3.8147e-07
      vertex -27.8881 71.9178 3.8147e-07
    endloop
  endfacet
  facet normal 0 0 -1
    outer loop
      vertex -33 37 3.8147e-07
      vertex -27.9899 39.99 3.8147e-07
      vertex -28.0822 39.8882 3.8147e-07
    endloop
  endfacet
  facet normal 0 0 -1
    outer loop
      vertex -33 75 3.8147e-07
      vertex -27.8881 71.9178 3.8147e-07
      vertex -33 37 3.8147e-07
    endloop
  endfacet
  facet normal 0 0 -1
    outer loop
      vertex -33 37 3.8147e-07
      vertex -28.0822 39.8882 3.8147e-07
      vertex -28.1641 39.7778 3.8147e-07
    endloop
  endfacet
  facet normal 0 0 -1
    outer loop
      vertex -27.8881 71.9178 3.8147e-07
      vertex -33 75 3.8147e-07
      vertex -27.9899 72.01 3.8147e-07
    endloop
  endfacet
  facet normal 0 0 -1
    outer loop
      vertex -33 37 3.8147e-07
      vertex -28.1641 39.7778 3.8147e-07
      vertex -28.2347 39.66 3.8147e-07
    endloop
  endfacet
  facet normal 0 0 -1
    outer loop
      vertex -27.9899 72.01 3.8147e-07
      vertex -33 75 3.8147e-07
      vertex -28.0822 72.1118 3.8147e-07
    endloop
  endfacet
  facet normal 0 0 -1
    outer loop
      vertex -33 37 3.8147e-07
      vertex -28.2347 39.66 3.8147e-07
      vertex -28.2934 39.5358 3.8147e-07
    endloop
  endfacet
  facet normal 0 0 -1
    outer loop
      vertex -28.0822 72.1118 3.8147e-07
      vertex -33 75 3.8147e-07
      vertex -28.1641 72.2222 3.8147e-07
    endloop
  endfacet
  facet normal 0 0 -1
    outer loop
      vertex -33 37 3.8147e-07
      vertex -28.2934 39.5358 3.8147e-07
      vertex -28.3397 39.4064 3.8147e-07
    endloop
  endfacet
  facet normal 0 0 -1
    outer loop
      vertex -28.1641 72.2222 3.8147e-07
      vertex -33 75 3.8147e-07
      vertex -28.2347 72.34 3.8147e-07
    endloop
  endfacet
  facet normal 0 0 -1
    outer loop
      vertex -33 37 3.8147e-07
      vertex -28.3397 39.4064 3.8147e-07
      vertex -28.3731 39.2731 3.8147e-07
    endloop
  endfacet
  facet normal 0 0 -1
    outer loop
      vertex -28.2347 72.34 3.8147e-07
      vertex -33 75 3.8147e-07
      vertex -28.2934 72.4642 3.8147e-07
    endloop
  endfacet
  facet normal 0 0 -1
    outer loop
      vertex -33 37 3.8147e-07
      vertex -28.3731 39.2731 3.8147e-07
      vertex -28.3933 39.1372 3.8147e-07
    endloop
  endfacet
  facet normal 0 0 -1
    outer loop
      vertex -28.2934 72.4642 3.8147e-07
      vertex -33 75 3.8147e-07
      vertex -28.3397 72.5936 3.8147e-07
    endloop
  endfacet
  facet normal 0 0 -1
    outer loop
      vertex -33 37 3.8147e-07
      vertex -28.3933 39.1372 3.8147e-07
      vertex -28.4 39 3.8147e-07
    endloop
  endfacet
  facet normal 0 0 -1
    outer loop
      vertex -28.3397 72.5936 3.8147e-07
      vertex -33 75 3.8147e-07
      vertex -28.3731 72.7269 3.8147e-07
    endloop
  endfacet
  facet normal 0 0 -1
    outer loop
      vertex 28.3397 39.4064 3.8147e-07
      vertex 33 37 3.8147e-07
      vertex 28.3731 39.2731 3.8147e-07
    endloop
  endfacet
  facet normal 0 0 -1
    outer loop
      vertex 33 75 3.8147e-07
      vertex 28.3933 72.8628 3.8147e-07
      vertex 28.4 73 3.8147e-07
    endloop
  endfacet
  facet normal 0 0 -1
    outer loop
      vertex 28.2934 39.5358 3.8147e-07
      vertex 33 37 3.8147e-07
      vertex 28.3397 39.4064 3.8147e-07
    endloop
  endfacet
  facet normal 0 0 -1
    outer loop
      vertex 33 75 3.8147e-07
      vertex 28.3731 72.7269 3.8147e-07
      vertex 28.3933 72.8628 3.8147e-07
    endloop
  endfacet
  facet normal 0 0 -1
    outer loop
      vertex 28.2347 39.66 3.8147e-07
      vertex 33 37 3.8147e-07
      vertex 28.2934 39.5358 3.8147e-07
    endloop
  endfacet
  facet normal 0 0 -1
    outer loop
      vertex 33 75 3.8147e-07
      vertex 28.3397 72.5936 3.8147e-07
      vertex 28.3731 72.7269 3.8147e-07
    endloop
  endfacet
  facet normal 0 0 -1
    outer loop
      vertex 28.1641 39.7778 3.8147e-07
      vertex 33 37 3.8147e-07
      vertex 28.2347 39.66 3.8147e-07
    endloop
  endfacet
  facet normal 0 0 -1
    outer loop
      vertex 33 75 3.8147e-07
      vertex 28.2934 72.4642 3.8147e-07
      vertex 28.3397 72.5936 3.8147e-07
    endloop
  endfacet
  facet normal 0 0 -1
    outer loop
      vertex 28.0822 39.8882 3.8147e-07
      vertex 33 37 3.8147e-07
      vertex 28.1641 39.7778 3.8147e-07
    endloop
  endfacet
  facet normal 0 0 -1
    outer loop
      vertex 33 75 3.8147e-07
      vertex 28.2347 72.34 3.8147e-07
      vertex 28.2934 72.4642 3.8147e-07
    endloop
  endfacet
  facet normal 0 0 -1
    outer loop
      vertex 27.9899 39.99 3.8147e-07
      vertex 33 37 3.8147e-07
      vertex 28.0822 39.8882 3.8147e-07
    endloop
  endfacet
  facet normal 0 0 -1
    outer loop
      vertex 33 75 3.8147e-07
      vertex 28.1641 72.2222 3.8147e-07
      vertex 28.2347 72.34 3.8147e-07
    endloop
  endfacet
  facet normal 0 0 -1
    outer loop
      vertex 27.8881 40.0822 3.8147e-07
      vertex 33 37 3.8147e-07
      vertex 27.9899 39.99 3.8147e-07
    endloop
  endfacet
  facet normal 0 0 -1
    outer loop
      vertex 33 75 3.8147e-07
      vertex 28.0822 72.1118 3.8147e-07
      vertex 28.1641 72.2222 3.8147e-07
    endloop
  endfacet
  facet normal 0 0 -1
    outer loop
      vertex 33 37 3.8147e-07
      vertex 27.8881 40.0822 3.8147e-07
      vertex 33 75 3.8147e-07
    endloop
  endfacet
  facet normal 0 0 -1
    outer loop
      vertex 33 75 3.8147e-07
      vertex 27.9899 72.01 3.8147e-07
      vertex 28.0822 72.1118 3.8147e-07
    endloop
  endfacet
  facet normal 0 0 -1
    outer loop
      vertex 27.8881 71.9178 3.8147e-07
      vertex 33 75 3.8147e-07
      vertex 27.8881 40.0822 3.8147e-07
    endloop
  endfacet
  facet normal 0 0 -1
    outer loop
      vertex 33 75 3.8147e-07
      vertex 27.8881 71.9178 3.8147e-07
      vertex 27.9899 72.01 3.8147e-07
    endloop
  endfacet
  facet normal 0 0 -1
    outer loop
      vertex 27.7778 40.1641 3.8147e-07
      vertex 27.8881 71.9178 3.8147e-07
      vertex 27.8881 40.0822 3.8147e-07
    endloop
  endfacet
  facet normal 0 0 -1
    outer loop
      vertex 27.7778 40.1641 3.8147e-07
      vertex 27.7778 71.8359 3.8147e-07
      vertex 27.8881 71.9178 3.8147e-07
    endloop
  endfacet
  facet normal 0 0 -1
    outer loop
      vertex 27.66 40.2347 3.8147e-07
      vertex 27.7778 71.8359 3.8147e-07
      vertex 27.7778 40.1641 3.8147e-07
    endloop
  endfacet
  facet normal 0 0 -1
    outer loop
      vertex 27.66 40.2347 3.8147e-07
      vertex 27.66 71.7653 3.8147e-07
      vertex 27.7778 71.8359 3.8147e-07
    endloop
  endfacet
  facet normal 0 0 -1
    outer loop
      vertex 27.5358 40.2934 3.8147e-07
      vertex 27.66 71.7653 3.8147e-07
      vertex 27.66 40.2347 3.8147e-07
    endloop
  endfacet
  facet normal 0 0 -1
    outer loop
      vertex 27.5358 40.2934 3.8147e-07
      vertex 27.5358 71.7066 3.8147e-07
      vertex 27.66 71.7653 3.8147e-07
    endloop
  endfacet
  facet normal 0 0 -1
    outer loop
      vertex 27.4064 40.3397 3.8147e-07
      vertex 27.5358 71.7066 3.8147e-07
      vertex 27.5358 40.2934 3.8147e-07
    endloop
  endfacet
  facet normal 0 0 -1
    outer loop
      vertex 27.4064 40.3397 3.8147e-07
      vertex 27.4064 71.6603 3.8147e-07
      vertex 27.5358 71.7066 3.8147e-07
    endloop
  endfacet
  facet normal 0 0 -1
    outer loop
      vertex 27.2731 40.3731 3.8147e-07
      vertex 27.4064 71.6603 3.8147e-07
      vertex 27.4064 40.3397 3.8147e-07
    endloop
  endfacet
  facet normal 0 0 -1
    outer loop
      vertex 27.2731 40.3731 3.8147e-07
      vertex 27.2731 71.6269 3.8147e-07
      vertex 27.4064 71.6603 3.8147e-07
    endloop
  endfacet
  facet normal 0 0 -1
    outer loop
      vertex 27.1372 40.3933 3.8147e-07
      vertex 27.2731 71.6269 3.8147e-07
      vertex 27.2731 40.3731 3.8147e-07
    endloop
  endfacet
  facet normal 0 0 -1
    outer loop
      vertex 27.1372 40.3933 3.8147e-07
      vertex 27.1372 71.6067 3.8147e-07
      vertex 27.2731 71.6269 3.8147e-07
    endloop
  endfacet
  facet normal 0 0 -1
    outer loop
      vertex 27 40.4 3.8147e-07
      vertex 27.1372 71.6067 3.8147e-07
      vertex 27.1372 40.3933 3.8147e-07
    endloop
  endfacet
  facet normal 0 0 -1
    outer loop
      vertex 27 40.4 3.8147e-07
      vertex 27 71.6 3.8147e-07
      vertex 27.1372 71.6067 3.8147e-07
    endloop
  endfacet
  facet normal 0 0 -1
    outer loop
      vertex 26.8628 40.3933 3.8147e-07
      vertex 27 71.6 3.8147e-07
      vertex 27 40.4 3.8147e-07
    endloop
  endfacet
  facet normal 0 0 -1
    outer loop
      vertex 26.8628 40.3933 3.8147e-07
      vertex 26.8628 71.6067 3.8147e-07
      vertex 27 71.6 3.8147e-07
    endloop
  endfacet
  facet normal 0 0 -1
    outer loop
      vertex 26.7269 40.3731 3.8147e-07
      vertex 26.8628 71.6067 3.8147e-07
      vertex 26.8628 40.3933 3.8147e-07
    endloop
  endfacet
  facet normal 0 0 -1
    outer loop
      vertex 26.7269 40.3731 3.8147e-07
      vertex 26.7269 71.6269 3.8147e-07
      vertex 26.8628 71.6067 3.8147e-07
    endloop
  endfacet
  facet normal 0 0 -1
    outer loop
      vertex 26.5936 40.3397 3.8147e-07
      vertex 26.7269 71.6269 3.8147e-07
      vertex 26.7269 40.3731 3.8147e-07
    endloop
  endfacet
  facet normal 0 0 -1
    outer loop
      vertex 26.5936 40.3397 3.8147e-07
      vertex 26.5936 71.6603 3.8147e-07
      vertex 26.7269 71.6269 3.8147e-07
    endloop
  endfacet
  facet normal 0 0 -1
    outer loop
      vertex 26.4642 40.2934 3.8147e-07
      vertex 26.5936 71.6603 3.8147e-07
      vertex 26.5936 40.3397 3.8147e-07
    endloop
  endfacet
  facet normal 0 0 -1
    outer loop
      vertex 26.4642 40.2934 3.8147e-07
      vertex 26.4642 71.7066 3.8147e-07
      vertex 26.5936 71.6603 3.8147e-07
    endloop
  endfacet
  facet normal 0 0 -1
    outer loop
      vertex 26.34 40.2347 3.8147e-07
      vertex 26.4642 71.7066 3.8147e-07
      vertex 26.4642 40.2934 3.8147e-07
    endloop
  endfacet
  facet normal 0 0 -1
    outer loop
      vertex 26.34 40.2347 3.8147e-07
      vertex 26.34 71.7653 3.8147e-07
      vertex 26.4642 71.7066 3.8147e-07
    endloop
  endfacet
  facet normal 0 0 -1
    outer loop
      vertex 26.2222 40.1641 3.8147e-07
      vertex 26.34 71.7653 3.8147e-07
      vertex 26.34 40.2347 3.8147e-07
    endloop
  endfacet
  facet normal 0 0 -1
    outer loop
      vertex 26.2222 40.1641 3.8147e-07
      vertex 26.2222 71.8359 3.8147e-07
      vertex 26.34 71.7653 3.8147e-07
    endloop
  endfacet
  facet normal 0 0 -1
    outer loop
      vertex 26.1118 40.0822 3.8147e-07
      vertex 26.2222 71.8359 3.8147e-07
      vertex 26.2222 40.1641 3.8147e-07
    endloop
  endfacet
  facet normal 0 0 -1
    outer loop
      vertex 26.1118 40.0822 3.8147e-07
      vertex 26.1118 71.9178 3.8147e-07
      vertex 26.2222 71.8359 3.8147e-07
    endloop
  endfacet
  facet normal 0 0 -1
    outer loop
      vertex 26.01 39.99 3.8147e-07
      vertex 26.1118 71.9178 3.8147e-07
      vertex 26.1118 40.0822 3.8147e-07
    endloop
  endfacet
  facet normal 0 0 -1
    outer loop
      vertex 26.01 39.99 3.8147e-07
      vertex 26.01 72.01 3.8147e-07
      vertex 26.1118 71.9178 3.8147e-07
    endloop
  endfacet
  facet normal 0 0 -1
    outer loop
      vertex 25.9178 39.8882 3.8147e-07
      vertex 26.01 72.01 3.8147e-07
      vertex 26.01 39.99 3.8147e-07
    endloop
  endfacet
  facet normal 0 0 -1
    outer loop
      vertex 25.9178 39.8882 3.8147e-07
      vertex 25.9178 72.1118 3.8147e-07
      vertex 26.01 72.01 3.8147e-07
    endloop
  endfacet
  facet normal 0 0 -1
    outer loop
      vertex 25.8359 39.7778 3.8147e-07
      vertex 25.9178 72.1118 3.8147e-07
      vertex 25.9178 39.8882 3.8147e-07
    endloop
  endfacet
  facet normal 0 0 -1
    outer loop
      vertex 25.8359 39.7778 3.8147e-07
      vertex 25.8359 72.2222 3.8147e-07
      vertex 25.9178 72.1118 3.8147e-07
    endloop
  endfacet
  facet normal 0 0 -1
    outer loop
      vertex -25.6603 39.4064 3.8147e-07
      vertex 25.6603 39.4064 3.8147e-07
      vertex -25.6269 39.2731 3.8147e-07
    endloop
  endfacet
  facet normal 0 0 -1
    outer loop
      vertex 25.6603 39.4064 3.8147e-07
      vertex -25.6603 39.4064 3.8147e-07
      vertex 25.7066 39.5358 3.8147e-07
    endloop
  endfacet
  facet normal 0 0 -1
    outer loop
      vertex 25.6269 39.2731 3.8147e-07
      vertex -25.6269 39.2731 3.8147e-07
      vertex 25.6603 39.4064 3.8147e-07
    endloop
  endfacet
  facet normal 0 0 -1
    outer loop
      vertex -25.7066 39.5358 3.8147e-07
      vertex 25.7066 39.5358 3.8147e-07
      vertex -25.6603 39.4064 3.8147e-07
    endloop
  endfacet
  facet normal 0 0 -1
    outer loop
      vertex -25.6269 39.2731 3.8147e-07
      vertex 25.6269 39.2731 3.8147e-07
      vertex -25.6067 39.1372 3.8147e-07
    endloop
  endfacet
  facet normal 0 0 -1
    outer loop
      vertex 25.8359 72.2222 3.8147e-07
      vertex -25.6 73 3.8147e-07
      vertex 25.7653 72.34 3.8147e-07
    endloop
  endfacet
  facet normal 0 0 -1
    outer loop
      vertex 25.6067 39.1372 3.8147e-07
      vertex -25.6067 39.1372 3.8147e-07
      vertex 25.6269 39.2731 3.8147e-07
    endloop
  endfacet
  facet normal 0 0 -1
    outer loop
      vertex 25.7653 72.34 3.8147e-07
      vertex -25.6 73 3.8147e-07
      vertex 25.7066 72.4642 3.8147e-07
    endloop
  endfacet
  facet normal 0 0 -1
    outer loop
      vertex -25.6067 39.1372 3.8147e-07
      vertex 25.6067 39.1372 3.8147e-07
      vertex -25.6 39 3.8147e-07
    endloop
  endfacet
  facet normal 0 0 -1
    outer loop
      vertex 25.7066 72.4642 3.8147e-07
      vertex -25.6 73 3.8147e-07
      vertex 25.6603 72.5936 3.8147e-07
    endloop
  endfacet
  facet normal 0 0 -1
    outer loop
      vertex -25.6 39 3.8147e-07
      vertex 25.6067 39.1372 3.8147e-07
      vertex 25.6 39 3.8147e-07
    endloop
  endfacet
  facet normal 0 0 -1
    outer loop
      vertex 25.6603 72.5936 3.8147e-07
      vertex -25.6 73 3.8147e-07
      vertex 25.6269 72.7269 3.8147e-07
    endloop
  endfacet
  facet normal 0 0 -1
    outer loop
      vertex 28.2347 38.34 3.8147e-07
      vertex 33 37 3.8147e-07
      vertex 32.9807 36.6079 3.8147e-07
    endloop
  endfacet
  facet normal 0 0 -1
    outer loop
      vertex 28.3933 39.1372 3.8147e-07
      vertex 33 37 3.8147e-07
      vertex 28.4 39 3.8147e-07
    endloop
  endfacet
  facet normal 0 0 -1
    outer loop
      vertex 28.1641 38.2222 3.8147e-07
      vertex 32.9807 36.6079 3.8147e-07
      vertex 32.9231 36.2197 3.8147e-07
    endloop
  endfacet
  facet normal 0 0 -1
    outer loop
      vertex 28.3731 39.2731 3.8147e-07
      vertex 33 37 3.8147e-07
      vertex 28.3933 39.1372 3.8147e-07
    endloop
  endfacet
  facet normal 0 0 -1
    outer loop
      vertex 28.1641 38.2222 3.8147e-07
      vertex 32.9231 36.2197 3.8147e-07
      vertex 32.8278 35.8389 3.8147e-07
    endloop
  endfacet
  facet normal 0 0 -1
    outer loop
      vertex 28.3933 73.1372 3.8147e-07
      vertex 33 75 3.8147e-07
      vertex 28.4 73 3.8147e-07
    endloop
  endfacet
  facet normal 0 0 -1
    outer loop
      vertex 28.0822 38.1119 3.8147e-07
      vertex 32.8278 35.8389 3.8147e-07
      vertex 32.6955 35.4693 3.8147e-07
    endloop
  endfacet
  facet normal 0 0 -1
    outer loop
      vertex 28.3731 73.2731 3.8147e-07
      vertex 33 75 3.8147e-07
      vertex 28.3933 73.1372 3.8147e-07
    endloop
  endfacet
  facet normal 0 0 -1
    outer loop
      vertex 28.0822 38.1119 3.8147e-07
      vertex 32.6955 35.4693 3.8147e-07
      vertex 32.5277 35.1144 3.8147e-07
    endloop
  endfacet
  facet normal 0 0 -1
    outer loop
      vertex 28.3397 73.4064 3.8147e-07
      vertex 33 75 3.8147e-07
      vertex 28.3731 73.2731 3.8147e-07
    endloop
  endfacet
  facet normal 0 0 -1
    outer loop
      vertex 28.0822 38.1119 3.8147e-07
      vertex 32.5277 35.1144 3.8147e-07
      vertex 32.3259 34.7777 3.8147e-07
    endloop
  endfacet
  facet normal 0 0 -1
    outer loop
      vertex 28.2934 73.5358 3.8147e-07
      vertex 33 75 3.8147e-07
      vertex 28.3397 73.4064 3.8147e-07
    endloop
  endfacet
  facet normal 0 0 -1
    outer loop
      vertex 28.0822 38.1119 3.8147e-07
      vertex 32.3259 34.7777 3.8147e-07
      vertex 32.092 34.4624 3.8147e-07
    endloop
  endfacet
  facet normal 0 0 -1
    outer loop
      vertex 28.2347 73.66 3.8147e-07
      vertex 33 75 3.8147e-07
      vertex 28.2934 73.5358 3.8147e-07
    endloop
  endfacet
  facet normal 0 0 -1
    outer loop
      vertex 27.9899 38.0101 3.8147e-07
      vertex 32.092 34.4624 3.8147e-07
      vertex 31.8284 34.1716 3.8147e-07
    endloop
  endfacet
  facet normal -0 0 -1
    outer loop
      vertex 33 75 3.8147e-07
      vertex 28.2347 73.66 3.8147e-07
      vertex 32.9807 75.3921 3.8147e-07
    endloop
  endfacet
  facet normal 0 0 -1
    outer loop
      vertex 27.9899 38.0101 3.8147e-07
      vertex 31.8284 34.1716 3.8147e-07
      vertex 31.5376 33.908 3.8147e-07
    endloop
  endfacet
  facet normal 0 0 -1
    outer loop
      vertex 28.1641 73.7778 3.8147e-07
      vertex 32.9807 75.3921 3.8147e-07
      vertex 28.2347 73.66 3.8147e-07
    endloop
  endfacet
  facet normal 0 0 -1
    outer loop
      vertex 27.9899 38.0101 3.8147e-07
      vertex 31.5376 33.908 3.8147e-07
      vertex 31.2223 33.6741 3.8147e-07
    endloop
  endfacet
  facet normal -0 0 -1
    outer loop
      vertex 32.9807 75.3921 3.8147e-07
      vertex 28.1641 73.7778 3.8147e-07
      vertex 32.9231 75.7803 3.8147e-07
    endloop
  endfacet
  facet normal 0 0 -1
    outer loop
      vertex 27.8881 37.9178 3.8147e-07
      vertex 31.2223 33.6741 3.8147e-07
      vertex 30.8856 33.4723 3.8147e-07
    endloop
  endfacet
  facet normal -0 0 -1
    outer loop
      vertex 32.9231 75.7803 3.8147e-07
      vertex 28.1641 73.7778 3.8147e-07
      vertex 32.8278 76.1611 3.8147e-07
    endloop
  endfacet
  facet normal 0 0 -1
    outer loop
      vertex 27.8881 37.9178 3.8147e-07
      vertex 30.8856 33.4723 3.8147e-07
      vertex 30.5307 33.3045 3.8147e-07
    endloop
  endfacet
  facet normal 0 0 -1
    outer loop
      vertex 28.0822 73.8882 3.8147e-07
      vertex 32.8278 76.1611 3.8147e-07
      vertex 28.1641 73.7778 3.8147e-07
    endloop
  endfacet
  facet normal 0 0 -1
    outer loop
      vertex 27.8881 37.9178 3.8147e-07
      vertex 30.5307 33.3045 3.8147e-07
      vertex 30.1611 33.1722 3.8147e-07
    endloop
  endfacet
  facet normal -0 0 -1
    outer loop
      vertex 32.8278 76.1611 3.8147e-07
      vertex 28.0822 73.8882 3.8147e-07
      vertex 32.6955 76.5307 3.8147e-07
    endloop
  endfacet
  facet normal 0 0 -1
    outer loop
      vertex 27.7778 37.8359 3.8147e-07
      vertex 30.1611 33.1722 3.8147e-07
      vertex 29.7803 33.0769 3.8147e-07
    endloop
  endfacet
  facet normal -0 0 -1
    outer loop
      vertex 32.6955 76.5307 3.8147e-07
      vertex 28.0822 73.8882 3.8147e-07
      vertex 32.5277 76.8856 3.8147e-07
    endloop
  endfacet
  facet normal 0 0 -1
    outer loop
      vertex 27.7778 37.8359 3.8147e-07
      vertex 29.7803 33.0769 3.8147e-07
      vertex 29.3921 33.0193 3.8147e-07
    endloop
  endfacet
  facet normal -0 0 -1
    outer loop
      vertex 32.5277 76.8856 3.8147e-07
      vertex 28.0822 73.8882 3.8147e-07
      vertex 32.3259 77.2223 3.8147e-07
    endloop
  endfacet
  facet normal 0 0 -1
    outer loop
      vertex 27.7778 37.8359 3.8147e-07
      vertex 29.3921 33.0193 3.8147e-07
      vertex 29 33 3.8147e-07
    endloop
  endfacet
  facet normal -0 0 -1
    outer loop
      vertex 32.3259 77.2223 3.8147e-07
      vertex 28.0822 73.8882 3.8147e-07
      vertex 32.092 77.5376 3.8147e-07
    endloop
  endfacet
  facet normal 0 0 -1
    outer loop
      vertex 27.9899 73.99 3.8147e-07
      vertex 32.092 77.5376 3.8147e-07
      vertex 28.0822 73.8882 3.8147e-07
    endloop
  endfacet
  facet normal 0 0 -1
    outer loop
      vertex 33 37 3.8147e-07
      vertex 28.3933 38.8628 3.8147e-07
      vertex 28.4 39 3.8147e-07
    endloop
  endfacet
  facet normal 0 0 -1
    outer loop
      vertex 33 37 3.8147e-07
      vertex 28.3731 38.7269 3.8147e-07
      vertex 28.3933 38.8628 3.8147e-07
    endloop
  endfacet
  facet normal 0 0 -1
    outer loop
      vertex 33 37 3.8147e-07
      vertex 28.3397 38.5936 3.8147e-07
      vertex 28.3731 38.7269 3.8147e-07
    endloop
  endfacet
  facet normal 0 0 -1
    outer loop
      vertex 33 37 3.8147e-07
      vertex 28.2934 38.4642 3.8147e-07
      vertex 28.3397 38.5936 3.8147e-07
    endloop
  endfacet
  facet normal 0 0 -1
    outer loop
      vertex 33 37 3.8147e-07
      vertex 28.2347 38.34 3.8147e-07
      vertex 28.2934 38.4642 3.8147e-07
    endloop
  endfacet
  facet normal 0 0 -1
    outer loop
      vertex 32.9807 36.6079 3.8147e-07
      vertex 28.1641 38.2222 3.8147e-07
      vertex 28.2347 38.34 3.8147e-07
    endloop
  endfacet
  facet normal 0 0 -1
    outer loop
      vertex 32.8278 35.8389 3.8147e-07
      vertex 28.0822 38.1119 3.8147e-07
      vertex 28.1641 38.2222 3.8147e-07
    endloop
  endfacet
  facet normal 0 0 -1
    outer loop
      vertex 32.092 34.4624 3.8147e-07
      vertex 27.9899 38.0101 3.8147e-07
      vertex 28.0822 38.1119 3.8147e-07
    endloop
  endfacet
  facet normal 0 0 -1
    outer loop
      vertex 31.2223 33.6741 3.8147e-07
      vertex 27.8881 37.9178 3.8147e-07
      vertex 27.9899 38.0101 3.8147e-07
    endloop
  endfacet
  facet normal 0 0 -1
    outer loop
      vertex 30.1611 33.1722 3.8147e-07
      vertex 27.7778 37.8359 3.8147e-07
      vertex 27.8881 37.9178 3.8147e-07
    endloop
  endfacet
  facet normal 0 0 -1
    outer loop
      vertex 29 33 3.8147e-07
      vertex 27.66 37.7653 3.8147e-07
      vertex 27.7778 37.8359 3.8147e-07
    endloop
  endfacet
  facet normal 0 0 -1
    outer loop
      vertex 29 33 3.8147e-07
      vertex 27.5358 37.7066 3.8147e-07
      vertex 27.66 37.7653 3.8147e-07
    endloop
  endfacet
  facet normal 0 0 -1
    outer loop
      vertex 29 33 3.8147e-07
      vertex 27.4064 37.6603 3.8147e-07
      vertex 27.5358 37.7066 3.8147e-07
    endloop
  endfacet
  facet normal 0 0 -1
    outer loop
      vertex 29 33 3.8147e-07
      vertex 27.2731 37.6269 3.8147e-07
      vertex 27.4064 37.6603 3.8147e-07
    endloop
  endfacet
  facet normal 0 0 -1
    outer loop
      vertex 29 33 3.8147e-07
      vertex 27.1372 37.6067 3.8147e-07
      vertex 27.2731 37.6269 3.8147e-07
    endloop
  endfacet
  facet normal 0 0 -1
    outer loop
      vertex 29 33 3.8147e-07
      vertex 27 37.6 3.8147e-07
      vertex 27.1372 37.6067 3.8147e-07
    endloop
  endfacet
  facet normal 0 0 -1
    outer loop
      vertex 29 33 3.8147e-07
      vertex 26.8628 37.6067 3.8147e-07
      vertex 27 37.6 3.8147e-07
    endloop
  endfacet
  facet normal 0 0 -1
    outer loop
      vertex 29 33 3.8147e-07
      vertex 26.7269 37.6269 3.8147e-07
      vertex 26.8628 37.6067 3.8147e-07
    endloop
  endfacet
  facet normal 0 0 -1
    outer loop
      vertex 29 33 3.8147e-07
      vertex 26.5936 37.6603 3.8147e-07
      vertex 26.7269 37.6269 3.8147e-07
    endloop
  endfacet
  facet normal 0 0 -1
    outer loop
      vertex 29 33 3.8147e-07
      vertex 26.4642 37.7066 3.8147e-07
      vertex 26.5936 37.6603 3.8147e-07
    endloop
  endfacet
  facet normal 0 0 -1
    outer loop
      vertex 29 33 3.8147e-07
      vertex 26.34 37.7653 3.8147e-07
      vertex 26.4642 37.7066 3.8147e-07
    endloop
  endfacet
  facet normal 0 0 -1
    outer loop
      vertex 29 33 3.8147e-07
      vertex 26.2222 37.8359 3.8147e-07
      vertex 26.34 37.7653 3.8147e-07
    endloop
  endfacet
  facet normal 0 0 -1
    outer loop
      vertex 29 33 3.8147e-07
      vertex 26.1118 37.9178 3.8147e-07
      vertex 26.2222 37.8359 3.8147e-07
    endloop
  endfacet
  facet normal 0 0 -1
    outer loop
      vertex 29 33 3.8147e-07
      vertex 26.01 38.0101 3.8147e-07
      vertex 26.1118 37.9178 3.8147e-07
    endloop
  endfacet
  facet normal 0 0 -1
    outer loop
      vertex 29 33 3.8147e-07
      vertex 25.9178 38.1119 3.8147e-07
      vertex 26.01 38.0101 3.8147e-07
    endloop
  endfacet
  facet normal 0 0 -1
    outer loop
      vertex 29 33 3.8147e-07
      vertex 25.8359 38.2222 3.8147e-07
      vertex 25.9178 38.1119 3.8147e-07
    endloop
  endfacet
  facet normal 0 0 -1
    outer loop
      vertex 25.6269 72.7269 3.8147e-07
      vertex -25.6 73 3.8147e-07
      vertex 25.6067 72.8628 3.8147e-07
    endloop
  endfacet
  facet normal 0 0 -1
    outer loop
      vertex 25.6067 38.8628 3.8147e-07
      vertex -25.6 39 3.8147e-07
      vertex 25.6 39 3.8147e-07
    endloop
  endfacet
  facet normal 0 0 -1
    outer loop
      vertex -25.6067 38.8628 3.8147e-07
      vertex 25.6067 38.8628 3.8147e-07
      vertex 25.6269 38.7269 3.8147e-07
    endloop
  endfacet
  facet normal 0 0 -1
    outer loop
      vertex -25.6269 38.7269 3.8147e-07
      vertex 25.6269 38.7269 3.8147e-07
      vertex 25.6603 38.5936 3.8147e-07
    endloop
  endfacet
  facet normal 0 0 -1
    outer loop
      vertex -25.6603 38.5936 3.8147e-07
      vertex 25.6603 38.5936 3.8147e-07
      vertex 25.7066 38.4642 3.8147e-07
    endloop
  endfacet
  facet normal 0 0 -1
    outer loop
      vertex -25.7066 38.4642 3.8147e-07
      vertex 25.7066 38.4642 3.8147e-07
      vertex 25.7653 38.34 3.8147e-07
    endloop
  endfacet
  facet normal 0 0 -1
    outer loop
      vertex -25.7653 38.34 3.8147e-07
      vertex 25.7653 38.34 3.8147e-07
      vertex 25.8359 38.2222 3.8147e-07
    endloop
  endfacet
  facet normal 0 0 -1
    outer loop
      vertex -25.8359 38.2222 3.8147e-07
      vertex 25.8359 38.2222 3.8147e-07
      vertex 29 33 3.8147e-07
    endloop
  endfacet
  facet normal 0 0 -1
    outer loop
      vertex 25.6067 38.8628 3.8147e-07
      vertex -25.6067 38.8628 3.8147e-07
      vertex -25.6 39 3.8147e-07
    endloop
  endfacet
  facet normal 0 0 -1
    outer loop
      vertex 25.6269 38.7269 3.8147e-07
      vertex -25.6269 38.7269 3.8147e-07
      vertex -25.6067 38.8628 3.8147e-07
    endloop
  endfacet
  facet normal 0 0 -1
    outer loop
      vertex 25.6603 38.5936 3.8147e-07
      vertex -25.6603 38.5936 3.8147e-07
      vertex -25.6269 38.7269 3.8147e-07
    endloop
  endfacet
  facet normal 0 0 -1
    outer loop
      vertex 25.7066 38.4642 3.8147e-07
      vertex -25.7066 38.4642 3.8147e-07
      vertex -25.6603 38.5936 3.8147e-07
    endloop
  endfacet
  facet normal 0 0 -1
    outer loop
      vertex 25.7653 38.34 3.8147e-07
      vertex -25.7653 38.34 3.8147e-07
      vertex -25.7066 38.4642 3.8147e-07
    endloop
  endfacet
  facet normal 0 0 -1
    outer loop
      vertex 25.8359 38.2222 3.8147e-07
      vertex -25.8359 38.2222 3.8147e-07
      vertex -25.7653 38.34 3.8147e-07
    endloop
  endfacet
  facet normal 0 0 -1
    outer loop
      vertex 29 33 3.8147e-07
      vertex -25.9178 38.1119 3.8147e-07
      vertex -25.8359 38.2222 3.8147e-07
    endloop
  endfacet
  facet normal 0 0 -1
    outer loop
      vertex -29 33 3.8147e-07
      vertex -25.9178 38.1119 3.8147e-07
      vertex 29 33 3.8147e-07
    endloop
  endfacet
  facet normal 0 0 -1
    outer loop
      vertex -25.9178 38.1119 3.8147e-07
      vertex -29 33 3.8147e-07
      vertex -26.01 38.0101 3.8147e-07
    endloop
  endfacet
  facet normal 0 0 -1
    outer loop
      vertex -26.01 38.0101 3.8147e-07
      vertex -29 33 3.8147e-07
      vertex -26.1118 37.9178 3.8147e-07
    endloop
  endfacet
  facet normal 0 0 -1
    outer loop
      vertex -26.1118 37.9178 3.8147e-07
      vertex -29 33 3.8147e-07
      vertex -26.2222 37.8359 3.8147e-07
    endloop
  endfacet
  facet normal 0 0 -1
    outer loop
      vertex -26.2222 37.8359 3.8147e-07
      vertex -29 33 3.8147e-07
      vertex -26.34 37.7653 3.8147e-07
    endloop
  endfacet
  facet normal 0 0 -1
    outer loop
      vertex -26.34 37.7653 3.8147e-07
      vertex -29 33 3.8147e-07
      vertex -26.4642 37.7066 3.8147e-07
    endloop
  endfacet
  facet normal 0 0 -1
    outer loop
      vertex -26.4642 37.7066 3.8147e-07
      vertex -29 33 3.8147e-07
      vertex -26.5936 37.6603 3.8147e-07
    endloop
  endfacet
  facet normal 0 0 -1
    outer loop
      vertex -26.5936 37.6603 3.8147e-07
      vertex -29 33 3.8147e-07
      vertex -26.7269 37.6269 3.8147e-07
    endloop
  endfacet
  facet normal 0 0 -1
    outer loop
      vertex -26.7269 37.6269 3.8147e-07
      vertex -29 33 3.8147e-07
      vertex -26.8628 37.6067 3.8147e-07
    endloop
  endfacet
  facet normal 0 0 -1
    outer loop
      vertex -26.8628 37.6067 3.8147e-07
      vertex -29 33 3.8147e-07
      vertex -27 37.6 3.8147e-07
    endloop
  endfacet
  facet normal 0 0 -1
    outer loop
      vertex -32.092 34.4624 3.8147e-07
      vertex -27.9899 38.0101 3.8147e-07
      vertex -31.8284 34.1716 3.8147e-07
    endloop
  endfacet
  facet normal 0 0 -1
    outer loop
      vertex -31.8284 34.1716 3.8147e-07
      vertex -27.9899 38.0101 3.8147e-07
      vertex -31.5376 33.908 3.8147e-07
    endloop
  endfacet
  facet normal 0 0 -1
    outer loop
      vertex -31.5376 33.908 3.8147e-07
      vertex -27.9899 38.0101 3.8147e-07
      vertex -31.2223 33.6741 3.8147e-07
    endloop
  endfacet
  facet normal -0 0 -1
    outer loop
      vertex -27.8881 37.9178 3.8147e-07
      vertex -31.2223 33.6741 3.8147e-07
      vertex -27.9899 38.0101 3.8147e-07
    endloop
  endfacet
  facet normal 0 0 -1
    outer loop
      vertex -31.2223 33.6741 3.8147e-07
      vertex -27.8881 37.9178 3.8147e-07
      vertex -30.8856 33.4723 3.8147e-07
    endloop
  endfacet
  facet normal 0 0 -1
    outer loop
      vertex -30.8856 33.4723 3.8147e-07
      vertex -27.8881 37.9178 3.8147e-07
      vertex -30.5307 33.3045 3.8147e-07
    endloop
  endfacet
  facet normal 0 0 -1
    outer loop
      vertex -30.5307 33.3045 3.8147e-07
      vertex -27.8881 37.9178 3.8147e-07
      vertex -30.1611 33.1722 3.8147e-07
    endloop
  endfacet
  facet normal -0 0 -1
    outer loop
      vertex -27.7778 37.8359 3.8147e-07
      vertex -30.1611 33.1722 3.8147e-07
      vertex -27.8881 37.9178 3.8147e-07
    endloop
  endfacet
  facet normal 0 0 -1
    outer loop
      vertex -30.1611 33.1722 3.8147e-07
      vertex -27.7778 37.8359 3.8147e-07
      vertex -29.7803 33.0769 3.8147e-07
    endloop
  endfacet
  facet normal 0 0 -1
    outer loop
      vertex -29.7803 33.0769 3.8147e-07
      vertex -27.7778 37.8359 3.8147e-07
      vertex -29.3921 33.0193 3.8147e-07
    endloop
  endfacet
  facet normal 0 0 -1
    outer loop
      vertex -29.3921 33.0193 3.8147e-07
      vertex -27.7778 37.8359 3.8147e-07
      vertex -29 33 3.8147e-07
    endloop
  endfacet
  facet normal -0 0 -1
    outer loop
      vertex -27.66 37.7653 3.8147e-07
      vertex -29 33 3.8147e-07
      vertex -27.7778 37.8359 3.8147e-07
    endloop
  endfacet
  facet normal -0 0 -1
    outer loop
      vertex -27.5358 37.7066 3.8147e-07
      vertex -29 33 3.8147e-07
      vertex -27.66 37.7653 3.8147e-07
    endloop
  endfacet
  facet normal -0 0 -1
    outer loop
      vertex -27.4064 37.6603 3.8147e-07
      vertex -29 33 3.8147e-07
      vertex -27.5358 37.7066 3.8147e-07
    endloop
  endfacet
  facet normal -0 0 -1
    outer loop
      vertex -27.2731 37.6269 3.8147e-07
      vertex -29 33 3.8147e-07
      vertex -27.4064 37.6603 3.8147e-07
    endloop
  endfacet
  facet normal -0 0 -1
    outer loop
      vertex -27.1372 37.6067 3.8147e-07
      vertex -29 33 3.8147e-07
      vertex -27.2731 37.6269 3.8147e-07
    endloop
  endfacet
  facet normal -0 0 -1
    outer loop
      vertex -27 37.6 3.8147e-07
      vertex -29 33 3.8147e-07
      vertex -27.1372 37.6067 3.8147e-07
    endloop
  endfacet
  facet normal -0 0 -1
    outer loop
      vertex 32.092 77.5376 3.8147e-07
      vertex 27.9899 73.99 3.8147e-07
      vertex 31.8284 77.8284 3.8147e-07
    endloop
  endfacet
  facet normal -0 0 -1
    outer loop
      vertex 31.8284 77.8284 3.8147e-07
      vertex 27.9899 73.99 3.8147e-07
      vertex 31.5376 78.092 3.8147e-07
    endloop
  endfacet
  facet normal -0 0 -1
    outer loop
      vertex 31.5376 78.092 3.8147e-07
      vertex 27.9899 73.99 3.8147e-07
      vertex 31.2223 78.3259 3.8147e-07
    endloop
  endfacet
  facet normal 0 0 -1
    outer loop
      vertex 27.8881 74.0822 3.8147e-07
      vertex 31.2223 78.3259 3.8147e-07
      vertex 27.9899 73.99 3.8147e-07
    endloop
  endfacet
  facet normal -0 0 -1
    outer loop
      vertex 31.2223 78.3259 3.8147e-07
      vertex 27.8881 74.0822 3.8147e-07
      vertex 30.8856 78.5277 3.8147e-07
    endloop
  endfacet
  facet normal -0 0 -1
    outer loop
      vertex 30.8856 78.5277 3.8147e-07
      vertex 27.8881 74.0822 3.8147e-07
      vertex 30.5307 78.6955 3.8147e-07
    endloop
  endfacet
  facet normal -0 0 -1
    outer loop
      vertex 30.5307 78.6955 3.8147e-07
      vertex 27.8881 74.0822 3.8147e-07
      vertex 30.1611 78.8278 3.8147e-07
    endloop
  endfacet
  facet normal 0 0 -1
    outer loop
      vertex 27.7778 74.1641 3.8147e-07
      vertex 30.1611 78.8278 3.8147e-07
      vertex 27.8881 74.0822 3.8147e-07
    endloop
  endfacet
  facet normal -0 0 -1
    outer loop
      vertex 30.1611 78.8278 3.8147e-07
      vertex 27.7778 74.1641 3.8147e-07
      vertex 29.7803 78.9231 3.8147e-07
    endloop
  endfacet
  facet normal -0 0 -1
    outer loop
      vertex 29.7803 78.9231 3.8147e-07
      vertex 27.7778 74.1641 3.8147e-07
      vertex 29.3921 78.9807 3.8147e-07
    endloop
  endfacet
  facet normal -0 0 -1
    outer loop
      vertex 29.3921 78.9807 3.8147e-07
      vertex 27.7778 74.1641 3.8147e-07
      vertex 29 79 3.8147e-07
    endloop
  endfacet
  facet normal 0 0 -1
    outer loop
      vertex 27.66 74.2347 3.8147e-07
      vertex 29 79 3.8147e-07
      vertex 27.7778 74.1641 3.8147e-07
    endloop
  endfacet
  facet normal 0 0 -1
    outer loop
      vertex 27.5358 74.2934 3.8147e-07
      vertex 29 79 3.8147e-07
      vertex 27.66 74.2347 3.8147e-07
    endloop
  endfacet
  facet normal 0 0 -1
    outer loop
      vertex 27.4064 74.3397 3.8147e-07
      vertex 29 79 3.8147e-07
      vertex 27.5358 74.2934 3.8147e-07
    endloop
  endfacet
  facet normal 0 0 -1
    outer loop
      vertex 27.2731 74.3731 3.8147e-07
      vertex 29 79 3.8147e-07
      vertex 27.4064 74.3397 3.8147e-07
    endloop
  endfacet
  facet normal 0 0 -1
    outer loop
      vertex 27.1372 74.3933 3.8147e-07
      vertex 29 79 3.8147e-07
      vertex 27.2731 74.3731 3.8147e-07
    endloop
  endfacet
  facet normal 0 0 -1
    outer loop
      vertex 27 74.4 3.8147e-07
      vertex 29 79 3.8147e-07
      vertex 27.1372 74.3933 3.8147e-07
    endloop
  endfacet
  facet normal 0 0 -1
    outer loop
      vertex 26.8628 74.3933 3.8147e-07
      vertex 29 79 3.8147e-07
      vertex 27 74.4 3.8147e-07
    endloop
  endfacet
  facet normal 0 0 -1
    outer loop
      vertex 26.7269 74.3731 3.8147e-07
      vertex 29 79 3.8147e-07
      vertex 26.8628 74.3933 3.8147e-07
    endloop
  endfacet
  facet normal 0 0 -1
    outer loop
      vertex 26.5936 74.3397 3.8147e-07
      vertex 29 79 3.8147e-07
      vertex 26.7269 74.3731 3.8147e-07
    endloop
  endfacet
  facet normal 0 0 -1
    outer loop
      vertex 26.4642 74.2934 3.8147e-07
      vertex 29 79 3.8147e-07
      vertex 26.5936 74.3397 3.8147e-07
    endloop
  endfacet
  facet normal 0 0 -1
    outer loop
      vertex 26.34 74.2347 3.8147e-07
      vertex 29 79 3.8147e-07
      vertex 26.4642 74.2934 3.8147e-07
    endloop
  endfacet
  facet normal 0 0 -1
    outer loop
      vertex 26.2222 74.1641 3.8147e-07
      vertex 29 79 3.8147e-07
      vertex 26.34 74.2347 3.8147e-07
    endloop
  endfacet
  facet normal 0 0 -1
    outer loop
      vertex 26.1118 74.0822 3.8147e-07
      vertex 29 79 3.8147e-07
      vertex 26.2222 74.1641 3.8147e-07
    endloop
  endfacet
  facet normal 0 0 -1
    outer loop
      vertex 26.01 73.99 3.8147e-07
      vertex 29 79 3.8147e-07
      vertex 26.1118 74.0822 3.8147e-07
    endloop
  endfacet
  facet normal 0 0 -1
    outer loop
      vertex 25.9178 73.8882 3.8147e-07
      vertex 29 79 3.8147e-07
      vertex 26.01 73.99 3.8147e-07
    endloop
  endfacet
  facet normal 0 0 -1
    outer loop
      vertex 25.8359 73.7778 3.8147e-07
      vertex 29 79 3.8147e-07
      vertex 25.9178 73.8882 3.8147e-07
    endloop
  endfacet
  facet normal 0 0 -1
    outer loop
      vertex 25.6067 72.8628 3.8147e-07
      vertex -25.6 73 3.8147e-07
      vertex 25.6 73 3.8147e-07
    endloop
  endfacet
  facet normal 0 0 -1
    outer loop
      vertex 25.6 73 3.8147e-07
      vertex -25.6 73 3.8147e-07
      vertex 25.6067 73.1372 3.8147e-07
    endloop
  endfacet
  facet normal 0 0 -1
    outer loop
      vertex -25.6067 73.1372 3.8147e-07
      vertex 25.6067 73.1372 3.8147e-07
      vertex -25.6 73 3.8147e-07
    endloop
  endfacet
  facet normal 0 0 -1
    outer loop
      vertex 25.6067 73.1372 3.8147e-07
      vertex -25.6067 73.1372 3.8147e-07
      vertex 25.6269 73.2731 3.8147e-07
    endloop
  endfacet
  facet normal 0 0 -1
    outer loop
      vertex -25.6269 73.2731 3.8147e-07
      vertex 25.6269 73.2731 3.8147e-07
      vertex -25.6067 73.1372 3.8147e-07
    endloop
  endfacet
  facet normal 0 0 -1
    outer loop
      vertex 25.6269 73.2731 3.8147e-07
      vertex -25.6269 73.2731 3.8147e-07
      vertex 25.6603 73.4064 3.8147e-07
    endloop
  endfacet
  facet normal 0 0 -1
    outer loop
      vertex -25.6603 73.4064 3.8147e-07
      vertex 25.6603 73.4064 3.8147e-07
      vertex -25.6269 73.2731 3.8147e-07
    endloop
  endfacet
  facet normal 0 0 -1
    outer loop
      vertex 25.6603 73.4064 3.8147e-07
      vertex -25.6603 73.4064 3.8147e-07
      vertex 25.7066 73.5358 3.8147e-07
    endloop
  endfacet
  facet normal 0 0 -1
    outer loop
      vertex -25.7066 73.5358 3.8147e-07
      vertex 25.7066 73.5358 3.8147e-07
      vertex -25.6603 73.4064 3.8147e-07
    endloop
  endfacet
  facet normal 0 0 -1
    outer loop
      vertex 25.7066 73.5358 3.8147e-07
      vertex -25.7066 73.5358 3.8147e-07
      vertex 25.7653 73.66 3.8147e-07
    endloop
  endfacet
  facet normal 0 0 -1
    outer loop
      vertex -25.7653 73.66 3.8147e-07
      vertex 25.7653 73.66 3.8147e-07
      vertex -25.7066 73.5358 3.8147e-07
    endloop
  endfacet
  facet normal 0 0 -1
    outer loop
      vertex 25.7653 73.66 3.8147e-07
      vertex -25.7653 73.66 3.8147e-07
      vertex 25.8359 73.7778 3.8147e-07
    endloop
  endfacet
  facet normal 0 0 -1
    outer loop
      vertex -25.8359 73.7778 3.8147e-07
      vertex 25.8359 73.7778 3.8147e-07
      vertex -25.7653 73.66 3.8147e-07
    endloop
  endfacet
  facet normal 0 0 -1
    outer loop
      vertex 25.8359 73.7778 3.8147e-07
      vertex -25.8359 73.7778 3.8147e-07
      vertex 29 79 3.8147e-07
    endloop
  endfacet
  facet normal 0 0 -1
    outer loop
      vertex -25.9178 73.8882 3.8147e-07
      vertex 29 79 3.8147e-07
      vertex -25.8359 73.7778 3.8147e-07
    endloop
  endfacet
  facet normal 0 0 -1
    outer loop
      vertex -29 79 3.8147e-07
      vertex -25.9178 73.8882 3.8147e-07
      vertex -26.01 73.99 3.8147e-07
    endloop
  endfacet
  facet normal 0 0 -1
    outer loop
      vertex -29 79 3.8147e-07
      vertex -26.01 73.99 3.8147e-07
      vertex -26.1118 74.0822 3.8147e-07
    endloop
  endfacet
  facet normal 0 0 -1
    outer loop
      vertex -29 79 3.8147e-07
      vertex -26.1118 74.0822 3.8147e-07
      vertex -26.2222 74.1641 3.8147e-07
    endloop
  endfacet
  facet normal 0 0 -1
    outer loop
      vertex -29 79 3.8147e-07
      vertex -26.2222 74.1641 3.8147e-07
      vertex -26.34 74.2347 3.8147e-07
    endloop
  endfacet
  facet normal 0 0 -1
    outer loop
      vertex -29 79 3.8147e-07
      vertex -26.34 74.2347 3.8147e-07
      vertex -26.4642 74.2934 3.8147e-07
    endloop
  endfacet
  facet normal 0 0 -1
    outer loop
      vertex -29 79 3.8147e-07
      vertex -26.4642 74.2934 3.8147e-07
      vertex -26.5936 74.3397 3.8147e-07
    endloop
  endfacet
  facet normal 0 0 -1
    outer loop
      vertex -29 79 3.8147e-07
      vertex -26.5936 74.3397 3.8147e-07
      vertex -26.7269 74.3731 3.8147e-07
    endloop
  endfacet
  facet normal 0 0 -1
    outer loop
      vertex -29 79 3.8147e-07
      vertex -26.7269 74.3731 3.8147e-07
      vertex -26.8628 74.3933 3.8147e-07
    endloop
  endfacet
  facet normal 0 0 -1
    outer loop
      vertex -29 79 3.8147e-07
      vertex -26.8628 74.3933 3.8147e-07
      vertex -27 74.4 3.8147e-07
    endloop
  endfacet
  facet normal 0 0 -1
    outer loop
      vertex -29 79 3.8147e-07
      vertex -27 74.4 3.8147e-07
      vertex -27.1372 74.3933 3.8147e-07
    endloop
  endfacet
  facet normal 0 0 -1
    outer loop
      vertex -25.9178 73.8882 3.8147e-07
      vertex -29 79 3.8147e-07
      vertex 29 79 3.8147e-07
    endloop
  endfacet
  facet normal 0 0 -1
    outer loop
      vertex -27.2731 74.3731 3.8147e-07
      vertex -29 79 3.8147e-07
      vertex -27.1372 74.3933 3.8147e-07
    endloop
  endfacet
  facet normal 0 0 -1
    outer loop
      vertex -27.4064 74.3397 3.8147e-07
      vertex -29 79 3.8147e-07
      vertex -27.2731 74.3731 3.8147e-07
    endloop
  endfacet
  facet normal 0 0 -1
    outer loop
      vertex -27.5358 74.2934 3.8147e-07
      vertex -29 79 3.8147e-07
      vertex -27.4064 74.3397 3.8147e-07
    endloop
  endfacet
  facet normal 0 0 -1
    outer loop
      vertex -27.66 74.2347 3.8147e-07
      vertex -29 79 3.8147e-07
      vertex -27.5358 74.2934 3.8147e-07
    endloop
  endfacet
  facet normal 0 0 -1
    outer loop
      vertex -27.7778 74.1641 3.8147e-07
      vertex -29 79 3.8147e-07
      vertex -27.66 74.2347 3.8147e-07
    endloop
  endfacet
  facet normal 0 0 -1
    outer loop
      vertex -30.1611 78.8278 3.8147e-07
      vertex -27.7778 74.1641 3.8147e-07
      vertex -27.8881 74.0822 3.8147e-07
    endloop
  endfacet
  facet normal 0 0 -1
    outer loop
      vertex -31.2223 78.3259 3.8147e-07
      vertex -27.8881 74.0822 3.8147e-07
      vertex -27.9899 73.99 3.8147e-07
    endloop
  endfacet
  facet normal 0 0 -1
    outer loop
      vertex -32.092 77.5376 3.8147e-07
      vertex -27.9899 73.99 3.8147e-07
      vertex -28.0822 73.8882 3.8147e-07
    endloop
  endfacet
  facet normal 0 0 -1
    outer loop
      vertex -32.8278 76.1611 3.8147e-07
      vertex -28.0822 73.8882 3.8147e-07
      vertex -28.1641 73.7778 3.8147e-07
    endloop
  endfacet
  facet normal 0 0 -1
    outer loop
      vertex -32.9807 75.3921 3.8147e-07
      vertex -28.1641 73.7778 3.8147e-07
      vertex -28.2347 73.66 3.8147e-07
    endloop
  endfacet
  facet normal 0 0 -1
    outer loop
      vertex -33 75 3.8147e-07
      vertex -28.2347 73.66 3.8147e-07
      vertex -28.2934 73.5358 3.8147e-07
    endloop
  endfacet
  facet normal 0 0 -1
    outer loop
      vertex -33 75 3.8147e-07
      vertex -28.2934 73.5358 3.8147e-07
      vertex -28.3397 73.4064 3.8147e-07
    endloop
  endfacet
  facet normal 0 0 -1
    outer loop
      vertex -33 75 3.8147e-07
      vertex -28.3397 73.4064 3.8147e-07
      vertex -28.3731 73.2731 3.8147e-07
    endloop
  endfacet
  facet normal 0 0 -1
    outer loop
      vertex -33 75 3.8147e-07
      vertex -28.3731 73.2731 3.8147e-07
      vertex -28.3933 73.1372 3.8147e-07
    endloop
  endfacet
  facet normal 0 0 -1
    outer loop
      vertex -33 75 3.8147e-07
      vertex -28.3933 73.1372 3.8147e-07
      vertex -28.4 73 3.8147e-07
    endloop
  endfacet
  facet normal 0 0 -1
    outer loop
      vertex -28.3731 72.7269 3.8147e-07
      vertex -33 75 3.8147e-07
      vertex -28.3933 72.8628 3.8147e-07
    endloop
  endfacet
  facet normal -0 0 -1
    outer loop
      vertex -27.9899 38.0101 3.8147e-07
      vertex -32.092 34.4624 3.8147e-07
      vertex -28.0822 38.1119 3.8147e-07
    endloop
  endfacet
  facet normal 0 0 -1
    outer loop
      vertex -28.3933 72.8628 3.8147e-07
      vertex -33 75 3.8147e-07
      vertex -28.4 73 3.8147e-07
    endloop
  endfacet
  facet normal 0 0 -1
    outer loop
      vertex -32.3259 34.7777 3.8147e-07
      vertex -28.0822 38.1119 3.8147e-07
      vertex -32.092 34.4624 3.8147e-07
    endloop
  endfacet
  facet normal 0 0 -1
    outer loop
      vertex -28.2347 73.66 3.8147e-07
      vertex -33 75 3.8147e-07
      vertex -32.9807 75.3921 3.8147e-07
    endloop
  endfacet
  facet normal 0 0 -1
    outer loop
      vertex -32.5277 35.1144 3.8147e-07
      vertex -28.0822 38.1119 3.8147e-07
      vertex -32.3259 34.7777 3.8147e-07
    endloop
  endfacet
  facet normal 0 0 -1
    outer loop
      vertex -27.7778 74.1641 3.8147e-07
      vertex -29.3921 78.9807 3.8147e-07
      vertex -29 79 3.8147e-07
    endloop
  endfacet
  facet normal 0 0 -1
    outer loop
      vertex -32.6955 35.4693 3.8147e-07
      vertex -28.0822 38.1119 3.8147e-07
      vertex -32.5277 35.1144 3.8147e-07
    endloop
  endfacet
  facet normal 0 0 -1
    outer loop
      vertex -27.7778 74.1641 3.8147e-07
      vertex -29.7803 78.9231 3.8147e-07
      vertex -29.3921 78.9807 3.8147e-07
    endloop
  endfacet
  facet normal 0 0 -1
    outer loop
      vertex -32.8278 35.8389 3.8147e-07
      vertex -28.0822 38.1119 3.8147e-07
      vertex -32.6955 35.4693 3.8147e-07
    endloop
  endfacet
  facet normal 0 0 -1
    outer loop
      vertex -27.7778 74.1641 3.8147e-07
      vertex -30.1611 78.8278 3.8147e-07
      vertex -29.7803 78.9231 3.8147e-07
    endloop
  endfacet
  facet normal -0 0 -1
    outer loop
      vertex -28.0822 38.1119 3.8147e-07
      vertex -32.8278 35.8389 3.8147e-07
      vertex -28.1641 38.2222 3.8147e-07
    endloop
  endfacet
  facet normal 0 0 -1
    outer loop
      vertex -27.8881 74.0822 3.8147e-07
      vertex -30.5307 78.6955 3.8147e-07
      vertex -30.1611 78.8278 3.8147e-07
    endloop
  endfacet
  facet normal 0 0 -1
    outer loop
      vertex -32.9231 36.2197 3.8147e-07
      vertex -28.1641 38.2222 3.8147e-07
      vertex -32.8278 35.8389 3.8147e-07
    endloop
  endfacet
  facet normal 0 0 -1
    outer loop
      vertex -27.8881 74.0822 3.8147e-07
      vertex -30.8856 78.5277 3.8147e-07
      vertex -30.5307 78.6955 3.8147e-07
    endloop
  endfacet
  facet normal 0 0 -1
    outer loop
      vertex -32.9807 36.6079 3.8147e-07
      vertex -28.1641 38.2222 3.8147e-07
      vertex -32.9231 36.2197 3.8147e-07
    endloop
  endfacet
  facet normal 0 0 -1
    outer loop
      vertex -27.8881 74.0822 3.8147e-07
      vertex -31.2223 78.3259 3.8147e-07
      vertex -30.8856 78.5277 3.8147e-07
    endloop
  endfacet
  facet normal -0 0 -1
    outer loop
      vertex -28.1641 38.2222 3.8147e-07
      vertex -32.9807 36.6079 3.8147e-07
      vertex -28.2347 38.34 3.8147e-07
    endloop
  endfacet
  facet normal 0 0 -1
    outer loop
      vertex -27.9899 73.99 3.8147e-07
      vertex -31.5376 78.092 3.8147e-07
      vertex -31.2223 78.3259 3.8147e-07
    endloop
  endfacet
  facet normal 0 0 -1
    outer loop
      vertex -33 37 3.8147e-07
      vertex -28.2347 38.34 3.8147e-07
      vertex -32.9807 36.6079 3.8147e-07
    endloop
  endfacet
  facet normal 0 0 -1
    outer loop
      vertex -27.9899 73.99 3.8147e-07
      vertex -31.8284 77.8284 3.8147e-07
      vertex -31.5376 78.092 3.8147e-07
    endloop
  endfacet
  facet normal -0 0 -1
    outer loop
      vertex -28.2347 38.34 3.8147e-07
      vertex -33 37 3.8147e-07
      vertex -28.2934 38.4642 3.8147e-07
    endloop
  endfacet
  facet normal 0 0 -1
    outer loop
      vertex -27.9899 73.99 3.8147e-07
      vertex -32.092 77.5376 3.8147e-07
      vertex -31.8284 77.8284 3.8147e-07
    endloop
  endfacet
  facet normal -0 0 -1
    outer loop
      vertex -28.2934 38.4642 3.8147e-07
      vertex -33 37 3.8147e-07
      vertex -28.3397 38.5936 3.8147e-07
    endloop
  endfacet
  facet normal 0 0 -1
    outer loop
      vertex -28.0822 73.8882 3.8147e-07
      vertex -32.3259 77.2223 3.8147e-07
      vertex -32.092 77.5376 3.8147e-07
    endloop
  endfacet
  facet normal -0 0 -1
    outer loop
      vertex -28.3397 38.5936 3.8147e-07
      vertex -33 37 3.8147e-07
      vertex -28.3731 38.7269 3.8147e-07
    endloop
  endfacet
  facet normal 0 0 -1
    outer loop
      vertex -28.0822 73.8882 3.8147e-07
      vertex -32.5277 76.8856 3.8147e-07
      vertex -32.3259 77.2223 3.8147e-07
    endloop
  endfacet
  facet normal -0 0 -1
    outer loop
      vertex -28.3731 38.7269 3.8147e-07
      vertex -33 37 3.8147e-07
      vertex -28.3933 38.8628 3.8147e-07
    endloop
  endfacet
  facet normal 0 0 -1
    outer loop
      vertex -28.0822 73.8882 3.8147e-07
      vertex -32.6955 76.5307 3.8147e-07
      vertex -32.5277 76.8856 3.8147e-07
    endloop
  endfacet
  facet normal -0 0 -1
    outer loop
      vertex -28.3933 38.8628 3.8147e-07
      vertex -33 37 3.8147e-07
      vertex -28.4 39 3.8147e-07
    endloop
  endfacet
  facet normal 0 0 -1
    outer loop
      vertex -28.0822 73.8882 3.8147e-07
      vertex -32.8278 76.1611 3.8147e-07
      vertex -32.6955 76.5307 3.8147e-07
    endloop
  endfacet
  facet normal 0 0 -1
    outer loop
      vertex -28.1641 73.7778 3.8147e-07
      vertex -32.9231 75.7803 3.8147e-07
      vertex -32.8278 76.1611 3.8147e-07
    endloop
  endfacet
  facet normal 0 0 -1
    outer loop
      vertex -28.1641 73.7778 3.8147e-07
      vertex -32.9807 75.3921 3.8147e-07
      vertex -32.9231 75.7803 3.8147e-07
    endloop
  endfacet
  facet normal -0.9892 0.146569 0
    outer loop
      vertex -30.3913 74.7764 2.4
      vertex -30.3654 74.9512 3.9
      vertex -30.3654 74.9512 2.4
    endloop
  endfacet
  facet normal -0.9892 0.146569 0
    outer loop
      vertex -30.3654 74.9512 3.9
      vertex -30.3913 74.7764 2.4
      vertex -30.3913 74.7764 3.9
    endloop
  endfacet
  facet normal 0.0492599 -0.998786 0
    outer loop
      vertex 28.6 35.6 2.4
      vertex 28.7764 35.6087 3.9
      vertex 28.6 35.6 3.9
    endloop
  endfacet
  facet normal 0.0492599 -0.998786 0
    outer loop
      vertex 28.7764 35.6087 3.9
      vertex 28.6 35.6 2.4
      vertex 28.7764 35.6087 2.4
    endloop
  endfacet
  facet normal 0.595552 -0.803316 0
    outer loop
      vertex 29.6 35.9034 2.4
      vertex 29.7419 36.0086 3.9
      vertex 29.6 35.9034 3.9
    endloop
  endfacet
  facet normal 0.595552 -0.803316 0
    outer loop
      vertex 29.7419 36.0086 3.9
      vertex 29.6 35.9034 2.4
      vertex 29.7419 36.0086 2.4
    endloop
  endfacet
  facet normal -0.998786 0.0492599 0
    outer loop
      vertex -30.4 74.6 2.4
      vertex -30.3913 74.7764 3.9
      vertex -30.3913 74.7764 2.4
    endloop
  endfacet
  facet normal -0.998786 0.0492599 0
    outer loop
      vertex -30.3913 74.7764 3.9
      vertex -30.4 74.6 2.4
      vertex -30.4 74.6 3.9
    endloop
  endfacet
  facet normal -0.94155 -0.336874 0
    outer loop
      vertex -30.263 36.7112 2.4
      vertex -30.3225 36.8775 3.9
      vertex -30.3225 36.8775 2.4
    endloop
  endfacet
  facet normal -0.94155 -0.336874 0
    outer loop
      vertex -30.3225 36.8775 3.9
      vertex -30.263 36.7112 2.4
      vertex -30.263 36.7112 3.9
    endloop
  endfacet
  facet normal 0.94155 -0.336874 0
    outer loop
      vertex 30.263 36.7112 3.9
      vertex 30.3225 36.8775 2.4
      vertex 30.3225 36.8775 3.9
    endloop
  endfacet
  facet normal 0.94155 -0.336874 0
    outer loop
      vertex 30.3225 36.8775 2.4
      vertex 30.263 36.7112 3.9
      vertex 30.263 36.7112 2.4
    endloop
  endfacet
  facet normal 1 -0 0
    outer loop
      vertex 30.4 37.4 3.9
      vertex 30.4 74.6 2.4
      vertex 30.4 74.6 3.9
    endloop
  endfacet
  facet normal 1 0 0
    outer loop
      vertex 30.4 74.6 2.4
      vertex 30.4 37.4 3.9
      vertex 30.4 37.4 2.4
    endloop
  endfacet
  facet normal 0 -1 0
    outer loop
      vertex -28.6 35.6 2.4
      vertex 28.6 35.6 3.9
      vertex -28.6 35.6 3.9
    endloop
  endfacet
  facet normal 0 -1 -0
    outer loop
      vertex 28.6 35.6 3.9
      vertex -28.6 35.6 2.4
      vertex 28.6 35.6 2.4
    endloop
  endfacet
  facet normal -0.146569 0.9892 0
    outer loop
      vertex -28.7764 76.3913 2.4
      vertex -28.9512 76.3654 3.9
      vertex -28.7764 76.3913 3.9
    endloop
  endfacet
  facet normal -0.146569 0.9892 0
    outer loop
      vertex -28.9512 76.3654 3.9
      vertex -28.7764 76.3913 2.4
      vertex -28.9512 76.3654 2.4
    endloop
  endfacet
  facet normal 0.336874 0.94155 -0
    outer loop
      vertex 29.2888 76.263 2.4
      vertex 29.1225 76.3225 3.9
      vertex 29.2888 76.263 3.9
    endloop
  endfacet
  facet normal 0.336874 0.94155 0
    outer loop
      vertex 29.1225 76.3225 3.9
      vertex 29.2888 76.263 2.4
      vertex 29.1225 76.3225 2.4
    endloop
  endfacet
  facet normal -1 0 0
    outer loop
      vertex -30.4 37.4 2.4
      vertex -30.4 74.6 3.9
      vertex -30.4 74.6 2.4
    endloop
  endfacet
  facet normal -1 -0 0
    outer loop
      vertex -30.4 74.6 3.9
      vertex -30.4 37.4 2.4
      vertex -30.4 37.4 3.9
    endloop
  endfacet
  facet normal 0.857493 -0.514496 0
    outer loop
      vertex 30.0966 36.4 3.9
      vertex 30.1875 36.5515 2.4
      vertex 30.1875 36.5515 3.9
    endloop
  endfacet
  facet normal 0.857493 -0.514496 0
    outer loop
      vertex 30.1875 36.5515 2.4
      vertex 30.0966 36.4 3.9
      vertex 30.0966 36.4 2.4
    endloop
  endfacet
  facet normal 0 1 -0
    outer loop
      vertex 28.6 76.4 2.4
      vertex -28.6 76.4 3.9
      vertex 28.6 76.4 3.9
    endloop
  endfacet
  facet normal 0 1 0
    outer loop
      vertex -28.6 76.4 3.9
      vertex 28.6 76.4 2.4
      vertex -28.6 76.4 2.4
    endloop
  endfacet
  facet normal -0.94155 0.336874 0
    outer loop
      vertex -30.3225 75.1225 2.4
      vertex -30.263 75.2888 3.9
      vertex -30.263 75.2888 2.4
    endloop
  endfacet
  facet normal -0.94155 0.336874 0
    outer loop
      vertex -30.263 75.2888 3.9
      vertex -30.3225 75.1225 2.4
      vertex -30.3225 75.1225 3.9
    endloop
  endfacet
  facet normal 0.803316 -0.595552 0
    outer loop
      vertex 29.9914 36.2581 3.9
      vertex 30.0966 36.4 2.4
      vertex 30.0966 36.4 3.9
    endloop
  endfacet
  facet normal 0.803316 -0.595552 0
    outer loop
      vertex 30.0966 36.4 2.4
      vertex 29.9914 36.2581 3.9
      vertex 29.9914 36.2581 2.4
    endloop
  endfacet
  facet normal 0.970042 -0.242935 0
    outer loop
      vertex 30.3225 36.8775 3.9
      vertex 30.3654 37.0488 2.4
      vertex 30.3654 37.0488 3.9
    endloop
  endfacet
  facet normal 0.970042 -0.242935 0
    outer loop
      vertex 30.3654 37.0488 2.4
      vertex 30.3225 36.8775 3.9
      vertex 30.3225 36.8775 2.4
    endloop
  endfacet
  facet normal -0.741066 0.671432 0
    outer loop
      vertex -29.9914 75.7419 2.4
      vertex -29.8728 75.8728 3.9
      vertex -29.8728 75.8728 2.4
    endloop
  endfacet
  facet normal -0.741066 0.671432 0
    outer loop
      vertex -29.8728 75.8728 3.9
      vertex -29.9914 75.7419 2.4
      vertex -29.9914 75.7419 3.9
    endloop
  endfacet
  facet normal 0.90406 0.427405 0
    outer loop
      vertex 30.263 75.2888 3.9
      vertex 30.1875 75.4485 2.4
      vertex 30.1875 75.4485 3.9
    endloop
  endfacet
  facet normal 0.90406 0.427405 0
    outer loop
      vertex 30.1875 75.4485 2.4
      vertex 30.263 75.2888 3.9
      vertex 30.263 75.2888 2.4
    endloop
  endfacet
  facet normal 0.0492599 0.998786 -0
    outer loop
      vertex 28.7764 76.3913 2.4
      vertex 28.6 76.4 3.9
      vertex 28.7764 76.3913 3.9
    endloop
  endfacet
  facet normal 0.0492599 0.998786 0
    outer loop
      vertex 28.6 76.4 3.9
      vertex 28.7764 76.3913 2.4
      vertex 28.6 76.4 2.4
    endloop
  endfacet
  facet normal 0.741066 0.671432 0
    outer loop
      vertex 29.9914 75.7419 3.9
      vertex 29.8728 75.8728 2.4
      vertex 29.8728 75.8728 3.9
    endloop
  endfacet
  facet normal 0.741066 0.671432 0
    outer loop
      vertex 29.8728 75.8728 2.4
      vertex 29.9914 75.7419 3.9
      vertex 29.9914 75.7419 2.4
    endloop
  endfacet
  facet normal 0.146569 -0.9892 0
    outer loop
      vertex 28.7764 35.6087 2.4
      vertex 28.9512 35.6346 3.9
      vertex 28.7764 35.6087 3.9
    endloop
  endfacet
  facet normal 0.146569 -0.9892 0
    outer loop
      vertex 28.9512 35.6346 3.9
      vertex 28.7764 35.6087 2.4
      vertex 28.9512 35.6346 2.4
    endloop
  endfacet
  facet normal 0.9892 0.146569 0
    outer loop
      vertex 30.3913 74.7764 3.9
      vertex 30.3654 74.9512 2.4
      vertex 30.3654 74.9512 3.9
    endloop
  endfacet
  facet normal 0.9892 0.146569 0
    outer loop
      vertex 30.3654 74.9512 2.4
      vertex 30.3913 74.7764 3.9
      vertex 30.3913 74.7764 2.4
    endloop
  endfacet
  facet normal 0.514496 -0.857493 0
    outer loop
      vertex 29.4485 35.8125 2.4
      vertex 29.6 35.9034 3.9
      vertex 29.4485 35.8125 3.9
    endloop
  endfacet
  facet normal 0.514496 -0.857493 0
    outer loop
      vertex 29.6 35.9034 3.9
      vertex 29.4485 35.8125 2.4
      vertex 29.6 35.9034 2.4
    endloop
  endfacet
  facet normal -0.595552 -0.803316 0
    outer loop
      vertex -29.7419 36.0086 2.4
      vertex -29.6 35.9034 3.9
      vertex -29.7419 36.0086 3.9
    endloop
  endfacet
  facet normal -0.595552 -0.803316 -0
    outer loop
      vertex -29.6 35.9034 3.9
      vertex -29.7419 36.0086 2.4
      vertex -29.6 35.9034 2.4
    endloop
  endfacet
  facet normal 0.998786 -0.0492599 0
    outer loop
      vertex 30.3913 37.2236 3.9
      vertex 30.4 37.4 2.4
      vertex 30.4 37.4 3.9
    endloop
  endfacet
  facet normal 0.998786 -0.0492599 0
    outer loop
      vertex 30.4 37.4 2.4
      vertex 30.3913 37.2236 3.9
      vertex 30.3913 37.2236 2.4
    endloop
  endfacet
  facet normal -0.671432 -0.741066 0
    outer loop
      vertex -29.8728 36.1272 2.4
      vertex -29.7419 36.0086 3.9
      vertex -29.8728 36.1272 3.9
    endloop
  endfacet
  facet normal -0.671432 -0.741066 -0
    outer loop
      vertex -29.7419 36.0086 3.9
      vertex -29.8728 36.1272 2.4
      vertex -29.7419 36.0086 2.4
    endloop
  endfacet
  facet normal -0.427405 -0.90406 0
    outer loop
      vertex -29.4485 35.8125 2.4
      vertex -29.2888 35.737 3.9
      vertex -29.4485 35.8125 3.9
    endloop
  endfacet
  facet normal -0.427405 -0.90406 -0
    outer loop
      vertex -29.2888 35.737 3.9
      vertex -29.4485 35.8125 2.4
      vertex -29.2888 35.737 2.4
    endloop
  endfacet
  facet normal 0.803316 0.595552 0
    outer loop
      vertex 30.0966 75.6 3.9
      vertex 29.9914 75.7419 2.4
      vertex 29.9914 75.7419 3.9
    endloop
  endfacet
  facet normal 0.803316 0.595552 0
    outer loop
      vertex 29.9914 75.7419 2.4
      vertex 30.0966 75.6 3.9
      vertex 30.0966 75.6 2.4
    endloop
  endfacet
  facet normal 0.671432 0.741066 -0
    outer loop
      vertex 29.8728 75.8728 2.4
      vertex 29.7419 75.9914 3.9
      vertex 29.8728 75.8728 3.9
    endloop
  endfacet
  facet normal 0.671432 0.741066 0
    outer loop
      vertex 29.7419 75.9914 3.9
      vertex 29.8728 75.8728 2.4
      vertex 29.7419 75.9914 2.4
    endloop
  endfacet
  facet normal -0.595552 0.803316 0
    outer loop
      vertex -29.6 76.0966 2.4
      vertex -29.7419 75.9914 3.9
      vertex -29.6 76.0966 3.9
    endloop
  endfacet
  facet normal -0.595552 0.803316 0
    outer loop
      vertex -29.7419 75.9914 3.9
      vertex -29.6 76.0966 2.4
      vertex -29.7419 75.9914 2.4
    endloop
  endfacet
  facet normal -0.998786 -0.0492599 0
    outer loop
      vertex -30.3913 37.2236 2.4
      vertex -30.4 37.4 3.9
      vertex -30.4 37.4 2.4
    endloop
  endfacet
  facet normal -0.998786 -0.0492599 0
    outer loop
      vertex -30.4 37.4 3.9
      vertex -30.3913 37.2236 2.4
      vertex -30.3913 37.2236 3.9
    endloop
  endfacet
  facet normal 0.242935 0.970042 -0
    outer loop
      vertex 29.1225 76.3225 2.4
      vertex 28.9512 76.3654 3.9
      vertex 29.1225 76.3225 3.9
    endloop
  endfacet
  facet normal 0.242935 0.970042 0
    outer loop
      vertex 28.9512 76.3654 3.9
      vertex 29.1225 76.3225 2.4
      vertex 28.9512 76.3654 2.4
    endloop
  endfacet
  facet normal 0.857493 0.514496 0
    outer loop
      vertex 30.1875 75.4485 3.9
      vertex 30.0966 75.6 2.4
      vertex 30.0966 75.6 3.9
    endloop
  endfacet
  facet normal 0.857493 0.514496 0
    outer loop
      vertex 30.0966 75.6 2.4
      vertex 30.1875 75.4485 3.9
      vertex 30.1875 75.4485 2.4
    endloop
  endfacet
  facet normal 0.9892 -0.146569 0
    outer loop
      vertex 30.3654 37.0488 3.9
      vertex 30.3913 37.2236 2.4
      vertex 30.3913 37.2236 3.9
    endloop
  endfacet
  facet normal 0.9892 -0.146569 0
    outer loop
      vertex 30.3913 37.2236 2.4
      vertex 30.3654 37.0488 3.9
      vertex 30.3654 37.0488 2.4
    endloop
  endfacet
  facet normal -0.90406 0.427405 0
    outer loop
      vertex -30.263 75.2888 2.4
      vertex -30.1875 75.4485 3.9
      vertex -30.1875 75.4485 2.4
    endloop
  endfacet
  facet normal -0.90406 0.427405 0
    outer loop
      vertex -30.1875 75.4485 3.9
      vertex -30.263 75.2888 2.4
      vertex -30.263 75.2888 3.9
    endloop
  endfacet
  facet normal 0.242935 -0.970042 0
    outer loop
      vertex 28.9512 35.6346 2.4
      vertex 29.1225 35.6775 3.9
      vertex 28.9512 35.6346 3.9
    endloop
  endfacet
  facet normal 0.242935 -0.970042 0
    outer loop
      vertex 29.1225 35.6775 3.9
      vertex 28.9512 35.6346 2.4
      vertex 29.1225 35.6775 2.4
    endloop
  endfacet
  facet normal -0.857493 0.514496 0
    outer loop
      vertex -30.1875 75.4485 2.4
      vertex -30.0966 75.6 3.9
      vertex -30.0966 75.6 2.4
    endloop
  endfacet
  facet normal -0.857493 0.514496 0
    outer loop
      vertex -30.0966 75.6 3.9
      vertex -30.1875 75.4485 2.4
      vertex -30.1875 75.4485 3.9
    endloop
  endfacet
  facet normal -0.803316 -0.595552 0
    outer loop
      vertex -29.9914 36.2581 2.4
      vertex -30.0966 36.4 3.9
      vertex -30.0966 36.4 2.4
    endloop
  endfacet
  facet normal -0.803316 -0.595552 0
    outer loop
      vertex -30.0966 36.4 3.9
      vertex -29.9914 36.2581 2.4
      vertex -29.9914 36.2581 3.9
    endloop
  endfacet
  facet normal 0.741066 -0.671432 0
    outer loop
      vertex 29.8728 36.1272 3.9
      vertex 29.9914 36.2581 2.4
      vertex 29.9914 36.2581 3.9
    endloop
  endfacet
  facet normal 0.741066 -0.671432 0
    outer loop
      vertex 29.9914 36.2581 2.4
      vertex 29.8728 36.1272 3.9
      vertex 29.8728 36.1272 2.4
    endloop
  endfacet
  facet normal -0.857493 -0.514496 0
    outer loop
      vertex -30.0966 36.4 2.4
      vertex -30.1875 36.5515 3.9
      vertex -30.1875 36.5515 2.4
    endloop
  endfacet
  facet normal -0.857493 -0.514496 0
    outer loop
      vertex -30.1875 36.5515 3.9
      vertex -30.0966 36.4 2.4
      vertex -30.0966 36.4 3.9
    endloop
  endfacet
  facet normal 0.336874 -0.94155 0
    outer loop
      vertex 29.1225 35.6775 2.4
      vertex 29.2888 35.737 3.9
      vertex 29.1225 35.6775 3.9
    endloop
  endfacet
  facet normal 0.336874 -0.94155 0
    outer loop
      vertex 29.2888 35.737 3.9
      vertex 29.1225 35.6775 2.4
      vertex 29.2888 35.737 2.4
    endloop
  endfacet
  facet normal 0.671432 -0.741066 0
    outer loop
      vertex 29.7419 36.0086 2.4
      vertex 29.8728 36.1272 3.9
      vertex 29.7419 36.0086 3.9
    endloop
  endfacet
  facet normal 0.671432 -0.741066 0
    outer loop
      vertex 29.8728 36.1272 3.9
      vertex 29.7419 36.0086 2.4
      vertex 29.8728 36.1272 2.4
    endloop
  endfacet
  facet normal -0.9892 -0.146569 0
    outer loop
      vertex -30.3654 37.0488 2.4
      vertex -30.3913 37.2236 3.9
      vertex -30.3913 37.2236 2.4
    endloop
  endfacet
  facet normal -0.9892 -0.146569 0
    outer loop
      vertex -30.3913 37.2236 3.9
      vertex -30.3654 37.0488 2.4
      vertex -30.3654 37.0488 3.9
    endloop
  endfacet
  facet normal -0.970042 -0.242935 0
    outer loop
      vertex -30.3225 36.8775 2.4
      vertex -30.3654 37.0488 3.9
      vertex -30.3654 37.0488 2.4
    endloop
  endfacet
  facet normal -0.970042 -0.242935 0
    outer loop
      vertex -30.3654 37.0488 3.9
      vertex -30.3225 36.8775 2.4
      vertex -30.3225 36.8775 3.9
    endloop
  endfacet
  facet normal 0.427405 0.90406 -0
    outer loop
      vertex 29.4485 76.1875 2.4
      vertex 29.2888 76.263 3.9
      vertex 29.4485 76.1875 3.9
    endloop
  endfacet
  facet normal 0.427405 0.90406 0
    outer loop
      vertex 29.2888 76.263 3.9
      vertex 29.4485 76.1875 2.4
      vertex 29.2888 76.263 2.4
    endloop
  endfacet
  facet normal 0.514496 0.857493 -0
    outer loop
      vertex 29.6 76.0966 2.4
      vertex 29.4485 76.1875 3.9
      vertex 29.6 76.0966 3.9
    endloop
  endfacet
  facet normal 0.514496 0.857493 0
    outer loop
      vertex 29.4485 76.1875 3.9
      vertex 29.6 76.0966 2.4
      vertex 29.4485 76.1875 2.4
    endloop
  endfacet
  facet normal 0.90406 -0.427405 0
    outer loop
      vertex 30.1875 36.5515 3.9
      vertex 30.263 36.7112 2.4
      vertex 30.263 36.7112 3.9
    endloop
  endfacet
  facet normal 0.90406 -0.427405 0
    outer loop
      vertex 30.263 36.7112 2.4
      vertex 30.1875 36.5515 3.9
      vertex 30.1875 36.5515 2.4
    endloop
  endfacet
  facet normal 0 0 1
    outer loop
      vertex 29.1086 74.4592 3.9
      vertex 30.4 74.6 3.9
      vertex 30.3913 74.7764 3.9
    endloop
  endfacet
  facet normal 0 0 1
    outer loop
      vertex 30.4 74.6 3.9
      vertex 29.2 74 3.9
      vertex 30.4 37.4 3.9
    endloop
  endfacet
  facet normal 0 0 1
    outer loop
      vertex 29.1086 74.4592 3.9
      vertex 30.3913 74.7764 3.9
      vertex 30.3654 74.9512 3.9
    endloop
  endfacet
  facet normal -0 0 1
    outer loop
      vertex 29.2 38 3.9
      vertex 30.4 37.4 3.9
      vertex 29.2 74 3.9
    endloop
  endfacet
  facet normal 0 0 1
    outer loop
      vertex 29.0583 74.5657 3.9
      vertex 30.3654 74.9512 3.9
      vertex 30.3225 75.1225 3.9
    endloop
  endfacet
  facet normal -0 0 1
    outer loop
      vertex 29.1942 37.8824 3.9
      vertex 30.4 37.4 3.9
      vertex 29.2 38 3.9
    endloop
  endfacet
  facet normal 0 0 1
    outer loop
      vertex 29.0583 74.5657 3.9
      vertex 30.3225 75.1225 3.9
      vertex 30.263 75.2888 3.9
    endloop
  endfacet
  facet normal -0 0 1
    outer loop
      vertex 29.1769 37.7659 3.9
      vertex 30.4 37.4 3.9
      vertex 29.1942 37.8824 3.9
    endloop
  endfacet
  facet normal 0 0 1
    outer loop
      vertex 28.9978 74.6667 3.9
      vertex 30.263 75.2888 3.9
      vertex 30.1875 75.4485 3.9
    endloop
  endfacet
  facet normal -0 0 1
    outer loop
      vertex 29.1483 37.6517 3.9
      vertex 30.4 37.4 3.9
      vertex 29.1769 37.7659 3.9
    endloop
  endfacet
  facet normal 0 0 1
    outer loop
      vertex 28.9276 74.7613 3.9
      vertex 30.1875 75.4485 3.9
      vertex 30.0966 75.6 3.9
    endloop
  endfacet
  facet normal -0 0 1
    outer loop
      vertex 29.1086 37.5408 3.9
      vertex 30.4 37.4 3.9
      vertex 29.1483 37.6517 3.9
    endloop
  endfacet
  facet normal 0 0 1
    outer loop
      vertex 28.9276 74.7613 3.9
      vertex 30.0966 75.6 3.9
      vertex 29.9914 75.7419 3.9
    endloop
  endfacet
  facet normal 0 0 1
    outer loop
      vertex 30.4 37.4 3.9
      vertex 29.1086 37.5408 3.9
      vertex 30.3913 37.2236 3.9
    endloop
  endfacet
  facet normal 0 0 1
    outer loop
      vertex 28.8485 74.8485 3.9
      vertex 29.9914 75.7419 3.9
      vertex 29.8728 75.8728 3.9
    endloop
  endfacet
  facet normal 0 0 1
    outer loop
      vertex 30.3913 37.2236 3.9
      vertex 29.1086 37.5408 3.9
      vertex 30.3654 37.0488 3.9
    endloop
  endfacet
  facet normal 0 0 1
    outer loop
      vertex 28.8485 74.8485 3.9
      vertex 29.8728 75.8728 3.9
      vertex 29.7419 75.9914 3.9
    endloop
  endfacet
  facet normal -0 0 1
    outer loop
      vertex 29.0583 37.4343 3.9
      vertex 30.3654 37.0488 3.9
      vertex 29.1086 37.5408 3.9
    endloop
  endfacet
  facet normal 0 0 1
    outer loop
      vertex 28.7613 74.9276 3.9
      vertex 29.7419 75.9914 3.9
      vertex 29.6 76.0966 3.9
    endloop
  endfacet
  facet normal 0 0 1
    outer loop
      vertex 30.3654 37.0488 3.9
      vertex 29.0583 37.4343 3.9
      vertex 30.3225 36.8775 3.9
    endloop
  endfacet
  facet normal 0 0 1
    outer loop
      vertex 28.7613 74.9276 3.9
      vertex 29.6 76.0966 3.9
      vertex 29.4485 76.1875 3.9
    endloop
  endfacet
  facet normal 0 0 1
    outer loop
      vertex 30.3225 36.8775 3.9
      vertex 29.0583 37.4343 3.9
      vertex 30.263 36.7112 3.9
    endloop
  endfacet
  facet normal 0 0 1
    outer loop
      vertex 28.6667 74.9978 3.9
      vertex 29.4485 76.1875 3.9
      vertex 29.2888 76.263 3.9
    endloop
  endfacet
  facet normal -0 0 1
    outer loop
      vertex 28.9978 37.3333 3.9
      vertex 30.263 36.7112 3.9
      vertex 29.0583 37.4343 3.9
    endloop
  endfacet
  facet normal 0 0 1
    outer loop
      vertex 30.263 36.7112 3.9
      vertex 28.9978 37.3333 3.9
      vertex 30.1875 36.5515 3.9
    endloop
  endfacet
  facet normal 0 0 1
    outer loop
      vertex 30.4 74.6 3.9
      vertex 29.1942 74.1176 3.9
      vertex 29.2 74 3.9
    endloop
  endfacet
  facet normal 0 0 1
    outer loop
      vertex 30.4 74.6 3.9
      vertex 29.1769 74.2341 3.9
      vertex 29.1942 74.1176 3.9
    endloop
  endfacet
  facet normal 0 0 1
    outer loop
      vertex 30.4 74.6 3.9
      vertex 29.1483 74.3483 3.9
      vertex 29.1769 74.2341 3.9
    endloop
  endfacet
  facet normal 0 0 1
    outer loop
      vertex 28.5657 75.0583 3.9
      vertex 29.2888 76.263 3.9
      vertex 29.1225 76.3225 3.9
    endloop
  endfacet
  facet normal 0 0 1
    outer loop
      vertex 30.4 74.6 3.9
      vertex 29.1086 74.4592 3.9
      vertex 29.1483 74.3483 3.9
    endloop
  endfacet
  facet normal 0 0 1
    outer loop
      vertex 30.3654 74.9512 3.9
      vertex 29.0583 74.5657 3.9
      vertex 29.1086 74.4592 3.9
    endloop
  endfacet
  facet normal 0 0 1
    outer loop
      vertex 30.263 75.2888 3.9
      vertex 28.9978 74.6667 3.9
      vertex 29.0583 74.5657 3.9
    endloop
  endfacet
  facet normal 0 0 1
    outer loop
      vertex 28.5657 75.0583 3.9
      vertex 29.1225 76.3225 3.9
      vertex 28.9512 76.3654 3.9
    endloop
  endfacet
  facet normal 0 0 1
    outer loop
      vertex 30.1875 75.4485 3.9
      vertex 28.9276 74.7613 3.9
      vertex 28.9978 74.6667 3.9
    endloop
  endfacet
  facet normal 0 0 1
    outer loop
      vertex 29.9914 75.7419 3.9
      vertex 28.8485 74.8485 3.9
      vertex 28.9276 74.7613 3.9
    endloop
  endfacet
  facet normal 0 0 1
    outer loop
      vertex 28.4592 75.1086 3.9
      vertex 28.9512 76.3654 3.9
      vertex 28.7764 76.3913 3.9
    endloop
  endfacet
  facet normal 0 0 1
    outer loop
      vertex 29.7419 75.9914 3.9
      vertex 28.7613 74.9276 3.9
      vertex 28.8485 74.8485 3.9
    endloop
  endfacet
  facet normal 0 0 1
    outer loop
      vertex 29.4485 76.1875 3.9
      vertex 28.6667 74.9978 3.9
      vertex 28.7613 74.9276 3.9
    endloop
  endfacet
  facet normal 0 0 1
    outer loop
      vertex 28.4592 75.1086 3.9
      vertex 28.7764 76.3913 3.9
      vertex 28.6 76.4 3.9
    endloop
  endfacet
  facet normal 0 0 1
    outer loop
      vertex 29.2888 76.263 3.9
      vertex 28.5657 75.0583 3.9
      vertex 28.6667 74.9978 3.9
    endloop
  endfacet
  facet normal 0 0 1
    outer loop
      vertex 28.9512 76.3654 3.9
      vertex 28.4592 75.1086 3.9
      vertex 28.5657 75.0583 3.9
    endloop
  endfacet
  facet normal 0 0 1
    outer loop
      vertex 28.6 76.4 3.9
      vertex 28.3483 75.1483 3.9
      vertex 28.4592 75.1086 3.9
    endloop
  endfacet
  facet normal 0 0 1
    outer loop
      vertex 28.6 76.4 3.9
      vertex 28.2341 75.1769 3.9
      vertex 28.3483 75.1483 3.9
    endloop
  endfacet
  facet normal 0 0 1
    outer loop
      vertex 28.6 76.4 3.9
      vertex 28.1176 75.1942 3.9
      vertex 28.2341 75.1769 3.9
    endloop
  endfacet
  facet normal 0 0 1
    outer loop
      vertex 28.6 76.4 3.9
      vertex 28 75.2 3.9
      vertex 28.1176 75.1942 3.9
    endloop
  endfacet
  facet normal 0 0 1
    outer loop
      vertex 28.6 76.4 3.9
      vertex -28 75.2 3.9
      vertex 28 75.2 3.9
    endloop
  endfacet
  facet normal -0 0 1
    outer loop
      vertex -28.6 76.4 3.9
      vertex -28 75.2 3.9
      vertex 28.6 76.4 3.9
    endloop
  endfacet
  facet normal 0 0 1
    outer loop
      vertex -28.6 76.4 3.9
      vertex -28.1176 75.1942 3.9
      vertex -28 75.2 3.9
    endloop
  endfacet
  facet normal 0 0 1
    outer loop
      vertex -28.6 76.4 3.9
      vertex -28.2341 75.1769 3.9
      vertex -28.1176 75.1942 3.9
    endloop
  endfacet
  facet normal 0 0 1
    outer loop
      vertex -28.6 76.4 3.9
      vertex -28.3483 75.1483 3.9
      vertex -28.2341 75.1769 3.9
    endloop
  endfacet
  facet normal 0 0 1
    outer loop
      vertex -28.6 76.4 3.9
      vertex -28.4592 75.1086 3.9
      vertex -28.3483 75.1483 3.9
    endloop
  endfacet
  facet normal -0 0 1
    outer loop
      vertex -28.7764 76.3913 3.9
      vertex -28.4592 75.1086 3.9
      vertex -28.6 76.4 3.9
    endloop
  endfacet
  facet normal -0 0 1
    outer loop
      vertex -28.9512 76.3654 3.9
      vertex -28.4592 75.1086 3.9
      vertex -28.7764 76.3913 3.9
    endloop
  endfacet
  facet normal 0 0 1
    outer loop
      vertex -28.4592 75.1086 3.9
      vertex -28.9512 76.3654 3.9
      vertex -28.5657 75.0583 3.9
    endloop
  endfacet
  facet normal -0 0 1
    outer loop
      vertex -29.1225 76.3225 3.9
      vertex -28.5657 75.0583 3.9
      vertex -28.9512 76.3654 3.9
    endloop
  endfacet
  facet normal -0 0 1
    outer loop
      vertex -29.2888 76.263 3.9
      vertex -28.5657 75.0583 3.9
      vertex -29.1225 76.3225 3.9
    endloop
  endfacet
  facet normal 0 0 1
    outer loop
      vertex -28.5657 75.0583 3.9
      vertex -29.2888 76.263 3.9
      vertex -28.6667 74.9978 3.9
    endloop
  endfacet
  facet normal -0 0 1
    outer loop
      vertex -29.4485 76.1875 3.9
      vertex -28.6667 74.9978 3.9
      vertex -29.2888 76.263 3.9
    endloop
  endfacet
  facet normal 0 0 1
    outer loop
      vertex -28.6667 74.9978 3.9
      vertex -29.4485 76.1875 3.9
      vertex -28.7613 74.9276 3.9
    endloop
  endfacet
  facet normal -0 0 1
    outer loop
      vertex -29.6 76.0966 3.9
      vertex -28.7613 74.9276 3.9
      vertex -29.4485 76.1875 3.9
    endloop
  endfacet
  facet normal -0 0 1
    outer loop
      vertex -29.7419 75.9914 3.9
      vertex -28.7613 74.9276 3.9
      vertex -29.6 76.0966 3.9
    endloop
  endfacet
  facet normal 0 0 1
    outer loop
      vertex -28.7613 74.9276 3.9
      vertex -29.7419 75.9914 3.9
      vertex -28.8485 74.8485 3.9
    endloop
  endfacet
  facet normal -0 0 1
    outer loop
      vertex -29.8728 75.8728 3.9
      vertex -28.8485 74.8485 3.9
      vertex -29.7419 75.9914 3.9
    endloop
  endfacet
  facet normal -0 0 1
    outer loop
      vertex -29.9914 75.7419 3.9
      vertex -28.8485 74.8485 3.9
      vertex -29.8728 75.8728 3.9
    endloop
  endfacet
  facet normal 0 0 1
    outer loop
      vertex -28.8485 74.8485 3.9
      vertex -29.9914 75.7419 3.9
      vertex -28.9276 74.7613 3.9
    endloop
  endfacet
  facet normal -0 0 1
    outer loop
      vertex -30.0966 75.6 3.9
      vertex -28.9276 74.7613 3.9
      vertex -29.9914 75.7419 3.9
    endloop
  endfacet
  facet normal 0 0 1
    outer loop
      vertex -28.9276 74.7613 3.9
      vertex -30.1875 75.4485 3.9
      vertex -28.9978 74.6667 3.9
    endloop
  endfacet
  facet normal -0 0 1
    outer loop
      vertex -30.1875 75.4485 3.9
      vertex -28.9276 74.7613 3.9
      vertex -30.0966 75.6 3.9
    endloop
  endfacet
  facet normal -0 0 1
    outer loop
      vertex 28.9276 37.2387 3.9
      vertex 30.1875 36.5515 3.9
      vertex 28.9978 37.3333 3.9
    endloop
  endfacet
  facet normal 0 0 1
    outer loop
      vertex 30.1875 36.5515 3.9
      vertex 28.9276 37.2387 3.9
      vertex 30.0966 36.4 3.9
    endloop
  endfacet
  facet normal 0 0 1
    outer loop
      vertex 30.0966 36.4 3.9
      vertex 28.9276 37.2387 3.9
      vertex 29.9914 36.2581 3.9
    endloop
  endfacet
  facet normal -0 0 1
    outer loop
      vertex 28.8485 37.1515 3.9
      vertex 29.9914 36.2581 3.9
      vertex 28.9276 37.2387 3.9
    endloop
  endfacet
  facet normal 0 0 1
    outer loop
      vertex 29.9914 36.2581 3.9
      vertex 28.8485 37.1515 3.9
      vertex 29.8728 36.1272 3.9
    endloop
  endfacet
  facet normal 0 0 1
    outer loop
      vertex 29.8728 36.1272 3.9
      vertex 28.8485 37.1515 3.9
      vertex 29.7419 36.0086 3.9
    endloop
  endfacet
  facet normal -0 0 1
    outer loop
      vertex 28.7613 37.0724 3.9
      vertex 29.7419 36.0086 3.9
      vertex 28.8485 37.1515 3.9
    endloop
  endfacet
  facet normal 0 0 1
    outer loop
      vertex 29.7419 36.0086 3.9
      vertex 28.7613 37.0724 3.9
      vertex 29.6 35.9034 3.9
    endloop
  endfacet
  facet normal 0 0 1
    outer loop
      vertex 29.6 35.9034 3.9
      vertex 28.7613 37.0724 3.9
      vertex 29.4485 35.8125 3.9
    endloop
  endfacet
  facet normal -0 0 1
    outer loop
      vertex 28.6667 37.0022 3.9
      vertex 29.4485 35.8125 3.9
      vertex 28.7613 37.0724 3.9
    endloop
  endfacet
  facet normal 0 0 1
    outer loop
      vertex 29.4485 35.8125 3.9
      vertex 28.6667 37.0022 3.9
      vertex 29.2888 35.737 3.9
    endloop
  endfacet
  facet normal -0 0 1
    outer loop
      vertex 28.5657 36.9417 3.9
      vertex 29.2888 35.737 3.9
      vertex 28.6667 37.0022 3.9
    endloop
  endfacet
  facet normal 0 0 1
    outer loop
      vertex 29.2888 35.737 3.9
      vertex 28.5657 36.9417 3.9
      vertex 29.1225 35.6775 3.9
    endloop
  endfacet
  facet normal 0 0 1
    outer loop
      vertex 29.1225 35.6775 3.9
      vertex 28.5657 36.9417 3.9
      vertex 28.9512 35.6346 3.9
    endloop
  endfacet
  facet normal -0 0 1
    outer loop
      vertex 28.4592 36.8914 3.9
      vertex 28.9512 35.6346 3.9
      vertex 28.5657 36.9417 3.9
    endloop
  endfacet
  facet normal 0 0 1
    outer loop
      vertex 28.9512 35.6346 3.9
      vertex 28.4592 36.8914 3.9
      vertex 28.7764 35.6087 3.9
    endloop
  endfacet
  facet normal 0 0 1
    outer loop
      vertex 28.7764 35.6087 3.9
      vertex 28.4592 36.8914 3.9
      vertex 28.6 35.6 3.9
    endloop
  endfacet
  facet normal -0 0 1
    outer loop
      vertex 28.3483 36.8517 3.9
      vertex 28.6 35.6 3.9
      vertex 28.4592 36.8914 3.9
    endloop
  endfacet
  facet normal -0 0 1
    outer loop
      vertex 28.2341 36.8231 3.9
      vertex 28.6 35.6 3.9
      vertex 28.3483 36.8517 3.9
    endloop
  endfacet
  facet normal -0 0 1
    outer loop
      vertex 28.1176 36.8058 3.9
      vertex 28.6 35.6 3.9
      vertex 28.2341 36.8231 3.9
    endloop
  endfacet
  facet normal -0 0 1
    outer loop
      vertex 28 36.8 3.9
      vertex 28.6 35.6 3.9
      vertex 28.1176 36.8058 3.9
    endloop
  endfacet
  facet normal -0 0 1
    outer loop
      vertex -28 36.8 3.9
      vertex 28.6 35.6 3.9
      vertex 28 36.8 3.9
    endloop
  endfacet
  facet normal 0 0 1
    outer loop
      vertex -28 36.8 3.9
      vertex -28.6 35.6 3.9
      vertex 28.6 35.6 3.9
    endloop
  endfacet
  facet normal 0 0 1
    outer loop
      vertex -28.1176 36.8058 3.9
      vertex -28.6 35.6 3.9
      vertex -28 36.8 3.9
    endloop
  endfacet
  facet normal 0 0 1
    outer loop
      vertex -28.2341 36.8231 3.9
      vertex -28.6 35.6 3.9
      vertex -28.1176 36.8058 3.9
    endloop
  endfacet
  facet normal 0 0 1
    outer loop
      vertex -28.3483 36.8517 3.9
      vertex -28.6 35.6 3.9
      vertex -28.2341 36.8231 3.9
    endloop
  endfacet
  facet normal 0 0 1
    outer loop
      vertex -28.4592 36.8914 3.9
      vertex -28.6 35.6 3.9
      vertex -28.3483 36.8517 3.9
    endloop
  endfacet
  facet normal 0 0 1
    outer loop
      vertex -28.9512 35.6346 3.9
      vertex -28.4592 36.8914 3.9
      vertex -28.5657 36.9417 3.9
    endloop
  endfacet
  facet normal 0 0 1
    outer loop
      vertex -29.2888 35.737 3.9
      vertex -28.5657 36.9417 3.9
      vertex -28.6667 37.0022 3.9
    endloop
  endfacet
  facet normal 0 0 1
    outer loop
      vertex -29.4485 35.8125 3.9
      vertex -28.6667 37.0022 3.9
      vertex -28.7613 37.0724 3.9
    endloop
  endfacet
  facet normal 0 0 1
    outer loop
      vertex -28.4592 36.8914 3.9
      vertex -28.7764 35.6087 3.9
      vertex -28.6 35.6 3.9
    endloop
  endfacet
  facet normal 0 0 1
    outer loop
      vertex -29.7419 36.0086 3.9
      vertex -28.7613 37.0724 3.9
      vertex -28.8485 37.1515 3.9
    endloop
  endfacet
  facet normal 0 0 1
    outer loop
      vertex -29.9914 36.2581 3.9
      vertex -28.8485 37.1515 3.9
      vertex -28.9276 37.2387 3.9
    endloop
  endfacet
  facet normal 0 0 1
    outer loop
      vertex -28.4592 36.8914 3.9
      vertex -28.9512 35.6346 3.9
      vertex -28.7764 35.6087 3.9
    endloop
  endfacet
  facet normal 0 0 1
    outer loop
      vertex -30.1875 36.5515 3.9
      vertex -28.9276 37.2387 3.9
      vertex -28.9978 37.3333 3.9
    endloop
  endfacet
  facet normal 0 0 1
    outer loop
      vertex -30.263 36.7112 3.9
      vertex -28.9978 37.3333 3.9
      vertex -29.0583 37.4343 3.9
    endloop
  endfacet
  facet normal 0 0 1
    outer loop
      vertex -30.3654 37.0488 3.9
      vertex -29.0583 37.4343 3.9
      vertex -29.1086 37.5408 3.9
    endloop
  endfacet
  facet normal 0 0 1
    outer loop
      vertex -28.5657 36.9417 3.9
      vertex -29.1225 35.6775 3.9
      vertex -28.9512 35.6346 3.9
    endloop
  endfacet
  facet normal 0 0 1
    outer loop
      vertex -30.4 37.4 3.9
      vertex -29.1086 37.5408 3.9
      vertex -29.1483 37.6517 3.9
    endloop
  endfacet
  facet normal 0 0 1
    outer loop
      vertex -30.4 37.4 3.9
      vertex -29.1483 37.6517 3.9
      vertex -29.1769 37.7659 3.9
    endloop
  endfacet
  facet normal 0 0 1
    outer loop
      vertex -30.4 37.4 3.9
      vertex -29.1769 37.7659 3.9
      vertex -29.1942 37.8824 3.9
    endloop
  endfacet
  facet normal 0 0 1
    outer loop
      vertex -30.4 37.4 3.9
      vertex -29.1942 37.8824 3.9
      vertex -29.2 38 3.9
    endloop
  endfacet
  facet normal 0 0 1
    outer loop
      vertex -28.5657 36.9417 3.9
      vertex -29.2888 35.737 3.9
      vertex -29.1225 35.6775 3.9
    endloop
  endfacet
  facet normal 0 0 1
    outer loop
      vertex -29.2 74 3.9
      vertex -30.4 74.6 3.9
      vertex -29.2 38 3.9
    endloop
  endfacet
  facet normal -0 0 1
    outer loop
      vertex -30.263 75.2888 3.9
      vertex -28.9978 74.6667 3.9
      vertex -30.1875 75.4485 3.9
    endloop
  endfacet
  facet normal 0 0 1
    outer loop
      vertex -30.4 37.4 3.9
      vertex -29.2 38 3.9
      vertex -30.4 74.6 3.9
    endloop
  endfacet
  facet normal 0 0 1
    outer loop
      vertex -28.9978 74.6667 3.9
      vertex -30.263 75.2888 3.9
      vertex -29.0583 74.5657 3.9
    endloop
  endfacet
  facet normal 0 0 1
    outer loop
      vertex -29.1086 37.5408 3.9
      vertex -30.4 37.4 3.9
      vertex -30.3913 37.2236 3.9
    endloop
  endfacet
  facet normal -0 0 1
    outer loop
      vertex -30.3225 75.1225 3.9
      vertex -29.0583 74.5657 3.9
      vertex -30.263 75.2888 3.9
    endloop
  endfacet
  facet normal 0 0 1
    outer loop
      vertex -28.6667 37.0022 3.9
      vertex -29.4485 35.8125 3.9
      vertex -29.2888 35.737 3.9
    endloop
  endfacet
  facet normal -0 0 1
    outer loop
      vertex -30.3654 74.9512 3.9
      vertex -29.0583 74.5657 3.9
      vertex -30.3225 75.1225 3.9
    endloop
  endfacet
  facet normal 0 0 1
    outer loop
      vertex -28.7613 37.0724 3.9
      vertex -29.6 35.9034 3.9
      vertex -29.4485 35.8125 3.9
    endloop
  endfacet
  facet normal 0 0 1
    outer loop
      vertex -29.0583 74.5657 3.9
      vertex -30.3654 74.9512 3.9
      vertex -29.1086 74.4592 3.9
    endloop
  endfacet
  facet normal 0 0 1
    outer loop
      vertex -28.7613 37.0724 3.9
      vertex -29.7419 36.0086 3.9
      vertex -29.6 35.9034 3.9
    endloop
  endfacet
  facet normal -0 0 1
    outer loop
      vertex -30.3913 74.7764 3.9
      vertex -29.1086 74.4592 3.9
      vertex -30.3654 74.9512 3.9
    endloop
  endfacet
  facet normal 0 0 1
    outer loop
      vertex -28.8485 37.1515 3.9
      vertex -29.8728 36.1272 3.9
      vertex -29.7419 36.0086 3.9
    endloop
  endfacet
  facet normal -0 0 1
    outer loop
      vertex -30.4 74.6 3.9
      vertex -29.1086 74.4592 3.9
      vertex -30.3913 74.7764 3.9
    endloop
  endfacet
  facet normal 0 0 1
    outer loop
      vertex -28.8485 37.1515 3.9
      vertex -29.9914 36.2581 3.9
      vertex -29.8728 36.1272 3.9
    endloop
  endfacet
  facet normal 0 0 1
    outer loop
      vertex -29.1086 74.4592 3.9
      vertex -30.4 74.6 3.9
      vertex -29.1483 74.3483 3.9
    endloop
  endfacet
  facet normal 0 0 1
    outer loop
      vertex -28.9276 37.2387 3.9
      vertex -30.0966 36.4 3.9
      vertex -29.9914 36.2581 3.9
    endloop
  endfacet
  facet normal 0 0 1
    outer loop
      vertex -29.1483 74.3483 3.9
      vertex -30.4 74.6 3.9
      vertex -29.1769 74.2341 3.9
    endloop
  endfacet
  facet normal 0 0 1
    outer loop
      vertex -28.9276 37.2387 3.9
      vertex -30.1875 36.5515 3.9
      vertex -30.0966 36.4 3.9
    endloop
  endfacet
  facet normal 0 0 1
    outer loop
      vertex -29.1769 74.2341 3.9
      vertex -30.4 74.6 3.9
      vertex -29.1942 74.1176 3.9
    endloop
  endfacet
  facet normal 0 0 1
    outer loop
      vertex -28.9978 37.3333 3.9
      vertex -30.263 36.7112 3.9
      vertex -30.1875 36.5515 3.9
    endloop
  endfacet
  facet normal 0 0 1
    outer loop
      vertex -29.1942 74.1176 3.9
      vertex -30.4 74.6 3.9
      vertex -29.2 74 3.9
    endloop
  endfacet
  facet normal 0 0 1
    outer loop
      vertex -29.0583 37.4343 3.9
      vertex -30.3225 36.8775 3.9
      vertex -30.263 36.7112 3.9
    endloop
  endfacet
  facet normal 0 0 1
    outer loop
      vertex -29.0583 37.4343 3.9
      vertex -30.3654 37.0488 3.9
      vertex -30.3225 36.8775 3.9
    endloop
  endfacet
  facet normal 0 0 1
    outer loop
      vertex -29.1086 37.5408 3.9
      vertex -30.3913 37.2236 3.9
      vertex -30.3654 37.0488 3.9
    endloop
  endfacet
  facet normal -0.336874 -0.94155 0
    outer loop
      vertex -29.2888 35.737 2.4
      vertex -29.1225 35.6775 3.9
      vertex -29.2888 35.737 3.9
    endloop
  endfacet
  facet normal -0.336874 -0.94155 -0
    outer loop
      vertex -29.1225 35.6775 3.9
      vertex -29.2888 35.737 2.4
      vertex -29.1225 35.6775 2.4
    endloop
  endfacet
  facet normal 0.427405 -0.90406 0
    outer loop
      vertex 29.2888 35.737 2.4
      vertex 29.4485 35.8125 3.9
      vertex 29.2888 35.737 3.9
    endloop
  endfacet
  facet normal 0.427405 -0.90406 0
    outer loop
      vertex 29.4485 35.8125 3.9
      vertex 29.2888 35.737 2.4
      vertex 29.4485 35.8125 2.4
    endloop
  endfacet
  facet normal 0.970042 0.242935 0
    outer loop
      vertex 30.3654 74.9512 3.9
      vertex 30.3225 75.1225 2.4
      vertex 30.3225 75.1225 3.9
    endloop
  endfacet
  facet normal 0.970042 0.242935 0
    outer loop
      vertex 30.3225 75.1225 2.4
      vertex 30.3654 74.9512 3.9
      vertex 30.3654 74.9512 2.4
    endloop
  endfacet
  facet normal -0.90406 -0.427405 0
    outer loop
      vertex -30.1875 36.5515 2.4
      vertex -30.263 36.7112 3.9
      vertex -30.263 36.7112 2.4
    endloop
  endfacet
  facet normal -0.90406 -0.427405 0
    outer loop
      vertex -30.263 36.7112 3.9
      vertex -30.1875 36.5515 2.4
      vertex -30.1875 36.5515 3.9
    endloop
  endfacet
  facet normal 0.595552 0.803316 -0
    outer loop
      vertex 29.7419 75.9914 2.4
      vertex 29.6 76.0966 3.9
      vertex 29.7419 75.9914 3.9
    endloop
  endfacet
  facet normal 0.595552 0.803316 0
    outer loop
      vertex 29.6 76.0966 3.9
      vertex 29.7419 75.9914 2.4
      vertex 29.6 76.0966 2.4
    endloop
  endfacet
  facet normal -0.741066 -0.671432 0
    outer loop
      vertex -29.8728 36.1272 2.4
      vertex -29.9914 36.2581 3.9
      vertex -29.9914 36.2581 2.4
    endloop
  endfacet
  facet normal -0.741066 -0.671432 0
    outer loop
      vertex -29.9914 36.2581 3.9
      vertex -29.8728 36.1272 2.4
      vertex -29.8728 36.1272 3.9
    endloop
  endfacet
  facet normal -0.514496 -0.857493 0
    outer loop
      vertex -29.6 35.9034 2.4
      vertex -29.4485 35.8125 3.9
      vertex -29.6 35.9034 3.9
    endloop
  endfacet
  facet normal -0.514496 -0.857493 -0
    outer loop
      vertex -29.4485 35.8125 3.9
      vertex -29.6 35.9034 2.4
      vertex -29.4485 35.8125 2.4
    endloop
  endfacet
  facet normal -0.242935 0.970042 0
    outer loop
      vertex -28.9512 76.3654 2.4
      vertex -29.1225 76.3225 3.9
      vertex -28.9512 76.3654 3.9
    endloop
  endfacet
  facet normal -0.242935 0.970042 0
    outer loop
      vertex -29.1225 76.3225 3.9
      vertex -28.9512 76.3654 2.4
      vertex -29.1225 76.3225 2.4
    endloop
  endfacet
  facet normal -0.242935 -0.970042 0
    outer loop
      vertex -29.1225 35.6775 2.4
      vertex -28.9512 35.6346 3.9
      vertex -29.1225 35.6775 3.9
    endloop
  endfacet
  facet normal -0.242935 -0.970042 -0
    outer loop
      vertex -28.9512 35.6346 3.9
      vertex -29.1225 35.6775 2.4
      vertex -28.9512 35.6346 2.4
    endloop
  endfacet
  facet normal -0.0492599 -0.998786 0
    outer loop
      vertex -28.7764 35.6087 2.4
      vertex -28.6 35.6 3.9
      vertex -28.7764 35.6087 3.9
    endloop
  endfacet
  facet normal -0.0492599 -0.998786 -0
    outer loop
      vertex -28.6 35.6 3.9
      vertex -28.7764 35.6087 2.4
      vertex -28.6 35.6 2.4
    endloop
  endfacet
  facet normal -0.803316 0.595552 0
    outer loop
      vertex -30.0966 75.6 2.4
      vertex -29.9914 75.7419 3.9
      vertex -29.9914 75.7419 2.4
    endloop
  endfacet
  facet normal -0.803316 0.595552 0
    outer loop
      vertex -29.9914 75.7419 3.9
      vertex -30.0966 75.6 2.4
      vertex -30.0966 75.6 3.9
    endloop
  endfacet
  facet normal -0.514496 0.857493 0
    outer loop
      vertex -29.4485 76.1875 2.4
      vertex -29.6 76.0966 3.9
      vertex -29.4485 76.1875 3.9
    endloop
  endfacet
  facet normal -0.514496 0.857493 0
    outer loop
      vertex -29.6 76.0966 3.9
      vertex -29.4485 76.1875 2.4
      vertex -29.6 76.0966 2.4
    endloop
  endfacet
  facet normal -0.0492599 0.998786 0
    outer loop
      vertex -28.6 76.4 2.4
      vertex -28.7764 76.3913 3.9
      vertex -28.6 76.4 3.9
    endloop
  endfacet
  facet normal -0.0492599 0.998786 0
    outer loop
      vertex -28.7764 76.3913 3.9
      vertex -28.6 76.4 2.4
      vertex -28.7764 76.3913 2.4
    endloop
  endfacet
  facet normal -0.427405 0.90406 0
    outer loop
      vertex -29.2888 76.263 2.4
      vertex -29.4485 76.1875 3.9
      vertex -29.2888 76.263 3.9
    endloop
  endfacet
  facet normal -0.427405 0.90406 0
    outer loop
      vertex -29.4485 76.1875 3.9
      vertex -29.2888 76.263 2.4
      vertex -29.4485 76.1875 2.4
    endloop
  endfacet
  facet normal 0.998786 0.0492599 0
    outer loop
      vertex 30.4 74.6 3.9
      vertex 30.3913 74.7764 2.4
      vertex 30.3913 74.7764 3.9
    endloop
  endfacet
  facet normal 0.998786 0.0492599 0
    outer loop
      vertex 30.3913 74.7764 2.4
      vertex 30.4 74.6 3.9
      vertex 30.4 74.6 2.4
    endloop
  endfacet
  facet normal 0.146569 0.9892 -0
    outer loop
      vertex 28.9512 76.3654 2.4
      vertex 28.7764 76.3913 3.9
      vertex 28.9512 76.3654 3.9
    endloop
  endfacet
  facet normal 0.146569 0.9892 0
    outer loop
      vertex 28.7764 76.3913 3.9
      vertex 28.9512 76.3654 2.4
      vertex 28.7764 76.3913 2.4
    endloop
  endfacet
  facet normal 0.94155 0.336874 0
    outer loop
      vertex 30.3225 75.1225 3.9
      vertex 30.263 75.2888 2.4
      vertex 30.263 75.2888 3.9
    endloop
  endfacet
  facet normal 0.94155 0.336874 0
    outer loop
      vertex 30.263 75.2888 2.4
      vertex 30.3225 75.1225 3.9
      vertex 30.3225 75.1225 2.4
    endloop
  endfacet
  facet normal -0.336874 0.94155 0
    outer loop
      vertex -29.1225 76.3225 2.4
      vertex -29.2888 76.263 3.9
      vertex -29.1225 76.3225 3.9
    endloop
  endfacet
  facet normal -0.336874 0.94155 0
    outer loop
      vertex -29.2888 76.263 3.9
      vertex -29.1225 76.3225 2.4
      vertex -29.2888 76.263 2.4
    endloop
  endfacet
  facet normal -0.146569 -0.9892 0
    outer loop
      vertex -28.9512 35.6346 2.4
      vertex -28.7764 35.6087 3.9
      vertex -28.9512 35.6346 3.9
    endloop
  endfacet
  facet normal -0.146569 -0.9892 -0
    outer loop
      vertex -28.7764 35.6087 3.9
      vertex -28.9512 35.6346 2.4
      vertex -28.7764 35.6087 2.4
    endloop
  endfacet
  facet normal -0.671432 0.741066 0
    outer loop
      vertex -29.7419 75.9914 2.4
      vertex -29.8728 75.8728 3.9
      vertex -29.7419 75.9914 3.9
    endloop
  endfacet
  facet normal -0.671432 0.741066 0
    outer loop
      vertex -29.8728 75.8728 3.9
      vertex -29.7419 75.9914 2.4
      vertex -29.8728 75.8728 2.4
    endloop
  endfacet
  facet normal -0.970042 0.242935 0
    outer loop
      vertex -30.3654 74.9512 2.4
      vertex -30.3225 75.1225 3.9
      vertex -30.3225 75.1225 2.4
    endloop
  endfacet
  facet normal -0.970042 0.242935 0
    outer loop
      vertex -30.3225 75.1225 3.9
      vertex -30.3654 74.9512 2.4
      vertex -30.3654 74.9512 3.9
    endloop
  endfacet
  facet normal 0.989153 -0.146887 0
    outer loop
      vertex -29.1942 74.1176 3.9
      vertex -29.1769 74.2341 2.4
      vertex -29.1769 74.2341 3.9
    endloop
  endfacet
  facet normal 0.989153 -0.146887 0
    outer loop
      vertex -29.1769 74.2341 2.4
      vertex -29.1942 74.1176 3.9
      vertex -29.1942 74.1176 2.4
    endloop
  endfacet
  facet normal -0.941492 -0.337035 0
    outer loop
      vertex 29.1483 74.3483 2.4
      vertex 29.1086 74.4592 3.9
      vertex 29.1086 74.4592 2.4
    endloop
  endfacet
  facet normal -0.941492 -0.337035 0
    outer loop
      vertex 29.1086 74.4592 3.9
      vertex 29.1483 74.3483 2.4
      vertex 29.1483 74.3483 3.9
    endloop
  endfacet
  facet normal 0.998786 -0.0492599 0
    outer loop
      vertex -29.2 74 3.9
      vertex -29.1942 74.1176 2.4
      vertex -29.1942 74.1176 3.9
    endloop
  endfacet
  facet normal 0.998786 -0.0492599 0
    outer loop
      vertex -29.1942 74.1176 2.4
      vertex -29.2 74 3.9
      vertex -29.2 74 2.4
    endloop
  endfacet
  facet normal 0.595918 -0.803046 0
    outer loop
      vertex -28.7613 74.9276 2.4
      vertex -28.6667 74.9978 3.9
      vertex -28.7613 74.9276 3.9
    endloop
  endfacet
  facet normal 0.595918 -0.803046 0
    outer loop
      vertex -28.6667 74.9978 3.9
      vertex -28.7613 74.9276 2.4
      vertex -28.6667 74.9978 2.4
    endloop
  endfacet
  facet normal -0.0492599 -0.998786 0
    outer loop
      vertex 28 75.2 2.4
      vertex 28.1176 75.1942 3.9
      vertex 28 75.2 3.9
    endloop
  endfacet
  facet normal -0.0492599 -0.998786 -0
    outer loop
      vertex 28.1176 75.1942 3.9
      vertex 28 75.2 2.4
      vertex 28.1176 75.1942 2.4
    endloop
  endfacet
  facet normal -0.989153 0.146887 0
    outer loop
      vertex 29.1769 37.7659 2.4
      vertex 29.1942 37.8824 3.9
      vertex 29.1942 37.8824 2.4
    endloop
  endfacet
  facet normal -0.989153 0.146887 0
    outer loop
      vertex 29.1942 37.8824 3.9
      vertex 29.1769 37.7659 2.4
      vertex 29.1769 37.7659 3.9
    endloop
  endfacet
  facet normal -0.998786 0.0492599 0
    outer loop
      vertex 29.1942 37.8824 2.4
      vertex 29.2 38 3.9
      vertex 29.2 38 2.4
    endloop
  endfacet
  facet normal -0.998786 0.0492599 0
    outer loop
      vertex 29.2 38 3.9
      vertex 29.1942 37.8824 2.4
      vertex 29.1942 37.8824 3.9
    endloop
  endfacet
  facet normal -0.857867 0.513871 0
    outer loop
      vertex 28.9978 37.3333 2.4
      vertex 29.0583 37.4343 3.9
      vertex 29.0583 37.4343 2.4
    endloop
  endfacet
  facet normal -0.857867 0.513871 0
    outer loop
      vertex 29.0583 37.4343 3.9
      vertex 28.9978 37.3333 2.4
      vertex 28.9978 37.3333 3.9
    endloop
  endfacet
  facet normal -0.989153 -0.146887 0
    outer loop
      vertex 29.1942 74.1176 2.4
      vertex 29.1769 74.2341 3.9
      vertex 29.1769 74.2341 2.4
    endloop
  endfacet
  facet normal -0.989153 -0.146887 0
    outer loop
      vertex 29.1769 74.2341 3.9
      vertex 29.1942 74.1176 2.4
      vertex 29.1942 74.1176 3.9
    endloop
  endfacet
  facet normal 0.671869 0.74067 -0
    outer loop
      vertex -28.7613 37.0724 2.4
      vertex -28.8485 37.1515 3.9
      vertex -28.7613 37.0724 3.9
    endloop
  endfacet
  facet normal 0.671869 0.74067 0
    outer loop
      vertex -28.8485 37.1515 3.9
      vertex -28.7613 37.0724 2.4
      vertex -28.8485 37.1515 2.4
    endloop
  endfacet
  facet normal -0.998786 -0.0492599 0
    outer loop
      vertex 29.2 74 2.4
      vertex 29.1942 74.1176 3.9
      vertex 29.1942 74.1176 2.4
    endloop
  endfacet
  facet normal -0.998786 -0.0492599 0
    outer loop
      vertex 29.1942 74.1176 3.9
      vertex 29.2 74 2.4
      vertex 29.2 74 3.9
    endloop
  endfacet
  facet normal 1 -0 0
    outer loop
      vertex -29.2 38 3.9
      vertex -29.2 74 2.4
      vertex -29.2 74 3.9
    endloop
  endfacet
  facet normal 1 0 0
    outer loop
      vertex -29.2 74 2.4
      vertex -29.2 38 3.9
      vertex -29.2 38 2.4
    endloop
  endfacet
  facet normal -0.242935 -0.970042 0
    outer loop
      vertex 28.2341 75.1769 2.4
      vertex 28.3483 75.1483 3.9
      vertex 28.2341 75.1769 3.9
    endloop
  endfacet
  facet normal -0.242935 -0.970042 -0
    outer loop
      vertex 28.3483 75.1483 3.9
      vertex 28.2341 75.1769 2.4
      vertex 28.3483 75.1483 2.4
    endloop
  endfacet
  facet normal -0.427064 0.904221 0
    outer loop
      vertex 28.5657 36.9417 2.4
      vertex 28.4592 36.8914 3.9
      vertex 28.5657 36.9417 3.9
    endloop
  endfacet
  facet normal -0.427064 0.904221 0
    outer loop
      vertex 28.4592 36.8914 3.9
      vertex 28.5657 36.9417 2.4
      vertex 28.4592 36.8914 2.4
    endloop
  endfacet
  facet normal 0 1 -0
    outer loop
      vertex 28 36.8 2.4
      vertex -28 36.8 3.9
      vertex 28 36.8 3.9
    endloop
  endfacet
  facet normal 0 1 0
    outer loop
      vertex -28 36.8 3.9
      vertex 28 36.8 2.4
      vertex -28 36.8 2.4
    endloop
  endfacet
  facet normal 0 -1 0
    outer loop
      vertex -28 75.2 2.4
      vertex 28 75.2 3.9
      vertex -28 75.2 3.9
    endloop
  endfacet
  facet normal 0 -1 -0
    outer loop
      vertex 28 75.2 3.9
      vertex -28 75.2 2.4
      vertex 28 75.2 2.4
    endloop
  endfacet
  facet normal -1 0 0
    outer loop
      vertex 29.2 38 2.4
      vertex 29.2 74 3.9
      vertex 29.2 74 2.4
    endloop
  endfacet
  facet normal -1 -0 0
    outer loop
      vertex 29.2 74 3.9
      vertex 29.2 38 2.4
      vertex 29.2 38 3.9
    endloop
  endfacet
  facet normal 0.146887 0.989153 -0
    outer loop
      vertex -28.1176 36.8058 2.4
      vertex -28.2341 36.8231 3.9
      vertex -28.1176 36.8058 3.9
    endloop
  endfacet
  facet normal 0.146887 0.989153 0
    outer loop
      vertex -28.2341 36.8231 3.9
      vertex -28.1176 36.8058 2.4
      vertex -28.2341 36.8231 2.4
    endloop
  endfacet
  facet normal 0.146887 -0.989153 0
    outer loop
      vertex -28.2341 75.1769 2.4
      vertex -28.1176 75.1942 3.9
      vertex -28.2341 75.1769 3.9
    endloop
  endfacet
  facet normal 0.146887 -0.989153 0
    outer loop
      vertex -28.1176 75.1942 3.9
      vertex -28.2341 75.1769 2.4
      vertex -28.1176 75.1942 2.4
    endloop
  endfacet
  facet normal 0.337035 0.941492 -0
    outer loop
      vertex -28.3483 36.8517 2.4
      vertex -28.4592 36.8914 3.9
      vertex -28.3483 36.8517 3.9
    endloop
  endfacet
  facet normal 0.337035 0.941492 0
    outer loop
      vertex -28.4592 36.8914 3.9
      vertex -28.3483 36.8517 2.4
      vertex -28.4592 36.8914 2.4
    endloop
  endfacet
  facet normal -0.74067 0.671869 0
    outer loop
      vertex 28.8485 37.1515 2.4
      vertex 28.9276 37.2387 3.9
      vertex 28.9276 37.2387 2.4
    endloop
  endfacet
  facet normal -0.74067 0.671869 0
    outer loop
      vertex 28.9276 37.2387 3.9
      vertex 28.8485 37.1515 2.4
      vertex 28.8485 37.1515 3.9
    endloop
  endfacet
  facet normal 0.857867 -0.513871 0
    outer loop
      vertex -29.0583 74.5657 3.9
      vertex -28.9978 74.6667 2.4
      vertex -28.9978 74.6667 3.9
    endloop
  endfacet
  facet normal 0.857867 -0.513871 0
    outer loop
      vertex -28.9978 74.6667 2.4
      vertex -29.0583 74.5657 3.9
      vertex -29.0583 74.5657 2.4
    endloop
  endfacet
  facet normal 0.970042 0.242935 0
    outer loop
      vertex -29.1483 37.6517 3.9
      vertex -29.1769 37.7659 2.4
      vertex -29.1769 37.7659 3.9
    endloop
  endfacet
  facet normal 0.970042 0.242935 0
    outer loop
      vertex -29.1769 37.7659 2.4
      vertex -29.1483 37.6517 3.9
      vertex -29.1483 37.6517 2.4
    endloop
  endfacet
  facet normal 0.427064 -0.904221 0
    outer loop
      vertex -28.5657 75.0583 2.4
      vertex -28.4592 75.1086 3.9
      vertex -28.5657 75.0583 3.9
    endloop
  endfacet
  facet normal 0.427064 -0.904221 0
    outer loop
      vertex -28.4592 75.1086 3.9
      vertex -28.5657 75.0583 2.4
      vertex -28.4592 75.1086 2.4
    endloop
  endfacet
  facet normal 0.998786 0.0492599 0
    outer loop
      vertex -29.1942 37.8824 3.9
      vertex -29.2 38 2.4
      vertex -29.2 38 3.9
    endloop
  endfacet
  facet normal 0.998786 0.0492599 0
    outer loop
      vertex -29.2 38 2.4
      vertex -29.1942 37.8824 3.9
      vertex -29.1942 37.8824 2.4
    endloop
  endfacet
  facet normal 0.513871 -0.857867 0
    outer loop
      vertex -28.6667 74.9978 2.4
      vertex -28.5657 75.0583 3.9
      vertex -28.6667 74.9978 3.9
    endloop
  endfacet
  facet normal 0.513871 -0.857867 0
    outer loop
      vertex -28.5657 75.0583 3.9
      vertex -28.6667 74.9978 2.4
      vertex -28.5657 75.0583 2.4
    endloop
  endfacet
  facet normal -0.242935 0.970042 0
    outer loop
      vertex 28.3483 36.8517 2.4
      vertex 28.2341 36.8231 3.9
      vertex 28.3483 36.8517 3.9
    endloop
  endfacet
  facet normal -0.242935 0.970042 0
    outer loop
      vertex 28.2341 36.8231 3.9
      vertex 28.3483 36.8517 2.4
      vertex 28.2341 36.8231 2.4
    endloop
  endfacet
  facet normal 0.970042 -0.242935 0
    outer loop
      vertex -29.1769 74.2341 3.9
      vertex -29.1483 74.3483 2.4
      vertex -29.1483 74.3483 3.9
    endloop
  endfacet
  facet normal 0.970042 -0.242935 0
    outer loop
      vertex -29.1483 74.3483 2.4
      vertex -29.1769 74.2341 3.9
      vertex -29.1769 74.2341 2.4
    endloop
  endfacet
  facet normal -0.74067 -0.671869 0
    outer loop
      vertex 28.9276 74.7613 2.4
      vertex 28.8485 74.8485 3.9
      vertex 28.8485 74.8485 2.4
    endloop
  endfacet
  facet normal -0.74067 -0.671869 0
    outer loop
      vertex 28.8485 74.8485 3.9
      vertex 28.9276 74.7613 2.4
      vertex 28.9276 74.7613 3.9
    endloop
  endfacet
  facet normal 0.595918 0.803046 -0
    outer loop
      vertex -28.6667 37.0022 2.4
      vertex -28.7613 37.0724 3.9
      vertex -28.6667 37.0022 3.9
    endloop
  endfacet
  facet normal 0.595918 0.803046 0
    outer loop
      vertex -28.7613 37.0724 3.9
      vertex -28.6667 37.0022 2.4
      vertex -28.7613 37.0724 2.4
    endloop
  endfacet
  facet normal 0.904221 0.427064 0
    outer loop
      vertex -29.0583 37.4343 3.9
      vertex -29.1086 37.5408 2.4
      vertex -29.1086 37.5408 3.9
    endloop
  endfacet
  facet normal 0.904221 0.427064 0
    outer loop
      vertex -29.1086 37.5408 2.4
      vertex -29.0583 37.4343 3.9
      vertex -29.0583 37.4343 2.4
    endloop
  endfacet
  facet normal 0.427064 0.904221 -0
    outer loop
      vertex -28.4592 36.8914 2.4
      vertex -28.5657 36.9417 3.9
      vertex -28.4592 36.8914 3.9
    endloop
  endfacet
  facet normal 0.427064 0.904221 0
    outer loop
      vertex -28.5657 36.9417 3.9
      vertex -28.4592 36.8914 2.4
      vertex -28.5657 36.9417 2.4
    endloop
  endfacet
  facet normal 0.989153 0.146887 0
    outer loop
      vertex -29.1769 37.7659 3.9
      vertex -29.1942 37.8824 2.4
      vertex -29.1942 37.8824 3.9
    endloop
  endfacet
  facet normal 0.989153 0.146887 0
    outer loop
      vertex -29.1942 37.8824 2.4
      vertex -29.1769 37.7659 3.9
      vertex -29.1769 37.7659 2.4
    endloop
  endfacet
  facet normal -0.595918 -0.803046 0
    outer loop
      vertex 28.6667 74.9978 2.4
      vertex 28.7613 74.9276 3.9
      vertex 28.6667 74.9978 3.9
    endloop
  endfacet
  facet normal -0.595918 -0.803046 -0
    outer loop
      vertex 28.7613 74.9276 3.9
      vertex 28.6667 74.9978 2.4
      vertex 28.7613 74.9276 2.4
    endloop
  endfacet
  facet normal -0.970042 0.242935 0
    outer loop
      vertex 29.1483 37.6517 2.4
      vertex 29.1769 37.7659 3.9
      vertex 29.1769 37.7659 2.4
    endloop
  endfacet
  facet normal -0.970042 0.242935 0
    outer loop
      vertex 29.1769 37.7659 3.9
      vertex 29.1483 37.6517 2.4
      vertex 29.1483 37.6517 3.9
    endloop
  endfacet
  facet normal -0.146887 0.989153 0
    outer loop
      vertex 28.2341 36.8231 2.4
      vertex 28.1176 36.8058 3.9
      vertex 28.2341 36.8231 3.9
    endloop
  endfacet
  facet normal -0.146887 0.989153 0
    outer loop
      vertex 28.1176 36.8058 3.9
      vertex 28.2341 36.8231 2.4
      vertex 28.1176 36.8058 2.4
    endloop
  endfacet
  facet normal -0.904221 0.427064 0
    outer loop
      vertex 29.0583 37.4343 2.4
      vertex 29.1086 37.5408 3.9
      vertex 29.1086 37.5408 2.4
    endloop
  endfacet
  facet normal -0.904221 0.427064 0
    outer loop
      vertex 29.1086 37.5408 3.9
      vertex 29.0583 37.4343 2.4
      vertex 29.0583 37.4343 3.9
    endloop
  endfacet
  facet normal -0.970042 -0.242935 0
    outer loop
      vertex 29.1769 74.2341 2.4
      vertex 29.1483 74.3483 3.9
      vertex 29.1483 74.3483 2.4
    endloop
  endfacet
  facet normal -0.970042 -0.242935 0
    outer loop
      vertex 29.1483 74.3483 3.9
      vertex 29.1769 74.2341 2.4
      vertex 29.1769 74.2341 3.9
    endloop
  endfacet
  facet normal 0.242935 0.970042 -0
    outer loop
      vertex -28.2341 36.8231 2.4
      vertex -28.3483 36.8517 3.9
      vertex -28.2341 36.8231 3.9
    endloop
  endfacet
  facet normal 0.242935 0.970042 0
    outer loop
      vertex -28.3483 36.8517 3.9
      vertex -28.2341 36.8231 2.4
      vertex -28.3483 36.8517 2.4
    endloop
  endfacet
  facet normal -0.904221 -0.427064 0
    outer loop
      vertex 29.1086 74.4592 2.4
      vertex 29.0583 74.5657 3.9
      vertex 29.0583 74.5657 2.4
    endloop
  endfacet
  facet normal -0.904221 -0.427064 0
    outer loop
      vertex 29.0583 74.5657 3.9
      vertex 29.1086 74.4592 2.4
      vertex 29.1086 74.4592 3.9
    endloop
  endfacet
  facet normal 0.857867 0.513871 0
    outer loop
      vertex -28.9978 37.3333 3.9
      vertex -29.0583 37.4343 2.4
      vertex -29.0583 37.4343 3.9
    endloop
  endfacet
  facet normal 0.857867 0.513871 0
    outer loop
      vertex -29.0583 37.4343 2.4
      vertex -28.9978 37.3333 3.9
      vertex -28.9978 37.3333 2.4
    endloop
  endfacet
  facet normal 0.513871 0.857867 -0
    outer loop
      vertex -28.5657 36.9417 2.4
      vertex -28.6667 37.0022 3.9
      vertex -28.5657 36.9417 3.9
    endloop
  endfacet
  facet normal 0.513871 0.857867 0
    outer loop
      vertex -28.6667 37.0022 3.9
      vertex -28.5657 36.9417 2.4
      vertex -28.6667 37.0022 2.4
    endloop
  endfacet
  facet normal -0.857867 -0.513871 0
    outer loop
      vertex 29.0583 74.5657 2.4
      vertex 28.9978 74.6667 3.9
      vertex 28.9978 74.6667 2.4
    endloop
  endfacet
  facet normal -0.857867 -0.513871 0
    outer loop
      vertex 28.9978 74.6667 3.9
      vertex 29.0583 74.5657 2.4
      vertex 29.0583 74.5657 3.9
    endloop
  endfacet
  facet normal -0.671869 -0.74067 0
    outer loop
      vertex 28.7613 74.9276 2.4
      vertex 28.8485 74.8485 3.9
      vertex 28.7613 74.9276 3.9
    endloop
  endfacet
  facet normal -0.671869 -0.74067 -0
    outer loop
      vertex 28.8485 74.8485 3.9
      vertex 28.7613 74.9276 2.4
      vertex 28.8485 74.8485 2.4
    endloop
  endfacet
  facet normal -0.513871 0.857867 0
    outer loop
      vertex 28.6667 37.0022 2.4
      vertex 28.5657 36.9417 3.9
      vertex 28.6667 37.0022 3.9
    endloop
  endfacet
  facet normal -0.513871 0.857867 0
    outer loop
      vertex 28.5657 36.9417 3.9
      vertex 28.6667 37.0022 2.4
      vertex 28.5657 36.9417 2.4
    endloop
  endfacet
  facet normal 0.941492 -0.337035 0
    outer loop
      vertex -29.1483 74.3483 3.9
      vertex -29.1086 74.4592 2.4
      vertex -29.1086 74.4592 3.9
    endloop
  endfacet
  facet normal 0.941492 -0.337035 0
    outer loop
      vertex -29.1086 74.4592 2.4
      vertex -29.1483 74.3483 3.9
      vertex -29.1483 74.3483 2.4
    endloop
  endfacet
  facet normal 0.803046 -0.595918 0
    outer loop
      vertex -28.9978 74.6667 3.9
      vertex -28.9276 74.7613 2.4
      vertex -28.9276 74.7613 3.9
    endloop
  endfacet
  facet normal 0.803046 -0.595918 0
    outer loop
      vertex -28.9276 74.7613 2.4
      vertex -28.9978 74.6667 3.9
      vertex -28.9978 74.6667 2.4
    endloop
  endfacet
  facet normal -0.337035 -0.941492 0
    outer loop
      vertex 28.3483 75.1483 2.4
      vertex 28.4592 75.1086 3.9
      vertex 28.3483 75.1483 3.9
    endloop
  endfacet
  facet normal -0.337035 -0.941492 -0
    outer loop
      vertex 28.4592 75.1086 3.9
      vertex 28.3483 75.1483 2.4
      vertex 28.4592 75.1086 2.4
    endloop
  endfacet
  facet normal -0.513871 -0.857867 0
    outer loop
      vertex 28.5657 75.0583 2.4
      vertex 28.6667 74.9978 3.9
      vertex 28.5657 75.0583 3.9
    endloop
  endfacet
  facet normal -0.513871 -0.857867 -0
    outer loop
      vertex 28.6667 74.9978 3.9
      vertex 28.5657 75.0583 2.4
      vertex 28.6667 74.9978 2.4
    endloop
  endfacet
  facet normal 0.74067 -0.671869 0
    outer loop
      vertex -28.9276 74.7613 3.9
      vertex -28.8485 74.8485 2.4
      vertex -28.8485 74.8485 3.9
    endloop
  endfacet
  facet normal 0.74067 -0.671869 0
    outer loop
      vertex -28.8485 74.8485 2.4
      vertex -28.9276 74.7613 3.9
      vertex -28.9276 74.7613 2.4
    endloop
  endfacet
  facet normal 0.0492599 -0.998786 0
    outer loop
      vertex -28.1176 75.1942 2.4
      vertex -28 75.2 3.9
      vertex -28.1176 75.1942 3.9
    endloop
  endfacet
  facet normal 0.0492599 -0.998786 0
    outer loop
      vertex -28 75.2 3.9
      vertex -28.1176 75.1942 2.4
      vertex -28 75.2 2.4
    endloop
  endfacet
  facet normal -0.427064 -0.904221 0
    outer loop
      vertex 28.4592 75.1086 2.4
      vertex 28.5657 75.0583 3.9
      vertex 28.4592 75.1086 3.9
    endloop
  endfacet
  facet normal -0.427064 -0.904221 -0
    outer loop
      vertex 28.5657 75.0583 3.9
      vertex 28.4592 75.1086 2.4
      vertex 28.5657 75.0583 2.4
    endloop
  endfacet
  facet normal -0.337035 0.941492 0
    outer loop
      vertex 28.4592 36.8914 2.4
      vertex 28.3483 36.8517 3.9
      vertex 28.4592 36.8914 3.9
    endloop
  endfacet
  facet normal -0.337035 0.941492 0
    outer loop
      vertex 28.3483 36.8517 3.9
      vertex 28.4592 36.8914 2.4
      vertex 28.3483 36.8517 2.4
    endloop
  endfacet
  facet normal 0.337035 -0.941492 0
    outer loop
      vertex -28.4592 75.1086 2.4
      vertex -28.3483 75.1483 3.9
      vertex -28.4592 75.1086 3.9
    endloop
  endfacet
  facet normal 0.337035 -0.941492 0
    outer loop
      vertex -28.3483 75.1483 3.9
      vertex -28.4592 75.1086 2.4
      vertex -28.3483 75.1483 2.4
    endloop
  endfacet
  facet normal 0.242935 -0.970042 0
    outer loop
      vertex -28.3483 75.1483 2.4
      vertex -28.2341 75.1769 3.9
      vertex -28.3483 75.1483 3.9
    endloop
  endfacet
  facet normal 0.242935 -0.970042 0
    outer loop
      vertex -28.2341 75.1769 3.9
      vertex -28.3483 75.1483 2.4
      vertex -28.2341 75.1769 2.4
    endloop
  endfacet
  facet normal -0.146887 -0.989153 0
    outer loop
      vertex 28.1176 75.1942 2.4
      vertex 28.2341 75.1769 3.9
      vertex 28.1176 75.1942 3.9
    endloop
  endfacet
  facet normal -0.146887 -0.989153 -0
    outer loop
      vertex 28.2341 75.1769 3.9
      vertex 28.1176 75.1942 2.4
      vertex 28.2341 75.1769 2.4
    endloop
  endfacet
  facet normal -0.803046 -0.595918 0
    outer loop
      vertex 28.9978 74.6667 2.4
      vertex 28.9276 74.7613 3.9
      vertex 28.9276 74.7613 2.4
    endloop
  endfacet
  facet normal -0.803046 -0.595918 0
    outer loop
      vertex 28.9276 74.7613 3.9
      vertex 28.9978 74.6667 2.4
      vertex 28.9978 74.6667 3.9
    endloop
  endfacet
  facet normal -0.671869 0.74067 0
    outer loop
      vertex 28.8485 37.1515 2.4
      vertex 28.7613 37.0724 3.9
      vertex 28.8485 37.1515 3.9
    endloop
  endfacet
  facet normal -0.671869 0.74067 0
    outer loop
      vertex 28.7613 37.0724 3.9
      vertex 28.8485 37.1515 2.4
      vertex 28.7613 37.0724 2.4
    endloop
  endfacet
  facet normal -0.941492 0.337035 0
    outer loop
      vertex 29.1086 37.5408 2.4
      vertex 29.1483 37.6517 3.9
      vertex 29.1483 37.6517 2.4
    endloop
  endfacet
  facet normal -0.941492 0.337035 0
    outer loop
      vertex 29.1483 37.6517 3.9
      vertex 29.1086 37.5408 2.4
      vertex 29.1086 37.5408 3.9
    endloop
  endfacet
  facet normal -0.595918 0.803046 0
    outer loop
      vertex 28.7613 37.0724 2.4
      vertex 28.6667 37.0022 3.9
      vertex 28.7613 37.0724 3.9
    endloop
  endfacet
  facet normal -0.595918 0.803046 0
    outer loop
      vertex 28.6667 37.0022 3.9
      vertex 28.7613 37.0724 2.4
      vertex 28.6667 37.0022 2.4
    endloop
  endfacet
  facet normal 0.0492599 0.998786 -0
    outer loop
      vertex -28 36.8 2.4
      vertex -28.1176 36.8058 3.9
      vertex -28 36.8 3.9
    endloop
  endfacet
  facet normal 0.0492599 0.998786 0
    outer loop
      vertex -28.1176 36.8058 3.9
      vertex -28 36.8 2.4
      vertex -28.1176 36.8058 2.4
    endloop
  endfacet
  facet normal 0.671869 -0.74067 0
    outer loop
      vertex -28.8485 74.8485 2.4
      vertex -28.7613 74.9276 3.9
      vertex -28.8485 74.8485 3.9
    endloop
  endfacet
  facet normal 0.671869 -0.74067 0
    outer loop
      vertex -28.7613 74.9276 3.9
      vertex -28.8485 74.8485 2.4
      vertex -28.7613 74.9276 2.4
    endloop
  endfacet
  facet normal 0.74067 0.671869 0
    outer loop
      vertex -28.8485 37.1515 3.9
      vertex -28.9276 37.2387 2.4
      vertex -28.9276 37.2387 3.9
    endloop
  endfacet
  facet normal 0.74067 0.671869 0
    outer loop
      vertex -28.9276 37.2387 2.4
      vertex -28.8485 37.1515 3.9
      vertex -28.8485 37.1515 2.4
    endloop
  endfacet
  facet normal 0.941492 0.337035 0
    outer loop
      vertex -29.1086 37.5408 3.9
      vertex -29.1483 37.6517 2.4
      vertex -29.1483 37.6517 3.9
    endloop
  endfacet
  facet normal 0.941492 0.337035 0
    outer loop
      vertex -29.1483 37.6517 2.4
      vertex -29.1086 37.5408 3.9
      vertex -29.1086 37.5408 2.4
    endloop
  endfacet
  facet normal 0.904221 -0.427064 0
    outer loop
      vertex -29.1086 74.4592 3.9
      vertex -29.0583 74.5657 2.4
      vertex -29.0583 74.5657 3.9
    endloop
  endfacet
  facet normal 0.904221 -0.427064 0
    outer loop
      vertex -29.0583 74.5657 2.4
      vertex -29.1086 74.4592 3.9
      vertex -29.1086 74.4592 2.4
    endloop
  endfacet
  facet normal -0.803046 0.595918 0
    outer loop
      vertex 28.9276 37.2387 2.4
      vertex 28.9978 37.3333 3.9
      vertex 28.9978 37.3333 2.4
    endloop
  endfacet
  facet normal -0.803046 0.595918 0
    outer loop
      vertex 28.9978 37.3333 3.9
      vertex 28.9276 37.2387 2.4
      vertex 28.9276 37.2387 3.9
    endloop
  endfacet
  facet normal 0.803046 0.595918 0
    outer loop
      vertex -28.9276 37.2387 3.9
      vertex -28.9978 37.3333 2.4
      vertex -28.9978 37.3333 3.9
    endloop
  endfacet
  facet normal 0.803046 0.595918 0
    outer loop
      vertex -28.9978 37.3333 2.4
      vertex -28.9276 37.2387 3.9
      vertex -28.9276 37.2387 2.4
    endloop
  endfacet
  facet normal -0.0492599 0.998786 0
    outer loop
      vertex 28.1176 36.8058 2.4
      vertex 28 36.8 3.9
      vertex 28.1176 36.8058 3.9
    endloop
  endfacet
  facet normal -0.0492599 0.998786 0
    outer loop
      vertex 28 36.8 3.9
      vertex 28.1176 36.8058 2.4
      vertex 28 36.8 2.4
    endloop
  endfacet
  facet normal 1 -0 0
    outer loop
      vertex 16 65 5.6
      vertex 16 67 4
      vertex 16 67 5.6
    endloop
  endfacet
  facet normal 1 0 0
    outer loop
      vertex 16 67 4
      vertex 16 65 5.6
      vertex 16 65 4
    endloop
  endfacet
  facet normal 0 0 -1
    outer loop
      vertex -32 65 4
      vertex 16 67 4
      vertex 16 65 4
    endloop
  endfacet
  facet normal -0 0 -1
    outer loop
      vertex 16 67 4
      vertex -32 65 4
      vertex -32 67 4
    endloop
  endfacet
  facet normal -0 0 1
    outer loop
      vertex -32 67 5.6
      vertex 16 65 5.6
      vertex 16 67 5.6
    endloop
  endfacet
  facet normal 0 0 1
    outer loop
      vertex 16 65 5.6
      vertex -32 67 5.6
      vertex -32 65 5.6
    endloop
  endfacet
  facet normal -1 0 0
    outer loop
      vertex -32 65 4
      vertex -32 67 5.6
      vertex -32 67 4
    endloop
  endfacet
  facet normal -1 -0 0
    outer loop
      vertex -32 67 5.6
      vertex -32 65 4
      vertex -32 65 5.6
    endloop
  endfacet
  facet normal 0 -1 0
    outer loop
      vertex -32 65 4
      vertex 16 65 5.6
      vertex -32 65 5.6
    endloop
  endfacet
  facet normal 0 -1 -0
    outer loop
      vertex 16 65 5.6
      vertex -32 65 4
      vertex 16 65 4
    endloop
  endfacet
  facet normal 0 1 -0
    outer loop
      vertex 16 67 4
      vertex -32 67 5.6
      vertex 16 67 5.6
    endloop
  endfacet
  facet normal 0 1 0
    outer loop
      vertex -32 67 5.6
      vertex 16 67 4
      vertex -32 67 4
    endloop
  endfacet
  facet normal 1 -0 0
    outer loop
      vertex 16 45 5.6
      vertex 16 47 4
      vertex 16 47 5.6
    endloop
  endfacet
  facet normal 1 0 0
    outer loop
      vertex 16 47 4
      vertex 16 45 5.6
      vertex 16 45 4
    endloop
  endfacet
  facet normal 0 0 -1
    outer loop
      vertex -32 45 4
      vertex 16 47 4
      vertex 16 45 4
    endloop
  endfacet
  facet normal -0 0 -1
    outer loop
      vertex 16 47 4
      vertex -32 45 4
      vertex -32 47 4
    endloop
  endfacet
  facet normal -0 0 1
    outer loop
      vertex -32 47 5.6
      vertex 16 45 5.6
      vertex 16 47 5.6
    endloop
  endfacet
  facet normal 0 0 1
    outer loop
      vertex 16 45 5.6
      vertex -32 47 5.6
      vertex -32 45 5.6
    endloop
  endfacet
  facet normal -1 0 0
    outer loop
      vertex -32 45 4
      vertex -32 47 5.6
      vertex -32 47 4
    endloop
  endfacet
  facet normal -1 -0 0
    outer loop
      vertex -32 47 5.6
      vertex -32 45 4
      vertex -32 45 5.6
    endloop
  endfacet
  facet normal 0 -1 0
    outer loop
      vertex -32 45 4
      vertex 16 45 5.6
      vertex -32 45 5.6
    endloop
  endfacet
  facet normal 0 -1 -0
    outer loop
      vertex 16 45 5.6
      vertex -32 45 4
      vertex 16 45 4
    endloop
  endfacet
  facet normal 0 1 -0
    outer loop
      vertex 16 47 4
      vertex -32 47 5.6
      vertex 16 47 5.6
    endloop
  endfacet
  facet normal 0 1 0
    outer loop
      vertex -32 47 5.6
      vertex 16 47 4
      vertex -32 47 4
    endloop
  endfacet
endsolid OpenSCAD_Model
